workload,polynomial,arithmetic,layout,point_mode,field,bit_width,limbs,modulus_hex,rounds,N,vars,degree,terms,warmups,repeats,timing_mode,challenge_mode,triton_backend,triton_first_ms,triton_median_ms,triton_eval_median_ms,triton_challenge_median_ms,triton_fold_median_ms,triton_total_median_ms,triton_status,cuda_backend,cuda_first_ms,cuda_median_ms,cuda_eval_median_ms,cuda_challenge_median_ms,cuda_fold_median_ms,cuda_total_median_ms,cuda_status,checksum_match,triton_checksum,cuda_checksum,cuda_speedup_vs_triton,skip_reason,log_path
poly_a,a,prime-field-montgomery,element,specialized,p32_2^32_minus_5,32,1,0xfffffffb,14,16384,1,1,1,2,10,whole-run,fixed,triton-sumcheck-prime-field-montgomery-element-layout-specialized-points,202.668,2.421,0.000,0.000000,0.000,2.421,ok,cuda-sumcheck-prime-field-montgomery-element-layout-specialized-points,0.851545,0.682406,0,0,0,0.682406,ok,true,1122300671700,1122300671700,3.547741,,CAMERA-READY/h100/sweep_fixed/cases_diag_tier/poly_a_bw32_r14.log
poly_a,a,prime-field-montgomery,element,specialized,p32_2^32_minus_5,32,1,0xfffffffb,16,65536,1,1,1,2,10,whole-run,fixed,triton-sumcheck-prime-field-montgomery-element-layout-specialized-points,49.881,3.175,0.000,0.000000,0.000,3.175,ok,cuda-sumcheck-prime-field-montgomery-element-layout-specialized-points,0.964331,0.826167,0,0,0,0.826167,ok,true,1459674850972,1459674850972,3.843049,,CAMERA-READY/h100/sweep_fixed/cases_diag_tier/poly_a_bw32_r16.log
poly_a,a,prime-field-montgomery,element,specialized,p32_2^32_minus_5,32,1,0xfffffffb,18,262144,1,1,1,2,10,whole-run,fixed,triton-sumcheck-prime-field-montgomery-element-layout-specialized-points,51.029,4.051,0.000,0.000000,0.000,4.051,ok,cuda-sumcheck-prime-field-montgomery-element-layout-specialized-points,1.1362,0.996912,0,0,0,0.996912,ok,true,1370221856952,1370221856952,4.063548,,CAMERA-READY/h100/sweep_fixed/cases_diag_tier/poly_a_bw32_r18.log
poly_a,a,prime-field-montgomery,element,specialized,p32_2^32_minus_5,32,1,0xfffffffb,20,1048576,1,1,1,2,10,whole-run,fixed,triton-sumcheck-prime-field-montgomery-element-layout-specialized-points,52.326,5.178,0.000,0.000000,0.000,5.178,ok,cuda-sumcheck-prime-field-montgomery-element-layout-specialized-points,1.35995,1.20627,0,0,0,1.20627,ok,true,1291340095539,1291340095539,4.292571,,CAMERA-READY/h100/sweep_fixed/cases_diag_tier/poly_a_bw32_r20.log
poly_a,a,prime-field-montgomery,element,specialized,p32_2^32_minus_5,32,1,0xfffffffb,22,4194304,1,1,1,2,10,whole-run,fixed,triton-sumcheck-prime-field-montgomery-element-layout-specialized-points,53.368,6.258,0.000,0.000000,0.000,6.258,ok,cuda-sumcheck-prime-field-montgomery-element-layout-specialized-points,1.59281,1.45823,0,0,0,1.45823,ok,true,1215865892904,1215865892904,4.291504,,CAMERA-READY/h100/sweep_fixed/cases_diag_tier/poly_a_bw32_r22.log
poly_a,a,prime-field-montgomery,element,specialized,p32_2^32_minus_5,32,1,0xfffffffb,24,16777216,1,1,1,2,10,whole-run,fixed,triton-sumcheck-prime-field-montgomery-element-layout-specialized-points,55.615,8.949,0.000,0.000000,0.000,8.949,ok,cuda-sumcheck-prime-field-montgomery-element-layout-specialized-points,2.02911,1.88813,0,0,0,1.88813,ok,true,1431293911385,1431293911385,4.739610,,CAMERA-READY/h100/sweep_fixed/cases_diag_tier/poly_a_bw32_r24.log
poly_a,a,prime-field-montgomery,element,specialized,p32_2^32_minus_5,32,1,0xfffffffb,26,67108864,1,1,1,2,10,whole-run,fixed,triton-sumcheck-prime-field-montgomery-element-layout-specialized-points,63.459,17.839,0.000,0.000000,0.000,17.839,ok,cuda-sumcheck-prime-field-montgomery-element-layout-specialized-points,3.27598,3.12635,0,0,0,3.12635,ok,true,1463713756466,1463713756466,5.706015,,CAMERA-READY/h100/sweep_fixed/cases_diag_tier/poly_a_bw32_r26.log
poly_a,a,prime-field-montgomery,element,specialized,p32_2^32_minus_5,32,1,0xfffffffb,28,268435456,1,1,1,2,10,whole-run,fixed,triton-sumcheck-prime-field-montgomery-element-layout-specialized-points,96.796,52.874,0.000,0.000000,0.000,52.874,ok,cuda-sumcheck-prime-field-montgomery-element-layout-specialized-points,7.39247,7.25827,0,0,0,7.25827,ok,true,1647365669339,1647365669339,7.284656,,CAMERA-READY/h100/sweep_fixed/cases_diag_tier/poly_a_bw32_r28.log
poly_a,a,prime-field-montgomery,element,specialized,p64_goldilocks,64,2,0xffffffff00000001,14,16384,1,1,1,2,10,whole-run,fixed,triton-sumcheck-prime-field-montgomery-element-layout-specialized-points,288.269,2.620,0.000,0.000000,0.000,2.620,ok,cuda-sumcheck-prime-field-montgomery-element-layout-specialized-points,0.860216,0.692926,0,0,0,0.692926,ok,true,2346173467534,2346173467534,3.781068,,CAMERA-READY/h100/sweep_fixed/cases_diag_tier/poly_a_bw64_r14.log
poly_a,a,prime-field-montgomery,element,specialized,p64_goldilocks,64,2,0xffffffff00000001,16,65536,1,1,1,2,10,whole-run,fixed,triton-sumcheck-prime-field-montgomery-element-layout-specialized-points,50.227,3.131,0.000,0.000000,0.000,3.131,ok,cuda-sumcheck-prime-field-montgomery-element-layout-specialized-points,0.99573,0.872895,0,0,0,0.872895,ok,true,2648145858735,2648145858735,3.586915,,CAMERA-READY/h100/sweep_fixed/cases_diag_tier/poly_a_bw64_r16.log
poly_a,a,prime-field-montgomery,element,specialized,p64_goldilocks,64,2,0xffffffff00000001,18,262144,1,1,1,2,10,whole-run,fixed,triton-sumcheck-prime-field-montgomery-element-layout-specialized-points,51.582,4.105,0.000,0.000000,0.000,4.105,ok,cuda-sumcheck-prime-field-montgomery-element-layout-specialized-points,1.19215,1.04633,0,0,0,1.04633,ok,true,2909305597952,2909305597952,3.923236,,CAMERA-READY/h100/sweep_fixed/cases_diag_tier/poly_a_bw64_r18.log
poly_a,a,prime-field-montgomery,element,specialized,p64_goldilocks,64,2,0xffffffff00000001,20,1048576,1,1,1,2,10,whole-run,fixed,triton-sumcheck-prime-field-montgomery-element-layout-specialized-points,53.120,5.284,0.000,0.000000,0.000,5.284,ok,cuda-sumcheck-prime-field-montgomery-element-layout-specialized-points,1.46989,1.31402,0,0,0,1.31402,ok,true,3237743068560,3237743068560,4.021248,,CAMERA-READY/h100/sweep_fixed/cases_diag_tier/poly_a_bw64_r20.log
poly_a,a,prime-field-montgomery,element,specialized,p64_goldilocks,64,2,0xffffffff00000001,22,4194304,1,1,1,2,10,whole-run,fixed,triton-sumcheck-prime-field-montgomery-element-layout-specialized-points,53.568,6.344,0.000,0.000000,0.000,6.344,ok,cuda-sumcheck-prime-field-montgomery-element-layout-specialized-points,1.69518,1.56069,0,0,0,1.56069,ok,true,3302948884729,3302948884729,4.064869,,CAMERA-READY/h100/sweep_fixed/cases_diag_tier/poly_a_bw64_r22.log
poly_a,a,prime-field-montgomery,element,specialized,p64_goldilocks,64,2,0xffffffff00000001,24,16777216,1,1,1,2,10,whole-run,fixed,triton-sumcheck-prime-field-montgomery-element-layout-specialized-points,54.533,8.085,0.000,0.000000,0.000,8.085,ok,cuda-sumcheck-prime-field-montgomery-element-layout-specialized-points,2.2876,2.17291,0,0,0,2.17291,ok,true,3715158699434,3715158699434,3.720817,,CAMERA-READY/h100/sweep_fixed/cases_diag_tier/poly_a_bw64_r24.log
poly_a,a,prime-field-montgomery,element,specialized,p64_goldilocks,64,2,0xffffffff00000001,26,67108864,1,1,1,2,10,whole-run,fixed,triton-sumcheck-prime-field-montgomery-element-layout-specialized-points,60.471,14.008,0.000,0.000000,0.000,14.008,ok,cuda-sumcheck-prime-field-montgomery-element-layout-specialized-points,4.1281,3.9757,0,0,0,3.9757,ok,true,3988341186583,3988341186583,3.523405,,CAMERA-READY/h100/sweep_fixed/cases_diag_tier/poly_a_bw64_r26.log
poly_a,a,prime-field-montgomery,element,specialized,p64_goldilocks,64,2,0xffffffff00000001,28,268435456,1,1,1,2,10,whole-run,fixed,triton-sumcheck-prime-field-montgomery-element-layout-specialized-points,80.258,36.001,0.000,0.000000,0.000,36.001,ok,cuda-sumcheck-prime-field-montgomery-element-layout-specialized-points,10.5603,10.386,0,0,0,10.386,ok,true,4562512222034,4562512222034,3.466301,,CAMERA-READY/h100/sweep_fixed/cases_diag_tier/poly_a_bw64_r28.log
poly_a,a,prime-field-montgomery,element,specialized,p128_mersenne_2^127_minus_1,128,4,0x7fffffffffffffffffffffffffffffff,14,16384,1,1,1,2,10,whole-run,fixed,triton-sumcheck-prime-field-montgomery-element-layout-specialized-points,645.077,5.285,0.000,0.000000,0.000,5.285,ok,cuda-sumcheck-prime-field-montgomery-element-layout-specialized-points,0.853123,0.698731,0,0,0,0.698731,ok,true,839761782002,839761782002,7.563712,,CAMERA-READY/h100/sweep_fixed/cases_diag_tier/poly_a_bw128_r14.log
poly_a,a,prime-field-montgomery,element,specialized,p128_mersenne_2^127_minus_1,128,4,0x7fffffffffffffffffffffffffffffff,16,65536,1,1,1,2,10,whole-run,fixed,triton-sumcheck-prime-field-montgomery-element-layout-specialized-points,51.284,3.274,0.000,0.000000,0.000,3.274,ok,cuda-sumcheck-prime-field-montgomery-element-layout-specialized-points,1.00795,0.86736,0,0,0,0.86736,ok,true,885368475082,885368475082,3.774673,,CAMERA-READY/h100/sweep_fixed/cases_diag_tier/poly_a_bw128_r16.log
poly_a,a,prime-field-montgomery,element,specialized,p128_mersenne_2^127_minus_1,128,4,0x7fffffffffffffffffffffffffffffff,18,262144,1,1,1,2,10,whole-run,fixed,triton-sumcheck-prime-field-montgomery-element-layout-specialized-points,51.927,4.147,0.000,0.000000,0.000,4.147,ok,cuda-sumcheck-prime-field-montgomery-element-layout-specialized-points,1.18605,1.05174,0,0,0,1.05174,ok,true,1016968465812,1016968465812,3.942990,,CAMERA-READY/h100/sweep_fixed/cases_diag_tier/poly_a_bw128_r18.log
poly_a,a,prime-field-montgomery,element,specialized,p128_mersenne_2^127_minus_1,128,4,0x7fffffffffffffffffffffffffffffff,20,1048576,1,1,1,2,10,whole-run,fixed,triton-sumcheck-prime-field-montgomery-element-layout-specialized-points,52.528,5.193,0.000,0.000000,0.000,5.193,ok,cuda-sumcheck-prime-field-montgomery-element-layout-specialized-points,1.39334,1.25685,0,0,0,1.25685,ok,true,1005789050084,1005789050084,4.131758,,CAMERA-READY/h100/sweep_fixed/cases_diag_tier/poly_a_bw128_r20.log
poly_a,a,prime-field-montgomery,element,specialized,p128_mersenne_2^127_minus_1,128,4,0x7fffffffffffffffffffffffffffffff,22,4194304,1,1,1,2,10,whole-run,fixed,triton-sumcheck-prime-field-montgomery-element-layout-specialized-points,54.301,6.433,0.000,0.000000,0.000,6.433,ok,cuda-sumcheck-prime-field-montgomery-element-layout-specialized-points,1.7685,1.64136,0,0,0,1.64136,ok,true,1000065450982,1000065450982,3.919311,,CAMERA-READY/h100/sweep_fixed/cases_diag_tier/poly_a_bw128_r22.log
poly_a,a,prime-field-montgomery,element,specialized,p128_mersenne_2^127_minus_1,128,4,0x7fffffffffffffffffffffffffffffff,24,16777216,1,1,1,2,10,whole-run,fixed,triton-sumcheck-prime-field-montgomery-element-layout-specialized-points,55.728,8.533,0.000,0.000000,0.000,8.533,ok,cuda-sumcheck-prime-field-montgomery-element-layout-specialized-points,2.67433,2.57727,0,0,0,2.57727,ok,true,1265523314536,1265523314536,3.310868,,CAMERA-READY/h100/sweep_fixed/cases_diag_tier/poly_a_bw128_r24.log
poly_a,a,prime-field-montgomery,element,specialized,p128_mersenne_2^127_minus_1,128,4,0x7fffffffffffffffffffffffffffffff,26,67108864,1,1,1,2,10,whole-run,fixed,triton-sumcheck-prime-field-montgomery-element-layout-specialized-points,62.173,16.132,0.000,0.000000,0.000,16.132,ok,cuda-sumcheck-prime-field-montgomery-element-layout-specialized-points,5.90674,5.76998,0,0,0,5.76998,ok,true,1969532534190,1969532534190,2.795850,,CAMERA-READY/h100/sweep_fixed/cases_diag_tier/poly_a_bw128_r26.log
poly_a,a,prime-field-montgomery,element,specialized,p128_mersenne_2^127_minus_1,128,4,0x7fffffffffffffffffffffffffffffff,28,268435456,1,1,1,2,10,whole-run,fixed,triton-sumcheck-prime-field-montgomery-element-layout-specialized-points,89.990,45.273,0.000,0.000000,0.000,45.273,ok,cuda-sumcheck-prime-field-montgomery-element-layout-specialized-points,18.1314,17.9713,0,0,0,17.9713,ok,true,2401763227786,2401763227786,2.519183,,CAMERA-READY/h100/sweep_fixed/cases_diag_tier/poly_a_bw128_r28.log
poly_a,a,prime-field-montgomery,element,specialized,p255_bls12_381_scalar,256,8,0x73eda753299d7d483339d80809a1d80553bda402fffe5bfeffffffff00000001,14,16384,1,1,1,2,10,whole-run,fixed,triton-sumcheck-prime-field-montgomery-element-layout-specialized-points,3839.938,5.451,0.000,0.000000,0.000,5.451,ok,cuda-sumcheck-prime-field-montgomery-element-layout-specialized-points,0.916824,0.740215,0,0,0,0.740215,ok,true,22692602501023,22692602501023,7.364077,,CAMERA-READY/h100/sweep_fixed/cases_diag_tier/poly_a_bw256_r14.log
poly_a,a,prime-field-montgomery,element,specialized,p255_bls12_381_scalar,256,8,0x73eda753299d7d483339d80809a1d80553bda402fffe5bfeffffffff00000001,16,65536,1,1,1,2,10,whole-run,fixed,triton-sumcheck-prime-field-montgomery-element-layout-specialized-points,52.860,3.244,0.000,0.000000,0.000,3.244,ok,cuda-sumcheck-prime-field-montgomery-element-layout-specialized-points,1.08926,0.920537,0,0,0,0.920537,ok,true,27535390766910,27535390766910,3.524030,,CAMERA-READY/h100/sweep_fixed/cases_diag_tier/poly_a_bw256_r16.log
poly_a,a,prime-field-montgomery,element,specialized,p255_bls12_381_scalar,256,8,0x73eda753299d7d483339d80809a1d80553bda402fffe5bfeffffffff00000001,18,262144,1,1,1,2,10,whole-run,fixed,triton-sumcheck-prime-field-montgomery-element-layout-specialized-points,54.150,4.150,0.000,0.000000,0.000,4.150,ok,cuda-sumcheck-prime-field-montgomery-element-layout-specialized-points,1.2806,1.14225,0,0,0,1.14225,ok,true,29817373276067,29817373276067,3.633180,,CAMERA-READY/h100/sweep_fixed/cases_diag_tier/poly_a_bw256_r18.log
poly_a,a,prime-field-montgomery,element,specialized,p255_bls12_381_scalar,256,8,0x73eda753299d7d483339d80809a1d80553bda402fffe5bfeffffffff00000001,20,1048576,1,1,1,2,10,whole-run,fixed,triton-sumcheck-prime-field-montgomery-element-layout-specialized-points,54.696,5.373,0.000,0.000000,0.000,5.373,ok,cuda-sumcheck-prime-field-montgomery-element-layout-specialized-points,1.56501,1.42318,0,0,0,1.42318,ok,true,36455556655180,36455556655180,3.775348,,CAMERA-READY/h100/sweep_fixed/cases_diag_tier/poly_a_bw256_r20.log
poly_a,a,prime-field-montgomery,element,specialized,p255_bls12_381_scalar,256,8,0x73eda753299d7d483339d80809a1d80553bda402fffe5bfeffffffff00000001,22,4194304,1,1,1,2,10,whole-run,fixed,triton-sumcheck-prime-field-montgomery-element-layout-specialized-points,55.744,6.446,0.000,0.000000,0.000,6.446,ok,cuda-sumcheck-prime-field-montgomery-element-layout-specialized-points,2.26535,2.18917,0,0,0,2.18917,ok,true,40080055729597,40080055729597,2.944495,,CAMERA-READY/h100/sweep_fixed/cases_diag_tier/poly_a_bw256_r22.log
poly_a,a,prime-field-montgomery,element,specialized,p255_bls12_381_scalar,256,8,0x73eda753299d7d483339d80809a1d80553bda402fffe5bfeffffffff00000001,24,16777216,1,1,1,2,10,whole-run,fixed,triton-sumcheck-prime-field-montgomery-element-layout-specialized-points,58.206,9.917,0.000,0.000000,0.000,9.917,ok,cuda-sumcheck-prime-field-montgomery-element-layout-specialized-points,4.18352,4.08194,0,0,0,4.08194,ok,true,41235499992063,41235499992063,2.429482,,CAMERA-READY/h100/sweep_fixed/cases_diag_tier/poly_a_bw256_r24.log
poly_a,a,prime-field-montgomery,element,specialized,p255_bls12_381_scalar,256,8,0x73eda753299d7d483339d80809a1d80553bda402fffe5bfeffffffff00000001,26,67108864,1,1,1,2,10,whole-run,fixed,triton-sumcheck-prime-field-montgomery-element-layout-specialized-points,68.504,22.271,0.000,0.000000,0.000,22.271,ok,cuda-sumcheck-prime-field-montgomery-element-layout-specialized-points,10.9656,10.8391,0,0,0,10.8391,ok,true,45498404106090,45498404106090,2.054691,,CAMERA-READY/h100/sweep_fixed/cases_diag_tier/poly_a_bw256_r26.log
poly_a,a,prime-field-montgomery,element,specialized,p255_bls12_381_scalar,256,8,0x73eda753299d7d483339d80809a1d80553bda402fffe5bfeffffffff00000001,28,268435456,1,1,1,2,10,whole-run,fixed,triton-sumcheck-prime-field-montgomery-element-layout-specialized-points,116.498,71.292,0.000,0.000000,0.000,71.292,ok,cuda-sumcheck-prime-field-montgomery-element-layout-specialized-points,36.9682,38.0117,0,0,0,38.0117,ok,true,50307160635173,50307160635173,1.875528,,CAMERA-READY/h100/sweep_fixed/cases_diag_tier/poly_a_bw256_r28.log
poly_ab,a*b,prime-field-montgomery,element,specialized,p32_2^32_minus_5,32,1,0xfffffffb,14,16384,2,2,1,2,10,whole-run,fixed,triton-sumcheck-prime-field-montgomery-element-layout-specialized-points,52.433,3.389,0.000,0.000000,0.000,3.389,ok,cuda-sumcheck-prime-field-montgomery-element-layout-specialized-points,1.08385,0.896958,0,0,0,0.896958,ok,true,1111993635675,1111993635675,3.778326,,CAMERA-READY/h100/sweep_fixed/cases_diag_tier/poly_ab_bw32_r14.log
poly_ab,a*b,prime-field-montgomery,element,specialized,p32_2^32_minus_5,32,1,0xfffffffb,16,65536,2,2,1,2,10,whole-run,fixed,triton-sumcheck-prime-field-montgomery-element-layout-specialized-points,53.546,4.569,0.000,0.000000,0.000,4.569,ok,cuda-sumcheck-prime-field-montgomery-element-layout-specialized-points,1.35447,1.10777,0,0,0,1.10777,ok,true,1361729925127,1361729925127,4.124502,,CAMERA-READY/h100/sweep_fixed/cases_diag_tier/poly_ab_bw32_r16.log
poly_ab,a*b,prime-field-montgomery,element,specialized,p32_2^32_minus_5,32,1,0xfffffffb,18,262144,2,2,1,2,10,whole-run,fixed,triton-sumcheck-prime-field-montgomery-element-layout-specialized-points,56.870,6.017,0.000,0.000000,0.000,6.017,ok,cuda-sumcheck-prime-field-montgomery-element-layout-specialized-points,1.60184,1.40885,0,0,0,1.40885,ok,true,1490532018144,1490532018144,4.270859,,CAMERA-READY/h100/sweep_fixed/cases_diag_tier/poly_ab_bw32_r18.log
poly_ab,a*b,prime-field-montgomery,element,specialized,p32_2^32_minus_5,32,1,0xfffffffb,20,1048576,2,2,1,2,10,whole-run,fixed,triton-sumcheck-prime-field-montgomery-element-layout-specialized-points,56.632,7.493,0.000,0.000000,0.000,7.493,ok,cuda-sumcheck-prime-field-montgomery-element-layout-specialized-points,1.94912,1.70106,0,0,0,1.70106,ok,true,1740042488314,1740042488314,4.404900,,CAMERA-READY/h100/sweep_fixed/cases_diag_tier/poly_ab_bw32_r20.log
poly_ab,a*b,prime-field-montgomery,element,specialized,p32_2^32_minus_5,32,1,0xfffffffb,22,4194304,2,2,1,2,10,whole-run,fixed,triton-sumcheck-prime-field-montgomery-element-layout-specialized-points,58.218,9.284,0.000,0.000000,0.000,9.284,ok,cuda-sumcheck-prime-field-montgomery-element-layout-specialized-points,2.32073,2.07916,0,0,0,2.07916,ok,true,1669120794822,1669120794822,4.465265,,CAMERA-READY/h100/sweep_fixed/cases_diag_tier/poly_ab_bw32_r22.log
poly_ab,a*b,prime-field-montgomery,element,specialized,p32_2^32_minus_5,32,1,0xfffffffb,24,16777216,2,2,1,2,10,whole-run,fixed,triton-sumcheck-prime-field-montgomery-element-layout-specialized-points,60.996,12.567,0.000,0.000000,0.000,12.567,ok,cuda-sumcheck-prime-field-montgomery-element-layout-specialized-points,3.0954,2.90913,0,0,0,2.90913,ok,true,1869762121240,1869762121240,4.319848,,CAMERA-READY/h100/sweep_fixed/cases_diag_tier/poly_ab_bw32_r24.log
poly_ab,a*b,prime-field-montgomery,element,specialized,p32_2^32_minus_5,32,1,0xfffffffb,26,67108864,2,2,1,2,10,whole-run,fixed,triton-sumcheck-prime-field-montgomery-element-layout-specialized-points,70.133,23.142,0.000,0.000000,0.000,23.142,ok,cuda-sumcheck-prime-field-montgomery-element-layout-specialized-points,5.47167,5.26391,0,0,0,5.26391,ok,true,2405274213901,2405274213901,4.396352,,CAMERA-READY/h100/sweep_fixed/cases_diag_tier/poly_ab_bw32_r26.log
poly_ab,a*b,prime-field-montgomery,element,specialized,p32_2^32_minus_5,32,1,0xfffffffb,28,268435456,2,2,1,2,10,whole-run,fixed,triton-sumcheck-prime-field-montgomery-element-layout-specialized-points,111.112,65.085,0.000,0.000000,0.000,65.085,ok,cuda-sumcheck-prime-field-montgomery-element-layout-specialized-points,13.5647,13.3617,0,0,0,13.3617,ok,true,2217284708262,2217284708262,4.871012,,CAMERA-READY/h100/sweep_fixed/cases_diag_tier/poly_ab_bw32_r28.log
poly_ab,a*b,prime-field-montgomery,element,specialized,p64_goldilocks,64,2,0xffffffff00000001,14,16384,2,2,1,2,10,whole-run,fixed,triton-sumcheck-prime-field-montgomery-element-layout-specialized-points,52.524,3.400,0.000,0.000000,0.000,3.400,ok,cuda-sumcheck-prime-field-montgomery-element-layout-specialized-points,1.18625,1.00708,0,0,0,1.00708,ok,true,3154924965829,3154924965829,3.376097,,CAMERA-READY/h100/sweep_fixed/cases_diag_tier/poly_ab_bw64_r14.log
poly_ab,a*b,prime-field-montgomery,element,specialized,p64_goldilocks,64,2,0xffffffff00000001,16,65536,2,2,1,2,10,whole-run,fixed,triton-sumcheck-prime-field-montgomery-element-layout-specialized-points,53.848,4.516,0.000,0.000000,0.000,4.516,ok,cuda-sumcheck-prime-field-montgomery-element-layout-specialized-points,1.44921,1.2379,0,0,0,1.2379,ok,true,3821433327062,3821433327062,3.648114,,CAMERA-READY/h100/sweep_fixed/cases_diag_tier/poly_ab_bw64_r16.log
poly_ab,a*b,prime-field-montgomery,element,specialized,p64_goldilocks,64,2,0xffffffff00000001,18,262144,2,2,1,2,10,whole-run,fixed,triton-sumcheck-prime-field-montgomery-element-layout-specialized-points,55.922,5.849,0.000,0.000000,0.000,5.849,ok,cuda-sumcheck-prime-field-montgomery-element-layout-specialized-points,1.72324,1.53338,0,0,0,1.53338,ok,true,4804161355214,4804161355214,3.814449,,CAMERA-READY/h100/sweep_fixed/cases_diag_tier/poly_ab_bw64_r18.log
poly_ab,a*b,prime-field-montgomery,element,specialized,p64_goldilocks,64,2,0xffffffff00000001,20,1048576,2,2,1,2,10,whole-run,fixed,triton-sumcheck-prime-field-montgomery-element-layout-specialized-points,57.719,7.471,0.000,0.000000,0.000,7.471,ok,cuda-sumcheck-prime-field-montgomery-element-layout-specialized-points,2.0164,1.83572,0,0,0,1.83572,ok,true,5233438702336,5233438702336,4.069793,,CAMERA-READY/h100/sweep_fixed/cases_diag_tier/poly_ab_bw64_r20.log
poly_ab,a*b,prime-field-montgomery,element,specialized,p64_goldilocks,64,2,0xffffffff00000001,22,4194304,2,2,1,2,10,whole-run,fixed,triton-sumcheck-prime-field-montgomery-element-layout-specialized-points,58.689,9.198,0.000,0.000000,0.000,9.198,ok,cuda-sumcheck-prime-field-montgomery-element-layout-specialized-points,2.68163,2.42994,0,0,0,2.42994,ok,true,6504307318457,6504307318457,3.785279,,CAMERA-READY/h100/sweep_fixed/cases_diag_tier/poly_ab_bw64_r22.log
poly_ab,a*b,prime-field-montgomery,element,specialized,p64_goldilocks,64,2,0xffffffff00000001,24,16777216,2,2,1,2,10,whole-run,fixed,triton-sumcheck-prime-field-montgomery-element-layout-specialized-points,60.937,11.963,0.000,0.000000,0.000,11.963,ok,cuda-sumcheck-prime-field-montgomery-element-layout-specialized-points,3.85774,3.68979,0,0,0,3.68979,ok,true,6504999094607,6504999094607,3.242190,,CAMERA-READY/h100/sweep_fixed/cases_diag_tier/poly_ab_bw64_r24.log
poly_ab,a*b,prime-field-montgomery,element,specialized,p64_goldilocks,64,2,0xffffffff00000001,26,67108864,2,2,1,2,10,whole-run,fixed,triton-sumcheck-prime-field-montgomery-element-layout-specialized-points,69.304,22.174,0.000,0.000000,0.000,22.174,ok,cuda-sumcheck-prime-field-montgomery-element-layout-specialized-points,8.01417,7.8304,0,0,0,7.8304,ok,true,6597163029223,6597163029223,2.831784,,CAMERA-READY/h100/sweep_fixed/cases_diag_tier/poly_ab_bw64_r26.log
poly_ab,a*b,prime-field-montgomery,element,specialized,p64_goldilocks,64,2,0xffffffff00000001,28,268435456,2,2,1,2,10,whole-run,fixed,triton-sumcheck-prime-field-montgomery-element-layout-specialized-points,108.708,60.570,0.000,0.000000,0.000,60.570,ok,cuda-sumcheck-prime-field-montgomery-element-layout-specialized-points,23.5244,23.3916,0,0,0,23.3916,ok,true,7254201067425,7254201067425,2.589391,,CAMERA-READY/h100/sweep_fixed/cases_diag_tier/poly_ab_bw64_r28.log
poly_ab,a*b,prime-field-montgomery,element,specialized,p128_mersenne_2^127_minus_1,128,4,0x7fffffffffffffffffffffffffffffff,14,16384,2,2,1,2,10,whole-run,fixed,triton-sumcheck-prime-field-montgomery-element-layout-specialized-points,53.869,3.447,0.000,0.000000,0.000,3.447,ok,cuda-sumcheck-prime-field-montgomery-element-layout-specialized-points,1.18585,1.01138,0,0,0,1.01138,ok,true,3433157688766,3433157688766,3.408215,,CAMERA-READY/h100/sweep_fixed/cases_diag_tier/poly_ab_bw128_r14.log
poly_ab,a*b,prime-field-montgomery,element,specialized,p128_mersenne_2^127_minus_1,128,4,0x7fffffffffffffffffffffffffffffff,16,65536,2,2,1,2,10,whole-run,fixed,triton-sumcheck-prime-field-montgomery-element-layout-specialized-points,57.066,4.558,0.000,0.000000,0.000,4.558,ok,cuda-sumcheck-prime-field-montgomery-element-layout-specialized-points,1.4817,1.25789,0,0,0,1.25789,ok,true,4049074650790,4049074650790,3.623528,,CAMERA-READY/h100/sweep_fixed/cases_diag_tier/poly_ab_bw128_r16.log
poly_ab,a*b,prime-field-montgomery,element,specialized,p128_mersenne_2^127_minus_1,128,4,0x7fffffffffffffffffffffffffffffff,18,262144,2,2,1,2,10,whole-run,fixed,triton-sumcheck-prime-field-montgomery-element-layout-specialized-points,56.954,5.821,0.000,0.000000,0.000,5.821,ok,cuda-sumcheck-prime-field-montgomery-element-layout-specialized-points,1.80532,1.5839,0,0,0,1.5839,ok,true,4173046407829,4173046407829,3.675106,,CAMERA-READY/h100/sweep_fixed/cases_diag_tier/poly_ab_bw128_r18.log
poly_ab,a*b,prime-field-montgomery,element,specialized,p128_mersenne_2^127_minus_1,128,4,0x7fffffffffffffffffffffffffffffff,20,1048576,2,2,1,2,10,whole-run,fixed,triton-sumcheck-prime-field-montgomery-element-layout-specialized-points,59.043,7.683,0.000,0.000000,0.000,7.683,ok,cuda-sumcheck-prime-field-montgomery-element-layout-specialized-points,2.10297,1.88512,0,0,0,1.88512,ok,true,5005602144972,5005602144972,4.075603,,CAMERA-READY/h100/sweep_fixed/cases_diag_tier/poly_ab_bw128_r20.log
poly_ab,a*b,prime-field-montgomery,element,specialized,p128_mersenne_2^127_minus_1,128,4,0x7fffffffffffffffffffffffffffffff,22,4194304,2,2,1,2,10,whole-run,fixed,triton-sumcheck-prime-field-montgomery-element-layout-specialized-points,60.161,9.305,0.000,0.000000,0.000,9.305,ok,cuda-sumcheck-prime-field-montgomery-element-layout-specialized-points,2.86098,2.65564,0,0,0,2.65564,ok,true,6980247682538,6980247682538,3.503863,,CAMERA-READY/h100/sweep_fixed/cases_diag_tier/poly_ab_bw128_r22.log
poly_ab,a*b,prime-field-montgomery,element,specialized,p128_mersenne_2^127_minus_1,128,4,0x7fffffffffffffffffffffffffffffff,24,16777216,2,2,1,2,10,whole-run,fixed,triton-sumcheck-prime-field-montgomery-element-layout-specialized-points,62.927,13.053,0.000,0.000000,0.000,13.053,ok,cuda-sumcheck-prime-field-montgomery-element-layout-specialized-points,5.03946,4.88386,0,0,0,4.88386,ok,true,9679948174702,9679948174702,2.672681,,CAMERA-READY/h100/sweep_fixed/cases_diag_tier/poly_ab_bw128_r24.log
poly_ab,a*b,prime-field-montgomery,element,specialized,p128_mersenne_2^127_minus_1,128,4,0x7fffffffffffffffffffffffffffffff,26,67108864,2,2,1,2,10,whole-run,fixed,triton-sumcheck-prime-field-montgomery-element-layout-specialized-points,76.216,27.846,0.000,0.000000,0.000,27.846,ok,cuda-sumcheck-prime-field-montgomery-element-layout-specialized-points,12.9465,12.7503,0,0,0,12.7503,ok,true,11286961838802,11286961838802,2.183949,,CAMERA-READY/h100/sweep_fixed/cases_diag_tier/poly_ab_bw128_r26.log
poly_ab,a*b,prime-field-montgomery,element,specialized,p128_mersenne_2^127_minus_1,128,4,0x7fffffffffffffffffffffffffffffff,28,268435456,2,2,1,2,10,whole-run,fixed,triton-sumcheck-prime-field-montgomery-element-layout-specialized-points,135.994,84.338,0.000,0.000000,0.000,84.338,ok,cuda-sumcheck-prime-field-montgomery-element-layout-specialized-points,43.3826,43.2297,0,0,0,43.2297,ok,true,15071102667647,15071102667647,1.950927,,CAMERA-READY/h100/sweep_fixed/cases_diag_tier/poly_ab_bw128_r28.log
poly_ab,a*b,prime-field-montgomery,element,specialized,p255_bls12_381_scalar,256,8,0x73eda753299d7d483339d80809a1d80553bda402fffe5bfeffffffff00000001,14,16384,2,2,1,2,10,whole-run,fixed,triton-sumcheck-prime-field-montgomery-element-layout-specialized-points,61.880,3.794,0.000,0.000000,0.000,3.794,ok,cuda-sumcheck-prime-field-montgomery-element-layout-specialized-points,1.36819,1.12787,0,0,0,1.12787,ok,true,35920410883539,35920410883539,3.363863,,CAMERA-READY/h100/sweep_fixed/cases_diag_tier/poly_ab_bw256_r14.log
poly_ab,a*b,prime-field-montgomery,element,specialized,p255_bls12_381_scalar,256,8,0x73eda753299d7d483339d80809a1d80553bda402fffe5bfeffffffff00000001,16,65536,2,2,1,2,10,whole-run,fixed,triton-sumcheck-prime-field-montgomery-element-layout-specialized-points,61.101,4.962,0.000,0.000000,0.000,4.962,ok,cuda-sumcheck-prime-field-montgomery-element-layout-specialized-points,1.66057,1.39204,0,0,0,1.39204,ok,true,44029419221463,44029419221463,3.564553,,CAMERA-READY/h100/sweep_fixed/cases_diag_tier/poly_ab_bw256_r16.log
poly_ab,a*b,prime-field-montgomery,element,specialized,p255_bls12_381_scalar,256,8,0x73eda753299d7d483339d80809a1d80553bda402fffe5bfeffffffff00000001,18,262144,2,2,1,2,10,whole-run,fixed,triton-sumcheck-prime-field-montgomery-element-layout-specialized-points,62.969,6.311,0.000,0.000000,0.000,6.311,ok,cuda-sumcheck-prime-field-montgomery-element-layout-specialized-points,1.96009,1.71599,0,0,0,1.71599,ok,true,46920386098300,46920386098300,3.677760,,CAMERA-READY/h100/sweep_fixed/cases_diag_tier/poly_ab_bw256_r18.log
poly_ab,a*b,prime-field-montgomery,element,specialized,p255_bls12_381_scalar,256,8,0x73eda753299d7d483339d80809a1d80553bda402fffe5bfeffffffff00000001,20,1048576,2,2,1,2,10,whole-run,fixed,triton-sumcheck-prime-field-montgomery-element-layout-specialized-points,65.087,7.689,0.000,0.000000,0.000,7.689,ok,cuda-sumcheck-prime-field-montgomery-element-layout-specialized-points,2.62185,2.42523,0,0,0,2.42523,ok,true,52403202760155,52403202760155,3.170421,,CAMERA-READY/h100/sweep_fixed/cases_diag_tier/poly_ab_bw256_r20.log
poly_ab,a*b,prime-field-montgomery,element,specialized,p255_bls12_381_scalar,256,8,0x73eda753299d7d483339d80809a1d80553bda402fffe5bfeffffffff00000001,22,4194304,2,2,1,2,10,whole-run,fixed,triton-sumcheck-prime-field-montgomery-element-layout-specialized-points,66.292,9.877,0.000,0.000000,0.000,9.877,ok,cuda-sumcheck-prime-field-montgomery-element-layout-specialized-points,4.13619,3.90875,0,0,0,3.90875,ok,true,60498654243950,60498654243950,2.526895,,CAMERA-READY/h100/sweep_fixed/cases_diag_tier/poly_ab_bw256_r22.log
poly_ab,a*b,prime-field-montgomery,element,specialized,p255_bls12_381_scalar,256,8,0x73eda753299d7d483339d80809a1d80553bda402fffe5bfeffffffff00000001,24,16777216,2,2,1,2,10,whole-run,fixed,triton-sumcheck-prime-field-montgomery-element-layout-specialized-points,73.080,16.904,0.000,0.000000,0.000,16.904,ok,cuda-sumcheck-prime-field-montgomery-element-layout-specialized-points,9.03043,8.82727,0,0,0,8.82727,ok,true,62247910145291,62247910145291,1.914975,,CAMERA-READY/h100/sweep_fixed/cases_diag_tier/poly_ab_bw256_r24.log
poly_ab,a*b,prime-field-montgomery,element,specialized,p255_bls12_381_scalar,256,8,0x73eda753299d7d483339d80809a1d80553bda402fffe5bfeffffffff00000001,26,67108864,2,2,1,2,10,whole-run,fixed,triton-sumcheck-prime-field-montgomery-element-layout-specialized-points,93.569,43.758,0.000,0.000000,0.000,43.758,ok,cuda-sumcheck-prime-field-montgomery-element-layout-specialized-points,27.2506,27.8325,0,0,0,27.8325,ok,true,68715809920550,68715809920550,1.572191,,CAMERA-READY/h100/sweep_fixed/cases_diag_tier/poly_ab_bw256_r26.log
poly_ab,a*b,prime-field-montgomery,element,specialized,p255_bls12_381_scalar,256,8,0x73eda753299d7d483339d80809a1d80553bda402fffe5bfeffffffff00000001,28,268435456,2,2,1,2,10,whole-run,fixed,triton-sumcheck-prime-field-montgomery-element-layout-specialized-points,198.320,157.896,0.000,0.000000,0.000,157.896,ok,cuda-sumcheck-prime-field-montgomery-element-layout-specialized-points,102.396,109.415,0,0,0,109.415,ok,true,74979165578551,74979165578551,1.443093,,CAMERA-READY/h100/sweep_fixed/cases_diag_tier/poly_ab_bw256_r28.log
poly_ab_plus_c,a*b + c,prime-field-montgomery,element,specialized,p32_2^32_minus_5,32,1,0xfffffffb,14,16384,3,2,2,2,10,whole-run,fixed,triton-sumcheck-prime-field-montgomery-element-layout-specialized-points,52.742,3.398,0.000,0.000000,0.000,3.398,ok,cuda-sumcheck-prime-field-montgomery-element-layout-specialized-points,1.11621,0.936179,0,0,0,0.936179,ok,true,1057897657076,1057897657076,3.629648,,CAMERA-READY/h100/sweep_fixed/cases_diag_tier/poly_ab_plus_c_bw32_r14.log
poly_ab_plus_c,a*b + c,prime-field-montgomery,element,specialized,p32_2^32_minus_5,32,1,0xfffffffb,16,65536,3,2,2,2,10,whole-run,fixed,triton-sumcheck-prime-field-montgomery-element-layout-specialized-points,53.660,4.589,0.000,0.000000,0.000,4.589,ok,cuda-sumcheck-prime-field-montgomery-element-layout-specialized-points,1.34907,1.14799,0,0,0,1.14799,ok,true,1346180656418,1346180656418,3.997422,,CAMERA-READY/h100/sweep_fixed/cases_diag_tier/poly_ab_plus_c_bw32_r16.log
poly_ab_plus_c,a*b + c,prime-field-montgomery,element,specialized,p32_2^32_minus_5,32,1,0xfffffffb,18,262144,3,2,2,2,10,whole-run,fixed,triton-sumcheck-prime-field-montgomery-element-layout-specialized-points,55.098,6.079,0.000,0.000000,0.000,6.079,ok,cuda-sumcheck-prime-field-montgomery-element-layout-specialized-points,1.63774,1.38266,0,0,0,1.38266,ok,true,1478324547453,1478324547453,4.396598,,CAMERA-READY/h100/sweep_fixed/cases_diag_tier/poly_ab_plus_c_bw32_r18.log
poly_ab_plus_c,a*b + c,prime-field-montgomery,element,specialized,p32_2^32_minus_5,32,1,0xfffffffb,20,1048576,3,2,2,2,10,whole-run,fixed,triton-sumcheck-prime-field-montgomery-element-layout-specialized-points,56.647,7.437,0.000,0.000000,0.000,7.437,ok,cuda-sumcheck-prime-field-montgomery-element-layout-specialized-points,1.98067,1.72715,0,0,0,1.72715,ok,true,1675142977768,1675142977768,4.305938,,CAMERA-READY/h100/sweep_fixed/cases_diag_tier/poly_ab_plus_c_bw32_r20.log
poly_ab_plus_c,a*b + c,prime-field-montgomery,element,specialized,p32_2^32_minus_5,32,1,0xfffffffb,22,4194304,3,2,2,2,10,whole-run,fixed,triton-sumcheck-prime-field-montgomery-element-layout-specialized-points,58.784,9.359,0.000,0.000000,0.000,9.359,ok,cuda-sumcheck-prime-field-montgomery-element-layout-specialized-points,2.40633,2.16458,0,0,0,2.16458,ok,true,1909510728034,1909510728034,4.323703,,CAMERA-READY/h100/sweep_fixed/cases_diag_tier/poly_ab_plus_c_bw32_r22.log
poly_ab_plus_c,a*b + c,prime-field-montgomery,element,specialized,p32_2^32_minus_5,32,1,0xfffffffb,24,16777216,3,2,2,2,10,whole-run,fixed,triton-sumcheck-prime-field-montgomery-element-layout-specialized-points,61.043,12.220,0.000,0.000000,0.000,12.220,ok,cuda-sumcheck-prime-field-montgomery-element-layout-specialized-points,3.53789,3.28953,0,0,0,3.28953,ok,true,1967398975867,1967398975867,3.714816,,CAMERA-READY/h100/sweep_fixed/cases_diag_tier/poly_ab_plus_c_bw32_r24.log
poly_ab_plus_c,a*b + c,prime-field-montgomery,element,specialized,p32_2^32_minus_5,32,1,0xfffffffb,26,67108864,3,2,2,2,10,whole-run,fixed,triton-sumcheck-prime-field-montgomery-element-layout-specialized-points,70.461,23.806,0.000,0.000000,0.000,23.806,ok,cuda-sumcheck-prime-field-montgomery-element-layout-specialized-points,6.63004,6.43215,0,0,0,6.43215,ok,true,2374012495010,2374012495010,3.701095,,CAMERA-READY/h100/sweep_fixed/cases_diag_tier/poly_ab_plus_c_bw32_r26.log
poly_ab_plus_c,a*b + c,prime-field-montgomery,element,specialized,p32_2^32_minus_5,32,1,0xfffffffb,28,268435456,3,2,2,2,10,whole-run,fixed,triton-sumcheck-prime-field-montgomery-element-layout-specialized-points,114.058,67.786,0.000,0.000000,0.000,67.786,ok,cuda-sumcheck-prime-field-montgomery-element-layout-specialized-points,18.5171,18.308,0,0,0,18.308,ok,true,2605048190862,2605048190862,3.702534,,CAMERA-READY/h100/sweep_fixed/cases_diag_tier/poly_ab_plus_c_bw32_r28.log
poly_ab_plus_c,a*b + c,prime-field-montgomery,element,specialized,p64_goldilocks,64,2,0xffffffff00000001,14,16384,3,2,2,2,10,whole-run,fixed,triton-sumcheck-prime-field-montgomery-element-layout-specialized-points,343.300,6.024,0.000,0.000000,0.000,6.024,ok,cuda-sumcheck-prime-field-montgomery-element-layout-specialized-points,1.18421,1.01308,0,0,0,1.01308,ok,true,3233440323334,3233440323334,5.946223,,CAMERA-READY/h100/sweep_fixed/cases_diag_tier/poly_ab_plus_c_bw64_r14.log
poly_ab_plus_c,a*b + c,prime-field-montgomery,element,specialized,p64_goldilocks,64,2,0xffffffff00000001,16,65536,3,2,2,2,10,whole-run,fixed,triton-sumcheck-prime-field-montgomery-element-layout-specialized-points,54.381,4.560,0.000,0.000000,0.000,4.560,ok,cuda-sumcheck-prime-field-montgomery-element-layout-specialized-points,1.43407,1.2421,0,0,0,1.2421,ok,true,4075150261338,4075150261338,3.671202,,CAMERA-READY/h100/sweep_fixed/cases_diag_tier/poly_ab_plus_c_bw64_r16.log
poly_ab_plus_c,a*b + c,prime-field-montgomery,element,specialized,p64_goldilocks,64,2,0xffffffff00000001,18,262144,3,2,2,2,10,whole-run,fixed,triton-sumcheck-prime-field-montgomery-element-layout-specialized-points,55.658,6.014,0.000,0.000000,0.000,6.014,ok,cuda-sumcheck-prime-field-montgomery-element-layout-specialized-points,1.73247,1.52298,0,0,0,1.52298,ok,true,4377181026660,4377181026660,3.948837,,CAMERA-READY/h100/sweep_fixed/cases_diag_tier/poly_ab_plus_c_bw64_r18.log
poly_ab_plus_c,a*b + c,prime-field-montgomery,element,specialized,p64_goldilocks,64,2,0xffffffff00000001,20,1048576,3,2,2,2,10,whole-run,fixed,triton-sumcheck-prime-field-montgomery-element-layout-specialized-points,57.375,7.474,0.000,0.000000,0.000,7.474,ok,cuda-sumcheck-prime-field-montgomery-element-layout-specialized-points,2.17408,1.91469,0,0,0,1.91469,ok,true,4625475405746,4625475405746,3.903504,,CAMERA-READY/h100/sweep_fixed/cases_diag_tier/poly_ab_plus_c_bw64_r20.log
poly_ab_plus_c,a*b + c,prime-field-montgomery,element,specialized,p64_goldilocks,64,2,0xffffffff00000001,22,4194304,3,2,2,2,10,whole-run,fixed,triton-sumcheck-prime-field-montgomery-element-layout-specialized-points,59.629,9.512,0.000,0.000000,0.000,9.512,ok,cuda-sumcheck-prime-field-montgomery-element-layout-specialized-points,2.77898,2.56356,0,0,0,2.56356,ok,true,5675843852510,5675843852510,3.710465,,CAMERA-READY/h100/sweep_fixed/cases_diag_tier/poly_ab_plus_c_bw64_r22.log
poly_ab_plus_c,a*b + c,prime-field-montgomery,element,specialized,p64_goldilocks,64,2,0xffffffff00000001,24,16777216,3,2,2,2,10,whole-run,fixed,triton-sumcheck-prime-field-montgomery-element-layout-specialized-points,61.768,12.419,0.000,0.000000,0.000,12.419,ok,cuda-sumcheck-prime-field-montgomery-element-layout-specialized-points,4.42958,4.26323,0,0,0,4.26323,ok,true,5620991297480,5620991297480,2.913049,,CAMERA-READY/h100/sweep_fixed/cases_diag_tier/poly_ab_plus_c_bw64_r24.log
poly_ab_plus_c,a*b + c,prime-field-montgomery,element,specialized,p64_goldilocks,64,2,0xffffffff00000001,26,67108864,3,2,2,2,10,whole-run,fixed,triton-sumcheck-prime-field-montgomery-element-layout-specialized-points,71.295,23.616,0.000,0.000000,0.000,23.616,ok,cuda-sumcheck-prime-field-montgomery-element-layout-specialized-points,10.4401,10.2792,0,0,0,10.2792,ok,true,6383344583473,6383344583473,2.297455,,CAMERA-READY/h100/sweep_fixed/cases_diag_tier/poly_ab_plus_c_bw64_r26.log
poly_ab_plus_c,a*b + c,prime-field-montgomery,element,specialized,p64_goldilocks,64,2,0xffffffff00000001,28,268435456,3,2,2,2,10,whole-run,fixed,triton-sumcheck-prime-field-montgomery-element-layout-specialized-points,112.254,65.853,0.000,0.000000,0.000,65.853,ok,cuda-sumcheck-prime-field-montgomery-element-layout-specialized-points,33.1125,32.924,0,0,0,32.924,ok,true,7450162891080,7450162891080,2.000152,,CAMERA-READY/h100/sweep_fixed/cases_diag_tier/poly_ab_plus_c_bw64_r28.log
poly_ab_plus_c,a*b + c,prime-field-montgomery,element,specialized,p128_mersenne_2^127_minus_1,128,4,0x7fffffffffffffffffffffffffffffff,14,16384,3,2,2,2,10,whole-run,fixed,triton-sumcheck-prime-field-montgomery-element-layout-specialized-points,584.092,3.627,0.000,0.000000,0.000,3.627,ok,cuda-sumcheck-prime-field-montgomery-element-layout-specialized-points,1.28801,1.06488,0,0,0,1.06488,ok,true,3422685445816,3422685445816,3.406018,,CAMERA-READY/h100/sweep_fixed/cases_diag_tier/poly_ab_plus_c_bw128_r14.log
poly_ab_plus_c,a*b + c,prime-field-montgomery,element,specialized,p128_mersenne_2^127_minus_1,128,4,0x7fffffffffffffffffffffffffffffff,16,65536,3,2,2,2,10,whole-run,fixed,triton-sumcheck-prime-field-montgomery-element-layout-specialized-points,55.836,4.637,0.000,0.000000,0.000,4.637,ok,cuda-sumcheck-prime-field-montgomery-element-layout-specialized-points,1.46442,1.24201,0,0,0,1.24201,ok,true,4109844176906,4109844176906,3.733464,,CAMERA-READY/h100/sweep_fixed/cases_diag_tier/poly_ab_plus_c_bw128_r16.log
poly_ab_plus_c,a*b + c,prime-field-montgomery,element,specialized,p128_mersenne_2^127_minus_1,128,4,0x7fffffffffffffffffffffffffffffff,18,262144,3,2,2,2,10,whole-run,fixed,triton-sumcheck-prime-field-montgomery-element-layout-specialized-points,57.367,5.833,0.000,0.000000,0.000,5.833,ok,cuda-sumcheck-prime-field-montgomery-element-layout-specialized-points,1.7512,1.5563,0,0,0,1.5563,ok,true,4156800438843,4156800438843,3.747992,,CAMERA-READY/h100/sweep_fixed/cases_diag_tier/poly_ab_plus_c_bw128_r18.log
poly_ab_plus_c,a*b + c,prime-field-montgomery,element,specialized,p128_mersenne_2^127_minus_1,128,4,0x7fffffffffffffffffffffffffffffff,20,1048576,3,2,2,2,10,whole-run,fixed,triton-sumcheck-prime-field-montgomery-element-layout-specialized-points,58.364,7.551,0.000,0.000000,0.000,7.551,ok,cuda-sumcheck-prime-field-montgomery-element-layout-specialized-points,2.19137,2.00837,0,0,0,2.00837,ok,true,4965338524562,4965338524562,3.759765,,CAMERA-READY/h100/sweep_fixed/cases_diag_tier/poly_ab_plus_c_bw128_r20.log
poly_ab_plus_c,a*b + c,prime-field-montgomery,element,specialized,p128_mersenne_2^127_minus_1,128,4,0x7fffffffffffffffffffffffffffffff,22,4194304,3,2,2,2,10,whole-run,fixed,triton-sumcheck-prime-field-montgomery-element-layout-specialized-points,60.496,9.356,0.000,0.000000,0.000,9.356,ok,cuda-sumcheck-prime-field-montgomery-element-layout-specialized-points,3.15451,2.93461,0,0,0,2.93461,ok,true,6546036567512,6546036567512,3.188158,,CAMERA-READY/h100/sweep_fixed/cases_diag_tier/poly_ab_plus_c_bw128_r22.log
poly_ab_plus_c,a*b + c,prime-field-montgomery,element,specialized,p128_mersenne_2^127_minus_1,128,4,0x7fffffffffffffffffffffffffffffff,24,16777216,3,2,2,2,10,whole-run,fixed,triton-sumcheck-prime-field-montgomery-element-layout-specialized-points,63.661,13.793,0.000,0.000000,0.000,13.793,ok,cuda-sumcheck-prime-field-montgomery-element-layout-specialized-points,6.33547,6.11116,0,0,0,6.11116,ok,true,8770800088323,8770800088323,2.257018,,CAMERA-READY/h100/sweep_fixed/cases_diag_tier/poly_ab_plus_c_bw128_r24.log
poly_ab_plus_c,a*b + c,prime-field-montgomery,element,specialized,p128_mersenne_2^127_minus_1,128,4,0x7fffffffffffffffffffffffffffffff,26,67108864,3,2,2,2,10,whole-run,fixed,triton-sumcheck-prime-field-montgomery-element-layout-specialized-points,79.811,30.320,0.000,0.000000,0.000,30.320,ok,cuda-sumcheck-prime-field-montgomery-element-layout-specialized-points,18.0076,17.7856,0,0,0,17.7856,ok,true,11368397744860,11368397744860,1.704750,,CAMERA-READY/h100/sweep_fixed/cases_diag_tier/poly_ab_plus_c_bw128_r26.log
poly_ab_plus_c,a*b + c,prime-field-montgomery,element,specialized,p128_mersenne_2^127_minus_1,128,4,0x7fffffffffffffffffffffffffffffff,28,268435456,3,2,2,2,10,whole-run,fixed,triton-sumcheck-prime-field-montgomery-element-layout-specialized-points,144.615,94.607,0.000,0.000000,0.000,94.607,ok,cuda-sumcheck-prime-field-montgomery-element-layout-specialized-points,63.1689,62.9712,0,0,0,62.9712,ok,true,14786271303934,14786271303934,1.502385,,CAMERA-READY/h100/sweep_fixed/cases_diag_tier/poly_ab_plus_c_bw128_r28.log
poly_ab_plus_c,a*b + c,prime-field-montgomery,element,specialized,p255_bls12_381_scalar,256,8,0x73eda753299d7d483339d80809a1d80553bda402fffe5bfeffffffff00000001,14,16384,3,2,2,2,10,whole-run,fixed,triton-sumcheck-prime-field-montgomery-element-layout-specialized-points,57.750,3.442,0.000,0.000000,0.000,3.442,ok,cuda-sumcheck-prime-field-montgomery-element-layout-specialized-points,1.37641,1.13995,0,0,0,1.13995,ok,true,38809628329862,38809628329862,3.019431,,CAMERA-READY/h100/sweep_fixed/cases_diag_tier/poly_ab_plus_c_bw256_r14.log
poly_ab_plus_c,a*b + c,prime-field-montgomery,element,specialized,p255_bls12_381_scalar,256,8,0x73eda753299d7d483339d80809a1d80553bda402fffe5bfeffffffff00000001,16,65536,3,2,2,2,10,whole-run,fixed,triton-sumcheck-prime-field-montgomery-element-layout-specialized-points,58.164,4.647,0.000,0.000000,0.000,4.647,ok,cuda-sumcheck-prime-field-montgomery-element-layout-specialized-points,1.65354,1.4073,0,0,0,1.4073,ok,true,43665314236479,43665314236479,3.302068,,CAMERA-READY/h100/sweep_fixed/cases_diag_tier/poly_ab_plus_c_bw256_r16.log
poly_ab_plus_c,a*b + c,prime-field-montgomery,element,specialized,p255_bls12_381_scalar,256,8,0x73eda753299d7d483339d80809a1d80553bda402fffe5bfeffffffff00000001,18,262144,3,2,2,2,10,whole-run,fixed,triton-sumcheck-prime-field-montgomery-element-layout-specialized-points,59.674,6.203,0.000,0.000000,0.000,6.203,ok,cuda-sumcheck-prime-field-montgomery-element-layout-specialized-points,2.05033,1.78697,0,0,0,1.78697,ok,true,47813818380744,47813818380744,3.471239,,CAMERA-READY/h100/sweep_fixed/cases_diag_tier/poly_ab_plus_c_bw256_r18.log
poly_ab_plus_c,a*b + c,prime-field-montgomery,element,specialized,p255_bls12_381_scalar,256,8,0x73eda753299d7d483339d80809a1d80553bda402fffe5bfeffffffff00000001,20,1048576,3,2,2,2,10,whole-run,fixed,triton-sumcheck-prime-field-montgomery-element-layout-specialized-points,69.024,7.717,0.000,0.000000,0.000,7.717,ok,cuda-sumcheck-prime-field-montgomery-element-layout-specialized-points,2.77252,2.56348,0,0,0,2.56348,ok,true,53295842524535,53295842524535,3.010361,,CAMERA-READY/h100/sweep_fixed/cases_diag_tier/poly_ab_plus_c_bw256_r20.log
poly_ab_plus_c,a*b + c,prime-field-montgomery,element,specialized,p255_bls12_381_scalar,256,8,0x73eda753299d7d483339d80809a1d80553bda402fffe5bfeffffffff00000001,22,4194304,3,2,2,2,10,whole-run,fixed,triton-sumcheck-prime-field-montgomery-element-layout-specialized-points,63.019,10.086,0.000,0.000000,0.000,10.086,ok,cuda-sumcheck-prime-field-montgomery-element-layout-specialized-points,4.89437,4.67084,0,0,0,4.67084,ok,true,60305110993153,60305110993153,2.159355,,CAMERA-READY/h100/sweep_fixed/cases_diag_tier/poly_ab_plus_c_bw256_r22.log
poly_ab_plus_c,a*b + c,prime-field-montgomery,element,specialized,p255_bls12_381_scalar,256,8,0x73eda753299d7d483339d80809a1d80553bda402fffe5bfeffffffff00000001,24,16777216,3,2,2,2,10,whole-run,fixed,triton-sumcheck-prime-field-montgomery-element-layout-specialized-points,71.452,18.607,0.000,0.000000,0.000,18.607,ok,cuda-sumcheck-prime-field-montgomery-element-layout-specialized-points,11.8763,11.601,0,0,0,11.601,ok,true,66091597346944,66091597346944,1.603913,,CAMERA-READY/h100/sweep_fixed/cases_diag_tier/poly_ab_plus_c_bw256_r24.log
poly_ab_plus_c,a*b + c,prime-field-montgomery,element,specialized,p255_bls12_381_scalar,256,8,0x73eda753299d7d483339d80809a1d80553bda402fffe5bfeffffffff00000001,26,67108864,3,2,2,2,10,whole-run,fixed,triton-sumcheck-prime-field-montgomery-element-layout-specialized-points,100.478,52.540,0.000,0.000000,0.000,52.540,ok,cuda-sumcheck-prime-field-montgomery-element-layout-specialized-points,38.3934,39.1168,0,0,0,39.1168,ok,true,70060558294493,70060558294493,1.343157,,CAMERA-READY/h100/sweep_fixed/cases_diag_tier/poly_ab_plus_c_bw256_r26.log
poly_ab_plus_c,a*b + c,prime-field-montgomery,element,specialized,p255_bls12_381_scalar,256,8,0x73eda753299d7d483339d80809a1d80553bda402fffe5bfeffffffff00000001,28,268435456,3,2,2,2,10,whole-run,fixed,triton-sumcheck-prime-field-montgomery-element-layout-specialized-points,236.052,198.576,0.000,0.000000,0.000,198.576,ok,cuda-sumcheck-prime-field-montgomery-element-layout-specialized-points,149.444,156.015,0,0,0,156.015,ok,true,77663032002946,77663032002946,1.272801,,CAMERA-READY/h100/sweep_fixed/cases_diag_tier/poly_ab_plus_c_bw256_r28.log
poly_abc,a*b*c,prime-field-montgomery,element,specialized,p32_2^32_minus_5,32,1,0xfffffffb,14,16384,3,3,1,2,10,whole-run,fixed,triton-sumcheck-prime-field-montgomery-element-layout-specialized-points,32.177,2.556,0.000,0.000000,0.000,2.556,ok,cuda-sumcheck-prime-field-montgomery-element-layout-specialized-points,1.46104,1.2402,0,0,0,1.2402,ok,true,1629355370006,1629355370006,2.060958,,CAMERA-READY/h100/sweep_fixed/cases_diag_tier/poly_abc_bw32_r14.log
poly_abc,a*b*c,prime-field-montgomery,element,specialized,p32_2^32_minus_5,32,1,0xfffffffb,16,65536,3,3,1,2,10,whole-run,fixed,triton-sumcheck-prime-field-montgomery-element-layout-specialized-points,57.831,5.876,0.000,0.000000,0.000,5.876,ok,cuda-sumcheck-prime-field-montgomery-element-layout-specialized-points,1.82499,1.62669,0,0,0,1.62669,ok,true,1754974873795,1754974873795,3.612243,,CAMERA-READY/h100/sweep_fixed/cases_diag_tier/poly_abc_bw32_r16.log
poly_abc,a*b*c,prime-field-montgomery,element,specialized,p32_2^32_minus_5,32,1,0xfffffffb,18,262144,3,3,1,2,10,whole-run,fixed,triton-sumcheck-prime-field-montgomery-element-layout-specialized-points,58.726,7.639,0.000,0.000000,0.000,7.639,ok,cuda-sumcheck-prime-field-montgomery-element-layout-specialized-points,2.11751,1.85558,0,0,0,1.85558,ok,true,1949118530970,1949118530970,4.116772,,CAMERA-READY/h100/sweep_fixed/cases_diag_tier/poly_abc_bw32_r18.log
poly_abc,a*b*c,prime-field-montgomery,element,specialized,p32_2^32_minus_5,32,1,0xfffffffb,20,1048576,3,3,1,2,10,whole-run,fixed,triton-sumcheck-prime-field-montgomery-element-layout-specialized-points,60.524,9.713,0.000,0.000000,0.000,9.713,ok,cuda-sumcheck-prime-field-montgomery-element-layout-specialized-points,2.53118,2.22933,0,0,0,2.22933,ok,true,2409898737428,2409898737428,4.356914,,CAMERA-READY/h100/sweep_fixed/cases_diag_tier/poly_abc_bw32_r20.log
poly_abc,a*b*c,prime-field-montgomery,element,specialized,p32_2^32_minus_5,32,1,0xfffffffb,22,4194304,3,3,1,2,10,whole-run,fixed,triton-sumcheck-prime-field-montgomery-element-layout-specialized-points,64.403,11.968,0.000,0.000000,0.000,11.968,ok,cuda-sumcheck-prime-field-montgomery-element-layout-specialized-points,3.25314,2.9971,0,0,0,2.9971,ok,true,2434546975276,2434546975276,3.993193,,CAMERA-READY/h100/sweep_fixed/cases_diag_tier/poly_abc_bw32_r22.log
poly_abc,a*b*c,prime-field-montgomery,element,specialized,p32_2^32_minus_5,32,1,0xfffffffb,24,16777216,3,3,1,2,10,whole-run,fixed,triton-sumcheck-prime-field-montgomery-element-layout-specialized-points,67.448,16.168,0.000,0.000000,0.000,16.168,ok,cuda-sumcheck-prime-field-montgomery-element-layout-specialized-points,4.55548,4.29151,0,0,0,4.29151,ok,true,2568378740135,2568378740135,3.767439,,CAMERA-READY/h100/sweep_fixed/cases_diag_tier/poly_abc_bw32_r24.log
poly_abc,a*b*c,prime-field-montgomery,element,specialized,p32_2^32_minus_5,32,1,0xfffffffb,26,67108864,3,3,1,2,10,whole-run,fixed,triton-sumcheck-prime-field-montgomery-element-layout-specialized-points,81.972,31.487,0.000,0.000000,0.000,31.487,ok,cuda-sumcheck-prime-field-montgomery-element-layout-specialized-points,8.34709,8.09887,0,0,0,8.09887,ok,true,2776613203949,2776613203949,3.887826,,CAMERA-READY/h100/sweep_fixed/cases_diag_tier/poly_abc_bw32_r26.log
poly_abc,a*b*c,prime-field-montgomery,element,specialized,p32_2^32_minus_5,32,1,0xfffffffb,28,268435456,3,3,1,2,10,whole-run,fixed,triton-sumcheck-prime-field-montgomery-element-layout-specialized-points,138.952,90.310,0.000,0.000000,0.000,90.310,ok,cuda-sumcheck-prime-field-montgomery-element-layout-specialized-points,22.8816,22.5801,0,0,0,22.5801,ok,true,3209736468081,3209736468081,3.999539,,CAMERA-READY/h100/sweep_fixed/cases_diag_tier/poly_abc_bw32_r28.log
poly_abc,a*b*c,prime-field-montgomery,element,specialized,p64_goldilocks,64,2,0xffffffff00000001,14,16384,3,3,1,2,10,whole-run,fixed,triton-sumcheck-prime-field-montgomery-element-layout-specialized-points,57.282,4.580,0.000,0.000000,0.000,4.580,ok,cuda-sumcheck-prime-field-montgomery-element-layout-specialized-points,1.546,1.32703,0,0,0,1.32703,ok,true,4661844084170,4661844084170,3.451316,,CAMERA-READY/h100/sweep_fixed/cases_diag_tier/poly_abc_bw64_r14.log
poly_abc,a*b*c,prime-field-montgomery,element,specialized,p64_goldilocks,64,2,0xffffffff00000001,16,65536,3,3,1,2,10,whole-run,fixed,triton-sumcheck-prime-field-montgomery-element-layout-specialized-points,56.941,5.970,0.000,0.000000,0.000,5.970,ok,cuda-sumcheck-prime-field-montgomery-element-layout-specialized-points,1.84393,1.66648,0,0,0,1.66648,ok,true,5560885321238,5560885321238,3.582401,,CAMERA-READY/h100/sweep_fixed/cases_diag_tier/poly_abc_bw64_r16.log
poly_abc,a*b*c,prime-field-montgomery,element,specialized,p64_goldilocks,64,2,0xffffffff00000001,18,262144,3,3,1,2,10,whole-run,fixed,triton-sumcheck-prime-field-montgomery-element-layout-specialized-points,59.340,7.669,0.000,0.000000,0.000,7.669,ok,cuda-sumcheck-prime-field-montgomery-element-layout-specialized-points,2.25967,2.02229,0,0,0,2.02229,ok,true,5857558900557,5857558900557,3.792236,,CAMERA-READY/h100/sweep_fixed/cases_diag_tier/poly_abc_bw64_r18.log
poly_abc,a*b*c,prime-field-montgomery,element,specialized,p64_goldilocks,64,2,0xffffffff00000001,20,1048576,3,3,1,2,10,whole-run,fixed,triton-sumcheck-prime-field-montgomery-element-layout-specialized-points,75.186,9.759,0.000,0.000000,0.000,9.759,ok,cuda-sumcheck-prime-field-montgomery-element-layout-specialized-points,2.83351,2.47186,0,0,0,2.47186,ok,true,6573293117417,6573293117417,3.948039,,CAMERA-READY/h100/sweep_fixed/cases_diag_tier/poly_abc_bw64_r20.log
poly_abc,a*b*c,prime-field-montgomery,element,specialized,p64_goldilocks,64,2,0xffffffff00000001,22,4194304,3,3,1,2,10,whole-run,fixed,triton-sumcheck-prime-field-montgomery-element-layout-specialized-points,64.744,12.287,0.000,0.000000,0.000,12.287,ok,cuda-sumcheck-prime-field-montgomery-element-layout-specialized-points,3.4906,3.24549,0,0,0,3.24549,ok,true,7402642486616,7402642486616,3.785869,,CAMERA-READY/h100/sweep_fixed/cases_diag_tier/poly_abc_bw64_r22.log
poly_abc,a*b*c,prime-field-montgomery,element,specialized,p64_goldilocks,64,2,0xffffffff00000001,24,16777216,3,3,1,2,10,whole-run,fixed,triton-sumcheck-prime-field-montgomery-element-layout-specialized-points,67.050,16.322,0.000,0.000000,0.000,16.322,ok,cuda-sumcheck-prime-field-montgomery-element-layout-specialized-points,5.62941,5.41375,0,0,0,5.41375,ok,true,8239108398638,8239108398638,3.014916,,CAMERA-READY/h100/sweep_fixed/cases_diag_tier/poly_abc_bw64_r24.log
poly_abc,a*b*c,prime-field-montgomery,element,specialized,p64_goldilocks,64,2,0xffffffff00000001,26,67108864,3,3,1,2,10,whole-run,fixed,triton-sumcheck-prime-field-montgomery-element-layout-specialized-points,80.550,31.082,0.000,0.000000,0.000,31.082,ok,cuda-sumcheck-prime-field-montgomery-element-layout-specialized-points,12.9775,12.7543,0,0,0,12.7543,ok,true,8632965039101,8632965039101,2.436982,,CAMERA-READY/h100/sweep_fixed/cases_diag_tier/poly_abc_bw64_r26.log
poly_abc,a*b*c,prime-field-montgomery,element,specialized,p64_goldilocks,64,2,0xffffffff00000001,28,268435456,3,3,1,2,10,whole-run,fixed,triton-sumcheck-prime-field-montgomery-element-layout-specialized-points,137.381,88.686,0.000,0.000000,0.000,88.686,ok,cuda-sumcheck-prime-field-montgomery-element-layout-specialized-points,40.7806,40.8443,0,0,0,40.8443,ok,true,9438096950256,9438096950256,2.171319,,CAMERA-READY/h100/sweep_fixed/cases_diag_tier/poly_abc_bw64_r28.log
poly_abc,a*b*c,prime-field-montgomery,element,specialized,p128_mersenne_2^127_minus_1,128,4,0x7fffffffffffffffffffffffffffffff,14,16384,3,3,1,2,10,whole-run,fixed,triton-sumcheck-prime-field-montgomery-element-layout-specialized-points,32.097,2.671,0.000,0.000000,0.000,2.671,ok,cuda-sumcheck-prime-field-montgomery-element-layout-specialized-points,1.63821,1.38615,0,0,0,1.38615,ok,true,8588728363072,8588728363072,1.926920,,CAMERA-READY/h100/sweep_fixed/cases_diag_tier/poly_abc_bw128_r14.log
poly_abc,a*b*c,prime-field-montgomery,element,specialized,p128_mersenne_2^127_minus_1,128,4,0x7fffffffffffffffffffffffffffffff,16,65536,3,3,1,2,10,whole-run,fixed,triton-sumcheck-prime-field-montgomery-element-layout-specialized-points,36.675,3.445,0.000,0.000000,0.000,3.445,ok,cuda-sumcheck-prime-field-montgomery-element-layout-specialized-points,1.97504,1.70271,0,0,0,1.70271,ok,true,11161169057493,11161169057493,2.023245,,CAMERA-READY/h100/sweep_fixed/cases_diag_tier/poly_abc_bw128_r16.log
poly_abc,a*b*c,prime-field-montgomery,element,specialized,p128_mersenne_2^127_minus_1,128,4,0x7fffffffffffffffffffffffffffffff,18,262144,3,3,1,2,10,whole-run,fixed,triton-sumcheck-prime-field-montgomery-element-layout-specialized-points,36.353,4.461,0.000,0.000000,0.000,4.461,ok,cuda-sumcheck-prime-field-montgomery-element-layout-specialized-points,2.274,2.02974,0,0,0,2.02974,ok,true,11842256992241,11842256992241,2.197818,,CAMERA-READY/h100/sweep_fixed/cases_diag_tier/poly_abc_bw128_r18.log
poly_abc,a*b*c,prime-field-montgomery,element,specialized,p128_mersenne_2^127_minus_1,128,4,0x7fffffffffffffffffffffffffffffff,20,1048576,3,3,1,2,10,whole-run,fixed,triton-sumcheck-prime-field-montgomery-element-layout-specialized-points,35.504,5.691,0.000,0.000000,0.000,5.691,ok,cuda-sumcheck-prime-field-montgomery-element-layout-specialized-points,2.91354,2.66528,0,0,0,2.66528,ok,true,13409686442152,13409686442152,2.135235,,CAMERA-READY/h100/sweep_fixed/cases_diag_tier/poly_abc_bw128_r20.log
poly_abc,a*b*c,prime-field-montgomery,element,specialized,p128_mersenne_2^127_minus_1,128,4,0x7fffffffffffffffffffffffffffffff,22,4194304,3,3,1,2,10,whole-run,fixed,triton-sumcheck-prime-field-montgomery-element-layout-specialized-points,65.665,11.990,0.000,0.000000,0.000,11.990,ok,cuda-sumcheck-prime-field-montgomery-element-layout-specialized-points,4.11945,3.89089,0,0,0,3.89089,ok,true,14704297880896,14704297880896,3.081557,,CAMERA-READY/h100/sweep_fixed/cases_diag_tier/poly_abc_bw128_r22.log
poly_abc,a*b*c,prime-field-montgomery,element,specialized,p128_mersenne_2^127_minus_1,128,4,0x7fffffffffffffffffffffffffffffff,24,16777216,3,3,1,2,10,whole-run,fixed,triton-sumcheck-prime-field-montgomery-element-layout-specialized-points,71.699,18.583,0.000,0.000000,0.000,18.583,ok,cuda-sumcheck-prime-field-montgomery-element-layout-specialized-points,8.11461,7.85799,0,0,0,7.85799,ok,true,20202434946135,20202434946135,2.364854,,CAMERA-READY/h100/sweep_fixed/cases_diag_tier/poly_abc_bw128_r24.log
poly_abc,a*b*c,prime-field-montgomery,element,specialized,p128_mersenne_2^127_minus_1,128,4,0x7fffffffffffffffffffffffffffffff,26,67108864,3,3,1,2,10,whole-run,fixed,triton-sumcheck-prime-field-montgomery-element-layout-specialized-points,93.017,41.806,0.000,0.000000,0.000,41.806,ok,cuda-sumcheck-prime-field-montgomery-element-layout-specialized-points,22.641,22.2872,0,0,0,22.2872,ok,true,24478972856871,24478972856871,1.875785,,CAMERA-READY/h100/sweep_fixed/cases_diag_tier/poly_abc_bw128_r26.log
poly_abc,a*b*c,prime-field-montgomery,element,specialized,p128_mersenne_2^127_minus_1,128,4,0x7fffffffffffffffffffffffffffffff,28,268435456,3,3,1,2,10,whole-run,fixed,triton-sumcheck-prime-field-montgomery-element-layout-specialized-points,182.619,132.702,0.000,0.000000,0.000,132.702,ok,cuda-sumcheck-prime-field-montgomery-element-layout-specialized-points,77.836,77.6351,0,0,0,77.6351,ok,true,25879008710113,25879008710113,1.709304,,CAMERA-READY/h100/sweep_fixed/cases_diag_tier/poly_abc_bw128_r28.log
poly_abc,a*b*c,prime-field-montgomery,element,specialized,p255_bls12_381_scalar,256,8,0x73eda753299d7d483339d80809a1d80553bda402fffe5bfeffffffff00000001,14,16384,3,3,1,2,10,whole-run,fixed,triton-sumcheck-prime-field-montgomery-element-layout-specialized-points,63.608,4.663,0.000,0.000000,0.000,4.663,ok,cuda-sumcheck-prime-field-montgomery-element-layout-specialized-points,1.90039,1.52208,0,0,0,1.52208,ok,true,50331084663509,50331084663509,3.063571,,CAMERA-READY/h100/sweep_fixed/cases_diag_tier/poly_abc_bw256_r14.log
poly_abc,a*b*c,prime-field-montgomery,element,specialized,p255_bls12_381_scalar,256,8,0x73eda753299d7d483339d80809a1d80553bda402fffe5bfeffffffff00000001,16,65536,3,3,1,2,10,whole-run,fixed,triton-sumcheck-prime-field-montgomery-element-layout-specialized-points,65.000,6.117,0.000,0.000000,0.000,6.117,ok,cuda-sumcheck-prime-field-montgomery-element-layout-specialized-points,2.24582,1.87564,0,0,0,1.87564,ok,true,55541248108541,55541248108541,3.261287,,CAMERA-READY/h100/sweep_fixed/cases_diag_tier/poly_abc_bw256_r16.log
poly_abc,a*b*c,prime-field-montgomery,element,specialized,p255_bls12_381_scalar,256,8,0x73eda753299d7d483339d80809a1d80553bda402fffe5bfeffffffff00000001,18,262144,3,3,1,2,10,whole-run,fixed,triton-sumcheck-prime-field-montgomery-element-layout-specialized-points,81.153,7.888,0.000,0.000000,0.000,7.888,ok,cuda-sumcheck-prime-field-montgomery-element-layout-specialized-points,2.91147,2.49184,0,0,0,2.49184,ok,true,63265153129217,63265153129217,3.165532,,CAMERA-READY/h100/sweep_fixed/cases_diag_tier/poly_abc_bw256_r18.log
poly_abc,a*b*c,prime-field-montgomery,element,specialized,p255_bls12_381_scalar,256,8,0x73eda753299d7d483339d80809a1d80553bda402fffe5bfeffffffff00000001,20,1048576,3,3,1,2,10,whole-run,fixed,triton-sumcheck-prime-field-montgomery-element-layout-specialized-points,69.321,9.871,0.000,0.000000,0.000,9.871,ok,cuda-sumcheck-prime-field-montgomery-element-layout-specialized-points,3.89011,3.55115,0,0,0,3.55115,ok,true,71524069559800,71524069559800,2.779663,,CAMERA-READY/h100/sweep_fixed/cases_diag_tier/poly_abc_bw256_r20.log
poly_abc,a*b*c,prime-field-montgomery,element,specialized,p255_bls12_381_scalar,256,8,0x73eda753299d7d483339d80809a1d80553bda402fffe5bfeffffffff00000001,22,4194304,3,3,1,2,10,whole-run,fixed,triton-sumcheck-prime-field-montgomery-element-layout-specialized-points,72.067,13.659,0.000,0.000000,0.000,13.659,ok,cuda-sumcheck-prime-field-montgomery-element-layout-specialized-points,6.7334,6.36661,0,0,0,6.36661,ok,true,77122138109575,77122138109575,2.145412,,CAMERA-READY/h100/sweep_fixed/cases_diag_tier/poly_abc_bw256_r22.log
poly_abc,a*b*c,prime-field-montgomery,element,specialized,p255_bls12_381_scalar,256,8,0x73eda753299d7d483339d80809a1d80553bda402fffe5bfeffffffff00000001,24,16777216,3,3,1,2,10,whole-run,fixed,triton-sumcheck-prime-field-montgomery-element-layout-specialized-points,83.491,26.469,0.000,0.000000,0.000,26.469,ok,cuda-sumcheck-prime-field-montgomery-element-layout-specialized-points,16.0712,15.7401,0,0,0,15.7401,ok,true,82965085710312,82965085710312,1.681628,,CAMERA-READY/h100/sweep_fixed/cases_diag_tier/poly_abc_bw256_r24.log
poly_abc,a*b*c,prime-field-montgomery,element,specialized,p255_bls12_381_scalar,256,8,0x73eda753299d7d483339d80809a1d80553bda402fffe5bfeffffffff00000001,26,67108864,3,3,1,2,10,whole-run,fixed,triton-sumcheck-prime-field-montgomery-element-layout-specialized-points,129.754,76.753,0.000,0.000000,0.000,76.753,ok,cuda-sumcheck-prime-field-montgomery-element-layout-specialized-points,52.4575,54.3425,0,0,0,54.3425,ok,true,90934261598544,90934261598544,1.412394,,CAMERA-READY/h100/sweep_fixed/cases_diag_tier/poly_abc_bw256_r26.log
poly_abc,a*b*c,prime-field-montgomery,element,specialized,p255_bls12_381_scalar,256,8,0x73eda753299d7d483339d80809a1d80553bda402fffe5bfeffffffff00000001,28,268435456,3,3,1,2,10,whole-run,fixed,triton-sumcheck-prime-field-montgomery-element-layout-specialized-points,331.622,287.919,0.000,0.000000,0.000,287.919,ok,cuda-sumcheck-prime-field-montgomery-element-layout-specialized-points,207.138,217.546,0,0,0,217.546,ok,true,98701606787693,98701606787693,1.323486,,CAMERA-READY/h100/sweep_fixed/cases_diag_tier/poly_abc_bw256_r28.log
poly_aabbc,a*a*b*b*c,prime-field-montgomery,element,specialized,p32_2^32_minus_5,32,1,0xfffffffb,14,16384,3,5,1,2,10,whole-run,fixed,triton-sumcheck-prime-field-montgomery-element-layout-specialized-points,62.979,6.365,0.000,0.000000,0.000,6.365,ok,cuda-sumcheck-prime-field-montgomery-element-layout-specialized-points,2.1504,1.8182,0,0,0,1.8182,ok,true,2227936603828,2227936603828,3.500715,,CAMERA-READY/h100/sweep_fixed/cases_diag_tier/poly_aabbc_bw32_r14.log
poly_aabbc,a*a*b*b*c,prime-field-montgomery,element,specialized,p32_2^32_minus_5,32,1,0xfffffffb,16,65536,3,5,1,2,10,whole-run,fixed,triton-sumcheck-prime-field-montgomery-element-layout-specialized-points,64.772,8.606,0.000,0.000000,0.000,8.606,ok,cuda-sumcheck-prime-field-montgomery-element-layout-specialized-points,2.62836,2.29478,0,0,0,2.29478,ok,true,2790907015910,2790907015910,3.750251,,CAMERA-READY/h100/sweep_fixed/cases_diag_tier/poly_aabbc_bw32_r16.log
poly_aabbc,a*a*b*b*c,prime-field-montgomery,element,specialized,p32_2^32_minus_5,32,1,0xfffffffb,18,262144,3,5,1,2,10,whole-run,fixed,triton-sumcheck-prime-field-montgomery-element-layout-specialized-points,66.220,11.257,0.000,0.000000,0.000,11.257,ok,cuda-sumcheck-prime-field-montgomery-element-layout-specialized-points,3.1435,2.84446,0,0,0,2.84446,ok,true,3105821973592,3105821973592,3.957517,,CAMERA-READY/h100/sweep_fixed/cases_diag_tier/poly_aabbc_bw32_r18.log
poly_aabbc,a*a*b*b*c,prime-field-montgomery,element,specialized,p32_2^32_minus_5,32,1,0xfffffffb,20,1048576,3,5,1,2,10,whole-run,fixed,triton-sumcheck-prime-field-montgomery-element-layout-specialized-points,70.282,14.366,0.000,0.000000,0.000,14.366,ok,cuda-sumcheck-prime-field-montgomery-element-layout-specialized-points,3.77624,3.37641,0,0,0,3.37641,ok,true,3449667756678,3449667756678,4.254815,,CAMERA-READY/h100/sweep_fixed/cases_diag_tier/poly_aabbc_bw32_r20.log
poly_aabbc,a*a*b*b*c,prime-field-montgomery,element,specialized,p32_2^32_minus_5,32,1,0xfffffffb,22,4194304,3,5,1,2,10,whole-run,fixed,triton-sumcheck-prime-field-montgomery-element-layout-specialized-points,73.085,17.415,0.000,0.000000,0.000,17.415,ok,cuda-sumcheck-prime-field-montgomery-element-layout-specialized-points,4.66368,4.26727,0,0,0,4.26727,ok,true,3935431045663,3935431045663,4.081064,,CAMERA-READY/h100/sweep_fixed/cases_diag_tier/poly_aabbc_bw32_r22.log
poly_aabbc,a*a*b*b*c,prime-field-montgomery,element,specialized,p32_2^32_minus_5,32,1,0xfffffffb,24,16777216,3,5,1,2,10,whole-run,fixed,triton-sumcheck-prime-field-montgomery-element-layout-specialized-points,79.357,24.384,0.000,0.000000,0.000,24.384,ok,cuda-sumcheck-prime-field-montgomery-element-layout-specialized-points,6.44502,6.10613,0,0,0,6.10613,ok,true,3994196051027,3994196051027,3.993364,,CAMERA-READY/h100/sweep_fixed/cases_diag_tier/poly_aabbc_bw32_r24.log
poly_aabbc,a*a*b*b*c,prime-field-montgomery,element,specialized,p32_2^32_minus_5,32,1,0xfffffffb,26,67108864,3,5,1,2,10,whole-run,fixed,triton-sumcheck-prime-field-montgomery-element-layout-specialized-points,100.475,47.229,0.000,0.000000,0.000,47.229,ok,cuda-sumcheck-prime-field-montgomery-element-layout-specialized-points,12.0185,11.6468,0,0,0,11.6468,ok,true,4453954324586,4453954324586,4.055105,,CAMERA-READY/h100/sweep_fixed/cases_diag_tier/poly_aabbc_bw32_r26.log
poly_aabbc,a*a*b*b*c,prime-field-montgomery,element,specialized,p32_2^32_minus_5,32,1,0xfffffffb,28,268435456,3,5,1,2,10,whole-run,fixed,triton-sumcheck-prime-field-montgomery-element-layout-specialized-points,188.191,135.999,0.000,0.000000,0.000,135.999,ok,cuda-sumcheck-prime-field-montgomery-element-layout-specialized-points,31.9727,31.8164,0,0,0,31.8164,ok,true,4909058126843,4909058126843,4.274494,,CAMERA-READY/h100/sweep_fixed/cases_diag_tier/poly_aabbc_bw32_r28.log
poly_aabbc,a*a*b*b*c,prime-field-montgomery,element,specialized,p64_goldilocks,64,2,0xffffffff00000001,14,16384,3,5,1,2,10,whole-run,fixed,triton-sumcheck-prime-field-montgomery-element-layout-specialized-points,63.017,6.703,0.000,0.000000,0.000,6.703,ok,cuda-sumcheck-prime-field-montgomery-element-layout-specialized-points,2.31186,2.03608,0,0,0,2.03608,ok,true,6756894429675,6756894429675,3.292110,,CAMERA-READY/h100/sweep_fixed/cases_diag_tier/poly_aabbc_bw64_r14.log
poly_aabbc,a*a*b*b*c,prime-field-montgomery,element,specialized,p64_goldilocks,64,2,0xffffffff00000001,16,65536,3,5,1,2,10,whole-run,fixed,triton-sumcheck-prime-field-montgomery-element-layout-specialized-points,65.244,8.529,0.000,0.000000,0.000,8.529,ok,cuda-sumcheck-prime-field-montgomery-element-layout-specialized-points,2.91315,2.55397,0,0,0,2.55397,ok,true,7688523269219,7688523269219,3.339507,,CAMERA-READY/h100/sweep_fixed/cases_diag_tier/poly_aabbc_bw64_r16.log
poly_aabbc,a*a*b*b*c,prime-field-montgomery,element,specialized,p64_goldilocks,64,2,0xffffffff00000001,18,262144,3,5,1,2,10,whole-run,fixed,triton-sumcheck-prime-field-montgomery-element-layout-specialized-points,67.888,11.487,0.000,0.000000,0.000,11.487,ok,cuda-sumcheck-prime-field-montgomery-element-layout-specialized-points,3.3121,2.98897,0,0,0,2.98897,ok,true,8637875550018,8637875550018,3.843130,,CAMERA-READY/h100/sweep_fixed/cases_diag_tier/poly_aabbc_bw64_r18.log
poly_aabbc,a*a*b*b*c,prime-field-montgomery,element,specialized,p64_goldilocks,64,2,0xffffffff00000001,20,1048576,3,5,1,2,10,whole-run,fixed,triton-sumcheck-prime-field-montgomery-element-layout-specialized-points,71.606,14.479,0.000,0.000000,0.000,14.479,ok,cuda-sumcheck-prime-field-montgomery-element-layout-specialized-points,3.96724,3.67869,0,0,0,3.67869,ok,true,9304837132526,9304837132526,3.935912,,CAMERA-READY/h100/sweep_fixed/cases_diag_tier/poly_aabbc_bw64_r20.log
poly_aabbc,a*a*b*b*c,prime-field-montgomery,element,specialized,p64_goldilocks,64,2,0xffffffff00000001,22,4194304,3,5,1,2,10,whole-run,fixed,triton-sumcheck-prime-field-montgomery-element-layout-specialized-points,74.965,18.105,0.000,0.000000,0.000,18.105,ok,cuda-sumcheck-prime-field-montgomery-element-layout-specialized-points,5.25978,5.00475,0,0,0,5.00475,ok,true,11001344401671,11001344401671,3.617563,,CAMERA-READY/h100/sweep_fixed/cases_diag_tier/poly_aabbc_bw64_r22.log
poly_aabbc,a*a*b*b*c,prime-field-montgomery,element,specialized,p64_goldilocks,64,2,0xffffffff00000001,24,16777216,3,5,1,2,10,whole-run,fixed,triton-sumcheck-prime-field-montgomery-element-layout-specialized-points,80.669,24.730,0.000,0.000000,0.000,24.730,ok,cuda-sumcheck-prime-field-montgomery-element-layout-specialized-points,8.5234,8.19232,0,0,0,8.19232,ok,true,11825851555245,11825851555245,3.018681,,CAMERA-READY/h100/sweep_fixed/cases_diag_tier/poly_aabbc_bw64_r24.log
poly_aabbc,a*a*b*b*c,prime-field-montgomery,element,specialized,p64_goldilocks,64,2,0xffffffff00000001,26,67108864,3,5,1,2,10,whole-run,fixed,triton-sumcheck-prime-field-montgomery-element-layout-specialized-points,102.501,48.782,0.000,0.000000,0.000,48.782,ok,cuda-sumcheck-prime-field-montgomery-element-layout-specialized-points,19.3499,19.0505,0,0,0,19.0505,ok,true,13468846009307,13468846009307,2.560668,,CAMERA-READY/h100/sweep_fixed/cases_diag_tier/poly_aabbc_bw64_r26.log
poly_aabbc,a*a*b*b*c,prime-field-montgomery,element,specialized,p64_goldilocks,64,2,0xffffffff00000001,28,268435456,3,5,1,2,10,whole-run,fixed,triton-sumcheck-prime-field-montgomery-element-layout-specialized-points,196.253,143.472,0.000,0.000000,0.000,143.472,ok,cuda-sumcheck-prime-field-montgomery-element-layout-specialized-points,60.8844,61.9133,0,0,0,61.9133,ok,true,13890112742974,13890112742974,2.317305,,CAMERA-READY/h100/sweep_fixed/cases_diag_tier/poly_aabbc_bw64_r28.log
poly_aabbc,a*a*b*b*c,prime-field-montgomery,element,specialized,p128_mersenne_2^127_minus_1,128,4,0x7fffffffffffffffffffffffffffffff,14,16384,3,5,1,2,10,whole-run,fixed,triton-sumcheck-prime-field-montgomery-element-layout-specialized-points,68.021,6.677,0.000,0.000000,0.000,6.677,ok,cuda-sumcheck-prime-field-montgomery-element-layout-specialized-points,3.21766,2.65122,0,0,0,2.65122,ok,true,19370975490919,19370975490919,2.518463,,CAMERA-READY/h100/sweep_fixed/cases_diag_tier/poly_aabbc_bw128_r14.log
poly_aabbc,a*a*b*b*c,prime-field-montgomery,element,specialized,p128_mersenne_2^127_minus_1,128,4,0x7fffffffffffffffffffffffffffffff,16,65536,3,5,1,2,10,whole-run,fixed,triton-sumcheck-prime-field-montgomery-element-layout-specialized-points,72.236,8.784,0.000,0.000000,0.000,8.784,ok,cuda-sumcheck-prime-field-montgomery-element-layout-specialized-points,3.92638,3.36337,0,0,0,3.36337,ok,true,21249587578973,21249587578973,2.611666,,CAMERA-READY/h100/sweep_fixed/cases_diag_tier/poly_aabbc_bw128_r16.log
poly_aabbc,a*a*b*b*c,prime-field-montgomery,element,specialized,p128_mersenne_2^127_minus_1,128,4,0x7fffffffffffffffffffffffffffffff,18,262144,3,5,1,2,10,whole-run,fixed,triton-sumcheck-prime-field-montgomery-element-layout-specialized-points,75.017,12.073,0.000,0.000000,0.000,12.073,ok,cuda-sumcheck-prime-field-montgomery-element-layout-specialized-points,4.83899,4.19433,0,0,0,4.19433,ok,true,23852566747256,23852566747256,2.878410,,CAMERA-READY/h100/sweep_fixed/cases_diag_tier/poly_aabbc_bw128_r18.log
poly_aabbc,a*a*b*b*c,prime-field-montgomery,element,specialized,p128_mersenne_2^127_minus_1,128,4,0x7fffffffffffffffffffffffffffffff,20,1048576,3,5,1,2,10,whole-run,fixed,triton-sumcheck-prime-field-montgomery-element-layout-specialized-points,81.816,15.797,0.000,0.000000,0.000,15.797,ok,cuda-sumcheck-prime-field-montgomery-element-layout-specialized-points,5.77975,5.16063,0,0,0,5.16063,ok,true,25772397248156,25772397248156,3.061060,,CAMERA-READY/h100/sweep_fixed/cases_diag_tier/poly_aabbc_bw128_r20.log
poly_aabbc,a*a*b*b*c,prime-field-montgomery,element,specialized,p128_mersenne_2^127_minus_1,128,4,0x7fffffffffffffffffffffffffffffff,22,4194304,3,5,1,2,10,whole-run,fixed,triton-sumcheck-prime-field-montgomery-element-layout-specialized-points,86.908,20.265,0.000,0.000000,0.000,20.265,ok,cuda-sumcheck-prime-field-montgomery-element-layout-specialized-points,6.59134,6.28369,0,0,0,6.28369,ok,true,30184414484523,30184414484523,3.225016,,CAMERA-READY/h100/sweep_fixed/cases_diag_tier/poly_aabbc_bw128_r22.log
poly_aabbc,a*a*b*b*c,prime-field-montgomery,element,specialized,p128_mersenne_2^127_minus_1,128,4,0x7fffffffffffffffffffffffffffffff,24,16777216,3,5,1,2,10,whole-run,fixed,triton-sumcheck-prime-field-montgomery-element-layout-specialized-points,88.255,29.430,0.000,0.000000,0.000,29.430,ok,cuda-sumcheck-prime-field-montgomery-element-layout-specialized-points,12.5599,12.2481,0,0,0,12.2481,ok,true,30897279110412,30897279110412,2.402822,,CAMERA-READY/h100/sweep_fixed/cases_diag_tier/poly_aabbc_bw128_r24.log
poly_aabbc,a*a*b*b*c,prime-field-montgomery,element,specialized,p128_mersenne_2^127_minus_1,128,4,0x7fffffffffffffffffffffffffffffff,26,67108864,3,5,1,2,10,whole-run,fixed,triton-sumcheck-prime-field-montgomery-element-layout-specialized-points,128.198,70.782,0.000,0.000000,0.000,70.782,ok,cuda-sumcheck-prime-field-montgomery-element-layout-specialized-points,34.3191,33.8946,0,0,0,33.8946,ok,true,35110715455634,35110715455634,2.088297,,CAMERA-READY/h100/sweep_fixed/cases_diag_tier/poly_aabbc_bw128_r26.log
poly_aabbc,a*a*b*b*c,prime-field-montgomery,element,specialized,p128_mersenne_2^127_minus_1,128,4,0x7fffffffffffffffffffffffffffffff,28,268435456,3,5,1,2,10,whole-run,fixed,triton-sumcheck-prime-field-montgomery-element-layout-specialized-points,290.074,230.216,0.000,0.000000,0.000,230.216,ok,cuda-sumcheck-prime-field-montgomery-element-layout-specialized-points,119.088,121.471,0,0,0,121.471,ok,true,37535745395278,37535745395278,1.895234,,CAMERA-READY/h100/sweep_fixed/cases_diag_tier/poly_aabbc_bw128_r28.log
poly_aabbc,a*a*b*b*c,prime-field-montgomery,element,specialized,p255_bls12_381_scalar,256,8,0x73eda753299d7d483339d80809a1d80553bda402fffe5bfeffffffff00000001,14,16384,3,5,1,2,10,whole-run,fixed,triton-sumcheck-prime-field-montgomery-element-layout-specialized-points,46.758,4.118,0.000,0.000000,0.000,4.118,ok,cuda-sumcheck-prime-field-montgomery-element-layout-specialized-points,3.36352,2.4654,0,0,0,2.4654,ok,true,69014560976751,69014560976751,1.670317,,CAMERA-READY/h100/sweep_fixed/cases_diag_tier/poly_aabbc_bw256_r14.log
poly_aabbc,a*a*b*b*c,prime-field-montgomery,element,specialized,p255_bls12_381_scalar,256,8,0x73eda753299d7d483339d80809a1d80553bda402fffe5bfeffffffff00000001,16,65536,3,5,1,2,10,whole-run,fixed,triton-sumcheck-prime-field-montgomery-element-layout-specialized-points,48.100,5.279,0.000,0.000000,0.000,5.279,ok,cuda-sumcheck-prime-field-montgomery-element-layout-specialized-points,5.0624,3.68977,0,0,0,3.68977,ok,true,83343137385703,83343137385703,1.430712,,CAMERA-READY/h100/sweep_fixed/cases_diag_tier/poly_aabbc_bw256_r16.log
poly_aabbc,a*a*b*b*c,prime-field-montgomery,element,specialized,p255_bls12_381_scalar,256,8,0x73eda753299d7d483339d80809a1d80553bda402fffe5bfeffffffff00000001,18,262144,3,5,1,2,10,whole-run,fixed,triton-sumcheck-prime-field-montgomery-element-layout-specialized-points,83.974,11.925,0.000,0.000000,0.000,11.925,ok,cuda-sumcheck-prime-field-montgomery-element-layout-specialized-points,4.91589,3.99574,0,0,0,3.99574,ok,true,95533497043751,95533497043751,2.984428,,CAMERA-READY/h100/sweep_fixed/cases_diag_tier/poly_aabbc_bw256_r18.log
poly_aabbc,a*a*b*b*c,prime-field-montgomery,element,specialized,p255_bls12_381_scalar,256,8,0x73eda753299d7d483339d80809a1d80553bda402fffe5bfeffffffff00000001,20,1048576,3,5,1,2,10,whole-run,fixed,triton-sumcheck-prime-field-montgomery-element-layout-specialized-points,99.544,16.740,0.000,0.000000,0.000,16.740,ok,cuda-sumcheck-prime-field-montgomery-element-layout-specialized-points,7.90448,6.53908,0,0,0,6.53908,ok,true,106108572155261,106108572155261,2.559993,,CAMERA-READY/h100/sweep_fixed/cases_diag_tier/poly_aabbc_bw256_r20.log
poly_aabbc,a*a*b*b*c,prime-field-montgomery,element,specialized,p255_bls12_381_scalar,256,8,0x73eda753299d7d483339d80809a1d80553bda402fffe5bfeffffffff00000001,22,4194304,3,5,1,2,10,whole-run,fixed,triton-sumcheck-prime-field-montgomery-element-layout-specialized-points,105.292,24.376,0.000,0.000000,0.000,24.376,ok,cuda-sumcheck-prime-field-montgomery-element-layout-specialized-points,13.5065,12.3145,0,0,0,12.3145,ok,true,120649741564508,120649741564508,1.979455,,CAMERA-READY/h100/sweep_fixed/cases_diag_tier/poly_aabbc_bw256_r22.log
poly_aabbc,a*a*b*b*c,prime-field-montgomery,element,specialized,p255_bls12_381_scalar,256,8,0x73eda753299d7d483339d80809a1d80553bda402fffe5bfeffffffff00000001,24,16777216,3,5,1,2,10,whole-run,fixed,triton-sumcheck-prime-field-montgomery-element-layout-specialized-points,130.503,51.705,0.000,0.000000,0.000,51.705,ok,cuda-sumcheck-prime-field-montgomery-element-layout-specialized-points,33.0834,31.7028,0,0,0,31.7028,ok,true,128681760390937,128681760390937,1.630928,,CAMERA-READY/h100/sweep_fixed/cases_diag_tier/poly_aabbc_bw256_r24.log
poly_aabbc,a*a*b*b*c,prime-field-montgomery,element,specialized,p255_bls12_381_scalar,256,8,0x73eda753299d7d483339d80809a1d80553bda402fffe5bfeffffffff00000001,26,67108864,3,5,1,2,10,whole-run,fixed,triton-sumcheck-prime-field-montgomery-element-layout-specialized-points,224.783,157.919,0.000,0.000000,0.000,157.919,ok,cuda-sumcheck-prime-field-montgomery-element-layout-specialized-points,111.186,113.335,0,0,0,113.335,ok,true,133769277075954,133769277075954,1.393382,,CAMERA-READY/h100/sweep_fixed/cases_diag_tier/poly_aabbc_bw256_r26.log
poly_aabbc,a*a*b*b*c,prime-field-montgomery,element,specialized,p255_bls12_381_scalar,256,8,0x73eda753299d7d483339d80809a1d80553bda402fffe5bfeffffffff00000001,28,268435456,3,5,1,2,10,whole-run,fixed,triton-sumcheck-prime-field-montgomery-element-layout-specialized-points,623.573,589.082,0.000,0.000000,0.000,589.082,ok,cuda-sumcheck-prime-field-montgomery-element-layout-specialized-points,434.905,449.741,0,0,0,449.741,ok,true,149369116199550,149369116199550,1.309825,,CAMERA-READY/h100/sweep_fixed/cases_diag_tier/poly_aabbc_bw256_r28.log
poly_abc_plus_de,a*b*c + d*e,prime-field-montgomery,element,specialized,p32_2^32_minus_5,32,1,0xfffffffb,14,16384,5,3,2,2,10,whole-run,fixed,triton-sumcheck-prime-field-montgomery-element-layout-specialized-points,55.547,4.383,0.000,0.000000,0.000,4.383,ok,cuda-sumcheck-prime-field-montgomery-element-layout-specialized-points,1.4712,1.2621,0,0,0,1.2621,ok,true,1909666392322,1909666392322,3.472783,,CAMERA-READY/h100/sweep_fixed/cases_diag_tier/poly_abc_plus_de_bw32_r14.log
poly_abc_plus_de,a*b*c + d*e,prime-field-montgomery,element,specialized,p32_2^32_minus_5,32,1,0xfffffffb,16,65536,5,3,2,2,10,whole-run,fixed,triton-sumcheck-prime-field-montgomery-element-layout-specialized-points,57.927,5.951,0.000,0.000000,0.000,5.951,ok,cuda-sumcheck-prime-field-montgomery-element-layout-specialized-points,1.86583,1.63448,0,0,0,1.63448,ok,true,1717701476400,1717701476400,3.640913,,CAMERA-READY/h100/sweep_fixed/cases_diag_tier/poly_abc_plus_de_bw32_r16.log
poly_abc_plus_de,a*b*c + d*e,prime-field-montgomery,element,specialized,p32_2^32_minus_5,32,1,0xfffffffb,18,262144,5,3,2,2,10,whole-run,fixed,triton-sumcheck-prime-field-montgomery-element-layout-specialized-points,59.004,7.622,0.000,0.000000,0.000,7.622,ok,cuda-sumcheck-prime-field-montgomery-element-layout-specialized-points,2.18049,1.90679,0,0,0,1.90679,ok,true,1776775400517,1776775400517,3.997294,,CAMERA-READY/h100/sweep_fixed/cases_diag_tier/poly_abc_plus_de_bw32_r18.log
poly_abc_plus_de,a*b*c + d*e,prime-field-montgomery,element,specialized,p32_2^32_minus_5,32,1,0xfffffffb,20,1048576,5,3,2,2,10,whole-run,fixed,triton-sumcheck-prime-field-montgomery-element-layout-specialized-points,60.382,9.583,0.000,0.000000,0.000,9.583,ok,cuda-sumcheck-prime-field-montgomery-element-layout-specialized-points,2.58794,2.29409,0,0,0,2.29409,ok,true,2406166411701,2406166411701,4.177255,,CAMERA-READY/h100/sweep_fixed/cases_diag_tier/poly_abc_plus_de_bw32_r20.log
poly_abc_plus_de,a*b*c + d*e,prime-field-montgomery,element,specialized,p32_2^32_minus_5,32,1,0xfffffffb,22,4194304,5,3,2,2,10,whole-run,fixed,triton-sumcheck-prime-field-montgomery-element-layout-specialized-points,63.313,11.965,0.000,0.000000,0.000,11.965,ok,cuda-sumcheck-prime-field-montgomery-element-layout-specialized-points,3.29061,3.06027,0,0,0,3.06027,ok,true,2457159998475,2457159998475,3.909786,,CAMERA-READY/h100/sweep_fixed/cases_diag_tier/poly_abc_plus_de_bw32_r22.log
poly_abc_plus_de,a*b*c + d*e,prime-field-montgomery,element,specialized,p32_2^32_minus_5,32,1,0xfffffffb,24,16777216,5,3,2,2,10,whole-run,fixed,triton-sumcheck-prime-field-montgomery-element-layout-specialized-points,66.971,16.672,0.000,0.000000,0.000,16.672,ok,cuda-sumcheck-prime-field-montgomery-element-layout-specialized-points,5.10529,4.91248,0,0,0,4.91248,ok,true,2836206092356,2836206092356,3.393805,,CAMERA-READY/h100/sweep_fixed/cases_diag_tier/poly_abc_plus_de_bw32_r24.log
poly_abc_plus_de,a*b*c + d*e,prime-field-montgomery,element,specialized,p32_2^32_minus_5,32,1,0xfffffffb,26,67108864,5,3,2,2,10,whole-run,fixed,triton-sumcheck-prime-field-montgomery-element-layout-specialized-points,82.191,33.090,0.000,0.000000,0.000,33.090,ok,cuda-sumcheck-prime-field-montgomery-element-layout-specialized-points,11.5572,11.2818,0,0,0,11.2818,ok,true,2825174463930,2825174463930,2.933043,,CAMERA-READY/h100/sweep_fixed/cases_diag_tier/poly_abc_plus_de_bw32_r26.log
poly_abc_plus_de,a*b*c + d*e,prime-field-montgomery,element,specialized,p32_2^32_minus_5,32,1,0xfffffffb,28,268435456,5,3,2,2,10,whole-run,fixed,triton-sumcheck-prime-field-montgomery-element-layout-specialized-points,144.081,96.346,0.000,0.000000,0.000,96.346,ok,cuda-sumcheck-prime-field-montgomery-element-layout-specialized-points,35.0525,34.896,0,0,0,34.896,ok,true,3298418200311,3298418200311,2.760947,,CAMERA-READY/h100/sweep_fixed/cases_diag_tier/poly_abc_plus_de_bw32_r28.log
poly_abc_plus_de,a*b*c + d*e,prime-field-montgomery,element,specialized,p64_goldilocks,64,2,0xffffffff00000001,14,16384,5,3,2,2,10,whole-run,fixed,triton-sumcheck-prime-field-montgomery-element-layout-specialized-points,56.518,4.457,0.000,0.000000,0.000,4.457,ok,cuda-sumcheck-prime-field-montgomery-element-layout-specialized-points,1.57174,1.35149,0,0,0,1.35149,ok,true,4671777531161,4671777531161,3.297842,,CAMERA-READY/h100/sweep_fixed/cases_diag_tier/poly_abc_plus_de_bw64_r14.log
poly_abc_plus_de,a*b*c + d*e,prime-field-montgomery,element,specialized,p64_goldilocks,64,2,0xffffffff00000001,16,65536,5,3,2,2,10,whole-run,fixed,triton-sumcheck-prime-field-montgomery-element-layout-specialized-points,57.857,5.949,0.000,0.000000,0.000,5.949,ok,cuda-sumcheck-prime-field-montgomery-element-layout-specialized-points,1.89182,1.67863,0,0,0,1.67863,ok,true,5380618670141,5380618670141,3.543961,,CAMERA-READY/h100/sweep_fixed/cases_diag_tier/poly_abc_plus_de_bw64_r16.log
poly_abc_plus_de,a*b*c + d*e,prime-field-montgomery,element,specialized,p64_goldilocks,64,2,0xffffffff00000001,18,262144,5,3,2,2,10,whole-run,fixed,triton-sumcheck-prime-field-montgomery-element-layout-specialized-points,59.535,7.639,0.000,0.000000,0.000,7.639,ok,cuda-sumcheck-prime-field-montgomery-element-layout-specialized-points,2.25203,2.01447,0,0,0,2.01447,ok,true,5826044584269,5826044584269,3.792064,,CAMERA-READY/h100/sweep_fixed/cases_diag_tier/poly_abc_plus_de_bw64_r18.log
poly_abc_plus_de,a*b*c + d*e,prime-field-montgomery,element,specialized,p64_goldilocks,64,2,0xffffffff00000001,20,1048576,5,3,2,2,10,whole-run,fixed,triton-sumcheck-prime-field-montgomery-element-layout-specialized-points,62.195,9.679,0.000,0.000000,0.000,9.679,ok,cuda-sumcheck-prime-field-montgomery-element-layout-specialized-points,2.80896,2.56852,0,0,0,2.56852,ok,true,6999857184671,6999857184671,3.768318,,CAMERA-READY/h100/sweep_fixed/cases_diag_tier/poly_abc_plus_de_bw64_r20.log
poly_abc_plus_de,a*b*c + d*e,prime-field-montgomery,element,specialized,p64_goldilocks,64,2,0xffffffff00000001,22,4194304,5,3,2,2,10,whole-run,fixed,triton-sumcheck-prime-field-montgomery-element-layout-specialized-points,64.917,11.964,0.000,0.000000,0.000,11.964,ok,cuda-sumcheck-prime-field-montgomery-element-layout-specialized-points,3.95156,3.73496,0,0,0,3.73496,ok,true,6898727179448,6898727179448,3.203247,,CAMERA-READY/h100/sweep_fixed/cases_diag_tier/poly_abc_plus_de_bw64_r22.log
poly_abc_plus_de,a*b*c + d*e,prime-field-montgomery,element,specialized,p64_goldilocks,64,2,0xffffffff00000001,24,16777216,5,3,2,2,10,whole-run,fixed,triton-sumcheck-prime-field-montgomery-element-layout-specialized-points,68.615,16.764,0.000,0.000000,0.000,16.764,ok,cuda-sumcheck-prime-field-montgomery-element-layout-specialized-points,7.29399,7.07417,0,0,0,7.07417,ok,true,7893268571175,7893268571175,2.369748,,CAMERA-READY/h100/sweep_fixed/cases_diag_tier/poly_abc_plus_de_bw64_r24.log
poly_abc_plus_de,a*b*c + d*e,prime-field-montgomery,element,specialized,p64_goldilocks,64,2,0xffffffff00000001,26,67108864,5,3,2,2,10,whole-run,fixed,triton-sumcheck-prime-field-montgomery-element-layout-specialized-points,84.553,34.757,0.000,0.000000,0.000,34.757,ok,cuda-sumcheck-prime-field-montgomery-element-layout-specialized-points,19.0942,18.8466,0,0,0,18.8466,ok,true,8596564865252,8596564865252,1.844205,,CAMERA-READY/h100/sweep_fixed/cases_diag_tier/poly_abc_plus_de_bw64_r26.log
poly_abc_plus_de,a*b*c + d*e,prime-field-montgomery,element,specialized,p64_goldilocks,64,2,0xffffffff00000001,28,268435456,5,3,2,2,10,whole-run,fixed,triton-sumcheck-prime-field-montgomery-element-layout-specialized-points,153.216,106.194,0.000,0.000000,0.000,106.194,ok,cuda-sumcheck-prime-field-montgomery-element-layout-specialized-points,64.9407,64.8095,0,0,0,64.8095,ok,true,9083100126425,9083100126425,1.638556,,CAMERA-READY/h100/sweep_fixed/cases_diag_tier/poly_abc_plus_de_bw64_r28.log
poly_abc_plus_de,a*b*c + d*e,prime-field-montgomery,element,specialized,p128_mersenne_2^127_minus_1,128,4,0x7fffffffffffffffffffffffffffffff,14,16384,5,3,2,2,10,whole-run,fixed,triton-sumcheck-prime-field-montgomery-element-layout-specialized-points,58.758,4.499,0.000,0.000000,0.000,4.499,ok,cuda-sumcheck-prime-field-montgomery-element-layout-specialized-points,1.72142,1.40815,0,0,0,1.40815,ok,true,8241547388620,8241547388620,3.194972,,CAMERA-READY/h100/sweep_fixed/cases_diag_tier/poly_abc_plus_de_bw128_r14.log
poly_abc_plus_de,a*b*c + d*e,prime-field-montgomery,element,specialized,p128_mersenne_2^127_minus_1,128,4,0x7fffffffffffffffffffffffffffffff,16,65536,5,3,2,2,10,whole-run,fixed,triton-sumcheck-prime-field-montgomery-element-layout-specialized-points,88.810,5.951,0.000,0.000000,0.000,5.951,ok,cuda-sumcheck-prime-field-montgomery-element-layout-specialized-points,1.97282,1.71276,0,0,0,1.71276,ok,true,11196736679791,11196736679791,3.474509,,CAMERA-READY/h100/sweep_fixed/cases_diag_tier/poly_abc_plus_de_bw128_r16.log
poly_abc_plus_de,a*b*c + d*e,prime-field-montgomery,element,specialized,p128_mersenne_2^127_minus_1,128,4,0x7fffffffffffffffffffffffffffffff,18,262144,5,3,2,2,10,whole-run,fixed,triton-sumcheck-prime-field-montgomery-element-layout-specialized-points,63.344,7.647,0.000,0.000000,0.000,7.647,ok,cuda-sumcheck-prime-field-montgomery-element-layout-specialized-points,2.41864,2.07762,0,0,0,2.07762,ok,true,12063457090516,12063457090516,3.680654,,CAMERA-READY/h100/sweep_fixed/cases_diag_tier/poly_abc_plus_de_bw128_r18.log
poly_abc_plus_de,a*b*c + d*e,prime-field-montgomery,element,specialized,p128_mersenne_2^127_minus_1,128,4,0x7fffffffffffffffffffffffffffffff,20,1048576,5,3,2,2,10,whole-run,fixed,triton-sumcheck-prime-field-montgomery-element-layout-specialized-points,65.308,10.111,0.000,0.000000,0.000,10.111,ok,cuda-sumcheck-prime-field-montgomery-element-layout-specialized-points,3.11934,2.82867,0,0,0,2.82867,ok,true,13398992231612,13398992231612,3.574471,,CAMERA-READY/h100/sweep_fixed/cases_diag_tier/poly_abc_plus_de_bw128_r20.log
poly_abc_plus_de,a*b*c + d*e,prime-field-montgomery,element,specialized,p128_mersenne_2^127_minus_1,128,4,0x7fffffffffffffffffffffffffffffff,22,4194304,5,3,2,2,10,whole-run,fixed,triton-sumcheck-prime-field-montgomery-element-layout-specialized-points,67.640,12.490,0.000,0.000000,0.000,12.490,ok,cuda-sumcheck-prime-field-montgomery-element-layout-specialized-points,4.9851,4.72356,0,0,0,4.72356,ok,true,16039590827494,16039590827494,2.644192,,CAMERA-READY/h100/sweep_fixed/cases_diag_tier/poly_abc_plus_de_bw128_r22.log
poly_abc_plus_de,a*b*c + d*e,prime-field-montgomery,element,specialized,p128_mersenne_2^127_minus_1,128,4,0x7fffffffffffffffffffffffffffffff,24,16777216,5,3,2,2,10,whole-run,fixed,triton-sumcheck-prime-field-montgomery-element-layout-specialized-points,73.827,20.555,0.000,0.000000,0.000,20.555,ok,cuda-sumcheck-prime-field-montgomery-element-layout-specialized-points,11.1853,10.9202,0,0,0,10.9202,ok,true,20922760990092,20922760990092,1.882292,,CAMERA-READY/h100/sweep_fixed/cases_diag_tier/poly_abc_plus_de_bw128_r24.log
poly_abc_plus_de,a*b*c + d*e,prime-field-montgomery,element,specialized,p128_mersenne_2^127_minus_1,128,4,0x7fffffffffffffffffffffffffffffff,26,67108864,5,3,2,2,10,whole-run,fixed,triton-sumcheck-prime-field-montgomery-element-layout-specialized-points,102.759,51.434,0.000,0.000000,0.000,51.434,ok,cuda-sumcheck-prime-field-montgomery-element-layout-specialized-points,34.4777,34.174,0,0,0,34.174,ok,true,24134829883996,24134829883996,1.505062,,CAMERA-READY/h100/sweep_fixed/cases_diag_tier/poly_abc_plus_de_bw128_r26.log
poly_abc_plus_de,a*b*c + d*e,prime-field-montgomery,element,specialized,p128_mersenne_2^127_minus_1,128,4,0x7fffffffffffffffffffffffffffffff,28,268435456,5,3,2,2,10,whole-run,fixed,triton-sumcheck-prime-field-montgomery-element-layout-specialized-points,222.234,173.774,0.000,0.000000,0.000,173.774,ok,cuda-sumcheck-prime-field-montgomery-element-layout-specialized-points,126.006,125.84,0,0,0,125.84,ok,true,26469774709131,26469774709131,1.380912,,CAMERA-READY/h100/sweep_fixed/cases_diag_tier/poly_abc_plus_de_bw128_r28.log
poly_abc_plus_de,a*b*c + d*e,prime-field-montgomery,element,specialized,p255_bls12_381_scalar,256,8,0x73eda753299d7d483339d80809a1d80553bda402fffe5bfeffffffff00000001,14,16384,5,3,2,2,10,whole-run,fixed,triton-sumcheck-prime-field-montgomery-element-layout-specialized-points,66.165,4.473,0.000,0.000000,0.000,4.473,ok,cuda-sumcheck-prime-field-montgomery-element-layout-specialized-points,2.16711,1.66786,0,0,0,1.66786,ok,true,48966331548017,48966331548017,2.681880,,CAMERA-READY/h100/sweep_fixed/cases_diag_tier/poly_abc_plus_de_bw256_r14.log
poly_abc_plus_de,a*b*c + d*e,prime-field-montgomery,element,specialized,p255_bls12_381_scalar,256,8,0x73eda753299d7d483339d80809a1d80553bda402fffe5bfeffffffff00000001,16,65536,5,3,2,2,10,whole-run,fixed,triton-sumcheck-prime-field-montgomery-element-layout-specialized-points,68.120,6.072,0.000,0.000000,0.000,6.072,ok,cuda-sumcheck-prime-field-montgomery-element-layout-specialized-points,2.59486,2.10217,0,0,0,2.10217,ok,true,55633042926721,55633042926721,2.888444,,CAMERA-READY/h100/sweep_fixed/cases_diag_tier/poly_abc_plus_de_bw256_r16.log
poly_abc_plus_de,a*b*c + d*e,prime-field-montgomery,element,specialized,p255_bls12_381_scalar,256,8,0x73eda753299d7d483339d80809a1d80553bda402fffe5bfeffffffff00000001,18,262144,5,3,2,2,10,whole-run,fixed,triton-sumcheck-prime-field-montgomery-element-layout-specialized-points,70.515,7.843,0.000,0.000000,0.000,7.843,ok,cuda-sumcheck-prime-field-montgomery-element-layout-specialized-points,3.21356,2.75059,0,0,0,2.75059,ok,true,64060266775414,64060266775414,2.851388,,CAMERA-READY/h100/sweep_fixed/cases_diag_tier/poly_abc_plus_de_bw256_r18.log
poly_abc_plus_de,a*b*c + d*e,prime-field-montgomery,element,specialized,p255_bls12_381_scalar,256,8,0x73eda753299d7d483339d80809a1d80553bda402fffe5bfeffffffff00000001,20,1048576,5,3,2,2,10,whole-run,fixed,triton-sumcheck-prime-field-montgomery-element-layout-specialized-points,72.034,10.149,0.000,0.000000,0.000,10.149,ok,cuda-sumcheck-prime-field-montgomery-element-layout-specialized-points,4.70322,4.24098,0,0,0,4.24098,ok,true,69355359090394,69355359090394,2.393079,,CAMERA-READY/h100/sweep_fixed/cases_diag_tier/poly_abc_plus_de_bw256_r20.log
poly_abc_plus_de,a*b*c + d*e,prime-field-montgomery,element,specialized,p255_bls12_381_scalar,256,8,0x73eda753299d7d483339d80809a1d80553bda402fffe5bfeffffffff00000001,22,4194304,5,3,2,2,10,whole-run,fixed,triton-sumcheck-prime-field-montgomery-element-layout-specialized-points,76.363,15.253,0.000,0.000000,0.000,15.253,ok,cuda-sumcheck-prime-field-montgomery-element-layout-specialized-points,9.67388,9.10992,0,0,0,9.10992,ok,true,77011178638745,77011178638745,1.674329,,CAMERA-READY/h100/sweep_fixed/cases_diag_tier/poly_abc_plus_de_bw256_r22.log
poly_abc_plus_de,a*b*c + d*e,prime-field-montgomery,element,specialized,p255_bls12_381_scalar,256,8,0x73eda753299d7d483339d80809a1d80553bda402fffe5bfeffffffff00000001,24,16777216,5,3,2,2,10,whole-run,fixed,triton-sumcheck-prime-field-montgomery-element-layout-specialized-points,94.073,34.399,0.000,0.000000,0.000,34.399,ok,cuda-sumcheck-prime-field-montgomery-element-layout-specialized-points,25.1169,24.8569,0,0,0,24.8569,ok,true,83615499668948,83615499668948,1.383881,,CAMERA-READY/h100/sweep_fixed/cases_diag_tier/poly_abc_plus_de_bw256_r24.log
poly_abc_plus_de,a*b*c + d*e,prime-field-montgomery,element,specialized,p255_bls12_381_scalar,256,8,0x73eda753299d7d483339d80809a1d80553bda402fffe5bfeffffffff00000001,26,67108864,5,3,2,2,10,whole-run,fixed,triton-sumcheck-prime-field-montgomery-element-layout-specialized-points,166.660,113.737,0.000,0.000000,0.000,113.737,ok,cuda-sumcheck-prime-field-montgomery-element-layout-specialized-points,88.2043,91.3608,0,0,0,91.3608,ok,true,91820371186531,91820371186531,1.244921,,CAMERA-READY/h100/sweep_fixed/cases_diag_tier/poly_abc_plus_de_bw256_r26.log
poly_abc_plus_de,a*b*c + d*e,prime-field-montgomery,element,specialized,,256,,,28,268435456,5,3,2,2,10,whole-run,fixed,,,,,,,,skipped,,,,,,,,skipped,skipped,,,,returncode=1,CAMERA-READY/h100/sweep_fixed/cases_diag_tier/poly_abc_plus_de_bw256_r28.log
poly_abcg_plus_deg,a*b*c*g + d*e*g,prime-field-montgomery,element,specialized,p32_2^32_minus_5,32,1,0xfffffffb,14,16384,6,4,2,2,10,whole-run,fixed,triton-sumcheck-prime-field-montgomery-element-layout-specialized-points,273.660,7.085,0.000,0.000000,0.000,7.085,ok,cuda-sumcheck-prime-field-montgomery-element-layout-specialized-points,1.77723,1.56969,0,0,0,1.56969,ok,true,1979735584268,1979735584268,4.513630,,CAMERA-READY/h100/sweep_fixed/cases_diag_tier/poly_abcg_plus_deg_bw32_r14.log
poly_abcg_plus_deg,a*b*c*g + d*e*g,prime-field-montgomery,element,specialized,p32_2^32_minus_5,32,1,0xfffffffb,16,65536,6,4,2,2,10,whole-run,fixed,triton-sumcheck-prime-field-montgomery-element-layout-specialized-points,61.154,7.285,0.000,0.000000,0.000,7.285,ok,cuda-sumcheck-prime-field-montgomery-element-layout-specialized-points,2.20505,1.95927,0,0,0,1.95927,ok,true,2125879295033,2125879295033,3.718222,,CAMERA-READY/h100/sweep_fixed/cases_diag_tier/poly_abcg_plus_deg_bw32_r16.log
poly_abcg_plus_deg,a*b*c*g + d*e*g,prime-field-montgomery,element,specialized,p32_2^32_minus_5,32,1,0xfffffffb,18,262144,6,4,2,2,10,whole-run,fixed,triton-sumcheck-prime-field-montgomery-element-layout-specialized-points,63.559,9.429,0.000,0.000000,0.000,9.429,ok,cuda-sumcheck-prime-field-montgomery-element-layout-specialized-points,2.65355,2.361,0,0,0,2.361,ok,true,2572488402926,2572488402926,3.993647,,CAMERA-READY/h100/sweep_fixed/cases_diag_tier/poly_abcg_plus_deg_bw32_r18.log
poly_abcg_plus_deg,a*b*c*g + d*e*g,prime-field-montgomery,element,specialized,p32_2^32_minus_5,32,1,0xfffffffb,20,1048576,6,4,2,2,10,whole-run,fixed,triton-sumcheck-prime-field-montgomery-element-layout-specialized-points,65.996,12.045,0.000,0.000000,0.000,12.045,ok,cuda-sumcheck-prime-field-montgomery-element-layout-specialized-points,3.21812,2.92091,0,0,0,2.92091,ok,true,2590572927384,2590572927384,4.123715,,CAMERA-READY/h100/sweep_fixed/cases_diag_tier/poly_abcg_plus_deg_bw32_r20.log
poly_abcg_plus_deg,a*b*c*g + d*e*g,prime-field-montgomery,element,specialized,p32_2^32_minus_5,32,1,0xfffffffb,22,4194304,6,4,2,2,10,whole-run,fixed,triton-sumcheck-prime-field-montgomery-element-layout-specialized-points,69.082,14.943,0.000,0.000000,0.000,14.943,ok,cuda-sumcheck-prime-field-montgomery-element-layout-specialized-points,4.14936,3.86847,0,0,0,3.86847,ok,true,3255965710179,3255965710179,3.862767,,CAMERA-READY/h100/sweep_fixed/cases_diag_tier/poly_abcg_plus_deg_bw32_r22.log
poly_abcg_plus_deg,a*b*c*g + d*e*g,prime-field-montgomery,element,specialized,p32_2^32_minus_5,32,1,0xfffffffb,24,16777216,6,4,2,2,10,whole-run,fixed,triton-sumcheck-prime-field-montgomery-element-layout-specialized-points,73.294,20.687,0.000,0.000000,0.000,20.687,ok,cuda-sumcheck-prime-field-montgomery-element-layout-specialized-points,6.74336,6.49616,0,0,0,6.49616,ok,true,3490534930779,3490534930779,3.184497,,CAMERA-READY/h100/sweep_fixed/cases_diag_tier/poly_abcg_plus_deg_bw32_r24.log
poly_abcg_plus_deg,a*b*c*g + d*e*g,prime-field-montgomery,element,specialized,p32_2^32_minus_5,32,1,0xfffffffb,26,67108864,6,4,2,2,10,whole-run,fixed,triton-sumcheck-prime-field-montgomery-element-layout-specialized-points,94.517,42.589,0.000,0.000000,0.000,42.589,ok,cuda-sumcheck-prime-field-montgomery-element-layout-specialized-points,15.5491,15.2705,0,0,0,15.2705,ok,true,3597004641945,3597004641945,2.788972,,CAMERA-READY/h100/sweep_fixed/cases_diag_tier/poly_abcg_plus_deg_bw32_r26.log
poly_abcg_plus_deg,a*b*c*g + d*e*g,prime-field-montgomery,element,specialized,p32_2^32_minus_5,32,1,0xfffffffb,28,268435456,6,4,2,2,10,whole-run,fixed,triton-sumcheck-prime-field-montgomery-element-layout-specialized-points,176.416,125.477,0.000,0.000000,0.000,125.477,ok,cuda-sumcheck-prime-field-montgomery-element-layout-specialized-points,48.9564,48.6856,0,0,0,48.6856,ok,true,4213872756990,4213872756990,2.577292,,CAMERA-READY/h100/sweep_fixed/cases_diag_tier/poly_abcg_plus_deg_bw32_r28.log
poly_abcg_plus_deg,a*b*c*g + d*e*g,prime-field-montgomery,element,specialized,p64_goldilocks,64,2,0xffffffff00000001,14,16384,6,4,2,2,10,whole-run,fixed,triton-sumcheck-prime-field-montgomery-element-layout-specialized-points,303.682,7.408,0.000,0.000000,0.000,7.408,ok,cuda-sumcheck-prime-field-montgomery-element-layout-specialized-points,1.98456,1.72734,0,0,0,1.72734,ok,true,5980689741299,5980689741299,4.288675,,CAMERA-READY/h100/sweep_fixed/cases_diag_tier/poly_abcg_plus_deg_bw64_r14.log
poly_abcg_plus_deg,a*b*c*g + d*e*g,prime-field-montgomery,element,specialized,p64_goldilocks,64,2,0xffffffff00000001,16,65536,6,4,2,2,10,whole-run,fixed,triton-sumcheck-prime-field-montgomery-element-layout-specialized-points,62.210,7.580,0.000,0.000000,0.000,7.580,ok,cuda-sumcheck-prime-field-montgomery-element-layout-specialized-points,2.34284,2.09271,0,0,0,2.09271,ok,true,6801517634275,6801517634275,3.622098,,CAMERA-READY/h100/sweep_fixed/cases_diag_tier/poly_abcg_plus_deg_bw64_r16.log
poly_abcg_plus_deg,a*b*c*g + d*e*g,prime-field-montgomery,element,specialized,p64_goldilocks,64,2,0xffffffff00000001,18,262144,6,4,2,2,10,whole-run,fixed,triton-sumcheck-prime-field-montgomery-element-layout-specialized-points,64.785,9.535,0.000,0.000000,0.000,9.535,ok,cuda-sumcheck-prime-field-montgomery-element-layout-specialized-points,2.85964,2.52502,0,0,0,2.52502,ok,true,7293146701126,7293146701126,3.776208,,CAMERA-READY/h100/sweep_fixed/cases_diag_tier/poly_abcg_plus_deg_bw64_r18.log
poly_abcg_plus_deg,a*b*c*g + d*e*g,prime-field-montgomery,element,specialized,p64_goldilocks,64,2,0xffffffff00000001,20,1048576,6,4,2,2,10,whole-run,fixed,triton-sumcheck-prime-field-montgomery-element-layout-specialized-points,68.606,11.909,0.000,0.000000,0.000,11.909,ok,cuda-sumcheck-prime-field-montgomery-element-layout-specialized-points,3.47604,3.23208,0,0,0,3.23208,ok,true,7955119514745,7955119514745,3.684624,,CAMERA-READY/h100/sweep_fixed/cases_diag_tier/poly_abcg_plus_deg_bw64_r20.log
poly_abcg_plus_deg,a*b*c*g + d*e*g,prime-field-montgomery,element,specialized,p64_goldilocks,64,2,0xffffffff00000001,22,4194304,6,4,2,2,10,whole-run,fixed,triton-sumcheck-prime-field-montgomery-element-layout-specialized-points,70.085,14.864,0.000,0.000000,0.000,14.864,ok,cuda-sumcheck-prime-field-montgomery-element-layout-specialized-points,5.12281,4.9053,0,0,0,4.9053,ok,true,9638674309615,9638674309615,3.030192,,CAMERA-READY/h100/sweep_fixed/cases_diag_tier/poly_abcg_plus_deg_bw64_r22.log
poly_abcg_plus_deg,a*b*c*g + d*e*g,prime-field-montgomery,element,specialized,p64_goldilocks,64,2,0xffffffff00000001,24,16777216,6,4,2,2,10,whole-run,fixed,triton-sumcheck-prime-field-montgomery-element-layout-specialized-points,76.618,22.068,0.000,0.000000,0.000,22.068,ok,cuda-sumcheck-prime-field-montgomery-element-layout-specialized-points,9.8893,9.62336,0,0,0,9.62336,ok,true,9702232967908,9702232967908,2.293170,,CAMERA-READY/h100/sweep_fixed/cases_diag_tier/poly_abcg_plus_deg_bw64_r24.log
poly_abcg_plus_deg,a*b*c*g + d*e*g,prime-field-montgomery,element,specialized,p64_goldilocks,64,2,0xffffffff00000001,26,67108864,6,4,2,2,10,whole-run,fixed,triton-sumcheck-prime-field-montgomery-element-layout-specialized-points,99.743,47.650,0.000,0.000000,0.000,47.650,ok,cuda-sumcheck-prime-field-montgomery-element-layout-specialized-points,26.5068,26.3589,0,0,0,26.3589,ok,true,11190513543521,11190513543521,1.807739,,CAMERA-READY/h100/sweep_fixed/cases_diag_tier/poly_abcg_plus_deg_bw64_r26.log
poly_abcg_plus_deg,a*b*c*g + d*e*g,prime-field-montgomery,element,specialized,p64_goldilocks,64,2,0xffffffff00000001,28,268435456,6,4,2,2,10,whole-run,fixed,triton-sumcheck-prime-field-montgomery-element-layout-specialized-points,197.614,150.361,0.000,0.000000,0.000,150.361,ok,cuda-sumcheck-prime-field-montgomery-element-layout-specialized-points,93.0802,94.3912,0,0,0,94.3912,ok,true,11411667201688,11411667201688,1.592956,,CAMERA-READY/h100/sweep_fixed/cases_diag_tier/poly_abcg_plus_deg_bw64_r28.log
poly_abcg_plus_deg,a*b*c*g + d*e*g,prime-field-montgomery,element,specialized,p128_mersenne_2^127_minus_1,128,4,0x7fffffffffffffffffffffffffffffff,14,16384,6,4,2,2,10,whole-run,fixed,triton-sumcheck-prime-field-montgomery-element-layout-specialized-points,590.791,5.475,0.000,0.000000,0.000,5.475,ok,cuda-sumcheck-prime-field-montgomery-element-layout-specialized-points,2.25575,1.83021,0,0,0,1.83021,ok,true,15844379958719,15844379958719,2.991460,,CAMERA-READY/h100/sweep_fixed/cases_diag_tier/poly_abcg_plus_deg_bw128_r14.log
poly_abcg_plus_deg,a*b*c*g + d*e*g,prime-field-montgomery,element,specialized,p128_mersenne_2^127_minus_1,128,4,0x7fffffffffffffffffffffffffffffff,16,65536,6,4,2,2,10,whole-run,fixed,triton-sumcheck-prime-field-montgomery-element-layout-specialized-points,66.055,7.280,0.000,0.000000,0.000,7.280,ok,cuda-sumcheck-prime-field-montgomery-element-layout-specialized-points,2.64341,2.2809,0,0,0,2.2809,ok,true,18104604009375,18104604009375,3.191723,,CAMERA-READY/h100/sweep_fixed/cases_diag_tier/poly_abcg_plus_deg_bw128_r16.log
poly_abcg_plus_deg,a*b*c*g + d*e*g,prime-field-montgomery,element,specialized,p128_mersenne_2^127_minus_1,128,4,0x7fffffffffffffffffffffffffffffff,18,262144,6,4,2,2,10,whole-run,fixed,triton-sumcheck-prime-field-montgomery-element-layout-specialized-points,68.320,9.576,0.000,0.000000,0.000,9.576,ok,cuda-sumcheck-prime-field-montgomery-element-layout-specialized-points,3.21012,2.85261,0,0,0,2.85261,ok,true,19461377415064,19461377415064,3.356926,,CAMERA-READY/h100/sweep_fixed/cases_diag_tier/poly_abcg_plus_deg_bw128_r18.log
poly_abcg_plus_deg,a*b*c*g + d*e*g,prime-field-montgomery,element,specialized,p128_mersenne_2^127_minus_1,128,4,0x7fffffffffffffffffffffffffffffff,20,1048576,6,4,2,2,10,whole-run,fixed,triton-sumcheck-prime-field-montgomery-element-layout-specialized-points,70.959,12.380,0.000,0.000000,0.000,12.380,ok,cuda-sumcheck-prime-field-montgomery-element-layout-specialized-points,4.03419,3.71049,0,0,0,3.71049,ok,true,22109765432638,22109765432638,3.336487,,CAMERA-READY/h100/sweep_fixed/cases_diag_tier/poly_abcg_plus_deg_bw128_r20.log
poly_abcg_plus_deg,a*b*c*g + d*e*g,prime-field-montgomery,element,specialized,p128_mersenne_2^127_minus_1,128,4,0x7fffffffffffffffffffffffffffffff,22,4194304,6,4,2,2,10,whole-run,fixed,triton-sumcheck-prime-field-montgomery-element-layout-specialized-points,74.430,15.754,0.000,0.000000,0.000,15.754,ok,cuda-sumcheck-prime-field-montgomery-element-layout-specialized-points,6.65192,6.40636,0,0,0,6.40636,ok,true,25717289176059,25717289176059,2.459119,,CAMERA-READY/h100/sweep_fixed/cases_diag_tier/poly_abcg_plus_deg_bw128_r22.log
poly_abcg_plus_deg,a*b*c*g + d*e*g,prime-field-montgomery,element,specialized,p128_mersenne_2^127_minus_1,128,4,0x7fffffffffffffffffffffffffffffff,24,16777216,6,4,2,2,10,whole-run,fixed,triton-sumcheck-prime-field-montgomery-element-layout-specialized-points,86.962,28.649,0.000,0.000000,0.000,28.649,ok,cuda-sumcheck-prime-field-montgomery-element-layout-specialized-points,15.9711,15.6218,0,0,0,15.6218,ok,true,25575608459154,25575608459154,1.833912,,CAMERA-READY/h100/sweep_fixed/cases_diag_tier/poly_abcg_plus_deg_bw128_r24.log
poly_abcg_plus_deg,a*b*c*g + d*e*g,prime-field-montgomery,element,specialized,p128_mersenne_2^127_minus_1,128,4,0x7fffffffffffffffffffffffffffffff,26,67108864,6,4,2,2,10,whole-run,fixed,triton-sumcheck-prime-field-montgomery-element-layout-specialized-points,132.193,75.496,0.000,0.000000,0.000,75.496,ok,cuda-sumcheck-prime-field-montgomery-element-layout-specialized-points,49.2811,48.8735,0,0,0,48.8735,ok,true,28999249830473,28999249830473,1.544723,,CAMERA-READY/h100/sweep_fixed/cases_diag_tier/poly_abcg_plus_deg_bw128_r26.log
poly_abcg_plus_deg,a*b*c*g + d*e*g,prime-field-montgomery,element,specialized,p128_mersenne_2^127_minus_1,128,4,0x7fffffffffffffffffffffffffffffff,28,268435456,6,4,2,2,10,whole-run,fixed,triton-sumcheck-prime-field-montgomery-element-layout-specialized-points,316.673,262.120,0.000,0.000000,0.000,262.120,ok,cuda-sumcheck-prime-field-montgomery-element-layout-specialized-points,181.16,183.934,0,0,0,183.934,ok,true,32059214445882,32059214445882,1.425076,,CAMERA-READY/h100/sweep_fixed/cases_diag_tier/poly_abcg_plus_deg_bw128_r28.log
poly_abcg_plus_deg,a*b*c*g + d*e*g,prime-field-montgomery,element,specialized,p255_bls12_381_scalar,256,8,0x73eda753299d7d483339d80809a1d80553bda402fffe5bfeffffffff00000001,14,16384,6,4,2,2,10,whole-run,fixed,triton-sumcheck-prime-field-montgomery-element-layout-specialized-points,2148.548,7.530,0.000,0.000000,0.000,7.530,ok,cuda-sumcheck-prime-field-montgomery-element-layout-specialized-points,3.40412,2.32092,0,0,0,2.32092,ok,true,62501546030027,62501546030027,3.244403,,CAMERA-READY/h100/sweep_fixed/cases_diag_tier/poly_abcg_plus_deg_bw256_r14.log
poly_abcg_plus_deg,a*b*c*g + d*e*g,prime-field-montgomery,element,specialized,p255_bls12_381_scalar,256,8,0x73eda753299d7d483339d80809a1d80553bda402fffe5bfeffffffff00000001,16,65536,6,4,2,2,10,whole-run,fixed,triton-sumcheck-prime-field-montgomery-element-layout-specialized-points,78.812,7.732,0.000,0.000000,0.000,7.732,ok,cuda-sumcheck-prime-field-montgomery-element-layout-specialized-points,3.87114,2.91852,0,0,0,2.91852,ok,true,72781531959799,72781531959799,2.649288,,CAMERA-READY/h100/sweep_fixed/cases_diag_tier/poly_abcg_plus_deg_bw256_r16.log
poly_abcg_plus_deg,a*b*c*g + d*e*g,prime-field-montgomery,element,specialized,p255_bls12_381_scalar,256,8,0x73eda753299d7d483339d80809a1d80553bda402fffe5bfeffffffff00000001,18,262144,6,4,2,2,10,whole-run,fixed,triton-sumcheck-prime-field-montgomery-element-layout-specialized-points,80.785,9.770,0.000,0.000000,0.000,9.770,ok,cuda-sumcheck-prime-field-montgomery-element-layout-specialized-points,4.87688,3.975,0,0,0,3.975,ok,true,77191651681430,77191651681430,2.457862,,CAMERA-READY/h100/sweep_fixed/cases_diag_tier/poly_abcg_plus_deg_bw256_r18.log
poly_abcg_plus_deg,a*b*c*g + d*e*g,prime-field-montgomery,element,specialized,p255_bls12_381_scalar,256,8,0x73eda753299d7d483339d80809a1d80553bda402fffe5bfeffffffff00000001,20,1048576,6,4,2,2,10,whole-run,fixed,triton-sumcheck-prime-field-montgomery-element-layout-specialized-points,82.926,12.980,0.000,0.000000,0.000,12.980,ok,cuda-sumcheck-prime-field-montgomery-element-layout-specialized-points,7.32272,6.35888,0,0,0,6.35888,ok,true,89392746512329,89392746512329,2.041240,,CAMERA-READY/h100/sweep_fixed/cases_diag_tier/poly_abcg_plus_deg_bw256_r20.log
poly_abcg_plus_deg,a*b*c*g + d*e*g,prime-field-montgomery,element,specialized,p255_bls12_381_scalar,256,8,0x73eda753299d7d483339d80809a1d80553bda402fffe5bfeffffffff00000001,22,4194304,6,4,2,2,10,whole-run,fixed,triton-sumcheck-prime-field-montgomery-element-layout-specialized-points,91.762,22.002,0.000,0.000000,0.000,22.002,ok,cuda-sumcheck-prime-field-montgomery-element-layout-specialized-points,14.7121,13.7016,0,0,0,13.7016,ok,true,96600331452742,96600331452742,1.605798,,CAMERA-READY/h100/sweep_fixed/cases_diag_tier/poly_abcg_plus_deg_bw256_r22.log
poly_abcg_plus_deg,a*b*c*g + d*e*g,prime-field-montgomery,element,specialized,p255_bls12_381_scalar,256,8,0x73eda753299d7d483339d80809a1d80553bda402fffe5bfeffffffff00000001,24,16777216,6,4,2,2,10,whole-run,fixed,triton-sumcheck-prime-field-montgomery-element-layout-specialized-points,122.551,54.896,0.000,0.000000,0.000,54.896,ok,cuda-sumcheck-prime-field-montgomery-element-layout-specialized-points,41.8148,41.0202,0,0,0,41.0202,ok,true,103752952180696,103752952180696,1.338267,,CAMERA-READY/h100/sweep_fixed/cases_diag_tier/poly_abcg_plus_deg_bw256_r24.log
poly_abcg_plus_deg,a*b*c*g + d*e*g,prime-field-montgomery,element,specialized,p255_bls12_381_scalar,256,8,0x73eda753299d7d483339d80809a1d80553bda402fffe5bfeffffffff00000001,26,67108864,6,4,2,2,10,whole-run,fixed,triton-sumcheck-prime-field-montgomery-element-layout-specialized-points,252.296,188.021,0.000,0.000000,0.000,188.021,ok,cuda-sumcheck-prime-field-montgomery-element-layout-specialized-points,152.445,155.426,0,0,0,155.426,ok,true,112415656567175,112415656567175,1.209714,,CAMERA-READY/h100/sweep_fixed/cases_diag_tier/poly_abcg_plus_deg_bw256_r26.log
poly_abcg_plus_deg,a*b*c*g + d*e*g,prime-field-montgomery,element,specialized,,256,,,28,268435456,6,4,2,2,10,whole-run,fixed,,,,,,,,skipped,,,,,,,,skipped,skipped,,,,returncode=1,CAMERA-READY/h100/sweep_fixed/cases_diag_tier/poly_abcg_plus_deg_bw256_r28.log
