workload,polynomial,arithmetic,layout,point_mode,field,bit_width,limbs,modulus_hex,rounds,N,vars,degree,terms,warmups,repeats,timing_mode,challenge_mode,triton_backend,triton_first_ms,triton_median_ms,triton_eval_median_ms,triton_challenge_median_ms,triton_fold_median_ms,triton_total_median_ms,triton_status,cuda_backend,cuda_first_ms,cuda_median_ms,cuda_eval_median_ms,cuda_challenge_median_ms,cuda_fold_median_ms,cuda_total_median_ms,cuda_status,checksum_match,triton_checksum,cuda_checksum,cuda_speedup_vs_triton,skip_reason,log_path
zk_verifiable_asics,qadd*a + qadd*b + qmul*a*b,prime-field-montgomery,element,specialized,p255_bls12_381_scalar,256,8,0x73eda753299d7d483339d80809a1d80553bda402fffe5bfeffffffff00000001,14,16384,4,3,3,2,10,whole-run,fixed,triton-sumcheck-prime-field-montgomery-element-layout-specialized-points,3777.744,6.740,0.000,0.000000,0.000,6.740,ok,cuda-sumcheck-prime-field-montgomery-element-layout-specialized-points,2.65566,1.98127,0,0,0,1.98127,ok,true,47415430552295,47415430552295,3.401858,,CAMERA-READY/h100/sweep_fixed/cases_zk_256/zk_verifiable_asics_bw256_r14.log
zk_verifiable_asics,qadd*a + qadd*b + qmul*a*b,prime-field-montgomery,element,specialized,p255_bls12_381_scalar,256,8,0x73eda753299d7d483339d80809a1d80553bda402fffe5bfeffffffff00000001,16,65536,4,3,3,2,10,whole-run,fixed,triton-sumcheck-prime-field-montgomery-element-layout-specialized-points,76.866,6.791,0.000,0.000000,0.000,6.791,ok,cuda-sumcheck-prime-field-montgomery-element-layout-specialized-points,2.65063,2.12345,0,0,0,2.12345,ok,true,59790763300346,59790763300346,3.198097,,CAMERA-READY/h100/sweep_fixed/cases_zk_256/zk_verifiable_asics_bw256_r16.log
zk_verifiable_asics,qadd*a + qadd*b + qmul*a*b,prime-field-montgomery,element,specialized,p255_bls12_381_scalar,256,8,0x73eda753299d7d483339d80809a1d80553bda402fffe5bfeffffffff00000001,18,262144,4,3,3,2,10,whole-run,fixed,triton-sumcheck-prime-field-montgomery-element-layout-specialized-points,84.076,9.273,0.000,0.000000,0.000,9.273,ok,cuda-sumcheck-prime-field-montgomery-element-layout-specialized-points,3.84252,3.11318,0,0,0,3.11318,ok,true,64454544819704,64454544819704,2.978626,,CAMERA-READY/h100/sweep_fixed/cases_zk_256/zk_verifiable_asics_bw256_r18.log
zk_verifiable_asics,qadd*a + qadd*b + qmul*a*b,prime-field-montgomery,element,specialized,p255_bls12_381_scalar,256,8,0x73eda753299d7d483339d80809a1d80553bda402fffe5bfeffffffff00000001,20,1048576,4,3,3,2,10,whole-run,fixed,triton-sumcheck-prime-field-montgomery-element-layout-specialized-points,82.468,11.261,0.000,0.000000,0.000,11.261,ok,cuda-sumcheck-prime-field-montgomery-element-layout-specialized-points,5.45716,4.83373,0,0,0,4.83373,ok,true,70416093270679,70416093270679,2.329671,,CAMERA-READY/h100/sweep_fixed/cases_zk_256/zk_verifiable_asics_bw256_r20.log
zk_verifiable_asics,qadd*a + qadd*b + qmul*a*b,prime-field-montgomery,element,specialized,p255_bls12_381_scalar,256,8,0x73eda753299d7d483339d80809a1d80553bda402fffe5bfeffffffff00000001,22,4194304,4,3,3,2,10,whole-run,fixed,triton-sumcheck-prime-field-montgomery-element-layout-specialized-points,86.093,17.013,0.000,0.000000,0.000,17.013,ok,cuda-sumcheck-prime-field-montgomery-element-layout-specialized-points,9.90588,9.23804,0,0,0,9.23804,ok,true,79426890959858,79426890959858,1.841624,,CAMERA-READY/h100/sweep_fixed/cases_zk_256/zk_verifiable_asics_bw256_r22.log
zk_verifiable_asics,qadd*a + qadd*b + qmul*a*b,prime-field-montgomery,element,specialized,p255_bls12_381_scalar,256,8,0x73eda753299d7d483339d80809a1d80553bda402fffe5bfeffffffff00000001,24,16777216,4,3,3,2,10,whole-run,fixed,triton-sumcheck-prime-field-montgomery-element-layout-specialized-points,104.077,37.473,0.000,0.000000,0.000,37.473,ok,cuda-sumcheck-prime-field-montgomery-element-layout-specialized-points,25.7705,25.079,0,0,0,25.079,ok,true,84370170378416,84370170378416,1.494198,,CAMERA-READY/h100/sweep_fixed/cases_zk_256/zk_verifiable_asics_bw256_r24.log
zk_verifiable_asics,qadd*a + qadd*b + qmul*a*b,prime-field-montgomery,element,specialized,p255_bls12_381_scalar,256,8,0x73eda753299d7d483339d80809a1d80553bda402fffe5bfeffffffff00000001,26,67108864,4,3,3,2,10,whole-run,fixed,triton-sumcheck-prime-field-montgomery-element-layout-specialized-points,195.161,119.480,0.000,0.000000,0.000,119.480,ok,cuda-sumcheck-prime-field-montgomery-element-layout-specialized-points,88.4515,90.0693,0,0,0,90.0693,ok,true,94693997208616,94693997208616,1.326534,,CAMERA-READY/h100/sweep_fixed/cases_zk_256/zk_verifiable_asics_bw256_r26.log
zk_verifiable_asics,qadd*a + qadd*b + qmul*a*b,prime-field-montgomery,element,specialized,,256,,,28,268435456,4,3,3,2,10,whole-run,fixed,,,,,,,,skipped,,,,,,,,skipped,skipped,,,,returncode=1,CAMERA-READY/h100/sweep_fixed/cases_zk_256/zk_verifiable_asics_bw256_r28.log
zk_spartan_1,A*B*fz - C*fz,prime-field-montgomery,element,specialized,p255_bls12_381_scalar,256,8,0x73eda753299d7d483339d80809a1d80553bda402fffe5bfeffffffff00000001,14,16384,4,3,2,2,10,whole-run,fixed,triton-sumcheck-prime-field-montgomery-element-layout-specialized-points,73.955,5.237,0.000,0.000000,0.000,5.237,ok,cuda-sumcheck-prime-field-montgomery-element-layout-specialized-points,2.4709,1.85724,0,0,0,1.85724,ok,true,47792807030865,47792807030865,2.819776,,CAMERA-READY/h100/sweep_fixed/cases_zk_256/zk_spartan_1_bw256_r14.log
zk_spartan_1,A*B*fz - C*fz,prime-field-montgomery,element,specialized,p255_bls12_381_scalar,256,8,0x73eda753299d7d483339d80809a1d80553bda402fffe5bfeffffffff00000001,16,65536,4,3,2,2,10,whole-run,fixed,triton-sumcheck-prime-field-montgomery-element-layout-specialized-points,76.029,6.840,0.000,0.000000,0.000,6.840,ok,cuda-sumcheck-prime-field-montgomery-element-layout-specialized-points,3.13493,2.38657,0,0,0,2.38657,ok,true,56369938536483,56369938536483,2.866038,,CAMERA-READY/h100/sweep_fixed/cases_zk_256/zk_spartan_1_bw256_r16.log
zk_spartan_1,A*B*fz - C*fz,prime-field-montgomery,element,specialized,p255_bls12_381_scalar,256,8,0x73eda753299d7d483339d80809a1d80553bda402fffe5bfeffffffff00000001,18,262144,4,3,2,2,10,whole-run,fixed,triton-sumcheck-prime-field-montgomery-element-layout-specialized-points,76.357,8.863,0.000,0.000000,0.000,8.863,ok,cuda-sumcheck-prime-field-montgomery-element-layout-specialized-points,3.75626,3.02329,0,0,0,3.02329,ok,true,66496136948956,66496136948956,2.931575,,CAMERA-READY/h100/sweep_fixed/cases_zk_256/zk_spartan_1_bw256_r18.log
zk_spartan_1,A*B*fz - C*fz,prime-field-montgomery,element,specialized,p255_bls12_381_scalar,256,8,0x73eda753299d7d483339d80809a1d80553bda402fffe5bfeffffffff00000001,20,1048576,4,3,2,2,10,whole-run,fixed,triton-sumcheck-prime-field-montgomery-element-layout-specialized-points,80.785,11.312,0.000,0.000000,0.000,11.312,ok,cuda-sumcheck-prime-field-montgomery-element-layout-specialized-points,4.99205,4.41596,0,0,0,4.41596,ok,true,74004653088340,74004653088340,2.561617,,CAMERA-READY/h100/sweep_fixed/cases_zk_256/zk_spartan_1_bw256_r20.log
zk_spartan_1,A*B*fz - C*fz,prime-field-montgomery,element,specialized,p255_bls12_381_scalar,256,8,0x73eda753299d7d483339d80809a1d80553bda402fffe5bfeffffffff00000001,22,4194304,4,3,2,2,10,whole-run,fixed,triton-sumcheck-prime-field-montgomery-element-layout-specialized-points,84.817,16.199,0.000,0.000000,0.000,16.199,ok,cuda-sumcheck-prime-field-montgomery-element-layout-specialized-points,8.74171,8.12672,0,0,0,8.12672,ok,true,78339251462199,78339251462199,1.993301,,CAMERA-READY/h100/sweep_fixed/cases_zk_256/zk_spartan_1_bw256_r22.log
zk_spartan_1,A*B*fz - C*fz,prime-field-montgomery,element,specialized,p255_bls12_381_scalar,256,8,0x73eda753299d7d483339d80809a1d80553bda402fffe5bfeffffffff00000001,24,16777216,4,3,2,2,10,whole-run,fixed,triton-sumcheck-prime-field-montgomery-element-layout-specialized-points,99.616,33.423,0.000,0.000000,0.000,33.423,ok,cuda-sumcheck-prime-field-montgomery-element-layout-specialized-points,21.9526,21.3286,0,0,0,21.3286,ok,true,87464484524547,87464484524547,1.567051,,CAMERA-READY/h100/sweep_fixed/cases_zk_256/zk_spartan_1_bw256_r24.log
zk_spartan_1,A*B*fz - C*fz,prime-field-montgomery,element,specialized,p255_bls12_381_scalar,256,8,0x73eda753299d7d483339d80809a1d80553bda402fffe5bfeffffffff00000001,26,67108864,4,3,2,2,10,whole-run,fixed,triton-sumcheck-prime-field-montgomery-element-layout-specialized-points,169.197,102.635,0.000,0.000000,0.000,102.635,ok,cuda-sumcheck-prime-field-montgomery-element-layout-specialized-points,72.4252,75.6688,0,0,0,75.6688,ok,true,90216883790761,90216883790761,1.356371,,CAMERA-READY/h100/sweep_fixed/cases_zk_256/zk_spartan_1_bw256_r26.log
zk_spartan_1,A*B*fz - C*fz,prime-field-montgomery,element,specialized,,256,,,28,268435456,4,3,2,2,10,whole-run,fixed,,,,,,,,skipped,,,,,,,,skipped,skipped,,,,returncode=1,CAMERA-READY/h100/sweep_fixed/cases_zk_256/zk_spartan_1_bw256_r28.log
zk_spartan_2,ABC*Z,prime-field-montgomery,element,specialized,p255_bls12_381_scalar,256,8,0x73eda753299d7d483339d80809a1d80553bda402fffe5bfeffffffff00000001,14,16384,2,2,1,2,10,whole-run,fixed,triton-sumcheck-prime-field-montgomery-element-layout-specialized-points,33.345,2.229,0.000,0.000000,0.000,2.229,ok,cuda-sumcheck-prime-field-montgomery-element-layout-specialized-points,1.71563,1.36337,0,0,0,1.36337,ok,true,35920410883539,35920410883539,1.634919,,CAMERA-READY/h100/sweep_fixed/cases_zk_256/zk_spartan_2_bw256_r14.log
zk_spartan_2,ABC*Z,prime-field-montgomery,element,specialized,p255_bls12_381_scalar,256,8,0x73eda753299d7d483339d80809a1d80553bda402fffe5bfeffffffff00000001,16,65536,2,2,1,2,10,whole-run,fixed,triton-sumcheck-prime-field-montgomery-element-layout-specialized-points,31.945,2.666,0.000,0.000000,0.000,2.666,ok,cuda-sumcheck-prime-field-montgomery-element-layout-specialized-points,2.06728,1.7319,0,0,0,1.7319,ok,true,44029419221463,44029419221463,1.539350,,CAMERA-READY/h100/sweep_fixed/cases_zk_256/zk_spartan_2_bw256_r16.log
zk_spartan_2,ABC*Z,prime-field-montgomery,element,specialized,p255_bls12_381_scalar,256,8,0x73eda753299d7d483339d80809a1d80553bda402fffe5bfeffffffff00000001,18,262144,2,2,1,2,10,whole-run,fixed,triton-sumcheck-prime-field-montgomery-element-layout-specialized-points,35.582,3.562,0.000,0.000000,0.000,3.562,ok,cuda-sumcheck-prime-field-montgomery-element-layout-specialized-points,2.46975,2.16874,0,0,0,2.16874,ok,true,46920386098300,46920386098300,1.642428,,CAMERA-READY/h100/sweep_fixed/cases_zk_256/zk_spartan_2_bw256_r18.log
zk_spartan_2,ABC*Z,prime-field-montgomery,element,specialized,p255_bls12_381_scalar,256,8,0x73eda753299d7d483339d80809a1d80553bda402fffe5bfeffffffff00000001,20,1048576,2,2,1,2,10,whole-run,fixed,triton-sumcheck-prime-field-montgomery-element-layout-specialized-points,34.512,4.440,0.000,0.000000,0.000,4.440,ok,cuda-sumcheck-prime-field-montgomery-element-layout-specialized-points,3.23833,2.86845,0,0,0,2.86845,ok,true,52403202760155,52403202760155,1.547874,,CAMERA-READY/h100/sweep_fixed/cases_zk_256/zk_spartan_2_bw256_r20.log
zk_spartan_2,ABC*Z,prime-field-montgomery,element,specialized,p255_bls12_381_scalar,256,8,0x73eda753299d7d483339d80809a1d80553bda402fffe5bfeffffffff00000001,22,4194304,2,2,1,2,10,whole-run,fixed,triton-sumcheck-prime-field-montgomery-element-layout-specialized-points,35.955,6.496,0.000,0.000000,0.000,6.496,ok,cuda-sumcheck-prime-field-montgomery-element-layout-specialized-points,4.75332,4.4202,0,0,0,4.4202,ok,true,60498654243950,60498654243950,1.469617,,CAMERA-READY/h100/sweep_fixed/cases_zk_256/zk_spartan_2_bw256_r22.log
zk_spartan_2,ABC*Z,prime-field-montgomery,element,specialized,p255_bls12_381_scalar,256,8,0x73eda753299d7d483339d80809a1d80553bda402fffe5bfeffffffff00000001,24,16777216,2,2,1,2,10,whole-run,fixed,triton-sumcheck-prime-field-montgomery-element-layout-specialized-points,41.717,13.390,0.000,0.000000,0.000,13.390,ok,cuda-sumcheck-prime-field-montgomery-element-layout-specialized-points,9.74991,9.36139,0,0,0,9.36139,ok,true,62247910145291,62247910145291,1.430343,,CAMERA-READY/h100/sweep_fixed/cases_zk_256/zk_spartan_2_bw256_r24.log
zk_spartan_2,ABC*Z,prime-field-montgomery,element,specialized,p255_bls12_381_scalar,256,8,0x73eda753299d7d483339d80809a1d80553bda402fffe5bfeffffffff00000001,26,67108864,2,2,1,2,10,whole-run,fixed,triton-sumcheck-prime-field-montgomery-element-layout-specialized-points,99.126,44.393,0.000,0.000000,0.000,44.393,ok,cuda-sumcheck-prime-field-montgomery-element-layout-specialized-points,27.9463,28.2371,0,0,0,28.2371,ok,true,68715809920550,68715809920550,1.572152,,CAMERA-READY/h100/sweep_fixed/cases_zk_256/zk_spartan_2_bw256_r26.log
zk_spartan_2,ABC*Z,prime-field-montgomery,element,specialized,p255_bls12_381_scalar,256,8,0x73eda753299d7d483339d80809a1d80553bda402fffe5bfeffffffff00000001,28,268435456,2,2,1,2,10,whole-run,fixed,triton-sumcheck-prime-field-montgomery-element-layout-specialized-points,203.666,157.962,0.000,0.000000,0.000,157.962,ok,cuda-sumcheck-prime-field-montgomery-element-layout-specialized-points,103.937,110.125,0,0,0,110.125,ok,true,74979165578551,74979165578551,1.434388,,CAMERA-READY/h100/sweep_fixed/cases_zk_256/zk_spartan_2_bw256_r28.log
zk_witness_non_id,q_non-id-point*y*y - q_non-id-point*x*x*x - 5*q_non-id-point,prime-field-montgomery,element,specialized,p255_bls12_381_scalar,256,8,0x73eda753299d7d483339d80809a1d80553bda402fffe5bfeffffffff00000001,14,16384,3,4,3,2,10,whole-run,fixed,triton-sumcheck-prime-field-montgomery-element-layout-specialized-points,75.370,5.610,0.000,0.000000,0.000,5.610,ok,cuda-sumcheck-prime-field-montgomery-element-layout-specialized-points,3.15895,2.25828,0,0,0,2.25828,ok,true,62685755827500,62685755827500,2.484192,,CAMERA-READY/h100/sweep_fixed/cases_zk_256/zk_witness_non_id_bw256_r14.log
zk_witness_non_id,q_non-id-point*y*y - q_non-id-point*x*x*x - 5*q_non-id-point,prime-field-montgomery,element,specialized,p255_bls12_381_scalar,256,8,0x73eda753299d7d483339d80809a1d80553bda402fffe5bfeffffffff00000001,16,65536,3,4,3,2,10,whole-run,fixed,triton-sumcheck-prime-field-montgomery-element-layout-specialized-points,76.960,7.495,0.000,0.000000,0.000,7.495,ok,cuda-sumcheck-prime-field-montgomery-element-layout-specialized-points,3.63757,2.75632,0,0,0,2.75632,ok,true,72317547246789,72317547246789,2.719205,,CAMERA-READY/h100/sweep_fixed/cases_zk_256/zk_witness_non_id_bw256_r16.log
zk_witness_non_id,q_non-id-point*y*y - q_non-id-point*x*x*x - 5*q_non-id-point,prime-field-montgomery,element,specialized,p255_bls12_381_scalar,256,8,0x73eda753299d7d483339d80809a1d80553bda402fffe5bfeffffffff00000001,18,262144,3,4,3,2,10,whole-run,fixed,triton-sumcheck-prime-field-montgomery-element-layout-specialized-points,79.141,9.866,0.000,0.000000,0.000,9.866,ok,cuda-sumcheck-prime-field-montgomery-element-layout-specialized-points,4.54571,3.69351,0,0,0,3.69351,ok,true,72177475223958,72177475223958,2.671172,,CAMERA-READY/h100/sweep_fixed/cases_zk_256/zk_witness_non_id_bw256_r18.log
zk_witness_non_id,q_non-id-point*y*y - q_non-id-point*x*x*x - 5*q_non-id-point,prime-field-montgomery,element,specialized,p255_bls12_381_scalar,256,8,0x73eda753299d7d483339d80809a1d80553bda402fffe5bfeffffffff00000001,20,1048576,3,4,3,2,10,whole-run,fixed,triton-sumcheck-prime-field-montgomery-element-layout-specialized-points,82.923,12.474,0.000,0.000000,0.000,12.474,ok,cuda-sumcheck-prime-field-montgomery-element-layout-specialized-points,6.57625,5.73722,0,0,0,5.73722,ok,true,84612521577818,84612521577818,2.174224,,CAMERA-READY/h100/sweep_fixed/cases_zk_256/zk_witness_non_id_bw256_r20.log
zk_witness_non_id,q_non-id-point*y*y - q_non-id-point*x*x*x - 5*q_non-id-point,prime-field-montgomery,element,specialized,p255_bls12_381_scalar,256,8,0x73eda753299d7d483339d80809a1d80553bda402fffe5bfeffffffff00000001,22,4194304,3,4,3,2,10,whole-run,fixed,triton-sumcheck-prime-field-montgomery-element-layout-specialized-points,88.660,19.840,0.000,0.000000,0.000,19.840,ok,cuda-sumcheck-prime-field-montgomery-element-layout-specialized-points,12.2123,11.4784,0,0,0,11.4784,ok,true,95954458946112,95954458946112,1.728464,,CAMERA-READY/h100/sweep_fixed/cases_zk_256/zk_witness_non_id_bw256_r22.log
zk_witness_non_id,q_non-id-point*y*y - q_non-id-point*x*x*x - 5*q_non-id-point,prime-field-montgomery,element,specialized,p255_bls12_381_scalar,256,8,0x73eda753299d7d483339d80809a1d80553bda402fffe5bfeffffffff00000001,24,16777216,3,4,3,2,10,whole-run,fixed,triton-sumcheck-prime-field-montgomery-element-layout-specialized-points,113.942,46.871,0.000,0.000000,0.000,46.871,ok,cuda-sumcheck-prime-field-montgomery-element-layout-specialized-points,33.3498,32.5045,0,0,0,32.5045,ok,true,104363571574743,104363571574743,1.441985,,CAMERA-READY/h100/sweep_fixed/cases_zk_256/zk_witness_non_id_bw256_r24.log
zk_witness_non_id,q_non-id-point*y*y - q_non-id-point*x*x*x - 5*q_non-id-point,prime-field-montgomery,element,specialized,p255_bls12_381_scalar,256,8,0x73eda753299d7d483339d80809a1d80553bda402fffe5bfeffffffff00000001,26,67108864,3,4,3,2,10,whole-run,fixed,triton-sumcheck-prime-field-montgomery-element-layout-specialized-points,217.398,151.122,0.000,0.000000,0.000,151.122,ok,cuda-sumcheck-prime-field-montgomery-element-layout-specialized-points,115.751,116.436,0,0,0,116.436,ok,true,111039871206407,111039871206407,1.297898,,CAMERA-READY/h100/sweep_fixed/cases_zk_256/zk_witness_non_id_bw256_r26.log
zk_witness_non_id,q_non-id-point*y*y - q_non-id-point*x*x*x - 5*q_non-id-point,prime-field-montgomery,element,specialized,p255_bls12_381_scalar,256,8,0x73eda753299d7d483339d80809a1d80553bda402fffe5bfeffffffff00000001,28,268435456,3,4,3,2,10,whole-run,fixed,triton-sumcheck-prime-field-montgomery-element-layout-specialized-points,638.590,570.954,0.000,0.000000,0.000,570.954,ok,cuda-sumcheck-prime-field-montgomery-element-layout-specialized-points,447.624,459.105,0,0,0,459.105,ok,true,127183176437733,127183176437733,1.243624,,CAMERA-READY/h100/sweep_fixed/cases_zk_256/zk_witness_non_id_bw256_r28.log
zk_witness_id_point_1,q_point*x*y*y - q_point*x*x*x*x - 5*q_point*x,prime-field-montgomery,element,specialized,p255_bls12_381_scalar,256,8,0x73eda753299d7d483339d80809a1d80553bda402fffe5bfeffffffff00000001,14,16384,3,5,3,2,10,whole-run,fixed,triton-sumcheck-prime-field-montgomery-element-layout-specialized-points,85.672,6.979,0.000,0.000000,0.000,6.979,ok,cuda-sumcheck-prime-field-montgomery-element-layout-specialized-points,4.01604,2.87615,0,0,0,2.87615,ok,true,76320948114541,76320948114541,2.426508,,CAMERA-READY/h100/sweep_fixed/cases_zk_256/zk_witness_id_point_1_bw256_r14.log
zk_witness_id_point_1,q_point*x*y*y - q_point*x*x*x*x - 5*q_point*x,prime-field-montgomery,element,specialized,p255_bls12_381_scalar,256,8,0x73eda753299d7d483339d80809a1d80553bda402fffe5bfeffffffff00000001,16,65536,3,5,3,2,10,whole-run,fixed,triton-sumcheck-prime-field-montgomery-element-layout-specialized-points,87.960,9.207,0.000,0.000000,0.000,9.207,ok,cuda-sumcheck-prime-field-montgomery-element-layout-specialized-points,4.746,3.58812,0,0,0,3.58812,ok,true,84798169036776,84798169036776,2.565968,,CAMERA-READY/h100/sweep_fixed/cases_zk_256/zk_witness_id_point_1_bw256_r16.log
zk_witness_id_point_1,q_point*x*y*y - q_point*x*x*x*x - 5*q_point*x,prime-field-montgomery,element,specialized,p255_bls12_381_scalar,256,8,0x73eda753299d7d483339d80809a1d80553bda402fffe5bfeffffffff00000001,18,262144,3,5,3,2,10,whole-run,fixed,triton-sumcheck-prime-field-montgomery-element-layout-specialized-points,90.814,11.738,0.000,0.000000,0.000,11.738,ok,cuda-sumcheck-prime-field-montgomery-element-layout-specialized-points,5.81346,4.68213,0,0,0,4.68213,ok,true,95405386834303,95405386834303,2.506979,,CAMERA-READY/h100/sweep_fixed/cases_zk_256/zk_witness_id_point_1_bw256_r18.log
zk_witness_id_point_1,q_point*x*y*y - q_point*x*x*x*x - 5*q_point*x,prime-field-montgomery,element,specialized,p255_bls12_381_scalar,256,8,0x73eda753299d7d483339d80809a1d80553bda402fffe5bfeffffffff00000001,20,1048576,3,5,3,2,10,whole-run,fixed,triton-sumcheck-prime-field-montgomery-element-layout-specialized-points,92.510,15.288,0.000,0.000000,0.000,15.288,ok,cuda-sumcheck-prime-field-montgomery-element-layout-specialized-points,8.65742,7.48879,0,0,0,7.48879,ok,true,106131664884986,106131664884986,2.041451,,CAMERA-READY/h100/sweep_fixed/cases_zk_256/zk_witness_id_point_1_bw256_r20.log
zk_witness_id_point_1,q_point*x*y*y - q_point*x*x*x*x - 5*q_point*x,prime-field-montgomery,element,specialized,p255_bls12_381_scalar,256,8,0x73eda753299d7d483339d80809a1d80553bda402fffe5bfeffffffff00000001,22,4194304,3,5,3,2,10,whole-run,fixed,triton-sumcheck-prime-field-montgomery-element-layout-specialized-points,101.447,25.334,0.000,0.000000,0.000,25.334,ok,cuda-sumcheck-prime-field-montgomery-element-layout-specialized-points,17.056,15.9679,0,0,0,15.9679,ok,true,111606466909236,111606466909236,1.586558,,CAMERA-READY/h100/sweep_fixed/cases_zk_256/zk_witness_id_point_1_bw256_r22.log
zk_witness_id_point_1,q_point*x*y*y - q_point*x*x*x*x - 5*q_point*x,prime-field-montgomery,element,specialized,p255_bls12_381_scalar,256,8,0x73eda753299d7d483339d80809a1d80553bda402fffe5bfeffffffff00000001,24,16777216,3,5,3,2,10,whole-run,fixed,triton-sumcheck-prime-field-montgomery-element-layout-specialized-points,137.743,62.241,0.000,0.000000,0.000,62.241,ok,cuda-sumcheck-prime-field-montgomery-element-layout-specialized-points,48.2399,46.9176,0,0,0,46.9176,ok,true,125589484436936,125589484436936,1.326602,,CAMERA-READY/h100/sweep_fixed/cases_zk_256/zk_witness_id_point_1_bw256_r24.log
zk_witness_id_point_1,q_point*x*y*y - q_point*x*x*x*x - 5*q_point*x,prime-field-montgomery,element,specialized,p255_bls12_381_scalar,256,8,0x73eda753299d7d483339d80809a1d80553bda402fffe5bfeffffffff00000001,26,67108864,3,5,3,2,10,whole-run,fixed,triton-sumcheck-prime-field-montgomery-element-layout-specialized-points,279.738,205.289,0.000,0.000000,0.000,205.289,ok,cuda-sumcheck-prime-field-montgomery-element-layout-specialized-points,169.128,167.855,0,0,0,167.855,ok,true,135086588786487,135086588786487,1.223014,,CAMERA-READY/h100/sweep_fixed/cases_zk_256/zk_witness_id_point_1_bw256_r26.log
zk_witness_id_point_1,q_point*x*y*y - q_point*x*x*x*x - 5*q_point*x,prime-field-montgomery,element,specialized,p255_bls12_381_scalar,256,8,0x73eda753299d7d483339d80809a1d80553bda402fffe5bfeffffffff00000001,28,268435456,3,5,3,2,10,whole-run,fixed,triton-sumcheck-prime-field-montgomery-element-layout-specialized-points,855.310,777.970,0.000,0.000000,0.000,777.970,ok,cuda-sumcheck-prime-field-montgomery-element-layout-specialized-points,657.924,659.667,0,0,0,659.667,ok,true,150841935925343,150841935925343,1.179337,,CAMERA-READY/h100/sweep_fixed/cases_zk_256/zk_witness_id_point_1_bw256_r28.log
zk_witness_id_point_2,q_point*y*y*y - q_point*y*x*x*x - 5*q_point*y,prime-field-montgomery,element,specialized,p255_bls12_381_scalar,256,8,0x73eda753299d7d483339d80809a1d80553bda402fffe5bfeffffffff00000001,14,16384,3,5,3,2,10,whole-run,fixed,triton-sumcheck-prime-field-montgomery-element-layout-specialized-points,86.672,7.070,0.000,0.000000,0.000,7.070,ok,cuda-sumcheck-prime-field-montgomery-element-layout-specialized-points,4.04872,2.89226,0,0,0,2.89226,ok,true,76571622313901,76571622313901,2.444455,,CAMERA-READY/h100/sweep_fixed/cases_zk_256/zk_witness_id_point_2_bw256_r14.log
zk_witness_id_point_2,q_point*y*y*y - q_point*y*x*x*x - 5*q_point*y,prime-field-montgomery,element,specialized,p255_bls12_381_scalar,256,8,0x73eda753299d7d483339d80809a1d80553bda402fffe5bfeffffffff00000001,16,65536,3,5,3,2,10,whole-run,fixed,triton-sumcheck-prime-field-montgomery-element-layout-specialized-points,88.765,9.138,0.000,0.000000,0.000,9.138,ok,cuda-sumcheck-prime-field-montgomery-element-layout-specialized-points,4.7271,3.56366,0,0,0,3.56366,ok,true,84652737322023,84652737322023,2.564218,,CAMERA-READY/h100/sweep_fixed/cases_zk_256/zk_witness_id_point_2_bw256_r16.log
zk_witness_id_point_2,q_point*y*y*y - q_point*y*x*x*x - 5*q_point*y,prime-field-montgomery,element,specialized,p255_bls12_381_scalar,256,8,0x73eda753299d7d483339d80809a1d80553bda402fffe5bfeffffffff00000001,18,262144,3,5,3,2,10,whole-run,fixed,triton-sumcheck-prime-field-montgomery-element-layout-specialized-points,91.886,11.967,0.000,0.000000,0.000,11.967,ok,cuda-sumcheck-prime-field-montgomery-element-layout-specialized-points,5.79274,4.68296,0,0,0,4.68296,ok,true,94372017204582,94372017204582,2.555435,,CAMERA-READY/h100/sweep_fixed/cases_zk_256/zk_witness_id_point_2_bw256_r18.log
zk_witness_id_point_2,q_point*y*y*y - q_point*y*x*x*x - 5*q_point*y,prime-field-montgomery,element,specialized,p255_bls12_381_scalar,256,8,0x73eda753299d7d483339d80809a1d80553bda402fffe5bfeffffffff00000001,20,1048576,3,5,3,2,10,whole-run,fixed,triton-sumcheck-prime-field-montgomery-element-layout-specialized-points,92.719,15.332,0.000,0.000000,0.000,15.332,ok,cuda-sumcheck-prime-field-montgomery-element-layout-specialized-points,8.48371,7.35106,0,0,0,7.35106,ok,true,107171530653798,107171530653798,2.085686,,CAMERA-READY/h100/sweep_fixed/cases_zk_256/zk_witness_id_point_2_bw256_r20.log
zk_witness_id_point_2,q_point*y*y*y - q_point*y*x*x*x - 5*q_point*y,prime-field-montgomery,element,specialized,p255_bls12_381_scalar,256,8,0x73eda753299d7d483339d80809a1d80553bda402fffe5bfeffffffff00000001,22,4194304,3,5,3,2,10,whole-run,fixed,triton-sumcheck-prime-field-montgomery-element-layout-specialized-points,101.377,25.318,0.000,0.000000,0.000,25.318,ok,cuda-sumcheck-prime-field-montgomery-element-layout-specialized-points,16.8505,15.7323,0,0,0,15.7323,ok,true,113398594155769,113398594155769,1.609301,,CAMERA-READY/h100/sweep_fixed/cases_zk_256/zk_witness_id_point_2_bw256_r22.log
zk_witness_id_point_2,q_point*y*y*y - q_point*y*x*x*x - 5*q_point*y,prime-field-montgomery,element,specialized,p255_bls12_381_scalar,256,8,0x73eda753299d7d483339d80809a1d80553bda402fffe5bfeffffffff00000001,24,16777216,3,5,3,2,10,whole-run,fixed,triton-sumcheck-prime-field-montgomery-element-layout-specialized-points,135.515,60.877,0.000,0.000000,0.000,60.877,ok,cuda-sumcheck-prime-field-montgomery-element-layout-specialized-points,47.734,46.6219,0,0,0,46.6219,ok,true,127868686581545,127868686581545,1.305760,,CAMERA-READY/h100/sweep_fixed/cases_zk_256/zk_witness_id_point_2_bw256_r24.log
zk_witness_id_point_2,q_point*y*y*y - q_point*y*x*x*x - 5*q_point*y,prime-field-montgomery,element,specialized,p255_bls12_381_scalar,256,8,0x73eda753299d7d483339d80809a1d80553bda402fffe5bfeffffffff00000001,26,67108864,3,5,3,2,10,whole-run,fixed,triton-sumcheck-prime-field-montgomery-element-layout-specialized-points,272.730,199.715,0.000,0.000000,0.000,199.715,ok,cuda-sumcheck-prime-field-montgomery-element-layout-specialized-points,167.835,168.281,0,0,0,168.281,ok,true,136468816260101,136468816260101,1.186795,,CAMERA-READY/h100/sweep_fixed/cases_zk_256/zk_witness_id_point_2_bw256_r26.log
zk_witness_id_point_2,q_point*y*y*y - q_point*y*x*x*x - 5*q_point*y,prime-field-montgomery,element,specialized,p255_bls12_381_scalar,256,8,0x73eda753299d7d483339d80809a1d80553bda402fffe5bfeffffffff00000001,28,268435456,3,5,3,2,10,whole-run,fixed,triton-sumcheck-prime-field-montgomery-element-layout-specialized-points,840.348,763.583,0.000,0.000000,0.000,763.583,ok,cuda-sumcheck-prime-field-montgomery-element-layout-specialized-points,657.159,662.272,0,0,0,662.272,ok,true,144794623553359,144794623553359,1.152975,,CAMERA-READY/h100/sweep_fixed/cases_zk_256/zk_witness_id_point_2_bw256_r28.log
zk_incomplete_add_1,q_add-incomplete*x_r*x_p*x_p - 2*q_add-incomplete*x_r*x_p*x_q + q_add-incomplete*x_r*x_q*x_q + q_add-incomplete*x_q*x_p*x_p - 2*q_add-incomplete*x_q*x_q*x_p + q_add-incomplete*x_q*x_q*x_q + q_add-incomplete*x_p*x_p*x_p - 2*q_add-incomplete*x_p*x_p*x_q + q_add-incomplete*x_p*x_q*x_q - q_add-incomplete*y_p*y_p + 2*q_add-incomplete*y_p*y_q - q_add-incomplete*y_q*y_q,prime-field-montgomery,element,specialized,p255_bls12_381_scalar,256,8,0x73eda753299d7d483339d80809a1d80553bda402fffe5bfeffffffff00000001,14,16384,6,4,12,2,10,whole-run,fixed,triton-sumcheck-prime-field-montgomery-element-layout-specialized-points,119.766,7.417,0.000,0.000000,0.000,7.417,ok,cuda-sumcheck-prime-field-montgomery-element-layout-specialized-points,7.36017,5.63416,0,0,0,5.63416,ok,true,60598591232764,60598591232764,1.316434,,CAMERA-READY/h100/sweep_fixed/cases_zk_256/zk_incomplete_add_1_bw256_r14.log
zk_incomplete_add_1,q_add-incomplete*x_r*x_p*x_p - 2*q_add-incomplete*x_r*x_p*x_q + q_add-incomplete*x_r*x_q*x_q + q_add-incomplete*x_q*x_p*x_p - 2*q_add-incomplete*x_q*x_q*x_p + q_add-incomplete*x_q*x_q*x_q + q_add-incomplete*x_p*x_p*x_p - 2*q_add-incomplete*x_p*x_p*x_q + q_add-incomplete*x_p*x_q*x_q - q_add-incomplete*y_p*y_p + 2*q_add-incomplete*y_p*y_q - q_add-incomplete*y_q*y_q,prime-field-montgomery,element,specialized,p255_bls12_381_scalar,256,8,0x73eda753299d7d483339d80809a1d80553bda402fffe5bfeffffffff00000001,16,65536,6,4,12,2,10,whole-run,fixed,triton-sumcheck-prime-field-montgomery-element-layout-specialized-points,122.042,9.292,0.000,0.000000,0.000,9.292,ok,cuda-sumcheck-prime-field-montgomery-element-layout-specialized-points,9.41037,6.78771,0,0,0,6.78771,ok,true,70569187516659,70569187516659,1.368945,,CAMERA-READY/h100/sweep_fixed/cases_zk_256/zk_incomplete_add_1_bw256_r16.log
zk_incomplete_add_1,q_add-incomplete*x_r*x_p*x_p - 2*q_add-incomplete*x_r*x_p*x_q + q_add-incomplete*x_r*x_q*x_q + q_add-incomplete*x_q*x_p*x_p - 2*q_add-incomplete*x_q*x_q*x_p + q_add-incomplete*x_q*x_q*x_q + q_add-incomplete*x_p*x_p*x_p - 2*q_add-incomplete*x_p*x_p*x_q + q_add-incomplete*x_p*x_q*x_q - q_add-incomplete*y_p*y_p + 2*q_add-incomplete*y_p*y_q - q_add-incomplete*y_q*y_q,prime-field-montgomery,element,specialized,p255_bls12_381_scalar,256,8,0x73eda753299d7d483339d80809a1d80553bda402fffe5bfeffffffff00000001,18,262144,6,4,12,2,10,whole-run,fixed,triton-sumcheck-prime-field-montgomery-element-layout-specialized-points,123.960,12.434,0.000,0.000000,0.000,12.434,ok,cuda-sumcheck-prime-field-montgomery-element-layout-specialized-points,12.6301,9.99849,0,0,0,9.99849,ok,true,78124433506951,78124433506951,1.243588,,CAMERA-READY/h100/sweep_fixed/cases_zk_256/zk_incomplete_add_1_bw256_r18.log
zk_incomplete_add_1,q_add-incomplete*x_r*x_p*x_p - 2*q_add-incomplete*x_r*x_p*x_q + q_add-incomplete*x_r*x_q*x_q + q_add-incomplete*x_q*x_p*x_p - 2*q_add-incomplete*x_q*x_q*x_p + q_add-incomplete*x_q*x_q*x_q + q_add-incomplete*x_p*x_p*x_p - 2*q_add-incomplete*x_p*x_p*x_q + q_add-incomplete*x_p*x_q*x_q - q_add-incomplete*y_p*y_p + 2*q_add-incomplete*y_p*y_q - q_add-incomplete*y_q*y_q,prime-field-montgomery,element,specialized,p255_bls12_381_scalar,256,8,0x73eda753299d7d483339d80809a1d80553bda402fffe5bfeffffffff00000001,20,1048576,6,4,12,2,10,whole-run,fixed,triton-sumcheck-prime-field-montgomery-element-layout-specialized-points,130.478,20.718,0.000,0.000000,0.000,20.718,ok,cuda-sumcheck-prime-field-montgomery-element-layout-specialized-points,19.7209,17.1453,0,0,0,17.1453,ok,true,86774623712127,86774623712127,1.208378,,CAMERA-READY/h100/sweep_fixed/cases_zk_256/zk_incomplete_add_1_bw256_r20.log
zk_incomplete_add_1,q_add-incomplete*x_r*x_p*x_p - 2*q_add-incomplete*x_r*x_p*x_q + q_add-incomplete*x_r*x_q*x_q + q_add-incomplete*x_q*x_p*x_p - 2*q_add-incomplete*x_q*x_q*x_p + q_add-incomplete*x_q*x_q*x_q + q_add-incomplete*x_p*x_p*x_p - 2*q_add-incomplete*x_p*x_p*x_q + q_add-incomplete*x_p*x_q*x_q - q_add-incomplete*y_p*y_p + 2*q_add-incomplete*y_p*y_q - q_add-incomplete*y_q*y_q,prime-field-montgomery,element,specialized,p255_bls12_381_scalar,256,8,0x73eda753299d7d483339d80809a1d80553bda402fffe5bfeffffffff00000001,22,4194304,6,4,12,2,10,whole-run,fixed,triton-sumcheck-prime-field-montgomery-element-layout-specialized-points,157.438,49.554,0.000,0.000000,0.000,49.554,ok,cuda-sumcheck-prime-field-montgomery-element-layout-specialized-points,44.6238,42.044,0,0,0,42.044,ok,true,99561833414940,99561833414940,1.178622,,CAMERA-READY/h100/sweep_fixed/cases_zk_256/zk_incomplete_add_1_bw256_r22.log
zk_incomplete_add_1,q_add-incomplete*x_r*x_p*x_p - 2*q_add-incomplete*x_r*x_p*x_q + q_add-incomplete*x_r*x_q*x_q + q_add-incomplete*x_q*x_p*x_p - 2*q_add-incomplete*x_q*x_q*x_p + q_add-incomplete*x_q*x_q*x_q + q_add-incomplete*x_p*x_p*x_p - 2*q_add-incomplete*x_p*x_p*x_q + q_add-incomplete*x_p*x_q*x_q - q_add-incomplete*y_p*y_p + 2*q_add-incomplete*y_p*y_q - q_add-incomplete*y_q*y_q,prime-field-montgomery,element,specialized,p255_bls12_381_scalar,256,8,0x73eda753299d7d483339d80809a1d80553bda402fffe5bfeffffffff00000001,24,16777216,6,4,12,2,10,whole-run,fixed,triton-sumcheck-prime-field-montgomery-element-layout-specialized-points,269.677,159.252,0.000,0.000000,0.000,159.252,ok,cuda-sumcheck-prime-field-montgomery-element-layout-specialized-points,139.549,136.917,0,0,0,136.917,ok,true,104637545035400,104637545035400,1.163128,,CAMERA-READY/h100/sweep_fixed/cases_zk_256/zk_incomplete_add_1_bw256_r24.log
zk_incomplete_add_1,q_add-incomplete*x_r*x_p*x_p - 2*q_add-incomplete*x_r*x_p*x_q + q_add-incomplete*x_r*x_q*x_q + q_add-incomplete*x_q*x_p*x_p - 2*q_add-incomplete*x_q*x_q*x_p + q_add-incomplete*x_q*x_q*x_q + q_add-incomplete*x_p*x_p*x_p - 2*q_add-incomplete*x_p*x_p*x_q + q_add-incomplete*x_p*x_q*x_q - q_add-incomplete*y_p*y_p + 2*q_add-incomplete*y_p*y_q - q_add-incomplete*y_q*y_q,prime-field-montgomery,element,specialized,p255_bls12_381_scalar,256,8,0x73eda753299d7d483339d80809a1d80553bda402fffe5bfeffffffff00000001,26,67108864,6,4,12,2,10,whole-run,fixed,triton-sumcheck-prime-field-montgomery-element-layout-specialized-points,700.796,586.870,0.000,0.000000,0.000,586.870,ok,cuda-sumcheck-prime-field-montgomery-element-layout-specialized-points,519.263,513.31,0,0,0,513.31,ok,true,113611566622619,113611566622619,1.143305,,CAMERA-READY/h100/sweep_fixed/cases_zk_256/zk_incomplete_add_1_bw256_r26.log
zk_incomplete_add_1,q_add-incomplete*x_r*x_p*x_p - 2*q_add-incomplete*x_r*x_p*x_q + q_add-incomplete*x_r*x_q*x_q + q_add-incomplete*x_q*x_p*x_p - 2*q_add-incomplete*x_q*x_q*x_p + q_add-incomplete*x_q*x_q*x_q + q_add-incomplete*x_p*x_p*x_p - 2*q_add-incomplete*x_p*x_p*x_q + q_add-incomplete*x_p*x_q*x_q - q_add-incomplete*y_p*y_p + 2*q_add-incomplete*y_p*y_q - q_add-incomplete*y_q*y_q,prime-field-montgomery,element,specialized,,256,,,28,268435456,6,4,12,2,10,whole-run,fixed,,,,,,,,skipped,,,,,,,,skipped,skipped,,,,returncode=1,CAMERA-READY/h100/sweep_fixed/cases_zk_256/zk_incomplete_add_1_bw256_r28.log
zk_incomplete_add_2,q_add-incomplete*y_r*x_p - q_add-incomplete*y_r*x_q + q_add-incomplete*y_q*x_p - q_add-incomplete*y_q*x_q - q_add-incomplete*y_p*x_q + q_add-incomplete*y_p*x_r - q_add-incomplete*y_q*x_r + q_add-incomplete*y_q*x_q,prime-field-montgomery,element,specialized,p255_bls12_381_scalar,256,8,0x73eda753299d7d483339d80809a1d80553bda402fffe5bfeffffffff00000001,14,16384,7,3,8,2,10,whole-run,fixed,triton-sumcheck-prime-field-montgomery-element-layout-specialized-points,2364.075,6.934,0.000,0.000000,0.000,6.934,ok,cuda-sumcheck-prime-field-montgomery-element-layout-specialized-points,3.96129,2.73042,0,0,0,2.73042,ok,true,50237089022133,50237089022133,2.539536,,CAMERA-READY/h100/sweep_fixed/cases_zk_256/zk_incomplete_add_2_bw256_r14.log
zk_incomplete_add_2,q_add-incomplete*y_r*x_p - q_add-incomplete*y_r*x_q + q_add-incomplete*y_q*x_p - q_add-incomplete*y_q*x_q - q_add-incomplete*y_p*x_q + q_add-incomplete*y_p*x_r - q_add-incomplete*y_q*x_r + q_add-incomplete*y_q*x_q,prime-field-montgomery,element,specialized,p255_bls12_381_scalar,256,8,0x73eda753299d7d483339d80809a1d80553bda402fffe5bfeffffffff00000001,16,65536,7,3,8,2,10,whole-run,fixed,triton-sumcheck-prime-field-montgomery-element-layout-specialized-points,48.293,4.243,0.000,0.000000,0.000,4.243,ok,cuda-sumcheck-prime-field-montgomery-element-layout-specialized-points,4.50548,3.30083,0,0,0,3.30083,ok,true,57860795383755,57860795383755,1.285434,,CAMERA-READY/h100/sweep_fixed/cases_zk_256/zk_incomplete_add_2_bw256_r16.log
zk_incomplete_add_2,q_add-incomplete*y_r*x_p - q_add-incomplete*y_r*x_q + q_add-incomplete*y_q*x_p - q_add-incomplete*y_q*x_q - q_add-incomplete*y_p*x_q + q_add-incomplete*y_p*x_r - q_add-incomplete*y_q*x_r + q_add-incomplete*y_q*x_q,prime-field-montgomery,element,specialized,p255_bls12_381_scalar,256,8,0x73eda753299d7d483339d80809a1d80553bda402fffe5bfeffffffff00000001,18,262144,7,3,8,2,10,whole-run,fixed,triton-sumcheck-prime-field-montgomery-element-layout-specialized-points,83.620,8.358,0.000,0.000000,0.000,8.358,ok,cuda-sumcheck-prime-field-montgomery-element-layout-specialized-points,5.98511,4.79067,0,0,0,4.79067,ok,true,64002240322007,64002240322007,1.744641,,CAMERA-READY/h100/sweep_fixed/cases_zk_256/zk_incomplete_add_2_bw256_r18.log
zk_incomplete_add_2,q_add-incomplete*y_r*x_p - q_add-incomplete*y_r*x_q + q_add-incomplete*y_q*x_p - q_add-incomplete*y_q*x_q - q_add-incomplete*y_p*x_q + q_add-incomplete*y_p*x_r - q_add-incomplete*y_q*x_r + q_add-incomplete*y_q*x_q,prime-field-montgomery,element,specialized,p255_bls12_381_scalar,256,8,0x73eda753299d7d483339d80809a1d80553bda402fffe5bfeffffffff00000001,20,1048576,7,3,8,2,10,whole-run,fixed,triton-sumcheck-prime-field-montgomery-element-layout-specialized-points,86.625,11.766,0.000,0.000000,0.000,11.766,ok,cuda-sumcheck-prime-field-montgomery-element-layout-specialized-points,9.29113,8.1121,0,0,0,8.1121,ok,true,70232109488970,70232109488970,1.450426,,CAMERA-READY/h100/sweep_fixed/cases_zk_256/zk_incomplete_add_2_bw256_r20.log
zk_incomplete_add_2,q_add-incomplete*y_r*x_p - q_add-incomplete*y_r*x_q + q_add-incomplete*y_q*x_p - q_add-incomplete*y_q*x_q - q_add-incomplete*y_p*x_q + q_add-incomplete*y_p*x_r - q_add-incomplete*y_q*x_r + q_add-incomplete*y_q*x_q,prime-field-montgomery,element,specialized,p255_bls12_381_scalar,256,8,0x73eda753299d7d483339d80809a1d80553bda402fffe5bfeffffffff00000001,22,4194304,7,3,8,2,10,whole-run,fixed,triton-sumcheck-prime-field-montgomery-element-layout-specialized-points,96.403,22.630,0.000,0.000000,0.000,22.630,ok,cuda-sumcheck-prime-field-montgomery-element-layout-specialized-points,20.5437,19.3427,0,0,0,19.3427,ok,true,76659979359522,76659979359522,1.169950,,CAMERA-READY/h100/sweep_fixed/cases_zk_256/zk_incomplete_add_2_bw256_r22.log
zk_incomplete_add_2,q_add-incomplete*y_r*x_p - q_add-incomplete*y_r*x_q + q_add-incomplete*y_q*x_p - q_add-incomplete*y_q*x_q - q_add-incomplete*y_p*x_q + q_add-incomplete*y_p*x_r - q_add-incomplete*y_q*x_r + q_add-incomplete*y_q*x_q,prime-field-montgomery,element,specialized,p255_bls12_381_scalar,256,8,0x73eda753299d7d483339d80809a1d80553bda402fffe5bfeffffffff00000001,24,16777216,7,3,8,2,10,whole-run,fixed,triton-sumcheck-prime-field-montgomery-element-layout-specialized-points,134.845,63.860,0.000,0.000000,0.000,63.860,ok,cuda-sumcheck-prime-field-montgomery-element-layout-specialized-points,63.6612,62.4784,0,0,0,62.4784,ok,true,86882634873749,86882634873749,1.022113,,CAMERA-READY/h100/sweep_fixed/cases_zk_256/zk_incomplete_add_2_bw256_r24.log
zk_incomplete_add_2,q_add-incomplete*y_r*x_p - q_add-incomplete*y_r*x_q + q_add-incomplete*y_q*x_p - q_add-incomplete*y_q*x_q - q_add-incomplete*y_p*x_q + q_add-incomplete*y_p*x_r - q_add-incomplete*y_q*x_r + q_add-incomplete*y_q*x_q,prime-field-montgomery,element,specialized,p255_bls12_381_scalar,256,8,0x73eda753299d7d483339d80809a1d80553bda402fffe5bfeffffffff00000001,26,67108864,7,3,8,2,10,whole-run,fixed,triton-sumcheck-prime-field-montgomery-element-layout-specialized-points,294.256,227.211,0.000,0.000000,0.000,227.211,ok,cuda-sumcheck-prime-field-montgomery-element-layout-specialized-points,237.794,232.904,0,0,0,232.904,ok,true,92915666596363,92915666596363,0.975556,,CAMERA-READY/h100/sweep_fixed/cases_zk_256/zk_incomplete_add_2_bw256_r26.log
zk_incomplete_add_2,q_add-incomplete*y_r*x_p - q_add-incomplete*y_r*x_q + q_add-incomplete*y_q*x_p - q_add-incomplete*y_q*x_q - q_add-incomplete*y_p*x_q + q_add-incomplete*y_p*x_r - q_add-incomplete*y_q*x_r + q_add-incomplete*y_q*x_q,prime-field-montgomery,element,specialized,,256,,,28,268435456,7,3,8,2,10,whole-run,fixed,,,,,,,,skipped,,,,,,,,skipped,skipped,,,,returncode=1,CAMERA-READY/h100/sweep_fixed/cases_zk_256/zk_incomplete_add_2_bw256_r28.log
zk_complete_add_1,q_add*x_q*x_q*lambda - 2*q_add*x_q*x_p*lambda + q_add*x_p*x_p*lambda - q_add*x_q*y_q + q_add*x_q*y_p + q_add*x_p*y_q - q_add*x_p*y_p,prime-field-montgomery,element,specialized,p255_bls12_381_scalar,256,8,0x73eda753299d7d483339d80809a1d80553bda402fffe5bfeffffffff00000001,14,16384,6,4,7,2,10,whole-run,fixed,triton-sumcheck-prime-field-montgomery-element-layout-specialized-points,59.441,4.412,0.000,0.000000,0.000,4.412,ok,cuda-sumcheck-prime-field-montgomery-element-layout-specialized-points,5.11636,3.57717,0,0,0,3.57717,ok,true,57996518703695,57996518703695,1.233377,,CAMERA-READY/h100/sweep_fixed/cases_zk_256/zk_complete_add_1_bw256_r14.log
zk_complete_add_1,q_add*x_q*x_q*lambda - 2*q_add*x_q*x_p*lambda + q_add*x_p*x_p*lambda - q_add*x_q*y_q + q_add*x_q*y_p + q_add*x_p*y_q - q_add*x_p*y_p,prime-field-montgomery,element,specialized,p255_bls12_381_scalar,256,8,0x73eda753299d7d483339d80809a1d80553bda402fffe5bfeffffffff00000001,16,65536,6,4,7,2,10,whole-run,fixed,triton-sumcheck-prime-field-montgomery-element-layout-specialized-points,97.752,8.429,0.000,0.000000,0.000,8.429,ok,cuda-sumcheck-prime-field-montgomery-element-layout-specialized-points,5.85397,4.34351,0,0,0,4.34351,ok,true,70140589766208,70140589766208,1.940596,,CAMERA-READY/h100/sweep_fixed/cases_zk_256/zk_complete_add_1_bw256_r16.log
zk_complete_add_1,q_add*x_q*x_q*lambda - 2*q_add*x_q*x_p*lambda + q_add*x_p*x_p*lambda - q_add*x_q*y_q + q_add*x_q*y_p + q_add*x_p*y_q - q_add*x_p*y_p,prime-field-montgomery,element,specialized,p255_bls12_381_scalar,256,8,0x73eda753299d7d483339d80809a1d80553bda402fffe5bfeffffffff00000001,18,262144,6,4,7,2,10,whole-run,fixed,triton-sumcheck-prime-field-montgomery-element-layout-specialized-points,100.008,10.630,0.000,0.000000,0.000,10.630,ok,cuda-sumcheck-prime-field-montgomery-element-layout-specialized-points,7.62419,6.12227,0,0,0,6.12227,ok,true,77740439228127,77740439228127,1.736284,,CAMERA-READY/h100/sweep_fixed/cases_zk_256/zk_complete_add_1_bw256_r18.log
zk_complete_add_1,q_add*x_q*x_q*lambda - 2*q_add*x_q*x_p*lambda + q_add*x_p*x_p*lambda - q_add*x_q*y_q + q_add*x_q*y_p + q_add*x_p*y_q - q_add*x_p*y_p,prime-field-montgomery,element,specialized,p255_bls12_381_scalar,256,8,0x73eda753299d7d483339d80809a1d80553bda402fffe5bfeffffffff00000001,20,1048576,6,4,7,2,10,whole-run,fixed,triton-sumcheck-prime-field-montgomery-element-layout-specialized-points,114.743,15.030,0.000,0.000000,0.000,15.030,ok,cuda-sumcheck-prime-field-montgomery-element-layout-specialized-points,11.9626,10.4544,0,0,0,10.4544,ok,true,89052187468088,89052187468088,1.437672,,CAMERA-READY/h100/sweep_fixed/cases_zk_256/zk_complete_add_1_bw256_r20.log
zk_complete_add_1,q_add*x_q*x_q*lambda - 2*q_add*x_q*x_p*lambda + q_add*x_p*x_p*lambda - q_add*x_q*y_q + q_add*x_q*y_p + q_add*x_p*y_q - q_add*x_p*y_p,prime-field-montgomery,element,specialized,p255_bls12_381_scalar,256,8,0x73eda753299d7d483339d80809a1d80553bda402fffe5bfeffffffff00000001,22,4194304,6,4,7,2,10,whole-run,fixed,triton-sumcheck-prime-field-montgomery-element-layout-specialized-points,118.702,29.833,0.000,0.000000,0.000,29.833,ok,cuda-sumcheck-prime-field-montgomery-element-layout-specialized-points,26.8751,25.3141,0,0,0,25.3141,ok,true,96665956790949,96665956790949,1.178513,,CAMERA-READY/h100/sweep_fixed/cases_zk_256/zk_complete_add_1_bw256_r22.log
zk_complete_add_1,q_add*x_q*x_q*lambda - 2*q_add*x_q*x_p*lambda + q_add*x_p*x_p*lambda - q_add*x_q*y_q + q_add*x_q*y_p + q_add*x_p*y_q - q_add*x_p*y_p,prime-field-montgomery,element,specialized,p255_bls12_381_scalar,256,8,0x73eda753299d7d483339d80809a1d80553bda402fffe5bfeffffffff00000001,24,16777216,6,4,7,2,10,whole-run,fixed,triton-sumcheck-prime-field-montgomery-element-layout-specialized-points,183.822,84.555,0.000,0.000000,0.000,84.555,ok,cuda-sumcheck-prime-field-montgomery-element-layout-specialized-points,83.5409,82.1931,0,0,0,82.1931,ok,true,108117630662951,108117630662951,1.028736,,CAMERA-READY/h100/sweep_fixed/cases_zk_256/zk_complete_add_1_bw256_r24.log
zk_complete_add_1,q_add*x_q*x_q*lambda - 2*q_add*x_q*x_p*lambda + q_add*x_p*x_p*lambda - q_add*x_q*y_q + q_add*x_q*y_p + q_add*x_p*y_q - q_add*x_p*y_p,prime-field-montgomery,element,specialized,p255_bls12_381_scalar,256,8,0x73eda753299d7d483339d80809a1d80553bda402fffe5bfeffffffff00000001,26,67108864,6,4,7,2,10,whole-run,fixed,triton-sumcheck-prime-field-montgomery-element-layout-specialized-points,383.764,299.919,0.000,0.000000,0.000,299.919,ok,cuda-sumcheck-prime-field-montgomery-element-layout-specialized-points,312.384,308.977,0,0,0,308.977,ok,true,116131405668291,116131405668291,0.970684,,CAMERA-READY/h100/sweep_fixed/cases_zk_256/zk_complete_add_1_bw256_r26.log
zk_complete_add_1,q_add*x_q*x_q*lambda - 2*q_add*x_q*x_p*lambda + q_add*x_p*x_p*lambda - q_add*x_q*y_q + q_add*x_q*y_p + q_add*x_p*y_q - q_add*x_p*y_p,prime-field-montgomery,element,specialized,,256,,,28,268435456,6,4,7,2,10,whole-run,fixed,,,,,,,,skipped,,,,,,,,skipped,skipped,,,,returncode=1,CAMERA-READY/h100/sweep_fixed/cases_zk_256/zk_complete_add_1_bw256_r28.log
zk_complete_add_2,2*q_add*y_p*lambda - 3*q_add*x_p*x_p - 2*q_add*x_q*y_p*lambda*alpha + 3*q_add*x_q*x_p*x_p*alpha + 2*q_add*x_p*y_p*lambda*alpha - 3*q_add*x_p*x_p*x_p*alpha,prime-field-montgomery,element,specialized,p255_bls12_381_scalar,256,8,0x73eda753299d7d483339d80809a1d80553bda402fffe5bfeffffffff00000001,14,16384,6,5,6,2,10,whole-run,fixed,triton-sumcheck-prime-field-montgomery-element-layout-specialized-points,78.431,5.967,0.000,0.000000,0.000,5.967,ok,cuda-sumcheck-prime-field-montgomery-element-layout-specialized-points,7.74004,5.377,0,0,0,5.377,ok,true,74624248839335,74624248839335,1.109727,,CAMERA-READY/h100/sweep_fixed/cases_zk_256/zk_complete_add_2_bw256_r14.log
zk_complete_add_2,2*q_add*y_p*lambda - 3*q_add*x_p*x_p - 2*q_add*x_q*y_p*lambda*alpha + 3*q_add*x_q*x_p*x_p*alpha + 2*q_add*x_p*y_p*lambda*alpha - 3*q_add*x_p*x_p*x_p*alpha,prime-field-montgomery,element,specialized,p255_bls12_381_scalar,256,8,0x73eda753299d7d483339d80809a1d80553bda402fffe5bfeffffffff00000001,16,65536,6,5,6,2,10,whole-run,fixed,triton-sumcheck-prime-field-montgomery-element-layout-specialized-points,77.020,7.418,0.000,0.000000,0.000,7.418,ok,cuda-sumcheck-prime-field-montgomery-element-layout-specialized-points,8.84937,6.38161,0,0,0,6.38161,ok,true,83103942471017,83103942471017,1.162403,,CAMERA-READY/h100/sweep_fixed/cases_zk_256/zk_complete_add_2_bw256_r16.log
zk_complete_add_2,2*q_add*y_p*lambda - 3*q_add*x_p*x_p - 2*q_add*x_q*y_p*lambda*alpha + 3*q_add*x_q*x_p*x_p*alpha + 2*q_add*x_p*y_p*lambda*alpha - 3*q_add*x_p*x_p*x_p*alpha,prime-field-montgomery,element,specialized,p255_bls12_381_scalar,256,8,0x73eda753299d7d483339d80809a1d80553bda402fffe5bfeffffffff00000001,18,262144,6,5,6,2,10,whole-run,fixed,triton-sumcheck-prime-field-montgomery-element-layout-specialized-points,125.826,13.323,0.000,0.000000,0.000,13.323,ok,cuda-sumcheck-prime-field-montgomery-element-layout-specialized-points,11.4089,9.15595,0,0,0,9.15595,ok,true,97478495718266,97478495718266,1.455119,,CAMERA-READY/h100/sweep_fixed/cases_zk_256/zk_complete_add_2_bw256_r18.log
zk_complete_add_2,2*q_add*y_p*lambda - 3*q_add*x_p*x_p - 2*q_add*x_q*y_p*lambda*alpha + 3*q_add*x_q*x_p*x_p*alpha + 2*q_add*x_p*y_p*lambda*alpha - 3*q_add*x_p*x_p*x_p*alpha,prime-field-montgomery,element,specialized,p255_bls12_381_scalar,256,8,0x73eda753299d7d483339d80809a1d80553bda402fffe5bfeffffffff00000001,20,1048576,6,5,6,2,10,whole-run,fixed,triton-sumcheck-prime-field-montgomery-element-layout-specialized-points,131.642,20.207,0.000,0.000000,0.000,20.207,ok,cuda-sumcheck-prime-field-montgomery-element-layout-specialized-points,18.1348,15.7118,0,0,0,15.7118,ok,true,103057991298509,103057991298509,1.286103,,CAMERA-READY/h100/sweep_fixed/cases_zk_256/zk_complete_add_2_bw256_r20.log
zk_complete_add_2,2*q_add*y_p*lambda - 3*q_add*x_p*x_p - 2*q_add*x_q*y_p*lambda*alpha + 3*q_add*x_q*x_p*x_p*alpha + 2*q_add*x_p*y_p*lambda*alpha - 3*q_add*x_p*x_p*x_p*alpha,prime-field-montgomery,element,specialized,p255_bls12_381_scalar,256,8,0x73eda753299d7d483339d80809a1d80553bda402fffe5bfeffffffff00000001,22,4194304,6,5,6,2,10,whole-run,fixed,triton-sumcheck-prime-field-montgomery-element-layout-specialized-points,154.470,43.613,0.000,0.000000,0.000,43.613,ok,cuda-sumcheck-prime-field-montgomery-element-layout-specialized-points,41.2631,38.7904,0,0,0,38.7904,ok,true,114473208254587,114473208254587,1.124325,,CAMERA-READY/h100/sweep_fixed/cases_zk_256/zk_complete_add_2_bw256_r22.log
zk_complete_add_2,2*q_add*y_p*lambda - 3*q_add*x_p*x_p - 2*q_add*x_q*y_p*lambda*alpha + 3*q_add*x_q*x_p*x_p*alpha + 2*q_add*x_p*y_p*lambda*alpha - 3*q_add*x_p*x_p*x_p*alpha,prime-field-montgomery,element,specialized,p255_bls12_381_scalar,256,8,0x73eda753299d7d483339d80809a1d80553bda402fffe5bfeffffffff00000001,24,16777216,6,5,6,2,10,whole-run,fixed,triton-sumcheck-prime-field-montgomery-element-layout-specialized-points,240.466,131.642,0.000,0.000000,0.000,131.642,ok,cuda-sumcheck-prime-field-montgomery-element-layout-specialized-points,129.377,127.062,0,0,0,127.062,ok,true,130119393826630,130119393826630,1.036045,,CAMERA-READY/h100/sweep_fixed/cases_zk_256/zk_complete_add_2_bw256_r24.log
zk_complete_add_2,2*q_add*y_p*lambda - 3*q_add*x_p*x_p - 2*q_add*x_q*y_p*lambda*alpha + 3*q_add*x_q*x_p*x_p*alpha + 2*q_add*x_p*y_p*lambda*alpha - 3*q_add*x_p*x_p*x_p*alpha,prime-field-montgomery,element,specialized,p255_bls12_381_scalar,256,8,0x73eda753299d7d483339d80809a1d80553bda402fffe5bfeffffffff00000001,26,67108864,6,5,6,2,10,whole-run,fixed,triton-sumcheck-prime-field-montgomery-element-layout-specialized-points,582.063,475.730,0.000,0.000000,0.000,475.730,ok,cuda-sumcheck-prime-field-montgomery-element-layout-specialized-points,480.562,476.484,0,0,0,476.484,ok,true,140202653152965,140202653152965,0.998418,,CAMERA-READY/h100/sweep_fixed/cases_zk_256/zk_complete_add_2_bw256_r26.log
zk_complete_add_2,2*q_add*y_p*lambda - 3*q_add*x_p*x_p - 2*q_add*x_q*y_p*lambda*alpha + 3*q_add*x_q*x_p*x_p*alpha + 2*q_add*x_p*y_p*lambda*alpha - 3*q_add*x_p*x_p*x_p*alpha,prime-field-montgomery,element,specialized,,256,,,28,268435456,6,5,6,2,10,whole-run,fixed,,,,,,,,skipped,,,,,,,,skipped,skipped,,,,returncode=1,CAMERA-READY/h100/sweep_fixed/cases_zk_256/zk_complete_add_2_bw256_r28.log
zk_complete_add_3,q_add*x_p*x_q*x_q*lambda*lambda - q_add*x_p*x_q*x_q*x_q - q_add*x_p*x_q*x_q*x_r - q_add*x_p*x_p*x_q*x_q - q_add*x_p*x_p*x_q*lambda*lambda + q_add*x_p*x_p*x_p*x_q + q_add*x_p*x_p*x_q*x_r + q_add*x_p*x_p*x_q*x_q,prime-field-montgomery,element,specialized,p255_bls12_381_scalar,256,8,0x73eda753299d7d483339d80809a1d80553bda402fffe5bfeffffffff00000001,14,16384,5,6,8,2,10,whole-run,fixed,triton-sumcheck-prime-field-montgomery-element-layout-specialized-points,130.330,9.172,0.000,0.000000,0.000,9.172,ok,cuda-sumcheck-prime-field-montgomery-element-layout-specialized-points,11.9847,8.11415,0,0,0,8.11415,ok,true,88797481737848,88797481737848,1.130371,,CAMERA-READY/h100/sweep_fixed/cases_zk_256/zk_complete_add_3_bw256_r14.log
zk_complete_add_3,q_add*x_p*x_q*x_q*lambda*lambda - q_add*x_p*x_q*x_q*x_q - q_add*x_p*x_q*x_q*x_r - q_add*x_p*x_p*x_q*x_q - q_add*x_p*x_p*x_q*lambda*lambda + q_add*x_p*x_p*x_p*x_q + q_add*x_p*x_p*x_q*x_r + q_add*x_p*x_p*x_q*x_q,prime-field-montgomery,element,specialized,p255_bls12_381_scalar,256,8,0x73eda753299d7d483339d80809a1d80553bda402fffe5bfeffffffff00000001,16,65536,5,6,8,2,10,whole-run,fixed,triton-sumcheck-prime-field-montgomery-element-layout-specialized-points,132.045,12.039,0.000,0.000000,0.000,12.039,ok,cuda-sumcheck-prime-field-montgomery-element-layout-specialized-points,13.3901,9.50414,0,0,0,9.50414,ok,true,101734610166202,101734610166202,1.266711,,CAMERA-READY/h100/sweep_fixed/cases_zk_256/zk_complete_add_3_bw256_r16.log
zk_complete_add_3,q_add*x_p*x_q*x_q*lambda*lambda - q_add*x_p*x_q*x_q*x_q - q_add*x_p*x_q*x_q*x_r - q_add*x_p*x_p*x_q*x_q - q_add*x_p*x_p*x_q*lambda*lambda + q_add*x_p*x_p*x_p*x_q + q_add*x_p*x_p*x_q*x_r + q_add*x_p*x_p*x_q*x_q,prime-field-montgomery,element,specialized,p255_bls12_381_scalar,256,8,0x73eda753299d7d483339d80809a1d80553bda402fffe5bfeffffffff00000001,18,262144,5,6,8,2,10,whole-run,fixed,triton-sumcheck-prime-field-montgomery-element-layout-specialized-points,133.414,14.853,0.000,0.000000,0.000,14.853,ok,cuda-sumcheck-prime-field-montgomery-element-layout-specialized-points,17.682,13.8655,0,0,0,13.8655,ok,true,114214903014043,114214903014043,1.071220,,CAMERA-READY/h100/sweep_fixed/cases_zk_256/zk_complete_add_3_bw256_r18.log
zk_complete_add_3,q_add*x_p*x_q*x_q*lambda*lambda - q_add*x_p*x_q*x_q*x_q - q_add*x_p*x_q*x_q*x_r - q_add*x_p*x_p*x_q*x_q - q_add*x_p*x_p*x_q*lambda*lambda + q_add*x_p*x_p*x_p*x_q + q_add*x_p*x_p*x_q*x_r + q_add*x_p*x_p*x_q*x_q,prime-field-montgomery,element,specialized,p255_bls12_381_scalar,256,8,0x73eda753299d7d483339d80809a1d80553bda402fffe5bfeffffffff00000001,20,1048576,5,6,8,2,10,whole-run,fixed,triton-sumcheck-prime-field-montgomery-element-layout-specialized-points,137.860,21.715,0.000,0.000000,0.000,21.715,ok,cuda-sumcheck-prime-field-montgomery-element-layout-specialized-points,27.7658,23.9038,0,0,0,23.9038,ok,true,120160791891374,120160791891374,0.908433,,CAMERA-READY/h100/sweep_fixed/cases_zk_256/zk_complete_add_3_bw256_r20.log
zk_complete_add_3,q_add*x_p*x_q*x_q*lambda*lambda - q_add*x_p*x_q*x_q*x_q - q_add*x_p*x_q*x_q*x_r - q_add*x_p*x_p*x_q*x_q - q_add*x_p*x_p*x_q*lambda*lambda + q_add*x_p*x_p*x_p*x_q + q_add*x_p*x_p*x_q*x_r + q_add*x_p*x_p*x_q*x_q,prime-field-montgomery,element,specialized,p255_bls12_381_scalar,256,8,0x73eda753299d7d483339d80809a1d80553bda402fffe5bfeffffffff00000001,22,4194304,5,6,8,2,10,whole-run,fixed,triton-sumcheck-prime-field-montgomery-element-layout-specialized-points,162.216,43.995,0.000,0.000000,0.000,43.995,ok,cuda-sumcheck-prime-field-montgomery-element-layout-specialized-points,62.0745,58.2053,0,0,0,58.2053,ok,true,137872374738592,137872374738592,0.755859,,CAMERA-READY/h100/sweep_fixed/cases_zk_256/zk_complete_add_3_bw256_r22.log
zk_complete_add_3,q_add*x_p*x_q*x_q*lambda*lambda - q_add*x_p*x_q*x_q*x_q - q_add*x_p*x_q*x_q*x_r - q_add*x_p*x_p*x_q*x_q - q_add*x_p*x_p*x_q*lambda*lambda + q_add*x_p*x_p*x_p*x_q + q_add*x_p*x_p*x_q*x_r + q_add*x_p*x_p*x_q*x_q,prime-field-montgomery,element,specialized,p255_bls12_381_scalar,256,8,0x73eda753299d7d483339d80809a1d80553bda402fffe5bfeffffffff00000001,24,16777216,5,6,8,2,10,whole-run,fixed,triton-sumcheck-prime-field-montgomery-element-layout-specialized-points,244.527,128.743,0.000,0.000000,0.000,128.743,ok,cuda-sumcheck-prime-field-montgomery-element-layout-specialized-points,192.777,189.088,0,0,0,189.088,ok,true,150367795532500,150367795532500,0.680863,,CAMERA-READY/h100/sweep_fixed/cases_zk_256/zk_complete_add_3_bw256_r24.log
zk_complete_add_3,q_add*x_p*x_q*x_q*lambda*lambda - q_add*x_p*x_q*x_q*x_q - q_add*x_p*x_q*x_q*x_r - q_add*x_p*x_p*x_q*x_q - q_add*x_p*x_p*x_q*lambda*lambda + q_add*x_p*x_p*x_p*x_q + q_add*x_p*x_p*x_q*x_r + q_add*x_p*x_p*x_q*x_q,prime-field-montgomery,element,specialized,p255_bls12_381_scalar,256,8,0x73eda753299d7d483339d80809a1d80553bda402fffe5bfeffffffff00000001,26,67108864,5,6,8,2,10,whole-run,fixed,triton-sumcheck-prime-field-montgomery-element-layout-specialized-points,572.199,458.079,0.000,0.000000,0.000,458.079,ok,cuda-sumcheck-prime-field-montgomery-element-layout-specialized-points,711.33,704.988,0,0,0,704.988,ok,true,159163941599143,159163941599143,0.649769,,CAMERA-READY/h100/sweep_fixed/cases_zk_256/zk_complete_add_3_bw256_r26.log
zk_complete_add_3,q_add*x_p*x_q*x_q*lambda*lambda - q_add*x_p*x_q*x_q*x_q - q_add*x_p*x_q*x_q*x_r - q_add*x_p*x_p*x_q*x_q - q_add*x_p*x_p*x_q*lambda*lambda + q_add*x_p*x_p*x_p*x_q + q_add*x_p*x_p*x_q*x_r + q_add*x_p*x_p*x_q*x_q,prime-field-montgomery,element,specialized,,256,,,28,268435456,5,6,8,2,10,whole-run,fixed,,,,,,,,skipped,,,,,,,,skipped,skipped,,,,returncode=1,CAMERA-READY/h100/sweep_fixed/cases_zk_256/zk_complete_add_3_bw256_r28.log
zk_complete_add_4,q_add*x_p*x_p*x_q*x_q*lambda - q_add*x_p*x_q*x_q*x_r*lambda - q_add*x_p*x_q*x_q*y_p - q_add*x_p*x_q*x_q*y_r - q_add*x_p*x_p*x_p*x_q*lambda + q_add*x_p*x_p*x_q*x_r*lambda + q_add*x_p*x_p*x_q*y_p + q_add*x_p*x_p*x_q*y_r,prime-field-montgomery,element,specialized,p255_bls12_381_scalar,256,8,0x73eda753299d7d483339d80809a1d80553bda402fffe5bfeffffffff00000001,14,16384,7,6,8,2,10,whole-run,fixed,triton-sumcheck-prime-field-montgomery-element-layout-specialized-points,138.325,9.809,0.000,0.000000,0.000,9.809,ok,cuda-sumcheck-prime-field-montgomery-element-layout-specialized-points,12.8682,8.72313,0,0,0,8.72313,ok,true,85363839205866,85363839205866,1.124482,,CAMERA-READY/h100/sweep_fixed/cases_zk_256/zk_complete_add_4_bw256_r14.log
zk_complete_add_4,q_add*x_p*x_p*x_q*x_q*lambda - q_add*x_p*x_q*x_q*x_r*lambda - q_add*x_p*x_q*x_q*y_p - q_add*x_p*x_q*x_q*y_r - q_add*x_p*x_p*x_p*x_q*lambda + q_add*x_p*x_p*x_q*x_r*lambda + q_add*x_p*x_p*x_q*y_p + q_add*x_p*x_p*x_q*y_r,prime-field-montgomery,element,specialized,p255_bls12_381_scalar,256,8,0x73eda753299d7d483339d80809a1d80553bda402fffe5bfeffffffff00000001,16,65536,7,6,8,2,10,whole-run,fixed,triton-sumcheck-prime-field-montgomery-element-layout-specialized-points,145.249,12.197,0.000,0.000000,0.000,12.197,ok,cuda-sumcheck-prime-field-montgomery-element-layout-specialized-points,14.4384,10.2675,0,0,0,10.2675,ok,true,99402341339652,99402341339652,1.187923,,CAMERA-READY/h100/sweep_fixed/cases_zk_256/zk_complete_add_4_bw256_r16.log
zk_complete_add_4,q_add*x_p*x_p*x_q*x_q*lambda - q_add*x_p*x_q*x_q*x_r*lambda - q_add*x_p*x_q*x_q*y_p - q_add*x_p*x_q*x_q*y_r - q_add*x_p*x_p*x_p*x_q*lambda + q_add*x_p*x_p*x_q*x_r*lambda + q_add*x_p*x_p*x_q*y_p + q_add*x_p*x_p*x_q*y_r,prime-field-montgomery,element,specialized,p255_bls12_381_scalar,256,8,0x73eda753299d7d483339d80809a1d80553bda402fffe5bfeffffffff00000001,18,262144,7,6,8,2,10,whole-run,fixed,triton-sumcheck-prime-field-montgomery-element-layout-specialized-points,145.692,15.997,0.000,0.000000,0.000,15.997,ok,cuda-sumcheck-prime-field-montgomery-element-layout-specialized-points,19.4198,15.3273,0,0,0,15.3273,ok,true,111153967057471,111153967057471,1.043693,,CAMERA-READY/h100/sweep_fixed/cases_zk_256/zk_complete_add_4_bw256_r18.log
zk_complete_add_4,q_add*x_p*x_p*x_q*x_q*lambda - q_add*x_p*x_q*x_q*x_r*lambda - q_add*x_p*x_q*x_q*y_p - q_add*x_p*x_q*x_q*y_r - q_add*x_p*x_p*x_p*x_q*lambda + q_add*x_p*x_p*x_q*x_r*lambda + q_add*x_p*x_p*x_q*y_p + q_add*x_p*x_p*x_q*y_r,prime-field-montgomery,element,specialized,p255_bls12_381_scalar,256,8,0x73eda753299d7d483339d80809a1d80553bda402fffe5bfeffffffff00000001,20,1048576,7,6,8,2,10,whole-run,fixed,triton-sumcheck-prime-field-montgomery-element-layout-specialized-points,154.519,25.022,0.000,0.000000,0.000,25.022,ok,cuda-sumcheck-prime-field-montgomery-element-layout-specialized-points,30.6971,26.6338,0,0,0,26.6338,ok,true,121398054755575,121398054755575,0.939483,,CAMERA-READY/h100/sweep_fixed/cases_zk_256/zk_complete_add_4_bw256_r20.log
zk_complete_add_4,q_add*x_p*x_p*x_q*x_q*lambda - q_add*x_p*x_q*x_q*x_r*lambda - q_add*x_p*x_q*x_q*y_p - q_add*x_p*x_q*x_q*y_r - q_add*x_p*x_p*x_p*x_q*lambda + q_add*x_p*x_p*x_q*x_r*lambda + q_add*x_p*x_p*x_q*y_p + q_add*x_p*x_p*x_q*y_r,prime-field-montgomery,element,specialized,p255_bls12_381_scalar,256,8,0x73eda753299d7d483339d80809a1d80553bda402fffe5bfeffffffff00000001,22,4194304,7,6,8,2,10,whole-run,fixed,triton-sumcheck-prime-field-montgomery-element-layout-specialized-points,182.919,57.033,0.000,0.000000,0.000,57.033,ok,cuda-sumcheck-prime-field-montgomery-element-layout-specialized-points,70.5082,66.3129,0,0,0,66.3129,ok,true,134702806634552,134702806634552,0.860059,,CAMERA-READY/h100/sweep_fixed/cases_zk_256/zk_complete_add_4_bw256_r22.log
zk_complete_add_4,q_add*x_p*x_p*x_q*x_q*lambda - q_add*x_p*x_q*x_q*x_r*lambda - q_add*x_p*x_q*x_q*y_p - q_add*x_p*x_q*x_q*y_r - q_add*x_p*x_p*x_p*x_q*lambda + q_add*x_p*x_p*x_q*x_r*lambda + q_add*x_p*x_p*x_q*y_p + q_add*x_p*x_p*x_q*y_r,prime-field-montgomery,element,specialized,p255_bls12_381_scalar,256,8,0x73eda753299d7d483339d80809a1d80553bda402fffe5bfeffffffff00000001,24,16777216,7,6,8,2,10,whole-run,fixed,triton-sumcheck-prime-field-montgomery-element-layout-specialized-points,304.273,179.967,0.000,0.000000,0.000,179.967,ok,cuda-sumcheck-prime-field-montgomery-element-layout-specialized-points,224.743,220.781,0,0,0,220.781,ok,true,148874151811255,148874151811255,0.815138,,CAMERA-READY/h100/sweep_fixed/cases_zk_256/zk_complete_add_4_bw256_r24.log
zk_complete_add_4,q_add*x_p*x_p*x_q*x_q*lambda - q_add*x_p*x_q*x_q*x_r*lambda - q_add*x_p*x_q*x_q*y_p - q_add*x_p*x_q*x_q*y_r - q_add*x_p*x_p*x_p*x_q*lambda + q_add*x_p*x_p*x_q*x_r*lambda + q_add*x_p*x_p*x_q*y_p + q_add*x_p*x_p*x_q*y_r,prime-field-montgomery,element,specialized,p255_bls12_381_scalar,256,8,0x73eda753299d7d483339d80809a1d80553bda402fffe5bfeffffffff00000001,26,67108864,7,6,8,2,10,whole-run,fixed,triton-sumcheck-prime-field-montgomery-element-layout-specialized-points,792.945,661.598,0.000,0.000000,0.000,661.598,ok,cuda-sumcheck-prime-field-montgomery-element-layout-specialized-points,873.95,823.524,0,0,0,823.524,ok,true,162310316388649,162310316388649,0.803374,,CAMERA-READY/h100/sweep_fixed/cases_zk_256/zk_complete_add_4_bw256_r26.log
zk_complete_add_4,q_add*x_p*x_p*x_q*x_q*lambda - q_add*x_p*x_q*x_q*x_r*lambda - q_add*x_p*x_q*x_q*y_p - q_add*x_p*x_q*x_q*y_r - q_add*x_p*x_p*x_p*x_q*lambda + q_add*x_p*x_p*x_q*x_r*lambda + q_add*x_p*x_p*x_q*y_p + q_add*x_p*x_p*x_q*y_r,prime-field-montgomery,element,specialized,,256,,,28,268435456,7,6,8,2,10,whole-run,fixed,,,,,,,,skipped,,,,,,,,skipped,skipped,,,,returncode=1,CAMERA-READY/h100/sweep_fixed/cases_zk_256/zk_complete_add_4_bw256_r28.log
zk_complete_add_5,q_add*x_p*x_q*y_q*lambda*lambda + q_add*x_p*x_q*y_p*lambda*lambda - q_add*x_p*x_p*x_q*y_q - q_add*x_p*x_p*x_q*y_p - q_add*x_p*x_q*x_q*y_q - q_add*x_p*x_q*x_q*y_p - q_add*x_p*x_q*y_q*x_r - q_add*x_p*x_q*y_p*x_r,prime-field-montgomery,element,specialized,p255_bls12_381_scalar,256,8,0x73eda753299d7d483339d80809a1d80553bda402fffe5bfeffffffff00000001,14,16384,7,6,8,2,10,whole-run,fixed,triton-sumcheck-prime-field-montgomery-element-layout-specialized-points,136.882,9.441,0.000,0.000000,0.000,9.441,ok,cuda-sumcheck-prime-field-montgomery-element-layout-specialized-points,12.3357,8.38978,0,0,0,8.38978,ok,true,87497088361527,87497088361527,1.125298,,CAMERA-READY/h100/sweep_fixed/cases_zk_256/zk_complete_add_5_bw256_r14.log
zk_complete_add_5,q_add*x_p*x_q*y_q*lambda*lambda + q_add*x_p*x_q*y_p*lambda*lambda - q_add*x_p*x_p*x_q*y_q - q_add*x_p*x_p*x_q*y_p - q_add*x_p*x_q*x_q*y_q - q_add*x_p*x_q*x_q*y_p - q_add*x_p*x_q*y_q*x_r - q_add*x_p*x_q*y_p*x_r,prime-field-montgomery,element,specialized,p255_bls12_381_scalar,256,8,0x73eda753299d7d483339d80809a1d80553bda402fffe5bfeffffffff00000001,16,65536,7,6,8,2,10,whole-run,fixed,triton-sumcheck-prime-field-montgomery-element-layout-specialized-points,139.094,12.113,0.000,0.000000,0.000,12.113,ok,cuda-sumcheck-prime-field-montgomery-element-layout-specialized-points,13.8536,9.89488,0,0,0,9.89488,ok,true,96997994124720,96997994124720,1.224168,,CAMERA-READY/h100/sweep_fixed/cases_zk_256/zk_complete_add_5_bw256_r16.log
zk_complete_add_5,q_add*x_p*x_q*y_q*lambda*lambda + q_add*x_p*x_q*y_p*lambda*lambda - q_add*x_p*x_p*x_q*y_q - q_add*x_p*x_p*x_q*y_p - q_add*x_p*x_q*x_q*y_q - q_add*x_p*x_q*x_q*y_p - q_add*x_p*x_q*y_q*x_r - q_add*x_p*x_q*y_p*x_r,prime-field-montgomery,element,specialized,p255_bls12_381_scalar,256,8,0x73eda753299d7d483339d80809a1d80553bda402fffe5bfeffffffff00000001,18,262144,7,6,8,2,10,whole-run,fixed,triton-sumcheck-prime-field-montgomery-element-layout-specialized-points,145.314,15.574,0.000,0.000000,0.000,15.574,ok,cuda-sumcheck-prime-field-montgomery-element-layout-specialized-points,18.3153,14.4958,0,0,0,14.4958,ok,true,109980672794889,109980672794889,1.074380,,CAMERA-READY/h100/sweep_fixed/cases_zk_256/zk_complete_add_5_bw256_r18.log
zk_complete_add_5,q_add*x_p*x_q*y_q*lambda*lambda + q_add*x_p*x_q*y_p*lambda*lambda - q_add*x_p*x_p*x_q*y_q - q_add*x_p*x_p*x_q*y_p - q_add*x_p*x_q*x_q*y_q - q_add*x_p*x_q*x_q*y_p - q_add*x_p*x_q*y_q*x_r - q_add*x_p*x_q*y_p*x_r,prime-field-montgomery,element,specialized,p255_bls12_381_scalar,256,8,0x73eda753299d7d483339d80809a1d80553bda402fffe5bfeffffffff00000001,20,1048576,7,6,8,2,10,whole-run,fixed,triton-sumcheck-prime-field-montgomery-element-layout-specialized-points,151.471,24.723,0.000,0.000000,0.000,24.723,ok,cuda-sumcheck-prime-field-montgomery-element-layout-specialized-points,29.6072,25.7389,0,0,0,25.7389,ok,true,123320185658891,123320185658891,0.960531,,CAMERA-READY/h100/sweep_fixed/cases_zk_256/zk_complete_add_5_bw256_r20.log
zk_complete_add_5,q_add*x_p*x_q*y_q*lambda*lambda + q_add*x_p*x_q*y_p*lambda*lambda - q_add*x_p*x_p*x_q*y_q - q_add*x_p*x_p*x_q*y_p - q_add*x_p*x_q*x_q*y_q - q_add*x_p*x_q*x_q*y_p - q_add*x_p*x_q*y_q*x_r - q_add*x_p*x_q*y_p*x_r,prime-field-montgomery,element,specialized,p255_bls12_381_scalar,256,8,0x73eda753299d7d483339d80809a1d80553bda402fffe5bfeffffffff00000001,22,4194304,7,6,8,2,10,whole-run,fixed,triton-sumcheck-prime-field-montgomery-element-layout-specialized-points,181.636,55.358,0.000,0.000000,0.000,55.358,ok,cuda-sumcheck-prime-field-montgomery-element-layout-specialized-points,69.6176,65.2152,0,0,0,65.2152,ok,true,135911975834440,135911975834440,0.848851,,CAMERA-READY/h100/sweep_fixed/cases_zk_256/zk_complete_add_5_bw256_r22.log
zk_complete_add_5,q_add*x_p*x_q*y_q*lambda*lambda + q_add*x_p*x_q*y_p*lambda*lambda - q_add*x_p*x_p*x_q*y_q - q_add*x_p*x_p*x_q*y_p - q_add*x_p*x_q*x_q*y_q - q_add*x_p*x_q*x_q*y_p - q_add*x_p*x_q*y_q*x_r - q_add*x_p*x_q*y_p*x_r,prime-field-montgomery,element,specialized,p255_bls12_381_scalar,256,8,0x73eda753299d7d483339d80809a1d80553bda402fffe5bfeffffffff00000001,24,16777216,7,6,8,2,10,whole-run,fixed,triton-sumcheck-prime-field-montgomery-element-layout-specialized-points,297.269,171.604,0.000,0.000000,0.000,171.604,ok,cuda-sumcheck-prime-field-montgomery-element-layout-specialized-points,221.907,217.68,0,0,0,217.68,ok,true,146425248442876,146425248442876,0.788331,,CAMERA-READY/h100/sweep_fixed/cases_zk_256/zk_complete_add_5_bw256_r24.log
zk_complete_add_5,q_add*x_p*x_q*y_q*lambda*lambda + q_add*x_p*x_q*y_p*lambda*lambda - q_add*x_p*x_p*x_q*y_q - q_add*x_p*x_p*x_q*y_p - q_add*x_p*x_q*x_q*y_q - q_add*x_p*x_q*x_q*y_p - q_add*x_p*x_q*y_q*x_r - q_add*x_p*x_q*y_p*x_r,prime-field-montgomery,element,specialized,p255_bls12_381_scalar,256,8,0x73eda753299d7d483339d80809a1d80553bda402fffe5bfeffffffff00000001,26,67108864,7,6,8,2,10,whole-run,fixed,triton-sumcheck-prime-field-montgomery-element-layout-specialized-points,750.735,625.260,0.000,0.000000,0.000,625.260,ok,cuda-sumcheck-prime-field-montgomery-element-layout-specialized-points,833.331,813.096,0,0,0,813.096,ok,true,161138619619848,161138619619848,0.768987,,CAMERA-READY/h100/sweep_fixed/cases_zk_256/zk_complete_add_5_bw256_r26.log
zk_complete_add_5,q_add*x_p*x_q*y_q*lambda*lambda + q_add*x_p*x_q*y_p*lambda*lambda - q_add*x_p*x_p*x_q*y_q - q_add*x_p*x_p*x_q*y_p - q_add*x_p*x_q*x_q*y_q - q_add*x_p*x_q*x_q*y_p - q_add*x_p*x_q*y_q*x_r - q_add*x_p*x_q*y_p*x_r,prime-field-montgomery,element,specialized,,256,,,28,268435456,7,6,8,2,10,whole-run,fixed,,,,,,,,skipped,,,,,,,,skipped,skipped,,,,returncode=1,CAMERA-READY/h100/sweep_fixed/cases_zk_256/zk_complete_add_5_bw256_r28.log
zk_complete_add_6,q_add*x_p*x_p*x_q*y_q*lambda + q_add*x_p*x_p*x_q*y_p*lambda - q_add*x_p*x_q*y_p*x_r*lambda - q_add*x_p*x_q*y_q*x_r*lambda - q_add*x_p*x_q*y_p*y_p - q_add*x_p*x_q*y_p*y_q - q_add*x_p*x_q*y_p*y_r - q_add*x_p*x_q*y_q*y_r,prime-field-montgomery,element,specialized,p255_bls12_381_scalar,256,8,0x73eda753299d7d483339d80809a1d80553bda402fffe5bfeffffffff00000001,14,16384,8,6,8,2,10,whole-run,fixed,triton-sumcheck-prime-field-montgomery-element-layout-specialized-points,3150.295,10.200,0.000,0.000000,0.000,10.200,ok,cuda-sumcheck-prime-field-montgomery-element-layout-specialized-points,12.931,8.76256,0,0,0,8.76256,ok,true,84088931235322,84088931235322,1.164043,,CAMERA-READY/h100/sweep_fixed/cases_zk_256/zk_complete_add_6_bw256_r14.log
zk_complete_add_6,q_add*x_p*x_p*x_q*y_q*lambda + q_add*x_p*x_p*x_q*y_p*lambda - q_add*x_p*x_q*y_p*x_r*lambda - q_add*x_p*x_q*y_q*x_r*lambda - q_add*x_p*x_q*y_p*y_p - q_add*x_p*x_q*y_p*y_q - q_add*x_p*x_q*y_p*y_r - q_add*x_p*x_q*y_q*y_r,prime-field-montgomery,element,specialized,p255_bls12_381_scalar,256,8,0x73eda753299d7d483339d80809a1d80553bda402fffe5bfeffffffff00000001,16,65536,8,6,8,2,10,whole-run,fixed,triton-sumcheck-prime-field-montgomery-element-layout-specialized-points,143.597,12.304,0.000,0.000000,0.000,12.304,ok,cuda-sumcheck-prime-field-montgomery-element-layout-specialized-points,14.6194,10.4196,0,0,0,10.4196,ok,true,97729813563668,97729813563668,1.180851,,CAMERA-READY/h100/sweep_fixed/cases_zk_256/zk_complete_add_6_bw256_r16.log
zk_complete_add_6,q_add*x_p*x_p*x_q*y_q*lambda + q_add*x_p*x_p*x_q*y_p*lambda - q_add*x_p*x_q*y_p*x_r*lambda - q_add*x_p*x_q*y_q*x_r*lambda - q_add*x_p*x_q*y_p*y_p - q_add*x_p*x_q*y_p*y_q - q_add*x_p*x_q*y_p*y_r - q_add*x_p*x_q*y_q*y_r,prime-field-montgomery,element,specialized,p255_bls12_381_scalar,256,8,0x73eda753299d7d483339d80809a1d80553bda402fffe5bfeffffffff00000001,18,262144,8,6,8,2,10,whole-run,fixed,triton-sumcheck-prime-field-montgomery-element-layout-specialized-points,145.371,16.031,0.000,0.000000,0.000,16.031,ok,cuda-sumcheck-prime-field-montgomery-element-layout-specialized-points,19.4251,15.2883,0,0,0,15.2883,ok,true,111801510711826,111801510711826,1.048580,,CAMERA-READY/h100/sweep_fixed/cases_zk_256/zk_complete_add_6_bw256_r18.log
zk_complete_add_6,q_add*x_p*x_p*x_q*y_q*lambda + q_add*x_p*x_p*x_q*y_p*lambda - q_add*x_p*x_q*y_p*x_r*lambda - q_add*x_p*x_q*y_q*x_r*lambda - q_add*x_p*x_q*y_p*y_p - q_add*x_p*x_q*y_p*y_q - q_add*x_p*x_q*y_p*y_r - q_add*x_p*x_q*y_q*y_r,prime-field-montgomery,element,specialized,p255_bls12_381_scalar,256,8,0x73eda753299d7d483339d80809a1d80553bda402fffe5bfeffffffff00000001,20,1048576,8,6,8,2,10,whole-run,fixed,triton-sumcheck-prime-field-montgomery-element-layout-specialized-points,155.954,26.044,0.000,0.000000,0.000,26.044,ok,cuda-sumcheck-prime-field-montgomery-element-layout-specialized-points,32.037,27.9131,0,0,0,27.9131,ok,true,127702151872698,127702151872698,0.933039,,CAMERA-READY/h100/sweep_fixed/cases_zk_256/zk_complete_add_6_bw256_r20.log
zk_complete_add_6,q_add*x_p*x_p*x_q*y_q*lambda + q_add*x_p*x_p*x_q*y_p*lambda - q_add*x_p*x_q*y_p*x_r*lambda - q_add*x_p*x_q*y_q*x_r*lambda - q_add*x_p*x_q*y_p*y_p - q_add*x_p*x_q*y_p*y_q - q_add*x_p*x_q*y_p*y_r - q_add*x_p*x_q*y_q*y_r,prime-field-montgomery,element,specialized,p255_bls12_381_scalar,256,8,0x73eda753299d7d483339d80809a1d80553bda402fffe5bfeffffffff00000001,22,4194304,8,6,8,2,10,whole-run,fixed,triton-sumcheck-prime-field-montgomery-element-layout-specialized-points,191.094,60.184,0.000,0.000000,0.000,60.184,ok,cuda-sumcheck-prime-field-montgomery-element-layout-specialized-points,77.043,72.9143,0,0,0,72.9143,ok,true,136453822904269,136453822904269,0.825407,,CAMERA-READY/h100/sweep_fixed/cases_zk_256/zk_complete_add_6_bw256_r22.log
zk_complete_add_6,q_add*x_p*x_p*x_q*y_q*lambda + q_add*x_p*x_p*x_q*y_p*lambda - q_add*x_p*x_q*y_p*x_r*lambda - q_add*x_p*x_q*y_q*x_r*lambda - q_add*x_p*x_q*y_p*y_p - q_add*x_p*x_q*y_p*y_q - q_add*x_p*x_q*y_p*y_r - q_add*x_p*x_q*y_q*y_r,prime-field-montgomery,element,specialized,p255_bls12_381_scalar,256,8,0x73eda753299d7d483339d80809a1d80553bda402fffe5bfeffffffff00000001,24,16777216,8,6,8,2,10,whole-run,fixed,triton-sumcheck-prime-field-montgomery-element-layout-specialized-points,318.645,192.255,0.000,0.000000,0.000,192.255,ok,cuda-sumcheck-prime-field-montgomery-element-layout-specialized-points,258.85,254.814,0,0,0,254.814,ok,true,151263839095356,151263839095356,0.754492,,CAMERA-READY/h100/sweep_fixed/cases_zk_256/zk_complete_add_6_bw256_r24.log
zk_complete_add_6,q_add*x_p*x_p*x_q*y_q*lambda + q_add*x_p*x_p*x_q*y_p*lambda - q_add*x_p*x_q*y_p*x_r*lambda - q_add*x_p*x_q*y_q*x_r*lambda - q_add*x_p*x_q*y_p*y_p - q_add*x_p*x_q*y_p*y_q - q_add*x_p*x_q*y_p*y_r - q_add*x_p*x_q*y_q*y_r,prime-field-montgomery,element,specialized,p255_bls12_381_scalar,256,8,0x73eda753299d7d483339d80809a1d80553bda402fffe5bfeffffffff00000001,26,67108864,8,6,8,2,10,whole-run,fixed,triton-sumcheck-prime-field-montgomery-element-layout-specialized-points,828.101,700.287,0.000,0.000000,0.000,700.287,ok,cuda-sumcheck-prime-field-montgomery-element-layout-specialized-points,958.956,947.204,0,0,0,947.204,ok,true,162039945774460,162039945774460,0.739320,,CAMERA-READY/h100/sweep_fixed/cases_zk_256/zk_complete_add_6_bw256_r26.log
zk_complete_add_6,q_add*x_p*x_p*x_q*y_q*lambda + q_add*x_p*x_p*x_q*y_p*lambda - q_add*x_p*x_q*y_p*x_r*lambda - q_add*x_p*x_q*y_q*x_r*lambda - q_add*x_p*x_q*y_p*y_p - q_add*x_p*x_q*y_p*y_q - q_add*x_p*x_q*y_p*y_r - q_add*x_p*x_q*y_q*y_r,prime-field-montgomery,element,specialized,,256,,,28,268435456,8,6,8,2,10,whole-run,fixed,,,,,,,,skipped,,,,,,,,skipped,skipped,,,,returncode=1,CAMERA-READY/h100/sweep_fixed/cases_zk_256/zk_complete_add_6_bw256_r28.log
zk_complete_add_7,q_add*x_r - q_add*x_q - q_add*x_p*x_r*beta + q_add*x_p*x_q*beta,prime-field-montgomery,element,specialized,p255_bls12_381_scalar,256,8,0x73eda753299d7d483339d80809a1d80553bda402fffe5bfeffffffff00000001,14,16384,5,4,4,2,10,whole-run,fixed,triton-sumcheck-prime-field-montgomery-element-layout-specialized-points,81.251,5.781,0.000,0.000000,0.000,5.781,ok,cuda-sumcheck-prime-field-montgomery-element-layout-specialized-points,3.76124,2.68665,0,0,0,2.68665,ok,true,64721918569490,64721918569490,2.151750,,CAMERA-READY/h100/sweep_fixed/cases_zk_256/zk_complete_add_7_bw256_r14.log
zk_complete_add_7,q_add*x_r - q_add*x_q - q_add*x_p*x_r*beta + q_add*x_p*x_q*beta,prime-field-montgomery,element,specialized,p255_bls12_381_scalar,256,8,0x73eda753299d7d483339d80809a1d80553bda402fffe5bfeffffffff00000001,16,65536,5,4,4,2,10,whole-run,fixed,triton-sumcheck-prime-field-montgomery-element-layout-specialized-points,83.955,7.761,0.000,0.000000,0.000,7.761,ok,cuda-sumcheck-prime-field-montgomery-element-layout-specialized-points,4.36697,3.30281,0,0,0,3.30281,ok,true,71667032844355,71667032844355,2.349817,,CAMERA-READY/h100/sweep_fixed/cases_zk_256/zk_complete_add_7_bw256_r16.log
zk_complete_add_7,q_add*x_r - q_add*x_q - q_add*x_p*x_r*beta + q_add*x_p*x_q*beta,prime-field-montgomery,element,specialized,p255_bls12_381_scalar,256,8,0x73eda753299d7d483339d80809a1d80553bda402fffe5bfeffffffff00000001,18,262144,5,4,4,2,10,whole-run,fixed,triton-sumcheck-prime-field-montgomery-element-layout-specialized-points,84.426,9.864,0.000,0.000000,0.000,9.864,ok,cuda-sumcheck-prime-field-montgomery-element-layout-specialized-points,5.54549,4.53002,0,0,0,4.53002,ok,true,80032519064251,80032519064251,2.177474,,CAMERA-READY/h100/sweep_fixed/cases_zk_256/zk_complete_add_7_bw256_r18.log
zk_complete_add_7,q_add*x_r - q_add*x_q - q_add*x_p*x_r*beta + q_add*x_p*x_q*beta,prime-field-montgomery,element,specialized,p255_bls12_381_scalar,256,8,0x73eda753299d7d483339d80809a1d80553bda402fffe5bfeffffffff00000001,20,1048576,5,4,4,2,10,whole-run,fixed,triton-sumcheck-prime-field-montgomery-element-layout-specialized-points,88.539,13.358,0.000,0.000000,0.000,13.358,ok,cuda-sumcheck-prime-field-montgomery-element-layout-specialized-points,8.26048,7.2574,0,0,0,7.2574,ok,true,86072749519367,86072749519367,1.840604,,CAMERA-READY/h100/sweep_fixed/cases_zk_256/zk_complete_add_7_bw256_r20.log
zk_complete_add_7,q_add*x_r - q_add*x_q - q_add*x_p*x_r*beta + q_add*x_p*x_q*beta,prime-field-montgomery,element,specialized,p255_bls12_381_scalar,256,8,0x73eda753299d7d483339d80809a1d80553bda402fffe5bfeffffffff00000001,22,4194304,5,4,4,2,10,whole-run,fixed,triton-sumcheck-prime-field-montgomery-element-layout-specialized-points,95.794,23.351,0.000,0.000000,0.000,23.351,ok,cuda-sumcheck-prime-field-montgomery-element-layout-specialized-points,17.1555,16.0959,0,0,0,16.0959,ok,true,100819326577736,100819326577736,1.450742,,CAMERA-READY/h100/sweep_fixed/cases_zk_256/zk_complete_add_7_bw256_r22.log
zk_complete_add_7,q_add*x_r - q_add*x_q - q_add*x_p*x_r*beta + q_add*x_p*x_q*beta,prime-field-montgomery,element,specialized,p255_bls12_381_scalar,256,8,0x73eda753299d7d483339d80809a1d80553bda402fffe5bfeffffffff00000001,24,16777216,5,4,4,2,10,whole-run,fixed,triton-sumcheck-prime-field-montgomery-element-layout-specialized-points,132.612,61.017,0.000,0.000000,0.000,61.017,ok,cuda-sumcheck-prime-field-montgomery-element-layout-specialized-points,50.4989,49.2704,0,0,0,49.2704,ok,true,107743887149652,107743887149652,1.238411,,CAMERA-READY/h100/sweep_fixed/cases_zk_256/zk_complete_add_7_bw256_r24.log
zk_complete_add_7,q_add*x_r - q_add*x_q - q_add*x_p*x_r*beta + q_add*x_p*x_q*beta,prime-field-montgomery,element,specialized,p255_bls12_381_scalar,256,8,0x73eda753299d7d483339d80809a1d80553bda402fffe5bfeffffffff00000001,26,67108864,5,4,4,2,10,whole-run,fixed,triton-sumcheck-prime-field-montgomery-element-layout-specialized-points,277.204,208.345,0.000,0.000000,0.000,208.345,ok,cuda-sumcheck-prime-field-montgomery-element-layout-specialized-points,183.583,182.546,0,0,0,182.546,ok,true,115022369023562,115022369023562,1.141329,,CAMERA-READY/h100/sweep_fixed/cases_zk_256/zk_complete_add_7_bw256_r26.log
zk_complete_add_7,q_add*x_r - q_add*x_q - q_add*x_p*x_r*beta + q_add*x_p*x_q*beta,prime-field-montgomery,element,specialized,,256,,,28,268435456,5,4,4,2,10,whole-run,fixed,,,,,,,,skipped,,,,,,,,skipped,skipped,,,,returncode=1,CAMERA-READY/h100/sweep_fixed/cases_zk_256/zk_complete_add_7_bw256_r28.log
zk_complete_add_8,q_add*y_r - q_add*y_q - q_add*x_p*y_r*beta + q_add*x_p*y_q*beta,prime-field-montgomery,element,specialized,p255_bls12_381_scalar,256,8,0x73eda753299d7d483339d80809a1d80553bda402fffe5bfeffffffff00000001,14,16384,5,4,4,2,10,whole-run,fixed,triton-sumcheck-prime-field-montgomery-element-layout-specialized-points,80.551,5.826,0.000,0.000000,0.000,5.826,ok,cuda-sumcheck-prime-field-montgomery-element-layout-specialized-points,3.81797,2.7292,0,0,0,2.7292,ok,true,64721918569490,64721918569490,2.134691,,CAMERA-READY/h100/sweep_fixed/cases_zk_256/zk_complete_add_8_bw256_r14.log
zk_complete_add_8,q_add*y_r - q_add*y_q - q_add*x_p*y_r*beta + q_add*x_p*y_q*beta,prime-field-montgomery,element,specialized,p255_bls12_381_scalar,256,8,0x73eda753299d7d483339d80809a1d80553bda402fffe5bfeffffffff00000001,16,65536,5,4,4,2,10,whole-run,fixed,triton-sumcheck-prime-field-montgomery-element-layout-specialized-points,83.169,7.693,0.000,0.000000,0.000,7.693,ok,cuda-sumcheck-prime-field-montgomery-element-layout-specialized-points,4.37865,3.33141,0,0,0,3.33141,ok,true,71667032844355,71667032844355,2.309232,,CAMERA-READY/h100/sweep_fixed/cases_zk_256/zk_complete_add_8_bw256_r16.log
zk_complete_add_8,q_add*y_r - q_add*y_q - q_add*x_p*y_r*beta + q_add*x_p*y_q*beta,prime-field-montgomery,element,specialized,p255_bls12_381_scalar,256,8,0x73eda753299d7d483339d80809a1d80553bda402fffe5bfeffffffff00000001,18,262144,5,4,4,2,10,whole-run,fixed,triton-sumcheck-prime-field-montgomery-element-layout-specialized-points,85.581,9.958,0.000,0.000000,0.000,9.958,ok,cuda-sumcheck-prime-field-montgomery-element-layout-specialized-points,5.46387,4.4521,0,0,0,4.4521,ok,true,80032519064251,80032519064251,2.236697,,CAMERA-READY/h100/sweep_fixed/cases_zk_256/zk_complete_add_8_bw256_r18.log
zk_complete_add_8,q_add*y_r - q_add*y_q - q_add*x_p*y_r*beta + q_add*x_p*y_q*beta,prime-field-montgomery,element,specialized,p255_bls12_381_scalar,256,8,0x73eda753299d7d483339d80809a1d80553bda402fffe5bfeffffffff00000001,20,1048576,5,4,4,2,10,whole-run,fixed,triton-sumcheck-prime-field-montgomery-element-layout-specialized-points,87.629,13.291,0.000,0.000000,0.000,13.291,ok,cuda-sumcheck-prime-field-montgomery-element-layout-specialized-points,8.28976,7.23138,0,0,0,7.23138,ok,true,86072749519367,86072749519367,1.837962,,CAMERA-READY/h100/sweep_fixed/cases_zk_256/zk_complete_add_8_bw256_r20.log
zk_complete_add_8,q_add*y_r - q_add*y_q - q_add*x_p*y_r*beta + q_add*x_p*y_q*beta,prime-field-montgomery,element,specialized,p255_bls12_381_scalar,256,8,0x73eda753299d7d483339d80809a1d80553bda402fffe5bfeffffffff00000001,22,4194304,5,4,4,2,10,whole-run,fixed,triton-sumcheck-prime-field-montgomery-element-layout-specialized-points,97.557,23.325,0.000,0.000000,0.000,23.325,ok,cuda-sumcheck-prime-field-montgomery-element-layout-specialized-points,16.9328,15.9343,0,0,0,15.9343,ok,true,100819326577736,100819326577736,1.463823,,CAMERA-READY/h100/sweep_fixed/cases_zk_256/zk_complete_add_8_bw256_r22.log
zk_complete_add_8,q_add*y_r - q_add*y_q - q_add*x_p*y_r*beta + q_add*x_p*y_q*beta,prime-field-montgomery,element,specialized,p255_bls12_381_scalar,256,8,0x73eda753299d7d483339d80809a1d80553bda402fffe5bfeffffffff00000001,24,16777216,5,4,4,2,10,whole-run,fixed,triton-sumcheck-prime-field-montgomery-element-layout-specialized-points,131.652,60.826,0.000,0.000000,0.000,60.826,ok,cuda-sumcheck-prime-field-montgomery-element-layout-specialized-points,49.6788,48.4,0,0,0,48.4,ok,true,107743887149652,107743887149652,1.256736,,CAMERA-READY/h100/sweep_fixed/cases_zk_256/zk_complete_add_8_bw256_r24.log
zk_complete_add_8,q_add*y_r - q_add*y_q - q_add*x_p*y_r*beta + q_add*x_p*y_q*beta,prime-field-montgomery,element,specialized,p255_bls12_381_scalar,256,8,0x73eda753299d7d483339d80809a1d80553bda402fffe5bfeffffffff00000001,26,67108864,5,4,4,2,10,whole-run,fixed,triton-sumcheck-prime-field-montgomery-element-layout-specialized-points,280.020,210.080,0.000,0.000000,0.000,210.080,ok,cuda-sumcheck-prime-field-montgomery-element-layout-specialized-points,181.169,178.089,0,0,0,178.089,ok,true,115022369023562,115022369023562,1.179635,,CAMERA-READY/h100/sweep_fixed/cases_zk_256/zk_complete_add_8_bw256_r26.log
zk_complete_add_8,q_add*y_r - q_add*y_q - q_add*x_p*y_r*beta + q_add*x_p*y_q*beta,prime-field-montgomery,element,specialized,,256,,,28,268435456,5,4,4,2,10,whole-run,fixed,,,,,,,,skipped,,,,,,,,skipped,skipped,,,,returncode=1,CAMERA-READY/h100/sweep_fixed/cases_zk_256/zk_complete_add_8_bw256_r28.log
zk_complete_add_9,q_add*x_r - q_add*x_p - q_add*x_q*x_r*gamma + q_add*x_p*x_q*gamma,prime-field-montgomery,element,specialized,p255_bls12_381_scalar,256,8,0x73eda753299d7d483339d80809a1d80553bda402fffe5bfeffffffff00000001,14,16384,5,4,4,2,10,whole-run,fixed,triton-sumcheck-prime-field-montgomery-element-layout-specialized-points,81.334,5.894,0.000,0.000000,0.000,5.894,ok,cuda-sumcheck-prime-field-montgomery-element-layout-specialized-points,3.85965,2.74083,0,0,0,2.74083,ok,true,64721918569490,64721918569490,2.150443,,CAMERA-READY/h100/sweep_fixed/cases_zk_256/zk_complete_add_9_bw256_r14.log
zk_complete_add_9,q_add*x_r - q_add*x_p - q_add*x_q*x_r*gamma + q_add*x_p*x_q*gamma,prime-field-montgomery,element,specialized,p255_bls12_381_scalar,256,8,0x73eda753299d7d483339d80809a1d80553bda402fffe5bfeffffffff00000001,16,65536,5,4,4,2,10,whole-run,fixed,triton-sumcheck-prime-field-montgomery-element-layout-specialized-points,83.560,7.779,0.000,0.000000,0.000,7.779,ok,cuda-sumcheck-prime-field-montgomery-element-layout-specialized-points,4.43635,3.34006,0,0,0,3.34006,ok,true,71667032844355,71667032844355,2.329000,,CAMERA-READY/h100/sweep_fixed/cases_zk_256/zk_complete_add_9_bw256_r16.log
zk_complete_add_9,q_add*x_r - q_add*x_p - q_add*x_q*x_r*gamma + q_add*x_p*x_q*gamma,prime-field-montgomery,element,specialized,p255_bls12_381_scalar,256,8,0x73eda753299d7d483339d80809a1d80553bda402fffe5bfeffffffff00000001,18,262144,5,4,4,2,10,whole-run,fixed,triton-sumcheck-prime-field-montgomery-element-layout-specialized-points,85.850,9.824,0.000,0.000000,0.000,9.824,ok,cuda-sumcheck-prime-field-montgomery-element-layout-specialized-points,5.65345,4.54368,0,0,0,4.54368,ok,true,80032519064251,80032519064251,2.162124,,CAMERA-READY/h100/sweep_fixed/cases_zk_256/zk_complete_add_9_bw256_r18.log
zk_complete_add_9,q_add*x_r - q_add*x_p - q_add*x_q*x_r*gamma + q_add*x_p*x_q*gamma,prime-field-montgomery,element,specialized,p255_bls12_381_scalar,256,8,0x73eda753299d7d483339d80809a1d80553bda402fffe5bfeffffffff00000001,20,1048576,5,4,4,2,10,whole-run,fixed,triton-sumcheck-prime-field-montgomery-element-layout-specialized-points,88.114,13.045,0.000,0.000000,0.000,13.045,ok,cuda-sumcheck-prime-field-montgomery-element-layout-specialized-points,8.40849,7.30905,0,0,0,7.30905,ok,true,86072749519367,86072749519367,1.784774,,CAMERA-READY/h100/sweep_fixed/cases_zk_256/zk_complete_add_9_bw256_r20.log
zk_complete_add_9,q_add*x_r - q_add*x_p - q_add*x_q*x_r*gamma + q_add*x_p*x_q*gamma,prime-field-montgomery,element,specialized,p255_bls12_381_scalar,256,8,0x73eda753299d7d483339d80809a1d80553bda402fffe5bfeffffffff00000001,22,4194304,5,4,4,2,10,whole-run,fixed,triton-sumcheck-prime-field-montgomery-element-layout-specialized-points,96.654,23.551,0.000,0.000000,0.000,23.551,ok,cuda-sumcheck-prime-field-montgomery-element-layout-specialized-points,17.0646,15.9691,0,0,0,15.9691,ok,true,100819326577736,100819326577736,1.474786,,CAMERA-READY/h100/sweep_fixed/cases_zk_256/zk_complete_add_9_bw256_r22.log
zk_complete_add_9,q_add*x_r - q_add*x_p - q_add*x_q*x_r*gamma + q_add*x_p*x_q*gamma,prime-field-montgomery,element,specialized,p255_bls12_381_scalar,256,8,0x73eda753299d7d483339d80809a1d80553bda402fffe5bfeffffffff00000001,24,16777216,5,4,4,2,10,whole-run,fixed,triton-sumcheck-prime-field-montgomery-element-layout-specialized-points,132.455,60.273,0.000,0.000000,0.000,60.273,ok,cuda-sumcheck-prime-field-montgomery-element-layout-specialized-points,49.7684,48.4999,0,0,0,48.4999,ok,true,107743887149652,107743887149652,1.242745,,CAMERA-READY/h100/sweep_fixed/cases_zk_256/zk_complete_add_9_bw256_r24.log
zk_complete_add_9,q_add*x_r - q_add*x_p - q_add*x_q*x_r*gamma + q_add*x_p*x_q*gamma,prime-field-montgomery,element,specialized,p255_bls12_381_scalar,256,8,0x73eda753299d7d483339d80809a1d80553bda402fffe5bfeffffffff00000001,26,67108864,5,4,4,2,10,whole-run,fixed,triton-sumcheck-prime-field-montgomery-element-layout-specialized-points,277.660,207.088,0.000,0.000000,0.000,207.088,ok,cuda-sumcheck-prime-field-montgomery-element-layout-specialized-points,180.279,179.688,0,0,0,179.688,ok,true,115022369023562,115022369023562,1.152487,,CAMERA-READY/h100/sweep_fixed/cases_zk_256/zk_complete_add_9_bw256_r26.log
zk_complete_add_9,q_add*x_r - q_add*x_p - q_add*x_q*x_r*gamma + q_add*x_p*x_q*gamma,prime-field-montgomery,element,specialized,,256,,,28,268435456,5,4,4,2,10,whole-run,fixed,,,,,,,,skipped,,,,,,,,skipped,skipped,,,,returncode=1,CAMERA-READY/h100/sweep_fixed/cases_zk_256/zk_complete_add_9_bw256_r28.log
zk_complete_add_10,q_add*y_r - q_add*y_p - q_add*x_q*y_r*gamma + q_add*x_q*y_p*gamma,prime-field-montgomery,element,specialized,p255_bls12_381_scalar,256,8,0x73eda753299d7d483339d80809a1d80553bda402fffe5bfeffffffff00000001,14,16384,5,4,4,2,10,whole-run,fixed,triton-sumcheck-prime-field-montgomery-element-layout-specialized-points,81.353,5.699,0.000,0.000000,0.000,5.699,ok,cuda-sumcheck-prime-field-montgomery-element-layout-specialized-points,3.83408,2.71678,0,0,0,2.71678,ok,true,64721918569490,64721918569490,2.097704,,CAMERA-READY/h100/sweep_fixed/cases_zk_256/zk_complete_add_10_bw256_r14.log
zk_complete_add_10,q_add*y_r - q_add*y_p - q_add*x_q*y_r*gamma + q_add*x_q*y_p*gamma,prime-field-montgomery,element,specialized,p255_bls12_381_scalar,256,8,0x73eda753299d7d483339d80809a1d80553bda402fffe5bfeffffffff00000001,16,65536,5,4,4,2,10,whole-run,fixed,triton-sumcheck-prime-field-montgomery-element-layout-specialized-points,83.525,7.934,0.000,0.000000,0.000,7.934,ok,cuda-sumcheck-prime-field-montgomery-element-layout-specialized-points,4.4183,3.31444,0,0,0,3.31444,ok,true,71667032844355,71667032844355,2.393768,,CAMERA-READY/h100/sweep_fixed/cases_zk_256/zk_complete_add_10_bw256_r16.log
zk_complete_add_10,q_add*y_r - q_add*y_p - q_add*x_q*y_r*gamma + q_add*x_q*y_p*gamma,prime-field-montgomery,element,specialized,p255_bls12_381_scalar,256,8,0x73eda753299d7d483339d80809a1d80553bda402fffe5bfeffffffff00000001,18,262144,5,4,4,2,10,whole-run,fixed,triton-sumcheck-prime-field-montgomery-element-layout-specialized-points,85.432,9.932,0.000,0.000000,0.000,9.932,ok,cuda-sumcheck-prime-field-montgomery-element-layout-specialized-points,5.60592,4.54694,0,0,0,4.54694,ok,true,80032519064251,80032519064251,2.184326,,CAMERA-READY/h100/sweep_fixed/cases_zk_256/zk_complete_add_10_bw256_r18.log
zk_complete_add_10,q_add*y_r - q_add*y_p - q_add*x_q*y_r*gamma + q_add*x_q*y_p*gamma,prime-field-montgomery,element,specialized,p255_bls12_381_scalar,256,8,0x73eda753299d7d483339d80809a1d80553bda402fffe5bfeffffffff00000001,20,1048576,5,4,4,2,10,whole-run,fixed,triton-sumcheck-prime-field-montgomery-element-layout-specialized-points,89.173,13.358,0.000,0.000000,0.000,13.358,ok,cuda-sumcheck-prime-field-montgomery-element-layout-specialized-points,8.27846,7.21538,0,0,0,7.21538,ok,true,86072749519367,86072749519367,1.851323,,CAMERA-READY/h100/sweep_fixed/cases_zk_256/zk_complete_add_10_bw256_r20.log
zk_complete_add_10,q_add*y_r - q_add*y_p - q_add*x_q*y_r*gamma + q_add*x_q*y_p*gamma,prime-field-montgomery,element,specialized,p255_bls12_381_scalar,256,8,0x73eda753299d7d483339d80809a1d80553bda402fffe5bfeffffffff00000001,22,4194304,5,4,4,2,10,whole-run,fixed,triton-sumcheck-prime-field-montgomery-element-layout-specialized-points,97.644,23.257,0.000,0.000000,0.000,23.257,ok,cuda-sumcheck-prime-field-montgomery-element-layout-specialized-points,17.1406,15.9504,0,0,0,15.9504,ok,true,100819326577736,100819326577736,1.458083,,CAMERA-READY/h100/sweep_fixed/cases_zk_256/zk_complete_add_10_bw256_r22.log
zk_complete_add_10,q_add*y_r - q_add*y_p - q_add*x_q*y_r*gamma + q_add*x_q*y_p*gamma,prime-field-montgomery,element,specialized,p255_bls12_381_scalar,256,8,0x73eda753299d7d483339d80809a1d80553bda402fffe5bfeffffffff00000001,24,16777216,5,4,4,2,10,whole-run,fixed,triton-sumcheck-prime-field-montgomery-element-layout-specialized-points,133.109,61.100,0.000,0.000000,0.000,61.100,ok,cuda-sumcheck-prime-field-montgomery-element-layout-specialized-points,49.4505,48.255,0,0,0,48.255,ok,true,107743887149652,107743887149652,1.266190,,CAMERA-READY/h100/sweep_fixed/cases_zk_256/zk_complete_add_10_bw256_r24.log
zk_complete_add_10,q_add*y_r - q_add*y_p - q_add*x_q*y_r*gamma + q_add*x_q*y_p*gamma,prime-field-montgomery,element,specialized,p255_bls12_381_scalar,256,8,0x73eda753299d7d483339d80809a1d80553bda402fffe5bfeffffffff00000001,26,67108864,5,4,4,2,10,whole-run,fixed,triton-sumcheck-prime-field-montgomery-element-layout-specialized-points,277.358,209.272,0.000,0.000000,0.000,209.272,ok,cuda-sumcheck-prime-field-montgomery-element-layout-specialized-points,179.294,179.332,0,0,0,179.332,ok,true,115022369023562,115022369023562,1.166953,,CAMERA-READY/h100/sweep_fixed/cases_zk_256/zk_complete_add_10_bw256_r26.log
zk_complete_add_10,q_add*y_r - q_add*y_p - q_add*x_q*y_r*gamma + q_add*x_q*y_p*gamma,prime-field-montgomery,element,specialized,,256,,,28,268435456,5,4,4,2,10,whole-run,fixed,,,,,,,,skipped,,,,,,,,skipped,skipped,,,,returncode=1,CAMERA-READY/h100/sweep_fixed/cases_zk_256/zk_complete_add_10_bw256_r28.log
zk_complete_add_11,q_add*x_r - q_add*x_q*x_r*alpha + q_add*x_p*x_r*alpha - q_add*y_q*x_r*delta - q_add*y_p*x_r*delta,prime-field-montgomery,element,specialized,p255_bls12_381_scalar,256,8,0x73eda753299d7d483339d80809a1d80553bda402fffe5bfeffffffff00000001,14,16384,8,4,5,2,10,whole-run,fixed,triton-sumcheck-prime-field-montgomery-element-layout-specialized-points,97.625,6.612,0.000,0.000000,0.000,6.612,ok,cuda-sumcheck-prime-field-montgomery-element-layout-specialized-points,5.29985,3.67121,0,0,0,3.67121,ok,true,62956770791525,62956770791525,1.801041,,CAMERA-READY/h100/sweep_fixed/cases_zk_256/zk_complete_add_11_bw256_r14.log
zk_complete_add_11,q_add*x_r - q_add*x_q*x_r*alpha + q_add*x_p*x_r*alpha - q_add*y_q*x_r*delta - q_add*y_p*x_r*delta,prime-field-montgomery,element,specialized,p255_bls12_381_scalar,256,8,0x73eda753299d7d483339d80809a1d80553bda402fffe5bfeffffffff00000001,16,65536,8,4,5,2,10,whole-run,fixed,triton-sumcheck-prime-field-montgomery-element-layout-specialized-points,62.098,5.815,0.000,0.000000,0.000,5.815,ok,cuda-sumcheck-prime-field-montgomery-element-layout-specialized-points,6.03754,4.51621,0,0,0,4.51621,ok,true,70762978740454,70762978740454,1.287584,,CAMERA-READY/h100/sweep_fixed/cases_zk_256/zk_complete_add_11_bw256_r16.log
zk_complete_add_11,q_add*x_r - q_add*x_q*x_r*alpha + q_add*x_p*x_r*alpha - q_add*y_q*x_r*delta - q_add*y_p*x_r*delta,prime-field-montgomery,element,specialized,p255_bls12_381_scalar,256,8,0x73eda753299d7d483339d80809a1d80553bda402fffe5bfeffffffff00000001,18,262144,8,4,5,2,10,whole-run,fixed,triton-sumcheck-prime-field-montgomery-element-layout-specialized-points,103.859,10.722,0.000,0.000000,0.000,10.722,ok,cuda-sumcheck-prime-field-montgomery-element-layout-specialized-points,8.05415,6.51106,0,0,0,6.51106,ok,true,77049406967767,77049406967767,1.646736,,CAMERA-READY/h100/sweep_fixed/cases_zk_256/zk_complete_add_11_bw256_r18.log
zk_complete_add_11,q_add*x_r - q_add*x_q*x_r*alpha + q_add*x_p*x_r*alpha - q_add*y_q*x_r*delta - q_add*y_p*x_r*delta,prime-field-montgomery,element,specialized,p255_bls12_381_scalar,256,8,0x73eda753299d7d483339d80809a1d80553bda402fffe5bfeffffffff00000001,20,1048576,8,4,5,2,10,whole-run,fixed,triton-sumcheck-prime-field-montgomery-element-layout-specialized-points,68.218,14.097,0.000,0.000000,0.000,14.097,ok,cuda-sumcheck-prime-field-montgomery-element-layout-specialized-points,13.06,11.5112,0,0,0,11.5112,ok,true,86279251806969,86279251806969,1.224633,,CAMERA-READY/h100/sweep_fixed/cases_zk_256/zk_complete_add_11_bw256_r20.log
zk_complete_add_11,q_add*x_r - q_add*x_q*x_r*alpha + q_add*x_p*x_r*alpha - q_add*y_q*x_r*delta - q_add*y_p*x_r*delta,prime-field-montgomery,element,specialized,p255_bls12_381_scalar,256,8,0x73eda753299d7d483339d80809a1d80553bda402fffe5bfeffffffff00000001,22,4194304,8,4,5,2,10,whole-run,fixed,triton-sumcheck-prime-field-montgomery-element-layout-specialized-points,127.629,39.050,0.000,0.000000,0.000,39.050,ok,cuda-sumcheck-prime-field-montgomery-element-layout-specialized-points,29.9217,28.4665,0,0,0,28.4665,ok,true,95160275634970,95160275634970,1.371788,,CAMERA-READY/h100/sweep_fixed/cases_zk_256/zk_complete_add_11_bw256_r22.log
zk_complete_add_11,q_add*x_r - q_add*x_q*x_r*alpha + q_add*x_p*x_r*alpha - q_add*y_q*x_r*delta - q_add*y_p*x_r*delta,prime-field-montgomery,element,specialized,p255_bls12_381_scalar,256,8,0x73eda753299d7d483339d80809a1d80553bda402fffe5bfeffffffff00000001,24,16777216,8,4,5,2,10,whole-run,fixed,triton-sumcheck-prime-field-montgomery-element-layout-specialized-points,210.570,121.478,0.000,0.000000,0.000,121.478,ok,cuda-sumcheck-prime-field-montgomery-element-layout-specialized-points,95.1697,93.7283,0,0,0,93.7283,ok,true,104209935896092,104209935896092,1.296065,,CAMERA-READY/h100/sweep_fixed/cases_zk_256/zk_complete_add_11_bw256_r24.log
zk_complete_add_11,q_add*x_r - q_add*x_q*x_r*alpha + q_add*x_p*x_r*alpha - q_add*y_q*x_r*delta - q_add*y_p*x_r*delta,prime-field-montgomery,element,specialized,p255_bls12_381_scalar,256,8,0x73eda753299d7d483339d80809a1d80553bda402fffe5bfeffffffff00000001,26,67108864,8,4,5,2,10,whole-run,fixed,triton-sumcheck-prime-field-montgomery-element-layout-specialized-points,533.645,445.938,0.000,0.000000,0.000,445.938,ok,cuda-sumcheck-prime-field-montgomery-element-layout-specialized-points,354.105,347.76,0,0,0,347.76,ok,true,118405546766377,118405546766377,1.282315,,CAMERA-READY/h100/sweep_fixed/cases_zk_256/zk_complete_add_11_bw256_r26.log
zk_complete_add_11,q_add*x_r - q_add*x_q*x_r*alpha + q_add*x_p*x_r*alpha - q_add*y_q*x_r*delta - q_add*y_p*x_r*delta,prime-field-montgomery,element,specialized,,256,,,28,268435456,8,4,5,2,10,whole-run,fixed,,,,,,,,skipped,,,,,,,,skipped,skipped,,,,returncode=1,CAMERA-READY/h100/sweep_fixed/cases_zk_256/zk_complete_add_11_bw256_r28.log
zk_complete_add_12,q_add*y_r - q_add*x_q*y_r*alpha + q_add*x_p*y_r*alpha - q_add*y_q*y_r*delta - q_add*y_p*y_r*delta,prime-field-montgomery,element,specialized,p255_bls12_381_scalar,256,8,0x73eda753299d7d483339d80809a1d80553bda402fffe5bfeffffffff00000001,14,16384,8,4,5,2,10,whole-run,fixed,triton-sumcheck-prime-field-montgomery-element-layout-specialized-points,100.359,6.484,0.000,0.000000,0.000,6.484,ok,cuda-sumcheck-prime-field-montgomery-element-layout-specialized-points,5.22741,3.65925,0,0,0,3.65925,ok,true,62956770791525,62956770791525,1.771948,,CAMERA-READY/h100/sweep_fixed/cases_zk_256/zk_complete_add_12_bw256_r14.log
zk_complete_add_12,q_add*y_r - q_add*x_q*y_r*alpha + q_add*x_p*y_r*alpha - q_add*y_q*y_r*delta - q_add*y_p*y_r*delta,prime-field-montgomery,element,specialized,p255_bls12_381_scalar,256,8,0x73eda753299d7d483339d80809a1d80553bda402fffe5bfeffffffff00000001,16,65536,8,4,5,2,10,whole-run,fixed,triton-sumcheck-prime-field-montgomery-element-layout-specialized-points,99.171,8.414,0.000,0.000000,0.000,8.414,ok,cuda-sumcheck-prime-field-montgomery-element-layout-specialized-points,6.02499,4.47727,0,0,0,4.47727,ok,true,70762978740454,70762978740454,1.879270,,CAMERA-READY/h100/sweep_fixed/cases_zk_256/zk_complete_add_12_bw256_r16.log
zk_complete_add_12,q_add*y_r - q_add*x_q*y_r*alpha + q_add*x_p*y_r*alpha - q_add*y_q*y_r*delta - q_add*y_p*y_r*delta,prime-field-montgomery,element,specialized,p255_bls12_381_scalar,256,8,0x73eda753299d7d483339d80809a1d80553bda402fffe5bfeffffffff00000001,18,262144,8,4,5,2,10,whole-run,fixed,triton-sumcheck-prime-field-montgomery-element-layout-specialized-points,101.309,10.761,0.000,0.000000,0.000,10.761,ok,cuda-sumcheck-prime-field-montgomery-element-layout-specialized-points,7.9825,6.47341,0,0,0,6.47341,ok,true,77049406967767,77049406967767,1.662339,,CAMERA-READY/h100/sweep_fixed/cases_zk_256/zk_complete_add_12_bw256_r18.log
zk_complete_add_12,q_add*y_r - q_add*x_q*y_r*alpha + q_add*x_p*y_r*alpha - q_add*y_q*y_r*delta - q_add*y_p*y_r*delta,prime-field-montgomery,element,specialized,p255_bls12_381_scalar,256,8,0x73eda753299d7d483339d80809a1d80553bda402fffe5bfeffffffff00000001,20,1048576,8,4,5,2,10,whole-run,fixed,triton-sumcheck-prime-field-montgomery-element-layout-specialized-points,107.244,17.158,0.000,0.000000,0.000,17.158,ok,cuda-sumcheck-prime-field-montgomery-element-layout-specialized-points,13.0178,11.452,0,0,0,11.452,ok,true,86279251806969,86279251806969,1.498254,,CAMERA-READY/h100/sweep_fixed/cases_zk_256/zk_complete_add_12_bw256_r20.log
zk_complete_add_12,q_add*y_r - q_add*x_q*y_r*alpha + q_add*x_p*y_r*alpha - q_add*y_q*y_r*delta - q_add*y_p*y_r*delta,prime-field-montgomery,element,specialized,p255_bls12_381_scalar,256,8,0x73eda753299d7d483339d80809a1d80553bda402fffe5bfeffffffff00000001,22,4194304,8,4,5,2,10,whole-run,fixed,triton-sumcheck-prime-field-montgomery-element-layout-specialized-points,126.982,38.871,0.000,0.000000,0.000,38.871,ok,cuda-sumcheck-prime-field-montgomery-element-layout-specialized-points,30.1055,28.5311,0,0,0,28.5311,ok,true,95160275634970,95160275634970,1.362408,,CAMERA-READY/h100/sweep_fixed/cases_zk_256/zk_complete_add_12_bw256_r22.log
zk_complete_add_12,q_add*y_r - q_add*x_q*y_r*alpha + q_add*x_p*y_r*alpha - q_add*y_q*y_r*delta - q_add*y_p*y_r*delta,prime-field-montgomery,element,specialized,p255_bls12_381_scalar,256,8,0x73eda753299d7d483339d80809a1d80553bda402fffe5bfeffffffff00000001,24,16777216,8,4,5,2,10,whole-run,fixed,triton-sumcheck-prime-field-montgomery-element-layout-specialized-points,207.769,121.461,0.000,0.000000,0.000,121.461,ok,cuda-sumcheck-prime-field-montgomery-element-layout-specialized-points,135.297,93.8116,0,0,0,93.8116,ok,true,104209935896092,104209935896092,1.294733,,CAMERA-READY/h100/sweep_fixed/cases_zk_256/zk_complete_add_12_bw256_r24.log
zk_complete_add_12,q_add*y_r - q_add*x_q*y_r*alpha + q_add*x_p*y_r*alpha - q_add*y_q*y_r*delta - q_add*y_p*y_r*delta,prime-field-montgomery,element,specialized,p255_bls12_381_scalar,256,8,0x73eda753299d7d483339d80809a1d80553bda402fffe5bfeffffffff00000001,26,67108864,8,4,5,2,10,whole-run,fixed,triton-sumcheck-prime-field-montgomery-element-layout-specialized-points,535.181,447.572,0.000,0.000000,0.000,447.572,ok,cuda-sumcheck-prime-field-montgomery-element-layout-specialized-points,354.27,348.543,0,0,0,348.543,ok,true,118405546766377,118405546766377,1.284123,,CAMERA-READY/h100/sweep_fixed/cases_zk_256/zk_complete_add_12_bw256_r26.log
zk_complete_add_12,q_add*y_r - q_add*x_q*y_r*alpha + q_add*x_p*y_r*alpha - q_add*y_q*y_r*delta - q_add*y_p*y_r*delta,prime-field-montgomery,element,specialized,,256,,,28,268435456,8,4,5,2,10,whole-run,fixed,,,,,,,,skipped,,,,,,,,skipped,skipped,,,,returncode=1,CAMERA-READY/h100/sweep_fixed/cases_zk_256/zk_complete_add_12_bw256_r28.log
zk_vanilla_zerocheck_hp,qL*w1*fz1 + qR*w2*fz1 + qM*w1*w2*fz1 - qO*w3*fz1 + qC*fz1,prime-field-montgomery,element,specialized,p255_bls12_381_scalar,256,8,0x73eda753299d7d483339d80809a1d80553bda402fffe5bfeffffffff00000001,14,16384,9,4,5,2,10,whole-run,fixed,triton-sumcheck-prime-field-montgomery-element-layout-specialized-points,3715.882,7.283,0.000,0.000000,0.000,7.283,ok,cuda-sumcheck-prime-field-montgomery-element-layout-specialized-points,4.72172,3.34353,0,0,0,3.34353,ok,true,62964241086292,62964241086292,2.178237,,CAMERA-READY/h100/sweep_fixed/cases_zk_256/zk_vanilla_zerocheck_hp_bw256_r14.log
zk_vanilla_zerocheck_hp,qL*w1*fz1 + qR*w2*fz1 + qM*w1*w2*fz1 - qO*w3*fz1 + qC*fz1,prime-field-montgomery,element,specialized,p255_bls12_381_scalar,256,8,0x73eda753299d7d483339d80809a1d80553bda402fffe5bfeffffffff00000001,16,65536,9,4,5,2,10,whole-run,fixed,triton-sumcheck-prime-field-montgomery-element-layout-specialized-points,91.977,8.228,0.000,0.000000,0.000,8.228,ok,cuda-sumcheck-prime-field-montgomery-element-layout-specialized-points,5.47813,4.03182,0,0,0,4.03182,ok,true,69135770525718,69135770525718,2.040766,,CAMERA-READY/h100/sweep_fixed/cases_zk_256/zk_vanilla_zerocheck_hp_bw256_r16.log
zk_vanilla_zerocheck_hp,qL*w1*fz1 + qR*w2*fz1 + qM*w1*w2*fz1 - qO*w3*fz1 + qC*fz1,prime-field-montgomery,element,specialized,p255_bls12_381_scalar,256,8,0x73eda753299d7d483339d80809a1d80553bda402fffe5bfeffffffff00000001,18,262144,9,4,5,2,10,whole-run,fixed,triton-sumcheck-prime-field-montgomery-element-layout-specialized-points,95.698,10.531,0.000,0.000000,0.000,10.531,ok,cuda-sumcheck-prime-field-montgomery-element-layout-specialized-points,7.22087,5.91932,0,0,0,5.91932,ok,true,75750258704952,75750258704952,1.779089,,CAMERA-READY/h100/sweep_fixed/cases_zk_256/zk_vanilla_zerocheck_hp_bw256_r18.log
zk_vanilla_zerocheck_hp,qL*w1*fz1 + qR*w2*fz1 + qM*w1*w2*fz1 - qO*w3*fz1 + qC*fz1,prime-field-montgomery,element,specialized,p255_bls12_381_scalar,256,8,0x73eda753299d7d483339d80809a1d80553bda402fffe5bfeffffffff00000001,20,1048576,9,4,5,2,10,whole-run,fixed,triton-sumcheck-prime-field-montgomery-element-layout-specialized-points,97.704,15.615,0.000,0.000000,0.000,15.615,ok,cuda-sumcheck-prime-field-montgomery-element-layout-specialized-points,11.9049,10.5592,0,0,0,10.5592,ok,true,86811450915475,86811450915475,1.478805,,CAMERA-READY/h100/sweep_fixed/cases_zk_256/zk_vanilla_zerocheck_hp_bw256_r20.log
zk_vanilla_zerocheck_hp,qL*w1*fz1 + qR*w2*fz1 + qM*w1*w2*fz1 - qO*w3*fz1 + qC*fz1,prime-field-montgomery,element,specialized,p255_bls12_381_scalar,256,8,0x73eda753299d7d483339d80809a1d80553bda402fffe5bfeffffffff00000001,22,4194304,9,4,5,2,10,whole-run,fixed,triton-sumcheck-prime-field-montgomery-element-layout-specialized-points,116.436,33.258,0.000,0.000000,0.000,33.258,ok,cuda-sumcheck-prime-field-montgomery-element-layout-specialized-points,28.1387,26.7608,0,0,0,26.7608,ok,true,96398863637362,96398863637362,1.242788,,CAMERA-READY/h100/sweep_fixed/cases_zk_256/zk_vanilla_zerocheck_hp_bw256_r22.log
zk_vanilla_zerocheck_hp,qL*w1*fz1 + qR*w2*fz1 + qM*w1*w2*fz1 - qO*w3*fz1 + qC*fz1,prime-field-montgomery,element,specialized,p255_bls12_381_scalar,256,8,0x73eda753299d7d483339d80809a1d80553bda402fffe5bfeffffffff00000001,24,16777216,9,4,5,2,10,whole-run,fixed,triton-sumcheck-prime-field-montgomery-element-layout-specialized-points,181.442,100.913,0.000,0.000000,0.000,100.913,ok,cuda-sumcheck-prime-field-montgomery-element-layout-specialized-points,90.4073,89.1654,0,0,0,89.1654,ok,true,106449597796035,106449597796035,1.131751,,CAMERA-READY/h100/sweep_fixed/cases_zk_256/zk_vanilla_zerocheck_hp_bw256_r24.log
zk_vanilla_zerocheck_hp,qL*w1*fz1 + qR*w2*fz1 + qM*w1*w2*fz1 - qO*w3*fz1 + qC*fz1,prime-field-montgomery,element,specialized,p255_bls12_381_scalar,256,8,0x73eda753299d7d483339d80809a1d80553bda402fffe5bfeffffffff00000001,26,67108864,9,4,5,2,10,whole-run,fixed,triton-sumcheck-prime-field-montgomery-element-layout-specialized-points,440.432,364.023,0.000,0.000000,0.000,364.023,ok,cuda-sumcheck-prime-field-montgomery-element-layout-specialized-points,343.47,336.575,0,0,0,336.575,ok,true,115397992157617,115397992157617,1.081551,,CAMERA-READY/h100/sweep_fixed/cases_zk_256/zk_vanilla_zerocheck_hp_bw256_r26.log
zk_vanilla_zerocheck_hp,qL*w1*fz1 + qR*w2*fz1 + qM*w1*w2*fz1 - qO*w3*fz1 + qC*fz1,prime-field-montgomery,element,specialized,,256,,,28,268435456,9,4,5,2,10,whole-run,fixed,,,,,,,,skipped,,,,,,,,skipped,skipped,,,,returncode=1,CAMERA-READY/h100/sweep_fixed/cases_zk_256/zk_vanilla_zerocheck_hp_bw256_r28.log
zk_vanilla_permcheck_hp,pi*fz2 - p1*p2*fz2 + 7*phi*D1*D2*D3*fz2 - 7*N1*N2*N3*fz2,prime-field-montgomery,element,specialized,p255_bls12_381_scalar,256,8,0x73eda753299d7d483339d80809a1d80553bda402fffe5bfeffffffff00000001,14,16384,11,5,4,2,10,whole-run,fixed,triton-sumcheck-prime-field-montgomery-element-layout-specialized-points,113.442,7.834,0.000,0.000000,0.000,7.834,ok,cuda-sumcheck-prime-field-montgomery-element-layout-specialized-points,6.50177,4.61139,0,0,0,4.61139,ok,true,70683089240075,70683089240075,1.698837,,CAMERA-READY/h100/sweep_fixed/cases_zk_256/zk_vanilla_permcheck_hp_bw256_r14.log
zk_vanilla_permcheck_hp,pi*fz2 - p1*p2*fz2 + 7*phi*D1*D2*D3*fz2 - 7*N1*N2*N3*fz2,prime-field-montgomery,element,specialized,p255_bls12_381_scalar,256,8,0x73eda753299d7d483339d80809a1d80553bda402fffe5bfeffffffff00000001,16,65536,11,5,4,2,10,whole-run,fixed,triton-sumcheck-prime-field-montgomery-element-layout-specialized-points,113.005,9.989,0.000,0.000000,0.000,9.989,ok,cuda-sumcheck-prime-field-montgomery-element-layout-specialized-points,7.55631,5.7039,0,0,0,5.7039,ok,true,86241582229634,86241582229634,1.751258,,CAMERA-READY/h100/sweep_fixed/cases_zk_256/zk_vanilla_permcheck_hp_bw256_r16.log
zk_vanilla_permcheck_hp,pi*fz2 - p1*p2*fz2 + 7*phi*D1*D2*D3*fz2 - 7*N1*N2*N3*fz2,prime-field-montgomery,element,specialized,p255_bls12_381_scalar,256,8,0x73eda753299d7d483339d80809a1d80553bda402fffe5bfeffffffff00000001,18,262144,11,5,4,2,10,whole-run,fixed,triton-sumcheck-prime-field-montgomery-element-layout-specialized-points,118.465,13.299,0.000,0.000000,0.000,13.299,ok,cuda-sumcheck-prime-field-montgomery-element-layout-specialized-points,10.0672,8.27285,0,0,0,8.27285,ok,true,94649007904906,94649007904906,1.607548,,CAMERA-READY/h100/sweep_fixed/cases_zk_256/zk_vanilla_permcheck_hp_bw256_r18.log
zk_vanilla_permcheck_hp,pi*fz2 - p1*p2*fz2 + 7*phi*D1*D2*D3*fz2 - 7*N1*N2*N3*fz2,prime-field-montgomery,element,specialized,p255_bls12_381_scalar,256,8,0x73eda753299d7d483339d80809a1d80553bda402fffe5bfeffffffff00000001,20,1048576,11,5,4,2,10,whole-run,fixed,triton-sumcheck-prime-field-montgomery-element-layout-specialized-points,124.100,21.916,0.000,0.000000,0.000,21.916,ok,cuda-sumcheck-prime-field-montgomery-element-layout-specialized-points,17.4347,15.6151,0,0,0,15.6151,ok,true,105379977019668,105379977019668,1.403513,,CAMERA-READY/h100/sweep_fixed/cases_zk_256/zk_vanilla_permcheck_hp_bw256_r20.log
zk_vanilla_permcheck_hp,pi*fz2 - p1*p2*fz2 + 7*phi*D1*D2*D3*fz2 - 7*N1*N2*N3*fz2,prime-field-montgomery,element,specialized,p255_bls12_381_scalar,256,8,0x73eda753299d7d483339d80809a1d80553bda402fffe5bfeffffffff00000001,22,4194304,11,5,4,2,10,whole-run,fixed,triton-sumcheck-prime-field-montgomery-element-layout-specialized-points,151.757,51.772,0.000,0.000000,0.000,51.772,ok,cuda-sumcheck-prime-field-montgomery-element-layout-specialized-points,44.405,42.4305,0,0,0,42.4305,ok,true,115639817497035,115639817497035,1.220160,,CAMERA-READY/h100/sweep_fixed/cases_zk_256/zk_vanilla_permcheck_hp_bw256_r22.log
zk_vanilla_permcheck_hp,pi*fz2 - p1*p2*fz2 + 7*phi*D1*D2*D3*fz2 - 7*N1*N2*N3*fz2,prime-field-montgomery,element,specialized,p255_bls12_381_scalar,256,8,0x73eda753299d7d483339d80809a1d80553bda402fffe5bfeffffffff00000001,24,16777216,11,5,4,2,10,whole-run,fixed,triton-sumcheck-prime-field-montgomery-element-layout-specialized-points,266.737,167.210,0.000,0.000000,0.000,167.210,ok,cuda-sumcheck-prime-field-montgomery-element-layout-specialized-points,147.062,145.336,0,0,0,145.336,ok,true,125514718366453,125514718366453,1.150506,,CAMERA-READY/h100/sweep_fixed/cases_zk_256/zk_vanilla_permcheck_hp_bw256_r24.log
zk_vanilla_permcheck_hp,pi*fz2 - p1*p2*fz2 + 7*phi*D1*D2*D3*fz2 - 7*N1*N2*N3*fz2,prime-field-montgomery,element,specialized,p255_bls12_381_scalar,256,8,0x73eda753299d7d483339d80809a1d80553bda402fffe5bfeffffffff00000001,26,67108864,11,5,4,2,10,whole-run,fixed,triton-sumcheck-prime-field-montgomery-element-layout-specialized-points,678.140,618.844,0.000,0.000000,0.000,618.844,ok,cuda-sumcheck-prime-field-montgomery-element-layout-specialized-points,568.572,566.255,0,0,0,566.255,ok,true,133583605644853,133583605644853,1.092872,,CAMERA-READY/h100/sweep_fixed/cases_zk_256/zk_vanilla_permcheck_hp_bw256_r26.log
zk_vanilla_permcheck_hp,pi*fz2 - p1*p2*fz2 + 7*phi*D1*D2*D3*fz2 - 7*N1*N2*N3*fz2,prime-field-montgomery,element,specialized,,256,,,28,268435456,11,5,4,2,10,whole-run,fixed,,,,,,,,skipped,,,,,,,,skipped,skipped,,,,returncode=1,CAMERA-READY/h100/sweep_fixed/cases_zk_256/zk_vanilla_permcheck_hp_bw256_r28.log
zk_jellyfish_permcheck_hp,pi*fz - p1*p2*fz + 7*phi*D1*D2*D3*D4*D5*fz - 7*N1*N2*N3*N4*N5*fz,prime-field-montgomery,element,specialized,p255_bls12_381_scalar,256,8,0x73eda753299d7d483339d80809a1d80553bda402fffe5bfeffffffff00000001,14,16384,15,7,4,2,10,whole-run,fixed,triton-sumcheck-prime-field-montgomery-element-layout-specialized-points,3898.360,11.676,0.000,0.000000,0.000,11.676,ok,cuda-sumcheck-prime-field-montgomery-element-layout-specialized-points,11.5389,8.12745,0,0,0,8.12745,ok,true,100495326642841,100495326642841,1.436613,,CAMERA-READY/h100/sweep_fixed/cases_zk_256/zk_jellyfish_permcheck_hp_bw256_r14.log
zk_jellyfish_permcheck_hp,pi*fz - p1*p2*fz + 7*phi*D1*D2*D3*D4*D5*fz - 7*N1*N2*N3*N4*N5*fz,prime-field-montgomery,element,specialized,p255_bls12_381_scalar,256,8,0x73eda753299d7d483339d80809a1d80553bda402fffe5bfeffffffff00000001,16,65536,15,7,4,2,10,whole-run,fixed,triton-sumcheck-prime-field-montgomery-element-layout-specialized-points,168.875,15.115,0.000,0.000000,0.000,15.115,ok,cuda-sumcheck-prime-field-montgomery-element-layout-specialized-points,13.6497,10.4544,0,0,0,10.4544,ok,true,112702504106491,112702504106491,1.445803,,CAMERA-READY/h100/sweep_fixed/cases_zk_256/zk_jellyfish_permcheck_hp_bw256_r16.log
zk_jellyfish_permcheck_hp,pi*fz - p1*p2*fz + 7*phi*D1*D2*D3*D4*D5*fz - 7*N1*N2*N3*N4*N5*fz,prime-field-montgomery,element,specialized,p255_bls12_381_scalar,256,8,0x73eda753299d7d483339d80809a1d80553bda402fffe5bfeffffffff00000001,18,262144,15,7,4,2,10,whole-run,fixed,triton-sumcheck-prime-field-montgomery-element-layout-specialized-points,176.998,22.027,0.000,0.000000,0.000,22.027,ok,cuda-sumcheck-prime-field-montgomery-element-layout-specialized-points,18.8663,15.5856,0,0,0,15.5856,ok,true,129097695424685,129097695424685,1.413292,,CAMERA-READY/h100/sweep_fixed/cases_zk_256/zk_jellyfish_permcheck_hp_bw256_r18.log
zk_jellyfish_permcheck_hp,pi*fz - p1*p2*fz + 7*phi*D1*D2*D3*D4*D5*fz - 7*N1*N2*N3*N4*N5*fz,prime-field-montgomery,element,specialized,p255_bls12_381_scalar,256,8,0x73eda753299d7d483339d80809a1d80553bda402fffe5bfeffffffff00000001,20,1048576,15,7,4,2,10,whole-run,fixed,triton-sumcheck-prime-field-montgomery-element-layout-specialized-points,199.459,42.772,0.000,0.000000,0.000,42.772,ok,cuda-sumcheck-prime-field-montgomery-element-layout-specialized-points,38.0701,34.6482,0,0,0,34.6482,ok,true,144017082122277,144017082122277,1.234465,,CAMERA-READY/h100/sweep_fixed/cases_zk_256/zk_jellyfish_permcheck_hp_bw256_r20.log
zk_jellyfish_permcheck_hp,pi*fz - p1*p2*fz + 7*phi*D1*D2*D3*D4*D5*fz - 7*N1*N2*N3*N4*N5*fz,prime-field-montgomery,element,specialized,p255_bls12_381_scalar,256,8,0x73eda753299d7d483339d80809a1d80553bda402fffe5bfeffffffff00000001,22,4194304,15,7,4,2,10,whole-run,fixed,triton-sumcheck-prime-field-montgomery-element-layout-specialized-points,271.077,118.517,0.000,0.000000,0.000,118.517,ok,cuda-sumcheck-prime-field-montgomery-element-layout-specialized-points,111.243,108.084,0,0,0,108.084,ok,true,154700686106837,154700686106837,1.096527,,CAMERA-READY/h100/sweep_fixed/cases_zk_256/zk_jellyfish_permcheck_hp_bw256_r22.log
zk_jellyfish_permcheck_hp,pi*fz - p1*p2*fz + 7*phi*D1*D2*D3*D4*D5*fz - 7*N1*N2*N3*N4*N5*fz,prime-field-montgomery,element,specialized,p255_bls12_381_scalar,256,8,0x73eda753299d7d483339d80809a1d80553bda402fffe5bfeffffffff00000001,24,16777216,15,7,4,2,10,whole-run,fixed,triton-sumcheck-prime-field-montgomery-element-layout-specialized-points,562.360,406.303,0.000,0.000000,0.000,406.303,ok,cuda-sumcheck-prime-field-montgomery-element-layout-specialized-points,391.574,388.52,0,0,0,388.52,ok,true,166766272294648,166766272294648,1.045771,,CAMERA-READY/h100/sweep_fixed/cases_zk_256/zk_jellyfish_permcheck_hp_bw256_r24.log
zk_jellyfish_permcheck_hp,pi*fz - p1*p2*fz + 7*phi*D1*D2*D3*D4*D5*fz - 7*N1*N2*N3*N4*N5*fz,prime-field-montgomery,element,specialized,,256,,,26,67108864,15,7,4,2,10,whole-run,fixed,,,,,,,,skipped,,,,,,,,skipped,skipped,,,,returncode=1,CAMERA-READY/h100/sweep_fixed/cases_zk_256/zk_jellyfish_permcheck_hp_bw256_r26.log
zk_jellyfish_permcheck_hp,pi*fz - p1*p2*fz + 7*phi*D1*D2*D3*D4*D5*fz - 7*N1*N2*N3*N4*N5*fz,prime-field-montgomery,element,specialized,,256,,,28,268435456,15,7,4,2,10,whole-run,fixed,,,,,,,,skipped,,,,,,,,skipped,skipped,,,,returncode=1,CAMERA-READY/h100/sweep_fixed/cases_zk_256/zk_jellyfish_permcheck_hp_bw256_r28.log
zk_opencheck,y1*k1 + y2*k2 + y3*k3 + y4*k4 + y5*k5 + y6*k6,prime-field-montgomery,element,specialized,p255_bls12_381_scalar,256,8,0x73eda753299d7d483339d80809a1d80553bda402fffe5bfeffffffff00000001,14,16384,12,2,6,2,10,whole-run,fixed,triton-sumcheck-prime-field-montgomery-element-layout-specialized-points,66.410,3.699,0.000,0.000000,0.000,3.699,ok,cuda-sumcheck-prime-field-montgomery-element-layout-specialized-points,2.06099,1.51999,0,0,0,1.51999,ok,true,37548486492218,37548486492218,2.433569,,CAMERA-READY/h100/sweep_fixed/cases_zk_256/zk_opencheck_bw256_r14.log
zk_opencheck,y1*k1 + y2*k2 + y3*k3 + y4*k4 + y5*k5 + y6*k6,prime-field-montgomery,element,specialized,p255_bls12_381_scalar,256,8,0x73eda753299d7d483339d80809a1d80553bda402fffe5bfeffffffff00000001,16,65536,12,2,6,2,10,whole-run,fixed,triton-sumcheck-prime-field-montgomery-element-layout-specialized-points,67.904,4.884,0.000,0.000000,0.000,4.884,ok,cuda-sumcheck-prime-field-montgomery-element-layout-specialized-points,2.48089,1.96916,0,0,0,1.96916,ok,true,46031421589816,46031421589816,2.480245,,CAMERA-READY/h100/sweep_fixed/cases_zk_256/zk_opencheck_bw256_r16.log
zk_opencheck,y1*k1 + y2*k2 + y3*k3 + y4*k4 + y5*k5 + y6*k6,prime-field-montgomery,element,specialized,p255_bls12_381_scalar,256,8,0x73eda753299d7d483339d80809a1d80553bda402fffe5bfeffffffff00000001,18,262144,12,2,6,2,10,whole-run,fixed,triton-sumcheck-prime-field-montgomery-element-layout-specialized-points,68.645,6.255,0.000,0.000000,0.000,6.255,ok,cuda-sumcheck-prime-field-montgomery-element-layout-specialized-points,3.35617,2.85003,0,0,0,2.85003,ok,true,47452072406856,47452072406856,2.194714,,CAMERA-READY/h100/sweep_fixed/cases_zk_256/zk_opencheck_bw256_r18.log
zk_opencheck,y1*k1 + y2*k2 + y3*k3 + y4*k4 + y5*k5 + y6*k6,prime-field-montgomery,element,specialized,p255_bls12_381_scalar,256,8,0x73eda753299d7d483339d80809a1d80553bda402fffe5bfeffffffff00000001,20,1048576,12,2,6,2,10,whole-run,fixed,triton-sumcheck-prime-field-montgomery-element-layout-specialized-points,71.475,9.213,0.000,0.000000,0.000,9.213,ok,cuda-sumcheck-prime-field-montgomery-element-layout-specialized-points,5.63895,5.12615,0,0,0,5.12615,ok,true,53045358594397,53045358594397,1.797255,,CAMERA-READY/h100/sweep_fixed/cases_zk_256/zk_opencheck_bw256_r20.log
zk_opencheck,y1*k1 + y2*k2 + y3*k3 + y4*k4 + y5*k5 + y6*k6,prime-field-montgomery,element,specialized,p255_bls12_381_scalar,256,8,0x73eda753299d7d483339d80809a1d80553bda402fffe5bfeffffffff00000001,22,4194304,12,2,6,2,10,whole-run,fixed,triton-sumcheck-prime-field-montgomery-element-layout-specialized-points,80.913,19.125,0.000,0.000000,0.000,19.125,ok,cuda-sumcheck-prime-field-montgomery-element-layout-specialized-points,13.1171,12.6643,0,0,0,12.6643,ok,true,59807961700097,59807961700097,1.510151,,CAMERA-READY/h100/sweep_fixed/cases_zk_256/zk_opencheck_bw256_r22.log
zk_opencheck,y1*k1 + y2*k2 + y3*k3 + y4*k4 + y5*k5 + y6*k6,prime-field-montgomery,element,specialized,p255_bls12_381_scalar,256,8,0x73eda753299d7d483339d80809a1d80553bda402fffe5bfeffffffff00000001,24,16777216,12,2,6,2,10,whole-run,fixed,triton-sumcheck-prime-field-montgomery-element-layout-specialized-points,114.866,56.100,0.000,0.000000,0.000,56.100,ok,cuda-sumcheck-prime-field-montgomery-element-layout-specialized-points,41.7762,42.1325,0,0,0,42.1325,ok,true,67243387918005,67243387918005,1.331514,,CAMERA-READY/h100/sweep_fixed/cases_zk_256/zk_opencheck_bw256_r24.log
zk_opencheck,y1*k1 + y2*k2 + y3*k3 + y4*k4 + y5*k5 + y6*k6,prime-field-montgomery,element,specialized,p255_bls12_381_scalar,256,8,0x73eda753299d7d483339d80809a1d80553bda402fffe5bfeffffffff00000001,26,67108864,12,2,6,2,10,whole-run,fixed,triton-sumcheck-prime-field-montgomery-element-layout-specialized-points,263.626,208.363,0.000,0.000000,0.000,208.363,ok,cuda-sumcheck-prime-field-montgomery-element-layout-specialized-points,160.38,166.411,0,0,0,166.411,ok,true,71597515821585,71597515821585,1.252099,,CAMERA-READY/h100/sweep_fixed/cases_zk_256/zk_opencheck_bw256_r26.log
zk_opencheck,y1*k1 + y2*k2 + y3*k3 + y4*k4 + y5*k5 + y6*k6,prime-field-montgomery,element,specialized,,256,,,28,268435456,12,2,6,2,10,whole-run,fixed,,,,,,,,skipped,,,,,,,,skipped,skipped,,,,returncode=1,CAMERA-READY/h100/sweep_fixed/cases_zk_256/zk_opencheck_bw256_r28.log
