workload,polynomial,arithmetic,layout,point_mode,field,bit_width,limbs,modulus_hex,rounds,N,vars,degree,terms,warmups,repeats,timing_mode,challenge_mode,triton_backend,triton_first_ms,triton_median_ms,triton_eval_median_ms,triton_challenge_median_ms,triton_fold_median_ms,triton_total_median_ms,triton_status,cuda_backend,cuda_first_ms,cuda_median_ms,cuda_eval_median_ms,cuda_challenge_median_ms,cuda_fold_median_ms,cuda_total_median_ms,cuda_status,checksum_match,triton_checksum,cuda_checksum,cuda_speedup_vs_triton,skip_reason,log_path
zk_verifiable_asics,qadd*a + qadd*b + qmul*a*b,prime-field-montgomery,element,specialized,p32_2^32_minus_5,32,1,0xfffffffb,14,16384,4,3,3,2,10,whole-run,fixed,triton-sumcheck-prime-field-montgomery-element-layout-specialized-points,209.831,4.695,0.000,0.000000,0.000,4.695,ok,cuda-sumcheck-prime-field-montgomery-element-layout-specialized-points,1.55213,1.3089,0,0,0,1.3089,ok,true,1599485407520,1599485407520,3.586981,,CAMERA-READY/h100/sweep_fixed/cases_zk_32_128/zk_verifiable_asics_bw32_r14.log
zk_verifiable_asics,qadd*a + qadd*b + qmul*a*b,prime-field-montgomery,element,specialized,p32_2^32_minus_5,32,1,0xfffffffb,16,65536,4,3,3,2,10,whole-run,fixed,triton-sumcheck-prime-field-montgomery-element-layout-specialized-points,57.240,6.024,0.000,0.000000,0.000,6.024,ok,cuda-sumcheck-prime-field-montgomery-element-layout-specialized-points,1.80718,1.595,0,0,0,1.595,ok,true,1624484952285,1624484952285,3.776803,,CAMERA-READY/h100/sweep_fixed/cases_zk_32_128/zk_verifiable_asics_bw32_r16.log
zk_verifiable_asics,qadd*a + qadd*b + qmul*a*b,prime-field-montgomery,element,specialized,p32_2^32_minus_5,32,1,0xfffffffb,18,262144,4,3,3,2,10,whole-run,fixed,triton-sumcheck-prime-field-montgomery-element-layout-specialized-points,59.033,7.732,0.000,0.000000,0.000,7.732,ok,cuda-sumcheck-prime-field-montgomery-element-layout-specialized-points,2.17938,1.92455,0,0,0,1.92455,ok,true,2146078888343,2146078888343,4.017563,,CAMERA-READY/h100/sweep_fixed/cases_zk_32_128/zk_verifiable_asics_bw32_r18.log
zk_verifiable_asics,qadd*a + qadd*b + qmul*a*b,prime-field-montgomery,element,specialized,p32_2^32_minus_5,32,1,0xfffffffb,20,1048576,4,3,3,2,10,whole-run,fixed,triton-sumcheck-prime-field-montgomery-element-layout-specialized-points,61.933,10.030,0.000,0.000000,0.000,10.030,ok,cuda-sumcheck-prime-field-montgomery-element-layout-specialized-points,2.59687,2.32471,0,0,0,2.32471,ok,true,2470931911396,2470931911396,4.314517,,CAMERA-READY/h100/sweep_fixed/cases_zk_32_128/zk_verifiable_asics_bw32_r20.log
zk_verifiable_asics,qadd*a + qadd*b + qmul*a*b,prime-field-montgomery,element,specialized,p32_2^32_minus_5,32,1,0xfffffffb,22,4194304,4,3,3,2,10,whole-run,fixed,triton-sumcheck-prime-field-montgomery-element-layout-specialized-points,63.423,12.068,0.000,0.000000,0.000,12.068,ok,cuda-sumcheck-prime-field-montgomery-element-layout-specialized-points,3.23164,3.02275,0,0,0,3.02275,ok,true,2157693522283,2157693522283,3.992391,,CAMERA-READY/h100/sweep_fixed/cases_zk_32_128/zk_verifiable_asics_bw32_r22.log
zk_verifiable_asics,qadd*a + qadd*b + qmul*a*b,prime-field-montgomery,element,specialized,p32_2^32_minus_5,32,1,0xfffffffb,24,16777216,4,3,3,2,10,whole-run,fixed,triton-sumcheck-prime-field-montgomery-element-layout-specialized-points,67.478,16.542,0.000,0.000000,0.000,16.542,ok,cuda-sumcheck-prime-field-montgomery-element-layout-specialized-points,4.78348,4.5896,0,0,0,4.5896,ok,true,2375914940126,2375914940126,3.604236,,CAMERA-READY/h100/sweep_fixed/cases_zk_32_128/zk_verifiable_asics_bw32_r24.log
zk_verifiable_asics,qadd*a + qadd*b + qmul*a*b,prime-field-montgomery,element,specialized,p32_2^32_minus_5,32,1,0xfffffffb,26,67108864,4,3,3,2,10,whole-run,fixed,triton-sumcheck-prime-field-montgomery-element-layout-specialized-points,81.832,32.471,0.000,0.000000,0.000,32.471,ok,cuda-sumcheck-prime-field-montgomery-element-layout-specialized-points,10.0355,9.77989,0,0,0,9.77989,ok,true,2831931003447,2831931003447,3.320180,,CAMERA-READY/h100/sweep_fixed/cases_zk_32_128/zk_verifiable_asics_bw32_r26.log
zk_verifiable_asics,qadd*a + qadd*b + qmul*a*b,prime-field-montgomery,element,specialized,p32_2^32_minus_5,32,1,0xfffffffb,28,268435456,4,3,3,2,10,whole-run,fixed,triton-sumcheck-prime-field-montgomery-element-layout-specialized-points,143.662,94.991,0.000,0.000000,0.000,94.991,ok,cuda-sumcheck-prime-field-montgomery-element-layout-specialized-points,29.1448,28.8542,0,0,0,28.8542,ok,true,3232649452617,3232649452617,3.292103,,CAMERA-READY/h100/sweep_fixed/cases_zk_32_128/zk_verifiable_asics_bw32_r28.log
zk_verifiable_asics,qadd*a + qadd*b + qmul*a*b,prime-field-montgomery,element,specialized,p64_goldilocks,64,2,0xffffffff00000001,14,16384,4,3,3,2,10,whole-run,fixed,triton-sumcheck-prime-field-montgomery-element-layout-specialized-points,283.954,4.519,0.000,0.000000,0.000,4.519,ok,cuda-sumcheck-prime-field-montgomery-element-layout-specialized-points,1.65016,1.38544,0,0,0,1.38544,ok,true,5168600605142,5168600605142,3.261780,,CAMERA-READY/h100/sweep_fixed/cases_zk_32_128/zk_verifiable_asics_bw64_r14.log
zk_verifiable_asics,qadd*a + qadd*b + qmul*a*b,prime-field-montgomery,element,specialized,p64_goldilocks,64,2,0xffffffff00000001,16,65536,4,3,3,2,10,whole-run,fixed,triton-sumcheck-prime-field-montgomery-element-layout-specialized-points,58.477,5.963,0.000,0.000000,0.000,5.963,ok,cuda-sumcheck-prime-field-montgomery-element-layout-specialized-points,1.88788,1.6646,0,0,0,1.6646,ok,true,5266499962100,5266499962100,3.582242,,CAMERA-READY/h100/sweep_fixed/cases_zk_32_128/zk_verifiable_asics_bw64_r16.log
zk_verifiable_asics,qadd*a + qadd*b + qmul*a*b,prime-field-montgomery,element,specialized,p64_goldilocks,64,2,0xffffffff00000001,18,262144,4,3,3,2,10,whole-run,fixed,triton-sumcheck-prime-field-montgomery-element-layout-specialized-points,59.977,7.612,0.000,0.000000,0.000,7.612,ok,cuda-sumcheck-prime-field-montgomery-element-layout-specialized-points,2.25956,2.01426,0,0,0,2.01426,ok,true,5362643442442,5362643442442,3.779055,,CAMERA-READY/h100/sweep_fixed/cases_zk_32_128/zk_verifiable_asics_bw64_r18.log
zk_verifiable_asics,qadd*a + qadd*b + qmul*a*b,prime-field-montgomery,element,specialized,p64_goldilocks,64,2,0xffffffff00000001,20,1048576,4,3,3,2,10,whole-run,fixed,triton-sumcheck-prime-field-montgomery-element-layout-specialized-points,62.208,9.709,0.000,0.000000,0.000,9.709,ok,cuda-sumcheck-prime-field-montgomery-element-layout-specialized-points,2.76587,2.51528,0,0,0,2.51528,ok,true,6966115824785,6966115824785,3.860008,,CAMERA-READY/h100/sweep_fixed/cases_zk_32_128/zk_verifiable_asics_bw64_r20.log
zk_verifiable_asics,qadd*a + qadd*b + qmul*a*b,prime-field-montgomery,element,specialized,p64_goldilocks,64,2,0xffffffff00000001,22,4194304,4,3,3,2,10,whole-run,fixed,triton-sumcheck-prime-field-montgomery-element-layout-specialized-points,64.305,12.133,0.000,0.000000,0.000,12.133,ok,cuda-sumcheck-prime-field-montgomery-element-layout-specialized-points,3.78377,3.56201,0,0,0,3.56201,ok,true,7467867648761,7467867648761,3.406223,,CAMERA-READY/h100/sweep_fixed/cases_zk_32_128/zk_verifiable_asics_bw64_r22.log
zk_verifiable_asics,qadd*a + qadd*b + qmul*a*b,prime-field-montgomery,element,specialized,p64_goldilocks,64,2,0xffffffff00000001,24,16777216,4,3,3,2,10,whole-run,fixed,triton-sumcheck-prime-field-montgomery-element-layout-specialized-points,68.610,17.336,0.000,0.000000,0.000,17.336,ok,cuda-sumcheck-prime-field-montgomery-element-layout-specialized-points,6.49313,6.28417,0,0,0,6.28417,ok,true,7771122337472,7771122337472,2.758678,,CAMERA-READY/h100/sweep_fixed/cases_zk_32_128/zk_verifiable_asics_bw64_r24.log
zk_verifiable_asics,qadd*a + qadd*b + qmul*a*b,prime-field-montgomery,element,specialized,p64_goldilocks,64,2,0xffffffff00000001,26,67108864,4,3,3,2,10,whole-run,fixed,triton-sumcheck-prime-field-montgomery-element-layout-specialized-points,83.678,34.328,0.000,0.000000,0.000,34.328,ok,cuda-sumcheck-prime-field-montgomery-element-layout-specialized-points,16.3653,16.1322,0,0,0,16.1322,ok,true,8978389378478,8978389378478,2.127918,,CAMERA-READY/h100/sweep_fixed/cases_zk_32_128/zk_verifiable_asics_bw64_r26.log
zk_verifiable_asics,qadd*a + qadd*b + qmul*a*b,prime-field-montgomery,element,specialized,p64_goldilocks,64,2,0xffffffff00000001,28,268435456,4,3,3,2,10,whole-run,fixed,triton-sumcheck-prime-field-montgomery-element-layout-specialized-points,151.287,102.169,0.000,0.000000,0.000,102.169,ok,cuda-sumcheck-prime-field-montgomery-element-layout-specialized-points,54.1772,54.2684,0,0,0,54.2684,ok,true,9431506424483,9431506424483,1.882661,,CAMERA-READY/h100/sweep_fixed/cases_zk_32_128/zk_verifiable_asics_bw64_r28.log
zk_verifiable_asics,qadd*a + qadd*b + qmul*a*b,prime-field-montgomery,element,specialized,p128_mersenne_2^127_minus_1,128,4,0x7fffffffffffffffffffffffffffffff,14,16384,4,3,3,2,10,whole-run,fixed,triton-sumcheck-prime-field-montgomery-element-layout-specialized-points,597.561,5.248,0.000,0.000000,0.000,5.248,ok,cuda-sumcheck-prime-field-montgomery-element-layout-specialized-points,1.74531,1.40218,0,0,0,1.40218,ok,true,8144309251624,8144309251624,3.742743,,CAMERA-READY/h100/sweep_fixed/cases_zk_32_128/zk_verifiable_asics_bw128_r14.log
zk_verifiable_asics,qadd*a + qadd*b + qmul*a*b,prime-field-montgomery,element,specialized,p128_mersenne_2^127_minus_1,128,4,0x7fffffffffffffffffffffffffffffff,16,65536,4,3,3,2,10,whole-run,fixed,triton-sumcheck-prime-field-montgomery-element-layout-specialized-points,61.326,5.974,0.000,0.000000,0.000,5.974,ok,cuda-sumcheck-prime-field-montgomery-element-layout-specialized-points,2.04212,1.73885,0,0,0,1.73885,ok,true,10784965232717,10784965232717,3.435604,,CAMERA-READY/h100/sweep_fixed/cases_zk_32_128/zk_verifiable_asics_bw128_r16.log
zk_verifiable_asics,qadd*a + qadd*b + qmul*a*b,prime-field-montgomery,element,specialized,p128_mersenne_2^127_minus_1,128,4,0x7fffffffffffffffffffffffffffffff,18,262144,4,3,3,2,10,whole-run,fixed,triton-sumcheck-prime-field-montgomery-element-layout-specialized-points,63.915,7.793,0.000,0.000000,0.000,7.793,ok,cuda-sumcheck-prime-field-montgomery-element-layout-specialized-points,2.3939,2.07052,0,0,0,2.07052,ok,true,12197865013282,12197865013282,3.763789,,CAMERA-READY/h100/sweep_fixed/cases_zk_32_128/zk_verifiable_asics_bw128_r18.log
zk_verifiable_asics,qadd*a + qadd*b + qmul*a*b,prime-field-montgomery,element,specialized,p128_mersenne_2^127_minus_1,128,4,0x7fffffffffffffffffffffffffffffff,20,1048576,4,3,3,2,10,whole-run,fixed,triton-sumcheck-prime-field-montgomery-element-layout-specialized-points,64.392,9.701,0.000,0.000000,0.000,9.701,ok,cuda-sumcheck-prime-field-montgomery-element-layout-specialized-points,3.14071,2.85235,0,0,0,2.85235,ok,true,14094248855128,14094248855128,3.401055,,CAMERA-READY/h100/sweep_fixed/cases_zk_32_128/zk_verifiable_asics_bw128_r20.log
zk_verifiable_asics,qadd*a + qadd*b + qmul*a*b,prime-field-montgomery,element,specialized,p128_mersenne_2^127_minus_1,128,4,0x7fffffffffffffffffffffffffffffff,22,4194304,4,3,3,2,10,whole-run,fixed,triton-sumcheck-prime-field-montgomery-element-layout-specialized-points,66.329,12.260,0.000,0.000000,0.000,12.260,ok,cuda-sumcheck-prime-field-montgomery-element-layout-specialized-points,4.7609,4.51527,0,0,0,4.51527,ok,true,16141337263311,16141337263311,2.715231,,CAMERA-READY/h100/sweep_fixed/cases_zk_32_128/zk_verifiable_asics_bw128_r22.log
zk_verifiable_asics,qadd*a + qadd*b + qmul*a*b,prime-field-montgomery,element,specialized,p128_mersenne_2^127_minus_1,128,4,0x7fffffffffffffffffffffffffffffff,24,16777216,4,3,3,2,10,whole-run,fixed,triton-sumcheck-prime-field-montgomery-element-layout-specialized-points,73.922,20.437,0.000,0.000000,0.000,20.437,ok,cuda-sumcheck-prime-field-montgomery-element-layout-specialized-points,9.93544,9.69042,0,0,0,9.69042,ok,true,20554208068290,20554208068290,2.108990,,CAMERA-READY/h100/sweep_fixed/cases_zk_32_128/zk_verifiable_asics_bw128_r24.log
zk_verifiable_asics,qadd*a + qadd*b + qmul*a*b,prime-field-montgomery,element,specialized,p128_mersenne_2^127_minus_1,128,4,0x7fffffffffffffffffffffffffffffff,26,67108864,4,3,3,2,10,whole-run,fixed,triton-sumcheck-prime-field-montgomery-element-layout-specialized-points,101.886,50.989,0.000,0.000000,0.000,50.989,ok,cuda-sumcheck-prime-field-montgomery-element-layout-specialized-points,28.7741,28.476,0,0,0,28.476,ok,true,22642076559258,22642076559258,1.790596,,CAMERA-READY/h100/sweep_fixed/cases_zk_32_128/zk_verifiable_asics_bw128_r26.log
zk_verifiable_asics,qadd*a + qadd*b + qmul*a*b,prime-field-montgomery,element,specialized,p128_mersenne_2^127_minus_1,128,4,0x7fffffffffffffffffffffffffffffff,28,268435456,4,3,3,2,10,whole-run,fixed,triton-sumcheck-prime-field-montgomery-element-layout-specialized-points,221.959,170.542,0.000,0.000000,0.000,170.542,ok,cuda-sumcheck-prime-field-montgomery-element-layout-specialized-points,103.446,104.135,0,0,0,104.135,ok,true,23995087662702,23995087662702,1.637701,,CAMERA-READY/h100/sweep_fixed/cases_zk_32_128/zk_verifiable_asics_bw128_r28.log
zk_spartan_1,A*B*fz - C*fz,prime-field-montgomery,element,specialized,p32_2^32_minus_5,32,1,0xfffffffb,14,16384,4,3,2,2,10,whole-run,fixed,triton-sumcheck-prime-field-montgomery-element-layout-specialized-points,55.896,4.491,0.000,0.000000,0.000,4.491,ok,cuda-sumcheck-prime-field-montgomery-element-layout-specialized-points,1.46936,1.26218,0,0,0,1.26218,ok,true,1477766398095,1477766398095,3.558130,,CAMERA-READY/h100/sweep_fixed/cases_zk_32_128/zk_spartan_1_bw32_r14.log
zk_spartan_1,A*B*fz - C*fz,prime-field-montgomery,element,specialized,p32_2^32_minus_5,32,1,0xfffffffb,16,65536,4,3,2,2,10,whole-run,fixed,triton-sumcheck-prime-field-montgomery-element-layout-specialized-points,57.556,5.791,0.000,0.000000,0.000,5.791,ok,cuda-sumcheck-prime-field-montgomery-element-layout-specialized-points,1.7724,1.56869,0,0,0,1.56869,ok,true,1905336595565,1905336595565,3.691615,,CAMERA-READY/h100/sweep_fixed/cases_zk_32_128/zk_spartan_1_bw32_r16.log
zk_spartan_1,A*B*fz - C*fz,prime-field-montgomery,element,specialized,p32_2^32_minus_5,32,1,0xfffffffb,18,262144,4,3,2,2,10,whole-run,fixed,triton-sumcheck-prime-field-montgomery-element-layout-specialized-points,59.218,7.633,0.000,0.000000,0.000,7.633,ok,cuda-sumcheck-prime-field-montgomery-element-layout-specialized-points,2.16103,1.88533,0,0,0,1.88533,ok,true,1957882379778,1957882379778,4.048628,,CAMERA-READY/h100/sweep_fixed/cases_zk_32_128/zk_spartan_1_bw32_r18.log
zk_spartan_1,A*B*fz - C*fz,prime-field-montgomery,element,specialized,p32_2^32_minus_5,32,1,0xfffffffb,20,1048576,4,3,2,2,10,whole-run,fixed,triton-sumcheck-prime-field-montgomery-element-layout-specialized-points,61.409,9.653,0.000,0.000000,0.000,9.653,ok,cuda-sumcheck-prime-field-montgomery-element-layout-specialized-points,2.55912,2.2874,0,0,0,2.2874,ok,true,2007652687482,2007652687482,4.220075,,CAMERA-READY/h100/sweep_fixed/cases_zk_32_128/zk_spartan_1_bw32_r20.log
zk_spartan_1,A*B*fz - C*fz,prime-field-montgomery,element,specialized,p32_2^32_minus_5,32,1,0xfffffffb,22,4194304,4,3,2,2,10,whole-run,fixed,triton-sumcheck-prime-field-montgomery-element-layout-specialized-points,63.617,11.909,0.000,0.000000,0.000,11.909,ok,cuda-sumcheck-prime-field-montgomery-element-layout-specialized-points,3.22538,2.99291,0,0,0,2.99291,ok,true,2714238789457,2714238789457,3.979071,,CAMERA-READY/h100/sweep_fixed/cases_zk_32_128/zk_spartan_1_bw32_r22.log
zk_spartan_1,A*B*fz - C*fz,prime-field-montgomery,element,specialized,p32_2^32_minus_5,32,1,0xfffffffb,24,16777216,4,3,2,2,10,whole-run,fixed,triton-sumcheck-prime-field-montgomery-element-layout-specialized-points,67.956,16.521,0.000,0.000000,0.000,16.521,ok,cuda-sumcheck-prime-field-montgomery-element-layout-specialized-points,4.80446,4.56948,0,0,0,4.56948,ok,true,2665082991298,2665082991298,3.615510,,CAMERA-READY/h100/sweep_fixed/cases_zk_32_128/zk_spartan_1_bw32_r24.log
zk_spartan_1,A*B*fz - C*fz,prime-field-montgomery,element,specialized,p32_2^32_minus_5,32,1,0xfffffffb,26,67108864,4,3,2,2,10,whole-run,fixed,triton-sumcheck-prime-field-montgomery-element-layout-specialized-points,81.721,32.593,0.000,0.000000,0.000,32.593,ok,cuda-sumcheck-prime-field-montgomery-element-layout-specialized-points,10.0514,9.81341,0,0,0,9.81341,ok,true,3074634201561,3074634201561,3.321272,,CAMERA-READY/h100/sweep_fixed/cases_zk_32_128/zk_spartan_1_bw32_r26.log
zk_spartan_1,A*B*fz - C*fz,prime-field-montgomery,element,specialized,p32_2^32_minus_5,32,1,0xfffffffb,28,268435456,4,3,2,2,10,whole-run,fixed,triton-sumcheck-prime-field-montgomery-element-layout-specialized-points,142.461,93.589,0.000,0.000000,0.000,93.589,ok,cuda-sumcheck-prime-field-montgomery-element-layout-specialized-points,28.9585,28.7437,0,0,0,28.7437,ok,true,3092314978714,3092314978714,3.255983,,CAMERA-READY/h100/sweep_fixed/cases_zk_32_128/zk_spartan_1_bw32_r28.log
zk_spartan_1,A*B*fz - C*fz,prime-field-montgomery,element,specialized,p64_goldilocks,64,2,0xffffffff00000001,14,16384,4,3,2,2,10,whole-run,fixed,triton-sumcheck-prime-field-montgomery-element-layout-specialized-points,61.808,4.646,0.000,0.000000,0.000,4.646,ok,cuda-sumcheck-prime-field-montgomery-element-layout-specialized-points,1.57184,1.33242,0,0,0,1.33242,ok,true,4717296978706,4717296978706,3.486889,,CAMERA-READY/h100/sweep_fixed/cases_zk_32_128/zk_spartan_1_bw64_r14.log
zk_spartan_1,A*B*fz - C*fz,prime-field-montgomery,element,specialized,p64_goldilocks,64,2,0xffffffff00000001,16,65536,4,3,2,2,10,whole-run,fixed,triton-sumcheck-prime-field-montgomery-element-layout-specialized-points,61.615,6.075,0.000,0.000000,0.000,6.075,ok,cuda-sumcheck-prime-field-montgomery-element-layout-specialized-points,1.91513,1.68387,0,0,0,1.68387,ok,true,5337415839002,5337415839002,3.607761,,CAMERA-READY/h100/sweep_fixed/cases_zk_32_128/zk_spartan_1_bw64_r16.log
zk_spartan_1,A*B*fz - C*fz,prime-field-montgomery,element,specialized,p64_goldilocks,64,2,0xffffffff00000001,18,262144,4,3,2,2,10,whole-run,fixed,triton-sumcheck-prime-field-montgomery-element-layout-specialized-points,64.568,8.214,0.000,0.000000,0.000,8.214,ok,cuda-sumcheck-prime-field-montgomery-element-layout-specialized-points,2.22888,1.99981,0,0,0,1.99981,ok,true,5289239999069,5289239999069,4.107390,,CAMERA-READY/h100/sweep_fixed/cases_zk_32_128/zk_spartan_1_bw64_r18.log
zk_spartan_1,A*B*fz - C*fz,prime-field-montgomery,element,specialized,p64_goldilocks,64,2,0xffffffff00000001,20,1048576,4,3,2,2,10,whole-run,fixed,triton-sumcheck-prime-field-montgomery-element-layout-specialized-points,62.628,9.904,0.000,0.000000,0.000,9.904,ok,cuda-sumcheck-prime-field-montgomery-element-layout-specialized-points,2.68056,2.459,0,0,0,2.459,ok,true,6499552916311,6499552916311,4.027654,,CAMERA-READY/h100/sweep_fixed/cases_zk_32_128/zk_spartan_1_bw64_r20.log
zk_spartan_1,A*B*fz - C*fz,prime-field-montgomery,element,specialized,p64_goldilocks,64,2,0xffffffff00000001,22,4194304,4,3,2,2,10,whole-run,fixed,triton-sumcheck-prime-field-montgomery-element-layout-specialized-points,64.793,12.047,0.000,0.000000,0.000,12.047,ok,cuda-sumcheck-prime-field-montgomery-element-layout-specialized-points,3.67669,3.45119,0,0,0,3.45119,ok,true,7272512769002,7272512769002,3.490680,,CAMERA-READY/h100/sweep_fixed/cases_zk_32_128/zk_spartan_1_bw64_r22.log
zk_spartan_1,A*B*fz - C*fz,prime-field-montgomery,element,specialized,p64_goldilocks,64,2,0xffffffff00000001,24,16777216,4,3,2,2,10,whole-run,fixed,triton-sumcheck-prime-field-montgomery-element-layout-specialized-points,68.606,16.811,0.000,0.000000,0.000,16.811,ok,cuda-sumcheck-prime-field-montgomery-element-layout-specialized-points,6.43902,6.19856,0,0,0,6.19856,ok,true,8272498815204,8272498815204,2.712082,,CAMERA-READY/h100/sweep_fixed/cases_zk_32_128/zk_spartan_1_bw64_r24.log
zk_spartan_1,A*B*fz - C*fz,prime-field-montgomery,element,specialized,p64_goldilocks,64,2,0xffffffff00000001,26,67108864,4,3,2,2,10,whole-run,fixed,triton-sumcheck-prime-field-montgomery-element-layout-specialized-points,84.275,33.489,0.000,0.000000,0.000,33.489,ok,cuda-sumcheck-prime-field-montgomery-element-layout-specialized-points,16.1149,15.9293,0,0,0,15.9293,ok,true,8542683234098,8542683234098,2.102352,,CAMERA-READY/h100/sweep_fixed/cases_zk_32_128/zk_spartan_1_bw64_r26.log
zk_spartan_1,A*B*fz - C*fz,prime-field-montgomery,element,specialized,p64_goldilocks,64,2,0xffffffff00000001,28,268435456,4,3,2,2,10,whole-run,fixed,triton-sumcheck-prime-field-montgomery-element-layout-specialized-points,146.702,98.363,0.000,0.000000,0.000,98.363,ok,cuda-sumcheck-prime-field-montgomery-element-layout-specialized-points,53.0569,53.1237,0,0,0,53.1237,ok,true,9425057453019,9425057453019,1.851584,,CAMERA-READY/h100/sweep_fixed/cases_zk_32_128/zk_spartan_1_bw64_r28.log
zk_spartan_1,A*B*fz - C*fz,prime-field-montgomery,element,specialized,p128_mersenne_2^127_minus_1,128,4,0x7fffffffffffffffffffffffffffffff,14,16384,4,3,2,2,10,whole-run,fixed,triton-sumcheck-prime-field-montgomery-element-layout-specialized-points,59.349,4.524,0.000,0.000000,0.000,4.524,ok,cuda-sumcheck-prime-field-montgomery-element-layout-specialized-points,1.65677,1.40277,0,0,0,1.40277,ok,true,7798679442879,7798679442879,3.225048,,CAMERA-READY/h100/sweep_fixed/cases_zk_32_128/zk_spartan_1_bw128_r14.log
zk_spartan_1,A*B*fz - C*fz,prime-field-montgomery,element,specialized,p128_mersenne_2^127_minus_1,128,4,0x7fffffffffffffffffffffffffffffff,16,65536,4,3,2,2,10,whole-run,fixed,triton-sumcheck-prime-field-montgomery-element-layout-specialized-points,60.578,5.978,0.000,0.000000,0.000,5.978,ok,cuda-sumcheck-prime-field-montgomery-element-layout-specialized-points,1.98144,1.71977,0,0,0,1.71977,ok,true,11135324990296,11135324990296,3.476046,,CAMERA-READY/h100/sweep_fixed/cases_zk_32_128/zk_spartan_1_bw128_r16.log
zk_spartan_1,A*B*fz - C*fz,prime-field-montgomery,element,specialized,p128_mersenne_2^127_minus_1,128,4,0x7fffffffffffffffffffffffffffffff,18,262144,4,3,2,2,10,whole-run,fixed,triton-sumcheck-prime-field-montgomery-element-layout-specialized-points,62.095,7.589,0.000,0.000000,0.000,7.589,ok,cuda-sumcheck-prime-field-montgomery-element-layout-specialized-points,2.37363,2.10334,0,0,0,2.10334,ok,true,12272703038115,12272703038115,3.608071,,CAMERA-READY/h100/sweep_fixed/cases_zk_32_128/zk_spartan_1_bw128_r18.log
zk_spartan_1,A*B*fz - C*fz,prime-field-montgomery,element,specialized,p128_mersenne_2^127_minus_1,128,4,0x7fffffffffffffffffffffffffffffff,20,1048576,4,3,2,2,10,whole-run,fixed,triton-sumcheck-prime-field-montgomery-element-layout-specialized-points,64.445,9.862,0.000,0.000000,0.000,9.862,ok,cuda-sumcheck-prime-field-montgomery-element-layout-specialized-points,2.97472,2.73484,0,0,0,2.73484,ok,true,13368168265751,13368168265751,3.606061,,CAMERA-READY/h100/sweep_fixed/cases_zk_32_128/zk_spartan_1_bw128_r20.log
zk_spartan_1,A*B*fz - C*fz,prime-field-montgomery,element,specialized,p128_mersenne_2^127_minus_1,128,4,0x7fffffffffffffffffffffffffffffff,22,4194304,4,3,2,2,10,whole-run,fixed,triton-sumcheck-prime-field-montgomery-element-layout-specialized-points,67.533,12.364,0.000,0.000000,0.000,12.364,ok,cuda-sumcheck-prime-field-montgomery-element-layout-specialized-points,4.62168,4.31968,0,0,0,4.31968,ok,true,15307976045193,15307976045193,2.862249,,CAMERA-READY/h100/sweep_fixed/cases_zk_32_128/zk_spartan_1_bw128_r22.log
zk_spartan_1,A*B*fz - C*fz,prime-field-montgomery,element,specialized,p128_mersenne_2^127_minus_1,128,4,0x7fffffffffffffffffffffffffffffff,24,16777216,4,3,2,2,10,whole-run,fixed,triton-sumcheck-prime-field-montgomery-element-layout-specialized-points,73.262,19.817,0.000,0.000000,0.000,19.817,ok,cuda-sumcheck-prime-field-montgomery-element-layout-specialized-points,9.65525,9.38503,0,0,0,9.38503,ok,true,20046572502658,20046572502658,2.111554,,CAMERA-READY/h100/sweep_fixed/cases_zk_32_128/zk_spartan_1_bw128_r24.log
zk_spartan_1,A*B*fz - C*fz,prime-field-montgomery,element,specialized,p128_mersenne_2^127_minus_1,128,4,0x7fffffffffffffffffffffffffffffff,26,67108864,4,3,2,2,10,whole-run,fixed,triton-sumcheck-prime-field-montgomery-element-layout-specialized-points,98.917,47.842,0.000,0.000000,0.000,47.842,ok,cuda-sumcheck-prime-field-montgomery-element-layout-specialized-points,28.4155,28.1438,0,0,0,28.1438,ok,true,22409352254185,22409352254185,1.699913,,CAMERA-READY/h100/sweep_fixed/cases_zk_32_128/zk_spartan_1_bw128_r26.log
zk_spartan_1,A*B*fz - C*fz,prime-field-montgomery,element,specialized,p128_mersenne_2^127_minus_1,128,4,0x7fffffffffffffffffffffffffffffff,28,268435456,4,3,2,2,10,whole-run,fixed,triton-sumcheck-prime-field-montgomery-element-layout-specialized-points,207.567,156.504,0.000,0.000000,0.000,156.504,ok,cuda-sumcheck-prime-field-montgomery-element-layout-specialized-points,101.989,101.789,0,0,0,101.789,ok,true,23951239905437,23951239905437,1.537534,,CAMERA-READY/h100/sweep_fixed/cases_zk_32_128/zk_spartan_1_bw128_r28.log
zk_spartan_2,ABC*Z,prime-field-montgomery,element,specialized,p32_2^32_minus_5,32,1,0xfffffffb,14,16384,2,2,1,2,10,whole-run,fixed,triton-sumcheck-prime-field-montgomery-element-layout-specialized-points,52.368,3.387,0.000,0.000000,0.000,3.387,ok,cuda-sumcheck-prime-field-montgomery-element-layout-specialized-points,1.09043,0.912153,0,0,0,0.912153,ok,true,1111993635675,1111993635675,3.713193,,CAMERA-READY/h100/sweep_fixed/cases_zk_32_128/zk_spartan_2_bw32_r14.log
zk_spartan_2,ABC*Z,prime-field-montgomery,element,specialized,p32_2^32_minus_5,32,1,0xfffffffb,16,65536,2,2,1,2,10,whole-run,fixed,triton-sumcheck-prime-field-montgomery-element-layout-specialized-points,53.450,4.477,0.000,0.000000,0.000,4.477,ok,cuda-sumcheck-prime-field-montgomery-element-layout-specialized-points,1.35548,1.10854,0,0,0,1.10854,ok,true,1361729925127,1361729925127,4.038645,,CAMERA-READY/h100/sweep_fixed/cases_zk_32_128/zk_spartan_2_bw32_r16.log
zk_spartan_2,ABC*Z,prime-field-montgomery,element,specialized,p32_2^32_minus_5,32,1,0xfffffffb,18,262144,2,2,1,2,10,whole-run,fixed,triton-sumcheck-prime-field-montgomery-element-layout-specialized-points,54.835,5.808,0.000,0.000000,0.000,5.808,ok,cuda-sumcheck-prime-field-montgomery-element-layout-specialized-points,1.64425,1.42358,0,0,0,1.42358,ok,true,1490532018144,1490532018144,4.079855,,CAMERA-READY/h100/sweep_fixed/cases_zk_32_128/zk_spartan_2_bw32_r18.log
zk_spartan_2,ABC*Z,prime-field-montgomery,element,specialized,p32_2^32_minus_5,32,1,0xfffffffb,20,1048576,2,2,1,2,10,whole-run,fixed,triton-sumcheck-prime-field-montgomery-element-layout-specialized-points,57.008,7.511,0.000,0.000000,0.000,7.511,ok,cuda-sumcheck-prime-field-montgomery-element-layout-specialized-points,1.93914,1.70486,0,0,0,1.70486,ok,true,1740042488314,1740042488314,4.405640,,CAMERA-READY/h100/sweep_fixed/cases_zk_32_128/zk_spartan_2_bw32_r20.log
zk_spartan_2,ABC*Z,prime-field-montgomery,element,specialized,p32_2^32_minus_5,32,1,0xfffffffb,22,4194304,2,2,1,2,10,whole-run,fixed,triton-sumcheck-prime-field-montgomery-element-layout-specialized-points,58.907,9.429,0.000,0.000000,0.000,9.429,ok,cuda-sumcheck-prime-field-montgomery-element-layout-specialized-points,2.37261,2.14658,0,0,0,2.14658,ok,true,1669120794822,1669120794822,4.392569,,CAMERA-READY/h100/sweep_fixed/cases_zk_32_128/zk_spartan_2_bw32_r22.log
zk_spartan_2,ABC*Z,prime-field-montgomery,element,specialized,p32_2^32_minus_5,32,1,0xfffffffb,24,16777216,2,2,1,2,10,whole-run,fixed,triton-sumcheck-prime-field-montgomery-element-layout-specialized-points,61.725,12.574,0.000,0.000000,0.000,12.574,ok,cuda-sumcheck-prime-field-montgomery-element-layout-specialized-points,3.08921,2.89659,0,0,0,2.89659,ok,true,1869762121240,1869762121240,4.340966,,CAMERA-READY/h100/sweep_fixed/cases_zk_32_128/zk_spartan_2_bw32_r24.log
zk_spartan_2,ABC*Z,prime-field-montgomery,element,specialized,p32_2^32_minus_5,32,1,0xfffffffb,26,67108864,2,2,1,2,10,whole-run,fixed,triton-sumcheck-prime-field-montgomery-element-layout-specialized-points,70.258,23.088,0.000,0.000000,0.000,23.088,ok,cuda-sumcheck-prime-field-montgomery-element-layout-specialized-points,6.35566,6.08032,0,0,0,6.08032,ok,true,2405274213901,2405274213901,3.797169,,CAMERA-READY/h100/sweep_fixed/cases_zk_32_128/zk_spartan_2_bw32_r26.log
zk_spartan_2,ABC*Z,prime-field-montgomery,element,specialized,p32_2^32_minus_5,32,1,0xfffffffb,28,268435456,2,2,1,2,10,whole-run,fixed,triton-sumcheck-prime-field-montgomery-element-layout-specialized-points,111.263,65.235,0.000,0.000000,0.000,65.235,ok,cuda-sumcheck-prime-field-montgomery-element-layout-specialized-points,13.4727,13.2854,0,0,0,13.2854,ok,true,2217284708262,2217284708262,4.910277,,CAMERA-READY/h100/sweep_fixed/cases_zk_32_128/zk_spartan_2_bw32_r28.log
zk_spartan_2,ABC*Z,prime-field-montgomery,element,specialized,p64_goldilocks,64,2,0xffffffff00000001,14,16384,2,2,1,2,10,whole-run,fixed,triton-sumcheck-prime-field-montgomery-element-layout-specialized-points,52.540,3.484,0.000,0.000000,0.000,3.484,ok,cuda-sumcheck-prime-field-montgomery-element-layout-specialized-points,1.19321,1.01822,0,0,0,1.01822,ok,true,3154924965829,3154924965829,3.421657,,CAMERA-READY/h100/sweep_fixed/cases_zk_32_128/zk_spartan_2_bw64_r14.log
zk_spartan_2,ABC*Z,prime-field-montgomery,element,specialized,p64_goldilocks,64,2,0xffffffff00000001,16,65536,2,2,1,2,10,whole-run,fixed,triton-sumcheck-prime-field-montgomery-element-layout-specialized-points,53.617,4.513,0.000,0.000000,0.000,4.513,ok,cuda-sumcheck-prime-field-montgomery-element-layout-specialized-points,1.40796,1.24734,0,0,0,1.24734,ok,true,3821433327062,3821433327062,3.618099,,CAMERA-READY/h100/sweep_fixed/cases_zk_32_128/zk_spartan_2_bw64_r16.log
zk_spartan_2,ABC*Z,prime-field-montgomery,element,specialized,p64_goldilocks,64,2,0xffffffff00000001,18,262144,2,2,1,2,10,whole-run,fixed,triton-sumcheck-prime-field-montgomery-element-layout-specialized-points,55.334,5.817,0.000,0.000000,0.000,5.817,ok,cuda-sumcheck-prime-field-montgomery-element-layout-specialized-points,1.70039,1.52969,0,0,0,1.52969,ok,true,4804161355214,4804161355214,3.802731,,CAMERA-READY/h100/sweep_fixed/cases_zk_32_128/zk_spartan_2_bw64_r18.log
zk_spartan_2,ABC*Z,prime-field-montgomery,element,specialized,p64_goldilocks,64,2,0xffffffff00000001,20,1048576,2,2,1,2,10,whole-run,fixed,triton-sumcheck-prime-field-montgomery-element-layout-specialized-points,56.914,7.329,0.000,0.000000,0.000,7.329,ok,cuda-sumcheck-prime-field-montgomery-element-layout-specialized-points,2.02129,1.83046,0,0,0,1.83046,ok,true,5233438702336,5233438702336,4.003912,,CAMERA-READY/h100/sweep_fixed/cases_zk_32_128/zk_spartan_2_bw64_r20.log
zk_spartan_2,ABC*Z,prime-field-montgomery,element,specialized,p64_goldilocks,64,2,0xffffffff00000001,22,4194304,2,2,1,2,10,whole-run,fixed,triton-sumcheck-prime-field-montgomery-element-layout-specialized-points,58.461,9.203,0.000,0.000000,0.000,9.203,ok,cuda-sumcheck-prime-field-montgomery-element-layout-specialized-points,2.52698,2.33716,0,0,0,2.33716,ok,true,6504307318457,6504307318457,3.937685,,CAMERA-READY/h100/sweep_fixed/cases_zk_32_128/zk_spartan_2_bw64_r22.log
zk_spartan_2,ABC*Z,prime-field-montgomery,element,specialized,p64_goldilocks,64,2,0xffffffff00000001,24,16777216,2,2,1,2,10,whole-run,fixed,triton-sumcheck-prime-field-montgomery-element-layout-specialized-points,60.813,11.994,0.000,0.000000,0.000,11.994,ok,cuda-sumcheck-prime-field-montgomery-element-layout-specialized-points,3.97049,3.75339,0,0,0,3.75339,ok,true,6504999094607,6504999094607,3.195511,,CAMERA-READY/h100/sweep_fixed/cases_zk_32_128/zk_spartan_2_bw64_r24.log
zk_spartan_2,ABC*Z,prime-field-montgomery,element,specialized,p64_goldilocks,64,2,0xffffffff00000001,26,67108864,2,2,1,2,10,whole-run,fixed,triton-sumcheck-prime-field-montgomery-element-layout-specialized-points,69.729,22.223,0.000,0.000000,0.000,22.223,ok,cuda-sumcheck-prime-field-montgomery-element-layout-specialized-points,8.04588,7.85114,0,0,0,7.85114,ok,true,6597163029223,6597163029223,2.830544,,CAMERA-READY/h100/sweep_fixed/cases_zk_32_128/zk_spartan_2_bw64_r26.log
zk_spartan_2,ABC*Z,prime-field-montgomery,element,specialized,p64_goldilocks,64,2,0xffffffff00000001,28,268435456,2,2,1,2,10,whole-run,fixed,triton-sumcheck-prime-field-montgomery-element-layout-specialized-points,107.124,60.753,0.000,0.000000,0.000,60.753,ok,cuda-sumcheck-prime-field-montgomery-element-layout-specialized-points,23.4775,23.3525,0,0,0,23.3525,ok,true,7254201067425,7254201067425,2.601563,,CAMERA-READY/h100/sweep_fixed/cases_zk_32_128/zk_spartan_2_bw64_r28.log
zk_spartan_2,ABC*Z,prime-field-montgomery,element,specialized,p128_mersenne_2^127_minus_1,128,4,0x7fffffffffffffffffffffffffffffff,14,16384,2,2,1,2,10,whole-run,fixed,triton-sumcheck-prime-field-montgomery-element-layout-specialized-points,53.903,3.465,0.000,0.000000,0.000,3.465,ok,cuda-sumcheck-prime-field-montgomery-element-layout-specialized-points,1.19426,1.02402,0,0,0,1.02402,ok,true,3433157688766,3433157688766,3.383723,,CAMERA-READY/h100/sweep_fixed/cases_zk_32_128/zk_spartan_2_bw128_r14.log
zk_spartan_2,ABC*Z,prime-field-montgomery,element,specialized,p128_mersenne_2^127_minus_1,128,4,0x7fffffffffffffffffffffffffffffff,16,65536,2,2,1,2,10,whole-run,fixed,triton-sumcheck-prime-field-montgomery-element-layout-specialized-points,56.957,4.684,0.000,0.000000,0.000,4.684,ok,cuda-sumcheck-prime-field-montgomery-element-layout-specialized-points,1.44232,1.23773,0,0,0,1.23773,ok,true,4049074650790,4049074650790,3.784347,,CAMERA-READY/h100/sweep_fixed/cases_zk_32_128/zk_spartan_2_bw128_r16.log
zk_spartan_2,ABC*Z,prime-field-montgomery,element,specialized,p128_mersenne_2^127_minus_1,128,4,0x7fffffffffffffffffffffffffffffff,18,262144,2,2,1,2,10,whole-run,fixed,triton-sumcheck-prime-field-montgomery-element-layout-specialized-points,56.387,5.908,0.000,0.000000,0.000,5.908,ok,cuda-sumcheck-prime-field-montgomery-element-layout-specialized-points,1.80581,1.59422,0,0,0,1.59422,ok,true,4173046407829,4173046407829,3.705888,,CAMERA-READY/h100/sweep_fixed/cases_zk_32_128/zk_spartan_2_bw128_r18.log
zk_spartan_2,ABC*Z,prime-field-montgomery,element,specialized,p128_mersenne_2^127_minus_1,128,4,0x7fffffffffffffffffffffffffffffff,20,1048576,2,2,1,2,10,whole-run,fixed,triton-sumcheck-prime-field-montgomery-element-layout-specialized-points,59.391,7.499,0.000,0.000000,0.000,7.499,ok,cuda-sumcheck-prime-field-montgomery-element-layout-specialized-points,2.08835,1.88954,0,0,0,1.88954,ok,true,5005602144972,5005602144972,3.968691,,CAMERA-READY/h100/sweep_fixed/cases_zk_32_128/zk_spartan_2_bw128_r20.log
zk_spartan_2,ABC*Z,prime-field-montgomery,element,specialized,p128_mersenne_2^127_minus_1,128,4,0x7fffffffffffffffffffffffffffffff,22,4194304,2,2,1,2,10,whole-run,fixed,triton-sumcheck-prime-field-montgomery-element-layout-specialized-points,60.937,9.272,0.000,0.000000,0.000,9.272,ok,cuda-sumcheck-prime-field-montgomery-element-layout-specialized-points,2.8771,2.69817,0,0,0,2.69817,ok,true,6980247682538,6980247682538,3.436403,,CAMERA-READY/h100/sweep_fixed/cases_zk_32_128/zk_spartan_2_bw128_r22.log
zk_spartan_2,ABC*Z,prime-field-montgomery,element,specialized,p128_mersenne_2^127_minus_1,128,4,0x7fffffffffffffffffffffffffffffff,24,16777216,2,2,1,2,10,whole-run,fixed,triton-sumcheck-prime-field-montgomery-element-layout-specialized-points,64.124,13.262,0.000,0.000000,0.000,13.262,ok,cuda-sumcheck-prime-field-montgomery-element-layout-specialized-points,5.06652,4.95305,0,0,0,4.95305,ok,true,9679948174702,9679948174702,2.677542,,CAMERA-READY/h100/sweep_fixed/cases_zk_32_128/zk_spartan_2_bw128_r24.log
zk_spartan_2,ABC*Z,prime-field-montgomery,element,specialized,p128_mersenne_2^127_minus_1,128,4,0x7fffffffffffffffffffffffffffffff,26,67108864,2,2,1,2,10,whole-run,fixed,triton-sumcheck-prime-field-montgomery-element-layout-specialized-points,76.378,27.587,0.000,0.000000,0.000,27.587,ok,cuda-sumcheck-prime-field-montgomery-element-layout-specialized-points,12.9776,12.7765,0,0,0,12.7765,ok,true,11286961838802,11286961838802,2.159199,,CAMERA-READY/h100/sweep_fixed/cases_zk_32_128/zk_spartan_2_bw128_r26.log
zk_spartan_2,ABC*Z,prime-field-montgomery,element,specialized,p128_mersenne_2^127_minus_1,128,4,0x7fffffffffffffffffffffffffffffff,28,268435456,2,2,1,2,10,whole-run,fixed,triton-sumcheck-prime-field-montgomery-element-layout-specialized-points,130.681,83.377,0.000,0.000000,0.000,83.377,ok,cuda-sumcheck-prime-field-montgomery-element-layout-specialized-points,43.471,43.2331,0,0,0,43.2331,ok,true,15071102667647,15071102667647,1.928545,,CAMERA-READY/h100/sweep_fixed/cases_zk_32_128/zk_spartan_2_bw128_r28.log
zk_witness_non_id,q_non-id-point*y*y - q_non-id-point*x*x*x - 5*q_non-id-point,prime-field-montgomery,element,specialized,p32_2^32_minus_5,32,1,0xfffffffb,14,16384,3,4,3,2,10,whole-run,fixed,triton-sumcheck-prime-field-montgomery-element-layout-specialized-points,59.020,5.484,0.000,0.000000,0.000,5.484,ok,cuda-sumcheck-prime-field-montgomery-element-layout-specialized-points,1.85093,1.60997,0,0,0,1.60997,ok,true,1755004342988,1755004342988,3.406275,,CAMERA-READY/h100/sweep_fixed/cases_zk_32_128/zk_witness_non_id_bw32_r14.log
zk_witness_non_id,q_non-id-point*y*y - q_non-id-point*x*x*x - 5*q_non-id-point,prime-field-montgomery,element,specialized,p32_2^32_minus_5,32,1,0xfffffffb,16,65536,3,4,3,2,10,whole-run,fixed,triton-sumcheck-prime-field-montgomery-element-layout-specialized-points,61.374,7.367,0.000,0.000000,0.000,7.367,ok,cuda-sumcheck-prime-field-montgomery-element-layout-specialized-points,2.21576,2.00639,0,0,0,2.00639,ok,true,2442268854103,2442268854103,3.671769,,CAMERA-READY/h100/sweep_fixed/cases_zk_32_128/zk_witness_non_id_bw32_r16.log
zk_witness_non_id,q_non-id-point*y*y - q_non-id-point*x*x*x - 5*q_non-id-point,prime-field-montgomery,element,specialized,p32_2^32_minus_5,32,1,0xfffffffb,18,262144,3,4,3,2,10,whole-run,fixed,triton-sumcheck-prime-field-montgomery-element-layout-specialized-points,63.875,9.431,0.000,0.000000,0.000,9.431,ok,cuda-sumcheck-prime-field-montgomery-element-layout-specialized-points,2.69296,2.38311,0,0,0,2.38311,ok,true,2462027502636,2462027502636,3.957434,,CAMERA-READY/h100/sweep_fixed/cases_zk_32_128/zk_witness_non_id_bw32_r18.log
zk_witness_non_id,q_non-id-point*y*y - q_non-id-point*x*x*x - 5*q_non-id-point,prime-field-montgomery,element,specialized,p32_2^32_minus_5,32,1,0xfffffffb,20,1048576,3,4,3,2,10,whole-run,fixed,triton-sumcheck-prime-field-montgomery-element-layout-specialized-points,65.935,11.824,0.000,0.000000,0.000,11.824,ok,cuda-sumcheck-prime-field-montgomery-element-layout-specialized-points,3.36723,2.9915,0,0,0,2.9915,ok,true,2669918320433,2669918320433,3.952532,,CAMERA-READY/h100/sweep_fixed/cases_zk_32_128/zk_witness_non_id_bw32_r20.log
zk_witness_non_id,q_non-id-point*y*y - q_non-id-point*x*x*x - 5*q_non-id-point,prime-field-montgomery,element,specialized,p32_2^32_minus_5,32,1,0xfffffffb,22,4194304,3,4,3,2,10,whole-run,fixed,triton-sumcheck-prime-field-montgomery-element-layout-specialized-points,68.856,14.854,0.000,0.000000,0.000,14.854,ok,cuda-sumcheck-prime-field-montgomery-element-layout-specialized-points,3.93184,3.62275,0,0,0,3.62275,ok,true,3172342266730,3172342266730,4.100200,,CAMERA-READY/h100/sweep_fixed/cases_zk_32_128/zk_witness_non_id_bw32_r22.log
zk_witness_non_id,q_non-id-point*y*y - q_non-id-point*x*x*x - 5*q_non-id-point,prime-field-montgomery,element,specialized,p32_2^32_minus_5,32,1,0xfffffffb,24,16777216,3,4,3,2,10,whole-run,fixed,triton-sumcheck-prime-field-montgomery-element-layout-specialized-points,74.289,20.298,0.000,0.000000,0.000,20.298,ok,cuda-sumcheck-prime-field-montgomery-element-layout-specialized-points,5.54182,5.26809,0,0,0,5.26809,ok,true,3593444755342,3593444755342,3.853009,,CAMERA-READY/h100/sweep_fixed/cases_zk_32_128/zk_witness_non_id_bw32_r24.log
zk_witness_non_id,q_non-id-point*y*y - q_non-id-point*x*x*x - 5*q_non-id-point,prime-field-montgomery,element,specialized,p32_2^32_minus_5,32,1,0xfffffffb,26,67108864,3,4,3,2,10,whole-run,fixed,triton-sumcheck-prime-field-montgomery-element-layout-specialized-points,91.701,40.039,0.000,0.000000,0.000,40.039,ok,cuda-sumcheck-prime-field-montgomery-element-layout-specialized-points,10.5136,10.2308,0,0,0,10.2308,ok,true,3745763859188,3745763859188,3.913575,,CAMERA-READY/h100/sweep_fixed/cases_zk_32_128/zk_witness_non_id_bw32_r26.log
zk_witness_non_id,q_non-id-point*y*y - q_non-id-point*x*x*x - 5*q_non-id-point,prime-field-montgomery,element,specialized,p32_2^32_minus_5,32,1,0xfffffffb,28,268435456,3,4,3,2,10,whole-run,fixed,triton-sumcheck-prime-field-montgomery-element-layout-specialized-points,167.640,117.097,0.000,0.000000,0.000,117.097,ok,cuda-sumcheck-prime-field-montgomery-element-layout-specialized-points,28.4248,28.47,0,0,0,28.47,ok,true,3726647597010,3726647597010,4.112996,,CAMERA-READY/h100/sweep_fixed/cases_zk_32_128/zk_witness_non_id_bw32_r28.log
zk_witness_non_id,q_non-id-point*y*y - q_non-id-point*x*x*x - 5*q_non-id-point,prime-field-montgomery,element,specialized,p64_goldilocks,64,2,0xffffffff00000001,14,16384,3,4,3,2,10,whole-run,fixed,triton-sumcheck-prime-field-montgomery-element-layout-specialized-points,60.407,5.306,0.000,0.000000,0.000,5.306,ok,cuda-sumcheck-prime-field-montgomery-element-layout-specialized-points,1.92051,1.67343,0,0,0,1.67343,ok,true,5981691282710,5981691282710,3.170733,,CAMERA-READY/h100/sweep_fixed/cases_zk_32_128/zk_witness_non_id_bw64_r14.log
zk_witness_non_id,q_non-id-point*y*y - q_non-id-point*x*x*x - 5*q_non-id-point,prime-field-montgomery,element,specialized,p64_goldilocks,64,2,0xffffffff00000001,16,65536,3,4,3,2,10,whole-run,fixed,triton-sumcheck-prime-field-montgomery-element-layout-specialized-points,62.765,7.221,0.000,0.000000,0.000,7.221,ok,cuda-sumcheck-prime-field-montgomery-element-layout-specialized-points,2.35192,2.07448,0,0,0,2.07448,ok,true,6699477192486,6699477192486,3.480872,,CAMERA-READY/h100/sweep_fixed/cases_zk_32_128/zk_witness_non_id_bw64_r16.log
zk_witness_non_id,q_non-id-point*y*y - q_non-id-point*x*x*x - 5*q_non-id-point,prime-field-montgomery,element,specialized,p64_goldilocks,64,2,0xffffffff00000001,18,262144,3,4,3,2,10,whole-run,fixed,triton-sumcheck-prime-field-montgomery-element-layout-specialized-points,64.524,9.591,0.000,0.000000,0.000,9.591,ok,cuda-sumcheck-prime-field-montgomery-element-layout-specialized-points,2.84314,2.50695,0,0,0,2.50695,ok,true,7653663462913,7653663462913,3.825764,,CAMERA-READY/h100/sweep_fixed/cases_zk_32_128/zk_witness_non_id_bw64_r18.log
zk_witness_non_id,q_non-id-point*y*y - q_non-id-point*x*x*x - 5*q_non-id-point,prime-field-montgomery,element,specialized,p64_goldilocks,64,2,0xffffffff00000001,20,1048576,3,4,3,2,10,whole-run,fixed,triton-sumcheck-prime-field-montgomery-element-layout-specialized-points,67.336,11.798,0.000,0.000000,0.000,11.798,ok,cuda-sumcheck-prime-field-montgomery-element-layout-specialized-points,3.34202,3.0579,0,0,0,3.0579,ok,true,8837614898671,8837614898671,3.858203,,CAMERA-READY/h100/sweep_fixed/cases_zk_32_128/zk_witness_non_id_bw64_r20.log
zk_witness_non_id,q_non-id-point*y*y - q_non-id-point*x*x*x - 5*q_non-id-point,prime-field-montgomery,element,specialized,p64_goldilocks,64,2,0xffffffff00000001,22,4194304,3,4,3,2,10,whole-run,fixed,triton-sumcheck-prime-field-montgomery-element-layout-specialized-points,70.066,14.782,0.000,0.000000,0.000,14.782,ok,cuda-sumcheck-prime-field-montgomery-element-layout-specialized-points,4.51837,4.24741,0,0,0,4.24741,ok,true,9230055891459,9230055891459,3.480239,,CAMERA-READY/h100/sweep_fixed/cases_zk_32_128/zk_witness_non_id_bw64_r22.log
zk_witness_non_id,q_non-id-point*y*y - q_non-id-point*x*x*x - 5*q_non-id-point,prime-field-montgomery,element,specialized,p64_goldilocks,64,2,0xffffffff00000001,24,16777216,3,4,3,2,10,whole-run,fixed,triton-sumcheck-prime-field-montgomery-element-layout-specialized-points,75.469,21.270,0.000,0.000000,0.000,21.270,ok,cuda-sumcheck-prime-field-montgomery-element-layout-specialized-points,7.52542,7.29705,0,0,0,7.29705,ok,true,10793160124422,10793160124422,2.914877,,CAMERA-READY/h100/sweep_fixed/cases_zk_32_128/zk_witness_non_id_bw64_r24.log
zk_witness_non_id,q_non-id-point*y*y - q_non-id-point*x*x*x - 5*q_non-id-point,prime-field-montgomery,element,specialized,p64_goldilocks,64,2,0xffffffff00000001,26,67108864,3,4,3,2,10,whole-run,fixed,triton-sumcheck-prime-field-montgomery-element-layout-specialized-points,96.878,42.993,0.000,0.000000,0.000,42.993,ok,cuda-sumcheck-prime-field-montgomery-element-layout-specialized-points,17.3774,17.0412,0,0,0,17.0412,ok,true,10470993542893,10470993542893,2.522886,,CAMERA-READY/h100/sweep_fixed/cases_zk_32_128/zk_witness_non_id_bw64_r26.log
zk_witness_non_id,q_non-id-point*y*y - q_non-id-point*x*x*x - 5*q_non-id-point,prime-field-montgomery,element,specialized,p64_goldilocks,64,2,0xffffffff00000001,28,268435456,3,4,3,2,10,whole-run,fixed,triton-sumcheck-prime-field-montgomery-element-layout-specialized-points,191.708,128.478,0.000,0.000000,0.000,128.478,ok,cuda-sumcheck-prime-field-montgomery-element-layout-specialized-points,55.6739,58.075,0,0,0,58.075,ok,true,12238175874626,12238175874626,2.212277,,CAMERA-READY/h100/sweep_fixed/cases_zk_32_128/zk_witness_non_id_bw64_r28.log
zk_witness_non_id,q_non-id-point*y*y - q_non-id-point*x*x*x - 5*q_non-id-point,prime-field-montgomery,element,specialized,p128_mersenne_2^127_minus_1,128,4,0x7fffffffffffffffffffffffffffffff,14,16384,3,4,3,2,10,whole-run,fixed,triton-sumcheck-prime-field-montgomery-element-layout-specialized-points,64.711,5.452,0.000,0.000000,0.000,5.452,ok,cuda-sumcheck-prime-field-montgomery-element-layout-specialized-points,2.14795,1.81035,0,0,0,1.81035,ok,true,15659785126310,15659785126310,3.011572,,CAMERA-READY/h100/sweep_fixed/cases_zk_32_128/zk_witness_non_id_bw128_r14.log
zk_witness_non_id,q_non-id-point*y*y - q_non-id-point*x*x*x - 5*q_non-id-point,prime-field-montgomery,element,specialized,p128_mersenne_2^127_minus_1,128,4,0x7fffffffffffffffffffffffffffffff,16,65536,3,4,3,2,10,whole-run,fixed,triton-sumcheck-prime-field-montgomery-element-layout-specialized-points,65.615,7.227,0.000,0.000000,0.000,7.227,ok,cuda-sumcheck-prime-field-montgomery-element-layout-specialized-points,2.5801,2.25441,0,0,0,2.25441,ok,true,18637895452501,18637895452501,3.205717,,CAMERA-READY/h100/sweep_fixed/cases_zk_32_128/zk_witness_non_id_bw128_r16.log
zk_witness_non_id,q_non-id-point*y*y - q_non-id-point*x*x*x - 5*q_non-id-point,prime-field-montgomery,element,specialized,p128_mersenne_2^127_minus_1,128,4,0x7fffffffffffffffffffffffffffffff,18,262144,3,4,3,2,10,whole-run,fixed,triton-sumcheck-prime-field-montgomery-element-layout-specialized-points,68.577,9.434,0.000,0.000000,0.000,9.434,ok,cuda-sumcheck-prime-field-montgomery-element-layout-specialized-points,3.11625,2.79849,0,0,0,2.79849,ok,true,18977310861938,18977310861938,3.371104,,CAMERA-READY/h100/sweep_fixed/cases_zk_32_128/zk_witness_non_id_bw128_r18.log
zk_witness_non_id,q_non-id-point*y*y - q_non-id-point*x*x*x - 5*q_non-id-point,prime-field-montgomery,element,specialized,p128_mersenne_2^127_minus_1,128,4,0x7fffffffffffffffffffffffffffffff,20,1048576,3,4,3,2,10,whole-run,fixed,triton-sumcheck-prime-field-montgomery-element-layout-specialized-points,70.637,11.881,0.000,0.000000,0.000,11.881,ok,cuda-sumcheck-prime-field-montgomery-element-layout-specialized-points,4.04737,3.53303,0,0,0,3.53303,ok,true,22584957196373,22584957196373,3.362836,,CAMERA-READY/h100/sweep_fixed/cases_zk_32_128/zk_witness_non_id_bw128_r20.log
zk_witness_non_id,q_non-id-point*y*y - q_non-id-point*x*x*x - 5*q_non-id-point,prime-field-montgomery,element,specialized,p128_mersenne_2^127_minus_1,128,4,0x7fffffffffffffffffffffffffffffff,22,4194304,3,4,3,2,10,whole-run,fixed,triton-sumcheck-prime-field-montgomery-element-layout-specialized-points,74.295,15.411,0.000,0.000000,0.000,15.411,ok,cuda-sumcheck-prime-field-montgomery-element-layout-specialized-points,5.79447,5.46017,0,0,0,5.46017,ok,true,24041776741697,24041776741697,2.822440,,CAMERA-READY/h100/sweep_fixed/cases_zk_32_128/zk_witness_non_id_bw128_r22.log
zk_witness_non_id,q_non-id-point*y*y - q_non-id-point*x*x*x - 5*q_non-id-point,prime-field-montgomery,element,specialized,p128_mersenne_2^127_minus_1,128,4,0x7fffffffffffffffffffffffffffffff,24,16777216,3,4,3,2,10,whole-run,fixed,triton-sumcheck-prime-field-montgomery-element-layout-specialized-points,84.826,26.190,0.000,0.000000,0.000,26.190,ok,cuda-sumcheck-prime-field-montgomery-element-layout-specialized-points,11.8373,11.4668,0,0,0,11.4668,ok,true,25462566673024,25462566673024,2.283985,,CAMERA-READY/h100/sweep_fixed/cases_zk_32_128/zk_witness_non_id_bw128_r24.log
zk_witness_non_id,q_non-id-point*y*y - q_non-id-point*x*x*x - 5*q_non-id-point,prime-field-montgomery,element,specialized,p128_mersenne_2^127_minus_1,128,4,0x7fffffffffffffffffffffffffffffff,26,67108864,3,4,3,2,10,whole-run,fixed,triton-sumcheck-prime-field-montgomery-element-layout-specialized-points,121.124,65.955,0.000,0.000000,0.000,65.955,ok,cuda-sumcheck-prime-field-montgomery-element-layout-specialized-points,33.6042,33.2125,0,0,0,33.2125,ok,true,29454821838026,29454821838026,1.985849,,CAMERA-READY/h100/sweep_fixed/cases_zk_32_128/zk_witness_non_id_bw128_r26.log
zk_witness_non_id,q_non-id-point*y*y - q_non-id-point*x*x*x - 5*q_non-id-point,prime-field-montgomery,element,specialized,p128_mersenne_2^127_minus_1,128,4,0x7fffffffffffffffffffffffffffffff,28,268435456,3,4,3,2,10,whole-run,fixed,triton-sumcheck-prime-field-montgomery-element-layout-specialized-points,276.489,221.052,0.000,0.000000,0.000,221.052,ok,cuda-sumcheck-prime-field-montgomery-element-layout-specialized-points,118.878,120.853,0,0,0,120.853,ok,true,32287955919752,32287955919752,1.829098,,CAMERA-READY/h100/sweep_fixed/cases_zk_32_128/zk_witness_non_id_bw128_r28.log
zk_witness_id_point_1,q_point*x*y*y - q_point*x*x*x*x - 5*q_point*x,prime-field-montgomery,element,specialized,p32_2^32_minus_5,32,1,0xfffffffb,14,16384,3,5,3,2,10,whole-run,fixed,triton-sumcheck-prime-field-montgomery-element-layout-specialized-points,63.241,6.314,0.000,0.000000,0.000,6.314,ok,cuda-sumcheck-prime-field-montgomery-element-layout-specialized-points,2.16948,1.93825,0,0,0,1.93825,ok,true,2331461279251,2331461279251,3.257578,,CAMERA-READY/h100/sweep_fixed/cases_zk_32_128/zk_witness_id_point_1_bw32_r14.log
zk_witness_id_point_1,q_point*x*y*y - q_point*x*x*x*x - 5*q_point*x,prime-field-montgomery,element,specialized,p32_2^32_minus_5,32,1,0xfffffffb,16,65536,3,5,3,2,10,whole-run,fixed,triton-sumcheck-prime-field-montgomery-element-layout-specialized-points,64.409,8.566,0.000,0.000000,0.000,8.566,ok,cuda-sumcheck-prime-field-montgomery-element-layout-specialized-points,2.65748,2.3602,0,0,0,2.3602,ok,true,2368611366173,2368611366173,3.629353,,CAMERA-READY/h100/sweep_fixed/cases_zk_32_128/zk_witness_id_point_1_bw32_r16.log
zk_witness_id_point_1,q_point*x*y*y - q_point*x*x*x*x - 5*q_point*x,prime-field-montgomery,element,specialized,p32_2^32_minus_5,32,1,0xfffffffb,18,262144,3,5,3,2,10,whole-run,fixed,triton-sumcheck-prime-field-montgomery-element-layout-specialized-points,67.524,11.236,0.000,0.000000,0.000,11.236,ok,cuda-sumcheck-prime-field-montgomery-element-layout-specialized-points,3.20335,2.88205,0,0,0,2.88205,ok,true,3152591402727,3152591402727,3.898614,,CAMERA-READY/h100/sweep_fixed/cases_zk_32_128/zk_witness_id_point_1_bw32_r18.log
zk_witness_id_point_1,q_point*x*y*y - q_point*x*x*x*x - 5*q_point*x,prime-field-montgomery,element,specialized,p32_2^32_minus_5,32,1,0xfffffffb,20,1048576,3,5,3,2,10,whole-run,fixed,triton-sumcheck-prime-field-montgomery-element-layout-specialized-points,70.821,14.267,0.000,0.000000,0.000,14.267,ok,cuda-sumcheck-prime-field-montgomery-element-layout-specialized-points,3.79612,3.42675,0,0,0,3.42675,ok,true,3091985749918,3091985749918,4.163420,,CAMERA-READY/h100/sweep_fixed/cases_zk_32_128/zk_witness_id_point_1_bw32_r20.log
zk_witness_id_point_1,q_point*x*y*y - q_point*x*x*x*x - 5*q_point*x,prime-field-montgomery,element,specialized,p32_2^32_minus_5,32,1,0xfffffffb,22,4194304,3,5,3,2,10,whole-run,fixed,triton-sumcheck-prime-field-montgomery-element-layout-specialized-points,74.357,17.997,0.000,0.000000,0.000,17.997,ok,cuda-sumcheck-prime-field-montgomery-element-layout-specialized-points,4.76185,4.37877,0,0,0,4.37877,ok,true,3442369752159,3442369752159,4.110058,,CAMERA-READY/h100/sweep_fixed/cases_zk_32_128/zk_witness_id_point_1_bw32_r22.log
zk_witness_id_point_1,q_point*x*y*y - q_point*x*x*x*x - 5*q_point*x,prime-field-montgomery,element,specialized,p32_2^32_minus_5,32,1,0xfffffffb,24,16777216,3,5,3,2,10,whole-run,fixed,triton-sumcheck-prime-field-montgomery-element-layout-specialized-points,80.955,24.216,0.000,0.000000,0.000,24.216,ok,cuda-sumcheck-prime-field-montgomery-element-layout-specialized-points,6.84737,6.54033,0,0,0,6.54033,ok,true,3720441350990,3720441350990,3.702565,,CAMERA-READY/h100/sweep_fixed/cases_zk_32_128/zk_witness_id_point_1_bw32_r24.log
zk_witness_id_point_1,q_point*x*y*y - q_point*x*x*x*x - 5*q_point*x,prime-field-montgomery,element,specialized,p32_2^32_minus_5,32,1,0xfffffffb,26,67108864,3,5,3,2,10,whole-run,fixed,triton-sumcheck-prime-field-montgomery-element-layout-specialized-points,102.259,48.455,0.000,0.000000,0.000,48.455,ok,cuda-sumcheck-prime-field-montgomery-element-layout-specialized-points,12.5805,12.2931,0,0,0,12.2931,ok,true,3914866168499,3914866168499,3.941642,,CAMERA-READY/h100/sweep_fixed/cases_zk_32_128/zk_witness_id_point_1_bw32_r26.log
zk_witness_id_point_1,q_point*x*y*y - q_point*x*x*x*x - 5*q_point*x,prime-field-montgomery,element,specialized,p32_2^32_minus_5,32,1,0xfffffffb,28,268435456,3,5,3,2,10,whole-run,fixed,triton-sumcheck-prime-field-montgomery-element-layout-specialized-points,194.749,141.589,0.000,0.000000,0.000,141.589,ok,cuda-sumcheck-prime-field-montgomery-element-layout-specialized-points,34.0891,34.504,0,0,0,34.504,ok,true,4443559531034,4443559531034,4.103553,,CAMERA-READY/h100/sweep_fixed/cases_zk_32_128/zk_witness_id_point_1_bw32_r28.log
zk_witness_id_point_1,q_point*x*y*y - q_point*x*x*x*x - 5*q_point*x,prime-field-montgomery,element,specialized,p64_goldilocks,64,2,0xffffffff00000001,14,16384,3,5,3,2,10,whole-run,fixed,triton-sumcheck-prime-field-montgomery-element-layout-specialized-points,64.528,6.375,0.000,0.000000,0.000,6.375,ok,cuda-sumcheck-prime-field-montgomery-element-layout-specialized-points,2.29976,2.00734,0,0,0,2.00734,ok,true,7161295169340,7161295169340,3.175845,,CAMERA-READY/h100/sweep_fixed/cases_zk_32_128/zk_witness_id_point_1_bw64_r14.log
zk_witness_id_point_1,q_point*x*y*y - q_point*x*x*x*x - 5*q_point*x,prime-field-montgomery,element,specialized,p64_goldilocks,64,2,0xffffffff00000001,16,65536,3,5,3,2,10,whole-run,fixed,triton-sumcheck-prime-field-montgomery-element-layout-specialized-points,66.745,8.530,0.000,0.000000,0.000,8.530,ok,cuda-sumcheck-prime-field-montgomery-element-layout-specialized-points,2.88003,2.53658,0,0,0,2.53658,ok,true,8527248594540,8527248594540,3.362796,,CAMERA-READY/h100/sweep_fixed/cases_zk_32_128/zk_witness_id_point_1_bw64_r16.log
zk_witness_id_point_1,q_point*x*y*y - q_point*x*x*x*x - 5*q_point*x,prime-field-montgomery,element,specialized,p64_goldilocks,64,2,0xffffffff00000001,18,262144,3,5,3,2,10,whole-run,fixed,triton-sumcheck-prime-field-montgomery-element-layout-specialized-points,69.077,11.262,0.000,0.000000,0.000,11.262,ok,cuda-sumcheck-prime-field-montgomery-element-layout-specialized-points,3.35793,2.95759,0,0,0,2.95759,ok,true,9123523377228,9123523377228,3.807830,,CAMERA-READY/h100/sweep_fixed/cases_zk_32_128/zk_witness_id_point_1_bw64_r18.log
zk_witness_id_point_1,q_point*x*y*y - q_point*x*x*x*x - 5*q_point*x,prime-field-montgomery,element,specialized,p64_goldilocks,64,2,0xffffffff00000001,20,1048576,3,5,3,2,10,whole-run,fixed,triton-sumcheck-prime-field-montgomery-element-layout-specialized-points,71.439,14.185,0.000,0.000000,0.000,14.185,ok,cuda-sumcheck-prime-field-montgomery-element-layout-specialized-points,4.05254,3.72339,0,0,0,3.72339,ok,true,9860885170318,9860885170318,3.809700,,CAMERA-READY/h100/sweep_fixed/cases_zk_32_128/zk_witness_id_point_1_bw64_r20.log
zk_witness_id_point_1,q_point*x*y*y - q_point*x*x*x*x - 5*q_point*x,prime-field-montgomery,element,specialized,p64_goldilocks,64,2,0xffffffff00000001,22,4194304,3,5,3,2,10,whole-run,fixed,triton-sumcheck-prime-field-montgomery-element-layout-specialized-points,76.036,17.640,0.000,0.000000,0.000,17.640,ok,cuda-sumcheck-prime-field-montgomery-element-layout-specialized-points,5.56729,5.26169,0,0,0,5.26169,ok,true,11166434880107,11166434880107,3.352535,,CAMERA-READY/h100/sweep_fixed/cases_zk_32_128/zk_witness_id_point_1_bw64_r22.log
zk_witness_id_point_1,q_point*x*y*y - q_point*x*x*x*x - 5*q_point*x,prime-field-montgomery,element,specialized,p64_goldilocks,64,2,0xffffffff00000001,24,16777216,3,5,3,2,10,whole-run,fixed,triton-sumcheck-prime-field-montgomery-element-layout-specialized-points,81.486,25.066,0.000,0.000000,0.000,25.066,ok,cuda-sumcheck-prime-field-montgomery-element-layout-specialized-points,9.26648,8.91556,0,0,0,8.91556,ok,true,11895734284772,11895734284772,2.811489,,CAMERA-READY/h100/sweep_fixed/cases_zk_32_128/zk_witness_id_point_1_bw64_r24.log
zk_witness_id_point_1,q_point*x*y*y - q_point*x*x*x*x - 5*q_point*x,prime-field-montgomery,element,specialized,p64_goldilocks,64,2,0xffffffff00000001,26,67108864,3,5,3,2,10,whole-run,fixed,triton-sumcheck-prime-field-montgomery-element-layout-specialized-points,108.292,52.593,0.000,0.000000,0.000,52.593,ok,cuda-sumcheck-prime-field-montgomery-element-layout-specialized-points,22.0677,21.9009,0,0,0,21.9009,ok,true,12463196017714,12463196017714,2.401408,,CAMERA-READY/h100/sweep_fixed/cases_zk_32_128/zk_witness_id_point_1_bw64_r26.log
zk_witness_id_point_1,q_point*x*y*y - q_point*x*x*x*x - 5*q_point*x,prime-field-montgomery,element,specialized,p64_goldilocks,64,2,0xffffffff00000001,28,268435456,3,5,3,2,10,whole-run,fixed,triton-sumcheck-prime-field-montgomery-element-layout-specialized-points,220.869,159.401,0.000,0.000000,0.000,159.401,ok,cuda-sumcheck-prime-field-montgomery-element-layout-specialized-points,71.7712,74.3181,0,0,0,74.3181,ok,true,14310738931021,14310738931021,2.144848,,CAMERA-READY/h100/sweep_fixed/cases_zk_32_128/zk_witness_id_point_1_bw64_r28.log
zk_witness_id_point_1,q_point*x*y*y - q_point*x*x*x*x - 5*q_point*x,prime-field-montgomery,element,specialized,p128_mersenne_2^127_minus_1,128,4,0x7fffffffffffffffffffffffffffffff,14,16384,3,5,3,2,10,whole-run,fixed,triton-sumcheck-prime-field-montgomery-element-layout-specialized-points,70.096,6.530,0.000,0.000000,0.000,6.530,ok,cuda-sumcheck-prime-field-montgomery-element-layout-specialized-points,2.65394,2.17245,0,0,0,2.17245,ok,true,17839246345141,17839246345141,3.005823,,CAMERA-READY/h100/sweep_fixed/cases_zk_32_128/zk_witness_id_point_1_bw128_r14.log
zk_witness_id_point_1,q_point*x*y*y - q_point*x*x*x*x - 5*q_point*x,prime-field-montgomery,element,specialized,p128_mersenne_2^127_minus_1,128,4,0x7fffffffffffffffffffffffffffffff,16,65536,3,5,3,2,10,whole-run,fixed,triton-sumcheck-prime-field-montgomery-element-layout-specialized-points,71.976,8.587,0.000,0.000000,0.000,8.587,ok,cuda-sumcheck-prime-field-montgomery-element-layout-specialized-points,3.19111,2.71086,0,0,0,2.71086,ok,true,20303122931416,20303122931416,3.167629,,CAMERA-READY/h100/sweep_fixed/cases_zk_32_128/zk_witness_id_point_1_bw128_r16.log
zk_witness_id_point_1,q_point*x*y*y - q_point*x*x*x*x - 5*q_point*x,prime-field-montgomery,element,specialized,p128_mersenne_2^127_minus_1,128,4,0x7fffffffffffffffffffffffffffffff,18,262144,3,5,3,2,10,whole-run,fixed,triton-sumcheck-prime-field-montgomery-element-layout-specialized-points,74.691,11.373,0.000,0.000000,0.000,11.373,ok,cuda-sumcheck-prime-field-montgomery-element-layout-specialized-points,3.82405,3.40912,0,0,0,3.40912,ok,true,24077474631041,24077474631041,3.336052,,CAMERA-READY/h100/sweep_fixed/cases_zk_32_128/zk_witness_id_point_1_bw128_r18.log
zk_witness_id_point_1,q_point*x*y*y - q_point*x*x*x*x - 5*q_point*x,prime-field-montgomery,element,specialized,p128_mersenne_2^127_minus_1,128,4,0x7fffffffffffffffffffffffffffffff,20,1048576,3,5,3,2,10,whole-run,fixed,triton-sumcheck-prime-field-montgomery-element-layout-specialized-points,77.481,14.314,0.000,0.000000,0.000,14.314,ok,cuda-sumcheck-prime-field-montgomery-element-layout-specialized-points,4.89512,4.44809,0,0,0,4.44809,ok,true,27727245744861,27727245744861,3.218010,,CAMERA-READY/h100/sweep_fixed/cases_zk_32_128/zk_witness_id_point_1_bw128_r20.log
zk_witness_id_point_1,q_point*x*y*y - q_point*x*x*x*x - 5*q_point*x,prime-field-montgomery,element,specialized,p128_mersenne_2^127_minus_1,128,4,0x7fffffffffffffffffffffffffffffff,22,4194304,3,5,3,2,10,whole-run,fixed,triton-sumcheck-prime-field-montgomery-element-layout-specialized-points,83.159,19.042,0.000,0.000000,0.000,19.042,ok,cuda-sumcheck-prime-field-montgomery-element-layout-specialized-points,7.51158,7.08799,0,0,0,7.08799,ok,true,29435074950450,29435074950450,2.686516,,CAMERA-READY/h100/sweep_fixed/cases_zk_32_128/zk_witness_id_point_1_bw128_r22.log
zk_witness_id_point_1,q_point*x*y*y - q_point*x*x*x*x - 5*q_point*x,prime-field-montgomery,element,specialized,p128_mersenne_2^127_minus_1,128,4,0x7fffffffffffffffffffffffffffffff,24,16777216,3,5,3,2,10,whole-run,fixed,triton-sumcheck-prime-field-montgomery-element-layout-specialized-points,96.297,33.018,0.000,0.000000,0.000,33.018,ok,cuda-sumcheck-prime-field-montgomery-element-layout-specialized-points,15.2568,14.8736,0,0,0,14.8736,ok,true,31367254987445,31367254987445,2.219906,,CAMERA-READY/h100/sweep_fixed/cases_zk_32_128/zk_witness_id_point_1_bw128_r24.log
zk_witness_id_point_1,q_point*x*y*y - q_point*x*x*x*x - 5*q_point*x,prime-field-montgomery,element,specialized,p128_mersenne_2^127_minus_1,128,4,0x7fffffffffffffffffffffffffffffff,26,67108864,3,5,3,2,10,whole-run,fixed,triton-sumcheck-prime-field-montgomery-element-layout-specialized-points,143.761,83.280,0.000,0.000000,0.000,83.280,ok,cuda-sumcheck-prime-field-montgomery-element-layout-specialized-points,45.0917,44.5555,0,0,0,44.5555,ok,true,35332055469672,35332055469672,1.869130,,CAMERA-READY/h100/sweep_fixed/cases_zk_32_128/zk_witness_id_point_1_bw128_r26.log
zk_witness_id_point_1,q_point*x*y*y - q_point*x*x*x*x - 5*q_point*x,prime-field-montgomery,element,specialized,p128_mersenne_2^127_minus_1,128,4,0x7fffffffffffffffffffffffffffffff,28,268435456,3,5,3,2,10,whole-run,fixed,triton-sumcheck-prime-field-montgomery-element-layout-specialized-points,343.885,278.002,0.000,0.000000,0.000,278.002,ok,cuda-sumcheck-prime-field-montgomery-element-layout-specialized-points,161.166,164.466,0,0,0,164.466,ok,true,36449267293634,36449267293634,1.690331,,CAMERA-READY/h100/sweep_fixed/cases_zk_32_128/zk_witness_id_point_1_bw128_r28.log
zk_witness_id_point_2,q_point*y*y*y - q_point*y*x*x*x - 5*q_point*y,prime-field-montgomery,element,specialized,p32_2^32_minus_5,32,1,0xfffffffb,14,16384,3,5,3,2,10,whole-run,fixed,triton-sumcheck-prime-field-montgomery-element-layout-specialized-points,35.320,3.682,0.000,0.000000,0.000,3.682,ok,cuda-sumcheck-prime-field-montgomery-element-layout-specialized-points,2.17221,1.92097,0,0,0,1.92097,ok,true,2470311863240,2470311863240,1.916740,,CAMERA-READY/h100/sweep_fixed/cases_zk_32_128/zk_witness_id_point_2_bw32_r14.log
zk_witness_id_point_2,q_point*y*y*y - q_point*y*x*x*x - 5*q_point*y,prime-field-montgomery,element,specialized,p32_2^32_minus_5,32,1,0xfffffffb,16,65536,3,5,3,2,10,whole-run,fixed,triton-sumcheck-prime-field-montgomery-element-layout-specialized-points,36.755,5.129,0.000,0.000000,0.000,5.129,ok,cuda-sumcheck-prime-field-montgomery-element-layout-specialized-points,2.63791,2.36075,0,0,0,2.36075,ok,true,2494264718075,2494264718075,2.172615,,CAMERA-READY/h100/sweep_fixed/cases_zk_32_128/zk_witness_id_point_2_bw32_r16.log
zk_witness_id_point_2,q_point*y*y*y - q_point*y*x*x*x - 5*q_point*y,prime-field-montgomery,element,specialized,p32_2^32_minus_5,32,1,0xfffffffb,18,262144,3,5,3,2,10,whole-run,fixed,triton-sumcheck-prime-field-montgomery-element-layout-specialized-points,37.609,6.293,0.000,0.000000,0.000,6.293,ok,cuda-sumcheck-prime-field-montgomery-element-layout-specialized-points,3.20553,2.87647,0,0,0,2.87647,ok,true,2910125123126,2910125123126,2.187751,,CAMERA-READY/h100/sweep_fixed/cases_zk_32_128/zk_witness_id_point_2_bw32_r18.log
zk_witness_id_point_2,q_point*y*y*y - q_point*y*x*x*x - 5*q_point*y,prime-field-montgomery,element,specialized,p32_2^32_minus_5,32,1,0xfffffffb,20,1048576,3,5,3,2,10,whole-run,fixed,triton-sumcheck-prime-field-montgomery-element-layout-specialized-points,40.417,8.303,0.000,0.000000,0.000,8.303,ok,cuda-sumcheck-prime-field-montgomery-element-layout-specialized-points,3.83275,3.46718,0,0,0,3.46718,ok,true,3109515453980,3109515453980,2.394742,,CAMERA-READY/h100/sweep_fixed/cases_zk_32_128/zk_witness_id_point_2_bw32_r20.log
zk_witness_id_point_2,q_point*y*y*y - q_point*y*x*x*x - 5*q_point*y,prime-field-montgomery,element,specialized,p32_2^32_minus_5,32,1,0xfffffffb,22,4194304,3,5,3,2,10,whole-run,fixed,triton-sumcheck-prime-field-montgomery-element-layout-specialized-points,42.170,10.595,0.000,0.000000,0.000,10.595,ok,cuda-sumcheck-prime-field-montgomery-element-layout-specialized-points,4.7393,4.39116,0,0,0,4.39116,ok,true,3363912579781,3363912579781,2.412802,,CAMERA-READY/h100/sweep_fixed/cases_zk_32_128/zk_witness_id_point_2_bw32_r22.log
zk_witness_id_point_2,q_point*y*y*y - q_point*y*x*x*x - 5*q_point*y,prime-field-montgomery,element,specialized,p32_2^32_minus_5,32,1,0xfffffffb,24,16777216,3,5,3,2,10,whole-run,fixed,triton-sumcheck-prime-field-montgomery-element-layout-specialized-points,47.411,16.885,0.000,0.000000,0.000,16.885,ok,cuda-sumcheck-prime-field-montgomery-element-layout-specialized-points,6.7932,6.4766,0,0,0,6.4766,ok,true,3851959711782,3851959711782,2.607078,,CAMERA-READY/h100/sweep_fixed/cases_zk_32_128/zk_witness_id_point_2_bw32_r24.log
zk_witness_id_point_2,q_point*y*y*y - q_point*y*x*x*x - 5*q_point*y,prime-field-montgomery,element,specialized,p32_2^32_minus_5,32,1,0xfffffffb,26,67108864,3,5,3,2,10,whole-run,fixed,triton-sumcheck-prime-field-montgomery-element-layout-specialized-points,103.249,48.695,0.000,0.000000,0.000,48.695,ok,cuda-sumcheck-prime-field-montgomery-element-layout-specialized-points,12.5516,12.2553,0,0,0,12.2553,ok,true,4325586615376,4325586615376,3.973383,,CAMERA-READY/h100/sweep_fixed/cases_zk_32_128/zk_witness_id_point_2_bw32_r26.log
zk_witness_id_point_2,q_point*y*y*y - q_point*y*x*x*x - 5*q_point*y,prime-field-montgomery,element,specialized,p32_2^32_minus_5,32,1,0xfffffffb,28,268435456,3,5,3,2,10,whole-run,fixed,triton-sumcheck-prime-field-montgomery-element-layout-specialized-points,195.091,141.488,0.000,0.000000,0.000,141.488,ok,cuda-sumcheck-prime-field-montgomery-element-layout-specialized-points,34.0569,34.6896,0,0,0,34.6896,ok,true,4732508534104,4732508534104,4.078686,,CAMERA-READY/h100/sweep_fixed/cases_zk_32_128/zk_witness_id_point_2_bw32_r28.log
zk_witness_id_point_2,q_point*y*y*y - q_point*y*x*x*x - 5*q_point*y,prime-field-montgomery,element,specialized,p64_goldilocks,64,2,0xffffffff00000001,14,16384,3,5,3,2,10,whole-run,fixed,triton-sumcheck-prime-field-montgomery-element-layout-specialized-points,64.530,6.350,0.000,0.000000,0.000,6.350,ok,cuda-sumcheck-prime-field-montgomery-element-layout-specialized-points,2.30639,2.01819,0,0,0,2.01819,ok,true,7281523154464,7281523154464,3.146384,,CAMERA-READY/h100/sweep_fixed/cases_zk_32_128/zk_witness_id_point_2_bw64_r14.log
zk_witness_id_point_2,q_point*y*y*y - q_point*y*x*x*x - 5*q_point*y,prime-field-montgomery,element,specialized,p64_goldilocks,64,2,0xffffffff00000001,16,65536,3,5,3,2,10,whole-run,fixed,triton-sumcheck-prime-field-montgomery-element-layout-specialized-points,66.529,8.477,0.000,0.000000,0.000,8.477,ok,cuda-sumcheck-prime-field-montgomery-element-layout-specialized-points,2.80986,2.46698,0,0,0,2.46698,ok,true,7318791787307,7318791787307,3.436185,,CAMERA-READY/h100/sweep_fixed/cases_zk_32_128/zk_witness_id_point_2_bw64_r16.log
zk_witness_id_point_2,q_point*y*y*y - q_point*y*x*x*x - 5*q_point*y,prime-field-montgomery,element,specialized,p64_goldilocks,64,2,0xffffffff00000001,18,262144,3,5,3,2,10,whole-run,fixed,triton-sumcheck-prime-field-montgomery-element-layout-specialized-points,71.084,11.433,0.000,0.000000,0.000,11.433,ok,cuda-sumcheck-prime-field-montgomery-element-layout-specialized-points,3.3376,2.96855,0,0,0,2.96855,ok,true,9324305661801,9324305661801,3.851375,,CAMERA-READY/h100/sweep_fixed/cases_zk_32_128/zk_witness_id_point_2_bw64_r18.log
zk_witness_id_point_2,q_point*y*y*y - q_point*y*x*x*x - 5*q_point*y,prime-field-montgomery,element,specialized,p64_goldilocks,64,2,0xffffffff00000001,20,1048576,3,5,3,2,10,whole-run,fixed,triton-sumcheck-prime-field-montgomery-element-layout-specialized-points,71.599,14.262,0.000,0.000000,0.000,14.262,ok,cuda-sumcheck-prime-field-montgomery-element-layout-specialized-points,4.03271,3.69927,0,0,0,3.69927,ok,true,9585981798042,9585981798042,3.855355,,CAMERA-READY/h100/sweep_fixed/cases_zk_32_128/zk_witness_id_point_2_bw64_r20.log
zk_witness_id_point_2,q_point*y*y*y - q_point*y*x*x*x - 5*q_point*y,prime-field-montgomery,element,specialized,p64_goldilocks,64,2,0xffffffff00000001,22,4194304,3,5,3,2,10,whole-run,fixed,triton-sumcheck-prime-field-montgomery-element-layout-specialized-points,76.446,17.724,0.000,0.000000,0.000,17.724,ok,cuda-sumcheck-prime-field-montgomery-element-layout-specialized-points,5.57533,5.26836,0,0,0,5.26836,ok,true,10931166736451,10931166736451,3.364235,,CAMERA-READY/h100/sweep_fixed/cases_zk_32_128/zk_witness_id_point_2_bw64_r22.log
zk_witness_id_point_2,q_point*y*y*y - q_point*y*x*x*x - 5*q_point*y,prime-field-montgomery,element,specialized,p64_goldilocks,64,2,0xffffffff00000001,24,16777216,3,5,3,2,10,whole-run,fixed,triton-sumcheck-prime-field-montgomery-element-layout-specialized-points,81.919,25.543,0.000,0.000000,0.000,25.543,ok,cuda-sumcheck-prime-field-montgomery-element-layout-specialized-points,9.23606,8.96243,0,0,0,8.96243,ok,true,11294584566590,11294584566590,2.850008,,CAMERA-READY/h100/sweep_fixed/cases_zk_32_128/zk_witness_id_point_2_bw64_r24.log
zk_witness_id_point_2,q_point*y*y*y - q_point*y*x*x*x - 5*q_point*y,prime-field-montgomery,element,specialized,p64_goldilocks,64,2,0xffffffff00000001,26,67108864,3,5,3,2,10,whole-run,fixed,triton-sumcheck-prime-field-montgomery-element-layout-specialized-points,108.456,53.590,0.000,0.000000,0.000,53.590,ok,cuda-sumcheck-prime-field-montgomery-element-layout-specialized-points,21.9146,21.7366,0,0,0,21.7366,ok,true,12869311158938,12869311158938,2.465427,,CAMERA-READY/h100/sweep_fixed/cases_zk_32_128/zk_witness_id_point_2_bw64_r26.log
zk_witness_id_point_2,q_point*y*y*y - q_point*y*x*x*x - 5*q_point*y,prime-field-montgomery,element,specialized,p64_goldilocks,64,2,0xffffffff00000001,28,268435456,3,5,3,2,10,whole-run,fixed,triton-sumcheck-prime-field-montgomery-element-layout-specialized-points,213.201,159.306,0.000,0.000000,0.000,159.306,ok,cuda-sumcheck-prime-field-montgomery-element-layout-specialized-points,72.4032,74.886,0,0,0,74.886,ok,true,14269556335697,14269556335697,2.127314,,CAMERA-READY/h100/sweep_fixed/cases_zk_32_128/zk_witness_id_point_2_bw64_r28.log
zk_witness_id_point_2,q_point*y*y*y - q_point*y*x*x*x - 5*q_point*y,prime-field-montgomery,element,specialized,p128_mersenne_2^127_minus_1,128,4,0x7fffffffffffffffffffffffffffffff,14,16384,3,5,3,2,10,whole-run,fixed,triton-sumcheck-prime-field-montgomery-element-layout-specialized-points,70.042,6.544,0.000,0.000000,0.000,6.544,ok,cuda-sumcheck-prime-field-montgomery-element-layout-specialized-points,2.63913,2.17443,0,0,0,2.17443,ok,true,19205521511306,19205521511306,3.009524,,CAMERA-READY/h100/sweep_fixed/cases_zk_32_128/zk_witness_id_point_2_bw128_r14.log
zk_witness_id_point_2,q_point*y*y*y - q_point*y*x*x*x - 5*q_point*y,prime-field-montgomery,element,specialized,p128_mersenne_2^127_minus_1,128,4,0x7fffffffffffffffffffffffffffffff,16,65536,3,5,3,2,10,whole-run,fixed,triton-sumcheck-prime-field-montgomery-element-layout-specialized-points,72.024,8.631,0.000,0.000000,0.000,8.631,ok,cuda-sumcheck-prime-field-montgomery-element-layout-specialized-points,3.20435,2.75508,0,0,0,2.75508,ok,true,21995430715284,21995430715284,3.132758,,CAMERA-READY/h100/sweep_fixed/cases_zk_32_128/zk_witness_id_point_2_bw128_r16.log
zk_witness_id_point_2,q_point*y*y*y - q_point*y*x*x*x - 5*q_point*y,prime-field-montgomery,element,specialized,p128_mersenne_2^127_minus_1,128,4,0x7fffffffffffffffffffffffffffffff,18,262144,3,5,3,2,10,whole-run,fixed,triton-sumcheck-prime-field-montgomery-element-layout-specialized-points,74.596,11.218,0.000,0.000000,0.000,11.218,ok,cuda-sumcheck-prime-field-montgomery-element-layout-specialized-points,3.72024,3.27461,0,0,0,3.27461,ok,true,23670602815678,23670602815678,3.425751,,CAMERA-READY/h100/sweep_fixed/cases_zk_32_128/zk_witness_id_point_2_bw128_r18.log
zk_witness_id_point_2,q_point*y*y*y - q_point*y*x*x*x - 5*q_point*y,prime-field-montgomery,element,specialized,p128_mersenne_2^127_minus_1,128,4,0x7fffffffffffffffffffffffffffffff,20,1048576,3,5,3,2,10,whole-run,fixed,triton-sumcheck-prime-field-montgomery-element-layout-specialized-points,78.086,14.726,0.000,0.000000,0.000,14.726,ok,cuda-sumcheck-prime-field-montgomery-element-layout-specialized-points,4.92575,4.49261,0,0,0,4.49261,ok,true,27532783452863,27532783452863,3.277827,,CAMERA-READY/h100/sweep_fixed/cases_zk_32_128/zk_witness_id_point_2_bw128_r20.log
zk_witness_id_point_2,q_point*y*y*y - q_point*y*x*x*x - 5*q_point*y,prime-field-montgomery,element,specialized,p128_mersenne_2^127_minus_1,128,4,0x7fffffffffffffffffffffffffffffff,22,4194304,3,5,3,2,10,whole-run,fixed,triton-sumcheck-prime-field-montgomery-element-layout-specialized-points,81.148,18.730,0.000,0.000000,0.000,18.730,ok,cuda-sumcheck-prime-field-montgomery-element-layout-specialized-points,7.48502,7.04506,0,0,0,7.04506,ok,true,29838181579544,29838181579544,2.658600,,CAMERA-READY/h100/sweep_fixed/cases_zk_32_128/zk_witness_id_point_2_bw128_r22.log
zk_witness_id_point_2,q_point*y*y*y - q_point*y*x*x*x - 5*q_point*y,prime-field-montgomery,element,specialized,p128_mersenne_2^127_minus_1,128,4,0x7fffffffffffffffffffffffffffffff,24,16777216,3,5,3,2,10,whole-run,fixed,triton-sumcheck-prime-field-montgomery-element-layout-specialized-points,93.635,32.228,0.000,0.000000,0.000,32.228,ok,cuda-sumcheck-prime-field-montgomery-element-layout-specialized-points,15.4871,15.026,0,0,0,15.026,ok,true,31726170853377,31726170853377,2.144816,,CAMERA-READY/h100/sweep_fixed/cases_zk_32_128/zk_witness_id_point_2_bw128_r24.log
zk_witness_id_point_2,q_point*y*y*y - q_point*y*x*x*x - 5*q_point*y,prime-field-montgomery,element,specialized,p128_mersenne_2^127_minus_1,128,4,0x7fffffffffffffffffffffffffffffff,26,67108864,3,5,3,2,10,whole-run,fixed,triton-sumcheck-prime-field-montgomery-element-layout-specialized-points,143.981,83.491,0.000,0.000000,0.000,83.491,ok,cuda-sumcheck-prime-field-montgomery-element-layout-specialized-points,44.8271,44.3574,0,0,0,44.3574,ok,true,34027455793136,34027455793136,1.882234,,CAMERA-READY/h100/sweep_fixed/cases_zk_32_128/zk_witness_id_point_2_bw128_r26.log
zk_witness_id_point_2,q_point*y*y*y - q_point*y*x*x*x - 5*q_point*y,prime-field-montgomery,element,specialized,p128_mersenne_2^127_minus_1,128,4,0x7fffffffffffffffffffffffffffffff,28,268435456,3,5,3,2,10,whole-run,fixed,triton-sumcheck-prime-field-montgomery-element-layout-specialized-points,342.181,282.824,0.000,0.000000,0.000,282.824,ok,cuda-sumcheck-prime-field-montgomery-element-layout-specialized-points,160.282,164.762,0,0,0,164.762,ok,true,38940316726987,38940316726987,1.716561,,CAMERA-READY/h100/sweep_fixed/cases_zk_32_128/zk_witness_id_point_2_bw128_r28.log
zk_incomplete_add_1,q_add-incomplete*x_r*x_p*x_p - 2*q_add-incomplete*x_r*x_p*x_q + q_add-incomplete*x_r*x_q*x_q + q_add-incomplete*x_q*x_p*x_p - 2*q_add-incomplete*x_q*x_q*x_p + q_add-incomplete*x_q*x_q*x_q + q_add-incomplete*x_p*x_p*x_p - 2*q_add-incomplete*x_p*x_p*x_q + q_add-incomplete*x_p*x_q*x_q - q_add-incomplete*y_p*y_p + 2*q_add-incomplete*y_p*y_q - q_add-incomplete*y_q*y_q,prime-field-montgomery,element,specialized,p32_2^32_minus_5,32,1,0xfffffffb,14,16384,6,4,12,2,10,whole-run,fixed,triton-sumcheck-prime-field-montgomery-element-layout-specialized-points,36.361,3.127,0.000,0.000000,0.000,3.127,ok,cuda-sumcheck-prime-field-montgomery-element-layout-specialized-points,1.91252,1.62977,0,0,0,1.62977,ok,true,1896994074690,1896994074690,1.918676,,CAMERA-READY/h100/sweep_fixed/cases_zk_32_128/zk_incomplete_add_1_bw32_r14.log
zk_incomplete_add_1,q_add-incomplete*x_r*x_p*x_p - 2*q_add-incomplete*x_r*x_p*x_q + q_add-incomplete*x_r*x_q*x_q + q_add-incomplete*x_q*x_p*x_p - 2*q_add-incomplete*x_q*x_q*x_p + q_add-incomplete*x_q*x_q*x_q + q_add-incomplete*x_p*x_p*x_p - 2*q_add-incomplete*x_p*x_p*x_q + q_add-incomplete*x_p*x_q*x_q - q_add-incomplete*y_p*y_p + 2*q_add-incomplete*y_p*y_q - q_add-incomplete*y_q*y_q,prime-field-montgomery,element,specialized,p32_2^32_minus_5,32,1,0xfffffffb,16,65536,6,4,12,2,10,whole-run,fixed,triton-sumcheck-prime-field-montgomery-element-layout-specialized-points,63.428,7.332,0.000,0.000000,0.000,7.332,ok,cuda-sumcheck-prime-field-montgomery-element-layout-specialized-points,2.31715,2.04093,0,0,0,2.04093,ok,true,2221325793128,2221325793128,3.592480,,CAMERA-READY/h100/sweep_fixed/cases_zk_32_128/zk_incomplete_add_1_bw32_r16.log
zk_incomplete_add_1,q_add-incomplete*x_r*x_p*x_p - 2*q_add-incomplete*x_r*x_p*x_q + q_add-incomplete*x_r*x_q*x_q + q_add-incomplete*x_q*x_p*x_p - 2*q_add-incomplete*x_q*x_q*x_p + q_add-incomplete*x_q*x_q*x_q + q_add-incomplete*x_p*x_p*x_p - 2*q_add-incomplete*x_p*x_p*x_q + q_add-incomplete*x_p*x_q*x_q - q_add-incomplete*y_p*y_p + 2*q_add-incomplete*y_p*y_q - q_add-incomplete*y_q*y_q,prime-field-montgomery,element,specialized,p32_2^32_minus_5,32,1,0xfffffffb,18,262144,6,4,12,2,10,whole-run,fixed,triton-sumcheck-prime-field-montgomery-element-layout-specialized-points,65.169,9.180,0.000,0.000000,0.000,9.180,ok,cuda-sumcheck-prime-field-montgomery-element-layout-specialized-points,2.75967,2.43696,0,0,0,2.43696,ok,true,2476990351030,2476990351030,3.766988,,CAMERA-READY/h100/sweep_fixed/cases_zk_32_128/zk_incomplete_add_1_bw32_r18.log
zk_incomplete_add_1,q_add-incomplete*x_r*x_p*x_p - 2*q_add-incomplete*x_r*x_p*x_q + q_add-incomplete*x_r*x_q*x_q + q_add-incomplete*x_q*x_p*x_p - 2*q_add-incomplete*x_q*x_q*x_p + q_add-incomplete*x_q*x_q*x_q + q_add-incomplete*x_p*x_p*x_p - 2*q_add-incomplete*x_p*x_p*x_q + q_add-incomplete*x_p*x_q*x_q - q_add-incomplete*y_p*y_p + 2*q_add-incomplete*y_p*y_q - q_add-incomplete*y_q*y_q,prime-field-montgomery,element,specialized,p32_2^32_minus_5,32,1,0xfffffffb,20,1048576,6,4,12,2,10,whole-run,fixed,triton-sumcheck-prime-field-montgomery-element-layout-specialized-points,67.377,11.868,0.000,0.000000,0.000,11.868,ok,cuda-sumcheck-prime-field-montgomery-element-layout-specialized-points,3.36185,3.02876,0,0,0,3.02876,ok,true,2813974012564,2813974012564,3.918435,,CAMERA-READY/h100/sweep_fixed/cases_zk_32_128/zk_incomplete_add_1_bw32_r20.log
zk_incomplete_add_1,q_add-incomplete*x_r*x_p*x_p - 2*q_add-incomplete*x_r*x_p*x_q + q_add-incomplete*x_r*x_q*x_q + q_add-incomplete*x_q*x_p*x_p - 2*q_add-incomplete*x_q*x_q*x_p + q_add-incomplete*x_q*x_q*x_q + q_add-incomplete*x_p*x_p*x_p - 2*q_add-incomplete*x_p*x_p*x_q + q_add-incomplete*x_p*x_q*x_q - q_add-incomplete*y_p*y_p + 2*q_add-incomplete*y_p*y_q - q_add-incomplete*y_q*y_q,prime-field-montgomery,element,specialized,p32_2^32_minus_5,32,1,0xfffffffb,22,4194304,6,4,12,2,10,whole-run,fixed,triton-sumcheck-prime-field-montgomery-element-layout-specialized-points,70.626,14.668,0.000,0.000000,0.000,14.668,ok,cuda-sumcheck-prime-field-montgomery-element-layout-specialized-points,4.43938,4.11854,0,0,0,4.11854,ok,true,3059165787704,3059165787704,3.561456,,CAMERA-READY/h100/sweep_fixed/cases_zk_32_128/zk_incomplete_add_1_bw32_r22.log
zk_incomplete_add_1,q_add-incomplete*x_r*x_p*x_p - 2*q_add-incomplete*x_r*x_p*x_q + q_add-incomplete*x_r*x_q*x_q + q_add-incomplete*x_q*x_p*x_p - 2*q_add-incomplete*x_q*x_q*x_p + q_add-incomplete*x_q*x_q*x_q + q_add-incomplete*x_p*x_p*x_p - 2*q_add-incomplete*x_p*x_p*x_q + q_add-incomplete*x_p*x_q*x_q - q_add-incomplete*y_p*y_p + 2*q_add-incomplete*y_p*y_q - q_add-incomplete*y_q*y_q,prime-field-montgomery,element,specialized,p32_2^32_minus_5,32,1,0xfffffffb,24,16777216,6,4,12,2,10,whole-run,fixed,triton-sumcheck-prime-field-montgomery-element-layout-specialized-points,76.814,21.638,0.000,0.000000,0.000,21.638,ok,cuda-sumcheck-prime-field-montgomery-element-layout-specialized-points,7.55332,7.26093,0,0,0,7.26093,ok,true,3221761232391,3221761232391,2.980059,,CAMERA-READY/h100/sweep_fixed/cases_zk_32_128/zk_incomplete_add_1_bw32_r24.log
zk_incomplete_add_1,q_add-incomplete*x_r*x_p*x_p - 2*q_add-incomplete*x_r*x_p*x_q + q_add-incomplete*x_r*x_q*x_q + q_add-incomplete*x_q*x_p*x_p - 2*q_add-incomplete*x_q*x_q*x_p + q_add-incomplete*x_q*x_q*x_q + q_add-incomplete*x_p*x_p*x_p - 2*q_add-incomplete*x_p*x_p*x_q + q_add-incomplete*x_p*x_q*x_q - q_add-incomplete*y_p*y_p + 2*q_add-incomplete*y_p*y_q - q_add-incomplete*y_q*y_q,prime-field-montgomery,element,specialized,p32_2^32_minus_5,32,1,0xfffffffb,26,67108864,6,4,12,2,10,whole-run,fixed,triton-sumcheck-prime-field-montgomery-element-layout-specialized-points,100.903,48.175,0.000,0.000000,0.000,48.175,ok,cuda-sumcheck-prime-field-montgomery-element-layout-specialized-points,18.0218,17.8684,0,0,0,17.8684,ok,true,3290215414590,3290215414590,2.696100,,CAMERA-READY/h100/sweep_fixed/cases_zk_32_128/zk_incomplete_add_1_bw32_r26.log
zk_incomplete_add_1,q_add-incomplete*x_r*x_p*x_p - 2*q_add-incomplete*x_r*x_p*x_q + q_add-incomplete*x_r*x_q*x_q + q_add-incomplete*x_q*x_p*x_p - 2*q_add-incomplete*x_q*x_q*x_p + q_add-incomplete*x_q*x_q*x_q + q_add-incomplete*x_p*x_p*x_p - 2*q_add-incomplete*x_p*x_p*x_q + q_add-incomplete*x_p*x_q*x_q - q_add-incomplete*y_p*y_p + 2*q_add-incomplete*y_p*y_q - q_add-incomplete*y_q*y_q,prime-field-montgomery,element,specialized,p32_2^32_minus_5,32,1,0xfffffffb,28,268435456,6,4,12,2,10,whole-run,fixed,triton-sumcheck-prime-field-montgomery-element-layout-specialized-points,202.513,148.724,0.000,0.000000,0.000,148.724,ok,cuda-sumcheck-prime-field-montgomery-element-layout-specialized-points,58.7766,61.0158,0,0,0,61.0158,ok,true,3778236726095,3778236726095,2.437467,,CAMERA-READY/h100/sweep_fixed/cases_zk_32_128/zk_incomplete_add_1_bw32_r28.log
zk_incomplete_add_1,q_add-incomplete*x_r*x_p*x_p - 2*q_add-incomplete*x_r*x_p*x_q + q_add-incomplete*x_r*x_q*x_q + q_add-incomplete*x_q*x_p*x_p - 2*q_add-incomplete*x_q*x_q*x_p + q_add-incomplete*x_q*x_q*x_q + q_add-incomplete*x_p*x_p*x_p - 2*q_add-incomplete*x_p*x_p*x_q + q_add-incomplete*x_p*x_q*x_q - q_add-incomplete*y_p*y_p + 2*q_add-incomplete*y_p*y_q - q_add-incomplete*y_q*y_q,prime-field-montgomery,element,specialized,p64_goldilocks,64,2,0xffffffff00000001,14,16384,6,4,12,2,10,whole-run,fixed,triton-sumcheck-prime-field-montgomery-element-layout-specialized-points,67.289,5.442,0.000,0.000000,0.000,5.442,ok,cuda-sumcheck-prime-field-montgomery-element-layout-specialized-points,2.18488,1.80827,0,0,0,1.80827,ok,true,5667479436684,5667479436684,3.009506,,CAMERA-READY/h100/sweep_fixed/cases_zk_32_128/zk_incomplete_add_1_bw64_r14.log
zk_incomplete_add_1,q_add-incomplete*x_r*x_p*x_p - 2*q_add-incomplete*x_r*x_p*x_q + q_add-incomplete*x_r*x_q*x_q + q_add-incomplete*x_q*x_p*x_p - 2*q_add-incomplete*x_q*x_q*x_p + q_add-incomplete*x_q*x_q*x_q + q_add-incomplete*x_p*x_p*x_p - 2*q_add-incomplete*x_p*x_p*x_q + q_add-incomplete*x_p*x_q*x_q - q_add-incomplete*y_p*y_p + 2*q_add-incomplete*y_p*y_q - q_add-incomplete*y_q*y_q,prime-field-montgomery,element,specialized,p64_goldilocks,64,2,0xffffffff00000001,16,65536,6,4,12,2,10,whole-run,fixed,triton-sumcheck-prime-field-montgomery-element-layout-specialized-points,68.494,7.200,0.000,0.000000,0.000,7.200,ok,cuda-sumcheck-prime-field-montgomery-element-layout-specialized-points,2.66427,2.27331,0,0,0,2.27331,ok,true,6328425073256,6328425073256,3.167188,,CAMERA-READY/h100/sweep_fixed/cases_zk_32_128/zk_incomplete_add_1_bw64_r16.log
zk_incomplete_add_1,q_add-incomplete*x_r*x_p*x_p - 2*q_add-incomplete*x_r*x_p*x_q + q_add-incomplete*x_r*x_q*x_q + q_add-incomplete*x_q*x_p*x_p - 2*q_add-incomplete*x_q*x_q*x_p + q_add-incomplete*x_q*x_q*x_q + q_add-incomplete*x_p*x_p*x_p - 2*q_add-incomplete*x_p*x_p*x_q + q_add-incomplete*x_p*x_q*x_q - q_add-incomplete*y_p*y_p + 2*q_add-incomplete*y_p*y_q - q_add-incomplete*y_q*y_q,prime-field-montgomery,element,specialized,p64_goldilocks,64,2,0xffffffff00000001,18,262144,6,4,12,2,10,whole-run,fixed,triton-sumcheck-prime-field-montgomery-element-layout-specialized-points,71.586,9.542,0.000,0.000000,0.000,9.542,ok,cuda-sumcheck-prime-field-montgomery-element-layout-specialized-points,3.22038,2.823,0,0,0,2.823,ok,true,8054475079482,8054475079482,3.380092,,CAMERA-READY/h100/sweep_fixed/cases_zk_32_128/zk_incomplete_add_1_bw64_r18.log
zk_incomplete_add_1,q_add-incomplete*x_r*x_p*x_p - 2*q_add-incomplete*x_r*x_p*x_q + q_add-incomplete*x_r*x_q*x_q + q_add-incomplete*x_q*x_p*x_p - 2*q_add-incomplete*x_q*x_q*x_p + q_add-incomplete*x_q*x_q*x_q + q_add-incomplete*x_p*x_p*x_p - 2*q_add-incomplete*x_p*x_p*x_q + q_add-incomplete*x_p*x_q*x_q - q_add-incomplete*y_p*y_p + 2*q_add-incomplete*y_p*y_q - q_add-incomplete*y_q*y_q,prime-field-montgomery,element,specialized,p64_goldilocks,64,2,0xffffffff00000001,20,1048576,6,4,12,2,10,whole-run,fixed,triton-sumcheck-prime-field-montgomery-element-layout-specialized-points,72.430,11.871,0.000,0.000000,0.000,11.871,ok,cuda-sumcheck-prime-field-montgomery-element-layout-specialized-points,4.26556,3.75506,0,0,0,3.75506,ok,true,8438506256349,8438506256349,3.161334,,CAMERA-READY/h100/sweep_fixed/cases_zk_32_128/zk_incomplete_add_1_bw64_r20.log
zk_incomplete_add_1,q_add-incomplete*x_r*x_p*x_p - 2*q_add-incomplete*x_r*x_p*x_q + q_add-incomplete*x_r*x_q*x_q + q_add-incomplete*x_q*x_p*x_p - 2*q_add-incomplete*x_q*x_q*x_p + q_add-incomplete*x_q*x_q*x_q + q_add-incomplete*x_p*x_p*x_p - 2*q_add-incomplete*x_p*x_p*x_q + q_add-incomplete*x_p*x_q*x_q - q_add-incomplete*y_p*y_p + 2*q_add-incomplete*y_p*y_q - q_add-incomplete*y_q*y_q,prime-field-montgomery,element,specialized,p64_goldilocks,64,2,0xffffffff00000001,22,4194304,6,4,12,2,10,whole-run,fixed,triton-sumcheck-prime-field-montgomery-element-layout-specialized-points,76.167,15.376,0.000,0.000000,0.000,15.376,ok,cuda-sumcheck-prime-field-montgomery-element-layout-specialized-points,6.58651,6.22484,0,0,0,6.22484,ok,true,8449328286581,8449328286581,2.470104,,CAMERA-READY/h100/sweep_fixed/cases_zk_32_128/zk_incomplete_add_1_bw64_r22.log
zk_incomplete_add_1,q_add-incomplete*x_r*x_p*x_p - 2*q_add-incomplete*x_r*x_p*x_q + q_add-incomplete*x_r*x_q*x_q + q_add-incomplete*x_q*x_p*x_p - 2*q_add-incomplete*x_q*x_q*x_p + q_add-incomplete*x_q*x_q*x_q + q_add-incomplete*x_p*x_p*x_p - 2*q_add-incomplete*x_p*x_p*x_q + q_add-incomplete*x_p*x_q*x_q - q_add-incomplete*y_p*y_p + 2*q_add-incomplete*y_p*y_q - q_add-incomplete*y_q*y_q,prime-field-montgomery,element,specialized,p64_goldilocks,64,2,0xffffffff00000001,24,16777216,6,4,12,2,10,whole-run,fixed,triton-sumcheck-prime-field-montgomery-element-layout-specialized-points,85.422,26.029,0.000,0.000000,0.000,26.029,ok,cuda-sumcheck-prime-field-montgomery-element-layout-specialized-points,14.7278,14.291,0,0,0,14.291,ok,true,10199697462175,10199697462175,1.821356,,CAMERA-READY/h100/sweep_fixed/cases_zk_32_128/zk_incomplete_add_1_bw64_r24.log
zk_incomplete_add_1,q_add-incomplete*x_r*x_p*x_p - 2*q_add-incomplete*x_r*x_p*x_q + q_add-incomplete*x_r*x_q*x_q + q_add-incomplete*x_q*x_p*x_p - 2*q_add-incomplete*x_q*x_q*x_p + q_add-incomplete*x_q*x_q*x_q + q_add-incomplete*x_p*x_p*x_p - 2*q_add-incomplete*x_p*x_p*x_q + q_add-incomplete*x_p*x_q*x_q - q_add-incomplete*y_p*y_p + 2*q_add-incomplete*y_p*y_q - q_add-incomplete*y_q*y_q,prime-field-montgomery,element,specialized,p64_goldilocks,64,2,0xffffffff00000001,26,67108864,6,4,12,2,10,whole-run,fixed,triton-sumcheck-prime-field-montgomery-element-layout-specialized-points,124.054,66.188,0.000,0.000000,0.000,66.188,ok,cuda-sumcheck-prime-field-montgomery-element-layout-specialized-points,44.8467,45.1271,0,0,0,45.1271,ok,true,10348822210194,10348822210194,1.466702,,CAMERA-READY/h100/sweep_fixed/cases_zk_32_128/zk_incomplete_add_1_bw64_r26.log
zk_incomplete_add_1,q_add-incomplete*x_r*x_p*x_p - 2*q_add-incomplete*x_r*x_p*x_q + q_add-incomplete*x_r*x_q*x_q + q_add-incomplete*x_q*x_p*x_p - 2*q_add-incomplete*x_q*x_q*x_p + q_add-incomplete*x_q*x_q*x_q + q_add-incomplete*x_p*x_p*x_p - 2*q_add-incomplete*x_p*x_p*x_q + q_add-incomplete*x_p*x_q*x_q - q_add-incomplete*y_p*y_p + 2*q_add-incomplete*y_p*y_q - q_add-incomplete*y_q*y_q,prime-field-montgomery,element,specialized,p64_goldilocks,64,2,0xffffffff00000001,28,268435456,6,4,12,2,10,whole-run,fixed,triton-sumcheck-prime-field-montgomery-element-layout-specialized-points,281.602,228.706,0.000,0.000000,0.000,228.706,ok,cuda-sumcheck-prime-field-montgomery-element-layout-specialized-points,167.296,175.881,0,0,0,175.881,ok,true,11353339242479,11353339242479,1.300345,,CAMERA-READY/h100/sweep_fixed/cases_zk_32_128/zk_incomplete_add_1_bw64_r28.log
zk_incomplete_add_1,q_add-incomplete*x_r*x_p*x_p - 2*q_add-incomplete*x_r*x_p*x_q + q_add-incomplete*x_r*x_q*x_q + q_add-incomplete*x_q*x_p*x_p - 2*q_add-incomplete*x_q*x_q*x_p + q_add-incomplete*x_q*x_q*x_q + q_add-incomplete*x_p*x_p*x_p - 2*q_add-incomplete*x_p*x_p*x_q + q_add-incomplete*x_p*x_q*x_q - q_add-incomplete*y_p*y_p + 2*q_add-incomplete*y_p*y_q - q_add-incomplete*y_q*y_q,prime-field-montgomery,element,specialized,p128_mersenne_2^127_minus_1,128,4,0x7fffffffffffffffffffffffffffffff,14,16384,6,4,12,2,10,whole-run,fixed,triton-sumcheck-prime-field-montgomery-element-layout-specialized-points,76.443,5.684,0.000,0.000000,0.000,5.684,ok,cuda-sumcheck-prime-field-montgomery-element-layout-specialized-points,3.6504,2.53256,0,0,0,2.53256,ok,true,8149799997898,8149799997898,2.244369,,CAMERA-READY/h100/sweep_fixed/cases_zk_32_128/zk_incomplete_add_1_bw128_r14.log
zk_incomplete_add_1,q_add-incomplete*x_r*x_p*x_p - 2*q_add-incomplete*x_r*x_p*x_q + q_add-incomplete*x_r*x_q*x_q + q_add-incomplete*x_q*x_p*x_p - 2*q_add-incomplete*x_q*x_q*x_p + q_add-incomplete*x_q*x_q*x_q + q_add-incomplete*x_p*x_p*x_p - 2*q_add-incomplete*x_p*x_p*x_q + q_add-incomplete*x_p*x_q*x_q - q_add-incomplete*y_p*y_p + 2*q_add-incomplete*y_p*y_q - q_add-incomplete*y_q*y_q,prime-field-montgomery,element,specialized,p128_mersenne_2^127_minus_1,128,4,0x7fffffffffffffffffffffffffffffff,16,65536,6,4,12,2,10,whole-run,fixed,triton-sumcheck-prime-field-montgomery-element-layout-specialized-points,78.130,7.721,0.000,0.000000,0.000,7.721,ok,cuda-sumcheck-prime-field-montgomery-element-layout-specialized-points,4.19028,3.03656,0,0,0,3.03656,ok,true,13317398050281,13317398050281,2.542680,,CAMERA-READY/h100/sweep_fixed/cases_zk_32_128/zk_incomplete_add_1_bw128_r16.log
zk_incomplete_add_1,q_add-incomplete*x_r*x_p*x_p - 2*q_add-incomplete*x_r*x_p*x_q + q_add-incomplete*x_r*x_q*x_q + q_add-incomplete*x_q*x_p*x_p - 2*q_add-incomplete*x_q*x_q*x_p + q_add-incomplete*x_q*x_q*x_q + q_add-incomplete*x_p*x_p*x_p - 2*q_add-incomplete*x_p*x_p*x_q + q_add-incomplete*x_p*x_q*x_q - q_add-incomplete*y_p*y_p + 2*q_add-incomplete*y_p*y_q - q_add-incomplete*y_q*y_q,prime-field-montgomery,element,specialized,p128_mersenne_2^127_minus_1,128,4,0x7fffffffffffffffffffffffffffffff,18,262144,6,4,12,2,10,whole-run,fixed,triton-sumcheck-prime-field-montgomery-element-layout-specialized-points,92.026,10.556,0.000,0.000000,0.000,10.556,ok,cuda-sumcheck-prime-field-montgomery-element-layout-specialized-points,5.56758,4.29098,0,0,0,4.29098,ok,true,14674396552608,14674396552608,2.460044,,CAMERA-READY/h100/sweep_fixed/cases_zk_32_128/zk_incomplete_add_1_bw128_r18.log
zk_incomplete_add_1,q_add-incomplete*x_r*x_p*x_p - 2*q_add-incomplete*x_r*x_p*x_q + q_add-incomplete*x_r*x_q*x_q + q_add-incomplete*x_q*x_p*x_p - 2*q_add-incomplete*x_q*x_q*x_p + q_add-incomplete*x_q*x_q*x_q + q_add-incomplete*x_p*x_p*x_p - 2*q_add-incomplete*x_p*x_p*x_q + q_add-incomplete*x_p*x_q*x_q - q_add-incomplete*y_p*y_p + 2*q_add-incomplete*y_p*y_q - q_add-incomplete*y_q*y_q,prime-field-montgomery,element,specialized,p128_mersenne_2^127_minus_1,128,4,0x7fffffffffffffffffffffffffffffff,20,1048576,6,4,12,2,10,whole-run,fixed,triton-sumcheck-prime-field-montgomery-element-layout-specialized-points,98.703,14.118,0.000,0.000000,0.000,14.118,ok,cuda-sumcheck-prime-field-montgomery-element-layout-specialized-points,7.18721,6.09325,0,0,0,6.09325,ok,true,17045383114643,17045383114643,2.316990,,CAMERA-READY/h100/sweep_fixed/cases_zk_32_128/zk_incomplete_add_1_bw128_r20.log
zk_incomplete_add_1,q_add-incomplete*x_r*x_p*x_p - 2*q_add-incomplete*x_r*x_p*x_q + q_add-incomplete*x_r*x_q*x_q + q_add-incomplete*x_q*x_p*x_p - 2*q_add-incomplete*x_q*x_q*x_p + q_add-incomplete*x_q*x_q*x_q + q_add-incomplete*x_p*x_p*x_p - 2*q_add-incomplete*x_p*x_p*x_q + q_add-incomplete*x_p*x_q*x_q - q_add-incomplete*y_p*y_p + 2*q_add-incomplete*y_p*y_q - q_add-incomplete*y_q*y_q,prime-field-montgomery,element,specialized,p128_mersenne_2^127_minus_1,128,4,0x7fffffffffffffffffffffffffffffff,22,4194304,6,4,12,2,10,whole-run,fixed,triton-sumcheck-prime-field-montgomery-element-layout-specialized-points,102.711,21.367,0.000,0.000000,0.000,21.367,ok,cuda-sumcheck-prime-field-montgomery-element-layout-specialized-points,85.8666,12.9172,0,0,0,12.9172,ok,true,18886491033657,18886491033657,1.654151,,CAMERA-READY/h100/sweep_fixed/cases_zk_32_128/zk_incomplete_add_1_bw128_r22.log
zk_incomplete_add_1,q_add-incomplete*x_r*x_p*x_p - 2*q_add-incomplete*x_r*x_p*x_q + q_add-incomplete*x_r*x_q*x_q + q_add-incomplete*x_q*x_p*x_p - 2*q_add-incomplete*x_q*x_q*x_p + q_add-incomplete*x_q*x_q*x_q + q_add-incomplete*x_p*x_p*x_p - 2*q_add-incomplete*x_p*x_p*x_q + q_add-incomplete*x_p*x_q*x_q - q_add-incomplete*y_p*y_p + 2*q_add-incomplete*y_p*y_q - q_add-incomplete*y_q*y_q,prime-field-montgomery,element,specialized,p128_mersenne_2^127_minus_1,128,4,0x7fffffffffffffffffffffffffffffff,24,16777216,6,4,12,2,10,whole-run,fixed,triton-sumcheck-prime-field-montgomery-element-layout-specialized-points,127.352,48.532,0.000,0.000000,0.000,48.532,ok,cuda-sumcheck-prime-field-montgomery-element-layout-specialized-points,38.1811,36.7617,0,0,0,36.7617,ok,true,22050954045640,22050954045640,1.320178,,CAMERA-READY/h100/sweep_fixed/cases_zk_32_128/zk_incomplete_add_1_bw128_r24.log
zk_incomplete_add_1,q_add-incomplete*x_r*x_p*x_p - 2*q_add-incomplete*x_r*x_p*x_q + q_add-incomplete*x_r*x_q*x_q + q_add-incomplete*x_q*x_p*x_p - 2*q_add-incomplete*x_q*x_q*x_p + q_add-incomplete*x_q*x_q*x_q + q_add-incomplete*x_p*x_p*x_p - 2*q_add-incomplete*x_p*x_p*x_q + q_add-incomplete*x_p*x_q*x_q - q_add-incomplete*y_p*y_p + 2*q_add-incomplete*y_p*y_q - q_add-incomplete*y_q*y_q,prime-field-montgomery,element,specialized,p128_mersenne_2^127_minus_1,128,4,0x7fffffffffffffffffffffffffffffff,26,67108864,6,4,12,2,10,whole-run,fixed,triton-sumcheck-prime-field-montgomery-element-layout-specialized-points,218.502,151.869,0.000,0.000000,0.000,151.869,ok,cuda-sumcheck-prime-field-montgomery-element-layout-specialized-points,130.32,129.036,0,0,0,129.036,ok,true,25287288062881,25287288062881,1.176951,,CAMERA-READY/h100/sweep_fixed/cases_zk_32_128/zk_incomplete_add_1_bw128_r26.log
zk_incomplete_add_1,q_add-incomplete*x_r*x_p*x_p - 2*q_add-incomplete*x_r*x_p*x_q + q_add-incomplete*x_r*x_q*x_q + q_add-incomplete*x_q*x_p*x_p - 2*q_add-incomplete*x_q*x_q*x_p + q_add-incomplete*x_q*x_q*x_q + q_add-incomplete*x_p*x_p*x_p - 2*q_add-incomplete*x_p*x_p*x_q + q_add-incomplete*x_p*x_q*x_q - q_add-incomplete*y_p*y_p + 2*q_add-incomplete*y_p*y_q - q_add-incomplete*y_q*y_q,prime-field-montgomery,element,specialized,p128_mersenne_2^127_minus_1,128,4,0x7fffffffffffffffffffffffffffffff,28,268435456,6,4,12,2,10,whole-run,fixed,triton-sumcheck-prime-field-montgomery-element-layout-specialized-points,645.200,562.802,0.000,0.000000,0.000,562.802,ok,cuda-sumcheck-prime-field-montgomery-element-layout-specialized-points,501.106,498.113,0,0,0,498.113,ok,true,28204105143136,28204105143136,1.129868,,CAMERA-READY/h100/sweep_fixed/cases_zk_32_128/zk_incomplete_add_1_bw128_r28.log
zk_incomplete_add_2,q_add-incomplete*y_r*x_p - q_add-incomplete*y_r*x_q + q_add-incomplete*y_q*x_p - q_add-incomplete*y_q*x_q - q_add-incomplete*y_p*x_q + q_add-incomplete*y_p*x_r - q_add-incomplete*y_q*x_r + q_add-incomplete*y_q*x_q,prime-field-montgomery,element,specialized,p32_2^32_minus_5,32,1,0xfffffffb,14,16384,7,3,8,2,10,whole-run,fixed,triton-sumcheck-prime-field-montgomery-element-layout-specialized-points,208.485,4.464,0.000,0.000000,0.000,4.464,ok,cuda-sumcheck-prime-field-montgomery-element-layout-specialized-points,1.54117,1.31016,0,0,0,1.31016,ok,true,1475903705757,1475903705757,3.407217,,CAMERA-READY/h100/sweep_fixed/cases_zk_32_128/zk_incomplete_add_2_bw32_r14.log
zk_incomplete_add_2,q_add-incomplete*y_r*x_p - q_add-incomplete*y_r*x_q + q_add-incomplete*y_q*x_p - q_add-incomplete*y_q*x_q - q_add-incomplete*y_p*x_q + q_add-incomplete*y_p*x_r - q_add-incomplete*y_q*x_r + q_add-incomplete*y_q*x_q,prime-field-montgomery,element,specialized,p32_2^32_minus_5,32,1,0xfffffffb,16,65536,7,3,8,2,10,whole-run,fixed,triton-sumcheck-prime-field-montgomery-element-layout-specialized-points,58.238,5.960,0.000,0.000000,0.000,5.960,ok,cuda-sumcheck-prime-field-montgomery-element-layout-specialized-points,1.86281,1.63049,0,0,0,1.63049,ok,true,1802634547025,1802634547025,3.655343,,CAMERA-READY/h100/sweep_fixed/cases_zk_32_128/zk_incomplete_add_2_bw32_r16.log
zk_incomplete_add_2,q_add-incomplete*y_r*x_p - q_add-incomplete*y_r*x_q + q_add-incomplete*y_q*x_p - q_add-incomplete*y_q*x_q - q_add-incomplete*y_p*x_q + q_add-incomplete*y_p*x_r - q_add-incomplete*y_q*x_r + q_add-incomplete*y_q*x_q,prime-field-montgomery,element,specialized,p32_2^32_minus_5,32,1,0xfffffffb,18,262144,7,3,8,2,10,whole-run,fixed,triton-sumcheck-prime-field-montgomery-element-layout-specialized-points,59.572,7.622,0.000,0.000000,0.000,7.622,ok,cuda-sumcheck-prime-field-montgomery-element-layout-specialized-points,2.21372,1.98001,0,0,0,1.98001,ok,true,2069781033268,2069781033268,3.849476,,CAMERA-READY/h100/sweep_fixed/cases_zk_32_128/zk_incomplete_add_2_bw32_r18.log
zk_incomplete_add_2,q_add-incomplete*y_r*x_p - q_add-incomplete*y_r*x_q + q_add-incomplete*y_q*x_p - q_add-incomplete*y_q*x_q - q_add-incomplete*y_p*x_q + q_add-incomplete*y_p*x_r - q_add-incomplete*y_q*x_r + q_add-incomplete*y_q*x_q,prime-field-montgomery,element,specialized,p32_2^32_minus_5,32,1,0xfffffffb,20,1048576,7,3,8,2,10,whole-run,fixed,triton-sumcheck-prime-field-montgomery-element-layout-specialized-points,61.666,9.715,0.000,0.000000,0.000,9.715,ok,cuda-sumcheck-prime-field-montgomery-element-layout-specialized-points,2.78575,2.40638,0,0,0,2.40638,ok,true,2175579345134,2175579345134,4.037184,,CAMERA-READY/h100/sweep_fixed/cases_zk_32_128/zk_incomplete_add_2_bw32_r20.log
zk_incomplete_add_2,q_add-incomplete*y_r*x_p - q_add-incomplete*y_r*x_q + q_add-incomplete*y_q*x_p - q_add-incomplete*y_q*x_q - q_add-incomplete*y_p*x_q + q_add-incomplete*y_p*x_r - q_add-incomplete*y_q*x_r + q_add-incomplete*y_q*x_q,prime-field-montgomery,element,specialized,p32_2^32_minus_5,32,1,0xfffffffb,22,4194304,7,3,8,2,10,whole-run,fixed,triton-sumcheck-prime-field-montgomery-element-layout-specialized-points,64.370,11.983,0.000,0.000000,0.000,11.983,ok,cuda-sumcheck-prime-field-montgomery-element-layout-specialized-points,3.64502,3.3993,0,0,0,3.3993,ok,true,2699488923664,2699488923664,3.525138,,CAMERA-READY/h100/sweep_fixed/cases_zk_32_128/zk_incomplete_add_2_bw32_r22.log
zk_incomplete_add_2,q_add-incomplete*y_r*x_p - q_add-incomplete*y_r*x_q + q_add-incomplete*y_q*x_p - q_add-incomplete*y_q*x_q - q_add-incomplete*y_p*x_q + q_add-incomplete*y_p*x_r - q_add-incomplete*y_q*x_r + q_add-incomplete*y_q*x_q,prime-field-montgomery,element,specialized,p32_2^32_minus_5,32,1,0xfffffffb,24,16777216,7,3,8,2,10,whole-run,fixed,triton-sumcheck-prime-field-montgomery-element-layout-specialized-points,68.188,17.093,0.000,0.000000,0.000,17.093,ok,cuda-sumcheck-prime-field-montgomery-element-layout-specialized-points,6.05732,5.81011,0,0,0,5.81011,ok,true,2656691004669,2656691004669,2.941941,,CAMERA-READY/h100/sweep_fixed/cases_zk_32_128/zk_incomplete_add_2_bw32_r24.log
zk_incomplete_add_2,q_add-incomplete*y_r*x_p - q_add-incomplete*y_r*x_q + q_add-incomplete*y_q*x_p - q_add-incomplete*y_q*x_q - q_add-incomplete*y_p*x_q + q_add-incomplete*y_p*x_r - q_add-incomplete*y_q*x_r + q_add-incomplete*y_q*x_q,prime-field-montgomery,element,specialized,p32_2^32_minus_5,32,1,0xfffffffb,26,67108864,7,3,8,2,10,whole-run,fixed,triton-sumcheck-prime-field-montgomery-element-layout-specialized-points,86.029,36.062,0.000,0.000000,0.000,36.062,ok,cuda-sumcheck-prime-field-montgomery-element-layout-specialized-points,14.5373,14.2966,0,0,0,14.2966,ok,true,3227232149063,3227232149063,2.522418,,CAMERA-READY/h100/sweep_fixed/cases_zk_32_128/zk_incomplete_add_2_bw32_r26.log
zk_incomplete_add_2,q_add-incomplete*y_r*x_p - q_add-incomplete*y_r*x_q + q_add-incomplete*y_q*x_p - q_add-incomplete*y_q*x_q - q_add-incomplete*y_p*x_q + q_add-incomplete*y_p*x_r - q_add-incomplete*y_q*x_r + q_add-incomplete*y_q*x_q,prime-field-montgomery,element,specialized,p32_2^32_minus_5,32,1,0xfffffffb,28,268435456,7,3,8,2,10,whole-run,fixed,triton-sumcheck-prime-field-montgomery-element-layout-specialized-points,158.190,109.353,0.000,0.000000,0.000,109.353,ok,cuda-sumcheck-prime-field-montgomery-element-layout-specialized-points,47.5256,47.4282,0,0,0,47.4282,ok,true,3226796434433,3226796434433,2.305654,,CAMERA-READY/h100/sweep_fixed/cases_zk_32_128/zk_incomplete_add_2_bw32_r28.log
zk_incomplete_add_2,q_add-incomplete*y_r*x_p - q_add-incomplete*y_r*x_q + q_add-incomplete*y_q*x_p - q_add-incomplete*y_q*x_q - q_add-incomplete*y_p*x_q + q_add-incomplete*y_p*x_r - q_add-incomplete*y_q*x_r + q_add-incomplete*y_q*x_q,prime-field-montgomery,element,specialized,p64_goldilocks,64,2,0xffffffff00000001,14,16384,7,3,8,2,10,whole-run,fixed,triton-sumcheck-prime-field-montgomery-element-layout-specialized-points,347.281,6.670,0.000,0.000000,0.000,6.670,ok,cuda-sumcheck-prime-field-montgomery-element-layout-specialized-points,1.70815,1.4347,0,0,0,1.4347,ok,true,5063240167570,5063240167570,4.649056,,CAMERA-READY/h100/sweep_fixed/cases_zk_32_128/zk_incomplete_add_2_bw64_r14.log
zk_incomplete_add_2,q_add-incomplete*y_r*x_p - q_add-incomplete*y_r*x_q + q_add-incomplete*y_q*x_p - q_add-incomplete*y_q*x_q - q_add-incomplete*y_p*x_q + q_add-incomplete*y_p*x_r - q_add-incomplete*y_q*x_r + q_add-incomplete*y_q*x_q,prime-field-montgomery,element,specialized,p64_goldilocks,64,2,0xffffffff00000001,16,65536,7,3,8,2,10,whole-run,fixed,triton-sumcheck-prime-field-montgomery-element-layout-specialized-points,59.455,5.942,0.000,0.000000,0.000,5.942,ok,cuda-sumcheck-prime-field-montgomery-element-layout-specialized-points,2.01518,1.74622,0,0,0,1.74622,ok,true,5190217277531,5190217277531,3.402779,,CAMERA-READY/h100/sweep_fixed/cases_zk_32_128/zk_incomplete_add_2_bw64_r16.log
zk_incomplete_add_2,q_add-incomplete*y_r*x_p - q_add-incomplete*y_r*x_q + q_add-incomplete*y_q*x_p - q_add-incomplete*y_q*x_q - q_add-incomplete*y_p*x_q + q_add-incomplete*y_p*x_r - q_add-incomplete*y_q*x_r + q_add-incomplete*y_q*x_q,prime-field-montgomery,element,specialized,p64_goldilocks,64,2,0xffffffff00000001,18,262144,7,3,8,2,10,whole-run,fixed,triton-sumcheck-prime-field-montgomery-element-layout-specialized-points,61.537,7.680,0.000,0.000000,0.000,7.680,ok,cuda-sumcheck-prime-field-montgomery-element-layout-specialized-points,2.3554,2.09081,0,0,0,2.09081,ok,true,5548738242723,5548738242723,3.673218,,CAMERA-READY/h100/sweep_fixed/cases_zk_32_128/zk_incomplete_add_2_bw64_r18.log
zk_incomplete_add_2,q_add-incomplete*y_r*x_p - q_add-incomplete*y_r*x_q + q_add-incomplete*y_q*x_p - q_add-incomplete*y_q*x_q - q_add-incomplete*y_p*x_q + q_add-incomplete*y_p*x_r - q_add-incomplete*y_q*x_r + q_add-incomplete*y_q*x_q,prime-field-montgomery,element,specialized,p64_goldilocks,64,2,0xffffffff00000001,20,1048576,7,3,8,2,10,whole-run,fixed,triton-sumcheck-prime-field-montgomery-element-layout-specialized-points,63.626,9.672,0.000,0.000000,0.000,9.672,ok,cuda-sumcheck-prime-field-montgomery-element-layout-specialized-points,2.99522,2.70676,0,0,0,2.70676,ok,true,7058066187523,7058066187523,3.573276,,CAMERA-READY/h100/sweep_fixed/cases_zk_32_128/zk_incomplete_add_2_bw64_r20.log
zk_incomplete_add_2,q_add-incomplete*y_r*x_p - q_add-incomplete*y_r*x_q + q_add-incomplete*y_q*x_p - q_add-incomplete*y_q*x_q - q_add-incomplete*y_p*x_q + q_add-incomplete*y_p*x_r - q_add-incomplete*y_q*x_r + q_add-incomplete*y_q*x_q,prime-field-montgomery,element,specialized,p64_goldilocks,64,2,0xffffffff00000001,22,4194304,7,3,8,2,10,whole-run,fixed,triton-sumcheck-prime-field-montgomery-element-layout-specialized-points,66.475,12.392,0.000,0.000000,0.000,12.392,ok,cuda-sumcheck-prime-field-montgomery-element-layout-specialized-points,4.56595,4.39278,0,0,0,4.39278,ok,true,7402501928497,7402501928497,2.820993,,CAMERA-READY/h100/sweep_fixed/cases_zk_32_128/zk_incomplete_add_2_bw64_r22.log
zk_incomplete_add_2,q_add-incomplete*y_r*x_p - q_add-incomplete*y_r*x_q + q_add-incomplete*y_q*x_p - q_add-incomplete*y_q*x_q - q_add-incomplete*y_p*x_q + q_add-incomplete*y_p*x_r - q_add-incomplete*y_q*x_r + q_add-incomplete*y_q*x_q,prime-field-montgomery,element,specialized,p64_goldilocks,64,2,0xffffffff00000001,24,16777216,7,3,8,2,10,whole-run,fixed,triton-sumcheck-prime-field-montgomery-element-layout-specialized-points,72.290,19.099,0.000,0.000000,0.000,19.099,ok,cuda-sumcheck-prime-field-montgomery-element-layout-specialized-points,9.32779,9.13168,0,0,0,9.13168,ok,true,8484710180167,8484710180167,2.091510,,CAMERA-READY/h100/sweep_fixed/cases_zk_32_128/zk_incomplete_add_2_bw64_r24.log
zk_incomplete_add_2,q_add-incomplete*y_r*x_p - q_add-incomplete*y_r*x_q + q_add-incomplete*y_q*x_p - q_add-incomplete*y_q*x_q - q_add-incomplete*y_p*x_q + q_add-incomplete*y_p*x_r - q_add-incomplete*y_q*x_r + q_add-incomplete*y_q*x_q,prime-field-montgomery,element,specialized,p64_goldilocks,64,2,0xffffffff00000001,26,67108864,7,3,8,2,10,whole-run,fixed,triton-sumcheck-prime-field-montgomery-element-layout-specialized-points,95.695,43.936,0.000,0.000000,0.000,43.936,ok,cuda-sumcheck-prime-field-montgomery-element-layout-specialized-points,26.5783,26.7188,0,0,0,26.7188,ok,true,8717039409754,8717039409754,1.644385,,CAMERA-READY/h100/sweep_fixed/cases_zk_32_128/zk_incomplete_add_2_bw64_r26.log
zk_incomplete_add_2,q_add-incomplete*y_r*x_p - q_add-incomplete*y_r*x_q + q_add-incomplete*y_q*x_p - q_add-incomplete*y_q*x_q - q_add-incomplete*y_p*x_q + q_add-incomplete*y_p*x_r - q_add-incomplete*y_q*x_r + q_add-incomplete*y_q*x_q,prime-field-montgomery,element,specialized,p64_goldilocks,64,2,0xffffffff00000001,28,268435456,7,3,8,2,10,whole-run,fixed,triton-sumcheck-prime-field-montgomery-element-layout-specialized-points,191.793,147.164,0.000,0.000000,0.000,147.164,ok,cuda-sumcheck-prime-field-montgomery-element-layout-specialized-points,95.2893,98.8108,0,0,0,98.8108,ok,true,9223533275619,9223533275619,1.489351,,CAMERA-READY/h100/sweep_fixed/cases_zk_32_128/zk_incomplete_add_2_bw64_r28.log
zk_incomplete_add_2,q_add-incomplete*y_r*x_p - q_add-incomplete*y_r*x_q + q_add-incomplete*y_q*x_p - q_add-incomplete*y_q*x_q - q_add-incomplete*y_p*x_q + q_add-incomplete*y_p*x_r - q_add-incomplete*y_q*x_r + q_add-incomplete*y_q*x_q,prime-field-montgomery,element,specialized,p128_mersenne_2^127_minus_1,128,4,0x7fffffffffffffffffffffffffffffff,14,16384,7,3,8,2,10,whole-run,fixed,triton-sumcheck-prime-field-montgomery-element-layout-specialized-points,593.313,4.524,0.000,0.000000,0.000,4.524,ok,cuda-sumcheck-prime-field-montgomery-element-layout-specialized-points,1.99014,1.51279,0,0,0,1.51279,ok,true,20345484478540,20345484478540,2.990501,,CAMERA-READY/h100/sweep_fixed/cases_zk_32_128/zk_incomplete_add_2_bw128_r14.log
zk_incomplete_add_2,q_add-incomplete*y_r*x_p - q_add-incomplete*y_r*x_q + q_add-incomplete*y_q*x_p - q_add-incomplete*y_q*x_q - q_add-incomplete*y_p*x_q + q_add-incomplete*y_p*x_r - q_add-incomplete*y_q*x_r + q_add-incomplete*y_q*x_q,prime-field-montgomery,element,specialized,p128_mersenne_2^127_minus_1,128,4,0x7fffffffffffffffffffffffffffffff,16,65536,7,3,8,2,10,whole-run,fixed,triton-sumcheck-prime-field-montgomery-element-layout-specialized-points,64.534,5.895,0.000,0.000000,0.000,5.895,ok,cuda-sumcheck-prime-field-montgomery-element-layout-specialized-points,2.34951,1.89787,0,0,0,1.89787,ok,true,22021799201571,22021799201571,3.106114,,CAMERA-READY/h100/sweep_fixed/cases_zk_32_128/zk_incomplete_add_2_bw128_r16.log
zk_incomplete_add_2,q_add-incomplete*y_r*x_p - q_add-incomplete*y_r*x_q + q_add-incomplete*y_q*x_p - q_add-incomplete*y_q*x_q - q_add-incomplete*y_p*x_q + q_add-incomplete*y_p*x_r - q_add-incomplete*y_q*x_r + q_add-incomplete*y_q*x_q,prime-field-montgomery,element,specialized,p128_mersenne_2^127_minus_1,128,4,0x7fffffffffffffffffffffffffffffff,18,262144,7,3,8,2,10,whole-run,fixed,triton-sumcheck-prime-field-montgomery-element-layout-specialized-points,67.458,7.741,0.000,0.000000,0.000,7.741,ok,cuda-sumcheck-prime-field-montgomery-element-layout-specialized-points,2.90873,2.40943,0,0,0,2.40943,ok,true,23731428474546,23731428474546,3.212793,,CAMERA-READY/h100/sweep_fixed/cases_zk_32_128/zk_incomplete_add_2_bw128_r18.log
zk_incomplete_add_2,q_add-incomplete*y_r*x_p - q_add-incomplete*y_r*x_q + q_add-incomplete*y_q*x_p - q_add-incomplete*y_q*x_q - q_add-incomplete*y_p*x_q + q_add-incomplete*y_p*x_r - q_add-incomplete*y_q*x_r + q_add-incomplete*y_q*x_q,prime-field-montgomery,element,specialized,p128_mersenne_2^127_minus_1,128,4,0x7fffffffffffffffffffffffffffffff,20,1048576,7,3,8,2,10,whole-run,fixed,triton-sumcheck-prime-field-montgomery-element-layout-specialized-points,69.395,9.682,0.000,0.000000,0.000,9.682,ok,cuda-sumcheck-prime-field-montgomery-element-layout-specialized-points,3.89271,3.46256,0,0,0,3.46256,ok,true,24714018976478,24714018976478,2.796197,,CAMERA-READY/h100/sweep_fixed/cases_zk_32_128/zk_incomplete_add_2_bw128_r20.log
zk_incomplete_add_2,q_add-incomplete*y_r*x_p - q_add-incomplete*y_r*x_q + q_add-incomplete*y_q*x_p - q_add-incomplete*y_q*x_q - q_add-incomplete*y_p*x_q + q_add-incomplete*y_p*x_r - q_add-incomplete*y_q*x_r + q_add-incomplete*y_q*x_q,prime-field-montgomery,element,specialized,p128_mersenne_2^127_minus_1,128,4,0x7fffffffffffffffffffffffffffffff,22,4194304,7,3,8,2,10,whole-run,fixed,triton-sumcheck-prime-field-montgomery-element-layout-specialized-points,73.376,13.484,0.000,0.000000,0.000,13.484,ok,cuda-sumcheck-prime-field-montgomery-element-layout-specialized-points,6.96051,6.51619,0,0,0,6.51619,ok,true,25599534664041,25599534664041,2.069307,,CAMERA-READY/h100/sweep_fixed/cases_zk_32_128/zk_incomplete_add_2_bw128_r22.log
zk_incomplete_add_2,q_add-incomplete*y_r*x_p - q_add-incomplete*y_r*x_q + q_add-incomplete*y_q*x_p - q_add-incomplete*y_q*x_q - q_add-incomplete*y_p*x_q + q_add-incomplete*y_p*x_r - q_add-incomplete*y_q*x_r + q_add-incomplete*y_q*x_q,prime-field-montgomery,element,specialized,p128_mersenne_2^127_minus_1,128,4,0x7fffffffffffffffffffffffffffffff,24,16777216,7,3,8,2,10,whole-run,fixed,triton-sumcheck-prime-field-montgomery-element-layout-specialized-points,84.438,27.529,0.000,0.000000,0.000,27.529,ok,cuda-sumcheck-prime-field-montgomery-element-layout-specialized-points,17.5476,17.0434,0,0,0,17.0434,ok,true,26776702859257,26776702859257,1.615229,,CAMERA-READY/h100/sweep_fixed/cases_zk_32_128/zk_incomplete_add_2_bw128_r24.log
zk_incomplete_add_2,q_add-incomplete*y_r*x_p - q_add-incomplete*y_r*x_q + q_add-incomplete*y_q*x_p - q_add-incomplete*y_q*x_q - q_add-incomplete*y_p*x_q + q_add-incomplete*y_p*x_r - q_add-incomplete*y_q*x_r + q_add-incomplete*y_q*x_q,prime-field-montgomery,element,specialized,p128_mersenne_2^127_minus_1,128,4,0x7fffffffffffffffffffffffffffffff,26,67108864,7,3,8,2,10,whole-run,fixed,triton-sumcheck-prime-field-montgomery-element-layout-specialized-points,135.647,79.869,0.000,0.000000,0.000,79.869,ok,cuda-sumcheck-prime-field-montgomery-element-layout-specialized-points,57.4493,56.9675,0,0,0,56.9675,ok,true,29651709585758,29651709585758,1.402010,,CAMERA-READY/h100/sweep_fixed/cases_zk_32_128/zk_incomplete_add_2_bw128_r26.log
zk_incomplete_add_2,q_add-incomplete*y_r*x_p - q_add-incomplete*y_r*x_q + q_add-incomplete*y_q*x_p - q_add-incomplete*y_q*x_q - q_add-incomplete*y_p*x_q + q_add-incomplete*y_p*x_r - q_add-incomplete*y_q*x_r + q_add-incomplete*y_q*x_q,prime-field-montgomery,element,specialized,,128,,,28,268435456,7,3,8,2,10,whole-run,fixed,,,,,,,,skipped,,,,,,,,skipped,skipped,,,,returncode=1,CAMERA-READY/h100/sweep_fixed/cases_zk_32_128/zk_incomplete_add_2_bw128_r28.log
zk_complete_add_1,q_add*x_q*x_q*lambda - 2*q_add*x_q*x_p*lambda + q_add*x_p*x_p*lambda - q_add*x_q*y_q + q_add*x_q*y_p + q_add*x_p*y_q - q_add*x_p*y_p,prime-field-montgomery,element,specialized,p32_2^32_minus_5,32,1,0xfffffffb,14,16384,6,4,7,2,10,whole-run,fixed,triton-sumcheck-prime-field-montgomery-element-layout-specialized-points,60.206,5.318,0.000,0.000000,0.000,5.318,ok,cuda-sumcheck-prime-field-montgomery-element-layout-specialized-points,1.86933,1.60866,0,0,0,1.60866,ok,true,1821460795193,1821460795193,3.305857,,CAMERA-READY/h100/sweep_fixed/cases_zk_32_128/zk_complete_add_1_bw32_r14.log
zk_complete_add_1,q_add*x_q*x_q*lambda - 2*q_add*x_q*x_p*lambda + q_add*x_p*x_p*lambda - q_add*x_q*y_q + q_add*x_q*y_p + q_add*x_p*y_q - q_add*x_p*y_p,prime-field-montgomery,element,specialized,p32_2^32_minus_5,32,1,0xfffffffb,16,65536,6,4,7,2,10,whole-run,fixed,triton-sumcheck-prime-field-montgomery-element-layout-specialized-points,61.587,7.010,0.000,0.000000,0.000,7.010,ok,cuda-sumcheck-prime-field-montgomery-element-layout-specialized-points,2.25454,1.99913,0,0,0,1.99913,ok,true,2282449042640,2282449042640,3.506525,,CAMERA-READY/h100/sweep_fixed/cases_zk_32_128/zk_complete_add_1_bw32_r16.log
zk_complete_add_1,q_add*x_q*x_q*lambda - 2*q_add*x_q*x_p*lambda + q_add*x_p*x_p*lambda - q_add*x_q*y_q + q_add*x_q*y_p + q_add*x_p*y_q - q_add*x_p*y_p,prime-field-montgomery,element,specialized,p32_2^32_minus_5,32,1,0xfffffffb,18,262144,6,4,7,2,10,whole-run,fixed,triton-sumcheck-prime-field-montgomery-element-layout-specialized-points,113.400,9.352,0.000,0.000000,0.000,9.352,ok,cuda-sumcheck-prime-field-montgomery-element-layout-specialized-points,2.76452,2.42531,0,0,0,2.42531,ok,true,2777791206502,2777791206502,3.856002,,CAMERA-READY/h100/sweep_fixed/cases_zk_32_128/zk_complete_add_1_bw32_r18.log
zk_complete_add_1,q_add*x_q*x_q*lambda - 2*q_add*x_q*x_p*lambda + q_add*x_p*x_p*lambda - q_add*x_q*y_q + q_add*x_q*y_p + q_add*x_p*y_q - q_add*x_p*y_p,prime-field-montgomery,element,specialized,p32_2^32_minus_5,32,1,0xfffffffb,20,1048576,6,4,7,2,10,whole-run,fixed,triton-sumcheck-prime-field-montgomery-element-layout-specialized-points,66.797,11.983,0.000,0.000000,0.000,11.983,ok,cuda-sumcheck-prime-field-montgomery-element-layout-specialized-points,3.23944,2.91878,0,0,0,2.91878,ok,true,2485472501538,2485472501538,4.105482,,CAMERA-READY/h100/sweep_fixed/cases_zk_32_128/zk_complete_add_1_bw32_r20.log
zk_complete_add_1,q_add*x_q*x_q*lambda - 2*q_add*x_q*x_p*lambda + q_add*x_p*x_p*lambda - q_add*x_q*y_q + q_add*x_q*y_p + q_add*x_p*y_q - q_add*x_p*y_p,prime-field-montgomery,element,specialized,p32_2^32_minus_5,32,1,0xfffffffb,22,4194304,6,4,7,2,10,whole-run,fixed,triton-sumcheck-prime-field-montgomery-element-layout-specialized-points,70.197,14.679,0.000,0.000000,0.000,14.679,ok,cuda-sumcheck-prime-field-montgomery-element-layout-specialized-points,4.25809,3.97185,0,0,0,3.97185,ok,true,3234688708615,3234688708615,3.695759,,CAMERA-READY/h100/sweep_fixed/cases_zk_32_128/zk_complete_add_1_bw32_r22.log
zk_complete_add_1,q_add*x_q*x_q*lambda - 2*q_add*x_q*x_p*lambda + q_add*x_p*x_p*lambda - q_add*x_q*y_q + q_add*x_q*y_p + q_add*x_p*y_q - q_add*x_p*y_p,prime-field-montgomery,element,specialized,p32_2^32_minus_5,32,1,0xfffffffb,24,16777216,6,4,7,2,10,whole-run,fixed,triton-sumcheck-prime-field-montgomery-element-layout-specialized-points,74.403,21.456,0.000,0.000000,0.000,21.456,ok,cuda-sumcheck-prime-field-montgomery-element-layout-specialized-points,6.79467,6.48849,0,0,0,6.48849,ok,true,3265539512898,3265539512898,3.306779,,CAMERA-READY/h100/sweep_fixed/cases_zk_32_128/zk_complete_add_1_bw32_r24.log
zk_complete_add_1,q_add*x_q*x_q*lambda - 2*q_add*x_q*x_p*lambda + q_add*x_p*x_p*lambda - q_add*x_q*y_q + q_add*x_q*y_p + q_add*x_p*y_q - q_add*x_p*y_p,prime-field-montgomery,element,specialized,p32_2^32_minus_5,32,1,0xfffffffb,26,67108864,6,4,7,2,10,whole-run,fixed,triton-sumcheck-prime-field-montgomery-element-layout-specialized-points,96.546,44.531,0.000,0.000000,0.000,44.531,ok,cuda-sumcheck-prime-field-montgomery-element-layout-specialized-points,15.5924,15.3048,0,0,0,15.3048,ok,true,3690453319293,3690453319293,2.909610,,CAMERA-READY/h100/sweep_fixed/cases_zk_32_128/zk_complete_add_1_bw32_r26.log
zk_complete_add_1,q_add*x_q*x_q*lambda - 2*q_add*x_q*x_p*lambda + q_add*x_p*x_p*lambda - q_add*x_q*y_q + q_add*x_q*y_p + q_add*x_p*y_q - q_add*x_p*y_p,prime-field-montgomery,element,specialized,p32_2^32_minus_5,32,1,0xfffffffb,28,268435456,6,4,7,2,10,whole-run,fixed,triton-sumcheck-prime-field-montgomery-element-layout-specialized-points,185.893,134.396,0.000,0.000000,0.000,134.396,ok,cuda-sumcheck-prime-field-montgomery-element-layout-specialized-points,48.9994,49.1059,0,0,0,49.1059,ok,true,4009268392064,4009268392064,2.736861,,CAMERA-READY/h100/sweep_fixed/cases_zk_32_128/zk_complete_add_1_bw32_r28.log
zk_complete_add_1,q_add*x_q*x_q*lambda - 2*q_add*x_q*x_p*lambda + q_add*x_p*x_p*lambda - q_add*x_q*y_q + q_add*x_q*y_p + q_add*x_p*y_q - q_add*x_p*y_p,prime-field-montgomery,element,specialized,p64_goldilocks,64,2,0xffffffff00000001,14,16384,6,4,7,2,10,whole-run,fixed,triton-sumcheck-prime-field-montgomery-element-layout-specialized-points,62.411,5.402,0.000,0.000000,0.000,5.402,ok,cuda-sumcheck-prime-field-montgomery-element-layout-specialized-points,2.07751,1.75392,0,0,0,1.75392,ok,true,5924044064627,5924044064627,3.079958,,CAMERA-READY/h100/sweep_fixed/cases_zk_32_128/zk_complete_add_1_bw64_r14.log
zk_complete_add_1,q_add*x_q*x_q*lambda - 2*q_add*x_q*x_p*lambda + q_add*x_p*x_p*lambda - q_add*x_q*y_q + q_add*x_q*y_p + q_add*x_p*y_q - q_add*x_p*y_p,prime-field-montgomery,element,specialized,p64_goldilocks,64,2,0xffffffff00000001,16,65536,6,4,7,2,10,whole-run,fixed,triton-sumcheck-prime-field-montgomery-element-layout-specialized-points,65.751,7.276,0.000,0.000000,0.000,7.276,ok,cuda-sumcheck-prime-field-montgomery-element-layout-specialized-points,2.49525,2.13131,0,0,0,2.13131,ok,true,6617720230602,6617720230602,3.413863,,CAMERA-READY/h100/sweep_fixed/cases_zk_32_128/zk_complete_add_1_bw64_r16.log
zk_complete_add_1,q_add*x_q*x_q*lambda - 2*q_add*x_q*x_p*lambda + q_add*x_p*x_p*lambda - q_add*x_q*y_q + q_add*x_q*y_p + q_add*x_p*y_q - q_add*x_p*y_p,prime-field-montgomery,element,specialized,p64_goldilocks,64,2,0xffffffff00000001,18,262144,6,4,7,2,10,whole-run,fixed,triton-sumcheck-prime-field-montgomery-element-layout-specialized-points,66.879,9.411,0.000,0.000000,0.000,9.411,ok,cuda-sumcheck-prime-field-montgomery-element-layout-specialized-points,2.95905,2.6533,0,0,0,2.6533,ok,true,7872813306969,7872813306969,3.546904,,CAMERA-READY/h100/sweep_fixed/cases_zk_32_128/zk_complete_add_1_bw64_r18.log
zk_complete_add_1,q_add*x_q*x_q*lambda - 2*q_add*x_q*x_p*lambda + q_add*x_p*x_p*lambda - q_add*x_q*y_q + q_add*x_q*y_p + q_add*x_p*y_q - q_add*x_p*y_p,prime-field-montgomery,element,specialized,p64_goldilocks,64,2,0xffffffff00000001,20,1048576,6,4,7,2,10,whole-run,fixed,triton-sumcheck-prime-field-montgomery-element-layout-specialized-points,68.718,11.908,0.000,0.000000,0.000,11.908,ok,cuda-sumcheck-prime-field-montgomery-element-layout-specialized-points,3.65527,3.36574,0,0,0,3.36574,ok,true,8564660564720,8564660564720,3.538004,,CAMERA-READY/h100/sweep_fixed/cases_zk_32_128/zk_complete_add_1_bw64_r20.log
zk_complete_add_1,q_add*x_q*x_q*lambda - 2*q_add*x_q*x_p*lambda + q_add*x_p*x_p*lambda - q_add*x_q*y_q + q_add*x_q*y_p + q_add*x_p*y_q - q_add*x_p*y_p,prime-field-montgomery,element,specialized,p64_goldilocks,64,2,0xffffffff00000001,22,4194304,6,4,7,2,10,whole-run,fixed,triton-sumcheck-prime-field-montgomery-element-layout-specialized-points,72.503,15.096,0.000,0.000000,0.000,15.096,ok,cuda-sumcheck-prime-field-montgomery-element-layout-specialized-points,5.37351,5.12948,0,0,0,5.12948,ok,true,8960185335829,8960185335829,2.942988,,CAMERA-READY/h100/sweep_fixed/cases_zk_32_128/zk_complete_add_1_bw64_r22.log
zk_complete_add_1,q_add*x_q*x_q*lambda - 2*q_add*x_q*x_p*lambda + q_add*x_p*x_p*lambda - q_add*x_q*y_q + q_add*x_q*y_p + q_add*x_p*y_q - q_add*x_p*y_p,prime-field-montgomery,element,specialized,p64_goldilocks,64,2,0xffffffff00000001,24,16777216,6,4,7,2,10,whole-run,fixed,triton-sumcheck-prime-field-montgomery-element-layout-specialized-points,78.783,23.441,0.000,0.000000,0.000,23.441,ok,cuda-sumcheck-prime-field-montgomery-element-layout-specialized-points,10.8302,10.5811,0,0,0,10.5811,ok,true,9914299387018,9914299387018,2.215365,,CAMERA-READY/h100/sweep_fixed/cases_zk_32_128/zk_complete_add_1_bw64_r24.log
zk_complete_add_1,q_add*x_q*x_q*lambda - 2*q_add*x_q*x_p*lambda + q_add*x_p*x_p*lambda - q_add*x_q*y_q + q_add*x_q*y_p + q_add*x_p*y_q - q_add*x_p*y_p,prime-field-montgomery,element,specialized,p64_goldilocks,64,2,0xffffffff00000001,26,67108864,6,4,7,2,10,whole-run,fixed,triton-sumcheck-prime-field-montgomery-element-layout-specialized-points,108.671,54.807,0.000,0.000000,0.000,54.807,ok,cuda-sumcheck-prime-field-montgomery-element-layout-specialized-points,29.7913,30.6828,0,0,0,30.6828,ok,true,11013420608203,11013420608203,1.786245,,CAMERA-READY/h100/sweep_fixed/cases_zk_32_128/zk_complete_add_1_bw64_r26.log
zk_complete_add_1,q_add*x_q*x_q*lambda - 2*q_add*x_q*x_p*lambda + q_add*x_p*x_p*lambda - q_add*x_q*y_q + q_add*x_q*y_p + q_add*x_p*y_q - q_add*x_p*y_p,prime-field-montgomery,element,specialized,p64_goldilocks,64,2,0xffffffff00000001,28,268435456,6,4,7,2,10,whole-run,fixed,triton-sumcheck-prime-field-montgomery-element-layout-specialized-points,229.938,180.808,0.000,0.000000,0.000,180.808,ok,cuda-sumcheck-prime-field-montgomery-element-layout-specialized-points,109.236,117.669,0,0,0,117.669,ok,true,11430301870533,11430301870533,1.536581,,CAMERA-READY/h100/sweep_fixed/cases_zk_32_128/zk_complete_add_1_bw64_r28.log
zk_complete_add_1,q_add*x_q*x_q*lambda - 2*q_add*x_q*x_p*lambda + q_add*x_p*x_p*lambda - q_add*x_q*y_q + q_add*x_q*y_p + q_add*x_p*y_q - q_add*x_p*y_p,prime-field-montgomery,element,specialized,p128_mersenne_2^127_minus_1,128,4,0x7fffffffffffffffffffffffffffffff,14,16384,6,4,7,2,10,whole-run,fixed,triton-sumcheck-prime-field-montgomery-element-layout-specialized-points,70.307,5.441,0.000,0.000000,0.000,5.441,ok,cuda-sumcheck-prime-field-montgomery-element-layout-specialized-points,2.48762,1.89598,0,0,0,1.89598,ok,true,8894711486778,8894711486778,2.869756,,CAMERA-READY/h100/sweep_fixed/cases_zk_32_128/zk_complete_add_1_bw128_r14.log
zk_complete_add_1,q_add*x_q*x_q*lambda - 2*q_add*x_q*x_p*lambda + q_add*x_p*x_p*lambda - q_add*x_q*y_q + q_add*x_q*y_p + q_add*x_p*y_q - q_add*x_p*y_p,prime-field-montgomery,element,specialized,p128_mersenne_2^127_minus_1,128,4,0x7fffffffffffffffffffffffffffffff,16,65536,6,4,7,2,10,whole-run,fixed,triton-sumcheck-prime-field-montgomery-element-layout-specialized-points,72.596,7.419,0.000,0.000000,0.000,7.419,ok,cuda-sumcheck-prime-field-montgomery-element-layout-specialized-points,2.95772,2.35305,0,0,0,2.35305,ok,true,12975113614424,12975113614424,3.152929,,CAMERA-READY/h100/sweep_fixed/cases_zk_32_128/zk_complete_add_1_bw128_r16.log
zk_complete_add_1,q_add*x_q*x_q*lambda - 2*q_add*x_q*x_p*lambda + q_add*x_p*x_p*lambda - q_add*x_q*y_q + q_add*x_q*y_p + q_add*x_p*y_q - q_add*x_p*y_p,prime-field-montgomery,element,specialized,p128_mersenne_2^127_minus_1,128,4,0x7fffffffffffffffffffffffffffffff,18,262144,6,4,7,2,10,whole-run,fixed,triton-sumcheck-prime-field-montgomery-element-layout-specialized-points,74.464,9.675,0.000,0.000000,0.000,9.675,ok,cuda-sumcheck-prime-field-montgomery-element-layout-specialized-points,3.56343,2.99234,0,0,0,2.99234,ok,true,14896595497147,14896595497147,3.233256,,CAMERA-READY/h100/sweep_fixed/cases_zk_32_128/zk_complete_add_1_bw128_r18.log
zk_complete_add_1,q_add*x_q*x_q*lambda - 2*q_add*x_q*x_p*lambda + q_add*x_p*x_p*lambda - q_add*x_q*y_q + q_add*x_q*y_p + q_add*x_p*y_q - q_add*x_p*y_p,prime-field-montgomery,element,specialized,p128_mersenne_2^127_minus_1,128,4,0x7fffffffffffffffffffffffffffffff,20,1048576,6,4,7,2,10,whole-run,fixed,triton-sumcheck-prime-field-montgomery-element-layout-specialized-points,77.921,12.148,0.000,0.000000,0.000,12.148,ok,cuda-sumcheck-prime-field-montgomery-element-layout-specialized-points,4.94224,4.35858,0,0,0,4.35858,ok,true,16860889858930,16860889858930,2.787146,,CAMERA-READY/h100/sweep_fixed/cases_zk_32_128/zk_complete_add_1_bw128_r20.log
zk_complete_add_1,q_add*x_q*x_q*lambda - 2*q_add*x_q*x_p*lambda + q_add*x_p*x_p*lambda - q_add*x_q*y_q + q_add*x_q*y_p + q_add*x_p*y_q - q_add*x_p*y_p,prime-field-montgomery,element,specialized,p128_mersenne_2^127_minus_1,128,4,0x7fffffffffffffffffffffffffffffff,22,4194304,6,4,7,2,10,whole-run,fixed,triton-sumcheck-prime-field-montgomery-element-layout-specialized-points,81.214,17.335,0.000,0.000000,0.000,17.335,ok,cuda-sumcheck-prime-field-montgomery-element-layout-specialized-points,8.56413,7.96303,0,0,0,7.96303,ok,true,18806281986154,18806281986154,2.176935,,CAMERA-READY/h100/sweep_fixed/cases_zk_32_128/zk_complete_add_1_bw128_r22.log
zk_complete_add_1,q_add*x_q*x_q*lambda - 2*q_add*x_q*x_p*lambda + q_add*x_p*x_p*lambda - q_add*x_q*y_q + q_add*x_q*y_p + q_add*x_p*y_q - q_add*x_p*y_p,prime-field-montgomery,element,specialized,p128_mersenne_2^127_minus_1,128,4,0x7fffffffffffffffffffffffffffffff,24,16777216,6,4,7,2,10,whole-run,fixed,triton-sumcheck-prime-field-montgomery-element-layout-specialized-points,96.234,34.985,0.000,0.000000,0.000,34.985,ok,cuda-sumcheck-prime-field-montgomery-element-layout-specialized-points,21.5161,20.8875,0,0,0,20.8875,ok,true,23090970745336,23090970745336,1.674925,,CAMERA-READY/h100/sweep_fixed/cases_zk_32_128/zk_complete_add_1_bw128_r24.log
zk_complete_add_1,q_add*x_q*x_q*lambda - 2*q_add*x_q*x_p*lambda + q_add*x_p*x_p*lambda - q_add*x_q*y_q + q_add*x_q*y_p + q_add*x_p*y_q - q_add*x_p*y_p,prime-field-montgomery,element,specialized,p128_mersenne_2^127_minus_1,128,4,0x7fffffffffffffffffffffffffffffff,26,67108864,6,4,7,2,10,whole-run,fixed,triton-sumcheck-prime-field-montgomery-element-layout-specialized-points,164.290,103.093,0.000,0.000000,0.000,103.093,ok,cuda-sumcheck-prime-field-montgomery-element-layout-specialized-points,70.3175,69.7528,0,0,0,69.7528,ok,true,25690845217570,25690845217570,1.477977,,CAMERA-READY/h100/sweep_fixed/cases_zk_32_128/zk_complete_add_1_bw128_r26.log
zk_complete_add_1,q_add*x_q*x_q*lambda - 2*q_add*x_q*x_p*lambda + q_add*x_p*x_p*lambda - q_add*x_q*y_q + q_add*x_q*y_p + q_add*x_p*y_q - q_add*x_p*y_p,prime-field-montgomery,element,specialized,p128_mersenne_2^127_minus_1,128,4,0x7fffffffffffffffffffffffffffffff,28,268435456,6,4,7,2,10,whole-run,fixed,triton-sumcheck-prime-field-montgomery-element-layout-specialized-points,437.336,373.215,0.000,0.000000,0.000,373.215,ok,cuda-sumcheck-prime-field-montgomery-element-layout-specialized-points,265.824,270.901,0,0,0,270.901,ok,true,28007514848235,28007514848235,1.377680,,CAMERA-READY/h100/sweep_fixed/cases_zk_32_128/zk_complete_add_1_bw128_r28.log
zk_complete_add_2,2*q_add*y_p*lambda - 3*q_add*x_p*x_p - 2*q_add*x_q*y_p*lambda*alpha + 3*q_add*x_q*x_p*x_p*alpha + 2*q_add*x_p*y_p*lambda*alpha - 3*q_add*x_p*x_p*x_p*alpha,prime-field-montgomery,element,specialized,p32_2^32_minus_5,32,1,0xfffffffb,14,16384,6,5,6,2,10,whole-run,fixed,triton-sumcheck-prime-field-montgomery-element-layout-specialized-points,64.618,6.341,0.000,0.000000,0.000,6.341,ok,cuda-sumcheck-prime-field-montgomery-element-layout-specialized-points,2.21793,1.9442,0,0,0,1.9442,ok,true,2311986769469,2311986769469,3.261496,,CAMERA-READY/h100/sweep_fixed/cases_zk_32_128/zk_complete_add_2_bw32_r14.log
zk_complete_add_2,2*q_add*y_p*lambda - 3*q_add*x_p*x_p - 2*q_add*x_q*y_p*lambda*alpha + 3*q_add*x_q*x_p*x_p*alpha + 2*q_add*x_p*y_p*lambda*alpha - 3*q_add*x_p*x_p*x_p*alpha,prime-field-montgomery,element,specialized,p32_2^32_minus_5,32,1,0xfffffffb,16,65536,6,5,6,2,10,whole-run,fixed,triton-sumcheck-prime-field-montgomery-element-layout-specialized-points,66.607,8.463,0.000,0.000000,0.000,8.463,ok,cuda-sumcheck-prime-field-montgomery-element-layout-specialized-points,2.7611,2.39193,0,0,0,2.39193,ok,true,2514561558548,2514561558548,3.538147,,CAMERA-READY/h100/sweep_fixed/cases_zk_32_128/zk_complete_add_2_bw32_r16.log
zk_complete_add_2,2*q_add*y_p*lambda - 3*q_add*x_p*x_p - 2*q_add*x_q*y_p*lambda*alpha + 3*q_add*x_q*x_p*x_p*alpha + 2*q_add*x_p*y_p*lambda*alpha - 3*q_add*x_p*x_p*x_p*alpha,prime-field-montgomery,element,specialized,p32_2^32_minus_5,32,1,0xfffffffb,18,262144,6,5,6,2,10,whole-run,fixed,triton-sumcheck-prime-field-montgomery-element-layout-specialized-points,69.615,11.142,0.000,0.000000,0.000,11.142,ok,cuda-sumcheck-prime-field-montgomery-element-layout-specialized-points,3.24317,2.88646,0,0,0,2.88646,ok,true,3109936549057,3109936549057,3.860092,,CAMERA-READY/h100/sweep_fixed/cases_zk_32_128/zk_complete_add_2_bw32_r18.log
zk_complete_add_2,2*q_add*y_p*lambda - 3*q_add*x_p*x_p - 2*q_add*x_q*y_p*lambda*alpha + 3*q_add*x_q*x_p*x_p*alpha + 2*q_add*x_p*y_p*lambda*alpha - 3*q_add*x_p*x_p*x_p*alpha,prime-field-montgomery,element,specialized,p32_2^32_minus_5,32,1,0xfffffffb,20,1048576,6,5,6,2,10,whole-run,fixed,triton-sumcheck-prime-field-montgomery-element-layout-specialized-points,72.393,14.197,0.000,0.000000,0.000,14.197,ok,cuda-sumcheck-prime-field-montgomery-element-layout-specialized-points,3.99129,3.58192,0,0,0,3.58192,ok,true,3120232100830,3120232100830,3.963517,,CAMERA-READY/h100/sweep_fixed/cases_zk_32_128/zk_complete_add_2_bw32_r20.log
zk_complete_add_2,2*q_add*y_p*lambda - 3*q_add*x_p*x_p - 2*q_add*x_q*y_p*lambda*alpha + 3*q_add*x_q*x_p*x_p*alpha + 2*q_add*x_p*y_p*lambda*alpha - 3*q_add*x_p*x_p*x_p*alpha,prime-field-montgomery,element,specialized,p32_2^32_minus_5,32,1,0xfffffffb,22,4194304,6,5,6,2,10,whole-run,fixed,triton-sumcheck-prime-field-montgomery-element-layout-specialized-points,76.059,17.919,0.000,0.000000,0.000,17.919,ok,cuda-sumcheck-prime-field-montgomery-element-layout-specialized-points,5.3291,4.9278,0,0,0,4.9278,ok,true,3742729134846,3742729134846,3.636308,,CAMERA-READY/h100/sweep_fixed/cases_zk_32_128/zk_complete_add_2_bw32_r22.log
zk_complete_add_2,2*q_add*y_p*lambda - 3*q_add*x_p*x_p - 2*q_add*x_q*y_p*lambda*alpha + 3*q_add*x_q*x_p*x_p*alpha + 2*q_add*x_p*y_p*lambda*alpha - 3*q_add*x_p*x_p*x_p*alpha,prime-field-montgomery,element,specialized,p32_2^32_minus_5,32,1,0xfffffffb,24,16777216,6,5,6,2,10,whole-run,fixed,triton-sumcheck-prime-field-montgomery-element-layout-specialized-points,82.964,25.902,0.000,0.000000,0.000,25.902,ok,cuda-sumcheck-prime-field-montgomery-element-layout-specialized-points,8.62435,8.26663,0,0,0,8.26663,ok,true,3889061788664,3889061788664,3.133320,,CAMERA-READY/h100/sweep_fixed/cases_zk_32_128/zk_complete_add_2_bw32_r24.log
zk_complete_add_2,2*q_add*y_p*lambda - 3*q_add*x_p*x_p - 2*q_add*x_q*y_p*lambda*alpha + 3*q_add*x_q*x_p*x_p*alpha + 2*q_add*x_p*y_p*lambda*alpha - 3*q_add*x_p*x_p*x_p*alpha,prime-field-montgomery,element,specialized,p32_2^32_minus_5,32,1,0xfffffffb,26,67108864,6,5,6,2,10,whole-run,fixed,triton-sumcheck-prime-field-montgomery-element-layout-specialized-points,110.882,55.459,0.000,0.000000,0.000,55.459,ok,cuda-sumcheck-prime-field-montgomery-element-layout-specialized-points,19.5252,19.3746,0,0,0,19.3746,ok,true,4384259090276,4384259090276,2.862459,,CAMERA-READY/h100/sweep_fixed/cases_zk_32_128/zk_complete_add_2_bw32_r26.log
zk_complete_add_2,2*q_add*y_p*lambda - 3*q_add*x_p*x_p - 2*q_add*x_q*y_p*lambda*alpha + 3*q_add*x_q*x_p*x_p*alpha + 2*q_add*x_p*y_p*lambda*alpha - 3*q_add*x_p*x_p*x_p*alpha,prime-field-montgomery,element,specialized,p32_2^32_minus_5,32,1,0xfffffffb,28,268435456,6,5,6,2,10,whole-run,fixed,triton-sumcheck-prime-field-montgomery-element-layout-specialized-points,225.623,170.857,0.000,0.000000,0.000,170.857,ok,cuda-sumcheck-prime-field-montgomery-element-layout-specialized-points,62.6675,64.5302,0,0,0,64.5302,ok,true,5025699657927,5025699657927,2.647706,,CAMERA-READY/h100/sweep_fixed/cases_zk_32_128/zk_complete_add_2_bw32_r28.log
zk_complete_add_2,2*q_add*y_p*lambda - 3*q_add*x_p*x_p - 2*q_add*x_q*y_p*lambda*alpha + 3*q_add*x_q*x_p*x_p*alpha + 2*q_add*x_p*y_p*lambda*alpha - 3*q_add*x_p*x_p*x_p*alpha,prime-field-montgomery,element,specialized,p64_goldilocks,64,2,0xffffffff00000001,14,16384,6,5,6,2,10,whole-run,fixed,triton-sumcheck-prime-field-montgomery-element-layout-specialized-points,68.846,6.429,0.000,0.000000,0.000,6.429,ok,cuda-sumcheck-prime-field-montgomery-element-layout-specialized-points,2.54615,2.16524,0,0,0,2.16524,ok,true,6899663920825,6899663920825,2.969186,,CAMERA-READY/h100/sweep_fixed/cases_zk_32_128/zk_complete_add_2_bw64_r14.log
zk_complete_add_2,2*q_add*y_p*lambda - 3*q_add*x_p*x_p - 2*q_add*x_q*y_p*lambda*alpha + 3*q_add*x_q*x_p*x_p*alpha + 2*q_add*x_p*y_p*lambda*alpha - 3*q_add*x_p*x_p*x_p*alpha,prime-field-montgomery,element,specialized,p64_goldilocks,64,2,0xffffffff00000001,16,65536,6,5,6,2,10,whole-run,fixed,triton-sumcheck-prime-field-montgomery-element-layout-specialized-points,70.922,8.516,0.000,0.000000,0.000,8.516,ok,cuda-sumcheck-prime-field-montgomery-element-layout-specialized-points,2.98398,2.5599,0,0,0,2.5599,ok,true,8140035570771,8140035570771,3.326692,,CAMERA-READY/h100/sweep_fixed/cases_zk_32_128/zk_complete_add_2_bw64_r16.log
zk_complete_add_2,2*q_add*y_p*lambda - 3*q_add*x_p*x_p - 2*q_add*x_q*y_p*lambda*alpha + 3*q_add*x_q*x_p*x_p*alpha + 2*q_add*x_p*y_p*lambda*alpha - 3*q_add*x_p*x_p*x_p*alpha,prime-field-montgomery,element,specialized,p64_goldilocks,64,2,0xffffffff00000001,18,262144,6,5,6,2,10,whole-run,fixed,triton-sumcheck-prime-field-montgomery-element-layout-specialized-points,73.340,11.061,0.000,0.000000,0.000,11.061,ok,cuda-sumcheck-prime-field-montgomery-element-layout-specialized-points,3.66858,3.29412,0,0,0,3.29412,ok,true,8989146129483,8989146129483,3.357801,,CAMERA-READY/h100/sweep_fixed/cases_zk_32_128/zk_complete_add_2_bw64_r18.log
zk_complete_add_2,2*q_add*y_p*lambda - 3*q_add*x_p*x_p - 2*q_add*x_q*y_p*lambda*alpha + 3*q_add*x_q*x_p*x_p*alpha + 2*q_add*x_p*y_p*lambda*alpha - 3*q_add*x_p*x_p*x_p*alpha,prime-field-montgomery,element,specialized,p64_goldilocks,64,2,0xffffffff00000001,20,1048576,6,5,6,2,10,whole-run,fixed,triton-sumcheck-prime-field-montgomery-element-layout-specialized-points,76.395,14.251,0.000,0.000000,0.000,14.251,ok,cuda-sumcheck-prime-field-montgomery-element-layout-specialized-points,4.60315,4.20697,0,0,0,4.20697,ok,true,10437560870269,10437560870269,3.387474,,CAMERA-READY/h100/sweep_fixed/cases_zk_32_128/zk_complete_add_2_bw64_r20.log
zk_complete_add_2,2*q_add*y_p*lambda - 3*q_add*x_p*x_p - 2*q_add*x_q*y_p*lambda*alpha + 3*q_add*x_q*x_p*x_p*alpha + 2*q_add*x_p*y_p*lambda*alpha - 3*q_add*x_p*x_p*x_p*alpha,prime-field-montgomery,element,specialized,p64_goldilocks,64,2,0xffffffff00000001,22,4194304,6,5,6,2,10,whole-run,fixed,triton-sumcheck-prime-field-montgomery-element-layout-specialized-points,80.868,18.049,0.000,0.000000,0.000,18.049,ok,cuda-sumcheck-prime-field-montgomery-element-layout-specialized-points,7.19669,6.86921,0,0,0,6.86921,ok,true,11300707749851,11300707749851,2.627522,,CAMERA-READY/h100/sweep_fixed/cases_zk_32_128/zk_complete_add_2_bw64_r22.log
zk_complete_add_2,2*q_add*y_p*lambda - 3*q_add*x_p*x_p - 2*q_add*x_q*y_p*lambda*alpha + 3*q_add*x_q*x_p*x_p*alpha + 2*q_add*x_p*y_p*lambda*alpha - 3*q_add*x_p*x_p*x_p*alpha,prime-field-montgomery,element,specialized,p64_goldilocks,64,2,0xffffffff00000001,24,16777216,6,5,6,2,10,whole-run,fixed,triton-sumcheck-prime-field-montgomery-element-layout-specialized-points,90.941,29.773,0.000,0.000000,0.000,29.773,ok,cuda-sumcheck-prime-field-montgomery-element-layout-specialized-points,14.8125,14.5335,0,0,0,14.5335,ok,true,11783329039638,11783329039638,2.048577,,CAMERA-READY/h100/sweep_fixed/cases_zk_32_128/zk_complete_add_2_bw64_r24.log
zk_complete_add_2,2*q_add*y_p*lambda - 3*q_add*x_p*x_p - 2*q_add*x_q*y_p*lambda*alpha + 3*q_add*x_q*x_p*x_p*alpha + 2*q_add*x_p*y_p*lambda*alpha - 3*q_add*x_p*x_p*x_p*alpha,prime-field-montgomery,element,specialized,p64_goldilocks,64,2,0xffffffff00000001,26,67108864,6,5,6,2,10,whole-run,fixed,triton-sumcheck-prime-field-montgomery-element-layout-specialized-points,131.216,72.697,0.000,0.000000,0.000,72.697,ok,cuda-sumcheck-prime-field-montgomery-element-layout-specialized-points,42.5643,43.3787,0,0,0,43.3787,ok,true,13101296564044,13101296564044,1.675869,,CAMERA-READY/h100/sweep_fixed/cases_zk_32_128/zk_complete_add_2_bw64_r26.log
zk_complete_add_2,2*q_add*y_p*lambda - 3*q_add*x_p*x_p - 2*q_add*x_q*y_p*lambda*alpha + 3*q_add*x_q*x_p*x_p*alpha + 2*q_add*x_p*y_p*lambda*alpha - 3*q_add*x_p*x_p*x_p*alpha,prime-field-montgomery,element,specialized,p64_goldilocks,64,2,0xffffffff00000001,28,268435456,6,5,6,2,10,whole-run,fixed,triton-sumcheck-prime-field-montgomery-element-layout-specialized-points,299.486,242.990,0.000,0.000000,0.000,242.990,ok,cuda-sumcheck-prime-field-montgomery-element-layout-specialized-points,160.638,168.648,0,0,0,168.648,ok,true,13212675969090,13212675969090,1.440812,,CAMERA-READY/h100/sweep_fixed/cases_zk_32_128/zk_complete_add_2_bw64_r28.log
zk_complete_add_2,2*q_add*y_p*lambda - 3*q_add*x_p*x_p - 2*q_add*x_q*y_p*lambda*alpha + 3*q_add*x_q*x_p*x_p*alpha + 2*q_add*x_p*y_p*lambda*alpha - 3*q_add*x_p*x_p*x_p*alpha,prime-field-montgomery,element,specialized,p128_mersenne_2^127_minus_1,128,4,0x7fffffffffffffffffffffffffffffff,14,16384,6,5,6,2,10,whole-run,fixed,triton-sumcheck-prime-field-montgomery-element-layout-specialized-points,50.359,4.064,0.000,0.000000,0.000,4.064,ok,cuda-sumcheck-prime-field-montgomery-element-layout-specialized-points,3.67055,2.63662,0,0,0,2.63662,ok,true,18353972630513,18353972630513,1.541367,,CAMERA-READY/h100/sweep_fixed/cases_zk_32_128/zk_complete_add_2_bw128_r14.log
zk_complete_add_2,2*q_add*y_p*lambda - 3*q_add*x_p*x_p - 2*q_add*x_q*y_p*lambda*alpha + 3*q_add*x_q*x_p*x_p*alpha + 2*q_add*x_p*y_p*lambda*alpha - 3*q_add*x_p*x_p*x_p*alpha,prime-field-montgomery,element,specialized,p128_mersenne_2^127_minus_1,128,4,0x7fffffffffffffffffffffffffffffff,16,65536,6,5,6,2,10,whole-run,fixed,triton-sumcheck-prime-field-montgomery-element-layout-specialized-points,84.712,8.850,0.000,0.000000,0.000,8.850,ok,cuda-sumcheck-prime-field-montgomery-element-layout-specialized-points,4.23193,3.21886,0,0,0,3.21886,ok,true,21131633611062,21131633611062,2.749421,,CAMERA-READY/h100/sweep_fixed/cases_zk_32_128/zk_complete_add_2_bw128_r16.log
zk_complete_add_2,2*q_add*y_p*lambda - 3*q_add*x_p*x_p - 2*q_add*x_q*y_p*lambda*alpha + 3*q_add*x_q*x_p*x_p*alpha + 2*q_add*x_p*y_p*lambda*alpha - 3*q_add*x_p*x_p*x_p*alpha,prime-field-montgomery,element,specialized,p128_mersenne_2^127_minus_1,128,4,0x7fffffffffffffffffffffffffffffff,18,262144,6,5,6,2,10,whole-run,fixed,triton-sumcheck-prime-field-montgomery-element-layout-specialized-points,85.171,11.425,0.000,0.000000,0.000,11.425,ok,cuda-sumcheck-prime-field-montgomery-element-layout-specialized-points,5.0806,4.07996,0,0,0,4.07996,ok,true,24390322774896,24390322774896,2.800273,,CAMERA-READY/h100/sweep_fixed/cases_zk_32_128/zk_complete_add_2_bw128_r18.log
zk_complete_add_2,2*q_add*y_p*lambda - 3*q_add*x_p*x_p - 2*q_add*x_q*y_p*lambda*alpha + 3*q_add*x_q*x_p*x_p*alpha + 2*q_add*x_p*y_p*lambda*alpha - 3*q_add*x_p*x_p*x_p*alpha,prime-field-montgomery,element,specialized,p128_mersenne_2^127_minus_1,128,4,0x7fffffffffffffffffffffffffffffff,20,1048576,6,5,6,2,10,whole-run,fixed,triton-sumcheck-prime-field-montgomery-element-layout-specialized-points,89.229,14.580,0.000,0.000000,0.000,14.580,ok,cuda-sumcheck-prime-field-montgomery-element-layout-specialized-points,7.22607,6.21673,0,0,0,6.21673,ok,true,26400039507855,26400039507855,2.345284,,CAMERA-READY/h100/sweep_fixed/cases_zk_32_128/zk_complete_add_2_bw128_r20.log
zk_complete_add_2,2*q_add*y_p*lambda - 3*q_add*x_p*x_p - 2*q_add*x_q*y_p*lambda*alpha + 3*q_add*x_q*x_p*x_p*alpha + 2*q_add*x_p*y_p*lambda*alpha - 3*q_add*x_p*x_p*x_p*alpha,prime-field-montgomery,element,specialized,p128_mersenne_2^127_minus_1,128,4,0x7fffffffffffffffffffffffffffffff,22,4194304,6,5,6,2,10,whole-run,fixed,triton-sumcheck-prime-field-montgomery-element-layout-specialized-points,94.392,21.822,0.000,0.000000,0.000,21.822,ok,cuda-sumcheck-prime-field-montgomery-element-layout-specialized-points,12.9971,11.983,0,0,0,11.983,ok,true,30061543046041,30061543046041,1.821080,,CAMERA-READY/h100/sweep_fixed/cases_zk_32_128/zk_complete_add_2_bw128_r22.log
zk_complete_add_2,2*q_add*y_p*lambda - 3*q_add*x_p*x_p - 2*q_add*x_q*y_p*lambda*alpha + 3*q_add*x_q*x_p*x_p*alpha + 2*q_add*x_p*y_p*lambda*alpha - 3*q_add*x_p*x_p*x_p*alpha,prime-field-montgomery,element,specialized,p128_mersenne_2^127_minus_1,128,4,0x7fffffffffffffffffffffffffffffff,24,16777216,6,5,6,2,10,whole-run,fixed,triton-sumcheck-prime-field-montgomery-element-layout-specialized-points,120.210,48.804,0.000,0.000000,0.000,48.804,ok,cuda-sumcheck-prime-field-montgomery-element-layout-specialized-points,33.4568,32.4717,0,0,0,32.4717,ok,true,31908048759158,31908048759158,1.502970,,CAMERA-READY/h100/sweep_fixed/cases_zk_32_128/zk_complete_add_2_bw128_r24.log
zk_complete_add_2,2*q_add*y_p*lambda - 3*q_add*x_p*x_p - 2*q_add*x_q*y_p*lambda*alpha + 3*q_add*x_q*x_p*x_p*alpha + 2*q_add*x_p*y_p*lambda*alpha - 3*q_add*x_p*x_p*x_p*alpha,prime-field-montgomery,element,specialized,p128_mersenne_2^127_minus_1,128,4,0x7fffffffffffffffffffffffffffffff,26,67108864,6,5,6,2,10,whole-run,fixed,triton-sumcheck-prime-field-montgomery-element-layout-specialized-points,221.222,151.184,0.000,0.000000,0.000,151.184,ok,cuda-sumcheck-prime-field-montgomery-element-layout-specialized-points,113.639,112.62,0,0,0,112.62,ok,true,34192760741100,34192760741100,1.342426,,CAMERA-READY/h100/sweep_fixed/cases_zk_32_128/zk_complete_add_2_bw128_r26.log
zk_complete_add_2,2*q_add*y_p*lambda - 3*q_add*x_p*x_p - 2*q_add*x_q*y_p*lambda*alpha + 3*q_add*x_q*x_p*x_p*alpha + 2*q_add*x_p*y_p*lambda*alpha - 3*q_add*x_p*x_p*x_p*alpha,prime-field-montgomery,element,specialized,p128_mersenne_2^127_minus_1,128,4,0x7fffffffffffffffffffffffffffffff,28,268435456,6,5,6,2,10,whole-run,fixed,triton-sumcheck-prime-field-montgomery-element-layout-specialized-points,592.296,551.635,0.000,0.000000,0.000,551.635,ok,cuda-sumcheck-prime-field-montgomery-element-layout-specialized-points,430.824,432.502,0,0,0,432.502,ok,true,37689283770801,37689283770801,1.275451,,CAMERA-READY/h100/sweep_fixed/cases_zk_32_128/zk_complete_add_2_bw128_r28.log
zk_complete_add_3,q_add*x_p*x_q*x_q*lambda*lambda - q_add*x_p*x_q*x_q*x_q - q_add*x_p*x_q*x_q*x_r - q_add*x_p*x_p*x_q*x_q - q_add*x_p*x_p*x_q*lambda*lambda + q_add*x_p*x_p*x_p*x_q + q_add*x_p*x_p*x_q*x_r + q_add*x_p*x_p*x_q*x_q,prime-field-montgomery,element,specialized,p32_2^32_minus_5,32,1,0xfffffffb,14,16384,5,6,8,2,10,whole-run,fixed,triton-sumcheck-prime-field-montgomery-element-layout-specialized-points,67.610,7.321,0.000,0.000000,0.000,7.321,ok,cuda-sumcheck-prime-field-montgomery-element-layout-specialized-points,2.56769,2.26394,0,0,0,2.26394,ok,true,2862121006446,2862121006446,3.233743,,CAMERA-READY/h100/sweep_fixed/cases_zk_32_128/zk_complete_add_3_bw32_r14.log
zk_complete_add_3,q_add*x_p*x_q*x_q*lambda*lambda - q_add*x_p*x_q*x_q*x_q - q_add*x_p*x_q*x_q*x_r - q_add*x_p*x_p*x_q*x_q - q_add*x_p*x_p*x_q*lambda*lambda + q_add*x_p*x_p*x_p*x_q + q_add*x_p*x_p*x_q*x_r + q_add*x_p*x_p*x_q*x_q,prime-field-montgomery,element,specialized,p32_2^32_minus_5,32,1,0xfffffffb,16,65536,5,6,8,2,10,whole-run,fixed,triton-sumcheck-prime-field-montgomery-element-layout-specialized-points,70.701,9.871,0.000,0.000000,0.000,9.871,ok,cuda-sumcheck-prime-field-montgomery-element-layout-specialized-points,3.15087,2.76663,0,0,0,2.76663,ok,true,2848653561533,2848653561533,3.567879,,CAMERA-READY/h100/sweep_fixed/cases_zk_32_128/zk_complete_add_3_bw32_r16.log
zk_complete_add_3,q_add*x_p*x_q*x_q*lambda*lambda - q_add*x_p*x_q*x_q*x_q - q_add*x_p*x_q*x_q*x_r - q_add*x_p*x_p*x_q*x_q - q_add*x_p*x_p*x_q*lambda*lambda + q_add*x_p*x_p*x_p*x_q + q_add*x_p*x_p*x_q*x_r + q_add*x_p*x_p*x_q*x_q,prime-field-montgomery,element,specialized,p32_2^32_minus_5,32,1,0xfffffffb,18,262144,5,6,8,2,10,whole-run,fixed,triton-sumcheck-prime-field-montgomery-element-layout-specialized-points,77.810,13.874,0.000,0.000000,0.000,13.874,ok,cuda-sumcheck-prime-field-montgomery-element-layout-specialized-points,3.74829,3.32286,0,0,0,3.32286,ok,true,3567736231150,3567736231150,4.175319,,CAMERA-READY/h100/sweep_fixed/cases_zk_32_128/zk_complete_add_3_bw32_r18.log
zk_complete_add_3,q_add*x_p*x_q*x_q*lambda*lambda - q_add*x_p*x_q*x_q*x_q - q_add*x_p*x_q*x_q*x_r - q_add*x_p*x_p*x_q*x_q - q_add*x_p*x_p*x_q*lambda*lambda + q_add*x_p*x_p*x_p*x_q + q_add*x_p*x_p*x_q*x_r + q_add*x_p*x_p*x_q*x_q,prime-field-montgomery,element,specialized,p32_2^32_minus_5,32,1,0xfffffffb,20,1048576,5,6,8,2,10,whole-run,fixed,triton-sumcheck-prime-field-montgomery-element-layout-specialized-points,76.958,16.361,0.000,0.000000,0.000,16.361,ok,cuda-sumcheck-prime-field-montgomery-element-layout-specialized-points,4.70772,4.19344,0,0,0,4.19344,ok,true,3866217322591,3866217322591,3.901570,,CAMERA-READY/h100/sweep_fixed/cases_zk_32_128/zk_complete_add_3_bw32_r20.log
zk_complete_add_3,q_add*x_p*x_q*x_q*lambda*lambda - q_add*x_p*x_q*x_q*x_q - q_add*x_p*x_q*x_q*x_r - q_add*x_p*x_p*x_q*x_q - q_add*x_p*x_p*x_q*lambda*lambda + q_add*x_p*x_p*x_p*x_q + q_add*x_p*x_p*x_q*x_r + q_add*x_p*x_p*x_q*x_q,prime-field-montgomery,element,specialized,p32_2^32_minus_5,32,1,0xfffffffb,22,4194304,5,6,8,2,10,whole-run,fixed,triton-sumcheck-prime-field-montgomery-element-layout-specialized-points,81.187,20.897,0.000,0.000000,0.000,20.897,ok,cuda-sumcheck-prime-field-montgomery-element-layout-specialized-points,5.8808,5.49183,0,0,0,5.49183,ok,true,4099413798753,4099413798753,3.805107,,CAMERA-READY/h100/sweep_fixed/cases_zk_32_128/zk_complete_add_3_bw32_r22.log
zk_complete_add_3,q_add*x_p*x_q*x_q*lambda*lambda - q_add*x_p*x_q*x_q*x_q - q_add*x_p*x_q*x_q*x_r - q_add*x_p*x_p*x_q*x_q - q_add*x_p*x_p*x_q*lambda*lambda + q_add*x_p*x_p*x_p*x_q + q_add*x_p*x_p*x_q*x_r + q_add*x_p*x_p*x_q*x_q,prime-field-montgomery,element,specialized,p32_2^32_minus_5,32,1,0xfffffffb,24,16777216,5,6,8,2,10,whole-run,fixed,triton-sumcheck-prime-field-montgomery-element-layout-specialized-points,87.623,29.265,0.000,0.000000,0.000,29.265,ok,cuda-sumcheck-prime-field-montgomery-element-layout-specialized-points,9.13678,8.74971,0,0,0,8.74971,ok,true,4496078752126,4496078752126,3.344682,,CAMERA-READY/h100/sweep_fixed/cases_zk_32_128/zk_complete_add_3_bw32_r24.log
zk_complete_add_3,q_add*x_p*x_q*x_q*lambda*lambda - q_add*x_p*x_q*x_q*x_q - q_add*x_p*x_q*x_q*x_r - q_add*x_p*x_p*x_q*x_q - q_add*x_p*x_p*x_q*lambda*lambda + q_add*x_p*x_p*x_p*x_q + q_add*x_p*x_p*x_q*x_r + q_add*x_p*x_p*x_q*x_q,prime-field-montgomery,element,specialized,p32_2^32_minus_5,32,1,0xfffffffb,26,67108864,5,6,8,2,10,whole-run,fixed,triton-sumcheck-prime-field-montgomery-element-layout-specialized-points,119.693,62.235,0.000,0.000000,0.000,62.235,ok,cuda-sumcheck-prime-field-montgomery-element-layout-specialized-points,20.2083,19.8215,0,0,0,19.8215,ok,true,5116907679325,5116907679325,3.139772,,CAMERA-READY/h100/sweep_fixed/cases_zk_32_128/zk_complete_add_3_bw32_r26.log
zk_complete_add_3,q_add*x_p*x_q*x_q*lambda*lambda - q_add*x_p*x_q*x_q*x_q - q_add*x_p*x_q*x_q*x_r - q_add*x_p*x_p*x_q*x_q - q_add*x_p*x_p*x_q*lambda*lambda + q_add*x_p*x_p*x_p*x_q + q_add*x_p*x_p*x_q*x_r + q_add*x_p*x_p*x_q*x_q,prime-field-montgomery,element,specialized,p32_2^32_minus_5,32,1,0xfffffffb,28,268435456,5,6,8,2,10,whole-run,fixed,triton-sumcheck-prime-field-montgomery-element-layout-specialized-points,245.413,187.421,0.000,0.000000,0.000,187.421,ok,cuda-sumcheck-prime-field-montgomery-element-layout-specialized-points,62.4716,64.1736,0,0,0,64.1736,ok,true,5021912013898,5021912013898,2.920531,,CAMERA-READY/h100/sweep_fixed/cases_zk_32_128/zk_complete_add_3_bw32_r28.log
zk_complete_add_3,q_add*x_p*x_q*x_q*lambda*lambda - q_add*x_p*x_q*x_q*x_q - q_add*x_p*x_q*x_q*x_r - q_add*x_p*x_p*x_q*x_q - q_add*x_p*x_p*x_q*lambda*lambda + q_add*x_p*x_p*x_p*x_q + q_add*x_p*x_p*x_q*x_r + q_add*x_p*x_p*x_q*x_q,prime-field-montgomery,element,specialized,p64_goldilocks,64,2,0xffffffff00000001,14,16384,5,6,8,2,10,whole-run,fixed,triton-sumcheck-prime-field-montgomery-element-layout-specialized-points,40.570,4.267,0.000,0.000000,0.000,4.267,ok,cuda-sumcheck-prime-field-montgomery-element-layout-specialized-points,3.05507,2.56284,0,0,0,2.56284,ok,true,7833199395112,7833199395112,1.664950,,CAMERA-READY/h100/sweep_fixed/cases_zk_32_128/zk_complete_add_3_bw64_r14.log
zk_complete_add_3,q_add*x_p*x_q*x_q*lambda*lambda - q_add*x_p*x_q*x_q*x_q - q_add*x_p*x_q*x_q*x_r - q_add*x_p*x_p*x_q*x_q - q_add*x_p*x_p*x_q*lambda*lambda + q_add*x_p*x_p*x_p*x_q + q_add*x_p*x_p*x_q*x_r + q_add*x_p*x_p*x_q*x_q,prime-field-montgomery,element,specialized,p64_goldilocks,64,2,0xffffffff00000001,16,65536,5,6,8,2,10,whole-run,fixed,triton-sumcheck-prime-field-montgomery-element-layout-specialized-points,44.230,5.723,0.000,0.000000,0.000,5.723,ok,cuda-sumcheck-prime-field-montgomery-element-layout-specialized-points,3.64989,3.1703,0,0,0,3.1703,ok,true,9691694050584,9691694050584,1.805192,,CAMERA-READY/h100/sweep_fixed/cases_zk_32_128/zk_complete_add_3_bw64_r16.log
zk_complete_add_3,q_add*x_p*x_q*x_q*lambda*lambda - q_add*x_p*x_q*x_q*x_q - q_add*x_p*x_q*x_q*x_r - q_add*x_p*x_p*x_q*x_q - q_add*x_p*x_p*x_q*lambda*lambda + q_add*x_p*x_p*x_p*x_q + q_add*x_p*x_p*x_q*x_r + q_add*x_p*x_p*x_q*x_q,prime-field-montgomery,element,specialized,p64_goldilocks,64,2,0xffffffff00000001,18,262144,5,6,8,2,10,whole-run,fixed,triton-sumcheck-prime-field-montgomery-element-layout-specialized-points,43.220,7.580,0.000,0.000000,0.000,7.580,ok,cuda-sumcheck-prime-field-montgomery-element-layout-specialized-points,4.3399,3.82603,0,0,0,3.82603,ok,true,11349267643376,11349267643376,1.981166,,CAMERA-READY/h100/sweep_fixed/cases_zk_32_128/zk_complete_add_3_bw64_r18.log
zk_complete_add_3,q_add*x_p*x_q*x_q*lambda*lambda - q_add*x_p*x_q*x_q*x_q - q_add*x_p*x_q*x_q*x_r - q_add*x_p*x_p*x_q*x_q - q_add*x_p*x_p*x_q*lambda*lambda + q_add*x_p*x_p*x_p*x_q + q_add*x_p*x_p*x_q*x_r + q_add*x_p*x_p*x_q*x_q,prime-field-montgomery,element,specialized,p64_goldilocks,64,2,0xffffffff00000001,20,1048576,5,6,8,2,10,whole-run,fixed,triton-sumcheck-prime-field-montgomery-element-layout-specialized-points,45.765,9.446,0.000,0.000000,0.000,9.446,ok,cuda-sumcheck-prime-field-montgomery-element-layout-specialized-points,5.76608,5.26196,0,0,0,5.26196,ok,true,11707574445021,11707574445021,1.795149,,CAMERA-READY/h100/sweep_fixed/cases_zk_32_128/zk_complete_add_3_bw64_r20.log
zk_complete_add_3,q_add*x_p*x_q*x_q*lambda*lambda - q_add*x_p*x_q*x_q*x_q - q_add*x_p*x_q*x_q*x_r - q_add*x_p*x_p*x_q*x_q - q_add*x_p*x_p*x_q*lambda*lambda + q_add*x_p*x_p*x_p*x_q + q_add*x_p*x_p*x_q*x_r + q_add*x_p*x_p*x_q*x_q,prime-field-montgomery,element,specialized,p64_goldilocks,64,2,0xffffffff00000001,22,4194304,5,6,8,2,10,whole-run,fixed,triton-sumcheck-prime-field-montgomery-element-layout-specialized-points,85.574,20.818,0.000,0.000000,0.000,20.818,ok,cuda-sumcheck-prime-field-montgomery-element-layout-specialized-points,8.96754,8.46842,0,0,0,8.46842,ok,true,12927710177148,12927710177148,2.458310,,CAMERA-READY/h100/sweep_fixed/cases_zk_32_128/zk_complete_add_3_bw64_r22.log
zk_complete_add_3,q_add*x_p*x_q*x_q*lambda*lambda - q_add*x_p*x_q*x_q*x_q - q_add*x_p*x_q*x_q*x_r - q_add*x_p*x_p*x_q*x_q - q_add*x_p*x_p*x_q*lambda*lambda + q_add*x_p*x_p*x_p*x_q + q_add*x_p*x_p*x_q*x_r + q_add*x_p*x_p*x_q*x_q,prime-field-montgomery,element,specialized,p64_goldilocks,64,2,0xffffffff00000001,24,16777216,5,6,8,2,10,whole-run,fixed,triton-sumcheck-prime-field-montgomery-element-layout-specialized-points,96.473,32.847,0.000,0.000000,0.000,32.847,ok,cuda-sumcheck-prime-field-montgomery-element-layout-specialized-points,19.7762,19.2709,0,0,0,19.2709,ok,true,14369441442772,14369441442772,1.704487,,CAMERA-READY/h100/sweep_fixed/cases_zk_32_128/zk_complete_add_3_bw64_r24.log
zk_complete_add_3,q_add*x_p*x_q*x_q*lambda*lambda - q_add*x_p*x_q*x_q*x_q - q_add*x_p*x_q*x_q*x_r - q_add*x_p*x_p*x_q*x_q - q_add*x_p*x_p*x_q*lambda*lambda + q_add*x_p*x_p*x_p*x_q + q_add*x_p*x_p*x_q*x_r + q_add*x_p*x_p*x_q*x_q,prime-field-montgomery,element,specialized,p64_goldilocks,64,2,0xffffffff00000001,26,67108864,5,6,8,2,10,whole-run,fixed,triton-sumcheck-prime-field-montgomery-element-layout-specialized-points,140.952,78.592,0.000,0.000000,0.000,78.592,ok,cuda-sumcheck-prime-field-montgomery-element-layout-specialized-points,59.8186,59.5507,0,0,0,59.5507,ok,true,15836362024756,15836362024756,1.319749,,CAMERA-READY/h100/sweep_fixed/cases_zk_32_128/zk_complete_add_3_bw64_r26.log
zk_complete_add_3,q_add*x_p*x_q*x_q*lambda*lambda - q_add*x_p*x_q*x_q*x_q - q_add*x_p*x_q*x_q*x_r - q_add*x_p*x_p*x_q*x_q - q_add*x_p*x_p*x_q*lambda*lambda + q_add*x_p*x_p*x_p*x_q + q_add*x_p*x_p*x_q*x_r + q_add*x_p*x_p*x_q*x_q,prime-field-montgomery,element,specialized,p64_goldilocks,64,2,0xffffffff00000001,28,268435456,5,6,8,2,10,whole-run,fixed,triton-sumcheck-prime-field-montgomery-element-layout-specialized-points,317.724,258.520,0.000,0.000000,0.000,258.520,ok,cuda-sumcheck-prime-field-montgomery-element-layout-specialized-points,220.162,228.62,0,0,0,228.62,ok,true,15851002772371,15851002772371,1.130785,,CAMERA-READY/h100/sweep_fixed/cases_zk_32_128/zk_complete_add_3_bw64_r28.log
zk_complete_add_3,q_add*x_p*x_q*x_q*lambda*lambda - q_add*x_p*x_q*x_q*x_q - q_add*x_p*x_q*x_q*x_r - q_add*x_p*x_p*x_q*x_q - q_add*x_p*x_p*x_q*lambda*lambda + q_add*x_p*x_p*x_p*x_q + q_add*x_p*x_p*x_q*x_r + q_add*x_p*x_p*x_q*x_q,prime-field-montgomery,element,specialized,p128_mersenne_2^127_minus_1,128,4,0x7fffffffffffffffffffffffffffffff,14,16384,5,6,8,2,10,whole-run,fixed,triton-sumcheck-prime-field-montgomery-element-layout-specialized-points,50.617,4.685,0.000,0.000000,0.000,4.685,ok,cuda-sumcheck-prime-field-montgomery-element-layout-specialized-points,4.92397,3.54405,0,0,0,3.54405,ok,true,22651562390834,22651562390834,1.321934,,CAMERA-READY/h100/sweep_fixed/cases_zk_32_128/zk_complete_add_3_bw128_r14.log
zk_complete_add_3,q_add*x_p*x_q*x_q*lambda*lambda - q_add*x_p*x_q*x_q*x_q - q_add*x_p*x_q*x_q*x_r - q_add*x_p*x_p*x_q*x_q - q_add*x_p*x_p*x_q*lambda*lambda + q_add*x_p*x_p*x_p*x_q + q_add*x_p*x_p*x_q*x_r + q_add*x_p*x_p*x_q*x_q,prime-field-montgomery,element,specialized,p128_mersenne_2^127_minus_1,128,4,0x7fffffffffffffffffffffffffffffff,16,65536,5,6,8,2,10,whole-run,fixed,triton-sumcheck-prime-field-montgomery-element-layout-specialized-points,50.871,6.046,0.000,0.000000,0.000,6.046,ok,cuda-sumcheck-prime-field-montgomery-element-layout-specialized-points,5.71325,4.28934,0,0,0,4.28934,ok,true,24711322735060,24711322735060,1.409541,,CAMERA-READY/h100/sweep_fixed/cases_zk_32_128/zk_complete_add_3_bw128_r16.log
zk_complete_add_3,q_add*x_p*x_q*x_q*lambda*lambda - q_add*x_p*x_q*x_q*x_q - q_add*x_p*x_q*x_q*x_r - q_add*x_p*x_p*x_q*x_q - q_add*x_p*x_p*x_q*lambda*lambda + q_add*x_p*x_p*x_p*x_q + q_add*x_p*x_p*x_q*x_r + q_add*x_p*x_p*x_q*x_q,prime-field-montgomery,element,specialized,p128_mersenne_2^127_minus_1,128,4,0x7fffffffffffffffffffffffffffffff,18,262144,5,6,8,2,10,whole-run,fixed,triton-sumcheck-prime-field-montgomery-element-layout-specialized-points,53.515,7.751,0.000,0.000000,0.000,7.751,ok,cuda-sumcheck-prime-field-montgomery-element-layout-specialized-points,6.89027,5.49102,0,0,0,5.49102,ok,true,28148013762687,28148013762687,1.411577,,CAMERA-READY/h100/sweep_fixed/cases_zk_32_128/zk_complete_add_3_bw128_r18.log
zk_complete_add_3,q_add*x_p*x_q*x_q*lambda*lambda - q_add*x_p*x_q*x_q*x_q - q_add*x_p*x_q*x_q*x_r - q_add*x_p*x_p*x_q*x_q - q_add*x_p*x_p*x_q*lambda*lambda + q_add*x_p*x_p*x_p*x_q + q_add*x_p*x_p*x_q*x_r + q_add*x_p*x_p*x_q*x_q,prime-field-montgomery,element,specialized,p128_mersenne_2^127_minus_1,128,4,0x7fffffffffffffffffffffffffffffff,20,1048576,5,6,8,2,10,whole-run,fixed,triton-sumcheck-prime-field-montgomery-element-layout-specialized-points,94.127,16.997,0.000,0.000000,0.000,16.997,ok,cuda-sumcheck-prime-field-montgomery-element-layout-specialized-points,9.93877,8.36651,0,0,0,8.36651,ok,true,31076179841122,31076179841122,2.031552,,CAMERA-READY/h100/sweep_fixed/cases_zk_32_128/zk_complete_add_3_bw128_r20.log
zk_complete_add_3,q_add*x_p*x_q*x_q*lambda*lambda - q_add*x_p*x_q*x_q*x_q - q_add*x_p*x_q*x_q*x_r - q_add*x_p*x_p*x_q*x_q - q_add*x_p*x_p*x_q*lambda*lambda + q_add*x_p*x_p*x_p*x_q + q_add*x_p*x_p*x_q*x_r + q_add*x_p*x_p*x_q*x_q,prime-field-montgomery,element,specialized,p128_mersenne_2^127_minus_1,128,4,0x7fffffffffffffffffffffffffffffff,22,4194304,5,6,8,2,10,whole-run,fixed,triton-sumcheck-prime-field-montgomery-element-layout-specialized-points,101.446,24.758,0.000,0.000000,0.000,24.758,ok,cuda-sumcheck-prime-field-montgomery-element-layout-specialized-points,18.4584,17.0936,0,0,0,17.0936,ok,true,34065180485349,34065180485349,1.448378,,CAMERA-READY/h100/sweep_fixed/cases_zk_32_128/zk_complete_add_3_bw128_r22.log
zk_complete_add_3,q_add*x_p*x_q*x_q*lambda*lambda - q_add*x_p*x_q*x_q*x_q - q_add*x_p*x_q*x_q*x_r - q_add*x_p*x_p*x_q*x_q - q_add*x_p*x_p*x_q*lambda*lambda + q_add*x_p*x_p*x_p*x_q + q_add*x_p*x_p*x_q*x_r + q_add*x_p*x_p*x_q*x_q,prime-field-montgomery,element,specialized,p128_mersenne_2^127_minus_1,128,4,0x7fffffffffffffffffffffffffffffff,24,16777216,5,6,8,2,10,whole-run,fixed,triton-sumcheck-prime-field-montgomery-element-layout-specialized-points,126.137,52.081,0.000,0.000000,0.000,52.081,ok,cuda-sumcheck-prime-field-montgomery-element-layout-specialized-points,50.5925,49.0721,0,0,0,49.0721,ok,true,37354257394376,37354257394376,1.061316,,CAMERA-READY/h100/sweep_fixed/cases_zk_32_128/zk_complete_add_3_bw128_r24.log
zk_complete_add_3,q_add*x_p*x_q*x_q*lambda*lambda - q_add*x_p*x_q*x_q*x_q - q_add*x_p*x_q*x_q*x_r - q_add*x_p*x_p*x_q*x_q - q_add*x_p*x_p*x_q*lambda*lambda + q_add*x_p*x_p*x_p*x_q + q_add*x_p*x_p*x_q*x_r + q_add*x_p*x_p*x_q*x_q,prime-field-montgomery,element,specialized,p128_mersenne_2^127_minus_1,128,4,0x7fffffffffffffffffffffffffffffff,26,67108864,5,6,8,2,10,whole-run,fixed,triton-sumcheck-prime-field-montgomery-element-layout-specialized-points,233.009,159.458,0.000,0.000000,0.000,159.458,ok,cuda-sumcheck-prime-field-montgomery-element-layout-specialized-points,175.965,174.208,0,0,0,174.208,ok,true,39721094411791,39721094411791,0.915331,,CAMERA-READY/h100/sweep_fixed/cases_zk_32_128/zk_complete_add_3_bw128_r26.log
zk_complete_add_3,q_add*x_p*x_q*x_q*lambda*lambda - q_add*x_p*x_q*x_q*x_q - q_add*x_p*x_q*x_q*x_r - q_add*x_p*x_p*x_q*x_q - q_add*x_p*x_p*x_q*lambda*lambda + q_add*x_p*x_p*x_p*x_q + q_add*x_p*x_p*x_q*x_r + q_add*x_p*x_p*x_q*x_q,prime-field-montgomery,element,specialized,p128_mersenne_2^127_minus_1,128,4,0x7fffffffffffffffffffffffffffffff,28,268435456,5,6,8,2,10,whole-run,fixed,triton-sumcheck-prime-field-montgomery-element-layout-specialized-points,617.545,574.658,0.000,0.000000,0.000,574.658,ok,cuda-sumcheck-prime-field-montgomery-element-layout-specialized-points,673.309,671.786,0,0,0,671.786,ok,true,43650485430734,43650485430734,0.855418,,CAMERA-READY/h100/sweep_fixed/cases_zk_32_128/zk_complete_add_3_bw128_r28.log
zk_complete_add_4,q_add*x_p*x_p*x_q*x_q*lambda - q_add*x_p*x_q*x_q*x_r*lambda - q_add*x_p*x_q*x_q*y_p - q_add*x_p*x_q*x_q*y_r - q_add*x_p*x_p*x_p*x_q*lambda + q_add*x_p*x_p*x_q*x_r*lambda + q_add*x_p*x_p*x_q*y_p + q_add*x_p*x_p*x_q*y_r,prime-field-montgomery,element,specialized,p32_2^32_minus_5,32,1,0xfffffffb,14,16384,7,6,8,2,10,whole-run,fixed,triton-sumcheck-prime-field-montgomery-element-layout-specialized-points,68.777,7.224,0.000,0.000000,0.000,7.224,ok,cuda-sumcheck-prime-field-montgomery-element-layout-specialized-points,2.55717,2.274,0,0,0,2.274,ok,true,2857122032258,2857122032258,3.176781,,CAMERA-READY/h100/sweep_fixed/cases_zk_32_128/zk_complete_add_4_bw32_r14.log
zk_complete_add_4,q_add*x_p*x_p*x_q*x_q*lambda - q_add*x_p*x_q*x_q*x_r*lambda - q_add*x_p*x_q*x_q*y_p - q_add*x_p*x_q*x_q*y_r - q_add*x_p*x_p*x_p*x_q*lambda + q_add*x_p*x_p*x_q*x_r*lambda + q_add*x_p*x_p*x_q*y_p + q_add*x_p*x_p*x_q*y_r,prime-field-montgomery,element,specialized,p32_2^32_minus_5,32,1,0xfffffffb,16,65536,7,6,8,2,10,whole-run,fixed,triton-sumcheck-prime-field-montgomery-element-layout-specialized-points,71.604,10.011,0.000,0.000000,0.000,10.011,ok,cuda-sumcheck-prime-field-montgomery-element-layout-specialized-points,3.14148,2.77802,0,0,0,2.77802,ok,true,3297125396851,3297125396851,3.603646,,CAMERA-READY/h100/sweep_fixed/cases_zk_32_128/zk_complete_add_4_bw32_r16.log
zk_complete_add_4,q_add*x_p*x_p*x_q*x_q*lambda - q_add*x_p*x_q*x_q*x_r*lambda - q_add*x_p*x_q*x_q*y_p - q_add*x_p*x_q*x_q*y_r - q_add*x_p*x_p*x_p*x_q*lambda + q_add*x_p*x_p*x_q*x_r*lambda + q_add*x_p*x_p*x_q*y_p + q_add*x_p*x_p*x_q*y_r,prime-field-montgomery,element,specialized,p32_2^32_minus_5,32,1,0xfffffffb,18,262144,7,6,8,2,10,whole-run,fixed,triton-sumcheck-prime-field-montgomery-element-layout-specialized-points,73.266,12.941,0.000,0.000000,0.000,12.941,ok,cuda-sumcheck-prime-field-montgomery-element-layout-specialized-points,3.7801,3.34067,0,0,0,3.34067,ok,true,3492006927812,3492006927812,3.873774,,CAMERA-READY/h100/sweep_fixed/cases_zk_32_128/zk_complete_add_4_bw32_r18.log
zk_complete_add_4,q_add*x_p*x_p*x_q*x_q*lambda - q_add*x_p*x_q*x_q*x_r*lambda - q_add*x_p*x_q*x_q*y_p - q_add*x_p*x_q*x_q*y_r - q_add*x_p*x_p*x_p*x_q*lambda + q_add*x_p*x_p*x_q*x_r*lambda + q_add*x_p*x_p*x_q*y_p + q_add*x_p*x_p*x_q*y_r,prime-field-montgomery,element,specialized,p32_2^32_minus_5,32,1,0xfffffffb,20,1048576,7,6,8,2,10,whole-run,fixed,triton-sumcheck-prime-field-montgomery-element-layout-specialized-points,77.317,16.476,0.000,0.000000,0.000,16.476,ok,cuda-sumcheck-prime-field-montgomery-element-layout-specialized-points,4.58702,4.15236,0,0,0,4.15236,ok,true,4167880773979,4167880773979,3.967864,,CAMERA-READY/h100/sweep_fixed/cases_zk_32_128/zk_complete_add_4_bw32_r20.log
zk_complete_add_4,q_add*x_p*x_p*x_q*x_q*lambda - q_add*x_p*x_q*x_q*x_r*lambda - q_add*x_p*x_q*x_q*y_p - q_add*x_p*x_q*x_q*y_r - q_add*x_p*x_p*x_p*x_q*lambda + q_add*x_p*x_p*x_q*x_r*lambda + q_add*x_p*x_p*x_q*y_p + q_add*x_p*x_p*x_q*y_r,prime-field-montgomery,element,specialized,p32_2^32_minus_5,32,1,0xfffffffb,22,4194304,7,6,8,2,10,whole-run,fixed,triton-sumcheck-prime-field-montgomery-element-layout-specialized-points,80.914,20.595,0.000,0.000000,0.000,20.595,ok,cuda-sumcheck-prime-field-montgomery-element-layout-specialized-points,6.03887,5.6325,0,0,0,5.6325,ok,true,4131580475503,4131580475503,3.656458,,CAMERA-READY/h100/sweep_fixed/cases_zk_32_128/zk_complete_add_4_bw32_r22.log
zk_complete_add_4,q_add*x_p*x_p*x_q*x_q*lambda - q_add*x_p*x_q*x_q*x_r*lambda - q_add*x_p*x_q*x_q*y_p - q_add*x_p*x_q*x_q*y_r - q_add*x_p*x_p*x_p*x_q*lambda + q_add*x_p*x_p*x_q*x_r*lambda + q_add*x_p*x_p*x_q*y_p + q_add*x_p*x_p*x_q*y_r,prime-field-montgomery,element,specialized,p32_2^32_minus_5,32,1,0xfffffffb,24,16777216,7,6,8,2,10,whole-run,fixed,triton-sumcheck-prime-field-montgomery-element-layout-specialized-points,89.528,30.704,0.000,0.000000,0.000,30.704,ok,cuda-sumcheck-prime-field-montgomery-element-layout-specialized-points,10.2134,9.83972,0,0,0,9.83972,ok,true,4757064179244,4757064179244,3.120414,,CAMERA-READY/h100/sweep_fixed/cases_zk_32_128/zk_complete_add_4_bw32_r24.log
zk_complete_add_4,q_add*x_p*x_p*x_q*x_q*lambda - q_add*x_p*x_q*x_q*x_r*lambda - q_add*x_p*x_q*x_q*y_p - q_add*x_p*x_q*x_q*y_r - q_add*x_p*x_p*x_p*x_q*lambda + q_add*x_p*x_p*x_q*x_r*lambda + q_add*x_p*x_p*x_q*y_p + q_add*x_p*x_p*x_q*y_r,prime-field-montgomery,element,specialized,p32_2^32_minus_5,32,1,0xfffffffb,26,67108864,7,6,8,2,10,whole-run,fixed,triton-sumcheck-prime-field-montgomery-element-layout-specialized-points,123.905,65.754,0.000,0.000000,0.000,65.754,ok,cuda-sumcheck-prime-field-montgomery-element-layout-specialized-points,23.7977,23.7192,0,0,0,23.7192,ok,true,4942562529957,4942562529957,2.772185,,CAMERA-READY/h100/sweep_fixed/cases_zk_32_128/zk_complete_add_4_bw32_r26.log
zk_complete_add_4,q_add*x_p*x_p*x_q*x_q*lambda - q_add*x_p*x_q*x_q*x_r*lambda - q_add*x_p*x_q*x_q*y_p - q_add*x_p*x_q*x_q*y_r - q_add*x_p*x_p*x_p*x_q*lambda + q_add*x_p*x_p*x_q*x_r*lambda + q_add*x_p*x_p*x_q*y_p + q_add*x_p*x_p*x_q*y_r,prime-field-montgomery,element,specialized,p32_2^32_minus_5,32,1,0xfffffffb,28,268435456,7,6,8,2,10,whole-run,fixed,triton-sumcheck-prime-field-montgomery-element-layout-specialized-points,259.472,201.920,0.000,0.000000,0.000,201.920,ok,cuda-sumcheck-prime-field-montgomery-element-layout-specialized-points,77.9014,80.4567,0,0,0,80.4567,ok,true,5335627553776,5335627553776,2.509673,,CAMERA-READY/h100/sweep_fixed/cases_zk_32_128/zk_complete_add_4_bw32_r28.log
zk_complete_add_4,q_add*x_p*x_p*x_q*x_q*lambda - q_add*x_p*x_q*x_q*x_r*lambda - q_add*x_p*x_q*x_q*y_p - q_add*x_p*x_q*x_q*y_r - q_add*x_p*x_p*x_p*x_q*lambda + q_add*x_p*x_p*x_q*x_r*lambda + q_add*x_p*x_p*x_q*y_p + q_add*x_p*x_p*x_q*y_r,prime-field-montgomery,element,specialized,p64_goldilocks,64,2,0xffffffff00000001,14,16384,7,6,8,2,10,whole-run,fixed,triton-sumcheck-prime-field-montgomery-element-layout-specialized-points,73.850,7.353,0.000,0.000000,0.000,7.353,ok,cuda-sumcheck-prime-field-montgomery-element-layout-specialized-points,3.18299,2.59854,0,0,0,2.59854,ok,true,8269461084287,8269461084287,2.829666,,CAMERA-READY/h100/sweep_fixed/cases_zk_32_128/zk_complete_add_4_bw64_r14.log
zk_complete_add_4,q_add*x_p*x_p*x_q*x_q*lambda - q_add*x_p*x_q*x_q*x_r*lambda - q_add*x_p*x_q*x_q*y_p - q_add*x_p*x_q*x_q*y_r - q_add*x_p*x_p*x_p*x_q*lambda + q_add*x_p*x_p*x_q*x_r*lambda + q_add*x_p*x_p*x_q*y_p + q_add*x_p*x_p*x_q*y_r,prime-field-montgomery,element,specialized,p64_goldilocks,64,2,0xffffffff00000001,16,65536,7,6,8,2,10,whole-run,fixed,triton-sumcheck-prime-field-montgomery-element-layout-specialized-points,75.816,9.865,0.000,0.000000,0.000,9.865,ok,cuda-sumcheck-prime-field-montgomery-element-layout-specialized-points,3.75679,3.13814,0,0,0,3.13814,ok,true,9067782558432,9067782558432,3.143582,,CAMERA-READY/h100/sweep_fixed/cases_zk_32_128/zk_complete_add_4_bw64_r16.log
zk_complete_add_4,q_add*x_p*x_p*x_q*x_q*lambda - q_add*x_p*x_q*x_q*x_r*lambda - q_add*x_p*x_q*x_q*y_p - q_add*x_p*x_q*x_q*y_r - q_add*x_p*x_p*x_p*x_q*lambda + q_add*x_p*x_p*x_q*x_r*lambda + q_add*x_p*x_p*x_q*y_p + q_add*x_p*x_p*x_q*y_r,prime-field-montgomery,element,specialized,p64_goldilocks,64,2,0xffffffff00000001,18,262144,7,6,8,2,10,whole-run,fixed,triton-sumcheck-prime-field-montgomery-element-layout-specialized-points,79.172,13.237,0.000,0.000000,0.000,13.237,ok,cuda-sumcheck-prime-field-montgomery-element-layout-specialized-points,4.5819,4.02158,0,0,0,4.02158,ok,true,10398630913320,10398630913320,3.291492,,CAMERA-READY/h100/sweep_fixed/cases_zk_32_128/zk_complete_add_4_bw64_r18.log
zk_complete_add_4,q_add*x_p*x_p*x_q*x_q*lambda - q_add*x_p*x_q*x_q*x_r*lambda - q_add*x_p*x_q*x_q*y_p - q_add*x_p*x_q*x_q*y_r - q_add*x_p*x_p*x_p*x_q*lambda + q_add*x_p*x_p*x_q*x_r*lambda + q_add*x_p*x_p*x_q*y_p + q_add*x_p*x_p*x_q*y_r,prime-field-montgomery,element,specialized,p64_goldilocks,64,2,0xffffffff00000001,20,1048576,7,6,8,2,10,whole-run,fixed,triton-sumcheck-prime-field-montgomery-element-layout-specialized-points,82.921,16.599,0.000,0.000000,0.000,16.599,ok,cuda-sumcheck-prime-field-montgomery-element-layout-specialized-points,5.91754,5.36158,0,0,0,5.36158,ok,true,11871175620356,11871175620356,3.095916,,CAMERA-READY/h100/sweep_fixed/cases_zk_32_128/zk_complete_add_4_bw64_r20.log
zk_complete_add_4,q_add*x_p*x_p*x_q*x_q*lambda - q_add*x_p*x_q*x_q*x_r*lambda - q_add*x_p*x_q*x_q*y_p - q_add*x_p*x_q*x_q*y_r - q_add*x_p*x_p*x_p*x_q*lambda + q_add*x_p*x_p*x_q*x_r*lambda + q_add*x_p*x_p*x_q*y_p + q_add*x_p*x_p*x_q*y_r,prime-field-montgomery,element,specialized,p64_goldilocks,64,2,0xffffffff00000001,22,4194304,7,6,8,2,10,whole-run,fixed,triton-sumcheck-prime-field-montgomery-element-layout-specialized-points,86.308,20.997,0.000,0.000000,0.000,20.997,ok,cuda-sumcheck-prime-field-montgomery-element-layout-specialized-points,9.80148,9.18259,0,0,0,9.18259,ok,true,12771763284514,12771763284514,2.286610,,CAMERA-READY/h100/sweep_fixed/cases_zk_32_128/zk_complete_add_4_bw64_r22.log
zk_complete_add_4,q_add*x_p*x_p*x_q*x_q*lambda - q_add*x_p*x_q*x_q*x_r*lambda - q_add*x_p*x_q*x_q*y_p - q_add*x_p*x_q*x_q*y_r - q_add*x_p*x_p*x_p*x_q*lambda + q_add*x_p*x_p*x_q*x_r*lambda + q_add*x_p*x_p*x_q*y_p + q_add*x_p*x_p*x_q*y_r,prime-field-montgomery,element,specialized,p64_goldilocks,64,2,0xffffffff00000001,24,16777216,7,6,8,2,10,whole-run,fixed,triton-sumcheck-prime-field-montgomery-element-layout-specialized-points,98.854,34.918,0.000,0.000000,0.000,34.918,ok,cuda-sumcheck-prime-field-montgomery-element-layout-specialized-points,21.794,21.3733,0,0,0,21.3733,ok,true,14667219991983,14667219991983,1.633721,,CAMERA-READY/h100/sweep_fixed/cases_zk_32_128/zk_complete_add_4_bw64_r24.log
zk_complete_add_4,q_add*x_p*x_p*x_q*x_q*lambda - q_add*x_p*x_q*x_q*x_r*lambda - q_add*x_p*x_q*x_q*y_p - q_add*x_p*x_q*x_q*y_r - q_add*x_p*x_p*x_p*x_q*lambda + q_add*x_p*x_p*x_q*x_r*lambda + q_add*x_p*x_p*x_q*y_p + q_add*x_p*x_p*x_q*y_r,prime-field-montgomery,element,specialized,p64_goldilocks,64,2,0xffffffff00000001,26,67108864,7,6,8,2,10,whole-run,fixed,triton-sumcheck-prime-field-montgomery-element-layout-specialized-points,149.628,87.269,0.000,0.000000,0.000,87.269,ok,cuda-sumcheck-prime-field-montgomery-element-layout-specialized-points,68.1118,68.4418,0,0,0,68.4418,ok,true,15101932636466,15101932636466,1.275083,,CAMERA-READY/h100/sweep_fixed/cases_zk_32_128/zk_complete_add_4_bw64_r26.log
zk_complete_add_4,q_add*x_p*x_p*x_q*x_q*lambda - q_add*x_p*x_q*x_q*x_r*lambda - q_add*x_p*x_q*x_q*y_p - q_add*x_p*x_q*x_q*y_r - q_add*x_p*x_p*x_p*x_q*lambda + q_add*x_p*x_p*x_q*x_r*lambda + q_add*x_p*x_p*x_q*y_p + q_add*x_p*x_p*x_q*y_r,prime-field-montgomery,element,specialized,p64_goldilocks,64,2,0xffffffff00000001,28,268435456,7,6,8,2,10,whole-run,fixed,triton-sumcheck-prime-field-montgomery-element-layout-specialized-points,355.670,298.697,0.000,0.000000,0.000,298.697,ok,cuda-sumcheck-prime-field-montgomery-element-layout-specialized-points,257.854,269.382,0,0,0,269.382,ok,true,17179183983975,17179183983975,1.108823,,CAMERA-READY/h100/sweep_fixed/cases_zk_32_128/zk_complete_add_4_bw64_r28.log
zk_complete_add_4,q_add*x_p*x_p*x_q*x_q*lambda - q_add*x_p*x_q*x_q*x_r*lambda - q_add*x_p*x_q*x_q*y_p - q_add*x_p*x_q*x_q*y_r - q_add*x_p*x_p*x_p*x_q*lambda + q_add*x_p*x_p*x_q*x_r*lambda + q_add*x_p*x_p*x_q*y_p + q_add*x_p*x_p*x_q*y_r,prime-field-montgomery,element,specialized,p128_mersenne_2^127_minus_1,128,4,0x7fffffffffffffffffffffffffffffff,14,16384,7,6,8,2,10,whole-run,fixed,triton-sumcheck-prime-field-montgomery-element-layout-specialized-points,87.784,7.676,0.000,0.000000,0.000,7.676,ok,cuda-sumcheck-prime-field-montgomery-element-layout-specialized-points,5.66685,3.93192,0,0,0,3.93192,ok,true,21714589434746,21714589434746,1.952227,,CAMERA-READY/h100/sweep_fixed/cases_zk_32_128/zk_complete_add_4_bw128_r14.log
zk_complete_add_4,q_add*x_p*x_p*x_q*x_q*lambda - q_add*x_p*x_q*x_q*x_r*lambda - q_add*x_p*x_q*x_q*y_p - q_add*x_p*x_q*x_q*y_r - q_add*x_p*x_p*x_p*x_q*lambda + q_add*x_p*x_p*x_q*x_r*lambda + q_add*x_p*x_p*x_q*y_p + q_add*x_p*x_p*x_q*y_r,prime-field-montgomery,element,specialized,p128_mersenne_2^127_minus_1,128,4,0x7fffffffffffffffffffffffffffffff,16,65536,7,6,8,2,10,whole-run,fixed,triton-sumcheck-prime-field-montgomery-element-layout-specialized-points,89.663,10.106,0.000,0.000000,0.000,10.106,ok,cuda-sumcheck-prime-field-montgomery-element-layout-specialized-points,6.18571,4.65862,0,0,0,4.65862,ok,true,25396909312606,25396909312606,2.169312,,CAMERA-READY/h100/sweep_fixed/cases_zk_32_128/zk_complete_add_4_bw128_r16.log
zk_complete_add_4,q_add*x_p*x_p*x_q*x_q*lambda - q_add*x_p*x_q*x_q*x_r*lambda - q_add*x_p*x_q*x_q*y_p - q_add*x_p*x_q*x_q*y_r - q_add*x_p*x_p*x_p*x_q*lambda + q_add*x_p*x_p*x_q*x_r*lambda + q_add*x_p*x_p*x_q*y_p + q_add*x_p*x_p*x_q*y_r,prime-field-montgomery,element,specialized,p128_mersenne_2^127_minus_1,128,4,0x7fffffffffffffffffffffffffffffff,18,262144,7,6,8,2,10,whole-run,fixed,triton-sumcheck-prime-field-montgomery-element-layout-specialized-points,95.478,13.272,0.000,0.000000,0.000,13.272,ok,cuda-sumcheck-prime-field-montgomery-element-layout-specialized-points,7.42919,5.97501,0,0,0,5.97501,ok,true,28129266629958,28129266629958,2.221252,,CAMERA-READY/h100/sweep_fixed/cases_zk_32_128/zk_complete_add_4_bw128_r18.log
zk_complete_add_4,q_add*x_p*x_p*x_q*x_q*lambda - q_add*x_p*x_q*x_q*x_r*lambda - q_add*x_p*x_q*x_q*y_p - q_add*x_p*x_q*x_q*y_r - q_add*x_p*x_p*x_p*x_q*lambda + q_add*x_p*x_p*x_q*x_r*lambda + q_add*x_p*x_p*x_q*y_p + q_add*x_p*x_p*x_q*y_r,prime-field-montgomery,element,specialized,p128_mersenne_2^127_minus_1,128,4,0x7fffffffffffffffffffffffffffffff,20,1048576,7,6,8,2,10,whole-run,fixed,triton-sumcheck-prime-field-montgomery-element-layout-specialized-points,98.177,17.281,0.000,0.000000,0.000,17.281,ok,cuda-sumcheck-prime-field-montgomery-element-layout-specialized-points,10.5847,9.25853,0,0,0,9.25853,ok,true,31578472193606,31578472193606,1.866495,,CAMERA-READY/h100/sweep_fixed/cases_zk_32_128/zk_complete_add_4_bw128_r20.log
zk_complete_add_4,q_add*x_p*x_p*x_q*x_q*lambda - q_add*x_p*x_q*x_q*x_r*lambda - q_add*x_p*x_q*x_q*y_p - q_add*x_p*x_q*x_q*y_r - q_add*x_p*x_p*x_p*x_q*lambda + q_add*x_p*x_p*x_q*x_r*lambda + q_add*x_p*x_p*x_q*y_p + q_add*x_p*x_p*x_q*y_r,prime-field-montgomery,element,specialized,p128_mersenne_2^127_minus_1,128,4,0x7fffffffffffffffffffffffffffffff,22,4194304,7,6,8,2,10,whole-run,fixed,triton-sumcheck-prime-field-montgomery-element-layout-specialized-points,104.717,26.087,0.000,0.000000,0.000,26.087,ok,cuda-sumcheck-prime-field-montgomery-element-layout-specialized-points,20.5141,19.0897,0,0,0,19.0897,ok,true,34926191251601,34926191251601,1.366548,,CAMERA-READY/h100/sweep_fixed/cases_zk_32_128/zk_complete_add_4_bw128_r22.log
zk_complete_add_4,q_add*x_p*x_p*x_q*x_q*lambda - q_add*x_p*x_q*x_q*x_r*lambda - q_add*x_p*x_q*x_q*y_p - q_add*x_p*x_q*x_q*y_r - q_add*x_p*x_p*x_p*x_q*lambda + q_add*x_p*x_p*x_q*x_r*lambda + q_add*x_p*x_p*x_q*y_p + q_add*x_p*x_p*x_q*y_r,prime-field-montgomery,element,specialized,p128_mersenne_2^127_minus_1,128,4,0x7fffffffffffffffffffffffffffffff,24,16777216,7,6,8,2,10,whole-run,fixed,triton-sumcheck-prime-field-montgomery-element-layout-specialized-points,137.878,59.696,0.000,0.000000,0.000,59.696,ok,cuda-sumcheck-prime-field-montgomery-element-layout-specialized-points,56.5798,55.1521,0,0,0,55.1521,ok,true,38710965531381,38710965531381,1.082389,,CAMERA-READY/h100/sweep_fixed/cases_zk_32_128/zk_complete_add_4_bw128_r24.log
zk_complete_add_4,q_add*x_p*x_p*x_q*x_q*lambda - q_add*x_p*x_q*x_q*x_r*lambda - q_add*x_p*x_q*x_q*y_p - q_add*x_p*x_q*x_q*y_r - q_add*x_p*x_p*x_p*x_q*lambda + q_add*x_p*x_p*x_q*x_r*lambda + q_add*x_p*x_p*x_q*y_p + q_add*x_p*x_p*x_q*y_r,prime-field-montgomery,element,specialized,p128_mersenne_2^127_minus_1,128,4,0x7fffffffffffffffffffffffffffffff,26,67108864,7,6,8,2,10,whole-run,fixed,triton-sumcheck-prime-field-montgomery-element-layout-specialized-points,266.433,190.286,0.000,0.000000,0.000,190.286,ok,cuda-sumcheck-prime-field-montgomery-element-layout-specialized-points,199.34,197.714,0,0,0,197.714,ok,true,40570245305473,40570245305473,0.962431,,CAMERA-READY/h100/sweep_fixed/cases_zk_32_128/zk_complete_add_4_bw128_r26.log
zk_complete_add_4,q_add*x_p*x_p*x_q*x_q*lambda - q_add*x_p*x_q*x_q*x_r*lambda - q_add*x_p*x_q*x_q*y_p - q_add*x_p*x_q*x_q*y_r - q_add*x_p*x_p*x_p*x_q*lambda + q_add*x_p*x_p*x_q*x_r*lambda + q_add*x_p*x_p*x_q*y_p + q_add*x_p*x_p*x_q*y_r,prime-field-montgomery,element,specialized,,128,,,28,268435456,7,6,8,2,10,whole-run,fixed,,,,,,,,skipped,,,,,,,,skipped,skipped,,,,returncode=1,CAMERA-READY/h100/sweep_fixed/cases_zk_32_128/zk_complete_add_4_bw128_r28.log
zk_complete_add_5,q_add*x_p*x_q*y_q*lambda*lambda + q_add*x_p*x_q*y_p*lambda*lambda - q_add*x_p*x_p*x_q*y_q - q_add*x_p*x_p*x_q*y_p - q_add*x_p*x_q*x_q*y_q - q_add*x_p*x_q*x_q*y_p - q_add*x_p*x_q*y_q*x_r - q_add*x_p*x_q*y_p*x_r,prime-field-montgomery,element,specialized,p32_2^32_minus_5,32,1,0xfffffffb,14,16384,7,6,8,2,10,whole-run,fixed,triton-sumcheck-prime-field-montgomery-element-layout-specialized-points,67.727,7.323,0.000,0.000000,0.000,7.323,ok,cuda-sumcheck-prime-field-montgomery-element-layout-specialized-points,2.59976,2.2968,0,0,0,2.2968,ok,true,2618948229781,2618948229781,3.188349,,CAMERA-READY/h100/sweep_fixed/cases_zk_32_128/zk_complete_add_5_bw32_r14.log
zk_complete_add_5,q_add*x_p*x_q*y_q*lambda*lambda + q_add*x_p*x_q*y_p*lambda*lambda - q_add*x_p*x_p*x_q*y_q - q_add*x_p*x_p*x_q*y_p - q_add*x_p*x_q*x_q*y_q - q_add*x_p*x_q*x_q*y_p - q_add*x_p*x_q*y_q*x_r - q_add*x_p*x_q*y_p*x_r,prime-field-montgomery,element,specialized,p32_2^32_minus_5,32,1,0xfffffffb,16,65536,7,6,8,2,10,whole-run,fixed,triton-sumcheck-prime-field-montgomery-element-layout-specialized-points,70.592,9.871,0.000,0.000000,0.000,9.871,ok,cuda-sumcheck-prime-field-montgomery-element-layout-specialized-points,3.12526,2.74925,0,0,0,2.74925,ok,true,3414977369479,3414977369479,3.590434,,CAMERA-READY/h100/sweep_fixed/cases_zk_32_128/zk_complete_add_5_bw32_r16.log
zk_complete_add_5,q_add*x_p*x_q*y_q*lambda*lambda + q_add*x_p*x_q*y_p*lambda*lambda - q_add*x_p*x_p*x_q*y_q - q_add*x_p*x_p*x_q*y_p - q_add*x_p*x_q*x_q*y_q - q_add*x_p*x_q*x_q*y_p - q_add*x_p*x_q*y_q*x_r - q_add*x_p*x_q*y_p*x_r,prime-field-montgomery,element,specialized,p32_2^32_minus_5,32,1,0xfffffffb,18,262144,7,6,8,2,10,whole-run,fixed,triton-sumcheck-prime-field-montgomery-element-layout-specialized-points,73.164,13.000,0.000,0.000000,0.000,13.000,ok,cuda-sumcheck-prime-field-montgomery-element-layout-specialized-points,3.78165,3.32882,0,0,0,3.32882,ok,true,3364864341735,3364864341735,3.905288,,CAMERA-READY/h100/sweep_fixed/cases_zk_32_128/zk_complete_add_5_bw32_r18.log
zk_complete_add_5,q_add*x_p*x_q*y_q*lambda*lambda + q_add*x_p*x_q*y_p*lambda*lambda - q_add*x_p*x_p*x_q*y_q - q_add*x_p*x_p*x_q*y_p - q_add*x_p*x_q*x_q*y_q - q_add*x_p*x_q*x_q*y_p - q_add*x_p*x_q*y_q*x_r - q_add*x_p*x_q*y_p*x_r,prime-field-montgomery,element,specialized,p32_2^32_minus_5,32,1,0xfffffffb,20,1048576,7,6,8,2,10,whole-run,fixed,triton-sumcheck-prime-field-montgomery-element-layout-specialized-points,77.060,16.328,0.000,0.000000,0.000,16.328,ok,cuda-sumcheck-prime-field-montgomery-element-layout-specialized-points,4.63074,4.16163,0,0,0,4.16163,ok,true,3580529220502,3580529220502,3.923463,,CAMERA-READY/h100/sweep_fixed/cases_zk_32_128/zk_complete_add_5_bw32_r20.log
zk_complete_add_5,q_add*x_p*x_q*y_q*lambda*lambda + q_add*x_p*x_q*y_p*lambda*lambda - q_add*x_p*x_p*x_q*y_q - q_add*x_p*x_p*x_q*y_p - q_add*x_p*x_q*x_q*y_q - q_add*x_p*x_q*x_q*y_p - q_add*x_p*x_q*y_q*x_r - q_add*x_p*x_q*y_p*x_r,prime-field-montgomery,element,specialized,p32_2^32_minus_5,32,1,0xfffffffb,22,4194304,7,6,8,2,10,whole-run,fixed,triton-sumcheck-prime-field-montgomery-element-layout-specialized-points,85.885,20.816,0.000,0.000000,0.000,20.816,ok,cuda-sumcheck-prime-field-montgomery-element-layout-specialized-points,6.07992,5.67361,0,0,0,5.67361,ok,true,4560619306958,4560619306958,3.668916,,CAMERA-READY/h100/sweep_fixed/cases_zk_32_128/zk_complete_add_5_bw32_r22.log
zk_complete_add_5,q_add*x_p*x_q*y_q*lambda*lambda + q_add*x_p*x_q*y_p*lambda*lambda - q_add*x_p*x_p*x_q*y_q - q_add*x_p*x_p*x_q*y_p - q_add*x_p*x_q*x_q*y_q - q_add*x_p*x_q*x_q*y_p - q_add*x_p*x_q*y_q*x_r - q_add*x_p*x_q*y_p*x_r,prime-field-montgomery,element,specialized,p32_2^32_minus_5,32,1,0xfffffffb,24,16777216,7,6,8,2,10,whole-run,fixed,triton-sumcheck-prime-field-montgomery-element-layout-specialized-points,89.585,30.049,0.000,0.000000,0.000,30.049,ok,cuda-sumcheck-prime-field-montgomery-element-layout-specialized-points,9.98289,9.62447,0,0,0,9.62447,ok,true,5152848351495,5152848351495,3.122146,,CAMERA-READY/h100/sweep_fixed/cases_zk_32_128/zk_complete_add_5_bw32_r24.log
zk_complete_add_5,q_add*x_p*x_q*y_q*lambda*lambda + q_add*x_p*x_q*y_p*lambda*lambda - q_add*x_p*x_p*x_q*y_q - q_add*x_p*x_p*x_q*y_p - q_add*x_p*x_q*x_q*y_q - q_add*x_p*x_q*x_q*y_p - q_add*x_p*x_q*y_q*x_r - q_add*x_p*x_q*y_p*x_r,prime-field-montgomery,element,specialized,p32_2^32_minus_5,32,1,0xfffffffb,26,67108864,7,6,8,2,10,whole-run,fixed,triton-sumcheck-prime-field-montgomery-element-layout-specialized-points,122.098,64.848,0.000,0.000000,0.000,64.848,ok,cuda-sumcheck-prime-field-montgomery-element-layout-specialized-points,23.643,23.3777,0,0,0,23.3777,ok,true,5376049301740,5376049301740,2.773926,,CAMERA-READY/h100/sweep_fixed/cases_zk_32_128/zk_complete_add_5_bw32_r26.log
zk_complete_add_5,q_add*x_p*x_q*y_q*lambda*lambda + q_add*x_p*x_q*y_p*lambda*lambda - q_add*x_p*x_p*x_q*y_q - q_add*x_p*x_p*x_q*y_p - q_add*x_p*x_q*x_q*y_q - q_add*x_p*x_q*x_q*y_p - q_add*x_p*x_q*y_q*x_r - q_add*x_p*x_q*y_p*x_r,prime-field-montgomery,element,specialized,p32_2^32_minus_5,32,1,0xfffffffb,28,268435456,7,6,8,2,10,whole-run,fixed,triton-sumcheck-prime-field-montgomery-element-layout-specialized-points,256.724,199.310,0.000,0.000000,0.000,199.310,ok,cuda-sumcheck-prime-field-montgomery-element-layout-specialized-points,77.0606,78.3908,0,0,0,78.3908,ok,true,5285422529946,5285422529946,2.542518,,CAMERA-READY/h100/sweep_fixed/cases_zk_32_128/zk_complete_add_5_bw32_r28.log
zk_complete_add_5,q_add*x_p*x_q*y_q*lambda*lambda + q_add*x_p*x_q*y_p*lambda*lambda - q_add*x_p*x_p*x_q*y_q - q_add*x_p*x_p*x_q*y_p - q_add*x_p*x_q*x_q*y_q - q_add*x_p*x_q*x_q*y_p - q_add*x_p*x_q*y_q*x_r - q_add*x_p*x_q*y_p*x_r,prime-field-montgomery,element,specialized,p64_goldilocks,64,2,0xffffffff00000001,14,16384,7,6,8,2,10,whole-run,fixed,triton-sumcheck-prime-field-montgomery-element-layout-specialized-points,73.943,7.303,0.000,0.000000,0.000,7.303,ok,cuda-sumcheck-prime-field-montgomery-element-layout-specialized-points,3.0884,2.54793,0,0,0,2.54793,ok,true,8395187864882,8395187864882,2.866248,,CAMERA-READY/h100/sweep_fixed/cases_zk_32_128/zk_complete_add_5_bw64_r14.log
zk_complete_add_5,q_add*x_p*x_q*y_q*lambda*lambda + q_add*x_p*x_q*y_p*lambda*lambda - q_add*x_p*x_p*x_q*y_q - q_add*x_p*x_p*x_q*y_p - q_add*x_p*x_q*x_q*y_q - q_add*x_p*x_q*x_q*y_p - q_add*x_p*x_q*y_q*x_r - q_add*x_p*x_q*y_p*x_r,prime-field-montgomery,element,specialized,p64_goldilocks,64,2,0xffffffff00000001,16,65536,7,6,8,2,10,whole-run,fixed,triton-sumcheck-prime-field-montgomery-element-layout-specialized-points,76.280,10.065,0.000,0.000000,0.000,10.065,ok,cuda-sumcheck-prime-field-montgomery-element-layout-specialized-points,3.87382,3.15839,0,0,0,3.15839,ok,true,10070046576304,10070046576304,3.186750,,CAMERA-READY/h100/sweep_fixed/cases_zk_32_128/zk_complete_add_5_bw64_r16.log
zk_complete_add_5,q_add*x_p*x_q*y_q*lambda*lambda + q_add*x_p*x_q*y_p*lambda*lambda - q_add*x_p*x_p*x_q*y_q - q_add*x_p*x_p*x_q*y_p - q_add*x_p*x_q*x_q*y_q - q_add*x_p*x_q*x_q*y_p - q_add*x_p*x_q*y_q*x_r - q_add*x_p*x_q*y_p*x_r,prime-field-montgomery,element,specialized,p64_goldilocks,64,2,0xffffffff00000001,18,262144,7,6,8,2,10,whole-run,fixed,triton-sumcheck-prime-field-montgomery-element-layout-specialized-points,78.759,13.007,0.000,0.000000,0.000,13.007,ok,cuda-sumcheck-prime-field-montgomery-element-layout-specialized-points,4.48318,3.88983,0,0,0,3.88983,ok,true,10342706563358,10342706563358,3.343848,,CAMERA-READY/h100/sweep_fixed/cases_zk_32_128/zk_complete_add_5_bw64_r18.log
zk_complete_add_5,q_add*x_p*x_q*y_q*lambda*lambda + q_add*x_p*x_q*y_p*lambda*lambda - q_add*x_p*x_p*x_q*y_q - q_add*x_p*x_p*x_q*y_p - q_add*x_p*x_q*x_q*y_q - q_add*x_p*x_q*x_q*y_p - q_add*x_p*x_q*y_q*x_r - q_add*x_p*x_q*y_p*x_r,prime-field-montgomery,element,specialized,p64_goldilocks,64,2,0xffffffff00000001,20,1048576,7,6,8,2,10,whole-run,fixed,triton-sumcheck-prime-field-montgomery-element-layout-specialized-points,83.032,16.749,0.000,0.000000,0.000,16.749,ok,cuda-sumcheck-prime-field-montgomery-element-layout-specialized-points,5.91948,5.37287,0,0,0,5.37287,ok,true,11516748301552,11516748301552,3.117328,,CAMERA-READY/h100/sweep_fixed/cases_zk_32_128/zk_complete_add_5_bw64_r20.log
zk_complete_add_5,q_add*x_p*x_q*y_q*lambda*lambda + q_add*x_p*x_q*y_p*lambda*lambda - q_add*x_p*x_p*x_q*y_q - q_add*x_p*x_p*x_q*y_p - q_add*x_p*x_q*x_q*y_q - q_add*x_p*x_q*x_q*y_p - q_add*x_p*x_q*y_q*x_r - q_add*x_p*x_q*y_p*x_r,prime-field-montgomery,element,specialized,p64_goldilocks,64,2,0xffffffff00000001,22,4194304,7,6,8,2,10,whole-run,fixed,triton-sumcheck-prime-field-montgomery-element-layout-specialized-points,87.077,21.270,0.000,0.000000,0.000,21.270,ok,cuda-sumcheck-prime-field-montgomery-element-layout-specialized-points,9.34054,8.7841,0,0,0,8.7841,ok,true,13163891691002,13163891691002,2.421421,,CAMERA-READY/h100/sweep_fixed/cases_zk_32_128/zk_complete_add_5_bw64_r22.log
zk_complete_add_5,q_add*x_p*x_q*y_q*lambda*lambda + q_add*x_p*x_q*y_p*lambda*lambda - q_add*x_p*x_p*x_q*y_q - q_add*x_p*x_p*x_q*y_p - q_add*x_p*x_q*x_q*y_q - q_add*x_p*x_q*x_q*y_p - q_add*x_p*x_q*y_q*x_r - q_add*x_p*x_q*y_p*x_r,prime-field-montgomery,element,specialized,p64_goldilocks,64,2,0xffffffff00000001,24,16777216,7,6,8,2,10,whole-run,fixed,triton-sumcheck-prime-field-montgomery-element-layout-specialized-points,100.468,35.031,0.000,0.000000,0.000,35.031,ok,cuda-sumcheck-prime-field-montgomery-element-layout-specialized-points,21.1019,20.5086,0,0,0,20.5086,ok,true,14619221144788,14619221144788,1.708113,,CAMERA-READY/h100/sweep_fixed/cases_zk_32_128/zk_complete_add_5_bw64_r24.log
zk_complete_add_5,q_add*x_p*x_q*y_q*lambda*lambda + q_add*x_p*x_q*y_p*lambda*lambda - q_add*x_p*x_p*x_q*y_q - q_add*x_p*x_p*x_q*y_p - q_add*x_p*x_q*x_q*y_q - q_add*x_p*x_q*x_q*y_p - q_add*x_p*x_q*y_q*x_r - q_add*x_p*x_q*y_p*x_r,prime-field-montgomery,element,specialized,p64_goldilocks,64,2,0xffffffff00000001,26,67108864,7,6,8,2,10,whole-run,fixed,triton-sumcheck-prime-field-montgomery-element-layout-specialized-points,149.897,86.715,0.000,0.000000,0.000,86.715,ok,cuda-sumcheck-prime-field-montgomery-element-layout-specialized-points,64.7557,65.2899,0,0,0,65.2899,ok,true,15556009458548,15556009458548,1.328153,,CAMERA-READY/h100/sweep_fixed/cases_zk_32_128/zk_complete_add_5_bw64_r26.log
zk_complete_add_5,q_add*x_p*x_q*y_q*lambda*lambda + q_add*x_p*x_q*y_p*lambda*lambda - q_add*x_p*x_p*x_q*y_q - q_add*x_p*x_p*x_q*y_p - q_add*x_p*x_q*x_q*y_q - q_add*x_p*x_q*x_q*y_p - q_add*x_p*x_q*y_q*x_r - q_add*x_p*x_q*y_p*x_r,prime-field-montgomery,element,specialized,p64_goldilocks,64,2,0xffffffff00000001,28,268435456,7,6,8,2,10,whole-run,fixed,triton-sumcheck-prime-field-montgomery-element-layout-specialized-points,352.859,294.407,0.000,0.000000,0.000,294.407,ok,cuda-sumcheck-prime-field-montgomery-element-layout-specialized-points,244.485,258.805,0,0,0,258.805,ok,true,15672764344484,15672764344484,1.137563,,CAMERA-READY/h100/sweep_fixed/cases_zk_32_128/zk_complete_add_5_bw64_r28.log
zk_complete_add_5,q_add*x_p*x_q*y_q*lambda*lambda + q_add*x_p*x_q*y_p*lambda*lambda - q_add*x_p*x_p*x_q*y_q - q_add*x_p*x_p*x_q*y_p - q_add*x_p*x_q*x_q*y_q - q_add*x_p*x_q*x_q*y_p - q_add*x_p*x_q*y_q*x_r - q_add*x_p*x_q*y_p*x_r,prime-field-montgomery,element,specialized,p128_mersenne_2^127_minus_1,128,4,0x7fffffffffffffffffffffffffffffff,14,16384,7,6,8,2,10,whole-run,fixed,triton-sumcheck-prime-field-montgomery-element-layout-specialized-points,53.817,4.856,0.000,0.000000,0.000,4.856,ok,cuda-sumcheck-prime-field-montgomery-element-layout-specialized-points,5.31307,3.76519,0,0,0,3.76519,ok,true,22347721338319,22347721338319,1.289709,,CAMERA-READY/h100/sweep_fixed/cases_zk_32_128/zk_complete_add_5_bw128_r14.log
zk_complete_add_5,q_add*x_p*x_q*y_q*lambda*lambda + q_add*x_p*x_q*y_p*lambda*lambda - q_add*x_p*x_p*x_q*y_q - q_add*x_p*x_p*x_q*y_p - q_add*x_p*x_q*x_q*y_q - q_add*x_p*x_q*x_q*y_p - q_add*x_p*x_q*y_q*x_r - q_add*x_p*x_q*y_p*x_r,prime-field-montgomery,element,specialized,p128_mersenne_2^127_minus_1,128,4,0x7fffffffffffffffffffffffffffffff,16,65536,7,6,8,2,10,whole-run,fixed,triton-sumcheck-prime-field-montgomery-element-layout-specialized-points,92.920,10.938,0.000,0.000000,0.000,10.938,ok,cuda-sumcheck-prime-field-montgomery-element-layout-specialized-points,5.98468,4.51202,0,0,0,4.51202,ok,true,24457069148317,24457069148317,2.424191,,CAMERA-READY/h100/sweep_fixed/cases_zk_32_128/zk_complete_add_5_bw128_r16.log
zk_complete_add_5,q_add*x_p*x_q*y_q*lambda*lambda + q_add*x_p*x_q*y_p*lambda*lambda - q_add*x_p*x_p*x_q*y_q - q_add*x_p*x_p*x_q*y_p - q_add*x_p*x_q*x_q*y_q - q_add*x_p*x_q*x_q*y_p - q_add*x_p*x_q*y_q*x_r - q_add*x_p*x_q*y_p*x_r,prime-field-montgomery,element,specialized,p128_mersenne_2^127_minus_1,128,4,0x7fffffffffffffffffffffffffffffff,18,262144,7,6,8,2,10,whole-run,fixed,triton-sumcheck-prime-field-montgomery-element-layout-specialized-points,93.987,13.549,0.000,0.000000,0.000,13.549,ok,cuda-sumcheck-prime-field-montgomery-element-layout-specialized-points,7.17285,5.775,0,0,0,5.775,ok,true,27416235585102,27416235585102,2.346147,,CAMERA-READY/h100/sweep_fixed/cases_zk_32_128/zk_complete_add_5_bw128_r18.log
zk_complete_add_5,q_add*x_p*x_q*y_q*lambda*lambda + q_add*x_p*x_q*y_p*lambda*lambda - q_add*x_p*x_p*x_q*y_q - q_add*x_p*x_p*x_q*y_p - q_add*x_p*x_q*x_q*y_q - q_add*x_p*x_q*x_q*y_p - q_add*x_p*x_q*y_q*x_r - q_add*x_p*x_q*y_p*x_r,prime-field-montgomery,element,specialized,p128_mersenne_2^127_minus_1,128,4,0x7fffffffffffffffffffffffffffffff,20,1048576,7,6,8,2,10,whole-run,fixed,triton-sumcheck-prime-field-montgomery-element-layout-specialized-points,96.087,16.812,0.000,0.000000,0.000,16.812,ok,cuda-sumcheck-prime-field-montgomery-element-layout-specialized-points,10.2027,8.79185,0,0,0,8.79185,ok,true,31335826549170,31335826549170,1.912226,,CAMERA-READY/h100/sweep_fixed/cases_zk_32_128/zk_complete_add_5_bw128_r20.log
zk_complete_add_5,q_add*x_p*x_q*y_q*lambda*lambda + q_add*x_p*x_q*y_p*lambda*lambda - q_add*x_p*x_p*x_q*y_q - q_add*x_p*x_p*x_q*y_p - q_add*x_p*x_q*x_q*y_q - q_add*x_p*x_q*x_q*y_p - q_add*x_p*x_q*y_q*x_r - q_add*x_p*x_q*y_p*x_r,prime-field-montgomery,element,specialized,p128_mersenne_2^127_minus_1,128,4,0x7fffffffffffffffffffffffffffffff,22,4194304,7,6,8,2,10,whole-run,fixed,triton-sumcheck-prime-field-montgomery-element-layout-specialized-points,105.745,25.987,0.000,0.000000,0.000,25.987,ok,cuda-sumcheck-prime-field-montgomery-element-layout-specialized-points,19.534,18.0521,0,0,0,18.0521,ok,true,34729672096938,34729672096938,1.439556,,CAMERA-READY/h100/sweep_fixed/cases_zk_32_128/zk_complete_add_5_bw128_r22.log
zk_complete_add_5,q_add*x_p*x_q*y_q*lambda*lambda + q_add*x_p*x_q*y_p*lambda*lambda - q_add*x_p*x_p*x_q*y_q - q_add*x_p*x_p*x_q*y_p - q_add*x_p*x_q*x_q*y_q - q_add*x_p*x_q*x_q*y_p - q_add*x_p*x_q*y_q*x_r - q_add*x_p*x_q*y_p*x_r,prime-field-montgomery,element,specialized,p128_mersenne_2^127_minus_1,128,4,0x7fffffffffffffffffffffffffffffff,24,16777216,7,6,8,2,10,whole-run,fixed,triton-sumcheck-prime-field-montgomery-element-layout-specialized-points,136.413,58.074,0.000,0.000000,0.000,58.074,ok,cuda-sumcheck-prime-field-montgomery-element-layout-specialized-points,54.0768,52.507,0,0,0,52.507,ok,true,37043555539653,37043555539653,1.106024,,CAMERA-READY/h100/sweep_fixed/cases_zk_32_128/zk_complete_add_5_bw128_r24.log
zk_complete_add_5,q_add*x_p*x_q*y_q*lambda*lambda + q_add*x_p*x_q*y_p*lambda*lambda - q_add*x_p*x_p*x_q*y_q - q_add*x_p*x_p*x_q*y_p - q_add*x_p*x_q*x_q*y_q - q_add*x_p*x_q*x_q*y_p - q_add*x_p*x_q*y_q*x_r - q_add*x_p*x_q*y_p*x_r,prime-field-montgomery,element,specialized,p128_mersenne_2^127_minus_1,128,4,0x7fffffffffffffffffffffffffffffff,26,67108864,7,6,8,2,10,whole-run,fixed,triton-sumcheck-prime-field-montgomery-element-layout-specialized-points,257.460,181.709,0.000,0.000000,0.000,181.709,ok,cuda-sumcheck-prime-field-montgomery-element-layout-specialized-points,187.423,187.32,0,0,0,187.32,ok,true,41499080803804,41499080803804,0.970046,,CAMERA-READY/h100/sweep_fixed/cases_zk_32_128/zk_complete_add_5_bw128_r26.log
zk_complete_add_5,q_add*x_p*x_q*y_q*lambda*lambda + q_add*x_p*x_q*y_p*lambda*lambda - q_add*x_p*x_p*x_q*y_q - q_add*x_p*x_p*x_q*y_p - q_add*x_p*x_q*x_q*y_q - q_add*x_p*x_q*x_q*y_p - q_add*x_p*x_q*y_q*x_r - q_add*x_p*x_q*y_p*x_r,prime-field-montgomery,element,specialized,,128,,,28,268435456,7,6,8,2,10,whole-run,fixed,,,,,,,,skipped,,,,,,,,skipped,skipped,,,,returncode=1,CAMERA-READY/h100/sweep_fixed/cases_zk_32_128/zk_complete_add_5_bw128_r28.log
zk_complete_add_6,q_add*x_p*x_p*x_q*y_q*lambda + q_add*x_p*x_p*x_q*y_p*lambda - q_add*x_p*x_q*y_p*x_r*lambda - q_add*x_p*x_q*y_q*x_r*lambda - q_add*x_p*x_q*y_p*y_p - q_add*x_p*x_q*y_p*y_q - q_add*x_p*x_q*y_p*y_r - q_add*x_p*x_q*y_q*y_r,prime-field-montgomery,element,specialized,p32_2^32_minus_5,32,1,0xfffffffb,14,16384,8,6,8,2,10,whole-run,fixed,triton-sumcheck-prime-field-montgomery-element-layout-specialized-points,155.946,4.637,0.000,0.000000,0.000,4.637,ok,cuda-sumcheck-prime-field-montgomery-element-layout-specialized-points,2.59335,2.2784,0,0,0,2.2784,ok,true,2732034355063,2732034355063,2.035200,,CAMERA-READY/h100/sweep_fixed/cases_zk_32_128/zk_complete_add_6_bw32_r14.log
zk_complete_add_6,q_add*x_p*x_p*x_q*y_q*lambda + q_add*x_p*x_p*x_q*y_p*lambda - q_add*x_p*x_q*y_p*x_r*lambda - q_add*x_p*x_q*y_q*x_r*lambda - q_add*x_p*x_q*y_p*y_p - q_add*x_p*x_q*y_p*y_q - q_add*x_p*x_q*y_p*y_r - q_add*x_p*x_q*y_q*y_r,prime-field-montgomery,element,specialized,p32_2^32_minus_5,32,1,0xfffffffb,16,65536,8,6,8,2,10,whole-run,fixed,triton-sumcheck-prime-field-montgomery-element-layout-specialized-points,39.645,5.731,0.000,0.000000,0.000,5.731,ok,cuda-sumcheck-prime-field-montgomery-element-layout-specialized-points,3.13128,2.7565,0,0,0,2.7565,ok,true,3165230624907,3165230624907,2.079086,,CAMERA-READY/h100/sweep_fixed/cases_zk_32_128/zk_complete_add_6_bw32_r16.log
zk_complete_add_6,q_add*x_p*x_p*x_q*y_q*lambda + q_add*x_p*x_p*x_q*y_p*lambda - q_add*x_p*x_q*y_p*x_r*lambda - q_add*x_p*x_q*y_q*x_r*lambda - q_add*x_p*x_q*y_p*y_p - q_add*x_p*x_q*y_p*y_q - q_add*x_p*x_q*y_p*y_r - q_add*x_p*x_q*y_q*y_r,prime-field-montgomery,element,specialized,p32_2^32_minus_5,32,1,0xfffffffb,18,262144,8,6,8,2,10,whole-run,fixed,triton-sumcheck-prime-field-montgomery-element-layout-specialized-points,41.856,7.574,0.000,0.000000,0.000,7.574,ok,cuda-sumcheck-prime-field-montgomery-element-layout-specialized-points,3.75284,3.34019,0,0,0,3.34019,ok,true,3524664918177,3524664918177,2.267536,,CAMERA-READY/h100/sweep_fixed/cases_zk_32_128/zk_complete_add_6_bw32_r18.log
zk_complete_add_6,q_add*x_p*x_p*x_q*y_q*lambda + q_add*x_p*x_p*x_q*y_p*lambda - q_add*x_p*x_q*y_p*x_r*lambda - q_add*x_p*x_q*y_q*x_r*lambda - q_add*x_p*x_q*y_p*y_p - q_add*x_p*x_q*y_p*y_q - q_add*x_p*x_q*y_p*y_r - q_add*x_p*x_q*y_q*y_r,prime-field-montgomery,element,specialized,p32_2^32_minus_5,32,1,0xfffffffb,20,1048576,8,6,8,2,10,whole-run,fixed,triton-sumcheck-prime-field-montgomery-element-layout-specialized-points,45.166,9.437,0.000,0.000000,0.000,9.437,ok,cuda-sumcheck-prime-field-montgomery-element-layout-specialized-points,4.53763,4.14149,0,0,0,4.14149,ok,true,3965831004005,3965831004005,2.278649,,CAMERA-READY/h100/sweep_fixed/cases_zk_32_128/zk_complete_add_6_bw32_r20.log
zk_complete_add_6,q_add*x_p*x_p*x_q*y_q*lambda + q_add*x_p*x_p*x_q*y_p*lambda - q_add*x_p*x_q*y_p*x_r*lambda - q_add*x_p*x_q*y_q*x_r*lambda - q_add*x_p*x_q*y_p*y_p - q_add*x_p*x_q*y_p*y_q - q_add*x_p*x_q*y_p*y_r - q_add*x_p*x_q*y_q*y_r,prime-field-montgomery,element,specialized,p32_2^32_minus_5,32,1,0xfffffffb,22,4194304,8,6,8,2,10,whole-run,fixed,triton-sumcheck-prime-field-montgomery-element-layout-specialized-points,81.658,20.527,0.000,0.000000,0.000,20.527,ok,cuda-sumcheck-prime-field-montgomery-element-layout-specialized-points,6.22317,5.86018,0,0,0,5.86018,ok,true,4218207864195,4218207864195,3.502793,,CAMERA-READY/h100/sweep_fixed/cases_zk_32_128/zk_complete_add_6_bw32_r22.log
zk_complete_add_6,q_add*x_p*x_p*x_q*y_q*lambda + q_add*x_p*x_p*x_q*y_p*lambda - q_add*x_p*x_q*y_p*x_r*lambda - q_add*x_p*x_q*y_q*x_r*lambda - q_add*x_p*x_q*y_p*y_p - q_add*x_p*x_q*y_p*y_q - q_add*x_p*x_q*y_p*y_r - q_add*x_p*x_q*y_q*y_r,prime-field-montgomery,element,specialized,p32_2^32_minus_5,32,1,0xfffffffb,24,16777216,8,6,8,2,10,whole-run,fixed,triton-sumcheck-prime-field-montgomery-element-layout-specialized-points,89.599,30.089,0.000,0.000000,0.000,30.089,ok,cuda-sumcheck-prime-field-montgomery-element-layout-specialized-points,10.5089,10.1707,0,0,0,10.1707,ok,true,4596271812704,4596271812704,2.958400,,CAMERA-READY/h100/sweep_fixed/cases_zk_32_128/zk_complete_add_6_bw32_r24.log
zk_complete_add_6,q_add*x_p*x_p*x_q*y_q*lambda + q_add*x_p*x_p*x_q*y_p*lambda - q_add*x_p*x_q*y_p*x_r*lambda - q_add*x_p*x_q*y_q*x_r*lambda - q_add*x_p*x_q*y_p*y_p - q_add*x_p*x_q*y_p*y_q - q_add*x_p*x_q*y_p*y_r - q_add*x_p*x_q*y_q*y_r,prime-field-montgomery,element,specialized,p32_2^32_minus_5,32,1,0xfffffffb,26,67108864,8,6,8,2,10,whole-run,fixed,triton-sumcheck-prime-field-montgomery-element-layout-specialized-points,124.053,66.280,0.000,0.000000,0.000,66.280,ok,cuda-sumcheck-prime-field-montgomery-element-layout-specialized-points,25.875,25.6813,0,0,0,25.6813,ok,true,4670927661413,4670927661413,2.580866,,CAMERA-READY/h100/sweep_fixed/cases_zk_32_128/zk_complete_add_6_bw32_r26.log
zk_complete_add_6,q_add*x_p*x_p*x_q*y_q*lambda + q_add*x_p*x_p*x_q*y_p*lambda - q_add*x_p*x_q*y_p*x_r*lambda - q_add*x_p*x_q*y_q*x_r*lambda - q_add*x_p*x_q*y_p*y_p - q_add*x_p*x_q*y_p*y_q - q_add*x_p*x_q*y_p*y_r - q_add*x_p*x_q*y_q*y_r,prime-field-montgomery,element,specialized,p32_2^32_minus_5,32,1,0xfffffffb,28,268435456,8,6,8,2,10,whole-run,fixed,triton-sumcheck-prime-field-montgomery-element-layout-specialized-points,263.341,206.426,0.000,0.000000,0.000,206.426,ok,cuda-sumcheck-prime-field-montgomery-element-layout-specialized-points,85.4838,86.9581,0,0,0,86.9581,ok,true,5407386445409,5407386445409,2.373856,,CAMERA-READY/h100/sweep_fixed/cases_zk_32_128/zk_complete_add_6_bw32_r28.log
zk_complete_add_6,q_add*x_p*x_p*x_q*y_q*lambda + q_add*x_p*x_p*x_q*y_p*lambda - q_add*x_p*x_q*y_p*x_r*lambda - q_add*x_p*x_q*y_q*x_r*lambda - q_add*x_p*x_q*y_p*y_p - q_add*x_p*x_q*y_p*y_q - q_add*x_p*x_q*y_p*y_r - q_add*x_p*x_q*y_q*y_r,prime-field-montgomery,element,specialized,p64_goldilocks,64,2,0xffffffff00000001,14,16384,8,6,8,2,10,whole-run,fixed,triton-sumcheck-prime-field-montgomery-element-layout-specialized-points,306.835,7.564,0.000,0.000000,0.000,7.564,ok,cuda-sumcheck-prime-field-montgomery-element-layout-specialized-points,3.12436,2.55215,0,0,0,2.55215,ok,true,8071796398614,8071796398614,2.963776,,CAMERA-READY/h100/sweep_fixed/cases_zk_32_128/zk_complete_add_6_bw64_r14.log
zk_complete_add_6,q_add*x_p*x_p*x_q*y_q*lambda + q_add*x_p*x_p*x_q*y_p*lambda - q_add*x_p*x_q*y_p*x_r*lambda - q_add*x_p*x_q*y_q*x_r*lambda - q_add*x_p*x_q*y_p*y_p - q_add*x_p*x_q*y_p*y_q - q_add*x_p*x_q*y_p*y_r - q_add*x_p*x_q*y_q*y_r,prime-field-montgomery,element,specialized,p64_goldilocks,64,2,0xffffffff00000001,16,65536,8,6,8,2,10,whole-run,fixed,triton-sumcheck-prime-field-montgomery-element-layout-specialized-points,78.528,9.969,0.000,0.000000,0.000,9.969,ok,cuda-sumcheck-prime-field-montgomery-element-layout-specialized-points,3.83975,3.20289,0,0,0,3.20289,ok,true,9188997486136,9188997486136,3.112502,,CAMERA-READY/h100/sweep_fixed/cases_zk_32_128/zk_complete_add_6_bw64_r16.log
zk_complete_add_6,q_add*x_p*x_p*x_q*y_q*lambda + q_add*x_p*x_p*x_q*y_p*lambda - q_add*x_p*x_q*y_p*x_r*lambda - q_add*x_p*x_q*y_q*x_r*lambda - q_add*x_p*x_q*y_p*y_p - q_add*x_p*x_q*y_p*y_q - q_add*x_p*x_q*y_p*y_r - q_add*x_p*x_q*y_q*y_r,prime-field-montgomery,element,specialized,p64_goldilocks,64,2,0xffffffff00000001,18,262144,8,6,8,2,10,whole-run,fixed,triton-sumcheck-prime-field-montgomery-element-layout-specialized-points,80.262,12.810,0.000,0.000000,0.000,12.810,ok,cuda-sumcheck-prime-field-montgomery-element-layout-specialized-points,4.55694,3.93763,0,0,0,3.93763,ok,true,10966450254344,10966450254344,3.253226,,CAMERA-READY/h100/sweep_fixed/cases_zk_32_128/zk_complete_add_6_bw64_r18.log
zk_complete_add_6,q_add*x_p*x_p*x_q*y_q*lambda + q_add*x_p*x_p*x_q*y_p*lambda - q_add*x_p*x_q*y_p*x_r*lambda - q_add*x_p*x_q*y_q*x_r*lambda - q_add*x_p*x_q*y_p*y_p - q_add*x_p*x_q*y_p*y_q - q_add*x_p*x_q*y_p*y_r - q_add*x_p*x_q*y_q*y_r,prime-field-montgomery,element,specialized,p64_goldilocks,64,2,0xffffffff00000001,20,1048576,8,6,8,2,10,whole-run,fixed,triton-sumcheck-prime-field-montgomery-element-layout-specialized-points,84.591,17.160,0.000,0.000000,0.000,17.160,ok,cuda-sumcheck-prime-field-montgomery-element-layout-specialized-points,6.00231,5.38862,0,0,0,5.38862,ok,true,11910253914364,11910253914364,3.184489,,CAMERA-READY/h100/sweep_fixed/cases_zk_32_128/zk_complete_add_6_bw64_r20.log
zk_complete_add_6,q_add*x_p*x_p*x_q*y_q*lambda + q_add*x_p*x_p*x_q*y_p*lambda - q_add*x_p*x_q*y_p*x_r*lambda - q_add*x_p*x_q*y_q*x_r*lambda - q_add*x_p*x_q*y_p*y_p - q_add*x_p*x_q*y_p*y_q - q_add*x_p*x_q*y_p*y_r - q_add*x_p*x_q*y_q*y_r,prime-field-montgomery,element,specialized,p64_goldilocks,64,2,0xffffffff00000001,22,4194304,8,6,8,2,10,whole-run,fixed,triton-sumcheck-prime-field-montgomery-element-layout-specialized-points,91.643,21.712,0.000,0.000000,0.000,21.712,ok,cuda-sumcheck-prime-field-montgomery-element-layout-specialized-points,9.8606,9.26484,0,0,0,9.26484,ok,true,13325553290634,13325553290634,2.343484,,CAMERA-READY/h100/sweep_fixed/cases_zk_32_128/zk_complete_add_6_bw64_r22.log
zk_complete_add_6,q_add*x_p*x_p*x_q*y_q*lambda + q_add*x_p*x_p*x_q*y_p*lambda - q_add*x_p*x_q*y_p*x_r*lambda - q_add*x_p*x_q*y_q*x_r*lambda - q_add*x_p*x_q*y_p*y_p - q_add*x_p*x_q*y_p*y_q - q_add*x_p*x_q*y_p*y_r - q_add*x_p*x_q*y_q*y_r,prime-field-montgomery,element,specialized,p64_goldilocks,64,2,0xffffffff00000001,24,16777216,8,6,8,2,10,whole-run,fixed,triton-sumcheck-prime-field-montgomery-element-layout-specialized-points,101.275,35.826,0.000,0.000000,0.000,35.826,ok,cuda-sumcheck-prime-field-montgomery-element-layout-specialized-points,22.6017,21.9835,0,0,0,21.9835,ok,true,14322881746485,14322881746485,1.629677,,CAMERA-READY/h100/sweep_fixed/cases_zk_32_128/zk_complete_add_6_bw64_r24.log
zk_complete_add_6,q_add*x_p*x_p*x_q*y_q*lambda + q_add*x_p*x_p*x_q*y_p*lambda - q_add*x_p*x_q*y_p*x_r*lambda - q_add*x_p*x_q*y_q*x_r*lambda - q_add*x_p*x_q*y_p*y_p - q_add*x_p*x_q*y_p*y_q - q_add*x_p*x_q*y_p*y_r - q_add*x_p*x_q*y_q*y_r,prime-field-montgomery,element,specialized,p64_goldilocks,64,2,0xffffffff00000001,26,67108864,8,6,8,2,10,whole-run,fixed,triton-sumcheck-prime-field-montgomery-element-layout-specialized-points,154.961,91.056,0.000,0.000000,0.000,91.056,ok,cuda-sumcheck-prime-field-montgomery-element-layout-specialized-points,70.2683,71.1646,0,0,0,71.1646,ok,true,14512861747540,14512861747540,1.279513,,CAMERA-READY/h100/sweep_fixed/cases_zk_32_128/zk_complete_add_6_bw64_r26.log
zk_complete_add_6,q_add*x_p*x_p*x_q*y_q*lambda + q_add*x_p*x_p*x_q*y_p*lambda - q_add*x_p*x_q*y_p*x_r*lambda - q_add*x_p*x_q*y_q*x_r*lambda - q_add*x_p*x_q*y_p*y_p - q_add*x_p*x_q*y_p*y_q - q_add*x_p*x_q*y_p*y_r - q_add*x_p*x_q*y_q*y_r,prime-field-montgomery,element,specialized,p64_goldilocks,64,2,0xffffffff00000001,28,268435456,8,6,8,2,10,whole-run,fixed,triton-sumcheck-prime-field-montgomery-element-layout-specialized-points,372.110,315.239,0.000,0.000000,0.000,315.239,ok,cuda-sumcheck-prime-field-montgomery-element-layout-specialized-points,269.871,281.692,0,0,0,281.692,ok,true,17209631480548,17209631480548,1.119091,,CAMERA-READY/h100/sweep_fixed/cases_zk_32_128/zk_complete_add_6_bw64_r28.log
zk_complete_add_6,q_add*x_p*x_p*x_q*y_q*lambda + q_add*x_p*x_p*x_q*y_p*lambda - q_add*x_p*x_q*y_p*x_r*lambda - q_add*x_p*x_q*y_q*x_r*lambda - q_add*x_p*x_q*y_p*y_p - q_add*x_p*x_q*y_p*y_q - q_add*x_p*x_q*y_p*y_r - q_add*x_p*x_q*y_q*y_r,prime-field-montgomery,element,specialized,p128_mersenne_2^127_minus_1,128,4,0x7fffffffffffffffffffffffffffffff,14,16384,8,6,8,2,10,whole-run,fixed,triton-sumcheck-prime-field-montgomery-element-layout-specialized-points,625.658,8.208,0.000,0.000000,0.000,8.208,ok,cuda-sumcheck-prime-field-montgomery-element-layout-specialized-points,5.4951,3.92046,0,0,0,3.92046,ok,true,21412066203099,21412066203099,2.093632,,CAMERA-READY/h100/sweep_fixed/cases_zk_32_128/zk_complete_add_6_bw128_r14.log
zk_complete_add_6,q_add*x_p*x_p*x_q*y_q*lambda + q_add*x_p*x_p*x_q*y_p*lambda - q_add*x_p*x_q*y_p*x_r*lambda - q_add*x_p*x_q*y_q*x_r*lambda - q_add*x_p*x_q*y_p*y_p - q_add*x_p*x_q*y_p*y_q - q_add*x_p*x_q*y_p*y_r - q_add*x_p*x_q*y_q*y_r,prime-field-montgomery,element,specialized,p128_mersenne_2^127_minus_1,128,4,0x7fffffffffffffffffffffffffffffff,16,65536,8,6,8,2,10,whole-run,fixed,triton-sumcheck-prime-field-montgomery-element-layout-specialized-points,93.273,10.214,0.000,0.000000,0.000,10.214,ok,cuda-sumcheck-prime-field-montgomery-element-layout-specialized-points,6.22565,4.6633,0,0,0,4.6633,ok,true,25361767609581,25361767609581,2.190294,,CAMERA-READY/h100/sweep_fixed/cases_zk_32_128/zk_complete_add_6_bw128_r16.log
zk_complete_add_6,q_add*x_p*x_p*x_q*y_q*lambda + q_add*x_p*x_p*x_q*y_p*lambda - q_add*x_p*x_q*y_p*x_r*lambda - q_add*x_p*x_q*y_q*x_r*lambda - q_add*x_p*x_q*y_p*y_p - q_add*x_p*x_q*y_p*y_q - q_add*x_p*x_q*y_p*y_r - q_add*x_p*x_q*y_q*y_r,prime-field-montgomery,element,specialized,p128_mersenne_2^127_minus_1,128,4,0x7fffffffffffffffffffffffffffffff,18,262144,8,6,8,2,10,whole-run,fixed,triton-sumcheck-prime-field-montgomery-element-layout-specialized-points,96.864,13.484,0.000,0.000000,0.000,13.484,ok,cuda-sumcheck-prime-field-montgomery-element-layout-specialized-points,7.64253,6.16161,0,0,0,6.16161,ok,true,27862136254225,27862136254225,2.188389,,CAMERA-READY/h100/sweep_fixed/cases_zk_32_128/zk_complete_add_6_bw128_r18.log
zk_complete_add_6,q_add*x_p*x_p*x_q*y_q*lambda + q_add*x_p*x_p*x_q*y_p*lambda - q_add*x_p*x_q*y_p*x_r*lambda - q_add*x_p*x_q*y_q*x_r*lambda - q_add*x_p*x_q*y_p*y_p - q_add*x_p*x_q*y_p*y_q - q_add*x_p*x_q*y_p*y_r - q_add*x_p*x_q*y_q*y_r,prime-field-montgomery,element,specialized,p128_mersenne_2^127_minus_1,128,4,0x7fffffffffffffffffffffffffffffff,20,1048576,8,6,8,2,10,whole-run,fixed,triton-sumcheck-prime-field-montgomery-element-layout-specialized-points,98.845,16.911,0.000,0.000000,0.000,16.911,ok,cuda-sumcheck-prime-field-montgomery-element-layout-specialized-points,10.8085,9.32908,0,0,0,9.32908,ok,true,32765236585601,32765236585601,1.812719,,CAMERA-READY/h100/sweep_fixed/cases_zk_32_128/zk_complete_add_6_bw128_r20.log
zk_complete_add_6,q_add*x_p*x_p*x_q*y_q*lambda + q_add*x_p*x_p*x_q*y_p*lambda - q_add*x_p*x_q*y_p*x_r*lambda - q_add*x_p*x_q*y_q*x_r*lambda - q_add*x_p*x_q*y_p*y_p - q_add*x_p*x_q*y_p*y_q - q_add*x_p*x_q*y_p*y_r - q_add*x_p*x_q*y_q*y_r,prime-field-montgomery,element,specialized,p128_mersenne_2^127_minus_1,128,4,0x7fffffffffffffffffffffffffffffff,22,4194304,8,6,8,2,10,whole-run,fixed,triton-sumcheck-prime-field-montgomery-element-layout-specialized-points,107.217,26.671,0.000,0.000000,0.000,26.671,ok,cuda-sumcheck-prime-field-montgomery-element-layout-specialized-points,21.0316,19.4425,0,0,0,19.4425,ok,true,33382113506443,33382113506443,1.371789,,CAMERA-READY/h100/sweep_fixed/cases_zk_32_128/zk_complete_add_6_bw128_r22.log
zk_complete_add_6,q_add*x_p*x_p*x_q*y_q*lambda + q_add*x_p*x_p*x_q*y_p*lambda - q_add*x_p*x_q*y_p*x_r*lambda - q_add*x_p*x_q*y_q*x_r*lambda - q_add*x_p*x_q*y_p*y_p - q_add*x_p*x_q*y_p*y_q - q_add*x_p*x_q*y_p*y_r - q_add*x_p*x_q*y_q*y_r,prime-field-montgomery,element,specialized,p128_mersenne_2^127_minus_1,128,4,0x7fffffffffffffffffffffffffffffff,24,16777216,8,6,8,2,10,whole-run,fixed,triton-sumcheck-prime-field-montgomery-element-layout-specialized-points,140.247,60.809,0.000,0.000000,0.000,60.809,ok,cuda-sumcheck-prime-field-montgomery-element-layout-specialized-points,58.0608,56.5137,0,0,0,56.5137,ok,true,38021855810549,38021855810549,1.076005,,CAMERA-READY/h100/sweep_fixed/cases_zk_32_128/zk_complete_add_6_bw128_r24.log
zk_complete_add_6,q_add*x_p*x_p*x_q*y_q*lambda + q_add*x_p*x_p*x_q*y_p*lambda - q_add*x_p*x_q*y_p*x_r*lambda - q_add*x_p*x_q*y_q*x_r*lambda - q_add*x_p*x_q*y_p*y_p - q_add*x_p*x_q*y_p*y_q - q_add*x_p*x_q*y_p*y_r - q_add*x_p*x_q*y_q*y_r,prime-field-montgomery,element,specialized,p128_mersenne_2^127_minus_1,128,4,0x7fffffffffffffffffffffffffffffff,26,67108864,8,6,8,2,10,whole-run,fixed,triton-sumcheck-prime-field-montgomery-element-layout-specialized-points,273.506,195.042,0.000,0.000000,0.000,195.042,ok,cuda-sumcheck-prime-field-montgomery-element-layout-specialized-points,203.974,202.414,0,0,0,202.414,ok,true,41597288433272,41597288433272,0.963580,,CAMERA-READY/h100/sweep_fixed/cases_zk_32_128/zk_complete_add_6_bw128_r26.log
zk_complete_add_6,q_add*x_p*x_p*x_q*y_q*lambda + q_add*x_p*x_p*x_q*y_p*lambda - q_add*x_p*x_q*y_p*x_r*lambda - q_add*x_p*x_q*y_q*x_r*lambda - q_add*x_p*x_q*y_p*y_p - q_add*x_p*x_q*y_p*y_q - q_add*x_p*x_q*y_p*y_r - q_add*x_p*x_q*y_q*y_r,prime-field-montgomery,element,specialized,,128,,,28,268435456,8,6,8,2,10,whole-run,fixed,,,,,,,,skipped,,,,,,,,skipped,skipped,,,,returncode=1,CAMERA-READY/h100/sweep_fixed/cases_zk_32_128/zk_complete_add_6_bw128_r28.log
zk_complete_add_7,q_add*x_r - q_add*x_q - q_add*x_p*x_r*beta + q_add*x_p*x_q*beta,prime-field-montgomery,element,specialized,p32_2^32_minus_5,32,1,0xfffffffb,14,16384,5,4,4,2,10,whole-run,fixed,triton-sumcheck-prime-field-montgomery-element-layout-specialized-points,61.508,3.292,0.000,0.000000,0.000,3.292,ok,cuda-sumcheck-prime-field-montgomery-element-layout-specialized-points,1.83959,1.57837,0,0,0,1.57837,ok,true,2034891719822,2034891719822,2.085696,,CAMERA-READY/h100/sweep_fixed/cases_zk_32_128/zk_complete_add_7_bw32_r14.log
zk_complete_add_7,q_add*x_r - q_add*x_q - q_add*x_p*x_r*beta + q_add*x_p*x_q*beta,prime-field-montgomery,element,specialized,p32_2^32_minus_5,32,1,0xfffffffb,16,65536,5,4,4,2,10,whole-run,fixed,triton-sumcheck-prime-field-montgomery-element-layout-specialized-points,61.550,7.182,0.000,0.000000,0.000,7.182,ok,cuda-sumcheck-prime-field-montgomery-element-layout-specialized-points,2.22645,1.98196,0,0,0,1.98196,ok,true,2172632219225,2172632219225,3.623686,,CAMERA-READY/h100/sweep_fixed/cases_zk_32_128/zk_complete_add_7_bw32_r16.log
zk_complete_add_7,q_add*x_r - q_add*x_q - q_add*x_p*x_r*beta + q_add*x_p*x_q*beta,prime-field-montgomery,element,specialized,p32_2^32_minus_5,32,1,0xfffffffb,18,262144,5,4,4,2,10,whole-run,fixed,triton-sumcheck-prime-field-montgomery-element-layout-specialized-points,63.276,9.514,0.000,0.000000,0.000,9.514,ok,cuda-sumcheck-prime-field-montgomery-element-layout-specialized-points,2.65812,2.38584,0,0,0,2.38584,ok,true,2573258479233,2573258479233,3.987694,,CAMERA-READY/h100/sweep_fixed/cases_zk_32_128/zk_complete_add_7_bw32_r18.log
zk_complete_add_7,q_add*x_r - q_add*x_q - q_add*x_p*x_r*beta + q_add*x_p*x_q*beta,prime-field-montgomery,element,specialized,p32_2^32_minus_5,32,1,0xfffffffb,20,1048576,5,4,4,2,10,whole-run,fixed,triton-sumcheck-prime-field-montgomery-element-layout-specialized-points,67.109,12.055,0.000,0.000000,0.000,12.055,ok,cuda-sumcheck-prime-field-montgomery-element-layout-specialized-points,3.19965,2.88043,0,0,0,2.88043,ok,true,2693989604514,2693989604514,4.185139,,CAMERA-READY/h100/sweep_fixed/cases_zk_32_128/zk_complete_add_7_bw32_r20.log
zk_complete_add_7,q_add*x_r - q_add*x_q - q_add*x_p*x_r*beta + q_add*x_p*x_q*beta,prime-field-montgomery,element,specialized,p32_2^32_minus_5,32,1,0xfffffffb,22,4194304,5,4,4,2,10,whole-run,fixed,triton-sumcheck-prime-field-montgomery-element-layout-specialized-points,69.014,14.745,0.000,0.000000,0.000,14.745,ok,cuda-sumcheck-prime-field-montgomery-element-layout-specialized-points,4.10133,3.82398,0,0,0,3.82398,ok,true,2988758291324,2988758291324,3.855930,,CAMERA-READY/h100/sweep_fixed/cases_zk_32_128/zk_complete_add_7_bw32_r22.log
zk_complete_add_7,q_add*x_r - q_add*x_q - q_add*x_p*x_r*beta + q_add*x_p*x_q*beta,prime-field-montgomery,element,specialized,p32_2^32_minus_5,32,1,0xfffffffb,24,16777216,5,4,4,2,10,whole-run,fixed,triton-sumcheck-prime-field-montgomery-element-layout-specialized-points,73.939,20.778,0.000,0.000000,0.000,20.778,ok,cuda-sumcheck-prime-field-montgomery-element-layout-specialized-points,6.29705,5.99589,0,0,0,5.99589,ok,true,3229523613953,3229523613953,3.465374,,CAMERA-READY/h100/sweep_fixed/cases_zk_32_128/zk_complete_add_7_bw32_r24.log
zk_complete_add_7,q_add*x_r - q_add*x_q - q_add*x_p*x_r*beta + q_add*x_p*x_q*beta,prime-field-montgomery,element,specialized,p32_2^32_minus_5,32,1,0xfffffffb,26,67108864,5,4,4,2,10,whole-run,fixed,triton-sumcheck-prime-field-montgomery-element-layout-specialized-points,94.648,42.293,0.000,0.000000,0.000,42.293,ok,cuda-sumcheck-prime-field-montgomery-element-layout-specialized-points,13.8116,13.5641,0,0,0,13.5641,ok,true,3809575414749,3809575414749,3.118010,,CAMERA-READY/h100/sweep_fixed/cases_zk_32_128/zk_complete_add_7_bw32_r26.log
zk_complete_add_7,q_add*x_r - q_add*x_q - q_add*x_p*x_r*beta + q_add*x_p*x_q*beta,prime-field-montgomery,element,specialized,p32_2^32_minus_5,32,1,0xfffffffb,28,268435456,5,4,4,2,10,whole-run,fixed,triton-sumcheck-prime-field-montgomery-element-layout-specialized-points,175.605,124.543,0.000,0.000000,0.000,124.543,ok,cuda-sumcheck-prime-field-montgomery-element-layout-specialized-points,41.7588,41.6475,0,0,0,41.6475,ok,true,3820541626746,3820541626746,2.990408,,CAMERA-READY/h100/sweep_fixed/cases_zk_32_128/zk_complete_add_7_bw32_r28.log
zk_complete_add_7,q_add*x_r - q_add*x_q - q_add*x_p*x_r*beta + q_add*x_p*x_q*beta,prime-field-montgomery,element,specialized,p64_goldilocks,64,2,0xffffffff00000001,14,16384,5,4,4,2,10,whole-run,fixed,triton-sumcheck-prime-field-montgomery-element-layout-specialized-points,61.062,5.491,0.000,0.000000,0.000,5.491,ok,cuda-sumcheck-prime-field-montgomery-element-layout-specialized-points,2.01647,1.75152,0,0,0,1.75152,ok,true,5673203275285,5673203275285,3.134991,,CAMERA-READY/h100/sweep_fixed/cases_zk_32_128/zk_complete_add_7_bw64_r14.log
zk_complete_add_7,q_add*x_r - q_add*x_q - q_add*x_p*x_r*beta + q_add*x_p*x_q*beta,prime-field-montgomery,element,specialized,p64_goldilocks,64,2,0xffffffff00000001,16,65536,5,4,4,2,10,whole-run,fixed,triton-sumcheck-prime-field-montgomery-element-layout-specialized-points,63.074,7.298,0.000,0.000000,0.000,7.298,ok,cuda-sumcheck-prime-field-montgomery-element-layout-specialized-points,2.37117,2.11515,0,0,0,2.11515,ok,true,6344118157169,6344118157169,3.450346,,CAMERA-READY/h100/sweep_fixed/cases_zk_32_128/zk_complete_add_7_bw64_r16.log
zk_complete_add_7,q_add*x_r - q_add*x_q - q_add*x_p*x_r*beta + q_add*x_p*x_q*beta,prime-field-montgomery,element,specialized,p64_goldilocks,64,2,0xffffffff00000001,18,262144,5,4,4,2,10,whole-run,fixed,triton-sumcheck-prime-field-montgomery-element-layout-specialized-points,64.966,9.574,0.000,0.000000,0.000,9.574,ok,cuda-sumcheck-prime-field-montgomery-element-layout-specialized-points,2.88567,2.59675,0,0,0,2.59675,ok,true,7586800119743,7586800119743,3.686916,,CAMERA-READY/h100/sweep_fixed/cases_zk_32_128/zk_complete_add_7_bw64_r18.log
zk_complete_add_7,q_add*x_r - q_add*x_q - q_add*x_p*x_r*beta + q_add*x_p*x_q*beta,prime-field-montgomery,element,specialized,p64_goldilocks,64,2,0xffffffff00000001,20,1048576,5,4,4,2,10,whole-run,fixed,triton-sumcheck-prime-field-montgomery-element-layout-specialized-points,67.620,11.980,0.000,0.000000,0.000,11.980,ok,cuda-sumcheck-prime-field-montgomery-element-layout-specialized-points,3.50954,3.21171,0,0,0,3.21171,ok,true,8468862849707,8468862849707,3.730100,,CAMERA-READY/h100/sweep_fixed/cases_zk_32_128/zk_complete_add_7_bw64_r20.log
zk_complete_add_7,q_add*x_r - q_add*x_q - q_add*x_p*x_r*beta + q_add*x_p*x_q*beta,prime-field-montgomery,element,specialized,p64_goldilocks,64,2,0xffffffff00000001,22,4194304,5,4,4,2,10,whole-run,fixed,triton-sumcheck-prime-field-montgomery-element-layout-specialized-points,70.602,14.870,0.000,0.000000,0.000,14.870,ok,cuda-sumcheck-prime-field-montgomery-element-layout-specialized-points,4.96389,4.68281,0,0,0,4.68281,ok,true,9645652376542,9645652376542,3.175444,,CAMERA-READY/h100/sweep_fixed/cases_zk_32_128/zk_complete_add_7_bw64_r22.log
zk_complete_add_7,q_add*x_r - q_add*x_q - q_add*x_p*x_r*beta + q_add*x_p*x_q*beta,prime-field-montgomery,element,specialized,p64_goldilocks,64,2,0xffffffff00000001,24,16777216,5,4,4,2,10,whole-run,fixed,triton-sumcheck-prime-field-montgomery-element-layout-specialized-points,76.376,22.063,0.000,0.000000,0.000,22.063,ok,cuda-sumcheck-prime-field-montgomery-element-layout-specialized-points,9.27101,8.98707,0,0,0,8.98707,ok,true,10460992284873,10460992284873,2.454971,,CAMERA-READY/h100/sweep_fixed/cases_zk_32_128/zk_complete_add_7_bw64_r24.log
zk_complete_add_7,q_add*x_r - q_add*x_q - q_add*x_p*x_r*beta + q_add*x_p*x_q*beta,prime-field-montgomery,element,specialized,p64_goldilocks,64,2,0xffffffff00000001,26,67108864,5,4,4,2,10,whole-run,fixed,triton-sumcheck-prime-field-montgomery-element-layout-specialized-points,100.484,47.560,0.000,0.000000,0.000,47.560,ok,cuda-sumcheck-prime-field-montgomery-element-layout-specialized-points,24.2525,24.1173,0,0,0,24.1173,ok,true,10722365125056,10722365125056,1.972028,,CAMERA-READY/h100/sweep_fixed/cases_zk_32_128/zk_complete_add_7_bw64_r26.log
zk_complete_add_7,q_add*x_r - q_add*x_q - q_add*x_p*x_r*beta + q_add*x_p*x_q*beta,prime-field-montgomery,element,specialized,p64_goldilocks,64,2,0xffffffff00000001,28,268435456,5,4,4,2,10,whole-run,fixed,triton-sumcheck-prime-field-montgomery-element-layout-specialized-points,198.621,149.306,0.000,0.000000,0.000,149.306,ok,cuda-sumcheck-prime-field-montgomery-element-layout-specialized-points,82.7311,83.6788,0,0,0,83.6788,ok,true,11417964607582,11417964607582,1.784275,,CAMERA-READY/h100/sweep_fixed/cases_zk_32_128/zk_complete_add_7_bw64_r28.log
zk_complete_add_7,q_add*x_r - q_add*x_q - q_add*x_p*x_r*beta + q_add*x_p*x_q*beta,prime-field-montgomery,element,specialized,p128_mersenne_2^127_minus_1,128,4,0x7fffffffffffffffffffffffffffffff,14,16384,5,4,4,2,10,whole-run,fixed,triton-sumcheck-prime-field-montgomery-element-layout-specialized-points,37.333,3.175,0.000,0.000000,0.000,3.175,ok,cuda-sumcheck-prime-field-montgomery-element-layout-specialized-points,2.26734,1.79071,0,0,0,1.79071,ok,true,12260456006123,12260456006123,1.773040,,CAMERA-READY/h100/sweep_fixed/cases_zk_32_128/zk_complete_add_7_bw128_r14.log
zk_complete_add_7,q_add*x_r - q_add*x_q - q_add*x_p*x_r*beta + q_add*x_p*x_q*beta,prime-field-montgomery,element,specialized,p128_mersenne_2^127_minus_1,128,4,0x7fffffffffffffffffffffffffffffff,16,65536,5,4,4,2,10,whole-run,fixed,triton-sumcheck-prime-field-montgomery-element-layout-specialized-points,67.919,7.366,0.000,0.000000,0.000,7.366,ok,cuda-sumcheck-prime-field-montgomery-element-layout-specialized-points,2.6285,2.18152,0,0,0,2.18152,ok,true,14187752250711,14187752250711,3.376545,,CAMERA-READY/h100/sweep_fixed/cases_zk_32_128/zk_complete_add_7_bw128_r16.log
zk_complete_add_7,q_add*x_r - q_add*x_q - q_add*x_p*x_r*beta + q_add*x_p*x_q*beta,prime-field-montgomery,element,specialized,p128_mersenne_2^127_minus_1,128,4,0x7fffffffffffffffffffffffffffffff,18,262144,5,4,4,2,10,whole-run,fixed,triton-sumcheck-prime-field-montgomery-element-layout-specialized-points,69.902,9.417,0.000,0.000000,0.000,9.417,ok,cuda-sumcheck-prime-field-montgomery-element-layout-specialized-points,3.17065,2.73839,0,0,0,2.73839,ok,true,17298230590979,17298230590979,3.438882,,CAMERA-READY/h100/sweep_fixed/cases_zk_32_128/zk_complete_add_7_bw128_r18.log
zk_complete_add_7,q_add*x_r - q_add*x_q - q_add*x_p*x_r*beta + q_add*x_p*x_q*beta,prime-field-montgomery,element,specialized,p128_mersenne_2^127_minus_1,128,4,0x7fffffffffffffffffffffffffffffff,20,1048576,5,4,4,2,10,whole-run,fixed,triton-sumcheck-prime-field-montgomery-element-layout-specialized-points,73.286,11.970,0.000,0.000000,0.000,11.970,ok,cuda-sumcheck-prime-field-montgomery-element-layout-specialized-points,4.35919,3.90509,0,0,0,3.90509,ok,true,22557764587774,22557764587774,3.065230,,CAMERA-READY/h100/sweep_fixed/cases_zk_32_128/zk_complete_add_7_bw128_r20.log
zk_complete_add_7,q_add*x_r - q_add*x_q - q_add*x_p*x_r*beta + q_add*x_p*x_q*beta,prime-field-montgomery,element,specialized,p128_mersenne_2^127_minus_1,128,4,0x7fffffffffffffffffffffffffffffff,22,4194304,5,4,4,2,10,whole-run,fixed,triton-sumcheck-prime-field-montgomery-element-layout-specialized-points,75.696,16.017,0.000,0.000000,0.000,16.017,ok,cuda-sumcheck-prime-field-montgomery-element-layout-specialized-points,7.09832,6.5742,0,0,0,6.5742,ok,true,24772510013771,24772510013771,2.436342,,CAMERA-READY/h100/sweep_fixed/cases_zk_32_128/zk_complete_add_7_bw128_r22.log
zk_complete_add_7,q_add*x_r - q_add*x_q - q_add*x_p*x_r*beta + q_add*x_p*x_q*beta,prime-field-montgomery,element,specialized,p128_mersenne_2^127_minus_1,128,4,0x7fffffffffffffffffffffffffffffff,24,16777216,5,4,4,2,10,whole-run,fixed,triton-sumcheck-prime-field-montgomery-element-layout-specialized-points,87.333,28.810,0.000,0.000000,0.000,28.810,ok,cuda-sumcheck-prime-field-montgomery-element-layout-specialized-points,15.4322,15.0015,0,0,0,15.0015,ok,true,27407170465337,27407170465337,1.920475,,CAMERA-READY/h100/sweep_fixed/cases_zk_32_128/zk_complete_add_7_bw128_r24.log
zk_complete_add_7,q_add*x_r - q_add*x_q - q_add*x_p*x_r*beta + q_add*x_p*x_q*beta,prime-field-montgomery,element,specialized,p128_mersenne_2^127_minus_1,128,4,0x7fffffffffffffffffffffffffffffff,26,67108864,5,4,4,2,10,whole-run,fixed,triton-sumcheck-prime-field-montgomery-element-layout-specialized-points,134.913,78.125,0.000,0.000000,0.000,78.125,ok,cuda-sumcheck-prime-field-montgomery-element-layout-specialized-points,47.8847,47.4011,0,0,0,47.4011,ok,true,28291550435941,28291550435941,1.648169,,CAMERA-READY/h100/sweep_fixed/cases_zk_32_128/zk_complete_add_7_bw128_r26.log
zk_complete_add_7,q_add*x_r - q_add*x_q - q_add*x_p*x_r*beta + q_add*x_p*x_q*beta,prime-field-montgomery,element,specialized,p128_mersenne_2^127_minus_1,128,4,0x7fffffffffffffffffffffffffffffff,28,268435456,5,4,4,2,10,whole-run,fixed,triton-sumcheck-prime-field-montgomery-element-layout-specialized-points,328.108,272.158,0.000,0.000000,0.000,272.158,ok,cuda-sumcheck-prime-field-montgomery-element-layout-specialized-points,177.552,184.465,0,0,0,184.465,ok,true,29758454218935,29758454218935,1.475391,,CAMERA-READY/h100/sweep_fixed/cases_zk_32_128/zk_complete_add_7_bw128_r28.log
zk_complete_add_8,q_add*y_r - q_add*y_q - q_add*x_p*y_r*beta + q_add*x_p*y_q*beta,prime-field-montgomery,element,specialized,p32_2^32_minus_5,32,1,0xfffffffb,14,16384,5,4,4,2,10,whole-run,fixed,triton-sumcheck-prime-field-montgomery-element-layout-specialized-points,59.476,5.343,0.000,0.000000,0.000,5.343,ok,cuda-sumcheck-prime-field-montgomery-element-layout-specialized-points,1.87551,1.6115,0,0,0,1.6115,ok,true,2034891719822,2034891719822,3.315545,,CAMERA-READY/h100/sweep_fixed/cases_zk_32_128/zk_complete_add_8_bw32_r14.log
zk_complete_add_8,q_add*y_r - q_add*y_q - q_add*x_p*y_r*beta + q_add*x_p*y_q*beta,prime-field-montgomery,element,specialized,p32_2^32_minus_5,32,1,0xfffffffb,16,65536,5,4,4,2,10,whole-run,fixed,triton-sumcheck-prime-field-montgomery-element-layout-specialized-points,61.663,7.320,0.000,0.000000,0.000,7.320,ok,cuda-sumcheck-prime-field-montgomery-element-layout-specialized-points,2.24566,1.99514,0,0,0,1.99514,ok,true,2172632219225,2172632219225,3.668915,,CAMERA-READY/h100/sweep_fixed/cases_zk_32_128/zk_complete_add_8_bw32_r16.log
zk_complete_add_8,q_add*y_r - q_add*y_q - q_add*x_p*y_r*beta + q_add*x_p*y_q*beta,prime-field-montgomery,element,specialized,p32_2^32_minus_5,32,1,0xfffffffb,18,262144,5,4,4,2,10,whole-run,fixed,triton-sumcheck-prime-field-montgomery-element-layout-specialized-points,63.837,9.615,0.000,0.000000,0.000,9.615,ok,cuda-sumcheck-prime-field-montgomery-element-layout-specialized-points,2.76123,2.38043,0,0,0,2.38043,ok,true,2573258479233,2573258479233,4.039186,,CAMERA-READY/h100/sweep_fixed/cases_zk_32_128/zk_complete_add_8_bw32_r18.log
zk_complete_add_8,q_add*y_r - q_add*y_q - q_add*x_p*y_r*beta + q_add*x_p*y_q*beta,prime-field-montgomery,element,specialized,p32_2^32_minus_5,32,1,0xfffffffb,20,1048576,5,4,4,2,10,whole-run,fixed,triton-sumcheck-prime-field-montgomery-element-layout-specialized-points,66.429,11.882,0.000,0.000000,0.000,11.882,ok,cuda-sumcheck-prime-field-montgomery-element-layout-specialized-points,3.23713,2.86899,0,0,0,2.86899,ok,true,2693989604514,2693989604514,4.141527,,CAMERA-READY/h100/sweep_fixed/cases_zk_32_128/zk_complete_add_8_bw32_r20.log
zk_complete_add_8,q_add*y_r - q_add*y_q - q_add*x_p*y_r*beta + q_add*x_p*y_q*beta,prime-field-montgomery,element,specialized,p32_2^32_minus_5,32,1,0xfffffffb,22,4194304,5,4,4,2,10,whole-run,fixed,triton-sumcheck-prime-field-montgomery-element-layout-specialized-points,70.939,15.044,0.000,0.000000,0.000,15.044,ok,cuda-sumcheck-prime-field-montgomery-element-layout-specialized-points,4.10493,3.8227,0,0,0,3.8227,ok,true,2988758291324,2988758291324,3.935438,,CAMERA-READY/h100/sweep_fixed/cases_zk_32_128/zk_complete_add_8_bw32_r22.log
zk_complete_add_8,q_add*y_r - q_add*y_q - q_add*x_p*y_r*beta + q_add*x_p*y_q*beta,prime-field-montgomery,element,specialized,p32_2^32_minus_5,32,1,0xfffffffb,24,16777216,5,4,4,2,10,whole-run,fixed,triton-sumcheck-prime-field-montgomery-element-layout-specialized-points,74.566,21.168,0.000,0.000000,0.000,21.168,ok,cuda-sumcheck-prime-field-montgomery-element-layout-specialized-points,6.35601,6.07416,0,0,0,6.07416,ok,true,3229523613953,3229523613953,3.484926,,CAMERA-READY/h100/sweep_fixed/cases_zk_32_128/zk_complete_add_8_bw32_r24.log
zk_complete_add_8,q_add*y_r - q_add*y_q - q_add*x_p*y_r*beta + q_add*x_p*y_q*beta,prime-field-montgomery,element,specialized,p32_2^32_minus_5,32,1,0xfffffffb,26,67108864,5,4,4,2,10,whole-run,fixed,triton-sumcheck-prime-field-montgomery-element-layout-specialized-points,93.763,41.941,0.000,0.000000,0.000,41.941,ok,cuda-sumcheck-prime-field-montgomery-element-layout-specialized-points,13.8631,13.6189,0,0,0,13.6189,ok,true,3809575414749,3809575414749,3.079617,,CAMERA-READY/h100/sweep_fixed/cases_zk_32_128/zk_complete_add_8_bw32_r26.log
zk_complete_add_8,q_add*y_r - q_add*y_q - q_add*x_p*y_r*beta + q_add*x_p*y_q*beta,prime-field-montgomery,element,specialized,p32_2^32_minus_5,32,1,0xfffffffb,28,268435456,5,4,4,2,10,whole-run,fixed,triton-sumcheck-prime-field-montgomery-element-layout-specialized-points,175.214,124.390,0.000,0.000000,0.000,124.390,ok,cuda-sumcheck-prime-field-montgomery-element-layout-specialized-points,41.8225,41.6424,0,0,0,41.6424,ok,true,3820541626746,3820541626746,2.987100,,CAMERA-READY/h100/sweep_fixed/cases_zk_32_128/zk_complete_add_8_bw32_r28.log
zk_complete_add_8,q_add*y_r - q_add*y_q - q_add*x_p*y_r*beta + q_add*x_p*y_q*beta,prime-field-montgomery,element,specialized,p64_goldilocks,64,2,0xffffffff00000001,14,16384,5,4,4,2,10,whole-run,fixed,triton-sumcheck-prime-field-montgomery-element-layout-specialized-points,61.805,5.480,0.000,0.000000,0.000,5.480,ok,cuda-sumcheck-prime-field-montgomery-element-layout-specialized-points,1.97019,1.70597,0,0,0,1.70597,ok,true,5673203275285,5673203275285,3.212249,,CAMERA-READY/h100/sweep_fixed/cases_zk_32_128/zk_complete_add_8_bw64_r14.log
zk_complete_add_8,q_add*y_r - q_add*y_q - q_add*x_p*y_r*beta + q_add*x_p*y_q*beta,prime-field-montgomery,element,specialized,p64_goldilocks,64,2,0xffffffff00000001,16,65536,5,4,4,2,10,whole-run,fixed,triton-sumcheck-prime-field-montgomery-element-layout-specialized-points,62.363,7.144,0.000,0.000000,0.000,7.144,ok,cuda-sumcheck-prime-field-montgomery-element-layout-specialized-points,2.42654,2.10563,0,0,0,2.10563,ok,true,6344118157169,6344118157169,3.392809,,CAMERA-READY/h100/sweep_fixed/cases_zk_32_128/zk_complete_add_8_bw64_r16.log
zk_complete_add_8,q_add*y_r - q_add*y_q - q_add*x_p*y_r*beta + q_add*x_p*y_q*beta,prime-field-montgomery,element,specialized,p64_goldilocks,64,2,0xffffffff00000001,18,262144,5,4,4,2,10,whole-run,fixed,triton-sumcheck-prime-field-montgomery-element-layout-specialized-points,64.577,9.428,0.000,0.000000,0.000,9.428,ok,cuda-sumcheck-prime-field-montgomery-element-layout-specialized-points,2.87801,2.52037,0,0,0,2.52037,ok,true,7586800119743,7586800119743,3.740721,,CAMERA-READY/h100/sweep_fixed/cases_zk_32_128/zk_complete_add_8_bw64_r18.log
zk_complete_add_8,q_add*y_r - q_add*y_q - q_add*x_p*y_r*beta + q_add*x_p*y_q*beta,prime-field-montgomery,element,specialized,p64_goldilocks,64,2,0xffffffff00000001,20,1048576,5,4,4,2,10,whole-run,fixed,triton-sumcheck-prime-field-montgomery-element-layout-specialized-points,69.046,12.486,0.000,0.000000,0.000,12.486,ok,cuda-sumcheck-prime-field-montgomery-element-layout-specialized-points,3.50209,3.18959,0,0,0,3.18959,ok,true,8468862849707,8468862849707,3.914610,,CAMERA-READY/h100/sweep_fixed/cases_zk_32_128/zk_complete_add_8_bw64_r20.log
zk_complete_add_8,q_add*y_r - q_add*y_q - q_add*x_p*y_r*beta + q_add*x_p*y_q*beta,prime-field-montgomery,element,specialized,p64_goldilocks,64,2,0xffffffff00000001,22,4194304,5,4,4,2,10,whole-run,fixed,triton-sumcheck-prime-field-montgomery-element-layout-specialized-points,70.714,15.061,0.000,0.000000,0.000,15.061,ok,cuda-sumcheck-prime-field-montgomery-element-layout-specialized-points,4.98484,4.69686,0,0,0,4.69686,ok,true,9645652376542,9645652376542,3.206610,,CAMERA-READY/h100/sweep_fixed/cases_zk_32_128/zk_complete_add_8_bw64_r22.log
zk_complete_add_8,q_add*y_r - q_add*y_q - q_add*x_p*y_r*beta + q_add*x_p*y_q*beta,prime-field-montgomery,element,specialized,p64_goldilocks,64,2,0xffffffff00000001,24,16777216,5,4,4,2,10,whole-run,fixed,triton-sumcheck-prime-field-montgomery-element-layout-specialized-points,78.074,22.053,0.000,0.000000,0.000,22.053,ok,cuda-sumcheck-prime-field-montgomery-element-layout-specialized-points,9.2197,8.95409,0,0,0,8.95409,ok,true,10460992284873,10460992284873,2.462897,,CAMERA-READY/h100/sweep_fixed/cases_zk_32_128/zk_complete_add_8_bw64_r24.log
zk_complete_add_8,q_add*y_r - q_add*y_q - q_add*x_p*y_r*beta + q_add*x_p*y_q*beta,prime-field-montgomery,element,specialized,p64_goldilocks,64,2,0xffffffff00000001,26,67108864,5,4,4,2,10,whole-run,fixed,triton-sumcheck-prime-field-montgomery-element-layout-specialized-points,102.581,47.485,0.000,0.000000,0.000,47.485,ok,cuda-sumcheck-prime-field-montgomery-element-layout-specialized-points,24.1344,23.9604,0,0,0,23.9604,ok,true,10722365125056,10722365125056,1.981812,,CAMERA-READY/h100/sweep_fixed/cases_zk_32_128/zk_complete_add_8_bw64_r26.log
zk_complete_add_8,q_add*y_r - q_add*y_q - q_add*x_p*y_r*beta + q_add*x_p*y_q*beta,prime-field-montgomery,element,specialized,p64_goldilocks,64,2,0xffffffff00000001,28,268435456,5,4,4,2,10,whole-run,fixed,triton-sumcheck-prime-field-montgomery-element-layout-specialized-points,199.317,149.067,0.000,0.000000,0.000,149.067,ok,cuda-sumcheck-prime-field-montgomery-element-layout-specialized-points,83.041,83.9563,0,0,0,83.9563,ok,true,11417964607582,11417964607582,1.775531,,CAMERA-READY/h100/sweep_fixed/cases_zk_32_128/zk_complete_add_8_bw64_r28.log
zk_complete_add_8,q_add*y_r - q_add*y_q - q_add*x_p*y_r*beta + q_add*x_p*y_q*beta,prime-field-montgomery,element,specialized,p128_mersenne_2^127_minus_1,128,4,0x7fffffffffffffffffffffffffffffff,14,16384,5,4,4,2,10,whole-run,fixed,triton-sumcheck-prime-field-montgomery-element-layout-specialized-points,65.924,5.537,0.000,0.000000,0.000,5.537,ok,cuda-sumcheck-prime-field-montgomery-element-layout-specialized-points,2.29586,1.84159,0,0,0,1.84159,ok,true,12260456006123,12260456006123,3.006641,,CAMERA-READY/h100/sweep_fixed/cases_zk_32_128/zk_complete_add_8_bw128_r14.log
zk_complete_add_8,q_add*y_r - q_add*y_q - q_add*x_p*y_r*beta + q_add*x_p*y_q*beta,prime-field-montgomery,element,specialized,p128_mersenne_2^127_minus_1,128,4,0x7fffffffffffffffffffffffffffffff,16,65536,5,4,4,2,10,whole-run,fixed,triton-sumcheck-prime-field-montgomery-element-layout-specialized-points,67.438,7.249,0.000,0.000000,0.000,7.249,ok,cuda-sumcheck-prime-field-montgomery-element-layout-specialized-points,2.69473,2.25774,0,0,0,2.25774,ok,true,14187752250711,14187752250711,3.210733,,CAMERA-READY/h100/sweep_fixed/cases_zk_32_128/zk_complete_add_8_bw128_r16.log
zk_complete_add_8,q_add*y_r - q_add*y_q - q_add*x_p*y_r*beta + q_add*x_p*y_q*beta,prime-field-montgomery,element,specialized,p128_mersenne_2^127_minus_1,128,4,0x7fffffffffffffffffffffffffffffff,18,262144,5,4,4,2,10,whole-run,fixed,triton-sumcheck-prime-field-montgomery-element-layout-specialized-points,69.819,9.546,0.000,0.000000,0.000,9.546,ok,cuda-sumcheck-prime-field-montgomery-element-layout-specialized-points,3.26887,2.83815,0,0,0,2.83815,ok,true,17298230590979,17298230590979,3.363459,,CAMERA-READY/h100/sweep_fixed/cases_zk_32_128/zk_complete_add_8_bw128_r18.log
zk_complete_add_8,q_add*y_r - q_add*y_q - q_add*x_p*y_r*beta + q_add*x_p*y_q*beta,prime-field-montgomery,element,specialized,p128_mersenne_2^127_minus_1,128,4,0x7fffffffffffffffffffffffffffffff,20,1048576,5,4,4,2,10,whole-run,fixed,triton-sumcheck-prime-field-montgomery-element-layout-specialized-points,72.136,12.178,0.000,0.000000,0.000,12.178,ok,cuda-sumcheck-prime-field-montgomery-element-layout-specialized-points,4.23786,3.86105,0,0,0,3.86105,ok,true,22557764587774,22557764587774,3.154064,,CAMERA-READY/h100/sweep_fixed/cases_zk_32_128/zk_complete_add_8_bw128_r20.log
zk_complete_add_8,q_add*y_r - q_add*y_q - q_add*x_p*y_r*beta + q_add*x_p*y_q*beta,prime-field-montgomery,element,specialized,p128_mersenne_2^127_minus_1,128,4,0x7fffffffffffffffffffffffffffffff,22,4194304,5,4,4,2,10,whole-run,fixed,triton-sumcheck-prime-field-montgomery-element-layout-specialized-points,75.681,15.931,0.000,0.000000,0.000,15.931,ok,cuda-sumcheck-prime-field-montgomery-element-layout-specialized-points,6.90705,6.52494,0,0,0,6.52494,ok,true,24772510013771,24772510013771,2.441555,,CAMERA-READY/h100/sweep_fixed/cases_zk_32_128/zk_complete_add_8_bw128_r22.log
zk_complete_add_8,q_add*y_r - q_add*y_q - q_add*x_p*y_r*beta + q_add*x_p*y_q*beta,prime-field-montgomery,element,specialized,p128_mersenne_2^127_minus_1,128,4,0x7fffffffffffffffffffffffffffffff,24,16777216,5,4,4,2,10,whole-run,fixed,triton-sumcheck-prime-field-montgomery-element-layout-specialized-points,87.299,28.912,0.000,0.000000,0.000,28.912,ok,cuda-sumcheck-prime-field-montgomery-element-layout-specialized-points,15.4267,15.0409,0,0,0,15.0409,ok,true,27407170465337,27407170465337,1.922225,,CAMERA-READY/h100/sweep_fixed/cases_zk_32_128/zk_complete_add_8_bw128_r24.log
zk_complete_add_8,q_add*y_r - q_add*y_q - q_add*x_p*y_r*beta + q_add*x_p*y_q*beta,prime-field-montgomery,element,specialized,p128_mersenne_2^127_minus_1,128,4,0x7fffffffffffffffffffffffffffffff,26,67108864,5,4,4,2,10,whole-run,fixed,triton-sumcheck-prime-field-montgomery-element-layout-specialized-points,134.931,77.918,0.000,0.000000,0.000,77.918,ok,cuda-sumcheck-prime-field-montgomery-element-layout-specialized-points,47.8355,47.3214,0,0,0,47.3214,ok,true,28291550435941,28291550435941,1.646570,,CAMERA-READY/h100/sweep_fixed/cases_zk_32_128/zk_complete_add_8_bw128_r26.log
zk_complete_add_8,q_add*y_r - q_add*y_q - q_add*x_p*y_r*beta + q_add*x_p*y_q*beta,prime-field-montgomery,element,specialized,p128_mersenne_2^127_minus_1,128,4,0x7fffffffffffffffffffffffffffffff,28,268435456,5,4,4,2,10,whole-run,fixed,triton-sumcheck-prime-field-montgomery-element-layout-specialized-points,328.331,272.833,0.000,0.000000,0.000,272.833,ok,cuda-sumcheck-prime-field-montgomery-element-layout-specialized-points,176.946,183.758,0,0,0,183.758,ok,true,29758454218935,29758454218935,1.484741,,CAMERA-READY/h100/sweep_fixed/cases_zk_32_128/zk_complete_add_8_bw128_r28.log
zk_complete_add_9,q_add*x_r - q_add*x_p - q_add*x_q*x_r*gamma + q_add*x_p*x_q*gamma,prime-field-montgomery,element,specialized,p32_2^32_minus_5,32,1,0xfffffffb,14,16384,5,4,4,2,10,whole-run,fixed,triton-sumcheck-prime-field-montgomery-element-layout-specialized-points,59.227,5.386,0.000,0.000000,0.000,5.386,ok,cuda-sumcheck-prime-field-montgomery-element-layout-specialized-points,1.85461,1.60507,0,0,0,1.60507,ok,true,2034891719822,2034891719822,3.355617,,CAMERA-READY/h100/sweep_fixed/cases_zk_32_128/zk_complete_add_9_bw32_r14.log
zk_complete_add_9,q_add*x_r - q_add*x_p - q_add*x_q*x_r*gamma + q_add*x_p*x_q*gamma,prime-field-montgomery,element,specialized,p32_2^32_minus_5,32,1,0xfffffffb,16,65536,5,4,4,2,10,whole-run,fixed,triton-sumcheck-prime-field-montgomery-element-layout-specialized-points,60.826,7.111,0.000,0.000000,0.000,7.111,ok,cuda-sumcheck-prime-field-montgomery-element-layout-specialized-points,2.24379,2.01699,0,0,0,2.01699,ok,true,2172632219225,2172632219225,3.525550,,CAMERA-READY/h100/sweep_fixed/cases_zk_32_128/zk_complete_add_9_bw32_r16.log
zk_complete_add_9,q_add*x_r - q_add*x_p - q_add*x_q*x_r*gamma + q_add*x_p*x_q*gamma,prime-field-montgomery,element,specialized,p32_2^32_minus_5,32,1,0xfffffffb,18,262144,5,4,4,2,10,whole-run,fixed,triton-sumcheck-prime-field-montgomery-element-layout-specialized-points,64.034,9.270,0.000,0.000000,0.000,9.270,ok,cuda-sumcheck-prime-field-montgomery-element-layout-specialized-points,2.71158,2.40468,0,0,0,2.40468,ok,true,2573258479233,2573258479233,3.854983,,CAMERA-READY/h100/sweep_fixed/cases_zk_32_128/zk_complete_add_9_bw32_r18.log
zk_complete_add_9,q_add*x_r - q_add*x_p - q_add*x_q*x_r*gamma + q_add*x_p*x_q*gamma,prime-field-montgomery,element,specialized,p32_2^32_minus_5,32,1,0xfffffffb,20,1048576,5,4,4,2,10,whole-run,fixed,triton-sumcheck-prime-field-montgomery-element-layout-specialized-points,65.804,12.074,0.000,0.000000,0.000,12.074,ok,cuda-sumcheck-prime-field-montgomery-element-layout-specialized-points,3.26505,2.90302,0,0,0,2.90302,ok,true,2693989604514,2693989604514,4.159117,,CAMERA-READY/h100/sweep_fixed/cases_zk_32_128/zk_complete_add_9_bw32_r20.log
zk_complete_add_9,q_add*x_r - q_add*x_p - q_add*x_q*x_r*gamma + q_add*x_p*x_q*gamma,prime-field-montgomery,element,specialized,p32_2^32_minus_5,32,1,0xfffffffb,22,4194304,5,4,4,2,10,whole-run,fixed,triton-sumcheck-prime-field-montgomery-element-layout-specialized-points,69.267,14.864,0.000,0.000000,0.000,14.864,ok,cuda-sumcheck-prime-field-montgomery-element-layout-specialized-points,4.23106,3.91511,0,0,0,3.91511,ok,true,2988758291324,2988758291324,3.796573,,CAMERA-READY/h100/sweep_fixed/cases_zk_32_128/zk_complete_add_9_bw32_r22.log
zk_complete_add_9,q_add*x_r - q_add*x_p - q_add*x_q*x_r*gamma + q_add*x_p*x_q*gamma,prime-field-montgomery,element,specialized,p32_2^32_minus_5,32,1,0xfffffffb,24,16777216,5,4,4,2,10,whole-run,fixed,triton-sumcheck-prime-field-montgomery-element-layout-specialized-points,73.837,21.098,0.000,0.000000,0.000,21.098,ok,cuda-sumcheck-prime-field-montgomery-element-layout-specialized-points,6.36083,6.07036,0,0,0,6.07036,ok,true,3229523613953,3229523613953,3.475576,,CAMERA-READY/h100/sweep_fixed/cases_zk_32_128/zk_complete_add_9_bw32_r24.log
zk_complete_add_9,q_add*x_r - q_add*x_p - q_add*x_q*x_r*gamma + q_add*x_p*x_q*gamma,prime-field-montgomery,element,specialized,p32_2^32_minus_5,32,1,0xfffffffb,26,67108864,5,4,4,2,10,whole-run,fixed,triton-sumcheck-prime-field-montgomery-element-layout-specialized-points,94.900,42.313,0.000,0.000000,0.000,42.313,ok,cuda-sumcheck-prime-field-montgomery-element-layout-specialized-points,14.1797,13.5949,0,0,0,13.5949,ok,true,3809575414749,3809575414749,3.112417,,CAMERA-READY/h100/sweep_fixed/cases_zk_32_128/zk_complete_add_9_bw32_r26.log
zk_complete_add_9,q_add*x_r - q_add*x_p - q_add*x_q*x_r*gamma + q_add*x_p*x_q*gamma,prime-field-montgomery,element,specialized,p32_2^32_minus_5,32,1,0xfffffffb,28,268435456,5,4,4,2,10,whole-run,fixed,triton-sumcheck-prime-field-montgomery-element-layout-specialized-points,176.150,124.846,0.000,0.000000,0.000,124.846,ok,cuda-sumcheck-prime-field-montgomery-element-layout-specialized-points,41.7925,41.7075,0,0,0,41.7075,ok,true,3820541626746,3820541626746,2.993370,,CAMERA-READY/h100/sweep_fixed/cases_zk_32_128/zk_complete_add_9_bw32_r28.log
zk_complete_add_9,q_add*x_r - q_add*x_p - q_add*x_q*x_r*gamma + q_add*x_p*x_q*gamma,prime-field-montgomery,element,specialized,p64_goldilocks,64,2,0xffffffff00000001,14,16384,5,4,4,2,10,whole-run,fixed,triton-sumcheck-prime-field-montgomery-element-layout-specialized-points,60.983,5.314,0.000,0.000000,0.000,5.314,ok,cuda-sumcheck-prime-field-montgomery-element-layout-specialized-points,2.00114,1.74093,0,0,0,1.74093,ok,true,5673203275285,5673203275285,3.052392,,CAMERA-READY/h100/sweep_fixed/cases_zk_32_128/zk_complete_add_9_bw64_r14.log
zk_complete_add_9,q_add*x_r - q_add*x_p - q_add*x_q*x_r*gamma + q_add*x_p*x_q*gamma,prime-field-montgomery,element,specialized,p64_goldilocks,64,2,0xffffffff00000001,16,65536,5,4,4,2,10,whole-run,fixed,triton-sumcheck-prime-field-montgomery-element-layout-specialized-points,62.787,7.203,0.000,0.000000,0.000,7.203,ok,cuda-sumcheck-prime-field-montgomery-element-layout-specialized-points,2.38017,2.12704,0,0,0,2.12704,ok,true,6344118157169,6344118157169,3.386396,,CAMERA-READY/h100/sweep_fixed/cases_zk_32_128/zk_complete_add_9_bw64_r16.log
zk_complete_add_9,q_add*x_r - q_add*x_p - q_add*x_q*x_r*gamma + q_add*x_p*x_q*gamma,prime-field-montgomery,element,specialized,p64_goldilocks,64,2,0xffffffff00000001,18,262144,5,4,4,2,10,whole-run,fixed,triton-sumcheck-prime-field-montgomery-element-layout-specialized-points,65.078,9.647,0.000,0.000000,0.000,9.647,ok,cuda-sumcheck-prime-field-montgomery-element-layout-specialized-points,2.91979,2.5972,0,0,0,2.5972,ok,true,7586800119743,7586800119743,3.714385,,CAMERA-READY/h100/sweep_fixed/cases_zk_32_128/zk_complete_add_9_bw64_r18.log
zk_complete_add_9,q_add*x_r - q_add*x_p - q_add*x_q*x_r*gamma + q_add*x_p*x_q*gamma,prime-field-montgomery,element,specialized,p64_goldilocks,64,2,0xffffffff00000001,20,1048576,5,4,4,2,10,whole-run,fixed,triton-sumcheck-prime-field-montgomery-element-layout-specialized-points,67.573,12.070,0.000,0.000000,0.000,12.070,ok,cuda-sumcheck-prime-field-montgomery-element-layout-specialized-points,3.61922,3.26024,0,0,0,3.26024,ok,true,8468862849707,8468862849707,3.702181,,CAMERA-READY/h100/sweep_fixed/cases_zk_32_128/zk_complete_add_9_bw64_r20.log
zk_complete_add_9,q_add*x_r - q_add*x_p - q_add*x_q*x_r*gamma + q_add*x_p*x_q*gamma,prime-field-montgomery,element,specialized,p64_goldilocks,64,2,0xffffffff00000001,22,4194304,5,4,4,2,10,whole-run,fixed,triton-sumcheck-prime-field-montgomery-element-layout-specialized-points,71.454,15.060,0.000,0.000000,0.000,15.060,ok,cuda-sumcheck-prime-field-montgomery-element-layout-specialized-points,5.03226,4.77534,0,0,0,4.77534,ok,true,9645652376542,9645652376542,3.153702,,CAMERA-READY/h100/sweep_fixed/cases_zk_32_128/zk_complete_add_9_bw64_r22.log
zk_complete_add_9,q_add*x_r - q_add*x_p - q_add*x_q*x_r*gamma + q_add*x_p*x_q*gamma,prime-field-montgomery,element,specialized,p64_goldilocks,64,2,0xffffffff00000001,24,16777216,5,4,4,2,10,whole-run,fixed,triton-sumcheck-prime-field-montgomery-element-layout-specialized-points,76.889,22.049,0.000,0.000000,0.000,22.049,ok,cuda-sumcheck-prime-field-montgomery-element-layout-specialized-points,9.21928,8.87807,0,0,0,8.87807,ok,true,10460992284873,10460992284873,2.483535,,CAMERA-READY/h100/sweep_fixed/cases_zk_32_128/zk_complete_add_9_bw64_r24.log
zk_complete_add_9,q_add*x_r - q_add*x_p - q_add*x_q*x_r*gamma + q_add*x_p*x_q*gamma,prime-field-montgomery,element,specialized,p64_goldilocks,64,2,0xffffffff00000001,26,67108864,5,4,4,2,10,whole-run,fixed,triton-sumcheck-prime-field-montgomery-element-layout-specialized-points,100.628,47.805,0.000,0.000000,0.000,47.805,ok,cuda-sumcheck-prime-field-montgomery-element-layout-specialized-points,24.0677,24.0961,0,0,0,24.0961,ok,true,10722365125056,10722365125056,1.983931,,CAMERA-READY/h100/sweep_fixed/cases_zk_32_128/zk_complete_add_9_bw64_r26.log
zk_complete_add_9,q_add*x_r - q_add*x_p - q_add*x_q*x_r*gamma + q_add*x_p*x_q*gamma,prime-field-montgomery,element,specialized,p64_goldilocks,64,2,0xffffffff00000001,28,268435456,5,4,4,2,10,whole-run,fixed,triton-sumcheck-prime-field-montgomery-element-layout-specialized-points,200.188,148.993,0.000,0.000000,0.000,148.993,ok,cuda-sumcheck-prime-field-montgomery-element-layout-specialized-points,83.4645,84.7299,0,0,0,84.7299,ok,true,11417964607582,11417964607582,1.758447,,CAMERA-READY/h100/sweep_fixed/cases_zk_32_128/zk_complete_add_9_bw64_r28.log
zk_complete_add_9,q_add*x_r - q_add*x_p - q_add*x_q*x_r*gamma + q_add*x_p*x_q*gamma,prime-field-montgomery,element,specialized,p128_mersenne_2^127_minus_1,128,4,0x7fffffffffffffffffffffffffffffff,14,16384,5,4,4,2,10,whole-run,fixed,triton-sumcheck-prime-field-montgomery-element-layout-specialized-points,71.338,5.579,0.000,0.000000,0.000,5.579,ok,cuda-sumcheck-prime-field-montgomery-element-layout-specialized-points,2.234,1.80941,0,0,0,1.80941,ok,true,12260456006123,12260456006123,3.083326,,CAMERA-READY/h100/sweep_fixed/cases_zk_32_128/zk_complete_add_9_bw128_r14.log
zk_complete_add_9,q_add*x_r - q_add*x_p - q_add*x_q*x_r*gamma + q_add*x_p*x_q*gamma,prime-field-montgomery,element,specialized,p128_mersenne_2^127_minus_1,128,4,0x7fffffffffffffffffffffffffffffff,16,65536,5,4,4,2,10,whole-run,fixed,triton-sumcheck-prime-field-montgomery-element-layout-specialized-points,67.807,7.398,0.000,0.000000,0.000,7.398,ok,cuda-sumcheck-prime-field-montgomery-element-layout-specialized-points,2.69598,2.26712,0,0,0,2.26712,ok,true,14187752250711,14187752250711,3.263171,,CAMERA-READY/h100/sweep_fixed/cases_zk_32_128/zk_complete_add_9_bw128_r16.log
zk_complete_add_9,q_add*x_r - q_add*x_p - q_add*x_q*x_r*gamma + q_add*x_p*x_q*gamma,prime-field-montgomery,element,specialized,p128_mersenne_2^127_minus_1,128,4,0x7fffffffffffffffffffffffffffffff,18,262144,5,4,4,2,10,whole-run,fixed,triton-sumcheck-prime-field-montgomery-element-layout-specialized-points,70.163,9.445,0.000,0.000000,0.000,9.445,ok,cuda-sumcheck-prime-field-montgomery-element-layout-specialized-points,3.3205,2.84753,0,0,0,2.84753,ok,true,17298230590979,17298230590979,3.316910,,CAMERA-READY/h100/sweep_fixed/cases_zk_32_128/zk_complete_add_9_bw128_r18.log
zk_complete_add_9,q_add*x_r - q_add*x_p - q_add*x_q*x_r*gamma + q_add*x_p*x_q*gamma,prime-field-montgomery,element,specialized,p128_mersenne_2^127_minus_1,128,4,0x7fffffffffffffffffffffffffffffff,20,1048576,5,4,4,2,10,whole-run,fixed,triton-sumcheck-prime-field-montgomery-element-layout-specialized-points,73.215,12.168,0.000,0.000000,0.000,12.168,ok,cuda-sumcheck-prime-field-montgomery-element-layout-specialized-points,4.19778,3.80201,0,0,0,3.80201,ok,true,22557764587774,22557764587774,3.200412,,CAMERA-READY/h100/sweep_fixed/cases_zk_32_128/zk_complete_add_9_bw128_r20.log
zk_complete_add_9,q_add*x_r - q_add*x_p - q_add*x_q*x_r*gamma + q_add*x_p*x_q*gamma,prime-field-montgomery,element,specialized,p128_mersenne_2^127_minus_1,128,4,0x7fffffffffffffffffffffffffffffff,22,4194304,5,4,4,2,10,whole-run,fixed,triton-sumcheck-prime-field-montgomery-element-layout-specialized-points,76.307,16.108,0.000,0.000000,0.000,16.108,ok,cuda-sumcheck-prime-field-montgomery-element-layout-specialized-points,6.96881,6.56902,0,0,0,6.56902,ok,true,24772510013771,24772510013771,2.452116,,CAMERA-READY/h100/sweep_fixed/cases_zk_32_128/zk_complete_add_9_bw128_r22.log
zk_complete_add_9,q_add*x_r - q_add*x_p - q_add*x_q*x_r*gamma + q_add*x_p*x_q*gamma,prime-field-montgomery,element,specialized,p128_mersenne_2^127_minus_1,128,4,0x7fffffffffffffffffffffffffffffff,24,16777216,5,4,4,2,10,whole-run,fixed,triton-sumcheck-prime-field-montgomery-element-layout-specialized-points,87.950,28.785,0.000,0.000000,0.000,28.785,ok,cuda-sumcheck-prime-field-montgomery-element-layout-specialized-points,15.3675,14.9788,0,0,0,14.9788,ok,true,27407170465337,27407170465337,1.921716,,CAMERA-READY/h100/sweep_fixed/cases_zk_32_128/zk_complete_add_9_bw128_r24.log
zk_complete_add_9,q_add*x_r - q_add*x_p - q_add*x_q*x_r*gamma + q_add*x_p*x_q*gamma,prime-field-montgomery,element,specialized,p128_mersenne_2^127_minus_1,128,4,0x7fffffffffffffffffffffffffffffff,26,67108864,5,4,4,2,10,whole-run,fixed,triton-sumcheck-prime-field-montgomery-element-layout-specialized-points,136.295,78.314,0.000,0.000000,0.000,78.314,ok,cuda-sumcheck-prime-field-montgomery-element-layout-specialized-points,47.7431,47.3388,0,0,0,47.3388,ok,true,28291550435941,28291550435941,1.654330,,CAMERA-READY/h100/sweep_fixed/cases_zk_32_128/zk_complete_add_9_bw128_r26.log
zk_complete_add_9,q_add*x_r - q_add*x_p - q_add*x_q*x_r*gamma + q_add*x_p*x_q*gamma,prime-field-montgomery,element,specialized,p128_mersenne_2^127_minus_1,128,4,0x7fffffffffffffffffffffffffffffff,28,268435456,5,4,4,2,10,whole-run,fixed,triton-sumcheck-prime-field-montgomery-element-layout-specialized-points,327.470,272.991,0.000,0.000000,0.000,272.991,ok,cuda-sumcheck-prime-field-montgomery-element-layout-specialized-points,176.818,183.716,0,0,0,183.716,ok,true,29758454218935,29758454218935,1.485940,,CAMERA-READY/h100/sweep_fixed/cases_zk_32_128/zk_complete_add_9_bw128_r28.log
zk_complete_add_10,q_add*y_r - q_add*y_p - q_add*x_q*y_r*gamma + q_add*x_q*y_p*gamma,prime-field-montgomery,element,specialized,p32_2^32_minus_5,32,1,0xfffffffb,14,16384,5,4,4,2,10,whole-run,fixed,triton-sumcheck-prime-field-montgomery-element-layout-specialized-points,58.933,5.339,0.000,0.000000,0.000,5.339,ok,cuda-sumcheck-prime-field-montgomery-element-layout-specialized-points,1.83379,1.60279,0,0,0,1.60279,ok,true,2034891719822,2034891719822,3.331066,,CAMERA-READY/h100/sweep_fixed/cases_zk_32_128/zk_complete_add_10_bw32_r14.log
zk_complete_add_10,q_add*y_r - q_add*y_p - q_add*x_q*y_r*gamma + q_add*x_q*y_p*gamma,prime-field-montgomery,element,specialized,p32_2^32_minus_5,32,1,0xfffffffb,16,65536,5,4,4,2,10,whole-run,fixed,triton-sumcheck-prime-field-montgomery-element-layout-specialized-points,60.874,7.290,0.000,0.000000,0.000,7.290,ok,cuda-sumcheck-prime-field-montgomery-element-layout-specialized-points,2.23285,2.00326,0,0,0,2.00326,ok,true,2172632219225,2172632219225,3.639068,,CAMERA-READY/h100/sweep_fixed/cases_zk_32_128/zk_complete_add_10_bw32_r16.log
zk_complete_add_10,q_add*y_r - q_add*y_p - q_add*x_q*y_r*gamma + q_add*x_q*y_p*gamma,prime-field-montgomery,element,specialized,p32_2^32_minus_5,32,1,0xfffffffb,18,262144,5,4,4,2,10,whole-run,fixed,triton-sumcheck-prime-field-montgomery-element-layout-specialized-points,63.492,9.353,0.000,0.000000,0.000,9.353,ok,cuda-sumcheck-prime-field-montgomery-element-layout-specialized-points,2.73995,2.41499,0,0,0,2.41499,ok,true,2573258479233,2573258479233,3.872894,,CAMERA-READY/h100/sweep_fixed/cases_zk_32_128/zk_complete_add_10_bw32_r18.log
zk_complete_add_10,q_add*y_r - q_add*y_p - q_add*x_q*y_r*gamma + q_add*x_q*y_p*gamma,prime-field-montgomery,element,specialized,p32_2^32_minus_5,32,1,0xfffffffb,20,1048576,5,4,4,2,10,whole-run,fixed,triton-sumcheck-prime-field-montgomery-element-layout-specialized-points,66.244,11.856,0.000,0.000000,0.000,11.856,ok,cuda-sumcheck-prime-field-montgomery-element-layout-specialized-points,3.23132,2.87931,0,0,0,2.87931,ok,true,2693989604514,2693989604514,4.117653,,CAMERA-READY/h100/sweep_fixed/cases_zk_32_128/zk_complete_add_10_bw32_r20.log
zk_complete_add_10,q_add*y_r - q_add*y_p - q_add*x_q*y_r*gamma + q_add*x_q*y_p*gamma,prime-field-montgomery,element,specialized,p32_2^32_minus_5,32,1,0xfffffffb,22,4194304,5,4,4,2,10,whole-run,fixed,triton-sumcheck-prime-field-montgomery-element-layout-specialized-points,68.874,14.684,0.000,0.000000,0.000,14.684,ok,cuda-sumcheck-prime-field-montgomery-element-layout-specialized-points,4.09746,3.85255,0,0,0,3.85255,ok,true,2988758291324,2988758291324,3.811501,,CAMERA-READY/h100/sweep_fixed/cases_zk_32_128/zk_complete_add_10_bw32_r22.log
zk_complete_add_10,q_add*y_r - q_add*y_p - q_add*x_q*y_r*gamma + q_add*x_q*y_p*gamma,prime-field-montgomery,element,specialized,p32_2^32_minus_5,32,1,0xfffffffb,24,16777216,5,4,4,2,10,whole-run,fixed,triton-sumcheck-prime-field-montgomery-element-layout-specialized-points,74.496,20.656,0.000,0.000000,0.000,20.656,ok,cuda-sumcheck-prime-field-montgomery-element-layout-specialized-points,6.37001,6.12342,0,0,0,6.12342,ok,true,3229523613953,3229523613953,3.373278,,CAMERA-READY/h100/sweep_fixed/cases_zk_32_128/zk_complete_add_10_bw32_r24.log
zk_complete_add_10,q_add*y_r - q_add*y_p - q_add*x_q*y_r*gamma + q_add*x_q*y_p*gamma,prime-field-montgomery,element,specialized,p32_2^32_minus_5,32,1,0xfffffffb,26,67108864,5,4,4,2,10,whole-run,fixed,triton-sumcheck-prime-field-montgomery-element-layout-specialized-points,95.677,42.352,0.000,0.000000,0.000,42.352,ok,cuda-sumcheck-prime-field-montgomery-element-layout-specialized-points,13.7419,13.4281,0,0,0,13.4281,ok,true,3809575414749,3809575414749,3.153983,,CAMERA-READY/h100/sweep_fixed/cases_zk_32_128/zk_complete_add_10_bw32_r26.log
zk_complete_add_10,q_add*y_r - q_add*y_p - q_add*x_q*y_r*gamma + q_add*x_q*y_p*gamma,prime-field-montgomery,element,specialized,p32_2^32_minus_5,32,1,0xfffffffb,28,268435456,5,4,4,2,10,whole-run,fixed,triton-sumcheck-prime-field-montgomery-element-layout-specialized-points,174.760,124.402,0.000,0.000000,0.000,124.402,ok,cuda-sumcheck-prime-field-montgomery-element-layout-specialized-points,41.7769,41.557,0,0,0,41.557,ok,true,3820541626746,3820541626746,2.993527,,CAMERA-READY/h100/sweep_fixed/cases_zk_32_128/zk_complete_add_10_bw32_r28.log
zk_complete_add_10,q_add*y_r - q_add*y_p - q_add*x_q*y_r*gamma + q_add*x_q*y_p*gamma,prime-field-montgomery,element,specialized,p64_goldilocks,64,2,0xffffffff00000001,14,16384,5,4,4,2,10,whole-run,fixed,triton-sumcheck-prime-field-montgomery-element-layout-specialized-points,61.562,5.463,0.000,0.000000,0.000,5.463,ok,cuda-sumcheck-prime-field-montgomery-element-layout-specialized-points,1.98789,1.69858,0,0,0,1.69858,ok,true,5673203275285,5673203275285,3.216216,,CAMERA-READY/h100/sweep_fixed/cases_zk_32_128/zk_complete_add_10_bw64_r14.log
zk_complete_add_10,q_add*y_r - q_add*y_p - q_add*x_q*y_r*gamma + q_add*x_q*y_p*gamma,prime-field-montgomery,element,specialized,p64_goldilocks,64,2,0xffffffff00000001,16,65536,5,4,4,2,10,whole-run,fixed,triton-sumcheck-prime-field-montgomery-element-layout-specialized-points,63.109,7.256,0.000,0.000000,0.000,7.256,ok,cuda-sumcheck-prime-field-montgomery-element-layout-specialized-points,2.39374,2.10821,0,0,0,2.10821,ok,true,6344118157169,6344118157169,3.441782,,CAMERA-READY/h100/sweep_fixed/cases_zk_32_128/zk_complete_add_10_bw64_r16.log
zk_complete_add_10,q_add*y_r - q_add*y_p - q_add*x_q*y_r*gamma + q_add*x_q*y_p*gamma,prime-field-montgomery,element,specialized,p64_goldilocks,64,2,0xffffffff00000001,18,262144,5,4,4,2,10,whole-run,fixed,triton-sumcheck-prime-field-montgomery-element-layout-specialized-points,66.036,9.476,0.000,0.000000,0.000,9.476,ok,cuda-sumcheck-prime-field-montgomery-element-layout-specialized-points,2.88383,2.53566,0,0,0,2.53566,ok,true,7586800119743,7586800119743,3.737094,,CAMERA-READY/h100/sweep_fixed/cases_zk_32_128/zk_complete_add_10_bw64_r18.log
zk_complete_add_10,q_add*y_r - q_add*y_p - q_add*x_q*y_r*gamma + q_add*x_q*y_p*gamma,prime-field-montgomery,element,specialized,p64_goldilocks,64,2,0xffffffff00000001,20,1048576,5,4,4,2,10,whole-run,fixed,triton-sumcheck-prime-field-montgomery-element-layout-specialized-points,68.107,12.260,0.000,0.000000,0.000,12.260,ok,cuda-sumcheck-prime-field-montgomery-element-layout-specialized-points,3.50321,3.19983,0,0,0,3.19983,ok,true,8468862849707,8468862849707,3.831454,,CAMERA-READY/h100/sweep_fixed/cases_zk_32_128/zk_complete_add_10_bw64_r20.log
zk_complete_add_10,q_add*y_r - q_add*y_p - q_add*x_q*y_r*gamma + q_add*x_q*y_p*gamma,prime-field-montgomery,element,specialized,p64_goldilocks,64,2,0xffffffff00000001,22,4194304,5,4,4,2,10,whole-run,fixed,triton-sumcheck-prime-field-montgomery-element-layout-specialized-points,71.227,15.098,0.000,0.000000,0.000,15.098,ok,cuda-sumcheck-prime-field-montgomery-element-layout-specialized-points,4.98496,4.75093,0,0,0,4.75093,ok,true,9645652376542,9645652376542,3.177904,,CAMERA-READY/h100/sweep_fixed/cases_zk_32_128/zk_complete_add_10_bw64_r22.log
zk_complete_add_10,q_add*y_r - q_add*y_p - q_add*x_q*y_r*gamma + q_add*x_q*y_p*gamma,prime-field-montgomery,element,specialized,p64_goldilocks,64,2,0xffffffff00000001,24,16777216,5,4,4,2,10,whole-run,fixed,triton-sumcheck-prime-field-montgomery-element-layout-specialized-points,76.350,22.150,0.000,0.000000,0.000,22.150,ok,cuda-sumcheck-prime-field-montgomery-element-layout-specialized-points,9.26506,8.96965,0,0,0,8.96965,ok,true,10460992284873,10460992284873,2.469439,,CAMERA-READY/h100/sweep_fixed/cases_zk_32_128/zk_complete_add_10_bw64_r24.log
zk_complete_add_10,q_add*y_r - q_add*y_p - q_add*x_q*y_r*gamma + q_add*x_q*y_p*gamma,prime-field-montgomery,element,specialized,p64_goldilocks,64,2,0xffffffff00000001,26,67108864,5,4,4,2,10,whole-run,fixed,triton-sumcheck-prime-field-montgomery-element-layout-specialized-points,99.664,47.472,0.000,0.000000,0.000,47.472,ok,cuda-sumcheck-prime-field-montgomery-element-layout-specialized-points,24.1311,23.9604,0,0,0,23.9604,ok,true,10722365125056,10722365125056,1.981269,,CAMERA-READY/h100/sweep_fixed/cases_zk_32_128/zk_complete_add_10_bw64_r26.log
zk_complete_add_10,q_add*y_r - q_add*y_p - q_add*x_q*y_r*gamma + q_add*x_q*y_p*gamma,prime-field-montgomery,element,specialized,p64_goldilocks,64,2,0xffffffff00000001,28,268435456,5,4,4,2,10,whole-run,fixed,triton-sumcheck-prime-field-montgomery-element-layout-specialized-points,199.358,148.823,0.000,0.000000,0.000,148.823,ok,cuda-sumcheck-prime-field-montgomery-element-layout-specialized-points,83.0356,83.9244,0,0,0,83.9244,ok,true,11417964607582,11417964607582,1.773298,,CAMERA-READY/h100/sweep_fixed/cases_zk_32_128/zk_complete_add_10_bw64_r28.log
zk_complete_add_10,q_add*y_r - q_add*y_p - q_add*x_q*y_r*gamma + q_add*x_q*y_p*gamma,prime-field-montgomery,element,specialized,p128_mersenne_2^127_minus_1,128,4,0x7fffffffffffffffffffffffffffffff,14,16384,5,4,4,2,10,whole-run,fixed,triton-sumcheck-prime-field-montgomery-element-layout-specialized-points,65.867,5.449,0.000,0.000000,0.000,5.449,ok,cuda-sumcheck-prime-field-montgomery-element-layout-specialized-points,2.26076,1.79668,0,0,0,1.79668,ok,true,12260456006123,12260456006123,3.032816,,CAMERA-READY/h100/sweep_fixed/cases_zk_32_128/zk_complete_add_10_bw128_r14.log
zk_complete_add_10,q_add*y_r - q_add*y_p - q_add*x_q*y_r*gamma + q_add*x_q*y_p*gamma,prime-field-montgomery,element,specialized,p128_mersenne_2^127_minus_1,128,4,0x7fffffffffffffffffffffffffffffff,16,65536,5,4,4,2,10,whole-run,fixed,triton-sumcheck-prime-field-montgomery-element-layout-specialized-points,67.319,7.301,0.000,0.000000,0.000,7.301,ok,cuda-sumcheck-prime-field-montgomery-element-layout-specialized-points,2.68182,2.24401,0,0,0,2.24401,ok,true,14187752250711,14187752250711,3.253551,,CAMERA-READY/h100/sweep_fixed/cases_zk_32_128/zk_complete_add_10_bw128_r16.log
zk_complete_add_10,q_add*y_r - q_add*y_p - q_add*x_q*y_r*gamma + q_add*x_q*y_p*gamma,prime-field-montgomery,element,specialized,p128_mersenne_2^127_minus_1,128,4,0x7fffffffffffffffffffffffffffffff,18,262144,5,4,4,2,10,whole-run,fixed,triton-sumcheck-prime-field-montgomery-element-layout-specialized-points,73.727,9.522,0.000,0.000000,0.000,9.522,ok,cuda-sumcheck-prime-field-montgomery-element-layout-specialized-points,3.14555,2.7553,0,0,0,2.7553,ok,true,17298230590979,17298230590979,3.455885,,CAMERA-READY/h100/sweep_fixed/cases_zk_32_128/zk_complete_add_10_bw128_r18.log
zk_complete_add_10,q_add*y_r - q_add*y_p - q_add*x_q*y_r*gamma + q_add*x_q*y_p*gamma,prime-field-montgomery,element,specialized,p128_mersenne_2^127_minus_1,128,4,0x7fffffffffffffffffffffffffffffff,20,1048576,5,4,4,2,10,whole-run,fixed,triton-sumcheck-prime-field-montgomery-element-layout-specialized-points,72.787,12.190,0.000,0.000000,0.000,12.190,ok,cuda-sumcheck-prime-field-montgomery-element-layout-specialized-points,4.33693,3.931,0,0,0,3.931,ok,true,22557764587774,22557764587774,3.100992,,CAMERA-READY/h100/sweep_fixed/cases_zk_32_128/zk_complete_add_10_bw128_r20.log
zk_complete_add_10,q_add*y_r - q_add*y_p - q_add*x_q*y_r*gamma + q_add*x_q*y_p*gamma,prime-field-montgomery,element,specialized,p128_mersenne_2^127_minus_1,128,4,0x7fffffffffffffffffffffffffffffff,22,4194304,5,4,4,2,10,whole-run,fixed,triton-sumcheck-prime-field-montgomery-element-layout-specialized-points,75.323,15.887,0.000,0.000000,0.000,15.887,ok,cuda-sumcheck-prime-field-montgomery-element-layout-specialized-points,7.02183,6.61732,0,0,0,6.61732,ok,true,24772510013771,24772510013771,2.400821,,CAMERA-READY/h100/sweep_fixed/cases_zk_32_128/zk_complete_add_10_bw128_r22.log
zk_complete_add_10,q_add*y_r - q_add*y_p - q_add*x_q*y_r*gamma + q_add*x_q*y_p*gamma,prime-field-montgomery,element,specialized,p128_mersenne_2^127_minus_1,128,4,0x7fffffffffffffffffffffffffffffff,24,16777216,5,4,4,2,10,whole-run,fixed,triton-sumcheck-prime-field-montgomery-element-layout-specialized-points,87.692,28.959,0.000,0.000000,0.000,28.959,ok,cuda-sumcheck-prime-field-montgomery-element-layout-specialized-points,15.6395,15.2048,0,0,0,15.2048,ok,true,27407170465337,27407170465337,1.904596,,CAMERA-READY/h100/sweep_fixed/cases_zk_32_128/zk_complete_add_10_bw128_r24.log
zk_complete_add_10,q_add*y_r - q_add*y_p - q_add*x_q*y_r*gamma + q_add*x_q*y_p*gamma,prime-field-montgomery,element,specialized,p128_mersenne_2^127_minus_1,128,4,0x7fffffffffffffffffffffffffffffff,26,67108864,5,4,4,2,10,whole-run,fixed,triton-sumcheck-prime-field-montgomery-element-layout-specialized-points,135.471,78.030,0.000,0.000000,0.000,78.030,ok,cuda-sumcheck-prime-field-montgomery-element-layout-specialized-points,47.6876,47.2703,0,0,0,47.2703,ok,true,28291550435941,28291550435941,1.650719,,CAMERA-READY/h100/sweep_fixed/cases_zk_32_128/zk_complete_add_10_bw128_r26.log
zk_complete_add_10,q_add*y_r - q_add*y_p - q_add*x_q*y_r*gamma + q_add*x_q*y_p*gamma,prime-field-montgomery,element,specialized,p128_mersenne_2^127_minus_1,128,4,0x7fffffffffffffffffffffffffffffff,28,268435456,5,4,4,2,10,whole-run,fixed,triton-sumcheck-prime-field-montgomery-element-layout-specialized-points,328.527,272.111,0.000,0.000000,0.000,272.111,ok,cuda-sumcheck-prime-field-montgomery-element-layout-specialized-points,177.703,183.216,0,0,0,183.216,ok,true,29758454218935,29758454218935,1.485192,,CAMERA-READY/h100/sweep_fixed/cases_zk_32_128/zk_complete_add_10_bw128_r28.log
zk_complete_add_11,q_add*x_r - q_add*x_q*x_r*alpha + q_add*x_p*x_r*alpha - q_add*y_q*x_r*delta - q_add*y_p*x_r*delta,prime-field-montgomery,element,specialized,p32_2^32_minus_5,32,1,0xfffffffb,14,16384,8,4,5,2,10,whole-run,fixed,triton-sumcheck-prime-field-montgomery-element-layout-specialized-points,60.642,5.464,0.000,0.000000,0.000,5.464,ok,cuda-sumcheck-prime-field-montgomery-element-layout-specialized-points,1.88,1.61575,0,0,0,1.61575,ok,true,2282866075022,2282866075022,3.381711,,CAMERA-READY/h100/sweep_fixed/cases_zk_32_128/zk_complete_add_11_bw32_r14.log
zk_complete_add_11,q_add*x_r - q_add*x_q*x_r*alpha + q_add*x_p*x_r*alpha - q_add*y_q*x_r*delta - q_add*y_p*x_r*delta,prime-field-montgomery,element,specialized,p32_2^32_minus_5,32,1,0xfffffffb,16,65536,8,4,5,2,10,whole-run,fixed,triton-sumcheck-prime-field-montgomery-element-layout-specialized-points,62.047,7.219,0.000,0.000000,0.000,7.219,ok,cuda-sumcheck-prime-field-montgomery-element-layout-specialized-points,2.26547,2.03604,0,0,0,2.03604,ok,true,2359158299771,2359158299771,3.545608,,CAMERA-READY/h100/sweep_fixed/cases_zk_32_128/zk_complete_add_11_bw32_r16.log
zk_complete_add_11,q_add*x_r - q_add*x_q*x_r*alpha + q_add*x_p*x_r*alpha - q_add*y_q*x_r*delta - q_add*y_p*x_r*delta,prime-field-montgomery,element,specialized,p32_2^32_minus_5,32,1,0xfffffffb,18,262144,8,4,5,2,10,whole-run,fixed,triton-sumcheck-prime-field-montgomery-element-layout-specialized-points,63.748,9.407,0.000,0.000000,0.000,9.407,ok,cuda-sumcheck-prime-field-montgomery-element-layout-specialized-points,2.74126,2.42784,0,0,0,2.42784,ok,true,2485816987446,2485816987446,3.874638,,CAMERA-READY/h100/sweep_fixed/cases_zk_32_128/zk_complete_add_11_bw32_r18.log
zk_complete_add_11,q_add*x_r - q_add*x_q*x_r*alpha + q_add*x_p*x_r*alpha - q_add*y_q*x_r*delta - q_add*y_p*x_r*delta,prime-field-montgomery,element,specialized,p32_2^32_minus_5,32,1,0xfffffffb,20,1048576,8,4,5,2,10,whole-run,fixed,triton-sumcheck-prime-field-montgomery-element-layout-specialized-points,66.780,11.877,0.000,0.000000,0.000,11.877,ok,cuda-sumcheck-prime-field-montgomery-element-layout-specialized-points,3.29529,2.99765,0,0,0,2.99765,ok,true,2698065176560,2698065176560,3.962104,,CAMERA-READY/h100/sweep_fixed/cases_zk_32_128/zk_complete_add_11_bw32_r20.log
zk_complete_add_11,q_add*x_r - q_add*x_q*x_r*alpha + q_add*x_p*x_r*alpha - q_add*y_q*x_r*delta - q_add*y_p*x_r*delta,prime-field-montgomery,element,specialized,p32_2^32_minus_5,32,1,0xfffffffb,22,4194304,8,4,5,2,10,whole-run,fixed,triton-sumcheck-prime-field-montgomery-element-layout-specialized-points,70.017,15.001,0.000,0.000000,0.000,15.001,ok,cuda-sumcheck-prime-field-montgomery-element-layout-specialized-points,4.45856,4.21474,0,0,0,4.21474,ok,true,3131899343976,3131899343976,3.559176,,CAMERA-READY/h100/sweep_fixed/cases_zk_32_128/zk_complete_add_11_bw32_r22.log
zk_complete_add_11,q_add*x_r - q_add*x_q*x_r*alpha + q_add*x_p*x_r*alpha - q_add*y_q*x_r*delta - q_add*y_p*x_r*delta,prime-field-montgomery,element,specialized,p32_2^32_minus_5,32,1,0xfffffffb,24,16777216,8,4,5,2,10,whole-run,fixed,triton-sumcheck-prime-field-montgomery-element-layout-specialized-points,75.746,22.308,0.000,0.000000,0.000,22.308,ok,cuda-sumcheck-prime-field-montgomery-element-layout-specialized-points,7.70446,7.41044,0,0,0,7.41044,ok,true,3499519030657,3499519030657,3.010348,,CAMERA-READY/h100/sweep_fixed/cases_zk_32_128/zk_complete_add_11_bw32_r24.log
zk_complete_add_11,q_add*x_r - q_add*x_q*x_r*alpha + q_add*x_p*x_r*alpha - q_add*y_q*x_r*delta - q_add*y_p*x_r*delta,prime-field-montgomery,element,specialized,p32_2^32_minus_5,32,1,0xfffffffb,26,67108864,8,4,5,2,10,whole-run,fixed,triton-sumcheck-prime-field-montgomery-element-layout-specialized-points,97.800,45.726,0.000,0.000000,0.000,45.726,ok,cuda-sumcheck-prime-field-montgomery-element-layout-specialized-points,19.2722,19.0475,0,0,0,19.0475,ok,true,3709760280057,3709760280057,2.400630,,CAMERA-READY/h100/sweep_fixed/cases_zk_32_128/zk_complete_add_11_bw32_r26.log
zk_complete_add_11,q_add*x_r - q_add*x_q*x_r*alpha + q_add*x_p*x_r*alpha - q_add*y_q*x_r*delta - q_add*y_p*x_r*delta,prime-field-montgomery,element,specialized,p32_2^32_minus_5,32,1,0xfffffffb,28,268435456,8,4,5,2,10,whole-run,fixed,triton-sumcheck-prime-field-montgomery-element-layout-specialized-points,192.022,140.892,0.000,0.000000,0.000,140.892,ok,cuda-sumcheck-prime-field-montgomery-element-layout-specialized-points,63.6164,63.4238,0,0,0,63.4238,ok,true,3796796820596,3796796820596,2.221437,,CAMERA-READY/h100/sweep_fixed/cases_zk_32_128/zk_complete_add_11_bw32_r28.log
zk_complete_add_11,q_add*x_r - q_add*x_q*x_r*alpha + q_add*x_p*x_r*alpha - q_add*y_q*x_r*delta - q_add*y_p*x_r*delta,prime-field-montgomery,element,specialized,p64_goldilocks,64,2,0xffffffff00000001,14,16384,8,4,5,2,10,whole-run,fixed,triton-sumcheck-prime-field-montgomery-element-layout-specialized-points,62.844,5.374,0.000,0.000000,0.000,5.374,ok,cuda-sumcheck-prime-field-montgomery-element-layout-specialized-points,2.10762,1.79685,0,0,0,1.79685,ok,true,5847683850424,5847683850424,2.990789,,CAMERA-READY/h100/sweep_fixed/cases_zk_32_128/zk_complete_add_11_bw64_r14.log
zk_complete_add_11,q_add*x_r - q_add*x_q*x_r*alpha + q_add*x_p*x_r*alpha - q_add*y_q*x_r*delta - q_add*y_p*x_r*delta,prime-field-montgomery,element,specialized,p64_goldilocks,64,2,0xffffffff00000001,16,65536,8,4,5,2,10,whole-run,fixed,triton-sumcheck-prime-field-montgomery-element-layout-specialized-points,64.813,7.321,0.000,0.000000,0.000,7.321,ok,cuda-sumcheck-prime-field-montgomery-element-layout-specialized-points,2.47232,2.14674,0,0,0,2.14674,ok,true,6671481681605,6671481681605,3.410287,,CAMERA-READY/h100/sweep_fixed/cases_zk_32_128/zk_complete_add_11_bw64_r16.log
zk_complete_add_11,q_add*x_r - q_add*x_q*x_r*alpha + q_add*x_p*x_r*alpha - q_add*y_q*x_r*delta - q_add*y_p*x_r*delta,prime-field-montgomery,element,specialized,p64_goldilocks,64,2,0xffffffff00000001,18,262144,8,4,5,2,10,whole-run,fixed,triton-sumcheck-prime-field-montgomery-element-layout-specialized-points,67.469,9.518,0.000,0.000000,0.000,9.518,ok,cuda-sumcheck-prime-field-montgomery-element-layout-specialized-points,3.00236,2.69542,0,0,0,2.69542,ok,true,7406646980928,7406646980928,3.531175,,CAMERA-READY/h100/sweep_fixed/cases_zk_32_128/zk_complete_add_11_bw64_r18.log
zk_complete_add_11,q_add*x_r - q_add*x_q*x_r*alpha + q_add*x_p*x_r*alpha - q_add*y_q*x_r*delta - q_add*y_p*x_r*delta,prime-field-montgomery,element,specialized,p64_goldilocks,64,2,0xffffffff00000001,20,1048576,8,4,5,2,10,whole-run,fixed,triton-sumcheck-prime-field-montgomery-element-layout-specialized-points,69.574,11.923,0.000,0.000000,0.000,11.923,ok,cuda-sumcheck-prime-field-montgomery-element-layout-specialized-points,3.75416,3.48012,0,0,0,3.48012,ok,true,8563451426192,8563451426192,3.426031,,CAMERA-READY/h100/sweep_fixed/cases_zk_32_128/zk_complete_add_11_bw64_r20.log
zk_complete_add_11,q_add*x_r - q_add*x_q*x_r*alpha + q_add*x_p*x_r*alpha - q_add*y_q*x_r*delta - q_add*y_p*x_r*delta,prime-field-montgomery,element,specialized,p64_goldilocks,64,2,0xffffffff00000001,22,4194304,8,4,5,2,10,whole-run,fixed,triton-sumcheck-prime-field-montgomery-element-layout-specialized-points,72.397,15.230,0.000,0.000000,0.000,15.230,ok,cuda-sumcheck-prime-field-montgomery-element-layout-specialized-points,5.95363,5.7097,0,0,0,5.7097,ok,true,9701232910616,9701232910616,2.667391,,CAMERA-READY/h100/sweep_fixed/cases_zk_32_128/zk_complete_add_11_bw64_r22.log
zk_complete_add_11,q_add*x_r - q_add*x_q*x_r*alpha + q_add*x_p*x_r*alpha - q_add*y_q*x_r*delta - q_add*y_p*x_r*delta,prime-field-montgomery,element,specialized,p64_goldilocks,64,2,0xffffffff00000001,24,16777216,8,4,5,2,10,whole-run,fixed,triton-sumcheck-prime-field-montgomery-element-layout-specialized-points,80.891,24.472,0.000,0.000000,0.000,24.472,ok,cuda-sumcheck-prime-field-montgomery-element-layout-specialized-points,12.4393,12.1774,0,0,0,12.1774,ok,true,10163569000663,10163569000663,2.009624,,CAMERA-READY/h100/sweep_fixed/cases_zk_32_128/zk_complete_add_11_bw64_r24.log
zk_complete_add_11,q_add*x_r - q_add*x_q*x_r*alpha + q_add*x_p*x_r*alpha - q_add*y_q*x_r*delta - q_add*y_p*x_r*delta,prime-field-montgomery,element,specialized,p64_goldilocks,64,2,0xffffffff00000001,26,67108864,8,4,5,2,10,whole-run,fixed,triton-sumcheck-prime-field-montgomery-element-layout-specialized-points,112.068,58.295,0.000,0.000000,0.000,58.295,ok,cuda-sumcheck-prime-field-montgomery-element-layout-specialized-points,36.1879,36.7302,0,0,0,36.7302,ok,true,10857144132354,10857144132354,1.587114,,CAMERA-READY/h100/sweep_fixed/cases_zk_32_128/zk_complete_add_11_bw64_r26.log
zk_complete_add_11,q_add*x_r - q_add*x_q*x_r*alpha + q_add*x_p*x_r*alpha - q_add*y_q*x_r*delta - q_add*y_p*x_r*delta,prime-field-montgomery,element,specialized,p64_goldilocks,64,2,0xffffffff00000001,28,268435456,8,4,5,2,10,whole-run,fixed,triton-sumcheck-prime-field-montgomery-element-layout-specialized-points,245.101,200.738,0.000,0.000000,0.000,200.738,ok,cuda-sumcheck-prime-field-montgomery-element-layout-specialized-points,132.587,136.212,0,0,0,136.212,ok,true,11918194328092,11918194328092,1.473717,,CAMERA-READY/h100/sweep_fixed/cases_zk_32_128/zk_complete_add_11_bw64_r28.log
zk_complete_add_11,q_add*x_r - q_add*x_q*x_r*alpha + q_add*x_p*x_r*alpha - q_add*y_q*x_r*delta - q_add*y_p*x_r*delta,prime-field-montgomery,element,specialized,p128_mersenne_2^127_minus_1,128,4,0x7fffffffffffffffffffffffffffffff,14,16384,8,4,5,2,10,whole-run,fixed,triton-sumcheck-prime-field-montgomery-element-layout-specialized-points,71.518,5.525,0.000,0.000000,0.000,5.525,ok,cuda-sumcheck-prime-field-montgomery-element-layout-specialized-points,2.57889,1.98499,0,0,0,1.98499,ok,true,14953352120226,14953352120226,2.783389,,CAMERA-READY/h100/sweep_fixed/cases_zk_32_128/zk_complete_add_11_bw128_r14.log
zk_complete_add_11,q_add*x_r - q_add*x_q*x_r*alpha + q_add*x_p*x_r*alpha - q_add*y_q*x_r*delta - q_add*y_p*x_r*delta,prime-field-montgomery,element,specialized,p128_mersenne_2^127_minus_1,128,4,0x7fffffffffffffffffffffffffffffff,16,65536,8,4,5,2,10,whole-run,fixed,triton-sumcheck-prime-field-montgomery-element-layout-specialized-points,72.223,7.320,0.000,0.000000,0.000,7.320,ok,cuda-sumcheck-prime-field-montgomery-element-layout-specialized-points,3.07435,2.478,0,0,0,2.478,ok,true,18019726162685,18019726162685,2.953995,,CAMERA-READY/h100/sweep_fixed/cases_zk_32_128/zk_complete_add_11_bw128_r16.log
zk_complete_add_11,q_add*x_r - q_add*x_q*x_r*alpha + q_add*x_p*x_r*alpha - q_add*y_q*x_r*delta - q_add*y_p*x_r*delta,prime-field-montgomery,element,specialized,p128_mersenne_2^127_minus_1,128,4,0x7fffffffffffffffffffffffffffffff,18,262144,8,4,5,2,10,whole-run,fixed,triton-sumcheck-prime-field-montgomery-element-layout-specialized-points,75.771,9.581,0.000,0.000000,0.000,9.581,ok,cuda-sumcheck-prime-field-montgomery-element-layout-specialized-points,3.77267,3.18088,0,0,0,3.18088,ok,true,19188741394316,19188741394316,3.012060,,CAMERA-READY/h100/sweep_fixed/cases_zk_32_128/zk_complete_add_11_bw128_r18.log
zk_complete_add_11,q_add*x_r - q_add*x_q*x_r*alpha + q_add*x_p*x_r*alpha - q_add*y_q*x_r*delta - q_add*y_p*x_r*delta,prime-field-montgomery,element,specialized,p128_mersenne_2^127_minus_1,128,4,0x7fffffffffffffffffffffffffffffff,20,1048576,8,4,5,2,10,whole-run,fixed,triton-sumcheck-prime-field-montgomery-element-layout-specialized-points,78.831,12.210,0.000,0.000000,0.000,12.210,ok,cuda-sumcheck-prime-field-montgomery-element-layout-specialized-points,5.24354,4.68304,0,0,0,4.68304,ok,true,22959872013910,22959872013910,2.607281,,CAMERA-READY/h100/sweep_fixed/cases_zk_32_128/zk_complete_add_11_bw128_r20.log
zk_complete_add_11,q_add*x_r - q_add*x_q*x_r*alpha + q_add*x_p*x_r*alpha - q_add*y_q*x_r*delta - q_add*y_p*x_r*delta,prime-field-montgomery,element,specialized,p128_mersenne_2^127_minus_1,128,4,0x7fffffffffffffffffffffffffffffff,22,4194304,8,4,5,2,10,whole-run,fixed,triton-sumcheck-prime-field-montgomery-element-layout-specialized-points,83.477,18.011,0.000,0.000000,0.000,18.011,ok,cuda-sumcheck-prime-field-montgomery-element-layout-specialized-points,9.43863,8.80709,0,0,0,8.80709,ok,true,24966081889398,24966081889398,2.045057,,CAMERA-READY/h100/sweep_fixed/cases_zk_32_128/zk_complete_add_11_bw128_r22.log
zk_complete_add_11,q_add*x_r - q_add*x_q*x_r*alpha + q_add*x_p*x_r*alpha - q_add*y_q*x_r*delta - q_add*y_p*x_r*delta,prime-field-montgomery,element,specialized,p128_mersenne_2^127_minus_1,128,4,0x7fffffffffffffffffffffffffffffff,24,16777216,8,4,5,2,10,whole-run,fixed,triton-sumcheck-prime-field-montgomery-element-layout-specialized-points,101.205,37.513,0.000,0.000000,0.000,37.513,ok,cuda-sumcheck-prime-field-montgomery-element-layout-specialized-points,23.7994,23.2082,0,0,0,23.2082,ok,true,27195504089156,27195504089156,1.616368,,CAMERA-READY/h100/sweep_fixed/cases_zk_32_128/zk_complete_add_11_bw128_r24.log
zk_complete_add_11,q_add*x_r - q_add*x_q*x_r*alpha + q_add*x_p*x_r*alpha - q_add*y_q*x_r*delta - q_add*y_p*x_r*delta,prime-field-montgomery,element,specialized,p128_mersenne_2^127_minus_1,128,4,0x7fffffffffffffffffffffffffffffff,26,67108864,8,4,5,2,10,whole-run,fixed,triton-sumcheck-prime-field-montgomery-element-layout-specialized-points,175.964,114.007,0.000,0.000000,0.000,114.007,ok,cuda-sumcheck-prime-field-montgomery-element-layout-specialized-points,78.9755,78.2505,0,0,0,78.2505,ok,true,29078779172183,29078779172183,1.456949,,CAMERA-READY/h100/sweep_fixed/cases_zk_32_128/zk_complete_add_11_bw128_r26.log
zk_complete_add_11,q_add*x_r - q_add*x_q*x_r*alpha + q_add*x_p*x_r*alpha - q_add*y_q*x_r*delta - q_add*y_p*x_r*delta,prime-field-montgomery,element,specialized,,128,,,28,268435456,8,4,5,2,10,whole-run,fixed,,,,,,,,skipped,,,,,,,,skipped,skipped,,,,returncode=1,CAMERA-READY/h100/sweep_fixed/cases_zk_32_128/zk_complete_add_11_bw128_r28.log
zk_complete_add_12,q_add*y_r - q_add*x_q*y_r*alpha + q_add*x_p*y_r*alpha - q_add*y_q*y_r*delta - q_add*y_p*y_r*delta,prime-field-montgomery,element,specialized,p32_2^32_minus_5,32,1,0xfffffffb,14,16384,8,4,5,2,10,whole-run,fixed,triton-sumcheck-prime-field-montgomery-element-layout-specialized-points,60.445,5.334,0.000,0.000000,0.000,5.334,ok,cuda-sumcheck-prime-field-montgomery-element-layout-specialized-points,1.88977,1.6213,0,0,0,1.6213,ok,true,2282866075022,2282866075022,3.289953,,CAMERA-READY/h100/sweep_fixed/cases_zk_32_128/zk_complete_add_12_bw32_r14.log
zk_complete_add_12,q_add*y_r - q_add*x_q*y_r*alpha + q_add*x_p*y_r*alpha - q_add*y_q*y_r*delta - q_add*y_p*y_r*delta,prime-field-montgomery,element,specialized,p32_2^32_minus_5,32,1,0xfffffffb,16,65536,8,4,5,2,10,whole-run,fixed,triton-sumcheck-prime-field-montgomery-element-layout-specialized-points,62.514,7.348,0.000,0.000000,0.000,7.348,ok,cuda-sumcheck-prime-field-montgomery-element-layout-specialized-points,2.23417,2.0207,0,0,0,2.0207,ok,true,2359158299771,2359158299771,3.636364,,CAMERA-READY/h100/sweep_fixed/cases_zk_32_128/zk_complete_add_12_bw32_r16.log
zk_complete_add_12,q_add*y_r - q_add*x_q*y_r*alpha + q_add*x_p*y_r*alpha - q_add*y_q*y_r*delta - q_add*y_p*y_r*delta,prime-field-montgomery,element,specialized,p32_2^32_minus_5,32,1,0xfffffffb,18,262144,8,4,5,2,10,whole-run,fixed,triton-sumcheck-prime-field-montgomery-element-layout-specialized-points,64.481,9.670,0.000,0.000000,0.000,9.670,ok,cuda-sumcheck-prime-field-montgomery-element-layout-specialized-points,2.72831,2.41393,0,0,0,2.41393,ok,true,2485816987446,2485816987446,4.005916,,CAMERA-READY/h100/sweep_fixed/cases_zk_32_128/zk_complete_add_12_bw32_r18.log
zk_complete_add_12,q_add*y_r - q_add*x_q*y_r*alpha + q_add*x_p*y_r*alpha - q_add*y_q*y_r*delta - q_add*y_p*y_r*delta,prime-field-montgomery,element,specialized,p32_2^32_minus_5,32,1,0xfffffffb,20,1048576,8,4,5,2,10,whole-run,fixed,triton-sumcheck-prime-field-montgomery-element-layout-specialized-points,67.025,11.832,0.000,0.000000,0.000,11.832,ok,cuda-sumcheck-prime-field-montgomery-element-layout-specialized-points,3.30242,3.00682,0,0,0,3.00682,ok,true,2698065176560,2698065176560,3.935054,,CAMERA-READY/h100/sweep_fixed/cases_zk_32_128/zk_complete_add_12_bw32_r20.log
zk_complete_add_12,q_add*y_r - q_add*x_q*y_r*alpha + q_add*x_p*y_r*alpha - q_add*y_q*y_r*delta - q_add*y_p*y_r*delta,prime-field-montgomery,element,specialized,p32_2^32_minus_5,32,1,0xfffffffb,22,4194304,8,4,5,2,10,whole-run,fixed,triton-sumcheck-prime-field-montgomery-element-layout-specialized-points,70.277,14.969,0.000,0.000000,0.000,14.969,ok,cuda-sumcheck-prime-field-montgomery-element-layout-specialized-points,4.40201,4.15368,0,0,0,4.15368,ok,true,3131899343976,3131899343976,3.603792,,CAMERA-READY/h100/sweep_fixed/cases_zk_32_128/zk_complete_add_12_bw32_r22.log
zk_complete_add_12,q_add*y_r - q_add*x_q*y_r*alpha + q_add*x_p*y_r*alpha - q_add*y_q*y_r*delta - q_add*y_p*y_r*delta,prime-field-montgomery,element,specialized,p32_2^32_minus_5,32,1,0xfffffffb,24,16777216,8,4,5,2,10,whole-run,fixed,triton-sumcheck-prime-field-montgomery-element-layout-specialized-points,75.261,21.626,0.000,0.000000,0.000,21.626,ok,cuda-sumcheck-prime-field-montgomery-element-layout-specialized-points,7.73781,7.45164,0,0,0,7.45164,ok,true,3499519030657,3499519030657,2.902180,,CAMERA-READY/h100/sweep_fixed/cases_zk_32_128/zk_complete_add_12_bw32_r24.log
zk_complete_add_12,q_add*y_r - q_add*x_q*y_r*alpha + q_add*x_p*y_r*alpha - q_add*y_q*y_r*delta - q_add*y_p*y_r*delta,prime-field-montgomery,element,specialized,p32_2^32_minus_5,32,1,0xfffffffb,26,67108864,8,4,5,2,10,whole-run,fixed,triton-sumcheck-prime-field-montgomery-element-layout-specialized-points,98.664,46.051,0.000,0.000000,0.000,46.051,ok,cuda-sumcheck-prime-field-montgomery-element-layout-specialized-points,19.3016,19.015,0,0,0,19.015,ok,true,3709760280057,3709760280057,2.421825,,CAMERA-READY/h100/sweep_fixed/cases_zk_32_128/zk_complete_add_12_bw32_r26.log
zk_complete_add_12,q_add*y_r - q_add*x_q*y_r*alpha + q_add*x_p*y_r*alpha - q_add*y_q*y_r*delta - q_add*y_p*y_r*delta,prime-field-montgomery,element,specialized,p32_2^32_minus_5,32,1,0xfffffffb,28,268435456,8,4,5,2,10,whole-run,fixed,triton-sumcheck-prime-field-montgomery-element-layout-specialized-points,191.637,140.192,0.000,0.000000,0.000,140.192,ok,cuda-sumcheck-prime-field-montgomery-element-layout-specialized-points,63.3592,63.2768,0,0,0,63.2768,ok,true,3796796820596,3796796820596,2.215536,,CAMERA-READY/h100/sweep_fixed/cases_zk_32_128/zk_complete_add_12_bw32_r28.log
zk_complete_add_12,q_add*y_r - q_add*x_q*y_r*alpha + q_add*x_p*y_r*alpha - q_add*y_q*y_r*delta - q_add*y_p*y_r*delta,prime-field-montgomery,element,specialized,p64_goldilocks,64,2,0xffffffff00000001,14,16384,8,4,5,2,10,whole-run,fixed,triton-sumcheck-prime-field-montgomery-element-layout-specialized-points,63.015,5.625,0.000,0.000000,0.000,5.625,ok,cuda-sumcheck-prime-field-montgomery-element-layout-specialized-points,2.0851,1.74977,0,0,0,1.74977,ok,true,5847683850424,5847683850424,3.214708,,CAMERA-READY/h100/sweep_fixed/cases_zk_32_128/zk_complete_add_12_bw64_r14.log
zk_complete_add_12,q_add*y_r - q_add*x_q*y_r*alpha + q_add*x_p*y_r*alpha - q_add*y_q*y_r*delta - q_add*y_p*y_r*delta,prime-field-montgomery,element,specialized,p64_goldilocks,64,2,0xffffffff00000001,16,65536,8,4,5,2,10,whole-run,fixed,triton-sumcheck-prime-field-montgomery-element-layout-specialized-points,65.006,7.231,0.000,0.000000,0.000,7.231,ok,cuda-sumcheck-prime-field-montgomery-element-layout-specialized-points,2.51578,2.15542,0,0,0,2.15542,ok,true,6671481681605,6671481681605,3.354799,,CAMERA-READY/h100/sweep_fixed/cases_zk_32_128/zk_complete_add_12_bw64_r16.log
zk_complete_add_12,q_add*y_r - q_add*x_q*y_r*alpha + q_add*x_p*y_r*alpha - q_add*y_q*y_r*delta - q_add*y_p*y_r*delta,prime-field-montgomery,element,specialized,p64_goldilocks,64,2,0xffffffff00000001,18,262144,8,4,5,2,10,whole-run,fixed,triton-sumcheck-prime-field-montgomery-element-layout-specialized-points,67.068,9.479,0.000,0.000000,0.000,9.479,ok,cuda-sumcheck-prime-field-montgomery-element-layout-specialized-points,2.96606,2.60964,0,0,0,2.60964,ok,true,7406646980928,7406646980928,3.632302,,CAMERA-READY/h100/sweep_fixed/cases_zk_32_128/zk_complete_add_12_bw64_r18.log
zk_complete_add_12,q_add*y_r - q_add*x_q*y_r*alpha + q_add*x_p*y_r*alpha - q_add*y_q*y_r*delta - q_add*y_p*y_r*delta,prime-field-montgomery,element,specialized,p64_goldilocks,64,2,0xffffffff00000001,20,1048576,8,4,5,2,10,whole-run,fixed,triton-sumcheck-prime-field-montgomery-element-layout-specialized-points,69.931,12.008,0.000,0.000000,0.000,12.008,ok,cuda-sumcheck-prime-field-montgomery-element-layout-specialized-points,3.87323,3.58463,0,0,0,3.58463,ok,true,8563451426192,8563451426192,3.349858,,CAMERA-READY/h100/sweep_fixed/cases_zk_32_128/zk_complete_add_12_bw64_r20.log
zk_complete_add_12,q_add*y_r - q_add*x_q*y_r*alpha + q_add*x_p*y_r*alpha - q_add*y_q*y_r*delta - q_add*y_p*y_r*delta,prime-field-montgomery,element,specialized,p64_goldilocks,64,2,0xffffffff00000001,22,4194304,8,4,5,2,10,whole-run,fixed,triton-sumcheck-prime-field-montgomery-element-layout-specialized-points,72.400,15.160,0.000,0.000000,0.000,15.160,ok,cuda-sumcheck-prime-field-montgomery-element-layout-specialized-points,6.98721,6.46071,0,0,0,6.46071,ok,true,9701232910616,9701232910616,2.346491,,CAMERA-READY/h100/sweep_fixed/cases_zk_32_128/zk_complete_add_12_bw64_r22.log
zk_complete_add_12,q_add*y_r - q_add*x_q*y_r*alpha + q_add*x_p*y_r*alpha - q_add*y_q*y_r*delta - q_add*y_p*y_r*delta,prime-field-montgomery,element,specialized,p64_goldilocks,64,2,0xffffffff00000001,24,16777216,8,4,5,2,10,whole-run,fixed,triton-sumcheck-prime-field-montgomery-element-layout-specialized-points,80.866,24.164,0.000,0.000000,0.000,24.164,ok,cuda-sumcheck-prime-field-montgomery-element-layout-specialized-points,12.2647,11.9952,0,0,0,11.9952,ok,true,10163569000663,10163569000663,2.014472,,CAMERA-READY/h100/sweep_fixed/cases_zk_32_128/zk_complete_add_12_bw64_r24.log
zk_complete_add_12,q_add*y_r - q_add*x_q*y_r*alpha + q_add*x_p*y_r*alpha - q_add*y_q*y_r*delta - q_add*y_p*y_r*delta,prime-field-montgomery,element,specialized,p64_goldilocks,64,2,0xffffffff00000001,26,67108864,8,4,5,2,10,whole-run,fixed,triton-sumcheck-prime-field-montgomery-element-layout-specialized-points,112.151,58.691,0.000,0.000000,0.000,58.691,ok,cuda-sumcheck-prime-field-montgomery-element-layout-specialized-points,36.0846,36.6371,0,0,0,36.6371,ok,true,10857144132354,10857144132354,1.601955,,CAMERA-READY/h100/sweep_fixed/cases_zk_32_128/zk_complete_add_12_bw64_r26.log
zk_complete_add_12,q_add*y_r - q_add*x_q*y_r*alpha + q_add*x_p*y_r*alpha - q_add*y_q*y_r*delta - q_add*y_p*y_r*delta,prime-field-montgomery,element,specialized,p64_goldilocks,64,2,0xffffffff00000001,28,268435456,8,4,5,2,10,whole-run,fixed,triton-sumcheck-prime-field-montgomery-element-layout-specialized-points,252.615,201.808,0.000,0.000000,0.000,201.808,ok,cuda-sumcheck-prime-field-montgomery-element-layout-specialized-points,133.298,136.541,0,0,0,136.541,ok,true,11918194328092,11918194328092,1.478003,,CAMERA-READY/h100/sweep_fixed/cases_zk_32_128/zk_complete_add_12_bw64_r28.log
zk_complete_add_12,q_add*y_r - q_add*x_q*y_r*alpha + q_add*x_p*y_r*alpha - q_add*y_q*y_r*delta - q_add*y_p*y_r*delta,prime-field-montgomery,element,specialized,p128_mersenne_2^127_minus_1,128,4,0x7fffffffffffffffffffffffffffffff,14,16384,8,4,5,2,10,whole-run,fixed,triton-sumcheck-prime-field-montgomery-element-layout-specialized-points,81.641,6.003,0.000,0.000000,0.000,6.003,ok,cuda-sumcheck-prime-field-montgomery-element-layout-specialized-points,3.08133,2.35662,0,0,0,2.35662,ok,true,14953352120226,14953352120226,2.547292,,CAMERA-READY/h100/sweep_fixed/cases_zk_32_128/zk_complete_add_12_bw128_r14.log
zk_complete_add_12,q_add*y_r - q_add*x_q*y_r*alpha + q_add*x_p*y_r*alpha - q_add*y_q*y_r*delta - q_add*y_p*y_r*delta,prime-field-montgomery,element,specialized,p128_mersenne_2^127_minus_1,128,4,0x7fffffffffffffffffffffffffffffff,16,65536,8,4,5,2,10,whole-run,fixed,triton-sumcheck-prime-field-montgomery-element-layout-specialized-points,82.914,8.181,0.000,0.000000,0.000,8.181,ok,cuda-sumcheck-prime-field-montgomery-element-layout-specialized-points,3.73194,2.96688,0,0,0,2.96688,ok,true,18019726162685,18019726162685,2.757442,,CAMERA-READY/h100/sweep_fixed/cases_zk_32_128/zk_complete_add_12_bw128_r16.log
zk_complete_add_12,q_add*y_r - q_add*x_q*y_r*alpha + q_add*x_p*y_r*alpha - q_add*y_q*y_r*delta - q_add*y_p*y_r*delta,prime-field-montgomery,element,specialized,p128_mersenne_2^127_minus_1,128,4,0x7fffffffffffffffffffffffffffffff,18,262144,8,4,5,2,10,whole-run,fixed,triton-sumcheck-prime-field-montgomery-element-layout-specialized-points,86.736,11.029,0.000,0.000000,0.000,11.029,ok,cuda-sumcheck-prime-field-montgomery-element-layout-specialized-points,3.81642,3.18515,0,0,0,3.18515,ok,true,19188741394316,19188741394316,3.462631,,CAMERA-READY/h100/sweep_fixed/cases_zk_32_128/zk_complete_add_12_bw128_r18.log
zk_complete_add_12,q_add*y_r - q_add*x_q*y_r*alpha + q_add*x_p*y_r*alpha - q_add*y_q*y_r*delta - q_add*y_p*y_r*delta,prime-field-montgomery,element,specialized,p128_mersenne_2^127_minus_1,128,4,0x7fffffffffffffffffffffffffffffff,20,1048576,8,4,5,2,10,whole-run,fixed,triton-sumcheck-prime-field-montgomery-element-layout-specialized-points,88.956,13.441,0.000,0.000000,0.000,13.441,ok,cuda-sumcheck-prime-field-montgomery-element-layout-specialized-points,5.25517,4.69389,0,0,0,4.69389,ok,true,22959872013910,22959872013910,2.863510,,CAMERA-READY/h100/sweep_fixed/cases_zk_32_128/zk_complete_add_12_bw128_r20.log
zk_complete_add_12,q_add*y_r - q_add*x_q*y_r*alpha + q_add*x_p*y_r*alpha - q_add*y_q*y_r*delta - q_add*y_p*y_r*delta,prime-field-montgomery,element,specialized,p128_mersenne_2^127_minus_1,128,4,0x7fffffffffffffffffffffffffffffff,22,4194304,8,4,5,2,10,whole-run,fixed,triton-sumcheck-prime-field-montgomery-element-layout-specialized-points,82.948,18.041,0.000,0.000000,0.000,18.041,ok,cuda-sumcheck-prime-field-montgomery-element-layout-specialized-points,9.42281,8.82513,0,0,0,8.82513,ok,true,24966081889398,24966081889398,2.044276,,CAMERA-READY/h100/sweep_fixed/cases_zk_32_128/zk_complete_add_12_bw128_r22.log
zk_complete_add_12,q_add*y_r - q_add*x_q*y_r*alpha + q_add*x_p*y_r*alpha - q_add*y_q*y_r*delta - q_add*y_p*y_r*delta,prime-field-montgomery,element,specialized,p128_mersenne_2^127_minus_1,128,4,0x7fffffffffffffffffffffffffffffff,24,16777216,8,4,5,2,10,whole-run,fixed,triton-sumcheck-prime-field-montgomery-element-layout-specialized-points,101.752,37.577,0.000,0.000000,0.000,37.577,ok,cuda-sumcheck-prime-field-montgomery-element-layout-specialized-points,23.6861,23.1384,0,0,0,23.1384,ok,true,27195504089156,27195504089156,1.624010,,CAMERA-READY/h100/sweep_fixed/cases_zk_32_128/zk_complete_add_12_bw128_r24.log
zk_complete_add_12,q_add*y_r - q_add*x_q*y_r*alpha + q_add*x_p*y_r*alpha - q_add*y_q*y_r*delta - q_add*y_p*y_r*delta,prime-field-montgomery,element,specialized,p128_mersenne_2^127_minus_1,128,4,0x7fffffffffffffffffffffffffffffff,26,67108864,8,4,5,2,10,whole-run,fixed,triton-sumcheck-prime-field-montgomery-element-layout-specialized-points,176.032,113.784,0.000,0.000000,0.000,113.784,ok,cuda-sumcheck-prime-field-montgomery-element-layout-specialized-points,80.0395,79.0205,0,0,0,79.0205,ok,true,29078779172183,29078779172183,1.439930,,CAMERA-READY/h100/sweep_fixed/cases_zk_32_128/zk_complete_add_12_bw128_r26.log
zk_complete_add_12,q_add*y_r - q_add*x_q*y_r*alpha + q_add*x_p*y_r*alpha - q_add*y_q*y_r*delta - q_add*y_p*y_r*delta,prime-field-montgomery,element,specialized,,128,,,28,268435456,8,4,5,2,10,whole-run,fixed,,,,,,,,skipped,,,,,,,,skipped,skipped,,,,returncode=1,CAMERA-READY/h100/sweep_fixed/cases_zk_32_128/zk_complete_add_12_bw128_r28.log
zk_vanilla_zerocheck_hp,qL*w1*fz1 + qR*w2*fz1 + qM*w1*w2*fz1 - qO*w3*fz1 + qC*fz1,prime-field-montgomery,element,specialized,p32_2^32_minus_5,32,1,0xfffffffb,14,16384,9,4,5,2,10,whole-run,fixed,triton-sumcheck-prime-field-montgomery-element-layout-specialized-points,66.051,6.108,0.000,0.000000,0.000,6.108,ok,cuda-sumcheck-prime-field-montgomery-element-layout-specialized-points,2.20891,1.88259,0,0,0,1.88259,ok,true,1950570306620,1950570306620,3.244466,,CAMERA-READY/h100/sweep_fixed/cases_zk_32_128/zk_vanilla_zerocheck_hp_bw32_r14.log
zk_vanilla_zerocheck_hp,qL*w1*fz1 + qR*w2*fz1 + qM*w1*w2*fz1 - qO*w3*fz1 + qC*fz1,prime-field-montgomery,element,specialized,p32_2^32_minus_5,32,1,0xfffffffb,16,65536,9,4,5,2,10,whole-run,fixed,triton-sumcheck-prime-field-montgomery-element-layout-specialized-points,62.743,7.394,0.000,0.000000,0.000,7.394,ok,cuda-sumcheck-prime-field-montgomery-element-layout-specialized-points,2.23461,2.01487,0,0,0,2.01487,ok,true,2498299398270,2498299398270,3.669716,,CAMERA-READY/h100/sweep_fixed/cases_zk_32_128/zk_vanilla_zerocheck_hp_bw32_r16.log
zk_vanilla_zerocheck_hp,qL*w1*fz1 + qR*w2*fz1 + qM*w1*w2*fz1 - qO*w3*fz1 + qC*fz1,prime-field-montgomery,element,specialized,p32_2^32_minus_5,32,1,0xfffffffb,18,262144,9,4,5,2,10,whole-run,fixed,triton-sumcheck-prime-field-montgomery-element-layout-specialized-points,65.050,9.859,0.000,0.000000,0.000,9.859,ok,cuda-sumcheck-prime-field-montgomery-element-layout-specialized-points,3.50844,3.14365,0,0,0,3.14365,ok,true,2480587646667,2480587646667,3.136163,,CAMERA-READY/h100/sweep_fixed/cases_zk_32_128/zk_vanilla_zerocheck_hp_bw32_r18.log
zk_vanilla_zerocheck_hp,qL*w1*fz1 + qR*w2*fz1 + qM*w1*w2*fz1 - qO*w3*fz1 + qC*fz1,prime-field-montgomery,element,specialized,p32_2^32_minus_5,32,1,0xfffffffb,20,1048576,9,4,5,2,10,whole-run,fixed,triton-sumcheck-prime-field-montgomery-element-layout-specialized-points,66.866,11.830,0.000,0.000000,0.000,11.830,ok,cuda-sumcheck-prime-field-montgomery-element-layout-specialized-points,3.31063,3.00162,0,0,0,3.00162,ok,true,2781495850887,2781495850887,3.941205,,CAMERA-READY/h100/sweep_fixed/cases_zk_32_128/zk_vanilla_zerocheck_hp_bw32_r20.log
zk_vanilla_zerocheck_hp,qL*w1*fz1 + qR*w2*fz1 + qM*w1*w2*fz1 - qO*w3*fz1 + qC*fz1,prime-field-montgomery,element,specialized,p32_2^32_minus_5,32,1,0xfffffffb,22,4194304,9,4,5,2,10,whole-run,fixed,triton-sumcheck-prime-field-montgomery-element-layout-specialized-points,69.961,14.670,0.000,0.000000,0.000,14.670,ok,cuda-sumcheck-prime-field-montgomery-element-layout-specialized-points,4.50489,4.20517,0,0,0,4.20517,ok,true,3263362760385,3263362760385,3.488563,,CAMERA-READY/h100/sweep_fixed/cases_zk_32_128/zk_vanilla_zerocheck_hp_bw32_r22.log
zk_vanilla_zerocheck_hp,qL*w1*fz1 + qR*w2*fz1 + qM*w1*w2*fz1 - qO*w3*fz1 + qC*fz1,prime-field-montgomery,element,specialized,p32_2^32_minus_5,32,1,0xfffffffb,24,16777216,9,4,5,2,10,whole-run,fixed,triton-sumcheck-prime-field-montgomery-element-layout-specialized-points,75.622,21.501,0.000,0.000000,0.000,21.501,ok,cuda-sumcheck-prime-field-montgomery-element-layout-specialized-points,8.18667,7.91537,0,0,0,7.91537,ok,true,3477169748299,3477169748299,2.716361,,CAMERA-READY/h100/sweep_fixed/cases_zk_32_128/zk_vanilla_zerocheck_hp_bw32_r24.log
zk_vanilla_zerocheck_hp,qL*w1*fz1 + qR*w2*fz1 + qM*w1*w2*fz1 - qO*w3*fz1 + qC*fz1,prime-field-montgomery,element,specialized,p32_2^32_minus_5,32,1,0xfffffffb,26,67108864,9,4,5,2,10,whole-run,fixed,triton-sumcheck-prime-field-montgomery-element-layout-specialized-points,97.737,46.221,0.000,0.000000,0.000,46.221,ok,cuda-sumcheck-prime-field-montgomery-element-layout-specialized-points,21.0538,20.7948,0,0,0,20.7948,ok,true,3416320475308,3416320475308,2.222719,,CAMERA-READY/h100/sweep_fixed/cases_zk_32_128/zk_vanilla_zerocheck_hp_bw32_r26.log
zk_vanilla_zerocheck_hp,qL*w1*fz1 + qR*w2*fz1 + qM*w1*w2*fz1 - qO*w3*fz1 + qC*fz1,prime-field-montgomery,element,specialized,p32_2^32_minus_5,32,1,0xfffffffb,28,268435456,9,4,5,2,10,whole-run,fixed,triton-sumcheck-prime-field-montgomery-element-layout-specialized-points,191.983,142.697,0.000,0.000000,0.000,142.697,ok,cuda-sumcheck-prime-field-montgomery-element-layout-specialized-points,70.7547,70.5421,0,0,0,70.5421,ok,true,4081837965894,4081837965894,2.022863,,CAMERA-READY/h100/sweep_fixed/cases_zk_32_128/zk_vanilla_zerocheck_hp_bw32_r28.log
zk_vanilla_zerocheck_hp,qL*w1*fz1 + qR*w2*fz1 + qM*w1*w2*fz1 - qO*w3*fz1 + qC*fz1,prime-field-montgomery,element,specialized,p64_goldilocks,64,2,0xffffffff00000001,14,16384,9,4,5,2,10,whole-run,fixed,triton-sumcheck-prime-field-montgomery-element-layout-specialized-points,289.962,5.382,0.000,0.000000,0.000,5.382,ok,cuda-sumcheck-prime-field-montgomery-element-layout-specialized-points,2.08328,1.78249,0,0,0,1.78249,ok,true,5524530001952,5524530001952,3.019372,,CAMERA-READY/h100/sweep_fixed/cases_zk_32_128/zk_vanilla_zerocheck_hp_bw64_r14.log
zk_vanilla_zerocheck_hp,qL*w1*fz1 + qR*w2*fz1 + qM*w1*w2*fz1 - qO*w3*fz1 + qC*fz1,prime-field-montgomery,element,specialized,p64_goldilocks,64,2,0xffffffff00000001,16,65536,9,4,5,2,10,whole-run,fixed,triton-sumcheck-prime-field-montgomery-element-layout-specialized-points,65.185,7.379,0.000,0.000000,0.000,7.379,ok,cuda-sumcheck-prime-field-montgomery-element-layout-specialized-points,2.46287,2.14112,0,0,0,2.14112,ok,true,6528902938831,6528902938831,3.446327,,CAMERA-READY/h100/sweep_fixed/cases_zk_32_128/zk_vanilla_zerocheck_hp_bw64_r16.log
zk_vanilla_zerocheck_hp,qL*w1*fz1 + qR*w2*fz1 + qM*w1*w2*fz1 - qO*w3*fz1 + qC*fz1,prime-field-montgomery,element,specialized,p64_goldilocks,64,2,0xffffffff00000001,18,262144,9,4,5,2,10,whole-run,fixed,triton-sumcheck-prime-field-montgomery-element-layout-specialized-points,67.073,9.343,0.000,0.000000,0.000,9.343,ok,cuda-sumcheck-prime-field-montgomery-element-layout-specialized-points,2.97851,2.68387,0,0,0,2.68387,ok,true,7487263228302,7487263228302,3.481167,,CAMERA-READY/h100/sweep_fixed/cases_zk_32_128/zk_vanilla_zerocheck_hp_bw64_r18.log
zk_vanilla_zerocheck_hp,qL*w1*fz1 + qR*w2*fz1 + qM*w1*w2*fz1 - qO*w3*fz1 + qC*fz1,prime-field-montgomery,element,specialized,p64_goldilocks,64,2,0xffffffff00000001,20,1048576,9,4,5,2,10,whole-run,fixed,triton-sumcheck-prime-field-montgomery-element-layout-specialized-points,69.401,11.848,0.000,0.000000,0.000,11.848,ok,cuda-sumcheck-prime-field-montgomery-element-layout-specialized-points,3.88429,3.62853,0,0,0,3.62853,ok,true,8595375830444,8595375830444,3.265234,,CAMERA-READY/h100/sweep_fixed/cases_zk_32_128/zk_vanilla_zerocheck_hp_bw64_r20.log
zk_vanilla_zerocheck_hp,qL*w1*fz1 + qR*w2*fz1 + qM*w1*w2*fz1 - qO*w3*fz1 + qC*fz1,prime-field-montgomery,element,specialized,p64_goldilocks,64,2,0xffffffff00000001,22,4194304,9,4,5,2,10,whole-run,fixed,triton-sumcheck-prime-field-montgomery-element-layout-specialized-points,72.784,15.374,0.000,0.000000,0.000,15.374,ok,cuda-sumcheck-prime-field-montgomery-element-layout-specialized-points,6.05524,5.81938,0,0,0,5.81938,ok,true,8690093380033,8690093380033,2.641862,,CAMERA-READY/h100/sweep_fixed/cases_zk_32_128/zk_vanilla_zerocheck_hp_bw64_r22.log
zk_vanilla_zerocheck_hp,qL*w1*fz1 + qR*w2*fz1 + qM*w1*w2*fz1 - qO*w3*fz1 + qC*fz1,prime-field-montgomery,element,specialized,p64_goldilocks,64,2,0xffffffff00000001,24,16777216,9,4,5,2,10,whole-run,fixed,triton-sumcheck-prime-field-montgomery-element-layout-specialized-points,80.616,24.845,0.000,0.000000,0.000,24.845,ok,cuda-sumcheck-prime-field-montgomery-element-layout-specialized-points,12.9779,12.7438,0,0,0,12.7438,ok,true,10364566672174,10364566672174,1.949575,,CAMERA-READY/h100/sweep_fixed/cases_zk_32_128/zk_vanilla_zerocheck_hp_bw64_r24.log
zk_vanilla_zerocheck_hp,qL*w1*fz1 + qR*w2*fz1 + qM*w1*w2*fz1 - qO*w3*fz1 + qC*fz1,prime-field-montgomery,element,specialized,p64_goldilocks,64,2,0xffffffff00000001,26,67108864,9,4,5,2,10,whole-run,fixed,triton-sumcheck-prime-field-montgomery-element-layout-specialized-points,111.667,58.539,0.000,0.000000,0.000,58.539,ok,cuda-sumcheck-prime-field-montgomery-element-layout-specialized-points,38.4038,38.6196,0,0,0,38.6196,ok,true,11626708441725,11626708441725,1.515785,,CAMERA-READY/h100/sweep_fixed/cases_zk_32_128/zk_vanilla_zerocheck_hp_bw64_r26.log
zk_vanilla_zerocheck_hp,qL*w1*fz1 + qR*w2*fz1 + qM*w1*w2*fz1 - qO*w3*fz1 + qC*fz1,prime-field-montgomery,element,specialized,p64_goldilocks,64,2,0xffffffff00000001,28,268435456,9,4,5,2,10,whole-run,fixed,triton-sumcheck-prime-field-montgomery-element-layout-specialized-points,245.981,202.606,0.000,0.000000,0.000,202.606,ok,cuda-sumcheck-prime-field-montgomery-element-layout-specialized-points,141.155,143.958,0,0,0,143.958,ok,true,11502908106742,11502908106742,1.407397,,CAMERA-READY/h100/sweep_fixed/cases_zk_32_128/zk_vanilla_zerocheck_hp_bw64_r28.log
zk_vanilla_zerocheck_hp,qL*w1*fz1 + qR*w2*fz1 + qM*w1*w2*fz1 - qO*w3*fz1 + qC*fz1,prime-field-montgomery,element,specialized,p128_mersenne_2^127_minus_1,128,4,0x7fffffffffffffffffffffffffffffff,14,16384,9,4,5,2,10,whole-run,fixed,triton-sumcheck-prime-field-montgomery-element-layout-specialized-points,530.297,5.547,0.000,0.000000,0.000,5.547,ok,cuda-sumcheck-prime-field-montgomery-element-layout-specialized-points,2.49097,1.91372,0,0,0,1.91372,ok,true,15526345339323,15526345339323,2.898543,,CAMERA-READY/h100/sweep_fixed/cases_zk_32_128/zk_vanilla_zerocheck_hp_bw128_r14.log
zk_vanilla_zerocheck_hp,qL*w1*fz1 + qR*w2*fz1 + qM*w1*w2*fz1 - qO*w3*fz1 + qC*fz1,prime-field-montgomery,element,specialized,p128_mersenne_2^127_minus_1,128,4,0x7fffffffffffffffffffffffffffffff,16,65536,9,4,5,2,10,whole-run,fixed,triton-sumcheck-prime-field-montgomery-element-layout-specialized-points,70.742,7.476,0.000,0.000000,0.000,7.476,ok,cuda-sumcheck-prime-field-montgomery-element-layout-specialized-points,2.95943,2.39125,0,0,0,2.39125,ok,true,18155590736036,18155590736036,3.126398,,CAMERA-READY/h100/sweep_fixed/cases_zk_32_128/zk_vanilla_zerocheck_hp_bw128_r16.log
zk_vanilla_zerocheck_hp,qL*w1*fz1 + qR*w2*fz1 + qM*w1*w2*fz1 - qO*w3*fz1 + qC*fz1,prime-field-montgomery,element,specialized,p128_mersenne_2^127_minus_1,128,4,0x7fffffffffffffffffffffffffffffff,18,262144,9,4,5,2,10,whole-run,fixed,triton-sumcheck-prime-field-montgomery-element-layout-specialized-points,73.871,9.474,0.000,0.000000,0.000,9.474,ok,cuda-sumcheck-prime-field-montgomery-element-layout-specialized-points,3.61661,3.09067,0,0,0,3.09067,ok,true,20124772919836,20124772919836,3.065355,,CAMERA-READY/h100/sweep_fixed/cases_zk_32_128/zk_vanilla_zerocheck_hp_bw128_r18.log
zk_vanilla_zerocheck_hp,qL*w1*fz1 + qR*w2*fz1 + qM*w1*w2*fz1 - qO*w3*fz1 + qC*fz1,prime-field-montgomery,element,specialized,p128_mersenne_2^127_minus_1,128,4,0x7fffffffffffffffffffffffffffffff,20,1048576,9,4,5,2,10,whole-run,fixed,triton-sumcheck-prime-field-montgomery-element-layout-specialized-points,77.076,12.045,0.000,0.000000,0.000,12.045,ok,cuda-sumcheck-prime-field-montgomery-element-layout-specialized-points,5.11378,4.587,0,0,0,4.587,ok,true,23254252951917,23254252951917,2.625899,,CAMERA-READY/h100/sweep_fixed/cases_zk_32_128/zk_vanilla_zerocheck_hp_bw128_r20.log
zk_vanilla_zerocheck_hp,qL*w1*fz1 + qR*w2*fz1 + qM*w1*w2*fz1 - qO*w3*fz1 + qC*fz1,prime-field-montgomery,element,specialized,p128_mersenne_2^127_minus_1,128,4,0x7fffffffffffffffffffffffffffffff,22,4194304,9,4,5,2,10,whole-run,fixed,triton-sumcheck-prime-field-montgomery-element-layout-specialized-points,81.900,17.881,0.000,0.000000,0.000,17.881,ok,cuda-sumcheck-prime-field-montgomery-element-layout-specialized-points,9.20796,8.67734,0,0,0,8.67734,ok,true,25463466550769,25463466550769,2.060655,,CAMERA-READY/h100/sweep_fixed/cases_zk_32_128/zk_vanilla_zerocheck_hp_bw128_r22.log
zk_vanilla_zerocheck_hp,qL*w1*fz1 + qR*w2*fz1 + qM*w1*w2*fz1 - qO*w3*fz1 + qC*fz1,prime-field-montgomery,element,specialized,p128_mersenne_2^127_minus_1,128,4,0x7fffffffffffffffffffffffffffffff,24,16777216,9,4,5,2,10,whole-run,fixed,triton-sumcheck-prime-field-montgomery-element-layout-specialized-points,100.016,37.921,0.000,0.000000,0.000,37.921,ok,cuda-sumcheck-prime-field-montgomery-element-layout-specialized-points,23.3877,22.8675,0,0,0,22.8675,ok,true,26498814534127,26498814534127,1.658292,,CAMERA-READY/h100/sweep_fixed/cases_zk_32_128/zk_vanilla_zerocheck_hp_bw128_r24.log
zk_vanilla_zerocheck_hp,qL*w1*fz1 + qR*w2*fz1 + qM*w1*w2*fz1 - qO*w3*fz1 + qC*fz1,prime-field-montgomery,element,specialized,p128_mersenne_2^127_minus_1,128,4,0x7fffffffffffffffffffffffffffffff,26,67108864,9,4,5,2,10,whole-run,fixed,triton-sumcheck-prime-field-montgomery-element-layout-specialized-points,175.554,114.912,0.000,0.000000,0.000,114.912,ok,cuda-sumcheck-prime-field-montgomery-element-layout-specialized-points,77.8116,77.1103,0,0,0,77.1103,ok,true,29405350505544,29405350505544,1.490229,,CAMERA-READY/h100/sweep_fixed/cases_zk_32_128/zk_vanilla_zerocheck_hp_bw128_r26.log
zk_vanilla_zerocheck_hp,qL*w1*fz1 + qR*w2*fz1 + qM*w1*w2*fz1 - qO*w3*fz1 + qC*fz1,prime-field-montgomery,element,specialized,,128,,,28,268435456,9,4,5,2,10,whole-run,fixed,,,,,,,,skipped,,,,,,,,skipped,skipped,,,,returncode=1,CAMERA-READY/h100/sweep_fixed/cases_zk_32_128/zk_vanilla_zerocheck_hp_bw128_r28.log
zk_vanilla_permcheck_hp,pi*fz2 - p1*p2*fz2 + 7*phi*D1*D2*D3*fz2 - 7*N1*N2*N3*fz2,prime-field-montgomery,element,specialized,p32_2^32_minus_5,32,1,0xfffffffb,14,16384,11,5,4,2,10,whole-run,fixed,triton-sumcheck-prime-field-montgomery-element-layout-specialized-points,64.904,6.498,0.000,0.000000,0.000,6.498,ok,cuda-sumcheck-prime-field-montgomery-element-layout-specialized-points,2.21206,1.95649,0,0,0,1.95649,ok,true,2272361141232,2272361141232,3.321254,,CAMERA-READY/h100/sweep_fixed/cases_zk_32_128/zk_vanilla_permcheck_hp_bw32_r14.log
zk_vanilla_permcheck_hp,pi*fz2 - p1*p2*fz2 + 7*phi*D1*D2*D3*fz2 - 7*N1*N2*N3*fz2,prime-field-montgomery,element,specialized,p32_2^32_minus_5,32,1,0xfffffffb,16,65536,11,5,4,2,10,whole-run,fixed,triton-sumcheck-prime-field-montgomery-element-layout-specialized-points,66.213,8.655,0.000,0.000000,0.000,8.655,ok,cuda-sumcheck-prime-field-montgomery-element-layout-specialized-points,2.72386,2.39581,0,0,0,2.39581,ok,true,2844573498897,2844573498897,3.612557,,CAMERA-READY/h100/sweep_fixed/cases_zk_32_128/zk_vanilla_permcheck_hp_bw32_r16.log
zk_vanilla_permcheck_hp,pi*fz2 - p1*p2*fz2 + 7*phi*D1*D2*D3*fz2 - 7*N1*N2*N3*fz2,prime-field-montgomery,element,specialized,p32_2^32_minus_5,32,1,0xfffffffb,18,262144,11,5,4,2,10,whole-run,fixed,triton-sumcheck-prime-field-montgomery-element-layout-specialized-points,69.441,11.282,0.000,0.000000,0.000,11.282,ok,cuda-sumcheck-prime-field-montgomery-element-layout-specialized-points,3.26488,2.88894,0,0,0,2.88894,ok,true,3040214502507,3040214502507,3.905239,,CAMERA-READY/h100/sweep_fixed/cases_zk_32_128/zk_vanilla_permcheck_hp_bw32_r18.log
zk_vanilla_permcheck_hp,pi*fz2 - p1*p2*fz2 + 7*phi*D1*D2*D3*fz2 - 7*N1*N2*N3*fz2,prime-field-montgomery,element,specialized,p32_2^32_minus_5,32,1,0xfffffffb,20,1048576,11,5,4,2,10,whole-run,fixed,triton-sumcheck-prime-field-montgomery-element-layout-specialized-points,72.531,14.265,0.000,0.000000,0.000,14.265,ok,cuda-sumcheck-prime-field-montgomery-element-layout-specialized-points,4.01212,3.63615,0,0,0,3.63615,ok,true,3649621384734,3649621384734,3.923105,,CAMERA-READY/h100/sweep_fixed/cases_zk_32_128/zk_vanilla_permcheck_hp_bw32_r20.log
zk_vanilla_permcheck_hp,pi*fz2 - p1*p2*fz2 + 7*phi*D1*D2*D3*fz2 - 7*N1*N2*N3*fz2,prime-field-montgomery,element,specialized,p32_2^32_minus_5,32,1,0xfffffffb,22,4194304,11,5,4,2,10,whole-run,fixed,triton-sumcheck-prime-field-montgomery-element-layout-specialized-points,75.487,17.630,0.000,0.000000,0.000,17.630,ok,cuda-sumcheck-prime-field-montgomery-element-layout-specialized-points,5.66477,5.33307,0,0,0,5.33307,ok,true,3827975597602,3827975597602,3.305788,,CAMERA-READY/h100/sweep_fixed/cases_zk_32_128/zk_vanilla_permcheck_hp_bw32_r22.log
zk_vanilla_permcheck_hp,pi*fz2 - p1*p2*fz2 + 7*phi*D1*D2*D3*fz2 - 7*N1*N2*N3*fz2,prime-field-montgomery,element,specialized,p32_2^32_minus_5,32,1,0xfffffffb,24,16777216,11,5,4,2,10,whole-run,fixed,triton-sumcheck-prime-field-montgomery-element-layout-specialized-points,83.192,26.363,0.000,0.000000,0.000,26.363,ok,cuda-sumcheck-prime-field-montgomery-element-layout-specialized-points,10.6408,10.299,0,0,0,10.299,ok,true,4304122550195,4304122550195,2.559763,,CAMERA-READY/h100/sweep_fixed/cases_zk_32_128/zk_vanilla_permcheck_hp_bw32_r24.log
zk_vanilla_permcheck_hp,pi*fz2 - p1*p2*fz2 + 7*phi*D1*D2*D3*fz2 - 7*N1*N2*N3*fz2,prime-field-montgomery,element,specialized,p32_2^32_minus_5,32,1,0xfffffffb,26,67108864,11,5,4,2,10,whole-run,fixed,triton-sumcheck-prime-field-montgomery-element-layout-specialized-points,113.767,58.599,0.000,0.000000,0.000,58.599,ok,cuda-sumcheck-prime-field-montgomery-element-layout-specialized-points,28.5137,28.2238,0,0,0,28.2238,ok,true,4739022443649,4739022443649,2.076226,,CAMERA-READY/h100/sweep_fixed/cases_zk_32_128/zk_vanilla_permcheck_hp_bw32_r26.log
zk_vanilla_permcheck_hp,pi*fz2 - p1*p2*fz2 + 7*phi*D1*D2*D3*fz2 - 7*N1*N2*N3*fz2,prime-field-montgomery,element,specialized,p32_2^32_minus_5,32,1,0xfffffffb,28,268435456,11,5,4,2,10,whole-run,fixed,triton-sumcheck-prime-field-montgomery-element-layout-specialized-points,238.690,186.453,0.000,0.000000,0.000,186.453,ok,cuda-sumcheck-prime-field-montgomery-element-layout-specialized-points,98.2449,98.7851,0,0,0,98.7851,ok,true,4575926642859,4575926642859,1.887461,,CAMERA-READY/h100/sweep_fixed/cases_zk_32_128/zk_vanilla_permcheck_hp_bw32_r28.log
zk_vanilla_permcheck_hp,pi*fz2 - p1*p2*fz2 + 7*phi*D1*D2*D3*fz2 - 7*N1*N2*N3*fz2,prime-field-montgomery,element,specialized,p64_goldilocks,64,2,0xffffffff00000001,14,16384,11,5,4,2,10,whole-run,fixed,triton-sumcheck-prime-field-montgomery-element-layout-specialized-points,297.484,6.748,0.000,0.000000,0.000,6.748,ok,cuda-sumcheck-prime-field-montgomery-element-layout-specialized-points,2.57329,2.18953,0,0,0,2.18953,ok,true,7732743940558,7732743940558,3.081940,,CAMERA-READY/h100/sweep_fixed/cases_zk_32_128/zk_vanilla_permcheck_hp_bw64_r14.log
zk_vanilla_permcheck_hp,pi*fz2 - p1*p2*fz2 + 7*phi*D1*D2*D3*fz2 - 7*N1*N2*N3*fz2,prime-field-montgomery,element,specialized,p64_goldilocks,64,2,0xffffffff00000001,16,65536,11,5,4,2,10,whole-run,fixed,triton-sumcheck-prime-field-montgomery-element-layout-specialized-points,70.799,8.660,0.000,0.000000,0.000,8.660,ok,cuda-sumcheck-prime-field-montgomery-element-layout-specialized-points,3.03031,2.63354,0,0,0,2.63354,ok,true,8091538305240,8091538305240,3.288350,,CAMERA-READY/h100/sweep_fixed/cases_zk_32_128/zk_vanilla_permcheck_hp_bw64_r16.log
zk_vanilla_permcheck_hp,pi*fz2 - p1*p2*fz2 + 7*phi*D1*D2*D3*fz2 - 7*N1*N2*N3*fz2,prime-field-montgomery,element,specialized,p64_goldilocks,64,2,0xffffffff00000001,18,262144,11,5,4,2,10,whole-run,fixed,triton-sumcheck-prime-field-montgomery-element-layout-specialized-points,73.345,11.371,0.000,0.000000,0.000,11.371,ok,cuda-sumcheck-prime-field-montgomery-element-layout-specialized-points,3.61223,3.22404,0,0,0,3.22404,ok,true,9069205122159,9069205122159,3.526941,,CAMERA-READY/h100/sweep_fixed/cases_zk_32_128/zk_vanilla_permcheck_hp_bw64_r18.log
zk_vanilla_permcheck_hp,pi*fz2 - p1*p2*fz2 + 7*phi*D1*D2*D3*fz2 - 7*N1*N2*N3*fz2,prime-field-montgomery,element,specialized,p64_goldilocks,64,2,0xffffffff00000001,20,1048576,11,5,4,2,10,whole-run,fixed,triton-sumcheck-prime-field-montgomery-element-layout-specialized-points,76.473,14.352,0.000,0.000000,0.000,14.352,ok,cuda-sumcheck-prime-field-montgomery-element-layout-specialized-points,4.94472,4.58009,0,0,0,4.58009,ok,true,10282883281385,10282883281385,3.133563,,CAMERA-READY/h100/sweep_fixed/cases_zk_32_128/zk_vanilla_permcheck_hp_bw64_r20.log
zk_vanilla_permcheck_hp,pi*fz2 - p1*p2*fz2 + 7*phi*D1*D2*D3*fz2 - 7*N1*N2*N3*fz2,prime-field-montgomery,element,specialized,p64_goldilocks,64,2,0xffffffff00000001,22,4194304,11,5,4,2,10,whole-run,fixed,triton-sumcheck-prime-field-montgomery-element-layout-specialized-points,80.607,18.341,0.000,0.000000,0.000,18.341,ok,cuda-sumcheck-prime-field-montgomery-element-layout-specialized-points,7.99721,7.60729,0,0,0,7.60729,ok,true,10981800915735,10981800915735,2.410977,,CAMERA-READY/h100/sweep_fixed/cases_zk_32_128/zk_vanilla_permcheck_hp_bw64_r22.log
zk_vanilla_permcheck_hp,pi*fz2 - p1*p2*fz2 + 7*phi*D1*D2*D3*fz2 - 7*N1*N2*N3*fz2,prime-field-montgomery,element,specialized,p64_goldilocks,64,2,0xffffffff00000001,24,16777216,11,5,4,2,10,whole-run,fixed,triton-sumcheck-prime-field-montgomery-element-layout-specialized-points,91.623,31.236,0.000,0.000000,0.000,31.236,ok,cuda-sumcheck-prime-field-montgomery-element-layout-specialized-points,17.9507,17.5541,0,0,0,17.5541,ok,true,12355352525776,12355352525776,1.779413,,CAMERA-READY/h100/sweep_fixed/cases_zk_32_128/zk_vanilla_permcheck_hp_bw64_r24.log
zk_vanilla_permcheck_hp,pi*fz2 - p1*p2*fz2 + 7*phi*D1*D2*D3*fz2 - 7*N1*N2*N3*fz2,prime-field-montgomery,element,specialized,p64_goldilocks,64,2,0xffffffff00000001,26,67108864,11,5,4,2,10,whole-run,fixed,triton-sumcheck-prime-field-montgomery-element-layout-specialized-points,136.743,80.282,0.000,0.000000,0.000,80.282,ok,cuda-sumcheck-prime-field-montgomery-element-layout-specialized-points,55.1712,55.4158,0,0,0,55.4158,ok,true,12336291771895,12336291771895,1.448720,,CAMERA-READY/h100/sweep_fixed/cases_zk_32_128/zk_vanilla_permcheck_hp_bw64_r26.log
zk_vanilla_permcheck_hp,pi*fz2 - p1*p2*fz2 + 7*phi*D1*D2*D3*fz2 - 7*N1*N2*N3*fz2,prime-field-montgomery,element,specialized,p64_goldilocks,64,2,0xffffffff00000001,28,268435456,11,5,4,2,10,whole-run,fixed,triton-sumcheck-prime-field-montgomery-element-layout-specialized-points,328.983,288.304,0.000,0.000000,0.000,288.304,ok,cuda-sumcheck-prime-field-montgomery-element-layout-specialized-points,205.385,211.538,0,0,0,211.538,ok,true,14493999785707,14493999785707,1.362895,,CAMERA-READY/h100/sweep_fixed/cases_zk_32_128/zk_vanilla_permcheck_hp_bw64_r28.log
zk_vanilla_permcheck_hp,pi*fz2 - p1*p2*fz2 + 7*phi*D1*D2*D3*fz2 - 7*N1*N2*N3*fz2,prime-field-montgomery,element,specialized,p128_mersenne_2^127_minus_1,128,4,0x7fffffffffffffffffffffffffffffff,14,16384,11,5,4,2,10,whole-run,fixed,triton-sumcheck-prime-field-montgomery-element-layout-specialized-points,608.886,6.653,0.000,0.000000,0.000,6.653,ok,cuda-sumcheck-prime-field-montgomery-element-layout-specialized-points,3.53551,2.63384,0,0,0,2.63384,ok,true,18663118028633,18663118028633,2.525970,,CAMERA-READY/h100/sweep_fixed/cases_zk_32_128/zk_vanilla_permcheck_hp_bw128_r14.log
zk_vanilla_permcheck_hp,pi*fz2 - p1*p2*fz2 + 7*phi*D1*D2*D3*fz2 - 7*N1*N2*N3*fz2,prime-field-montgomery,element,specialized,p128_mersenne_2^127_minus_1,128,4,0x7fffffffffffffffffffffffffffffff,16,65536,11,5,4,2,10,whole-run,fixed,triton-sumcheck-prime-field-montgomery-element-layout-specialized-points,81.120,8.783,0.000,0.000000,0.000,8.783,ok,cuda-sumcheck-prime-field-montgomery-element-layout-specialized-points,67.6471,4.05342,0,0,0,4.05342,ok,true,22851421026668,22851421026668,2.166812,,CAMERA-READY/h100/sweep_fixed/cases_zk_32_128/zk_vanilla_permcheck_hp_bw128_r16.log
zk_vanilla_permcheck_hp,pi*fz2 - p1*p2*fz2 + 7*phi*D1*D2*D3*fz2 - 7*N1*N2*N3*fz2,prime-field-montgomery,element,specialized,p128_mersenne_2^127_minus_1,128,4,0x7fffffffffffffffffffffffffffffff,18,262144,11,5,4,2,10,whole-run,fixed,triton-sumcheck-prime-field-montgomery-element-layout-specialized-points,84.062,11.569,0.000,0.000000,0.000,11.569,ok,cuda-sumcheck-prime-field-montgomery-element-layout-specialized-points,5.1157,4.15666,0,0,0,4.15666,ok,true,24560265676687,24560265676687,2.783244,,CAMERA-READY/h100/sweep_fixed/cases_zk_32_128/zk_vanilla_permcheck_hp_bw128_r18.log
zk_vanilla_permcheck_hp,pi*fz2 - p1*p2*fz2 + 7*phi*D1*D2*D3*fz2 - 7*N1*N2*N3*fz2,prime-field-montgomery,element,specialized,p128_mersenne_2^127_minus_1,128,4,0x7fffffffffffffffffffffffffffffff,20,1048576,11,5,4,2,10,whole-run,fixed,triton-sumcheck-prime-field-montgomery-element-layout-specialized-points,86.697,14.831,0.000,0.000000,0.000,14.831,ok,cuda-sumcheck-prime-field-montgomery-element-layout-specialized-points,7.0195,6.12116,0,0,0,6.12116,ok,true,25715036641788,25715036641788,2.422907,,CAMERA-READY/h100/sweep_fixed/cases_zk_32_128/zk_vanilla_permcheck_hp_bw128_r20.log
zk_vanilla_permcheck_hp,pi*fz2 - p1*p2*fz2 + 7*phi*D1*D2*D3*fz2 - 7*N1*N2*N3*fz2,prime-field-montgomery,element,specialized,p128_mersenne_2^127_minus_1,128,4,0x7fffffffffffffffffffffffffffffff,22,4194304,11,5,4,2,10,whole-run,fixed,triton-sumcheck-prime-field-montgomery-element-layout-specialized-points,93.482,22.662,0.000,0.000000,0.000,22.662,ok,cuda-sumcheck-prime-field-montgomery-element-layout-specialized-points,12.9698,12.0344,0,0,0,12.0344,ok,true,29592131441873,29592131441873,1.883102,,CAMERA-READY/h100/sweep_fixed/cases_zk_32_128/zk_vanilla_permcheck_hp_bw128_r22.log
zk_vanilla_permcheck_hp,pi*fz2 - p1*p2*fz2 + 7*phi*D1*D2*D3*fz2 - 7*N1*N2*N3*fz2,prime-field-montgomery,element,specialized,p128_mersenne_2^127_minus_1,128,4,0x7fffffffffffffffffffffffffffffff,24,16777216,11,5,4,2,10,whole-run,fixed,triton-sumcheck-prime-field-montgomery-element-layout-specialized-points,122.772,52.312,0.000,0.000000,0.000,52.312,ok,cuda-sumcheck-prime-field-montgomery-element-layout-specialized-points,33.2257,32.3004,0,0,0,32.3004,ok,true,33177847440426,33177847440426,1.619547,,CAMERA-READY/h100/sweep_fixed/cases_zk_32_128/zk_vanilla_permcheck_hp_bw128_r24.log
zk_vanilla_permcheck_hp,pi*fz2 - p1*p2*fz2 + 7*phi*D1*D2*D3*fz2 - 7*N1*N2*N3*fz2,prime-field-montgomery,element,specialized,p128_mersenne_2^127_minus_1,128,4,0x7fffffffffffffffffffffffffffffff,26,67108864,11,5,4,2,10,whole-run,fixed,triton-sumcheck-prime-field-montgomery-element-layout-specialized-points,235.055,166.926,0.000,0.000000,0.000,166.926,ok,cuda-sumcheck-prime-field-montgomery-element-layout-specialized-points,114.523,110.194,0,0,0,110.194,ok,true,34929863856459,34929863856459,1.514837,,CAMERA-READY/h100/sweep_fixed/cases_zk_32_128/zk_vanilla_permcheck_hp_bw128_r26.log
zk_vanilla_permcheck_hp,pi*fz2 - p1*p2*fz2 + 7*phi*D1*D2*D3*fz2 - 7*N1*N2*N3*fz2,prime-field-montgomery,element,specialized,,128,,,28,268435456,11,5,4,2,10,whole-run,fixed,,,,,,,,skipped,,,,,,,,skipped,skipped,,,,returncode=1,CAMERA-READY/h100/sweep_fixed/cases_zk_32_128/zk_vanilla_permcheck_hp_bw128_r28.log
zk_jellyfish_zerocheck_hp,qL*w1*fz + qR*w2*fz + qM*w1*w2*fz - qO*w3*fz + q1*w1*fz + q2*w2*fz + q3*w3*fz + q4*w4*fz - qO*w5*fz + qM1*w1*w2*fz + qM2*w3*w4*fz + qH1*w1*w1*w1*w1*w1*fz + qH2*w2*w2*w2*w2*w2*fz + qH3*w3*w3*w3*w3*w3*fz + qH4*w4*w4*w4*w4*w4*fz + qECC*w1*w2*w3*w4*fz + qc*fz,prime-field-montgomery,element,specialized,p32_2^32_minus_5,32,1,0xfffffffb,14,16384,22,7,17,2,10,whole-run,fixed,triton-sumcheck-prime-field-montgomery-element-layout-specialized-points,233.133,8.522,0.000,0.000000,0.000,8.522,ok,cuda-sumcheck-prime-field-montgomery-element-layout-specialized-points,3.23519,2.7252,0,0,0,2.7252,ok,true,2823215150314,2823215150314,3.127110,,CAMERA-READY/h100/sweep_fixed/cases_zk_32_128/zk_jellyfish_zerocheck_hp_bw32_r14.log
zk_jellyfish_zerocheck_hp,qL*w1*fz + qR*w2*fz + qM*w1*w2*fz - qO*w3*fz + q1*w1*fz + q2*w2*fz + q3*w3*fz + q4*w4*fz - qO*w5*fz + qM1*w1*w2*fz + qM2*w3*w4*fz + qH1*w1*w1*w1*w1*w1*fz + qH2*w2*w2*w2*w2*w2*fz + qH3*w3*w3*w3*w3*w3*fz + qH4*w4*w4*w4*w4*w4*fz + qECC*w1*w2*w3*w4*fz + qc*fz,prime-field-montgomery,element,specialized,p32_2^32_minus_5,32,1,0xfffffffb,16,65536,22,7,17,2,10,whole-run,fixed,triton-sumcheck-prime-field-montgomery-element-layout-specialized-points,83.700,11.163,0.000,0.000000,0.000,11.163,ok,cuda-sumcheck-prime-field-montgomery-element-layout-specialized-points,3.89411,3.32848,0,0,0,3.32848,ok,true,3425196206978,3425196206978,3.353783,,CAMERA-READY/h100/sweep_fixed/cases_zk_32_128/zk_jellyfish_zerocheck_hp_bw32_r16.log
zk_jellyfish_zerocheck_hp,qL*w1*fz + qR*w2*fz + qM*w1*w2*fz - qO*w3*fz + q1*w1*fz + q2*w2*fz + q3*w3*fz + q4*w4*fz - qO*w5*fz + qM1*w1*w2*fz + qM2*w3*w4*fz + qH1*w1*w1*w1*w1*w1*fz + qH2*w2*w2*w2*w2*w2*fz + qH3*w3*w3*w3*w3*w3*fz + qH4*w4*w4*w4*w4*w4*fz + qECC*w1*w2*w3*w4*fz + qc*fz,prime-field-montgomery,element,specialized,p32_2^32_minus_5,32,1,0xfffffffb,18,262144,22,7,17,2,10,whole-run,fixed,triton-sumcheck-prime-field-montgomery-element-layout-specialized-points,88.282,15.014,0.000,0.000000,0.000,15.014,ok,cuda-sumcheck-prime-field-montgomery-element-layout-specialized-points,4.6398,4.08551,0,0,0,4.08551,ok,true,3886855567270,3886855567270,3.674939,,CAMERA-READY/h100/sweep_fixed/cases_zk_32_128/zk_jellyfish_zerocheck_hp_bw32_r18.log
zk_jellyfish_zerocheck_hp,qL*w1*fz + qR*w2*fz + qM*w1*w2*fz - qO*w3*fz + q1*w1*fz + q2*w2*fz + q3*w3*fz + q4*w4*fz - qO*w5*fz + qM1*w1*w2*fz + qM2*w3*w4*fz + qH1*w1*w1*w1*w1*w1*fz + qH2*w2*w2*w2*w2*w2*fz + qH3*w3*w3*w3*w3*w3*fz + qH4*w4*w4*w4*w4*w4*fz + qECC*w1*w2*w3*w4*fz + qc*fz,prime-field-montgomery,element,specialized,p32_2^32_minus_5,32,1,0xfffffffb,20,1048576,22,7,17,2,10,whole-run,fixed,triton-sumcheck-prime-field-montgomery-element-layout-specialized-points,92.708,18.757,0.000,0.000000,0.000,18.757,ok,cuda-sumcheck-prime-field-montgomery-element-layout-specialized-points,6.22891,5.65738,0,0,0,5.65738,ok,true,4455850897641,4455850897641,3.315492,,CAMERA-READY/h100/sweep_fixed/cases_zk_32_128/zk_jellyfish_zerocheck_hp_bw32_r20.log
zk_jellyfish_zerocheck_hp,qL*w1*fz + qR*w2*fz + qM*w1*w2*fz - qO*w3*fz + q1*w1*fz + q2*w2*fz + q3*w3*fz + q4*w4*fz - qO*w5*fz + qM1*w1*w2*fz + qM2*w3*w4*fz + qH1*w1*w1*w1*w1*w1*fz + qH2*w2*w2*w2*w2*w2*fz + qH3*w3*w3*w3*w3*w3*fz + qH4*w4*w4*w4*w4*w4*fz + qECC*w1*w2*w3*w4*fz + qc*fz,prime-field-montgomery,element,specialized,p32_2^32_minus_5,32,1,0xfffffffb,22,4194304,22,7,17,2,10,whole-run,fixed,triton-sumcheck-prime-field-montgomery-element-layout-specialized-points,96.711,24.334,0.000,0.000000,0.000,24.334,ok,cuda-sumcheck-prime-field-montgomery-element-layout-specialized-points,10.0368,9.50006,0,0,0,9.50006,ok,true,5014171901635,5014171901635,2.561458,,CAMERA-READY/h100/sweep_fixed/cases_zk_32_128/zk_jellyfish_zerocheck_hp_bw32_r22.log
zk_jellyfish_zerocheck_hp,qL*w1*fz + qR*w2*fz + qM*w1*w2*fz - qO*w3*fz + q1*w1*fz + q2*w2*fz + q3*w3*fz + q4*w4*fz - qO*w5*fz + qM1*w1*w2*fz + qM2*w3*w4*fz + qH1*w1*w1*w1*w1*w1*fz + qH2*w2*w2*w2*w2*w2*fz + qH3*w3*w3*w3*w3*w3*fz + qH4*w4*w4*w4*w4*w4*fz + qECC*w1*w2*w3*w4*fz + qc*fz,prime-field-montgomery,element,specialized,p32_2^32_minus_5,32,1,0xfffffffb,24,16777216,22,7,17,2,10,whole-run,fixed,triton-sumcheck-prime-field-montgomery-element-layout-specialized-points,114.975,43.033,0.000,0.000000,0.000,43.033,ok,cuda-sumcheck-prime-field-montgomery-element-layout-specialized-points,22.8207,22.3641,0,0,0,22.3641,ok,true,5521674021669,5521674021669,1.924200,,CAMERA-READY/h100/sweep_fixed/cases_zk_32_128/zk_jellyfish_zerocheck_hp_bw32_r24.log
zk_jellyfish_zerocheck_hp,qL*w1*fz + qR*w2*fz + qM*w1*w2*fz - qO*w3*fz + q1*w1*fz + q2*w2*fz + q3*w3*fz + q4*w4*fz - qO*w5*fz + qM1*w1*w2*fz + qM2*w3*w4*fz + qH1*w1*w1*w1*w1*w1*fz + qH2*w2*w2*w2*w2*w2*fz + qH3*w3*w3*w3*w3*w3*fz + qH4*w4*w4*w4*w4*w4*fz + qECC*w1*w2*w3*w4*fz + qc*fz,prime-field-montgomery,element,specialized,p32_2^32_minus_5,32,1,0xfffffffb,26,67108864,22,7,17,2,10,whole-run,fixed,triton-sumcheck-prime-field-montgomery-element-layout-specialized-points,182.810,115.614,0.000,0.000000,0.000,115.614,ok,cuda-sumcheck-prime-field-montgomery-element-layout-specialized-points,70.637,70.9768,0,0,0,70.9768,ok,true,5898448727639,5898448727639,1.628898,,CAMERA-READY/h100/sweep_fixed/cases_zk_32_128/zk_jellyfish_zerocheck_hp_bw32_r26.log
zk_jellyfish_zerocheck_hp,qL*w1*fz + qR*w2*fz + qM*w1*w2*fz - qO*w3*fz + q1*w1*fz + q2*w2*fz + q3*w3*fz + q4*w4*fz - qO*w5*fz + qM1*w1*w2*fz + qM2*w3*w4*fz + qH1*w1*w1*w1*w1*w1*fz + qH2*w2*w2*w2*w2*w2*fz + qH3*w3*w3*w3*w3*w3*fz + qH4*w4*w4*w4*w4*w4*fz + qECC*w1*w2*w3*w4*fz + qc*fz,prime-field-montgomery,element,specialized,p32_2^32_minus_5,32,1,0xfffffffb,28,268435456,22,7,17,2,10,whole-run,fixed,triton-sumcheck-prime-field-montgomery-element-layout-specialized-points,519.168,417.847,0.000,0.000000,0.000,417.847,ok,cuda-sumcheck-prime-field-montgomery-element-layout-specialized-points,264.484,273.989,0,0,0,273.989,ok,true,6107584054299,6107584054299,1.525050,,CAMERA-READY/h100/sweep_fixed/cases_zk_32_128/zk_jellyfish_zerocheck_hp_bw32_r28.log
zk_jellyfish_zerocheck_hp,qL*w1*fz + qR*w2*fz + qM*w1*w2*fz - qO*w3*fz + q1*w1*fz + q2*w2*fz + q3*w3*fz + q4*w4*fz - qO*w5*fz + qM1*w1*w2*fz + qM2*w3*w4*fz + qH1*w1*w1*w1*w1*w1*fz + qH2*w2*w2*w2*w2*w2*fz + qH3*w3*w3*w3*w3*w3*fz + qH4*w4*w4*w4*w4*w4*fz + qECC*w1*w2*w3*w4*fz + qc*fz,prime-field-montgomery,element,specialized,p64_goldilocks,64,2,0xffffffff00000001,14,16384,22,7,17,2,10,whole-run,fixed,triton-sumcheck-prime-field-montgomery-element-layout-specialized-points,326.283,8.881,0.000,0.000000,0.000,8.881,ok,cuda-sumcheck-prime-field-montgomery-element-layout-specialized-points,5.28669,3.95838,0,0,0,3.95838,ok,true,9635345457894,9635345457894,2.243595,,CAMERA-READY/h100/sweep_fixed/cases_zk_32_128/zk_jellyfish_zerocheck_hp_bw64_r14.log
zk_jellyfish_zerocheck_hp,qL*w1*fz + qR*w2*fz + qM*w1*w2*fz - qO*w3*fz + q1*w1*fz + q2*w2*fz + q3*w3*fz + q4*w4*fz - qO*w5*fz + qM1*w1*w2*fz + qM2*w3*w4*fz + qH1*w1*w1*w1*w1*w1*fz + qH2*w2*w2*w2*w2*w2*fz + qH3*w3*w3*w3*w3*w3*fz + qH4*w4*w4*w4*w4*w4*fz + qECC*w1*w2*w3*w4*fz + qc*fz,prime-field-montgomery,element,specialized,p64_goldilocks,64,2,0xffffffff00000001,16,65536,22,7,17,2,10,whole-run,fixed,triton-sumcheck-prime-field-montgomery-element-layout-specialized-points,102.031,11.421,0.000,0.000000,0.000,11.421,ok,cuda-sumcheck-prime-field-montgomery-element-layout-specialized-points,6.17083,4.8313,0,0,0,4.8313,ok,true,10380823898445,10380823898445,2.363960,,CAMERA-READY/h100/sweep_fixed/cases_zk_32_128/zk_jellyfish_zerocheck_hp_bw64_r16.log
zk_jellyfish_zerocheck_hp,qL*w1*fz + qR*w2*fz + qM*w1*w2*fz - qO*w3*fz + q1*w1*fz + q2*w2*fz + q3*w3*fz + q4*w4*fz - qO*w5*fz + qM1*w1*w2*fz + qM2*w3*w4*fz + qH1*w1*w1*w1*w1*w1*fz + qH2*w2*w2*w2*w2*w2*fz + qH3*w3*w3*w3*w3*w3*fz + qH4*w4*w4*w4*w4*w4*fz + qECC*w1*w2*w3*w4*fz + qc*fz,prime-field-montgomery,element,specialized,p64_goldilocks,64,2,0xffffffff00000001,18,262144,22,7,17,2,10,whole-run,fixed,triton-sumcheck-prime-field-montgomery-element-layout-specialized-points,103.018,15.099,0.000,0.000000,0.000,15.099,ok,cuda-sumcheck-prime-field-montgomery-element-layout-specialized-points,7.48042,6.18215,0,0,0,6.18215,ok,true,12675677375712,12675677375712,2.442354,,CAMERA-READY/h100/sweep_fixed/cases_zk_32_128/zk_jellyfish_zerocheck_hp_bw64_r18.log
zk_jellyfish_zerocheck_hp,qL*w1*fz + qR*w2*fz + qM*w1*w2*fz - qO*w3*fz + q1*w1*fz + q2*w2*fz + q3*w3*fz + q4*w4*fz - qO*w5*fz + qM1*w1*w2*fz + qM2*w3*w4*fz + qH1*w1*w1*w1*w1*w1*fz + qH2*w2*w2*w2*w2*w2*fz + qH3*w3*w3*w3*w3*w3*fz + qH4*w4*w4*w4*w4*w4*fz + qECC*w1*w2*w3*w4*fz + qc*fz,prime-field-montgomery,element,specialized,p64_goldilocks,64,2,0xffffffff00000001,20,1048576,22,7,17,2,10,whole-run,fixed,triton-sumcheck-prime-field-montgomery-element-layout-specialized-points,106.408,19.322,0.000,0.000000,0.000,19.322,ok,cuda-sumcheck-prime-field-montgomery-element-layout-specialized-points,10.742,9.52014,0,0,0,9.52014,ok,true,12979805585500,12979805585500,2.029592,,CAMERA-READY/h100/sweep_fixed/cases_zk_32_128/zk_jellyfish_zerocheck_hp_bw64_r20.log
zk_jellyfish_zerocheck_hp,qL*w1*fz + qR*w2*fz + qM*w1*w2*fz - qO*w3*fz + q1*w1*fz + q2*w2*fz + q3*w3*fz + q4*w4*fz - qO*w5*fz + qM1*w1*w2*fz + qM2*w3*w4*fz + qH1*w1*w1*w1*w1*w1*fz + qH2*w2*w2*w2*w2*w2*fz + qH3*w3*w3*w3*w3*w3*fz + qH4*w4*w4*w4*w4*w4*fz + qECC*w1*w2*w3*w4*fz + qc*fz,prime-field-montgomery,element,specialized,p64_goldilocks,64,2,0xffffffff00000001,22,4194304,22,7,17,2,10,whole-run,fixed,triton-sumcheck-prime-field-montgomery-element-layout-specialized-points,118.320,31.830,0.000,0.000000,0.000,31.830,ok,cuda-sumcheck-prime-field-montgomery-element-layout-specialized-points,20.8155,19.5252,0,0,0,19.5252,ok,true,14140140380678,14140140380678,1.630201,,CAMERA-READY/h100/sweep_fixed/cases_zk_32_128/zk_jellyfish_zerocheck_hp_bw64_r22.log
zk_jellyfish_zerocheck_hp,qL*w1*fz + qR*w2*fz + qM*w1*w2*fz - qO*w3*fz + q1*w1*fz + q2*w2*fz + q3*w3*fz + q4*w4*fz - qO*w5*fz + qM1*w1*w2*fz + qM2*w3*w4*fz + qH1*w1*w1*w1*w1*w1*fz + qH2*w2*w2*w2*w2*w2*fz + qH3*w3*w3*w3*w3*w3*fz + qH4*w4*w4*w4*w4*w4*fz + qECC*w1*w2*w3*w4*fz + qc*fz,prime-field-montgomery,element,specialized,p64_goldilocks,64,2,0xffffffff00000001,24,16777216,22,7,17,2,10,whole-run,fixed,triton-sumcheck-prime-field-montgomery-element-layout-specialized-points,161.873,76.326,0.000,0.000000,0.000,76.326,ok,cuda-sumcheck-prime-field-montgomery-element-layout-specialized-points,58.6314,57.1557,0,0,0,57.1557,ok,true,16234202295701,16234202295701,1.335405,,CAMERA-READY/h100/sweep_fixed/cases_zk_32_128/zk_jellyfish_zerocheck_hp_bw64_r24.log
zk_jellyfish_zerocheck_hp,qL*w1*fz + qR*w2*fz + qM*w1*w2*fz - qO*w3*fz + q1*w1*fz + q2*w2*fz + q3*w3*fz + q4*w4*fz - qO*w5*fz + qM1*w1*w2*fz + qM2*w3*w4*fz + qH1*w1*w1*w1*w1*w1*fz + qH2*w2*w2*w2*w2*w2*fz + qH3*w3*w3*w3*w3*w3*fz + qH4*w4*w4*w4*w4*w4*fz + qECC*w1*w2*w3*w4*fz + qc*fz,prime-field-montgomery,element,specialized,p64_goldilocks,64,2,0xffffffff00000001,26,67108864,22,7,17,2,10,whole-run,fixed,triton-sumcheck-prime-field-montgomery-element-layout-specialized-points,335.185,253.231,0.000,0.000000,0.000,253.231,ok,cuda-sumcheck-prime-field-montgomery-element-layout-specialized-points,209.724,206.623,0,0,0,206.623,ok,true,17964226537127,17964226537127,1.225570,,CAMERA-READY/h100/sweep_fixed/cases_zk_32_128/zk_jellyfish_zerocheck_hp_bw64_r26.log
zk_jellyfish_zerocheck_hp,qL*w1*fz + qR*w2*fz + qM*w1*w2*fz - qO*w3*fz + q1*w1*fz + q2*w2*fz + q3*w3*fz + q4*w4*fz - qO*w5*fz + qM1*w1*w2*fz + qM2*w3*w4*fz + qH1*w1*w1*w1*w1*w1*fz + qH2*w2*w2*w2*w2*w2*fz + qH3*w3*w3*w3*w3*w3*fz + qH4*w4*w4*w4*w4*w4*fz + qECC*w1*w2*w3*w4*fz + qc*fz,prime-field-montgomery,element,specialized,,64,,,28,268435456,22,7,17,2,10,whole-run,fixed,,,,,,,,skipped,,,,,,,,skipped,skipped,,,,returncode=1,CAMERA-READY/h100/sweep_fixed/cases_zk_32_128/zk_jellyfish_zerocheck_hp_bw64_r28.log
zk_jellyfish_zerocheck_hp,qL*w1*fz + qR*w2*fz + qM*w1*w2*fz - qO*w3*fz + q1*w1*fz + q2*w2*fz + q3*w3*fz + q4*w4*fz - qO*w5*fz + qM1*w1*w2*fz + qM2*w3*w4*fz + qH1*w1*w1*w1*w1*w1*fz + qH2*w2*w2*w2*w2*w2*fz + qH3*w3*w3*w3*w3*w3*fz + qH4*w4*w4*w4*w4*w4*fz + qECC*w1*w2*w3*w4*fz + qc*fz,prime-field-montgomery,element,specialized,p128_mersenne_2^127_minus_1,128,4,0x7fffffffffffffffffffffffffffffff,14,16384,22,7,17,2,10,whole-run,fixed,triton-sumcheck-prime-field-montgomery-element-layout-specialized-points,687.168,10.793,0.000,0.000000,0.000,10.793,ok,cuda-sumcheck-prime-field-montgomery-element-layout-specialized-points,10.5272,7.41419,0,0,0,7.41419,ok,true,25043643122628,25043643122628,1.455722,,CAMERA-READY/h100/sweep_fixed/cases_zk_32_128/zk_jellyfish_zerocheck_hp_bw128_r14.log
zk_jellyfish_zerocheck_hp,qL*w1*fz + qR*w2*fz + qM*w1*w2*fz - qO*w3*fz + q1*w1*fz + q2*w2*fz + q3*w3*fz + q4*w4*fz - qO*w5*fz + qM1*w1*w2*fz + qM2*w3*w4*fz + qH1*w1*w1*w1*w1*w1*fz + qH2*w2*w2*w2*w2*w2*fz + qH3*w3*w3*w3*w3*w3*fz + qH4*w4*w4*w4*w4*w4*fz + qECC*w1*w2*w3*w4*fz + qc*fz,prime-field-montgomery,element,specialized,p128_mersenne_2^127_minus_1,128,4,0x7fffffffffffffffffffffffffffffff,16,65536,22,7,17,2,10,whole-run,fixed,triton-sumcheck-prime-field-montgomery-element-layout-specialized-points,159.149,13.526,0.000,0.000000,0.000,13.526,ok,cuda-sumcheck-prime-field-montgomery-element-layout-specialized-points,12.1513,9.08243,0,0,0,9.08243,ok,true,27449386871322,27449386871322,1.489249,,CAMERA-READY/h100/sweep_fixed/cases_zk_32_128/zk_jellyfish_zerocheck_hp_bw128_r16.log
zk_jellyfish_zerocheck_hp,qL*w1*fz + qR*w2*fz + qM*w1*w2*fz - qO*w3*fz + q1*w1*fz + q2*w2*fz + q3*w3*fz + q4*w4*fz - qO*w5*fz + qM1*w1*w2*fz + qM2*w3*w4*fz + qH1*w1*w1*w1*w1*w1*fz + qH2*w2*w2*w2*w2*w2*fz + qH3*w3*w3*w3*w3*w3*fz + qH4*w4*w4*w4*w4*w4*fz + qECC*w1*w2*w3*w4*fz + qc*fz,prime-field-montgomery,element,specialized,p128_mersenne_2^127_minus_1,128,4,0x7fffffffffffffffffffffffffffffff,18,262144,22,7,17,2,10,whole-run,fixed,triton-sumcheck-prime-field-montgomery-element-layout-specialized-points,159.687,19.193,0.000,0.000000,0.000,19.193,ok,cuda-sumcheck-prime-field-montgomery-element-layout-specialized-points,16.6598,13.6755,0,0,0,13.6755,ok,true,32437158443469,32437158443469,1.403459,,CAMERA-READY/h100/sweep_fixed/cases_zk_32_128/zk_jellyfish_zerocheck_hp_bw128_r18.log
zk_jellyfish_zerocheck_hp,qL*w1*fz + qR*w2*fz + qM*w1*w2*fz - qO*w3*fz + q1*w1*fz + q2*w2*fz + q3*w3*fz + q4*w4*fz - qO*w5*fz + qM1*w1*w2*fz + qM2*w3*w4*fz + qH1*w1*w1*w1*w1*w1*fz + qH2*w2*w2*w2*w2*w2*fz + qH3*w3*w3*w3*w3*w3*fz + qH4*w4*w4*w4*w4*w4*fz + qECC*w1*w2*w3*w4*fz + qc*fz,prime-field-montgomery,element,specialized,p128_mersenne_2^127_minus_1,128,4,0x7fffffffffffffffffffffffffffffff,20,1048576,22,7,17,2,10,whole-run,fixed,triton-sumcheck-prime-field-montgomery-element-layout-specialized-points,174.638,31.356,0.000,0.000000,0.000,31.356,ok,cuda-sumcheck-prime-field-montgomery-element-layout-specialized-points,30.3042,27.2661,0,0,0,27.2661,ok,true,36290264185734,36290264185734,1.149999,,CAMERA-READY/h100/sweep_fixed/cases_zk_32_128/zk_jellyfish_zerocheck_hp_bw128_r20.log
zk_jellyfish_zerocheck_hp,qL*w1*fz + qR*w2*fz + qM*w1*w2*fz - qO*w3*fz + q1*w1*fz + q2*w2*fz + q3*w3*fz + q4*w4*fz - qO*w5*fz + qM1*w1*w2*fz + qM2*w3*w4*fz + qH1*w1*w1*w1*w1*w1*fz + qH2*w2*w2*w2*w2*w2*fz + qH3*w3*w3*w3*w3*w3*fz + qH4*w4*w4*w4*w4*w4*fz + qECC*w1*w2*w3*w4*fz + qc*fz,prime-field-montgomery,element,specialized,p128_mersenne_2^127_minus_1,128,4,0x7fffffffffffffffffffffffffffffff,22,4194304,22,7,17,2,10,whole-run,fixed,triton-sumcheck-prime-field-montgomery-element-layout-specialized-points,220.074,78.411,0.000,0.000000,0.000,78.411,ok,cuda-sumcheck-prime-field-montgomery-element-layout-specialized-points,79.1369,75.8825,0,0,0,75.8825,ok,true,39081794519690,39081794519690,1.033321,,CAMERA-READY/h100/sweep_fixed/cases_zk_32_128/zk_jellyfish_zerocheck_hp_bw128_r22.log
zk_jellyfish_zerocheck_hp,qL*w1*fz + qR*w2*fz + qM*w1*w2*fz - qO*w3*fz + q1*w1*fz + q2*w2*fz + q3*w3*fz + q4*w4*fz - qO*w5*fz + qM1*w1*w2*fz + qM2*w3*w4*fz + qH1*w1*w1*w1*w1*w1*fz + qH2*w2*w2*w2*w2*w2*fz + qH3*w3*w3*w3*w3*w3*fz + qH4*w4*w4*w4*w4*w4*fz + qECC*w1*w2*w3*w4*fz + qc*fz,prime-field-montgomery,element,specialized,p128_mersenne_2^127_minus_1,128,4,0x7fffffffffffffffffffffffffffffff,24,16777216,22,7,17,2,10,whole-run,fixed,triton-sumcheck-prime-field-montgomery-element-layout-specialized-points,397.686,261.639,0.000,0.000000,0.000,261.639,ok,cuda-sumcheck-prime-field-montgomery-element-layout-specialized-points,281.258,277.486,0,0,0,277.486,ok,true,42962542106276,42962542106276,0.942891,,CAMERA-READY/h100/sweep_fixed/cases_zk_32_128/zk_jellyfish_zerocheck_hp_bw128_r24.log
zk_jellyfish_zerocheck_hp,qL*w1*fz + qR*w2*fz + qM*w1*w2*fz - qO*w3*fz + q1*w1*fz + q2*w2*fz + q3*w3*fz + q4*w4*fz - qO*w5*fz + qM1*w1*w2*fz + qM2*w3*w4*fz + qH1*w1*w1*w1*w1*w1*fz + qH2*w2*w2*w2*w2*w2*fz + qH3*w3*w3*w3*w3*w3*fz + qH4*w4*w4*w4*w4*w4*fz + qECC*w1*w2*w3*w4*fz + qc*fz,prime-field-montgomery,element,specialized,p128_mersenne_2^127_minus_1,128,4,0x7fffffffffffffffffffffffffffffff,26,67108864,22,7,17,2,10,whole-run,fixed,triton-sumcheck-prime-field-montgomery-element-layout-specialized-points,1123.314,979.354,0.000,0.000000,0.000,979.354,ok,cuda-sumcheck-prime-field-montgomery-element-layout-specialized-points,1088.16,1084.31,0,0,0,1084.31,ok,true,45100032574545,45100032574545,0.903205,,CAMERA-READY/h100/sweep_fixed/cases_zk_32_128/zk_jellyfish_zerocheck_hp_bw128_r26.log
zk_jellyfish_zerocheck_hp,qL*w1*fz + qR*w2*fz + qM*w1*w2*fz - qO*w3*fz + q1*w1*fz + q2*w2*fz + q3*w3*fz + q4*w4*fz - qO*w5*fz + qM1*w1*w2*fz + qM2*w3*w4*fz + qH1*w1*w1*w1*w1*w1*fz + qH2*w2*w2*w2*w2*w2*fz + qH3*w3*w3*w3*w3*w3*fz + qH4*w4*w4*w4*w4*w4*fz + qECC*w1*w2*w3*w4*fz + qc*fz,prime-field-montgomery,element,specialized,,128,,,28,268435456,22,7,17,2,10,whole-run,fixed,,,,,,,,skipped,,,,,,,,skipped,skipped,,,,returncode=1,CAMERA-READY/h100/sweep_fixed/cases_zk_32_128/zk_jellyfish_zerocheck_hp_bw128_r28.log
zk_jellyfish_permcheck_hp,pi*fz - p1*p2*fz + 7*phi*D1*D2*D3*D4*D5*fz - 7*N1*N2*N3*N4*N5*fz,prime-field-montgomery,element,specialized,p32_2^32_minus_5,32,1,0xfffffffb,14,16384,15,7,4,2,10,whole-run,fixed,triton-sumcheck-prime-field-montgomery-element-layout-specialized-points,226.760,8.448,0.000,0.000000,0.000,8.448,ok,cuda-sumcheck-prime-field-montgomery-element-layout-specialized-points,3.00855,2.63094,0,0,0,2.63094,ok,true,3038540680682,3038540680682,3.211020,,CAMERA-READY/h100/sweep_fixed/cases_zk_32_128/zk_jellyfish_permcheck_hp_bw32_r14.log
zk_jellyfish_permcheck_hp,pi*fz - p1*p2*fz + 7*phi*D1*D2*D3*D4*D5*fz - 7*N1*N2*N3*N4*N5*fz,prime-field-montgomery,element,specialized,p32_2^32_minus_5,32,1,0xfffffffb,16,65536,15,7,4,2,10,whole-run,fixed,triton-sumcheck-prime-field-montgomery-element-layout-specialized-points,76.718,11.066,0.000,0.000000,0.000,11.066,ok,cuda-sumcheck-prime-field-montgomery-element-layout-specialized-points,3.63646,3.15288,0,0,0,3.15288,ok,true,3607764786145,3607764786145,3.509807,,CAMERA-READY/h100/sweep_fixed/cases_zk_32_128/zk_jellyfish_permcheck_hp_bw32_r16.log
zk_jellyfish_permcheck_hp,pi*fz - p1*p2*fz + 7*phi*D1*D2*D3*D4*D5*fz - 7*N1*N2*N3*N4*N5*fz,prime-field-montgomery,element,specialized,p32_2^32_minus_5,32,1,0xfffffffb,18,262144,15,7,4,2,10,whole-run,fixed,triton-sumcheck-prime-field-montgomery-element-layout-specialized-points,80.523,14.927,0.000,0.000000,0.000,14.927,ok,cuda-sumcheck-prime-field-montgomery-element-layout-specialized-points,4.38424,3.91351,0,0,0,3.91351,ok,true,4164843840404,4164843840404,3.814223,,CAMERA-READY/h100/sweep_fixed/cases_zk_32_128/zk_jellyfish_permcheck_hp_bw32_r18.log
zk_jellyfish_permcheck_hp,pi*fz - p1*p2*fz + 7*phi*D1*D2*D3*D4*D5*fz - 7*N1*N2*N3*N4*N5*fz,prime-field-montgomery,element,specialized,p32_2^32_minus_5,32,1,0xfffffffb,20,1048576,15,7,4,2,10,whole-run,fixed,triton-sumcheck-prime-field-montgomery-element-layout-specialized-points,83.816,19.141,0.000,0.000000,0.000,19.141,ok,cuda-sumcheck-prime-field-montgomery-element-layout-specialized-points,5.55557,5.11448,0,0,0,5.11448,ok,true,4469485076667,4469485076667,3.742511,,CAMERA-READY/h100/sweep_fixed/cases_zk_32_128/zk_jellyfish_permcheck_hp_bw32_r20.log
zk_jellyfish_permcheck_hp,pi*fz - p1*p2*fz + 7*phi*D1*D2*D3*D4*D5*fz - 7*N1*N2*N3*N4*N5*fz,prime-field-montgomery,element,specialized,p32_2^32_minus_5,32,1,0xfffffffb,22,4194304,15,7,4,2,10,whole-run,fixed,triton-sumcheck-prime-field-montgomery-element-layout-specialized-points,88.824,23.572,0.000,0.000000,0.000,23.572,ok,cuda-sumcheck-prime-field-montgomery-element-layout-specialized-points,8.24173,7.83743,0,0,0,7.83743,ok,true,5088345158793,5088345158793,3.007619,,CAMERA-READY/h100/sweep_fixed/cases_zk_32_128/zk_jellyfish_permcheck_hp_bw32_r22.log
zk_jellyfish_permcheck_hp,pi*fz - p1*p2*fz + 7*phi*D1*D2*D3*D4*D5*fz - 7*N1*N2*N3*N4*N5*fz,prime-field-montgomery,element,specialized,p32_2^32_minus_5,32,1,0xfffffffb,24,16777216,15,7,4,2,10,whole-run,fixed,triton-sumcheck-prime-field-montgomery-element-layout-specialized-points,100.613,37.500,0.000,0.000000,0.000,37.500,ok,cuda-sumcheck-prime-field-montgomery-element-layout-specialized-points,16.6251,16.256,0,0,0,16.256,ok,true,5423422964271,5423422964271,2.306841,,CAMERA-READY/h100/sweep_fixed/cases_zk_32_128/zk_jellyfish_permcheck_hp_bw32_r24.log
zk_jellyfish_permcheck_hp,pi*fz - p1*p2*fz + 7*phi*D1*D2*D3*D4*D5*fz - 7*N1*N2*N3*N4*N5*fz,prime-field-montgomery,element,specialized,p32_2^32_minus_5,32,1,0xfffffffb,26,67108864,15,7,4,2,10,whole-run,fixed,triton-sumcheck-prime-field-montgomery-element-layout-specialized-points,148.424,86.939,0.000,0.000000,0.000,86.939,ok,cuda-sumcheck-prime-field-montgomery-element-layout-specialized-points,47.5541,47.3065,0,0,0,47.3065,ok,true,5946919357457,5946919357457,1.837781,,CAMERA-READY/h100/sweep_fixed/cases_zk_32_128/zk_jellyfish_permcheck_hp_bw32_r26.log
zk_jellyfish_permcheck_hp,pi*fz - p1*p2*fz + 7*phi*D1*D2*D3*D4*D5*fz - 7*N1*N2*N3*N4*N5*fz,prime-field-montgomery,element,specialized,p32_2^32_minus_5,32,1,0xfffffffb,28,268435456,15,7,4,2,10,whole-run,fixed,triton-sumcheck-prime-field-montgomery-element-layout-specialized-points,344.186,292.688,0.000,0.000000,0.000,292.688,ok,cuda-sumcheck-prime-field-montgomery-element-layout-specialized-points,169.995,172.151,0,0,0,172.151,ok,true,5582807891271,5582807891271,1.700182,,CAMERA-READY/h100/sweep_fixed/cases_zk_32_128/zk_jellyfish_permcheck_hp_bw32_r28.log
zk_jellyfish_permcheck_hp,pi*fz - p1*p2*fz + 7*phi*D1*D2*D3*D4*D5*fz - 7*N1*N2*N3*N4*N5*fz,prime-field-montgomery,element,specialized,p64_goldilocks,64,2,0xffffffff00000001,14,16384,15,7,4,2,10,whole-run,fixed,triton-sumcheck-prime-field-montgomery-element-layout-specialized-points,309.680,8.572,0.000,0.000000,0.000,8.572,ok,cuda-sumcheck-prime-field-montgomery-element-layout-specialized-points,3.85388,3.1808,0,0,0,3.1808,ok,true,9848259468086,9848259468086,2.694920,,CAMERA-READY/h100/sweep_fixed/cases_zk_32_128/zk_jellyfish_permcheck_hp_bw64_r14.log
zk_jellyfish_permcheck_hp,pi*fz - p1*p2*fz + 7*phi*D1*D2*D3*D4*D5*fz - 7*N1*N2*N3*N4*N5*fz,prime-field-montgomery,element,specialized,p64_goldilocks,64,2,0xffffffff00000001,16,65536,15,7,4,2,10,whole-run,fixed,triton-sumcheck-prime-field-montgomery-element-layout-specialized-points,85.009,11.357,0.000,0.000000,0.000,11.357,ok,cuda-sumcheck-prime-field-montgomery-element-layout-specialized-points,4.66766,3.99803,0,0,0,3.99803,ok,true,10144292711527,10144292711527,2.840649,,CAMERA-READY/h100/sweep_fixed/cases_zk_32_128/zk_jellyfish_permcheck_hp_bw64_r16.log
zk_jellyfish_permcheck_hp,pi*fz - p1*p2*fz + 7*phi*D1*D2*D3*D4*D5*fz - 7*N1*N2*N3*N4*N5*fz,prime-field-montgomery,element,specialized,p64_goldilocks,64,2,0xffffffff00000001,18,262144,15,7,4,2,10,whole-run,fixed,triton-sumcheck-prime-field-montgomery-element-layout-specialized-points,87.843,14.862,0.000,0.000000,0.000,14.862,ok,cuda-sumcheck-prime-field-montgomery-element-layout-specialized-points,5.5106,4.81517,0,0,0,4.81517,ok,true,12251166593419,12251166593419,3.086495,,CAMERA-READY/h100/sweep_fixed/cases_zk_32_128/zk_jellyfish_permcheck_hp_bw64_r18.log
zk_jellyfish_permcheck_hp,pi*fz - p1*p2*fz + 7*phi*D1*D2*D3*D4*D5*fz - 7*N1*N2*N3*N4*N5*fz,prime-field-montgomery,element,specialized,p64_goldilocks,64,2,0xffffffff00000001,20,1048576,15,7,4,2,10,whole-run,fixed,triton-sumcheck-prime-field-montgomery-element-layout-specialized-points,92.932,18.945,0.000,0.000000,0.000,18.945,ok,cuda-sumcheck-prime-field-montgomery-element-layout-specialized-points,7.46838,6.76644,0,0,0,6.76644,ok,true,13188211435815,13188211435815,2.799847,,CAMERA-READY/h100/sweep_fixed/cases_zk_32_128/zk_jellyfish_permcheck_hp_bw64_r20.log
zk_jellyfish_permcheck_hp,pi*fz - p1*p2*fz + 7*phi*D1*D2*D3*D4*D5*fz - 7*N1*N2*N3*N4*N5*fz,prime-field-montgomery,element,specialized,p64_goldilocks,64,2,0xffffffff00000001,22,4194304,15,7,4,2,10,whole-run,fixed,triton-sumcheck-prime-field-montgomery-element-layout-specialized-points,97.654,25.215,0.000,0.000000,0.000,25.215,ok,cuda-sumcheck-prime-field-montgomery-element-layout-specialized-points,12.7889,12.0616,0,0,0,12.0616,ok,true,14893023102763,14893023102763,2.090519,,CAMERA-READY/h100/sweep_fixed/cases_zk_32_128/zk_jellyfish_permcheck_hp_bw64_r22.log
zk_jellyfish_permcheck_hp,pi*fz - p1*p2*fz + 7*phi*D1*D2*D3*D4*D5*fz - 7*N1*N2*N3*N4*N5*fz,prime-field-montgomery,element,specialized,p64_goldilocks,64,2,0xffffffff00000001,24,16777216,15,7,4,2,10,whole-run,fixed,triton-sumcheck-prime-field-montgomery-element-layout-specialized-points,119.766,48.139,0.000,0.000000,0.000,48.139,ok,cuda-sumcheck-prime-field-montgomery-element-layout-specialized-points,30.3957,29.6889,0,0,0,29.6889,ok,true,16524395014608,16524395014608,1.621448,,CAMERA-READY/h100/sweep_fixed/cases_zk_32_128/zk_jellyfish_permcheck_hp_bw64_r24.log
zk_jellyfish_permcheck_hp,pi*fz - p1*p2*fz + 7*phi*D1*D2*D3*D4*D5*fz - 7*N1*N2*N3*N4*N5*fz,prime-field-montgomery,element,specialized,p64_goldilocks,64,2,0xffffffff00000001,26,67108864,15,7,4,2,10,whole-run,fixed,triton-sumcheck-prime-field-montgomery-element-layout-specialized-points,202.836,137.429,0.000,0.000000,0.000,137.429,ok,cuda-sumcheck-prime-field-montgomery-element-layout-specialized-points,98.5168,100.631,0,0,0,100.631,ok,true,17503020467140,17503020467140,1.365673,,CAMERA-READY/h100/sweep_fixed/cases_zk_32_128/zk_jellyfish_permcheck_hp_bw64_r26.log
zk_jellyfish_permcheck_hp,pi*fz - p1*p2*fz + 7*phi*D1*D2*D3*D4*D5*fz - 7*N1*N2*N3*N4*N5*fz,prime-field-montgomery,element,specialized,,64,,,28,268435456,15,7,4,2,10,whole-run,fixed,,,,,,,,skipped,,,,,,,,skipped,skipped,,,,returncode=1,CAMERA-READY/h100/sweep_fixed/cases_zk_32_128/zk_jellyfish_permcheck_hp_bw64_r28.log
zk_jellyfish_permcheck_hp,pi*fz - p1*p2*fz + 7*phi*D1*D2*D3*D4*D5*fz - 7*N1*N2*N3*N4*N5*fz,prime-field-montgomery,element,specialized,p128_mersenne_2^127_minus_1,128,4,0x7fffffffffffffffffffffffffffffff,14,16384,15,7,4,2,10,whole-run,fixed,triton-sumcheck-prime-field-montgomery-element-layout-specialized-points,630.537,9.105,0.000,0.000000,0.000,9.105,ok,cuda-sumcheck-prime-field-montgomery-element-layout-specialized-points,5.67304,4.2049,0,0,0,4.2049,ok,true,24320270181376,24320270181376,2.165331,,CAMERA-READY/h100/sweep_fixed/cases_zk_32_128/zk_jellyfish_permcheck_hp_bw128_r14.log
zk_jellyfish_permcheck_hp,pi*fz - p1*p2*fz + 7*phi*D1*D2*D3*D4*D5*fz - 7*N1*N2*N3*N4*N5*fz,prime-field-montgomery,element,specialized,p128_mersenne_2^127_minus_1,128,4,0x7fffffffffffffffffffffffffffffff,16,65536,15,7,4,2,10,whole-run,fixed,triton-sumcheck-prime-field-montgomery-element-layout-specialized-points,104.885,11.887,0.000,0.000000,0.000,11.887,ok,cuda-sumcheck-prime-field-montgomery-element-layout-specialized-points,6.55761,5.03558,0,0,0,5.03558,ok,true,29557530134080,29557530134080,2.360602,,CAMERA-READY/h100/sweep_fixed/cases_zk_32_128/zk_jellyfish_permcheck_hp_bw128_r16.log
zk_jellyfish_permcheck_hp,pi*fz - p1*p2*fz + 7*phi*D1*D2*D3*D4*D5*fz - 7*N1*N2*N3*N4*N5*fz,prime-field-montgomery,element,specialized,p128_mersenne_2^127_minus_1,128,4,0x7fffffffffffffffffffffffffffffff,18,262144,15,7,4,2,10,whole-run,fixed,triton-sumcheck-prime-field-montgomery-element-layout-specialized-points,108.521,15.242,0.000,0.000000,0.000,15.242,ok,cuda-sumcheck-prime-field-montgomery-element-layout-specialized-points,8.10008,6.60518,0,0,0,6.60518,ok,true,32796138600446,32796138600446,2.307583,,CAMERA-READY/h100/sweep_fixed/cases_zk_32_128/zk_jellyfish_permcheck_hp_bw128_r18.log
zk_jellyfish_permcheck_hp,pi*fz - p1*p2*fz + 7*phi*D1*D2*D3*D4*D5*fz - 7*N1*N2*N3*N4*N5*fz,prime-field-montgomery,element,specialized,p128_mersenne_2^127_minus_1,128,4,0x7fffffffffffffffffffffffffffffff,20,1048576,15,7,4,2,10,whole-run,fixed,triton-sumcheck-prime-field-montgomery-element-layout-specialized-points,112.456,20.375,0.000,0.000000,0.000,20.375,ok,cuda-sumcheck-prime-field-montgomery-element-layout-specialized-points,12.0432,10.5974,0,0,0,10.5974,ok,true,35601074222428,35601074222428,1.922641,,CAMERA-READY/h100/sweep_fixed/cases_zk_32_128/zk_jellyfish_permcheck_hp_bw128_r20.log
zk_jellyfish_permcheck_hp,pi*fz - p1*p2*fz + 7*phi*D1*D2*D3*D4*D5*fz - 7*N1*N2*N3*N4*N5*fz,prime-field-montgomery,element,specialized,p128_mersenne_2^127_minus_1,128,4,0x7fffffffffffffffffffffffffffffff,22,4194304,15,7,4,2,10,whole-run,fixed,triton-sumcheck-prime-field-montgomery-element-layout-specialized-points,127.138,35.938,0.000,0.000000,0.000,35.938,ok,cuda-sumcheck-prime-field-montgomery-element-layout-specialized-points,24.6728,23.037,0,0,0,23.037,ok,true,39738028629364,39738028629364,1.560012,,CAMERA-READY/h100/sweep_fixed/cases_zk_32_128/zk_jellyfish_permcheck_hp_bw128_r22.log
zk_jellyfish_permcheck_hp,pi*fz - p1*p2*fz + 7*phi*D1*D2*D3*D4*D5*fz - 7*N1*N2*N3*N4*N5*fz,prime-field-montgomery,element,specialized,p128_mersenne_2^127_minus_1,128,4,0x7fffffffffffffffffffffffffffffff,24,16777216,15,7,4,2,10,whole-run,fixed,triton-sumcheck-prime-field-montgomery-element-layout-specialized-points,181.270,92.358,0.000,0.000000,0.000,92.358,ok,cuda-sumcheck-prime-field-montgomery-element-layout-specialized-points,70.5524,69.0298,0,0,0,69.0298,ok,true,42414045373349,42414045373349,1.337944,,CAMERA-READY/h100/sweep_fixed/cases_zk_32_128/zk_jellyfish_permcheck_hp_bw128_r24.log
zk_jellyfish_permcheck_hp,pi*fz - p1*p2*fz + 7*phi*D1*D2*D3*D4*D5*fz - 7*N1*N2*N3*N4*N5*fz,prime-field-montgomery,element,specialized,p128_mersenne_2^127_minus_1,128,4,0x7fffffffffffffffffffffffffffffff,26,67108864,15,7,4,2,10,whole-run,fixed,triton-sumcheck-prime-field-montgomery-element-layout-specialized-points,402.442,311.739,0.000,0.000000,0.000,311.739,ok,cuda-sumcheck-prime-field-montgomery-element-layout-specialized-points,258.224,247.493,0,0,0,247.493,ok,true,46033492769966,46033492769966,1.259587,,CAMERA-READY/h100/sweep_fixed/cases_zk_32_128/zk_jellyfish_permcheck_hp_bw128_r26.log
zk_jellyfish_permcheck_hp,pi*fz - p1*p2*fz + 7*phi*D1*D2*D3*D4*D5*fz - 7*N1*N2*N3*N4*N5*fz,prime-field-montgomery,element,specialized,,128,,,28,268435456,15,7,4,2,10,whole-run,fixed,,,,,,,,skipped,,,,,,,,skipped,skipped,,,,returncode=1,CAMERA-READY/h100/sweep_fixed/cases_zk_32_128/zk_jellyfish_permcheck_hp_bw128_r28.log
zk_opencheck,y1*k1 + y2*k2 + y3*k3 + y4*k4 + y5*k5 + y6*k6,prime-field-montgomery,element,specialized,p32_2^32_minus_5,32,1,0xfffffffb,14,16384,12,2,6,2,10,whole-run,fixed,triton-sumcheck-prime-field-montgomery-element-layout-specialized-points,53.369,3.516,0.000,0.000000,0.000,3.516,ok,cuda-sumcheck-prime-field-montgomery-element-layout-specialized-points,1.17455,1.00382,0,0,0,1.00382,ok,true,1262833058942,1262833058942,3.502620,,CAMERA-READY/h100/sweep_fixed/cases_zk_32_128/zk_opencheck_bw32_r14.log
zk_opencheck,y1*k1 + y2*k2 + y3*k3 + y4*k4 + y5*k5 + y6*k6,prime-field-montgomery,element,specialized,p32_2^32_minus_5,32,1,0xfffffffb,16,65536,12,2,6,2,10,whole-run,fixed,triton-sumcheck-prime-field-montgomery-element-layout-specialized-points,54.732,4.544,0.000,0.000000,0.000,4.544,ok,cuda-sumcheck-prime-field-montgomery-element-layout-specialized-points,1.42311,1.21082,0,0,0,1.21082,ok,true,1232564667737,1232564667737,3.752829,,CAMERA-READY/h100/sweep_fixed/cases_zk_32_128/zk_opencheck_bw32_r16.log
zk_opencheck,y1*k1 + y2*k2 + y3*k3 + y4*k4 + y5*k5 + y6*k6,prime-field-montgomery,element,specialized,p32_2^32_minus_5,32,1,0xfffffffb,18,262144,12,2,6,2,10,whole-run,fixed,triton-sumcheck-prime-field-montgomery-element-layout-specialized-points,55.135,5.790,0.000,0.000000,0.000,5.790,ok,cuda-sumcheck-prime-field-montgomery-element-layout-specialized-points,1.65241,1.46917,0,0,0,1.46917,ok,true,1515483297588,1515483297588,3.941001,,CAMERA-READY/h100/sweep_fixed/cases_zk_32_128/zk_opencheck_bw32_r18.log
zk_opencheck,y1*k1 + y2*k2 + y3*k3 + y4*k4 + y5*k5 + y6*k6,prime-field-montgomery,element,specialized,p32_2^32_minus_5,32,1,0xfffffffb,20,1048576,12,2,6,2,10,whole-run,fixed,triton-sumcheck-prime-field-montgomery-element-layout-specialized-points,57.713,7.668,0.000,0.000000,0.000,7.668,ok,cuda-sumcheck-prime-field-montgomery-element-layout-specialized-points,2.08129,1.90242,0,0,0,1.90242,ok,true,1745741771670,1745741771670,4.030656,,CAMERA-READY/h100/sweep_fixed/cases_zk_32_128/zk_opencheck_bw32_r20.log
zk_opencheck,y1*k1 + y2*k2 + y3*k3 + y4*k4 + y5*k5 + y6*k6,prime-field-montgomery,element,specialized,p32_2^32_minus_5,32,1,0xfffffffb,22,4194304,12,2,6,2,10,whole-run,fixed,triton-sumcheck-prime-field-montgomery-element-layout-specialized-points,62.075,9.683,0.000,0.000000,0.000,9.683,ok,cuda-sumcheck-prime-field-montgomery-element-layout-specialized-points,3.09888,2.93216,0,0,0,2.93216,ok,true,1677483160366,1677483160366,3.302344,,CAMERA-READY/h100/sweep_fixed/cases_zk_32_128/zk_opencheck_bw32_r22.log
zk_opencheck,y1*k1 + y2*k2 + y3*k3 + y4*k4 + y5*k5 + y6*k6,prime-field-montgomery,element,specialized,p32_2^32_minus_5,32,1,0xfffffffb,24,16777216,12,2,6,2,10,whole-run,fixed,triton-sumcheck-prime-field-montgomery-element-layout-specialized-points,62.788,13.746,0.000,0.000000,0.000,13.746,ok,cuda-sumcheck-prime-field-montgomery-element-layout-specialized-points,6.2735,6.12503,0,0,0,6.12503,ok,true,2100535341255,2100535341255,2.244234,,CAMERA-READY/h100/sweep_fixed/cases_zk_32_128/zk_opencheck_bw32_r24.log
zk_opencheck,y1*k1 + y2*k2 + y3*k3 + y4*k4 + y5*k5 + y6*k6,prime-field-montgomery,element,specialized,p32_2^32_minus_5,32,1,0xfffffffb,26,67108864,12,2,6,2,10,whole-run,fixed,triton-sumcheck-prime-field-montgomery-element-layout-specialized-points,79.657,30.544,0.000,0.000000,0.000,30.544,ok,cuda-sumcheck-prime-field-montgomery-element-layout-specialized-points,18.1277,17.9257,0,0,0,17.9257,ok,true,2306713193538,2306713193538,1.703922,,CAMERA-READY/h100/sweep_fixed/cases_zk_32_128/zk_opencheck_bw32_r26.log
zk_opencheck,y1*k1 + y2*k2 + y3*k3 + y4*k4 + y5*k5 + y6*k6,prime-field-montgomery,element,specialized,p32_2^32_minus_5,32,1,0xfffffffb,28,268435456,12,2,6,2,10,whole-run,fixed,triton-sumcheck-prime-field-montgomery-element-layout-specialized-points,139.755,95.376,0.000,0.000000,0.000,95.376,ok,cuda-sumcheck-prime-field-montgomery-element-layout-specialized-points,64.1606,64.4171,0,0,0,64.4171,ok,true,2560695961031,2560695961031,1.480601,,CAMERA-READY/h100/sweep_fixed/cases_zk_32_128/zk_opencheck_bw32_r28.log
zk_opencheck,y1*k1 + y2*k2 + y3*k3 + y4*k4 + y5*k5 + y6*k6,prime-field-montgomery,element,specialized,p64_goldilocks,64,2,0xffffffff00000001,14,16384,12,2,6,2,10,whole-run,fixed,triton-sumcheck-prime-field-montgomery-element-layout-specialized-points,58.638,3.899,0.000,0.000000,0.000,3.899,ok,cuda-sumcheck-prime-field-montgomery-element-layout-specialized-points,1.59861,1.31734,0,0,0,1.31734,ok,true,3480229742626,3480229742626,2.959752,,CAMERA-READY/h100/sweep_fixed/cases_zk_32_128/zk_opencheck_bw64_r14.log
zk_opencheck,y1*k1 + y2*k2 + y3*k3 + y4*k4 + y5*k5 + y6*k6,prime-field-montgomery,element,specialized,p64_goldilocks,64,2,0xffffffff00000001,16,65536,12,2,6,2,10,whole-run,fixed,triton-sumcheck-prime-field-montgomery-element-layout-specialized-points,61.058,5.167,0.000,0.000000,0.000,5.167,ok,cuda-sumcheck-prime-field-montgomery-element-layout-specialized-points,2.02945,1.72742,0,0,0,1.72742,ok,true,4159848355624,4159848355624,2.991166,,CAMERA-READY/h100/sweep_fixed/cases_zk_32_128/zk_opencheck_bw64_r16.log
zk_opencheck,y1*k1 + y2*k2 + y3*k3 + y4*k4 + y5*k5 + y6*k6,prime-field-montgomery,element,specialized,p64_goldilocks,64,2,0xffffffff00000001,18,262144,12,2,6,2,10,whole-run,fixed,triton-sumcheck-prime-field-montgomery-element-layout-specialized-points,63.675,6.887,0.000,0.000000,0.000,6.887,ok,cuda-sumcheck-prime-field-montgomery-element-layout-specialized-points,2.81259,2.14822,0,0,0,2.14822,ok,true,4387027810490,4387027810490,3.205910,,CAMERA-READY/h100/sweep_fixed/cases_zk_32_128/zk_opencheck_bw64_r18.log
zk_opencheck,y1*k1 + y2*k2 + y3*k3 + y4*k4 + y5*k5 + y6*k6,prime-field-montgomery,element,specialized,p64_goldilocks,64,2,0xffffffff00000001,20,1048576,12,2,6,2,10,whole-run,fixed,triton-sumcheck-prime-field-montgomery-element-layout-specialized-points,63.289,8.438,0.000,0.000000,0.000,8.438,ok,cuda-sumcheck-prime-field-montgomery-element-layout-specialized-points,3.08925,2.80771,0,0,0,2.80771,ok,true,4661775753583,4661775753583,3.005296,,CAMERA-READY/h100/sweep_fixed/cases_zk_32_128/zk_opencheck_bw64_r20.log
zk_opencheck,y1*k1 + y2*k2 + y3*k3 + y4*k4 + y5*k5 + y6*k6,prime-field-montgomery,element,specialized,p64_goldilocks,64,2,0xffffffff00000001,22,4194304,12,2,6,2,10,whole-run,fixed,triton-sumcheck-prime-field-montgomery-element-layout-specialized-points,66.015,10.686,0.000,0.000000,0.000,10.686,ok,cuda-sumcheck-prime-field-montgomery-element-layout-specialized-points,4.81923,4.49279,0,0,0,4.49279,ok,true,5791359821910,5791359821910,2.378478,,CAMERA-READY/h100/sweep_fixed/cases_zk_32_128/zk_opencheck_bw64_r22.log
zk_opencheck,y1*k1 + y2*k2 + y3*k3 + y4*k4 + y5*k5 + y6*k6,prime-field-montgomery,element,specialized,p64_goldilocks,64,2,0xffffffff00000001,24,16777216,12,2,6,2,10,whole-run,fixed,triton-sumcheck-prime-field-montgomery-element-layout-specialized-points,70.086,16.800,0.000,0.000000,0.000,16.800,ok,cuda-sumcheck-prime-field-montgomery-element-layout-specialized-points,10.746,10.4352,0,0,0,10.4352,ok,true,6247610036291,6247610036291,1.609936,,CAMERA-READY/h100/sweep_fixed/cases_zk_32_128/zk_opencheck_bw64_r24.log
zk_opencheck,y1*k1 + y2*k2 + y3*k3 + y4*k4 + y5*k5 + y6*k6,prime-field-montgomery,element,specialized,p64_goldilocks,64,2,0xffffffff00000001,26,67108864,12,2,6,2,10,whole-run,fixed,triton-sumcheck-prime-field-montgomery-element-layout-specialized-points,91.198,40.801,0.000,0.000000,0.000,40.801,ok,cuda-sumcheck-prime-field-montgomery-element-layout-specialized-points,33.4749,33.129,0,0,0,33.129,ok,true,5533862466535,5533862466535,1.231580,,CAMERA-READY/h100/sweep_fixed/cases_zk_32_128/zk_opencheck_bw64_r26.log
zk_opencheck,y1*k1 + y2*k2 + y3*k3 + y4*k4 + y5*k5 + y6*k6,prime-field-montgomery,element,specialized,p64_goldilocks,64,2,0xffffffff00000001,28,268435456,12,2,6,2,10,whole-run,fixed,triton-sumcheck-prime-field-montgomery-element-layout-specialized-points,185.221,139.302,0.000,0.000000,0.000,139.302,ok,cuda-sumcheck-prime-field-montgomery-element-layout-specialized-points,122.771,123.019,0,0,0,123.019,ok,true,6926411686259,6926411686259,1.132362,,CAMERA-READY/h100/sweep_fixed/cases_zk_32_128/zk_opencheck_bw64_r28.log
zk_opencheck,y1*k1 + y2*k2 + y3*k3 + y4*k4 + y5*k5 + y6*k6,prime-field-montgomery,element,specialized,p128_mersenne_2^127_minus_1,128,4,0x7fffffffffffffffffffffffffffffff,14,16384,12,2,6,2,10,whole-run,fixed,triton-sumcheck-prime-field-montgomery-element-layout-specialized-points,65.985,3.903,0.000,0.000000,0.000,3.903,ok,cuda-sumcheck-prime-field-montgomery-element-layout-specialized-points,1.76511,1.36417,0,0,0,1.36417,ok,true,3576456072072,3576456072072,2.861080,,CAMERA-READY/h100/sweep_fixed/cases_zk_32_128/zk_opencheck_bw128_r14.log
zk_opencheck,y1*k1 + y2*k2 + y3*k3 + y4*k4 + y5*k5 + y6*k6,prime-field-montgomery,element,specialized,p128_mersenne_2^127_minus_1,128,4,0x7fffffffffffffffffffffffffffffff,16,65536,12,2,6,2,10,whole-run,fixed,triton-sumcheck-prime-field-montgomery-element-layout-specialized-points,67.410,5.478,0.000,0.000000,0.000,5.478,ok,cuda-sumcheck-prime-field-montgomery-element-layout-specialized-points,2.1884,1.77481,0,0,0,1.77481,ok,true,4361471618634,4361471618634,3.086528,,CAMERA-READY/h100/sweep_fixed/cases_zk_32_128/zk_opencheck_bw128_r16.log
zk_opencheck,y1*k1 + y2*k2 + y3*k3 + y4*k4 + y5*k5 + y6*k6,prime-field-montgomery,element,specialized,p128_mersenne_2^127_minus_1,128,4,0x7fffffffffffffffffffffffffffffff,18,262144,12,2,6,2,10,whole-run,fixed,triton-sumcheck-prime-field-montgomery-element-layout-specialized-points,70.448,7.288,0.000,0.000000,0.000,7.288,ok,cuda-sumcheck-prime-field-montgomery-element-layout-specialized-points,2.69244,2.28377,0,0,0,2.28377,ok,true,4608918468024,4608918468024,3.191215,,CAMERA-READY/h100/sweep_fixed/cases_zk_32_128/zk_opencheck_bw128_r18.log
zk_opencheck,y1*k1 + y2*k2 + y3*k3 + y4*k4 + y5*k5 + y6*k6,prime-field-montgomery,element,specialized,p128_mersenne_2^127_minus_1,128,4,0x7fffffffffffffffffffffffffffffff,20,1048576,12,2,6,2,10,whole-run,fixed,triton-sumcheck-prime-field-montgomery-element-layout-specialized-points,67.215,8.459,0.000,0.000000,0.000,8.459,ok,cuda-sumcheck-prime-field-montgomery-element-layout-specialized-points,3.72448,3.29561,0,0,0,3.29561,ok,true,5106931756277,5106931756277,2.566748,,CAMERA-READY/h100/sweep_fixed/cases_zk_32_128/zk_opencheck_bw128_r20.log
zk_opencheck,y1*k1 + y2*k2 + y3*k3 + y4*k4 + y5*k5 + y6*k6,prime-field-montgomery,element,specialized,p128_mersenne_2^127_minus_1,128,4,0x7fffffffffffffffffffffffffffffff,22,4194304,12,2,6,2,10,whole-run,fixed,triton-sumcheck-prime-field-montgomery-element-layout-specialized-points,70.699,12.018,0.000,0.000000,0.000,12.018,ok,cuda-sumcheck-prime-field-montgomery-element-layout-specialized-points,6.8765,6.4984,0,0,0,6.4984,ok,true,7560217535702,7560217535702,1.849378,,CAMERA-READY/h100/sweep_fixed/cases_zk_32_128/zk_opencheck_bw128_r22.log
zk_opencheck,y1*k1 + y2*k2 + y3*k3 + y4*k4 + y5*k5 + y6*k6,prime-field-montgomery,element,specialized,p128_mersenne_2^127_minus_1,128,4,0x7fffffffffffffffffffffffffffffff,24,16777216,12,2,6,2,10,whole-run,fixed,triton-sumcheck-prime-field-montgomery-element-layout-specialized-points,86.008,24.844,0.000,0.000000,0.000,24.844,ok,cuda-sumcheck-prime-field-montgomery-element-layout-specialized-points,18.5464,18.1024,0,0,0,18.1024,ok,true,9905643653789,9905643653789,1.372415,,CAMERA-READY/h100/sweep_fixed/cases_zk_32_128/zk_opencheck_bw128_r24.log
zk_opencheck,y1*k1 + y2*k2 + y3*k3 + y4*k4 + y5*k5 + y6*k6,prime-field-montgomery,element,specialized,p128_mersenne_2^127_minus_1,128,4,0x7fffffffffffffffffffffffffffffff,26,67108864,12,2,6,2,10,whole-run,fixed,triton-sumcheck-prime-field-montgomery-element-layout-specialized-points,128.364,73.744,0.000,0.000000,0.000,73.744,ok,cuda-sumcheck-prime-field-montgomery-element-layout-specialized-points,63.6099,63.2149,0,0,0,63.2149,ok,true,9926000954441,9926000954441,1.166560,,CAMERA-READY/h100/sweep_fixed/cases_zk_32_128/zk_opencheck_bw128_r26.log
zk_opencheck,y1*k1 + y2*k2 + y3*k3 + y4*k4 + y5*k5 + y6*k6,prime-field-montgomery,element,specialized,,128,,,28,268435456,12,2,6,2,10,whole-run,fixed,,,,,,,,skipped,,,,,,,,skipped,skipped,,,,returncode=1,CAMERA-READY/h100/sweep_fixed/cases_zk_32_128/zk_opencheck_bw128_r28.log
