workload,polynomial,arithmetic,layout,point_mode,field,bit_width,limbs,modulus_hex,rounds,N,vars,degree,terms,warmups,repeats,timing_mode,challenge_mode,triton_backend,triton_first_ms,triton_median_ms,triton_eval_median_ms,triton_challenge_median_ms,triton_fold_median_ms,triton_total_median_ms,triton_status,cuda_backend,cuda_first_ms,cuda_median_ms,cuda_eval_median_ms,cuda_challenge_median_ms,cuda_fold_median_ms,cuda_total_median_ms,cuda_status,checksum_match,triton_checksum,cuda_checksum,cuda_speedup_vs_triton,skip_reason,log_path
zk_verifiable_asics,qadd*a + qadd*b + qmul*a*b,prime-field-montgomery,element,specialized,p32_2^32_minus_5,32,1,0xfffffffb,14,16384,4,3,3,2,10,whole-run,fixed,triton-sumcheck-prime-field-montgomery-element-layout-specialized-points,44.276,6.640,0.000,0.000000,0.000,6.640,ok,cuda-sumcheck-prime-field-montgomery-element-layout-specialized-points,1.76691,1.58211,0,0,0,1.58211,ok,true,1599485407520,1599485407520,4.196927,,results/tmp_full_zk_r14_28/zk_verifiable_asics_bw32_r14.log
zk_verifiable_asics,qadd*a + qadd*b + qmul*a*b,prime-field-montgomery,element,specialized,p32_2^32_minus_5,32,1,0xfffffffb,16,65536,4,3,3,2,10,whole-run,fixed,triton-sumcheck-prime-field-montgomery-element-layout-specialized-points,45.436,8.576,0.000,0.000000,0.000,8.576,ok,cuda-sumcheck-prime-field-montgomery-element-layout-specialized-points,2.07014,1.92035,0,0,0,1.92035,ok,true,1624484952285,1624484952285,4.465853,,results/tmp_full_zk_r14_28/zk_verifiable_asics_bw32_r16.log
zk_verifiable_asics,qadd*a + qadd*b + qmul*a*b,prime-field-montgomery,element,specialized,p32_2^32_minus_5,32,1,0xfffffffb,18,262144,4,3,3,2,10,whole-run,fixed,triton-sumcheck-prime-field-montgomery-element-layout-specialized-points,48.899,11.105,0.000,0.000000,0.000,11.105,ok,cuda-sumcheck-prime-field-montgomery-element-layout-specialized-points,2.40294,2.23434,0,0,0,2.23434,ok,true,2146078888343,2146078888343,4.970148,,results/tmp_full_zk_r14_28/zk_verifiable_asics_bw32_r18.log
zk_verifiable_asics,qadd*a + qadd*b + qmul*a*b,prime-field-montgomery,element,specialized,p32_2^32_minus_5,32,1,0xfffffffb,20,1048576,4,3,3,2,10,whole-run,fixed,triton-sumcheck-prime-field-montgomery-element-layout-specialized-points,51.425,13.774,0.000,0.000000,0.000,13.774,ok,cuda-sumcheck-prime-field-montgomery-element-layout-specialized-points,2.75309,2.63117,0,0,0,2.63117,ok,true,2470931911396,2470931911396,5.234934,,results/tmp_full_zk_r14_28/zk_verifiable_asics_bw32_r20.log
zk_verifiable_asics,qadd*a + qadd*b + qmul*a*b,prime-field-montgomery,element,specialized,p32_2^32_minus_5,32,1,0xfffffffb,22,4194304,4,3,3,2,10,whole-run,fixed,triton-sumcheck-prime-field-montgomery-element-layout-specialized-points,54.293,16.844,0.000,0.000000,0.000,16.844,ok,cuda-sumcheck-prime-field-montgomery-element-layout-specialized-points,3.82752,3.64694,0,0,0,3.64694,ok,true,2157693522283,2157693522283,4.618667,,results/tmp_full_zk_r14_28/zk_verifiable_asics_bw32_r22.log
zk_verifiable_asics,qadd*a + qadd*b + qmul*a*b,prime-field-montgomery,element,specialized,p32_2^32_minus_5,32,1,0xfffffffb,24,16777216,4,3,3,2,10,whole-run,fixed,triton-sumcheck-prime-field-montgomery-element-layout-specialized-points,60.356,22.596,0.000,0.000000,0.000,22.596,ok,cuda-sumcheck-prime-field-montgomery-element-layout-specialized-points,5.57338,5.43914,0,0,0,5.43914,ok,true,2375914940126,2375914940126,4.154333,,results/tmp_full_zk_r14_28/zk_verifiable_asics_bw32_r24.log
zk_verifiable_asics,qadd*a + qadd*b + qmul*a*b,prime-field-montgomery,element,specialized,p32_2^32_minus_5,32,1,0xfffffffb,26,67108864,4,3,3,2,10,whole-run,fixed,triton-sumcheck-prime-field-montgomery-element-layout-specialized-points,79.037,43.460,0.000,0.000000,0.000,43.460,ok,cuda-sumcheck-prime-field-montgomery-element-layout-specialized-points,10.7015,10.5475,0,0,0,10.5475,ok,true,2831931003447,2831931003447,4.120408,,results/tmp_full_zk_r14_28/zk_verifiable_asics_bw32_r26.log
zk_verifiable_asics,qadd*a + qadd*b + qmul*a*b,prime-field-montgomery,element,specialized,p32_2^32_minus_5,32,1,0xfffffffb,28,268435456,4,3,3,2,10,whole-run,fixed,triton-sumcheck-prime-field-montgomery-element-layout-specialized-points,177.892,123.650,0.000,0.000000,0.000,123.650,ok,cuda-sumcheck-prime-field-montgomery-element-layout-specialized-points,32.0943,31.9944,0,0,0,31.9944,ok,true,3232649452617,3232649452617,3.864739,,results/tmp_full_zk_r14_28/zk_verifiable_asics_bw32_r28.log
zk_verifiable_asics,qadd*a + qadd*b + qmul*a*b,prime-field-montgomery,element,specialized,p64_goldilocks,64,2,0xffffffff00000001,14,16384,4,3,3,2,10,whole-run,fixed,triton-sumcheck-prime-field-montgomery-element-layout-specialized-points,7122.736,6.819,0.000,0.000000,0.000,6.819,ok,cuda-sumcheck-prime-field-montgomery-element-layout-specialized-points,1.79898,1.54051,0,0,0,1.54051,ok,true,5168600605142,5168600605142,4.426456,,results/tmp_full_zk_r14_28/zk_verifiable_asics_bw64_r14.log
zk_verifiable_asics,qadd*a + qadd*b + qmul*a*b,prime-field-montgomery,element,specialized,p64_goldilocks,64,2,0xffffffff00000001,16,65536,4,3,3,2,10,whole-run,fixed,triton-sumcheck-prime-field-montgomery-element-layout-specialized-points,46.282,8.772,0.000,0.000000,0.000,8.772,ok,cuda-sumcheck-prime-field-montgomery-element-layout-specialized-points,2.17942,1.9376,0,0,0,1.9376,ok,true,5266499962100,5266499962100,4.527250,,results/tmp_full_zk_r14_28/zk_verifiable_asics_bw64_r16.log
zk_verifiable_asics,qadd*a + qadd*b + qmul*a*b,prime-field-montgomery,element,specialized,p64_goldilocks,64,2,0xffffffff00000001,18,262144,4,3,3,2,10,whole-run,fixed,triton-sumcheck-prime-field-montgomery-element-layout-specialized-points,50.454,11.162,0.000,0.000000,0.000,11.162,ok,cuda-sumcheck-prime-field-montgomery-element-layout-specialized-points,2.5896,2.37846,0,0,0,2.37846,ok,true,5362643442442,5362643442442,4.692953,,results/tmp_full_zk_r14_28/zk_verifiable_asics_bw64_r18.log
zk_verifiable_asics,qadd*a + qadd*b + qmul*a*b,prime-field-montgomery,element,specialized,p64_goldilocks,64,2,0xffffffff00000001,20,1048576,4,3,3,2,10,whole-run,fixed,triton-sumcheck-prime-field-montgomery-element-layout-specialized-points,52.462,13.814,0.000,0.000000,0.000,13.814,ok,cuda-sumcheck-prime-field-montgomery-element-layout-specialized-points,3.15088,2.91578,0,0,0,2.91578,ok,true,6966115824785,6966115824785,4.737669,,results/tmp_full_zk_r14_28/zk_verifiable_asics_bw64_r20.log
zk_verifiable_asics,qadd*a + qadd*b + qmul*a*b,prime-field-montgomery,element,specialized,p64_goldilocks,64,2,0xffffffff00000001,22,4194304,4,3,3,2,10,whole-run,fixed,triton-sumcheck-prime-field-montgomery-element-layout-specialized-points,54.877,16.852,0.000,0.000000,0.000,16.852,ok,cuda-sumcheck-prime-field-montgomery-element-layout-specialized-points,4.28918,4.0991,0,0,0,4.0991,ok,true,7467867648761,7467867648761,4.111146,,results/tmp_full_zk_r14_28/zk_verifiable_asics_bw64_r22.log
zk_verifiable_asics,qadd*a + qadd*b + qmul*a*b,prime-field-montgomery,element,specialized,p64_goldilocks,64,2,0xffffffff00000001,24,16777216,4,3,3,2,10,whole-run,fixed,triton-sumcheck-prime-field-montgomery-element-layout-specialized-points,61.645,24.191,0.000,0.000000,0.000,24.191,ok,cuda-sumcheck-prime-field-montgomery-element-layout-specialized-points,7.4217,7.21981,0,0,0,7.21981,ok,true,7771122337472,7771122337472,3.350642,,results/tmp_full_zk_r14_28/zk_verifiable_asics_bw64_r24.log
zk_verifiable_asics,qadd*a + qadd*b + qmul*a*b,prime-field-montgomery,element,specialized,p64_goldilocks,64,2,0xffffffff00000001,26,67108864,4,3,3,2,10,whole-run,fixed,triton-sumcheck-prime-field-montgomery-element-layout-specialized-points,84.540,45.839,0.000,0.000000,0.000,45.839,ok,cuda-sumcheck-prime-field-montgomery-element-layout-specialized-points,18.5198,18.3182,0,0,0,18.3182,ok,true,8978389378478,8978389378478,2.502375,,results/tmp_full_zk_r14_28/zk_verifiable_asics_bw64_r26.log
zk_verifiable_asics,qadd*a + qadd*b + qmul*a*b,prime-field-montgomery,element,specialized,p64_goldilocks,64,2,0xffffffff00000001,28,268435456,4,3,3,2,10,whole-run,fixed,triton-sumcheck-prime-field-montgomery-element-layout-specialized-points,170.475,134.090,0.000,0.000000,0.000,134.090,ok,cuda-sumcheck-prime-field-montgomery-element-layout-specialized-points,61.393,61.5212,0,0,0,61.5212,ok,true,9431506424483,9431506424483,2.179574,,results/tmp_full_zk_r14_28/zk_verifiable_asics_bw64_r28.log
zk_verifiable_asics,qadd*a + qadd*b + qmul*a*b,prime-field-montgomery,element,specialized,p128_mersenne_2^127_minus_1,128,4,0x7fffffffffffffffffffffffffffffff,14,16384,4,3,3,2,10,whole-run,fixed,triton-sumcheck-prime-field-montgomery-element-layout-specialized-points,47567.104,6.892,0.000,0.000000,0.000,6.892,ok,cuda-sumcheck-prime-field-montgomery-element-layout-specialized-points,1.90147,1.56502,0,0,0,1.56502,ok,true,8144309251624,8144309251624,4.403778,,results/tmp_full_zk_r14_28/zk_verifiable_asics_bw128_r14.log
zk_verifiable_asics,qadd*a + qadd*b + qmul*a*b,prime-field-montgomery,element,specialized,p128_mersenne_2^127_minus_1,128,4,0x7fffffffffffffffffffffffffffffff,16,65536,4,3,3,2,10,whole-run,fixed,triton-sumcheck-prime-field-montgomery-element-layout-specialized-points,48.888,8.841,0.000,0.000000,0.000,8.841,ok,cuda-sumcheck-prime-field-montgomery-element-layout-specialized-points,2.24054,1.94266,0,0,0,1.94266,ok,true,10784965232717,10784965232717,4.550976,,results/tmp_full_zk_r14_28/zk_verifiable_asics_bw128_r16.log
zk_verifiable_asics,qadd*a + qadd*b + qmul*a*b,prime-field-montgomery,element,specialized,p128_mersenne_2^127_minus_1,128,4,0x7fffffffffffffffffffffffffffffff,18,262144,4,3,3,2,10,whole-run,fixed,triton-sumcheck-prime-field-montgomery-element-layout-specialized-points,51.409,11.286,0.000,0.000000,0.000,11.286,ok,cuda-sumcheck-prime-field-montgomery-element-layout-specialized-points,2.68682,2.38765,0,0,0,2.38765,ok,true,12197865013282,12197865013282,4.726823,,results/tmp_full_zk_r14_28/zk_verifiable_asics_bw128_r18.log
zk_verifiable_asics,qadd*a + qadd*b + qmul*a*b,prime-field-montgomery,element,specialized,p128_mersenne_2^127_minus_1,128,4,0x7fffffffffffffffffffffffffffffff,20,1048576,4,3,3,2,10,whole-run,fixed,triton-sumcheck-prime-field-montgomery-element-layout-specialized-points,54.377,13.906,0.000,0.000000,0.000,13.906,ok,cuda-sumcheck-prime-field-montgomery-element-layout-specialized-points,3.53469,3.25443,0,0,0,3.25443,ok,true,14094248855128,14094248855128,4.272945,,results/tmp_full_zk_r14_28/zk_verifiable_asics_bw128_r20.log
zk_verifiable_asics,qadd*a + qadd*b + qmul*a*b,prime-field-montgomery,element,specialized,p128_mersenne_2^127_minus_1,128,4,0x7fffffffffffffffffffffffffffffff,22,4194304,4,3,3,2,10,whole-run,fixed,triton-sumcheck-prime-field-montgomery-element-layout-specialized-points,57.657,17.390,0.000,0.000000,0.000,17.390,ok,cuda-sumcheck-prime-field-montgomery-element-layout-specialized-points,5.3903,5.11539,0,0,0,5.11539,ok,true,16141337263311,16141337263311,3.399545,,results/tmp_full_zk_r14_28/zk_verifiable_asics_bw128_r22.log
zk_verifiable_asics,qadd*a + qadd*b + qmul*a*b,prime-field-montgomery,element,specialized,p128_mersenne_2^127_minus_1,128,4,0x7fffffffffffffffffffffffffffffff,24,16777216,4,3,3,2,10,whole-run,fixed,triton-sumcheck-prime-field-montgomery-element-layout-specialized-points,69.681,28.370,0.000,0.000000,0.000,28.370,ok,cuda-sumcheck-prime-field-montgomery-element-layout-specialized-points,11.2039,10.9641,0,0,0,10.9641,ok,true,20554208068290,20554208068290,2.587536,,results/tmp_full_zk_r14_28/zk_verifiable_asics_bw128_r24.log
zk_verifiable_asics,qadd*a + qadd*b + qmul*a*b,prime-field-montgomery,element,specialized,p128_mersenne_2^127_minus_1,128,4,0x7fffffffffffffffffffffffffffffff,26,67108864,4,3,3,2,10,whole-run,fixed,triton-sumcheck-prime-field-montgomery-element-layout-specialized-points,110.652,67.518,0.000,0.000000,0.000,67.518,ok,cuda-sumcheck-prime-field-montgomery-element-layout-specialized-points,33.3181,33.05,0,0,0,33.05,ok,true,22642076559258,22642076559258,2.042905,,results/tmp_full_zk_r14_28/zk_verifiable_asics_bw128_r26.log
zk_verifiable_asics,qadd*a + qadd*b + qmul*a*b,prime-field-montgomery,element,specialized,p128_mersenne_2^127_minus_1,128,4,0x7fffffffffffffffffffffffffffffff,28,268435456,4,3,3,2,10,whole-run,fixed,triton-sumcheck-prime-field-montgomery-element-layout-specialized-points,261.689,223.480,0.000,0.000000,0.000,223.480,ok,cuda-sumcheck-prime-field-montgomery-element-layout-specialized-points,122.515,119.874,0,0,0,119.874,ok,true,23995087662702,23995087662702,1.864291,,results/tmp_full_zk_r14_28/zk_verifiable_asics_bw128_r28.log
zk_verifiable_asics,qadd*a + qadd*b + qmul*a*b,prime-field-montgomery,element,specialized,p255_bls12_381_scalar,256,8,0x73eda753299d7d483339d80809a1d80553bda402fffe5bfeffffffff00000001,14,16384,4,3,3,2,10,whole-run,fixed,triton-sumcheck-prime-field-montgomery-element-layout-specialized-points,588234.309,6.885,0.000,0.000000,0.000,6.885,ok,cuda-sumcheck-prime-field-montgomery-element-layout-specialized-points,2.55014,2.0177,0,0,0,2.0177,ok,true,47415430552295,47415430552295,3.412301,,results/tmp_full_zk_r14_28/zk_verifiable_asics_bw256_r14.log
zk_verifiable_asics,qadd*a + qadd*b + qmul*a*b,prime-field-montgomery,element,specialized,p255_bls12_381_scalar,256,8,0x73eda753299d7d483339d80809a1d80553bda402fffe5bfeffffffff00000001,16,65536,4,3,3,2,10,whole-run,fixed,triton-sumcheck-prime-field-montgomery-element-layout-specialized-points,55.334,8.893,0.000,0.000000,0.000,8.893,ok,cuda-sumcheck-prime-field-montgomery-element-layout-specialized-points,3.0335,2.54992,0,0,0,2.54992,ok,true,59790763300346,59790763300346,3.487560,,results/tmp_full_zk_r14_28/zk_verifiable_asics_bw256_r16.log
zk_verifiable_asics,qadd*a + qadd*b + qmul*a*b,prime-field-montgomery,element,specialized,p255_bls12_381_scalar,256,8,0x73eda753299d7d483339d80809a1d80553bda402fffe5bfeffffffff00000001,18,262144,4,3,3,2,10,whole-run,fixed,triton-sumcheck-prime-field-montgomery-element-layout-specialized-points,58.410,11.403,0.000,0.000000,0.000,11.403,ok,cuda-sumcheck-prime-field-montgomery-element-layout-specialized-points,3.86618,3.39328,0,0,0,3.39328,ok,true,64454544819704,64454544819704,3.360465,,results/tmp_full_zk_r14_28/zk_verifiable_asics_bw256_r18.log
zk_verifiable_asics,qadd*a + qadd*b + qmul*a*b,prime-field-montgomery,element,specialized,p255_bls12_381_scalar,256,8,0x73eda753299d7d483339d80809a1d80553bda402fffe5bfeffffffff00000001,20,1048576,4,3,3,2,10,whole-run,fixed,triton-sumcheck-prime-field-montgomery-element-layout-specialized-points,60.090,14.446,0.000,0.000000,0.000,14.446,ok,cuda-sumcheck-prime-field-montgomery-element-layout-specialized-points,6.44515,5.95466,0,0,0,5.95466,ok,true,70416093270679,70416093270679,2.425999,,results/tmp_full_zk_r14_28/zk_verifiable_asics_bw256_r20.log
zk_verifiable_asics,qadd*a + qadd*b + qmul*a*b,prime-field-montgomery,element,specialized,p255_bls12_381_scalar,256,8,0x73eda753299d7d483339d80809a1d80553bda402fffe5bfeffffffff00000001,22,4194304,4,3,3,2,10,whole-run,fixed,triton-sumcheck-prime-field-montgomery-element-layout-specialized-points,68.193,22.240,0.000,0.000000,0.000,22.240,ok,cuda-sumcheck-prime-field-montgomery-element-layout-specialized-points,11.3165,10.8137,0,0,0,10.8137,ok,true,79426890959858,79426890959858,2.056650,,results/tmp_full_zk_r14_28/zk_verifiable_asics_bw256_r22.log
zk_verifiable_asics,qadd*a + qadd*b + qmul*a*b,prime-field-montgomery,element,specialized,p255_bls12_381_scalar,256,8,0x73eda753299d7d483339d80809a1d80553bda402fffe5bfeffffffff00000001,24,16777216,4,3,3,2,10,whole-run,fixed,triton-sumcheck-prime-field-montgomery-element-layout-specialized-points,95.371,47.768,0.000,0.000000,0.000,47.768,ok,cuda-sumcheck-prime-field-montgomery-element-layout-specialized-points,31.7354,31.3369,0,0,0,31.3369,ok,true,84370170378416,84370170378416,1.524337,,results/tmp_full_zk_r14_28/zk_verifiable_asics_bw256_r24.log
zk_verifiable_asics,qadd*a + qadd*b + qmul*a*b,prime-field-montgomery,element,specialized,p255_bls12_381_scalar,256,8,0x73eda753299d7d483339d80809a1d80553bda402fffe5bfeffffffff00000001,26,67108864,4,3,3,2,10,whole-run,fixed,triton-sumcheck-prime-field-montgomery-element-layout-specialized-points,207.533,150.348,0.000,0.000000,0.000,150.348,ok,cuda-sumcheck-prime-field-montgomery-element-layout-specialized-points,111.832,111.958,0,0,0,111.958,ok,true,94693997208616,94693997208616,1.342896,,results/tmp_full_zk_r14_28/zk_verifiable_asics_bw256_r26.log
zk_verifiable_asics,qadd*a + qadd*b + qmul*a*b,prime-field-montgomery,element,specialized,,256,,,28,268435456,4,3,3,2,10,whole-run,fixed,,,,,,,,skipped,,,,,,,,skipped,skipped,,,,returncode=1,results/tmp_full_zk_r14_28/zk_verifiable_asics_bw256_r28.log
zk_spartan_1,A*B*fz - C*fz,prime-field-montgomery,element,specialized,p32_2^32_minus_5,32,1,0xfffffffb,14,16384,4,3,2,2,10,whole-run,fixed,triton-sumcheck-prime-field-montgomery-element-layout-specialized-points,2725.908,8.902,0.000,0.000000,0.000,8.902,ok,cuda-sumcheck-prime-field-montgomery-element-layout-specialized-points,1.65322,1.44173,0,0,0,1.44173,ok,true,1477766398095,1477766398095,6.174526,,results/tmp_full_zk_r14_28/zk_spartan_1_bw32_r14.log
zk_spartan_1,A*B*fz - C*fz,prime-field-montgomery,element,specialized,p32_2^32_minus_5,32,1,0xfffffffb,16,65536,4,3,2,2,10,whole-run,fixed,triton-sumcheck-prime-field-montgomery-element-layout-specialized-points,46.133,8.687,0.000,0.000000,0.000,8.687,ok,cuda-sumcheck-prime-field-montgomery-element-layout-specialized-points,1.91821,1.84115,0,0,0,1.84115,ok,true,1905336595565,1905336595565,4.718247,,results/tmp_full_zk_r14_28/zk_spartan_1_bw32_r16.log
zk_spartan_1,A*B*fz - C*fz,prime-field-montgomery,element,specialized,p32_2^32_minus_5,32,1,0xfffffffb,18,262144,4,3,2,2,10,whole-run,fixed,triton-sumcheck-prime-field-montgomery-element-layout-specialized-points,48.272,11.047,0.000,0.000000,0.000,11.047,ok,cuda-sumcheck-prime-field-montgomery-element-layout-specialized-points,2.5184,2.32426,0,0,0,2.32426,ok,true,1957882379778,1957882379778,4.752911,,results/tmp_full_zk_r14_28/zk_spartan_1_bw32_r18.log
zk_spartan_1,A*B*fz - C*fz,prime-field-montgomery,element,specialized,p32_2^32_minus_5,32,1,0xfffffffb,20,1048576,4,3,2,2,10,whole-run,fixed,triton-sumcheck-prime-field-montgomery-element-layout-specialized-points,51.613,13.642,0.000,0.000000,0.000,13.642,ok,cuda-sumcheck-prime-field-montgomery-element-layout-specialized-points,2.96538,2.79744,0,0,0,2.79744,ok,true,2007652687482,2007652687482,4.876601,,results/tmp_full_zk_r14_28/zk_spartan_1_bw32_r20.log
zk_spartan_1,A*B*fz - C*fz,prime-field-montgomery,element,specialized,p32_2^32_minus_5,32,1,0xfffffffb,22,4194304,4,3,2,2,10,whole-run,fixed,triton-sumcheck-prime-field-montgomery-element-layout-specialized-points,54.711,16.696,0.000,0.000000,0.000,16.696,ok,cuda-sumcheck-prime-field-montgomery-element-layout-specialized-points,3.51133,3.40947,0,0,0,3.40947,ok,true,2714238789457,2714238789457,4.896949,,results/tmp_full_zk_r14_28/zk_spartan_1_bw32_r22.log
zk_spartan_1,A*B*fz - C*fz,prime-field-montgomery,element,specialized,p32_2^32_minus_5,32,1,0xfffffffb,24,16777216,4,3,2,2,10,whole-run,fixed,triton-sumcheck-prime-field-montgomery-element-layout-specialized-points,59.087,22.954,0.000,0.000000,0.000,22.954,ok,cuda-sumcheck-prime-field-montgomery-element-layout-specialized-points,5.31386,5.22531,0,0,0,5.22531,ok,true,2665082991298,2665082991298,4.392849,,results/tmp_full_zk_r14_28/zk_spartan_1_bw32_r24.log
zk_spartan_1,A*B*fz - C*fz,prime-field-montgomery,element,specialized,p32_2^32_minus_5,32,1,0xfffffffb,26,67108864,4,3,2,2,10,whole-run,fixed,triton-sumcheck-prime-field-montgomery-element-layout-specialized-points,79.638,43.761,0.000,0.000000,0.000,43.761,ok,cuda-sumcheck-prime-field-montgomery-element-layout-specialized-points,10.6166,10.4902,0,0,0,10.4902,ok,true,3074634201561,3074634201561,4.171608,,results/tmp_full_zk_r14_28/zk_spartan_1_bw32_r26.log
zk_spartan_1,A*B*fz - C*fz,prime-field-montgomery,element,specialized,p32_2^32_minus_5,32,1,0xfffffffb,28,268435456,4,3,2,2,10,whole-run,fixed,triton-sumcheck-prime-field-montgomery-element-layout-specialized-points,166.445,122.534,0.000,0.000000,0.000,122.534,ok,cuda-sumcheck-prime-field-montgomery-element-layout-specialized-points,31.8026,31.6823,0,0,0,31.6823,ok,true,3092314978714,3092314978714,3.867585,,results/tmp_full_zk_r14_28/zk_spartan_1_bw32_r28.log
zk_spartan_1,A*B*fz - C*fz,prime-field-montgomery,element,specialized,p64_goldilocks,64,2,0xffffffff00000001,14,16384,4,3,2,2,10,whole-run,fixed,triton-sumcheck-prime-field-montgomery-element-layout-specialized-points,5974.047,6.784,0.000,0.000000,0.000,6.784,ok,cuda-sumcheck-prime-field-montgomery-element-layout-specialized-points,1.78202,1.54262,0,0,0,1.54262,ok,true,4717296978706,4717296978706,4.397713,,results/tmp_full_zk_r14_28/zk_spartan_1_bw64_r14.log
zk_spartan_1,A*B*fz - C*fz,prime-field-montgomery,element,specialized,p64_goldilocks,64,2,0xffffffff00000001,16,65536,4,3,2,2,10,whole-run,fixed,triton-sumcheck-prime-field-montgomery-element-layout-specialized-points,46.769,8.731,0.000,0.000000,0.000,8.731,ok,cuda-sumcheck-prime-field-montgomery-element-layout-specialized-points,2.21824,1.95219,0,0,0,1.95219,ok,true,5337415839002,5337415839002,4.472413,,results/tmp_full_zk_r14_28/zk_spartan_1_bw64_r16.log
zk_spartan_1,A*B*fz - C*fz,prime-field-montgomery,element,specialized,p64_goldilocks,64,2,0xffffffff00000001,18,262144,4,3,2,2,10,whole-run,fixed,triton-sumcheck-prime-field-montgomery-element-layout-specialized-points,48.675,11.126,0.000,0.000000,0.000,11.126,ok,cuda-sumcheck-prime-field-montgomery-element-layout-specialized-points,2.57101,2.44189,0,0,0,2.44189,ok,true,5289239999069,5289239999069,4.556307,,results/tmp_full_zk_r14_28/zk_spartan_1_bw64_r18.log
zk_spartan_1,A*B*fz - C*fz,prime-field-montgomery,element,specialized,p64_goldilocks,64,2,0xffffffff00000001,20,1048576,4,3,2,2,10,whole-run,fixed,triton-sumcheck-prime-field-montgomery-element-layout-specialized-points,51.303,13.864,0.000,0.000000,0.000,13.864,ok,cuda-sumcheck-prime-field-montgomery-element-layout-specialized-points,3.04694,2.85373,0,0,0,2.85373,ok,true,6499552916311,6499552916311,4.858203,,results/tmp_full_zk_r14_28/zk_spartan_1_bw64_r20.log
zk_spartan_1,A*B*fz - C*fz,prime-field-montgomery,element,specialized,p64_goldilocks,64,2,0xffffffff00000001,22,4194304,4,3,2,2,10,whole-run,fixed,triton-sumcheck-prime-field-montgomery-element-layout-specialized-points,54.339,16.779,0.000,0.000000,0.000,16.779,ok,cuda-sumcheck-prime-field-montgomery-element-layout-specialized-points,4.31488,3.99302,0,0,0,3.99302,ok,true,7272512769002,7272512769002,4.202083,,results/tmp_full_zk_r14_28/zk_spartan_1_bw64_r22.log
zk_spartan_1,A*B*fz - C*fz,prime-field-montgomery,element,specialized,p64_goldilocks,64,2,0xffffffff00000001,24,16777216,4,3,2,2,10,whole-run,fixed,triton-sumcheck-prime-field-montgomery-element-layout-specialized-points,59.429,22.955,0.000,0.000000,0.000,22.955,ok,cuda-sumcheck-prime-field-montgomery-element-layout-specialized-points,7.33498,7.14115,0,0,0,7.14115,ok,true,8272498815204,8272498815204,3.214468,,results/tmp_full_zk_r14_28/zk_spartan_1_bw64_r24.log
zk_spartan_1,A*B*fz - C*fz,prime-field-montgomery,element,specialized,p64_goldilocks,64,2,0xffffffff00000001,26,67108864,4,3,2,2,10,whole-run,fixed,triton-sumcheck-prime-field-montgomery-element-layout-specialized-points,84.735,44.671,0.000,0.000000,0.000,44.671,ok,cuda-sumcheck-prime-field-montgomery-element-layout-specialized-points,17.7848,17.6751,0,0,0,17.6751,ok,true,8542683234098,8542683234098,2.527341,,results/tmp_full_zk_r14_28/zk_spartan_1_bw64_r26.log
zk_spartan_1,A*B*fz - C*fz,prime-field-montgomery,element,specialized,p64_goldilocks,64,2,0xffffffff00000001,28,268435456,4,3,2,2,10,whole-run,fixed,triton-sumcheck-prime-field-montgomery-element-layout-specialized-points,172.540,127.974,0.000,0.000000,0.000,127.974,ok,cuda-sumcheck-prime-field-montgomery-element-layout-specialized-points,59.2977,59.3517,0,0,0,59.3517,ok,true,9425057453019,9425057453019,2.156198,,results/tmp_full_zk_r14_28/zk_spartan_1_bw64_r28.log
zk_spartan_1,A*B*fz - C*fz,prime-field-montgomery,element,specialized,p128_mersenne_2^127_minus_1,128,4,0x7fffffffffffffffffffffffffffffff,14,16384,4,3,2,2,10,whole-run,fixed,triton-sumcheck-prime-field-montgomery-element-layout-specialized-points,38378.455,6.913,0.000,0.000000,0.000,6.913,ok,cuda-sumcheck-prime-field-montgomery-element-layout-specialized-points,1.87219,1.57091,0,0,0,1.57091,ok,true,7798679442879,7798679442879,4.400634,,results/tmp_full_zk_r14_28/zk_spartan_1_bw128_r14.log
zk_spartan_1,A*B*fz - C*fz,prime-field-montgomery,element,specialized,p128_mersenne_2^127_minus_1,128,4,0x7fffffffffffffffffffffffffffffff,16,65536,4,3,2,2,10,whole-run,fixed,triton-sumcheck-prime-field-montgomery-element-layout-specialized-points,49.026,8.618,0.000,0.000000,0.000,8.618,ok,cuda-sumcheck-prime-field-montgomery-element-layout-specialized-points,2.23453,1.98739,0,0,0,1.98739,ok,true,11135324990296,11135324990296,4.336341,,results/tmp_full_zk_r14_28/zk_spartan_1_bw128_r16.log
zk_spartan_1,A*B*fz - C*fz,prime-field-montgomery,element,specialized,p128_mersenne_2^127_minus_1,128,4,0x7fffffffffffffffffffffffffffffff,18,262144,4,3,2,2,10,whole-run,fixed,triton-sumcheck-prime-field-montgomery-element-layout-specialized-points,50.762,11.215,0.000,0.000000,0.000,11.215,ok,cuda-sumcheck-prime-field-montgomery-element-layout-specialized-points,2.84618,2.58419,0,0,0,2.58419,ok,true,12272703038115,12272703038115,4.339851,,results/tmp_full_zk_r14_28/zk_spartan_1_bw128_r18.log
zk_spartan_1,A*B*fz - C*fz,prime-field-montgomery,element,specialized,p128_mersenne_2^127_minus_1,128,4,0x7fffffffffffffffffffffffffffffff,20,1048576,4,3,2,2,10,whole-run,fixed,triton-sumcheck-prime-field-montgomery-element-layout-specialized-points,54.196,13.995,0.000,0.000000,0.000,13.995,ok,cuda-sumcheck-prime-field-montgomery-element-layout-specialized-points,3.52973,3.21526,0,0,0,3.21526,ok,true,13368168265751,13368168265751,4.352681,,results/tmp_full_zk_r14_28/zk_spartan_1_bw128_r20.log
zk_spartan_1,A*B*fz - C*fz,prime-field-montgomery,element,specialized,p128_mersenne_2^127_minus_1,128,4,0x7fffffffffffffffffffffffffffffff,22,4194304,4,3,2,2,10,whole-run,fixed,triton-sumcheck-prime-field-montgomery-element-layout-specialized-points,57.491,17.615,0.000,0.000000,0.000,17.615,ok,cuda-sumcheck-prime-field-montgomery-element-layout-specialized-points,5.44029,5.20442,0,0,0,5.20442,ok,true,15307976045193,15307976045193,3.384623,,results/tmp_full_zk_r14_28/zk_spartan_1_bw128_r22.log
zk_spartan_1,A*B*fz - C*fz,prime-field-montgomery,element,specialized,p128_mersenne_2^127_minus_1,128,4,0x7fffffffffffffffffffffffffffffff,24,16777216,4,3,2,2,10,whole-run,fixed,triton-sumcheck-prime-field-montgomery-element-layout-specialized-points,66.750,27.537,0.000,0.000000,0.000,27.537,ok,cuda-sumcheck-prime-field-montgomery-element-layout-specialized-points,10.9571,10.7184,0,0,0,10.7184,ok,true,20046572502658,20046572502658,2.569133,,results/tmp_full_zk_r14_28/zk_spartan_1_bw128_r24.log
zk_spartan_1,A*B*fz - C*fz,prime-field-montgomery,element,specialized,p128_mersenne_2^127_minus_1,128,4,0x7fffffffffffffffffffffffffffffff,26,67108864,4,3,2,2,10,whole-run,fixed,triton-sumcheck-prime-field-montgomery-element-layout-specialized-points,108.823,62.756,0.000,0.000000,0.000,62.756,ok,cuda-sumcheck-prime-field-montgomery-element-layout-specialized-points,31.6187,31.4792,0,0,0,31.4792,ok,true,22409352254185,22409352254185,1.993570,,results/tmp_full_zk_r14_28/zk_spartan_1_bw128_r26.log
zk_spartan_1,A*B*fz - C*fz,prime-field-montgomery,element,specialized,p128_mersenne_2^127_minus_1,128,4,0x7fffffffffffffffffffffffffffffff,28,268435456,4,3,2,2,10,whole-run,fixed,triton-sumcheck-prime-field-montgomery-element-layout-specialized-points,257.326,204.119,0.000,0.000000,0.000,204.119,ok,cuda-sumcheck-prime-field-montgomery-element-layout-specialized-points,117.29,112.865,0,0,0,112.865,ok,true,23951239905437,23951239905437,1.808523,,results/tmp_full_zk_r14_28/zk_spartan_1_bw128_r28.log
zk_spartan_1,A*B*fz - C*fz,prime-field-montgomery,element,specialized,p255_bls12_381_scalar,256,8,0x73eda753299d7d483339d80809a1d80553bda402fffe5bfeffffffff00000001,14,16384,4,3,2,2,10,whole-run,fixed,triton-sumcheck-prime-field-montgomery-element-layout-specialized-points,461620.562,6.986,0.000,0.000000,0.000,6.986,ok,cuda-sumcheck-prime-field-montgomery-element-layout-specialized-points,2.51491,2.07626,0,0,0,2.07626,ok,true,47792807030865,47792807030865,3.364704,,results/tmp_full_zk_r14_28/zk_spartan_1_bw256_r14.log
zk_spartan_1,A*B*fz - C*fz,prime-field-montgomery,element,specialized,p255_bls12_381_scalar,256,8,0x73eda753299d7d483339d80809a1d80553bda402fffe5bfeffffffff00000001,16,65536,4,3,2,2,10,whole-run,fixed,triton-sumcheck-prime-field-montgomery-element-layout-specialized-points,54.783,8.909,0.000,0.000000,0.000,8.909,ok,cuda-sumcheck-prime-field-montgomery-element-layout-specialized-points,3.15373,2.68515,0,0,0,2.68515,ok,true,56369938536483,56369938536483,3.317878,,results/tmp_full_zk_r14_28/zk_spartan_1_bw256_r16.log
zk_spartan_1,A*B*fz - C*fz,prime-field-montgomery,element,specialized,p255_bls12_381_scalar,256,8,0x73eda753299d7d483339d80809a1d80553bda402fffe5bfeffffffff00000001,18,262144,4,3,2,2,10,whole-run,fixed,triton-sumcheck-prime-field-montgomery-element-layout-specialized-points,56.902,11.225,0.000,0.000000,0.000,11.225,ok,cuda-sumcheck-prime-field-montgomery-element-layout-specialized-points,3.60573,3.16339,0,0,0,3.16339,ok,true,66496136948956,66496136948956,3.548409,,results/tmp_full_zk_r14_28/zk_spartan_1_bw256_r18.log
zk_spartan_1,A*B*fz - C*fz,prime-field-montgomery,element,specialized,p255_bls12_381_scalar,256,8,0x73eda753299d7d483339d80809a1d80553bda402fffe5bfeffffffff00000001,20,1048576,4,3,2,2,10,whole-run,fixed,triton-sumcheck-prime-field-montgomery-element-layout-specialized-points,59.848,14.141,0.000,0.000000,0.000,14.141,ok,cuda-sumcheck-prime-field-montgomery-element-layout-specialized-points,5.12144,4.72893,0,0,0,4.72893,ok,true,74004653088340,74004653088340,2.990317,,results/tmp_full_zk_r14_28/zk_spartan_1_bw256_r20.log
zk_spartan_1,A*B*fz - C*fz,prime-field-montgomery,element,specialized,p255_bls12_381_scalar,256,8,0x73eda753299d7d483339d80809a1d80553bda402fffe5bfeffffffff00000001,22,4194304,4,3,2,2,10,whole-run,fixed,triton-sumcheck-prime-field-montgomery-element-layout-specialized-points,65.890,21.906,0.000,0.000000,0.000,21.906,ok,cuda-sumcheck-prime-field-montgomery-element-layout-specialized-points,10.0216,9.37174,0,0,0,9.37174,ok,true,78339251462199,78339251462199,2.337453,,results/tmp_full_zk_r14_28/zk_spartan_1_bw256_r22.log
zk_spartan_1,A*B*fz - C*fz,prime-field-montgomery,element,specialized,p255_bls12_381_scalar,256,8,0x73eda753299d7d483339d80809a1d80553bda402fffe5bfeffffffff00000001,24,16777216,4,3,2,2,10,whole-run,fixed,triton-sumcheck-prime-field-montgomery-element-layout-specialized-points,88.673,43.422,0.000,0.000000,0.000,43.422,ok,cuda-sumcheck-prime-field-montgomery-element-layout-specialized-points,26.3166,25.888,0,0,0,25.888,ok,true,87464484524547,87464484524547,1.677302,,results/tmp_full_zk_r14_28/zk_spartan_1_bw256_r24.log
zk_spartan_1,A*B*fz - C*fz,prime-field-montgomery,element,specialized,p255_bls12_381_scalar,256,8,0x73eda753299d7d483339d80809a1d80553bda402fffe5bfeffffffff00000001,26,67108864,4,3,2,2,10,whole-run,fixed,triton-sumcheck-prime-field-montgomery-element-layout-specialized-points,190.731,131.841,0.000,0.000000,0.000,131.841,ok,cuda-sumcheck-prime-field-montgomery-element-layout-specialized-points,90.5924,91.7913,0,0,0,91.7913,ok,true,90216883790761,90216883790761,1.436313,,results/tmp_full_zk_r14_28/zk_spartan_1_bw256_r26.log
zk_spartan_1,A*B*fz - C*fz,prime-field-montgomery,element,specialized,,256,,,28,268435456,4,3,2,2,10,whole-run,fixed,,,,,,,,skipped,,,,,,,,skipped,skipped,,,,returncode=1,results/tmp_full_zk_r14_28/zk_spartan_1_bw256_r28.log
zk_spartan_2,ABC*Z,prime-field-montgomery,element,specialized,p32_2^32_minus_5,32,1,0xfffffffb,14,16384,2,2,1,2,10,whole-run,fixed,triton-sumcheck-prime-field-montgomery-element-layout-specialized-points,1787.714,5.168,0.000,0.000000,0.000,5.168,ok,cuda-sumcheck-prime-field-montgomery-element-layout-specialized-points,1.33302,1.16694,0,0,0,1.16694,ok,true,1111993635675,1111993635675,4.428677,,results/tmp_full_zk_r14_28/zk_spartan_2_bw32_r14.log
zk_spartan_2,ABC*Z,prime-field-montgomery,element,specialized,p32_2^32_minus_5,32,1,0xfffffffb,16,65536,2,2,1,2,10,whole-run,fixed,triton-sumcheck-prime-field-montgomery-element-layout-specialized-points,41.270,6.684,0.000,0.000000,0.000,6.684,ok,cuda-sumcheck-prime-field-montgomery-element-layout-specialized-points,1.56752,1.43552,0,0,0,1.43552,ok,true,1361729925127,1361729925127,4.656152,,results/tmp_full_zk_r14_28/zk_spartan_2_bw32_r16.log
zk_spartan_2,ABC*Z,prime-field-montgomery,element,specialized,p32_2^32_minus_5,32,1,0xfffffffb,18,262144,2,2,1,2,10,whole-run,fixed,triton-sumcheck-prime-field-montgomery-element-layout-specialized-points,42.764,8.518,0.000,0.000000,0.000,8.518,ok,cuda-sumcheck-prime-field-montgomery-element-layout-specialized-points,1.75155,1.67251,0,0,0,1.67251,ok,true,1490532018144,1490532018144,5.092944,,results/tmp_full_zk_r14_28/zk_spartan_2_bw32_r18.log
zk_spartan_2,ABC*Z,prime-field-montgomery,element,specialized,p32_2^32_minus_5,32,1,0xfffffffb,20,1048576,2,2,1,2,10,whole-run,fixed,triton-sumcheck-prime-field-montgomery-element-layout-specialized-points,45.658,10.576,0.000,0.000000,0.000,10.576,ok,cuda-sumcheck-prime-field-montgomery-element-layout-specialized-points,2.12525,1.98781,0,0,0,1.98781,ok,true,1740042488314,1740042488314,5.320428,,results/tmp_full_zk_r14_28/zk_spartan_2_bw32_r20.log
zk_spartan_2,ABC*Z,prime-field-montgomery,element,specialized,p32_2^32_minus_5,32,1,0xfffffffb,22,4194304,2,2,1,2,10,whole-run,fixed,triton-sumcheck-prime-field-montgomery-element-layout-specialized-points,47.619,12.789,0.000,0.000000,0.000,12.789,ok,cuda-sumcheck-prime-field-montgomery-element-layout-specialized-points,2.66781,2.49709,0,0,0,2.49709,ok,true,1669120794822,1669120794822,5.121561,,results/tmp_full_zk_r14_28/zk_spartan_2_bw32_r22.log
zk_spartan_2,ABC*Z,prime-field-montgomery,element,specialized,p32_2^32_minus_5,32,1,0xfffffffb,24,16777216,2,2,1,2,10,whole-run,fixed,triton-sumcheck-prime-field-montgomery-element-layout-specialized-points,51.241,17.284,0.000,0.000000,0.000,17.284,ok,cuda-sumcheck-prime-field-montgomery-element-layout-specialized-points,3.49686,3.40285,0,0,0,3.40285,ok,true,1869762121240,1869762121240,5.079272,,results/tmp_full_zk_r14_28/zk_spartan_2_bw32_r24.log
zk_spartan_2,ABC*Z,prime-field-montgomery,element,specialized,p32_2^32_minus_5,32,1,0xfffffffb,26,67108864,2,2,1,2,10,whole-run,fixed,triton-sumcheck-prime-field-montgomery-element-layout-specialized-points,66.573,30.686,0.000,0.000000,0.000,30.686,ok,cuda-sumcheck-prime-field-montgomery-element-layout-specialized-points,6.08317,5.97738,0,0,0,5.97738,ok,true,2405274213901,2405274213901,5.133687,,results/tmp_full_zk_r14_28/zk_spartan_2_bw32_r26.log
zk_spartan_2,ABC*Z,prime-field-montgomery,element,specialized,p32_2^32_minus_5,32,1,0xfffffffb,28,268435456,2,2,1,2,10,whole-run,fixed,triton-sumcheck-prime-field-montgomery-element-layout-specialized-points,130.706,85.554,0.000,0.000000,0.000,85.554,ok,cuda-sumcheck-prime-field-montgomery-element-layout-specialized-points,15.0225,14.9413,0,0,0,14.9413,ok,true,2217284708262,2217284708262,5.726008,,results/tmp_full_zk_r14_28/zk_spartan_2_bw32_r28.log
zk_spartan_2,ABC*Z,prime-field-montgomery,element,specialized,p64_goldilocks,64,2,0xffffffff00000001,14,16384,2,2,1,2,10,whole-run,fixed,triton-sumcheck-prime-field-montgomery-element-layout-specialized-points,2515.540,5.385,0.000,0.000000,0.000,5.385,ok,cuda-sumcheck-prime-field-montgomery-element-layout-specialized-points,1.38397,1.19098,0,0,0,1.19098,ok,true,3154924965829,3154924965829,4.521487,,results/tmp_full_zk_r14_28/zk_spartan_2_bw64_r14.log
zk_spartan_2,ABC*Z,prime-field-montgomery,element,specialized,p64_goldilocks,64,2,0xffffffff00000001,16,65536,2,2,1,2,10,whole-run,fixed,triton-sumcheck-prime-field-montgomery-element-layout-specialized-points,41.951,6.736,0.000,0.000000,0.000,6.736,ok,cuda-sumcheck-prime-field-montgomery-element-layout-specialized-points,1.61014,1.4256,0,0,0,1.4256,ok,true,3821433327062,3821433327062,4.725028,,results/tmp_full_zk_r14_28/zk_spartan_2_bw64_r16.log
zk_spartan_2,ABC*Z,prime-field-montgomery,element,specialized,p64_goldilocks,64,2,0xffffffff00000001,18,262144,2,2,1,2,10,whole-run,fixed,triton-sumcheck-prime-field-montgomery-element-layout-specialized-points,43.229,8.507,0.000,0.000000,0.000,8.507,ok,cuda-sumcheck-prime-field-montgomery-element-layout-specialized-points,1.89971,1.72077,0,0,0,1.72077,ok,true,4804161355214,4804161355214,4.943717,,results/tmp_full_zk_r14_28/zk_spartan_2_bw64_r18.log
zk_spartan_2,ABC*Z,prime-field-montgomery,element,specialized,p64_goldilocks,64,2,0xffffffff00000001,20,1048576,2,2,1,2,10,whole-run,fixed,triton-sumcheck-prime-field-montgomery-element-layout-specialized-points,45.407,10.486,0.000,0.000000,0.000,10.486,ok,cuda-sumcheck-prime-field-montgomery-element-layout-specialized-points,2.33133,2.15869,0,0,0,2.15869,ok,true,5233438702336,5233438702336,4.857576,,results/tmp_full_zk_r14_28/zk_spartan_2_bw64_r20.log
zk_spartan_2,ABC*Z,prime-field-montgomery,element,specialized,p64_goldilocks,64,2,0xffffffff00000001,22,4194304,2,2,1,2,10,whole-run,fixed,triton-sumcheck-prime-field-montgomery-element-layout-specialized-points,48.604,13.214,0.000,0.000000,0.000,13.214,ok,cuda-sumcheck-prime-field-montgomery-element-layout-specialized-points,2.85389,2.71603,0,0,0,2.71603,ok,true,6504307318457,6504307318457,4.865189,,results/tmp_full_zk_r14_28/zk_spartan_2_bw64_r22.log
zk_spartan_2,ABC*Z,prime-field-montgomery,element,specialized,p64_goldilocks,64,2,0xffffffff00000001,24,16777216,2,2,1,2,10,whole-run,fixed,triton-sumcheck-prime-field-montgomery-element-layout-specialized-points,50.495,16.376,0.000,0.000000,0.000,16.376,ok,cuda-sumcheck-prime-field-montgomery-element-layout-specialized-points,4.32643,4.20141,0,0,0,4.20141,ok,true,6504999094607,6504999094607,3.897739,,results/tmp_full_zk_r14_28/zk_spartan_2_bw64_r24.log
zk_spartan_2,ABC*Z,prime-field-montgomery,element,specialized,p64_goldilocks,64,2,0xffffffff00000001,26,67108864,2,2,1,2,10,whole-run,fixed,triton-sumcheck-prime-field-montgomery-element-layout-specialized-points,65.229,29.617,0.000,0.000000,0.000,29.617,ok,cuda-sumcheck-prime-field-montgomery-element-layout-specialized-points,8.81306,8.71062,0,0,0,8.71062,ok,true,6597163029223,6597163029223,3.400102,,results/tmp_full_zk_r14_28/zk_spartan_2_bw64_r26.log
zk_spartan_2,ABC*Z,prime-field-montgomery,element,specialized,p64_goldilocks,64,2,0xffffffff00000001,28,268435456,2,2,1,2,10,whole-run,fixed,triton-sumcheck-prime-field-montgomery-element-layout-specialized-points,117.609,79.866,0.000,0.000000,0.000,79.866,ok,cuda-sumcheck-prime-field-montgomery-element-layout-specialized-points,26.557,26.4432,0,0,0,26.4432,ok,true,7254201067425,7254201067425,3.020285,,results/tmp_full_zk_r14_28/zk_spartan_2_bw64_r28.log
zk_spartan_2,ABC*Z,prime-field-montgomery,element,specialized,p128_mersenne_2^127_minus_1,128,4,0x7fffffffffffffffffffffffffffffff,14,16384,2,2,1,2,10,whole-run,fixed,triton-sumcheck-prime-field-montgomery-element-layout-specialized-points,8016.888,5.400,0.000,0.000000,0.000,5.400,ok,cuda-sumcheck-prime-field-montgomery-element-layout-specialized-points,1.36678,1.17523,0,0,0,1.17523,ok,true,3433157688766,3433157688766,4.594845,,results/tmp_full_zk_r14_28/zk_spartan_2_bw128_r14.log
zk_spartan_2,ABC*Z,prime-field-montgomery,element,specialized,p128_mersenne_2^127_minus_1,128,4,0x7fffffffffffffffffffffffffffffff,16,65536,2,2,1,2,10,whole-run,fixed,triton-sumcheck-prime-field-montgomery-element-layout-specialized-points,43.582,6.843,0.000,0.000000,0.000,6.843,ok,cuda-sumcheck-prime-field-montgomery-element-layout-specialized-points,1.65888,1.45408,0,0,0,1.45408,ok,true,4049074650790,4049074650790,4.706068,,results/tmp_full_zk_r14_28/zk_spartan_2_bw128_r16.log
zk_spartan_2,ABC*Z,prime-field-montgomery,element,specialized,p128_mersenne_2^127_minus_1,128,4,0x7fffffffffffffffffffffffffffffff,18,262144,2,2,1,2,10,whole-run,fixed,triton-sumcheck-prime-field-montgomery-element-layout-specialized-points,44.816,8.624,0.000,0.000000,0.000,8.624,ok,cuda-sumcheck-prime-field-montgomery-element-layout-specialized-points,1.94931,1.7433,0,0,0,1.7433,ok,true,4173046407829,4173046407829,4.946940,,results/tmp_full_zk_r14_28/zk_spartan_2_bw128_r18.log
zk_spartan_2,ABC*Z,prime-field-montgomery,element,specialized,p128_mersenne_2^127_minus_1,128,4,0x7fffffffffffffffffffffffffffffff,20,1048576,2,2,1,2,10,whole-run,fixed,triton-sumcheck-prime-field-montgomery-element-layout-specialized-points,47.159,10.836,0.000,0.000000,0.000,10.836,ok,cuda-sumcheck-prime-field-montgomery-element-layout-specialized-points,2.35459,2.19379,0,0,0,2.19379,ok,true,5005602144972,5005602144972,4.939397,,results/tmp_full_zk_r14_28/zk_spartan_2_bw128_r20.log
zk_spartan_2,ABC*Z,prime-field-montgomery,element,specialized,p128_mersenne_2^127_minus_1,128,4,0x7fffffffffffffffffffffffffffffff,22,4194304,2,2,1,2,10,whole-run,fixed,triton-sumcheck-prime-field-montgomery-element-layout-specialized-points,49.483,12.798,0.000,0.000000,0.000,12.798,ok,cuda-sumcheck-prime-field-montgomery-element-layout-specialized-points,3.27882,3.10832,0,0,0,3.10832,ok,true,6980247682538,6980247682538,4.117337,,results/tmp_full_zk_r14_28/zk_spartan_2_bw128_r22.log
zk_spartan_2,ABC*Z,prime-field-montgomery,element,specialized,p128_mersenne_2^127_minus_1,128,4,0x7fffffffffffffffffffffffffffffff,24,16777216,2,2,1,2,10,whole-run,fixed,triton-sumcheck-prime-field-montgomery-element-layout-specialized-points,53.225,18.077,0.000,0.000000,0.000,18.077,ok,cuda-sumcheck-prime-field-montgomery-element-layout-specialized-points,5.7399,5.5945,0,0,0,5.5945,ok,true,9679948174702,9679948174702,3.231209,,results/tmp_full_zk_r14_28/zk_spartan_2_bw128_r24.log
zk_spartan_2,ABC*Z,prime-field-montgomery,element,specialized,p128_mersenne_2^127_minus_1,128,4,0x7fffffffffffffffffffffffffffffff,26,67108864,2,2,1,2,10,whole-run,fixed,triton-sumcheck-prime-field-montgomery-element-layout-specialized-points,71.009,36.778,0.000,0.000000,0.000,36.778,ok,cuda-sumcheck-prime-field-montgomery-element-layout-specialized-points,14.2604,14.1235,0,0,0,14.1235,ok,true,11286961838802,11286961838802,2.604029,,results/tmp_full_zk_r14_28/zk_spartan_2_bw128_r26.log
zk_spartan_2,ABC*Z,prime-field-montgomery,element,specialized,p128_mersenne_2^127_minus_1,128,4,0x7fffffffffffffffffffffffffffffff,28,268435456,2,2,1,2,10,whole-run,fixed,triton-sumcheck-prime-field-montgomery-element-layout-specialized-points,160.406,108.369,0.000,0.000000,0.000,108.369,ok,cuda-sumcheck-prime-field-montgomery-element-layout-specialized-points,47.7078,47.5366,0,0,0,47.5366,ok,true,15071102667647,15071102667647,2.279696,,results/tmp_full_zk_r14_28/zk_spartan_2_bw128_r28.log
zk_spartan_2,ABC*Z,prime-field-montgomery,element,specialized,p255_bls12_381_scalar,256,8,0x73eda753299d7d483339d80809a1d80553bda402fffe5bfeffffffff00000001,14,16384,2,2,1,2,10,whole-run,fixed,triton-sumcheck-prime-field-montgomery-element-layout-specialized-points,52866.218,5.427,0.000,0.000000,0.000,5.427,ok,cuda-sumcheck-prime-field-montgomery-element-layout-specialized-points,1.49686,1.22166,0,0,0,1.22166,ok,true,35920410883539,35920410883539,4.442316,,results/tmp_full_zk_r14_28/zk_spartan_2_bw256_r14.log
zk_spartan_2,ABC*Z,prime-field-montgomery,element,specialized,p255_bls12_381_scalar,256,8,0x73eda753299d7d483339d80809a1d80553bda402fffe5bfeffffffff00000001,16,65536,2,2,1,2,10,whole-run,fixed,triton-sumcheck-prime-field-montgomery-element-layout-specialized-points,45.958,6.809,0.000,0.000000,0.000,6.809,ok,cuda-sumcheck-prime-field-montgomery-element-layout-specialized-points,1.85494,1.6487,0,0,0,1.6487,ok,true,44029419221463,44029419221463,4.129921,,results/tmp_full_zk_r14_28/zk_spartan_2_bw256_r16.log
zk_spartan_2,ABC*Z,prime-field-montgomery,element,specialized,p255_bls12_381_scalar,256,8,0x73eda753299d7d483339d80809a1d80553bda402fffe5bfeffffffff00000001,18,262144,2,2,1,2,10,whole-run,fixed,triton-sumcheck-prime-field-montgomery-element-layout-specialized-points,47.427,8.602,0.000,0.000000,0.000,8.602,ok,cuda-sumcheck-prime-field-montgomery-element-layout-specialized-points,2.36906,2.1407,0,0,0,2.1407,ok,true,46920386098300,46920386098300,4.018312,,results/tmp_full_zk_r14_28/zk_spartan_2_bw256_r18.log
zk_spartan_2,ABC*Z,prime-field-montgomery,element,specialized,p255_bls12_381_scalar,256,8,0x73eda753299d7d483339d80809a1d80553bda402fffe5bfeffffffff00000001,20,1048576,2,2,1,2,10,whole-run,fixed,triton-sumcheck-prime-field-montgomery-element-layout-specialized-points,49.363,10.786,0.000,0.000000,0.000,10.786,ok,cuda-sumcheck-prime-field-montgomery-element-layout-specialized-points,3.27469,3.0865,0,0,0,3.0865,ok,true,52403202760155,52403202760155,3.494573,,results/tmp_full_zk_r14_28/zk_spartan_2_bw256_r20.log
zk_spartan_2,ABC*Z,prime-field-montgomery,element,specialized,p255_bls12_381_scalar,256,8,0x73eda753299d7d483339d80809a1d80553bda402fffe5bfeffffffff00000001,22,4194304,2,2,1,2,10,whole-run,fixed,triton-sumcheck-prime-field-montgomery-element-layout-specialized-points,52.599,13.948,0.000,0.000000,0.000,13.948,ok,cuda-sumcheck-prime-field-montgomery-element-layout-specialized-points,5.20422,5.01338,0,0,0,5.01338,ok,true,60498654243950,60498654243950,2.782155,,results/tmp_full_zk_r14_28/zk_spartan_2_bw256_r22.log
zk_spartan_2,ABC*Z,prime-field-montgomery,element,specialized,p255_bls12_381_scalar,256,8,0x73eda753299d7d483339d80809a1d80553bda402fffe5bfeffffffff00000001,24,16777216,2,2,1,2,10,whole-run,fixed,triton-sumcheck-prime-field-montgomery-element-layout-specialized-points,61.196,23.832,0.000,0.000000,0.000,23.832,ok,cuda-sumcheck-prime-field-montgomery-element-layout-specialized-points,10.8812,10.7044,0,0,0,10.7044,ok,true,62247910145291,62247910145291,2.226374,,results/tmp_full_zk_r14_28/zk_spartan_2_bw256_r24.log
zk_spartan_2,ABC*Z,prime-field-montgomery,element,specialized,p255_bls12_381_scalar,256,8,0x73eda753299d7d483339d80809a1d80553bda402fffe5bfeffffffff00000001,26,67108864,2,2,1,2,10,whole-run,fixed,triton-sumcheck-prime-field-montgomery-element-layout-specialized-points,103.653,57.789,0.000,0.000000,0.000,57.789,ok,cuda-sumcheck-prime-field-montgomery-element-layout-specialized-points,33.6056,33.4928,0,0,0,33.4928,ok,true,68715809920550,68715809920550,1.725416,,results/tmp_full_zk_r14_28/zk_spartan_2_bw256_r26.log
zk_spartan_2,ABC*Z,prime-field-montgomery,element,specialized,p255_bls12_381_scalar,256,8,0x73eda753299d7d483339d80809a1d80553bda402fffe5bfeffffffff00000001,28,268435456,2,2,1,2,10,whole-run,fixed,triton-sumcheck-prime-field-montgomery-element-layout-specialized-points,253.116,196.355,0.000,0.000000,0.000,196.355,ok,cuda-sumcheck-prime-field-montgomery-element-layout-specialized-points,125.296,126.379,0,0,0,126.379,ok,true,74979165578551,74979165578551,1.553700,,results/tmp_full_zk_r14_28/zk_spartan_2_bw256_r28.log
zk_witness_non_id,q_non-id-point*y*y - q_non-id-point*x*x*x - 5*q_non-id-point,prime-field-montgomery,element,specialized,p32_2^32_minus_5,32,1,0xfffffffb,14,16384,3,4,3,2,10,whole-run,fixed,triton-sumcheck-prime-field-montgomery-element-layout-specialized-points,3677.010,8.204,0.000,0.000000,0.000,8.204,ok,cuda-sumcheck-prime-field-montgomery-element-layout-specialized-points,2.01962,1.89398,0,0,0,1.89398,ok,true,1755004342988,1755004342988,4.331619,,results/tmp_full_zk_r14_28/zk_witness_non_id_bw32_r14.log
zk_witness_non_id,q_non-id-point*y*y - q_non-id-point*x*x*x - 5*q_non-id-point,prime-field-montgomery,element,specialized,p32_2^32_minus_5,32,1,0xfffffffb,16,65536,3,4,3,2,10,whole-run,fixed,triton-sumcheck-prime-field-montgomery-element-layout-specialized-points,49.428,10.563,0.000,0.000000,0.000,10.563,ok,cuda-sumcheck-prime-field-montgomery-element-layout-specialized-points,2.59187,2.39344,0,0,0,2.39344,ok,true,2442268854103,2442268854103,4.413313,,results/tmp_full_zk_r14_28/zk_witness_non_id_bw32_r16.log
zk_witness_non_id,q_non-id-point*y*y - q_non-id-point*x*x*x - 5*q_non-id-point,prime-field-montgomery,element,specialized,p32_2^32_minus_5,32,1,0xfffffffb,18,262144,3,4,3,2,10,whole-run,fixed,triton-sumcheck-prime-field-montgomery-element-layout-specialized-points,52.990,13.686,0.000,0.000000,0.000,13.686,ok,cuda-sumcheck-prime-field-montgomery-element-layout-specialized-points,2.87875,2.74205,0,0,0,2.74205,ok,true,2462027502636,2462027502636,4.991156,,results/tmp_full_zk_r14_28/zk_witness_non_id_bw32_r18.log
zk_witness_non_id,q_non-id-point*y*y - q_non-id-point*x*x*x - 5*q_non-id-point,prime-field-montgomery,element,specialized,p32_2^32_minus_5,32,1,0xfffffffb,20,1048576,3,4,3,2,10,whole-run,fixed,triton-sumcheck-prime-field-montgomery-element-layout-specialized-points,56.307,16.835,0.000,0.000000,0.000,16.835,ok,cuda-sumcheck-prime-field-montgomery-element-layout-specialized-points,3.47437,3.35082,0,0,0,3.35082,ok,true,2669918320433,2669918320433,5.024143,,results/tmp_full_zk_r14_28/zk_witness_non_id_bw32_r20.log
zk_witness_non_id,q_non-id-point*y*y - q_non-id-point*x*x*x - 5*q_non-id-point,prime-field-montgomery,element,specialized,p32_2^32_minus_5,32,1,0xfffffffb,22,4194304,3,4,3,2,10,whole-run,fixed,triton-sumcheck-prime-field-montgomery-element-layout-specialized-points,60.002,20.619,0.000,0.000000,0.000,20.619,ok,cuda-sumcheck-prime-field-montgomery-element-layout-specialized-points,4.41645,4.31478,0,0,0,4.31478,ok,true,3172342266730,3172342266730,4.778691,,results/tmp_full_zk_r14_28/zk_witness_non_id_bw32_r22.log
zk_witness_non_id,q_non-id-point*y*y - q_non-id-point*x*x*x - 5*q_non-id-point,prime-field-montgomery,element,specialized,p32_2^32_minus_5,32,1,0xfffffffb,24,16777216,3,4,3,2,10,whole-run,fixed,triton-sumcheck-prime-field-montgomery-element-layout-specialized-points,67.377,28.149,0.000,0.000000,0.000,28.149,ok,cuda-sumcheck-prime-field-montgomery-element-layout-specialized-points,6.18752,6.06973,0,0,0,6.06973,ok,true,3593444755342,3593444755342,4.637603,,results/tmp_full_zk_r14_28/zk_witness_non_id_bw32_r24.log
zk_witness_non_id,q_non-id-point*y*y - q_non-id-point*x*x*x - 5*q_non-id-point,prime-field-montgomery,element,specialized,p32_2^32_minus_5,32,1,0xfffffffb,26,67108864,3,4,3,2,10,whole-run,fixed,triton-sumcheck-prime-field-montgomery-element-layout-specialized-points,97.552,53.985,0.000,0.000000,0.000,53.985,ok,cuda-sumcheck-prime-field-montgomery-element-layout-specialized-points,11.5929,11.4562,0,0,0,11.4562,ok,true,3745763859188,3745763859188,4.712296,,results/tmp_full_zk_r14_28/zk_witness_non_id_bw32_r26.log
zk_witness_non_id,q_non-id-point*y*y - q_non-id-point*x*x*x - 5*q_non-id-point,prime-field-montgomery,element,specialized,p32_2^32_minus_5,32,1,0xfffffffb,28,268435456,3,4,3,2,10,whole-run,fixed,triton-sumcheck-prime-field-montgomery-element-layout-specialized-points,210.873,154.153,0.000,0.000000,0.000,154.153,ok,cuda-sumcheck-prime-field-montgomery-element-layout-specialized-points,32.7347,32.6664,0,0,0,32.6664,ok,true,3726647597010,3726647597010,4.719008,,results/tmp_full_zk_r14_28/zk_witness_non_id_bw32_r28.log
zk_witness_non_id,q_non-id-point*y*y - q_non-id-point*x*x*x - 5*q_non-id-point,prime-field-montgomery,element,specialized,p64_goldilocks,64,2,0xffffffff00000001,14,16384,3,4,3,2,10,whole-run,fixed,triton-sumcheck-prime-field-montgomery-element-layout-specialized-points,9249.781,8.339,0.000,0.000000,0.000,8.339,ok,cuda-sumcheck-prime-field-montgomery-element-layout-specialized-points,2.25901,2.03453,0,0,0,2.03453,ok,true,5981691282710,5981691282710,4.098735,,results/tmp_full_zk_r14_28/zk_witness_non_id_bw64_r14.log
zk_witness_non_id,q_non-id-point*y*y - q_non-id-point*x*x*x - 5*q_non-id-point,prime-field-montgomery,element,specialized,p64_goldilocks,64,2,0xffffffff00000001,16,65536,3,4,3,2,10,whole-run,fixed,triton-sumcheck-prime-field-montgomery-element-layout-specialized-points,51.633,10.540,0.000,0.000000,0.000,10.540,ok,cuda-sumcheck-prime-field-montgomery-element-layout-specialized-points,2.5999,2.37533,0,0,0,2.37533,ok,true,6699477192486,6699477192486,4.437278,,results/tmp_full_zk_r14_28/zk_witness_non_id_bw64_r16.log
zk_witness_non_id,q_non-id-point*y*y - q_non-id-point*x*x*x - 5*q_non-id-point,prime-field-montgomery,element,specialized,p64_goldilocks,64,2,0xffffffff00000001,18,262144,3,4,3,2,10,whole-run,fixed,triton-sumcheck-prime-field-montgomery-element-layout-specialized-points,54.127,13.587,0.000,0.000000,0.000,13.587,ok,cuda-sumcheck-prime-field-montgomery-element-layout-specialized-points,3.18509,2.87862,0,0,0,2.87862,ok,true,7653663462913,7653663462913,4.719970,,results/tmp_full_zk_r14_28/zk_witness_non_id_bw64_r18.log
zk_witness_non_id,q_non-id-point*y*y - q_non-id-point*x*x*x - 5*q_non-id-point,prime-field-montgomery,element,specialized,p64_goldilocks,64,2,0xffffffff00000001,20,1048576,3,4,3,2,10,whole-run,fixed,triton-sumcheck-prime-field-montgomery-element-layout-specialized-points,58.637,17.277,0.000,0.000000,0.000,17.277,ok,cuda-sumcheck-prime-field-montgomery-element-layout-specialized-points,4.07072,3.75299,0,0,0,3.75299,ok,true,8837614898671,8837614898671,4.603529,,results/tmp_full_zk_r14_28/zk_witness_non_id_bw64_r20.log
zk_witness_non_id,q_non-id-point*y*y - q_non-id-point*x*x*x - 5*q_non-id-point,prime-field-montgomery,element,specialized,p64_goldilocks,64,2,0xffffffff00000001,22,4194304,3,4,3,2,10,whole-run,fixed,triton-sumcheck-prime-field-montgomery-element-layout-specialized-points,61.304,20.839,0.000,0.000000,0.000,20.839,ok,cuda-sumcheck-prime-field-montgomery-element-layout-specialized-points,5.47949,5.29203,0,0,0,5.29203,ok,true,9230055891459,9230055891459,3.937808,,results/tmp_full_zk_r14_28/zk_witness_non_id_bw64_r22.log
zk_witness_non_id,q_non-id-point*y*y - q_non-id-point*x*x*x - 5*q_non-id-point,prime-field-montgomery,element,specialized,p64_goldilocks,64,2,0xffffffff00000001,24,16777216,3,4,3,2,10,whole-run,fixed,triton-sumcheck-prime-field-montgomery-element-layout-specialized-points,69.245,29.094,0.000,0.000000,0.000,29.094,ok,cuda-sumcheck-prime-field-montgomery-element-layout-specialized-points,8.72698,8.49328,0,0,0,8.49328,ok,true,10793160124422,10793160124422,3.425532,,results/tmp_full_zk_r14_28/zk_witness_non_id_bw64_r24.log
zk_witness_non_id,q_non-id-point*y*y - q_non-id-point*x*x*x - 5*q_non-id-point,prime-field-montgomery,element,specialized,p64_goldilocks,64,2,0xffffffff00000001,26,67108864,3,4,3,2,10,whole-run,fixed,triton-sumcheck-prime-field-montgomery-element-layout-specialized-points,100.694,57.501,0.000,0.000000,0.000,57.501,ok,cuda-sumcheck-prime-field-montgomery-element-layout-specialized-points,21.252,20.9997,0,0,0,20.9997,ok,true,10470993542893,10470993542893,2.738182,,results/tmp_full_zk_r14_28/zk_witness_non_id_bw64_r26.log
zk_witness_non_id,q_non-id-point*y*y - q_non-id-point*x*x*x - 5*q_non-id-point,prime-field-montgomery,element,specialized,p64_goldilocks,64,2,0xffffffff00000001,28,268435456,3,4,3,2,10,whole-run,fixed,triton-sumcheck-prime-field-montgomery-element-layout-specialized-points,228.146,169.421,0.000,0.000000,0.000,169.421,ok,cuda-sumcheck-prime-field-montgomery-element-layout-specialized-points,69.7614,69.9148,0,0,0,69.9148,ok,true,12238175874626,12238175874626,2.423249,,results/tmp_full_zk_r14_28/zk_witness_non_id_bw64_r28.log
zk_witness_non_id,q_non-id-point*y*y - q_non-id-point*x*x*x - 5*q_non-id-point,prime-field-montgomery,element,specialized,p128_mersenne_2^127_minus_1,128,4,0x7fffffffffffffffffffffffffffffff,14,16384,3,4,3,2,10,whole-run,fixed,triton-sumcheck-prime-field-montgomery-element-layout-specialized-points,64184.366,8.362,0.000,0.000000,0.000,8.362,ok,cuda-sumcheck-prime-field-montgomery-element-layout-specialized-points,2.3615,1.9415,0,0,0,1.9415,ok,true,15659785126310,15659785126310,4.306979,,results/tmp_full_zk_r14_28/zk_witness_non_id_bw128_r14.log
zk_witness_non_id,q_non-id-point*y*y - q_non-id-point*x*x*x - 5*q_non-id-point,prime-field-montgomery,element,specialized,p128_mersenne_2^127_minus_1,128,4,0x7fffffffffffffffffffffffffffffff,16,65536,3,4,3,2,10,whole-run,fixed,triton-sumcheck-prime-field-montgomery-element-layout-specialized-points,54.761,10.891,0.000,0.000000,0.000,10.891,ok,cuda-sumcheck-prime-field-montgomery-element-layout-specialized-points,2.81354,2.46794,0,0,0,2.46794,ok,true,18637895452501,18637895452501,4.412992,,results/tmp_full_zk_r14_28/zk_witness_non_id_bw128_r16.log
zk_witness_non_id,q_non-id-point*y*y - q_non-id-point*x*x*x - 5*q_non-id-point,prime-field-montgomery,element,specialized,p128_mersenne_2^127_minus_1,128,4,0x7fffffffffffffffffffffffffffffff,18,262144,3,4,3,2,10,whole-run,fixed,triton-sumcheck-prime-field-montgomery-element-layout-specialized-points,58.632,13.759,0.000,0.000000,0.000,13.759,ok,cuda-sumcheck-prime-field-montgomery-element-layout-specialized-points,3.42406,3.08141,0,0,0,3.08141,ok,true,18977310861938,18977310861938,4.465164,,results/tmp_full_zk_r14_28/zk_witness_non_id_bw128_r18.log
zk_witness_non_id,q_non-id-point*y*y - q_non-id-point*x*x*x - 5*q_non-id-point,prime-field-montgomery,element,specialized,p128_mersenne_2^127_minus_1,128,4,0x7fffffffffffffffffffffffffffffff,20,1048576,3,4,3,2,10,whole-run,fixed,triton-sumcheck-prime-field-montgomery-element-layout-specialized-points,62.729,17.442,0.000,0.000000,0.000,17.442,ok,cuda-sumcheck-prime-field-montgomery-element-layout-specialized-points,4.36934,4.03853,0,0,0,4.03853,ok,true,22584957196373,22584957196373,4.318898,,results/tmp_full_zk_r14_28/zk_witness_non_id_bw128_r20.log
zk_witness_non_id,q_non-id-point*y*y - q_non-id-point*x*x*x - 5*q_non-id-point,prime-field-montgomery,element,specialized,p128_mersenne_2^127_minus_1,128,4,0x7fffffffffffffffffffffffffffffff,22,4194304,3,4,3,2,10,whole-run,fixed,triton-sumcheck-prime-field-montgomery-element-layout-specialized-points,66.135,22.414,0.000,0.000000,0.000,22.414,ok,cuda-sumcheck-prime-field-montgomery-element-layout-specialized-points,6.73002,6.37581,0,0,0,6.37581,ok,true,24041776741697,24041776741697,3.515475,,results/tmp_full_zk_r14_28/zk_witness_non_id_bw128_r22.log
zk_witness_non_id,q_non-id-point*y*y - q_non-id-point*x*x*x - 5*q_non-id-point,prime-field-montgomery,element,specialized,p128_mersenne_2^127_minus_1,128,4,0x7fffffffffffffffffffffffffffffff,24,16777216,3,4,3,2,10,whole-run,fixed,triton-sumcheck-prime-field-montgomery-element-layout-specialized-points,79.917,35.380,0.000,0.000000,0.000,35.380,ok,cuda-sumcheck-prime-field-montgomery-element-layout-specialized-points,14.3185,13.9785,0,0,0,13.9785,ok,true,25462566673024,25462566673024,2.531030,,results/tmp_full_zk_r14_28/zk_witness_non_id_bw128_r24.log
zk_witness_non_id,q_non-id-point*y*y - q_non-id-point*x*x*x - 5*q_non-id-point,prime-field-montgomery,element,specialized,p128_mersenne_2^127_minus_1,128,4,0x7fffffffffffffffffffffffffffffff,26,67108864,3,4,3,2,10,whole-run,fixed,triton-sumcheck-prime-field-montgomery-element-layout-specialized-points,138.792,88.006,0.000,0.000000,0.000,88.006,ok,cuda-sumcheck-prime-field-montgomery-element-layout-specialized-points,42.1894,41.8271,0,0,0,41.8271,ok,true,29454821838026,29454821838026,2.104043,,results/tmp_full_zk_r14_28/zk_witness_non_id_bw128_r26.log
zk_witness_non_id,q_non-id-point*y*y - q_non-id-point*x*x*x - 5*q_non-id-point,prime-field-montgomery,element,specialized,p128_mersenne_2^127_minus_1,128,4,0x7fffffffffffffffffffffffffffffff,28,268435456,3,4,3,2,10,whole-run,fixed,triton-sumcheck-prime-field-montgomery-element-layout-specialized-points,348.393,294.178,0.000,0.000000,0.000,294.178,ok,cuda-sumcheck-prime-field-montgomery-element-layout-specialized-points,152.541,151.498,0,0,0,151.498,ok,true,32287955919752,32287955919752,1.941795,,results/tmp_full_zk_r14_28/zk_witness_non_id_bw128_r28.log
zk_witness_non_id,q_non-id-point*y*y - q_non-id-point*x*x*x - 5*q_non-id-point,prime-field-montgomery,element,specialized,p255_bls12_381_scalar,256,8,0x73eda753299d7d483339d80809a1d80553bda402fffe5bfeffffffff00000001,14,16384,3,4,3,2,10,whole-run,fixed,triton-sumcheck-prime-field-montgomery-element-layout-specialized-points,875975.134,8.569,0.000,0.000000,0.000,8.569,ok,cuda-sumcheck-prime-field-montgomery-element-layout-specialized-points,3.68038,2.99907,0,0,0,2.99907,ok,true,62685755827500,62685755827500,2.857219,,results/tmp_full_zk_r14_28/zk_witness_non_id_bw256_r14.log
zk_witness_non_id,q_non-id-point*y*y - q_non-id-point*x*x*x - 5*q_non-id-point,prime-field-montgomery,element,specialized,p255_bls12_381_scalar,256,8,0x73eda753299d7d483339d80809a1d80553bda402fffe5bfeffffffff00000001,16,65536,3,4,3,2,10,whole-run,fixed,triton-sumcheck-prime-field-montgomery-element-layout-specialized-points,66.108,10.878,0.000,0.000000,0.000,10.878,ok,cuda-sumcheck-prime-field-montgomery-element-layout-specialized-points,4.0472,3.3527,0,0,0,3.3527,ok,true,72317547246789,72317547246789,3.244549,,results/tmp_full_zk_r14_28/zk_witness_non_id_bw256_r16.log
zk_witness_non_id,q_non-id-point*y*y - q_non-id-point*x*x*x - 5*q_non-id-point,prime-field-montgomery,element,specialized,p255_bls12_381_scalar,256,8,0x73eda753299d7d483339d80809a1d80553bda402fffe5bfeffffffff00000001,18,262144,3,4,3,2,10,whole-run,fixed,triton-sumcheck-prime-field-montgomery-element-layout-specialized-points,68.385,13.901,0.000,0.000000,0.000,13.901,ok,cuda-sumcheck-prime-field-montgomery-element-layout-specialized-points,5.1384,4.49706,0,0,0,4.49706,ok,true,72177475223958,72177475223958,3.091131,,results/tmp_full_zk_r14_28/zk_witness_non_id_bw256_r18.log
zk_witness_non_id,q_non-id-point*y*y - q_non-id-point*x*x*x - 5*q_non-id-point,prime-field-montgomery,element,specialized,p255_bls12_381_scalar,256,8,0x73eda753299d7d483339d80809a1d80553bda402fffe5bfeffffffff00000001,20,1048576,3,4,3,2,10,whole-run,fixed,triton-sumcheck-prime-field-montgomery-element-layout-specialized-points,71.530,17.970,0.000,0.000000,0.000,17.970,ok,cuda-sumcheck-prime-field-montgomery-element-layout-specialized-points,7.52925,6.87462,0,0,0,6.87462,ok,true,84612521577818,84612521577818,2.613963,,results/tmp_full_zk_r14_28/zk_witness_non_id_bw256_r20.log
zk_witness_non_id,q_non-id-point*y*y - q_non-id-point*x*x*x - 5*q_non-id-point,prime-field-montgomery,element,specialized,p255_bls12_381_scalar,256,8,0x73eda753299d7d483339d80809a1d80553bda402fffe5bfeffffffff00000001,22,4194304,3,4,3,2,10,whole-run,fixed,triton-sumcheck-prime-field-montgomery-element-layout-specialized-points,81.288,27.143,0.000,0.000000,0.000,27.143,ok,cuda-sumcheck-prime-field-montgomery-element-layout-specialized-points,15.258,14.4991,0,0,0,14.4991,ok,true,95954458946112,95954458946112,1.872047,,results/tmp_full_zk_r14_28/zk_witness_non_id_bw256_r22.log
zk_witness_non_id,q_non-id-point*y*y - q_non-id-point*x*x*x - 5*q_non-id-point,prime-field-montgomery,element,specialized,p255_bls12_381_scalar,256,8,0x73eda753299d7d483339d80809a1d80553bda402fffe5bfeffffffff00000001,24,16777216,3,4,3,2,10,whole-run,fixed,triton-sumcheck-prime-field-montgomery-element-layout-specialized-points,117.702,62.865,0.000,0.000000,0.000,62.865,ok,cuda-sumcheck-prime-field-montgomery-element-layout-specialized-points,42.999,42.3104,0,0,0,42.3104,ok,true,104363571574743,104363571574743,1.485805,,results/tmp_full_zk_r14_28/zk_witness_non_id_bw256_r24.log
zk_witness_non_id,q_non-id-point*y*y - q_non-id-point*x*x*x - 5*q_non-id-point,prime-field-montgomery,element,specialized,p255_bls12_381_scalar,256,8,0x73eda753299d7d483339d80809a1d80553bda402fffe5bfeffffffff00000001,26,67108864,3,4,3,2,10,whole-run,fixed,triton-sumcheck-prime-field-montgomery-element-layout-specialized-points,266.519,201.958,0.000,0.000000,0.000,201.958,ok,cuda-sumcheck-prime-field-montgomery-element-layout-specialized-points,153.279,152.231,0,0,0,152.231,ok,true,111039871206407,111039871206407,1.326655,,results/tmp_full_zk_r14_28/zk_witness_non_id_bw256_r26.log
zk_witness_non_id,q_non-id-point*y*y - q_non-id-point*x*x*x - 5*q_non-id-point,prime-field-montgomery,element,specialized,p255_bls12_381_scalar,256,8,0x73eda753299d7d483339d80809a1d80553bda402fffe5bfeffffffff00000001,28,268435456,3,4,3,2,10,whole-run,fixed,triton-sumcheck-prime-field-montgomery-element-layout-specialized-points,811.591,757.707,0.000,0.000000,0.000,757.707,ok,cuda-sumcheck-prime-field-montgomery-element-layout-specialized-points,590.378,589.969,0,0,0,589.969,ok,true,127183176437733,127183176437733,1.284317,,results/tmp_full_zk_r14_28/zk_witness_non_id_bw256_r28.log
zk_witness_id_point_1,q_point*x*y*y - q_point*x*x*x*x - 5*q_point*x,prime-field-montgomery,element,specialized,p32_2^32_minus_5,32,1,0xfffffffb,14,16384,3,5,3,2,10,whole-run,fixed,triton-sumcheck-prime-field-montgomery-element-layout-specialized-points,4630.083,9.884,0.000,0.000000,0.000,9.884,ok,cuda-sumcheck-prime-field-montgomery-element-layout-specialized-points,2.39789,2.24662,0,0,0,2.24662,ok,true,2331461279251,2331461279251,4.399498,,results/tmp_full_zk_r14_28/zk_witness_id_point_1_bw32_r14.log
zk_witness_id_point_1,q_point*x*y*y - q_point*x*x*x*x - 5*q_point*x,prime-field-montgomery,element,specialized,p32_2^32_minus_5,32,1,0xfffffffb,16,65536,3,5,3,2,10,whole-run,fixed,triton-sumcheck-prime-field-montgomery-element-layout-specialized-points,54.422,12.565,0.000,0.000000,0.000,12.565,ok,cuda-sumcheck-prime-field-montgomery-element-layout-specialized-points,2.81354,2.68144,0,0,0,2.68144,ok,true,2368611366173,2368611366173,4.685915,,results/tmp_full_zk_r14_28/zk_witness_id_point_1_bw32_r16.log
zk_witness_id_point_1,q_point*x*y*y - q_point*x*x*x*x - 5*q_point*x,prime-field-montgomery,element,specialized,p32_2^32_minus_5,32,1,0xfffffffb,18,262144,3,5,3,2,10,whole-run,fixed,triton-sumcheck-prime-field-montgomery-element-layout-specialized-points,57.138,16.041,0.000,0.000000,0.000,16.041,ok,cuda-sumcheck-prime-field-montgomery-element-layout-specialized-points,3.42122,3.29757,0,0,0,3.29757,ok,true,3152591402727,3152591402727,4.864491,,results/tmp_full_zk_r14_28/zk_witness_id_point_1_bw32_r18.log
zk_witness_id_point_1,q_point*x*y*y - q_point*x*x*x*x - 5*q_point*x,prime-field-montgomery,element,specialized,p32_2^32_minus_5,32,1,0xfffffffb,20,1048576,3,5,3,2,10,whole-run,fixed,triton-sumcheck-prime-field-montgomery-element-layout-specialized-points,62.707,20.085,0.000,0.000000,0.000,20.085,ok,cuda-sumcheck-prime-field-montgomery-element-layout-specialized-points,4.19021,3.94387,0,0,0,3.94387,ok,true,3091985749918,3091985749918,5.092714,,results/tmp_full_zk_r14_28/zk_witness_id_point_1_bw32_r20.log
zk_witness_id_point_1,q_point*x*y*y - q_point*x*x*x*x - 5*q_point*x,prime-field-montgomery,element,specialized,p32_2^32_minus_5,32,1,0xfffffffb,22,4194304,3,5,3,2,10,whole-run,fixed,triton-sumcheck-prime-field-montgomery-element-layout-specialized-points,66.118,24.590,0.000,0.000000,0.000,24.590,ok,cuda-sumcheck-prime-field-montgomery-element-layout-specialized-points,5.24301,5.05107,0,0,0,5.05107,ok,true,3442369752159,3442369752159,4.868275,,results/tmp_full_zk_r14_28/zk_witness_id_point_1_bw32_r22.log
zk_witness_id_point_1,q_point*x*y*y - q_point*x*x*x*x - 5*q_point*x,prime-field-montgomery,element,specialized,p32_2^32_minus_5,32,1,0xfffffffb,24,16777216,3,5,3,2,10,whole-run,fixed,triton-sumcheck-prime-field-montgomery-element-layout-specialized-points,74.904,34.151,0.000,0.000000,0.000,34.151,ok,cuda-sumcheck-prime-field-montgomery-element-layout-specialized-points,7.51571,7.37645,0,0,0,7.37645,ok,true,3720441350990,3720441350990,4.629734,,results/tmp_full_zk_r14_28/zk_witness_id_point_1_bw32_r24.log
zk_witness_id_point_1,q_point*x*y*y - q_point*x*x*x*x - 5*q_point*x,prime-field-montgomery,element,specialized,p32_2^32_minus_5,32,1,0xfffffffb,26,67108864,3,5,3,2,10,whole-run,fixed,triton-sumcheck-prime-field-montgomery-element-layout-specialized-points,112.359,65.236,0.000,0.000000,0.000,65.236,ok,cuda-sumcheck-prime-field-montgomery-element-layout-specialized-points,14.105,14.0569,0,0,0,14.0569,ok,true,3914866168499,3914866168499,4.640853,,results/tmp_full_zk_r14_28/zk_witness_id_point_1_bw32_r26.log
zk_witness_id_point_1,q_point*x*y*y - q_point*x*x*x*x - 5*q_point*x,prime-field-montgomery,element,specialized,p32_2^32_minus_5,32,1,0xfffffffb,28,268435456,3,5,3,2,10,whole-run,fixed,triton-sumcheck-prime-field-montgomery-element-layout-specialized-points,242.927,187.268,0.000,0.000000,0.000,187.268,ok,cuda-sumcheck-prime-field-montgomery-element-layout-specialized-points,40.3462,40.2944,0,0,0,40.2944,ok,true,4443559531034,4443559531034,4.647494,,results/tmp_full_zk_r14_28/zk_witness_id_point_1_bw32_r28.log
zk_witness_id_point_1,q_point*x*y*y - q_point*x*x*x*x - 5*q_point*x,prime-field-montgomery,element,specialized,p64_goldilocks,64,2,0xffffffff00000001,14,16384,3,5,3,2,10,whole-run,fixed,triton-sumcheck-prime-field-montgomery-element-layout-specialized-points,13589.636,9.984,0.000,0.000000,0.000,9.984,ok,cuda-sumcheck-prime-field-montgomery-element-layout-specialized-points,2.65165,2.32003,0,0,0,2.32003,ok,true,7161295169340,7161295169340,4.303393,,results/tmp_full_zk_r14_28/zk_witness_id_point_1_bw64_r14.log
zk_witness_id_point_1,q_point*x*y*y - q_point*x*x*x*x - 5*q_point*x,prime-field-montgomery,element,specialized,p64_goldilocks,64,2,0xffffffff00000001,16,65536,3,5,3,2,10,whole-run,fixed,triton-sumcheck-prime-field-montgomery-element-layout-specialized-points,55.534,12.684,0.000,0.000000,0.000,12.684,ok,cuda-sumcheck-prime-field-montgomery-element-layout-specialized-points,3.1359,2.824,0,0,0,2.824,ok,true,8527248594540,8527248594540,4.491501,,results/tmp_full_zk_r14_28/zk_witness_id_point_1_bw64_r16.log
zk_witness_id_point_1,q_point*x*y*y - q_point*x*x*x*x - 5*q_point*x,prime-field-montgomery,element,specialized,p64_goldilocks,64,2,0xffffffff00000001,18,262144,3,5,3,2,10,whole-run,fixed,triton-sumcheck-prime-field-montgomery-element-layout-specialized-points,58.710,16.178,0.000,0.000000,0.000,16.178,ok,cuda-sumcheck-prime-field-montgomery-element-layout-specialized-points,3.80877,3.51088,0,0,0,3.51088,ok,true,9123523377228,9123523377228,4.607962,,results/tmp_full_zk_r14_28/zk_witness_id_point_1_bw64_r18.log
zk_witness_id_point_1,q_point*x*y*y - q_point*x*x*x*x - 5*q_point*x,prime-field-montgomery,element,specialized,p64_goldilocks,64,2,0xffffffff00000001,20,1048576,3,5,3,2,10,whole-run,fixed,triton-sumcheck-prime-field-montgomery-element-layout-specialized-points,63.458,20.044,0.000,0.000000,0.000,20.044,ok,cuda-sumcheck-prime-field-montgomery-element-layout-specialized-points,4.58349,4.30285,0,0,0,4.30285,ok,true,9860885170318,9860885170318,4.658308,,results/tmp_full_zk_r14_28/zk_witness_id_point_1_bw64_r20.log
zk_witness_id_point_1,q_point*x*y*y - q_point*x*x*x*x - 5*q_point*x,prime-field-montgomery,element,specialized,p64_goldilocks,64,2,0xffffffff00000001,22,4194304,3,5,3,2,10,whole-run,fixed,triton-sumcheck-prime-field-montgomery-element-layout-specialized-points,68.646,25.015,0.000,0.000000,0.000,25.015,ok,cuda-sumcheck-prime-field-montgomery-element-layout-specialized-points,6.2575,6.01866,0,0,0,6.01866,ok,true,11166434880107,11166434880107,4.156241,,results/tmp_full_zk_r14_28/zk_witness_id_point_1_bw64_r22.log
zk_witness_id_point_1,q_point*x*y*y - q_point*x*x*x*x - 5*q_point*x,prime-field-montgomery,element,specialized,p64_goldilocks,64,2,0xffffffff00000001,24,16777216,3,5,3,2,10,whole-run,fixed,triton-sumcheck-prime-field-montgomery-element-layout-specialized-points,78.998,36.990,0.000,0.000000,0.000,36.990,ok,cuda-sumcheck-prime-field-montgomery-element-layout-specialized-points,10.8745,10.6369,0,0,0,10.6369,ok,true,11895734284772,11895734284772,3.477517,,results/tmp_full_zk_r14_28/zk_witness_id_point_1_bw64_r24.log
zk_witness_id_point_1,q_point*x*y*y - q_point*x*x*x*x - 5*q_point*x,prime-field-montgomery,element,specialized,p64_goldilocks,64,2,0xffffffff00000001,26,67108864,3,5,3,2,10,whole-run,fixed,triton-sumcheck-prime-field-montgomery-element-layout-specialized-points,111.863,70.995,0.000,0.000000,0.000,70.995,ok,cuda-sumcheck-prime-field-montgomery-element-layout-specialized-points,26.658,26.4522,0,0,0,26.4522,ok,true,12463196017714,12463196017714,2.683898,,results/tmp_full_zk_r14_28/zk_witness_id_point_1_bw64_r26.log
zk_witness_id_point_1,q_point*x*y*y - q_point*x*x*x*x - 5*q_point*x,prime-field-montgomery,element,specialized,p64_goldilocks,64,2,0xffffffff00000001,28,268435456,3,5,3,2,10,whole-run,fixed,triton-sumcheck-prime-field-montgomery-element-layout-specialized-points,271.629,211.637,0.000,0.000000,0.000,211.637,ok,cuda-sumcheck-prime-field-montgomery-element-layout-specialized-points,87.9737,88.6256,0,0,0,88.6256,ok,true,14310738931021,14310738931021,2.387989,,results/tmp_full_zk_r14_28/zk_witness_id_point_1_bw64_r28.log
zk_witness_id_point_1,q_point*x*y*y - q_point*x*x*x*x - 5*q_point*x,prime-field-montgomery,element,specialized,p128_mersenne_2^127_minus_1,128,4,0x7fffffffffffffffffffffffffffffff,14,16384,3,5,3,2,10,whole-run,fixed,triton-sumcheck-prime-field-montgomery-element-layout-specialized-points,107464.557,9.962,0.000,0.000000,0.000,9.962,ok,cuda-sumcheck-prime-field-montgomery-element-layout-specialized-points,2.83382,2.32509,0,0,0,2.32509,ok,true,17839246345141,17839246345141,4.284565,,results/tmp_full_zk_r14_28/zk_witness_id_point_1_bw128_r14.log
zk_witness_id_point_1,q_point*x*y*y - q_point*x*x*x*x - 5*q_point*x,prime-field-montgomery,element,specialized,p128_mersenne_2^127_minus_1,128,4,0x7fffffffffffffffffffffffffffffff,16,65536,3,5,3,2,10,whole-run,fixed,triton-sumcheck-prime-field-montgomery-element-layout-specialized-points,60.319,12.611,0.000,0.000000,0.000,12.611,ok,cuda-sumcheck-prime-field-montgomery-element-layout-specialized-points,3.45309,2.9471,0,0,0,2.9471,ok,true,20303122931416,20303122931416,4.279122,,results/tmp_full_zk_r14_28/zk_witness_id_point_1_bw128_r16.log
zk_witness_id_point_1,q_point*x*y*y - q_point*x*x*x*x - 5*q_point*x,prime-field-montgomery,element,specialized,p128_mersenne_2^127_minus_1,128,4,0x7fffffffffffffffffffffffffffffff,18,262144,3,5,3,2,10,whole-run,fixed,triton-sumcheck-prime-field-montgomery-element-layout-specialized-points,64.873,16.360,0.000,0.000000,0.000,16.360,ok,cuda-sumcheck-prime-field-montgomery-element-layout-specialized-points,4.27459,3.83501,0,0,0,3.83501,ok,true,24077474631041,24077474631041,4.265960,,results/tmp_full_zk_r14_28/zk_witness_id_point_1_bw128_r18.log
zk_witness_id_point_1,q_point*x*y*y - q_point*x*x*x*x - 5*q_point*x,prime-field-montgomery,element,specialized,p128_mersenne_2^127_minus_1,128,4,0x7fffffffffffffffffffffffffffffff,20,1048576,3,5,3,2,10,whole-run,fixed,triton-sumcheck-prime-field-montgomery-element-layout-specialized-points,68.488,20.719,0.000,0.000000,0.000,20.719,ok,cuda-sumcheck-prime-field-montgomery-element-layout-specialized-points,5.38842,4.96474,0,0,0,4.96474,ok,true,27727245744861,27727245744861,4.173230,,results/tmp_full_zk_r14_28/zk_witness_id_point_1_bw128_r20.log
zk_witness_id_point_1,q_point*x*y*y - q_point*x*x*x*x - 5*q_point*x,prime-field-montgomery,element,specialized,p128_mersenne_2^127_minus_1,128,4,0x7fffffffffffffffffffffffffffffff,22,4194304,3,5,3,2,10,whole-run,fixed,triton-sumcheck-prime-field-montgomery-element-layout-specialized-points,73.082,26.161,0.000,0.000000,0.000,26.161,ok,cuda-sumcheck-prime-field-montgomery-element-layout-specialized-points,8.57302,8.06275,0,0,0,8.06275,ok,true,29435074950450,29435074950450,3.244675,,results/tmp_full_zk_r14_28/zk_witness_id_point_1_bw128_r22.log
zk_witness_id_point_1,q_point*x*y*y - q_point*x*x*x*x - 5*q_point*x,prime-field-montgomery,element,specialized,p128_mersenne_2^127_minus_1,128,4,0x7fffffffffffffffffffffffffffffff,24,16777216,3,5,3,2,10,whole-run,fixed,triton-sumcheck-prime-field-montgomery-element-layout-specialized-points,93.872,44.264,0.000,0.000000,0.000,44.264,ok,cuda-sumcheck-prime-field-montgomery-element-layout-specialized-points,18.6657,18.2219,0,0,0,18.2219,ok,true,31367254987445,31367254987445,2.429165,,results/tmp_full_zk_r14_28/zk_witness_id_point_1_bw128_r24.log
zk_witness_id_point_1,q_point*x*y*y - q_point*x*x*x*x - 5*q_point*x,prime-field-montgomery,element,specialized,p128_mersenne_2^127_minus_1,128,4,0x7fffffffffffffffffffffffffffffff,26,67108864,3,5,3,2,10,whole-run,fixed,triton-sumcheck-prime-field-montgomery-element-layout-specialized-points,175.130,111.685,0.000,0.000000,0.000,111.685,ok,cuda-sumcheck-prime-field-montgomery-element-layout-specialized-points,57.1372,56.2597,0,0,0,56.2597,ok,true,35332055469672,35332055469672,1.985169,,results/tmp_full_zk_r14_28/zk_witness_id_point_1_bw128_r26.log
zk_witness_id_point_1,q_point*x*y*y - q_point*x*x*x*x - 5*q_point*x,prime-field-montgomery,element,specialized,p128_mersenne_2^127_minus_1,128,4,0x7fffffffffffffffffffffffffffffff,28,268435456,3,5,3,2,10,whole-run,fixed,triton-sumcheck-prime-field-montgomery-element-layout-specialized-points,435.810,380.768,0.000,0.000000,0.000,380.768,ok,cuda-sumcheck-prime-field-montgomery-element-layout-specialized-points,206.796,205.84,0,0,0,205.84,ok,true,36449267293634,36449267293634,1.849825,,results/tmp_full_zk_r14_28/zk_witness_id_point_1_bw128_r28.log
zk_witness_id_point_1,q_point*x*y*y - q_point*x*x*x*x - 5*q_point*x,prime-field-montgomery,element,specialized,p255_bls12_381_scalar,256,8,0x73eda753299d7d483339d80809a1d80553bda402fffe5bfeffffffff00000001,14,16384,3,5,3,2,10,whole-run,fixed,triton-sumcheck-prime-field-montgomery-element-layout-specialized-points,1683484.408,10.134,0.000,0.000000,0.000,10.134,ok,cuda-sumcheck-prime-field-montgomery-element-layout-specialized-points,4.55238,3.51014,0,0,0,3.51014,ok,true,76320948114541,76320948114541,2.887064,,results/tmp_full_zk_r14_28/zk_witness_id_point_1_bw256_r14.log
zk_witness_id_point_1,q_point*x*y*y - q_point*x*x*x*x - 5*q_point*x,prime-field-montgomery,element,specialized,p255_bls12_381_scalar,256,8,0x73eda753299d7d483339d80809a1d80553bda402fffe5bfeffffffff00000001,16,65536,3,5,3,2,10,whole-run,fixed,triton-sumcheck-prime-field-montgomery-element-layout-specialized-points,75.853,13.147,0.000,0.000000,0.000,13.147,ok,cuda-sumcheck-prime-field-montgomery-element-layout-specialized-points,5.20285,4.2912,0,0,0,4.2912,ok,true,84798169036776,84798169036776,3.063712,,results/tmp_full_zk_r14_28/zk_witness_id_point_1_bw256_r16.log
zk_witness_id_point_1,q_point*x*y*y - q_point*x*x*x*x - 5*q_point*x,prime-field-montgomery,element,specialized,p255_bls12_381_scalar,256,8,0x73eda753299d7d483339d80809a1d80553bda402fffe5bfeffffffff00000001,18,262144,3,5,3,2,10,whole-run,fixed,triton-sumcheck-prime-field-montgomery-element-layout-specialized-points,78.161,16.514,0.000,0.000000,0.000,16.514,ok,cuda-sumcheck-prime-field-montgomery-element-layout-specialized-points,7.03459,6.15338,0,0,0,6.15338,ok,true,95405386834303,95405386834303,2.683728,,results/tmp_full_zk_r14_28/zk_witness_id_point_1_bw256_r18.log
zk_witness_id_point_1,q_point*x*y*y - q_point*x*x*x*x - 5*q_point*x,prime-field-montgomery,element,specialized,p255_bls12_381_scalar,256,8,0x73eda753299d7d483339d80809a1d80553bda402fffe5bfeffffffff00000001,20,1048576,3,5,3,2,10,whole-run,fixed,triton-sumcheck-prime-field-montgomery-element-layout-specialized-points,82.180,21.465,0.000,0.000000,0.000,21.465,ok,cuda-sumcheck-prime-field-montgomery-element-layout-specialized-points,9.92662,8.98784,0,0,0,8.98784,ok,true,106131664884986,106131664884986,2.388227,,results/tmp_full_zk_r14_28/zk_witness_id_point_1_bw256_r20.log
zk_witness_id_point_1,q_point*x*y*y - q_point*x*x*x*x - 5*q_point*x,prime-field-montgomery,element,specialized,p255_bls12_381_scalar,256,8,0x73eda753299d7d483339d80809a1d80553bda402fffe5bfeffffffff00000001,22,4194304,3,5,3,2,10,whole-run,fixed,triton-sumcheck-prime-field-montgomery-element-layout-specialized-points,97.662,34.590,0.000,0.000000,0.000,34.590,ok,cuda-sumcheck-prime-field-montgomery-element-layout-specialized-points,20.6256,19.7723,0,0,0,19.7723,ok,true,111606466909236,111606466909236,1.749417,,results/tmp_full_zk_r14_28/zk_witness_id_point_1_bw256_r22.log
zk_witness_id_point_1,q_point*x*y*y - q_point*x*x*x*x - 5*q_point*x,prime-field-montgomery,element,specialized,p255_bls12_381_scalar,256,8,0x73eda753299d7d483339d80809a1d80553bda402fffe5bfeffffffff00000001,24,16777216,3,5,3,2,10,whole-run,fixed,triton-sumcheck-prime-field-montgomery-element-layout-specialized-points,148.794,82.683,0.000,0.000000,0.000,82.683,ok,cuda-sumcheck-prime-field-montgomery-element-layout-specialized-points,60.8245,59.8634,0,0,0,59.8634,ok,true,125589484436936,125589484436936,1.381195,,results/tmp_full_zk_r14_28/zk_witness_id_point_1_bw256_r24.log
zk_witness_id_point_1,q_point*x*y*y - q_point*x*x*x*x - 5*q_point*x,prime-field-montgomery,element,specialized,p255_bls12_381_scalar,256,8,0x73eda753299d7d483339d80809a1d80553bda402fffe5bfeffffffff00000001,26,67108864,3,5,3,2,10,whole-run,fixed,triton-sumcheck-prime-field-montgomery-element-layout-specialized-points,352.819,271.056,0.000,0.000000,0.000,271.056,ok,cuda-sumcheck-prime-field-montgomery-element-layout-specialized-points,218.886,217.889,0,0,0,217.889,ok,true,135086588786487,135086588786487,1.244010,,results/tmp_full_zk_r14_28/zk_witness_id_point_1_bw256_r26.log
zk_witness_id_point_1,q_point*x*y*y - q_point*x*x*x*x - 5*q_point*x,prime-field-montgomery,element,specialized,p255_bls12_381_scalar,256,8,0x73eda753299d7d483339d80809a1d80553bda402fffe5bfeffffffff00000001,28,268435456,3,5,3,2,10,whole-run,fixed,triton-sumcheck-prime-field-montgomery-element-layout-specialized-points,1084.965,1025.724,0.000,0.000000,0.000,1025.724,ok,cuda-sumcheck-prime-field-montgomery-element-layout-specialized-points,848.178,847.231,0,0,0,847.231,ok,true,150841935925343,150841935925343,1.210678,,results/tmp_full_zk_r14_28/zk_witness_id_point_1_bw256_r28.log
zk_witness_id_point_2,q_point*y*y*y - q_point*y*x*x*x - 5*q_point*y,prime-field-montgomery,element,specialized,p32_2^32_minus_5,32,1,0xfffffffb,14,16384,3,5,3,2,10,whole-run,fixed,triton-sumcheck-prime-field-montgomery-element-layout-specialized-points,4605.364,9.728,0.000,0.000000,0.000,9.728,ok,cuda-sumcheck-prime-field-montgomery-element-layout-specialized-points,2.46323,2.21702,0,0,0,2.21702,ok,true,2470311863240,2470311863240,4.387872,,results/tmp_full_zk_r14_28/zk_witness_id_point_2_bw32_r14.log
zk_witness_id_point_2,q_point*y*y*y - q_point*y*x*x*x - 5*q_point*y,prime-field-montgomery,element,specialized,p32_2^32_minus_5,32,1,0xfffffffb,16,65536,3,5,3,2,10,whole-run,fixed,triton-sumcheck-prime-field-montgomery-element-layout-specialized-points,53.803,12.563,0.000,0.000000,0.000,12.563,ok,cuda-sumcheck-prime-field-montgomery-element-layout-specialized-points,2.95917,2.7751,0,0,0,2.7751,ok,true,2494264718075,2494264718075,4.527044,,results/tmp_full_zk_r14_28/zk_witness_id_point_2_bw32_r16.log
zk_witness_id_point_2,q_point*y*y*y - q_point*y*x*x*x - 5*q_point*y,prime-field-montgomery,element,specialized,p32_2^32_minus_5,32,1,0xfffffffb,18,262144,3,5,3,2,10,whole-run,fixed,triton-sumcheck-prime-field-montgomery-element-layout-specialized-points,58.515,16.460,0.000,0.000000,0.000,16.460,ok,cuda-sumcheck-prime-field-montgomery-element-layout-specialized-points,3.41939,3.30288,0,0,0,3.30288,ok,true,2910125123126,2910125123126,4.983530,,results/tmp_full_zk_r14_28/zk_witness_id_point_2_bw32_r18.log
zk_witness_id_point_2,q_point*y*y*y - q_point*y*x*x*x - 5*q_point*y,prime-field-montgomery,element,specialized,p32_2^32_minus_5,32,1,0xfffffffb,20,1048576,3,5,3,2,10,whole-run,fixed,triton-sumcheck-prime-field-montgomery-element-layout-specialized-points,62.268,20.302,0.000,0.000000,0.000,20.302,ok,cuda-sumcheck-prime-field-montgomery-element-layout-specialized-points,4.63411,4.15376,0,0,0,4.15376,ok,true,3109515453980,3109515453980,4.887620,,results/tmp_full_zk_r14_28/zk_witness_id_point_2_bw32_r20.log
zk_witness_id_point_2,q_point*y*y*y - q_point*y*x*x*x - 5*q_point*y,prime-field-montgomery,element,specialized,p32_2^32_minus_5,32,1,0xfffffffb,22,4194304,3,5,3,2,10,whole-run,fixed,triton-sumcheck-prime-field-montgomery-element-layout-specialized-points,65.736,24.640,0.000,0.000000,0.000,24.640,ok,cuda-sumcheck-prime-field-montgomery-element-layout-specialized-points,5.51725,5.33734,0,0,0,5.33734,ok,true,3363912579781,3363912579781,4.616532,,results/tmp_full_zk_r14_28/zk_witness_id_point_2_bw32_r22.log
zk_witness_id_point_2,q_point*y*y*y - q_point*y*x*x*x - 5*q_point*y,prime-field-montgomery,element,specialized,p32_2^32_minus_5,32,1,0xfffffffb,24,16777216,3,5,3,2,10,whole-run,fixed,triton-sumcheck-prime-field-montgomery-element-layout-specialized-points,77.555,34.157,0.000,0.000000,0.000,34.157,ok,cuda-sumcheck-prime-field-montgomery-element-layout-specialized-points,7.5608,7.4232,0,0,0,7.4232,ok,true,3851959711782,3851959711782,4.601385,,results/tmp_full_zk_r14_28/zk_witness_id_point_2_bw32_r24.log
zk_witness_id_point_2,q_point*y*y*y - q_point*y*x*x*x - 5*q_point*y,prime-field-montgomery,element,specialized,p32_2^32_minus_5,32,1,0xfffffffb,26,67108864,3,5,3,2,10,whole-run,fixed,triton-sumcheck-prime-field-montgomery-element-layout-specialized-points,112.945,64.723,0.000,0.000000,0.000,64.723,ok,cuda-sumcheck-prime-field-montgomery-element-layout-specialized-points,14.1699,14.0339,0,0,0,14.0339,ok,true,4325586615376,4325586615376,4.611904,,results/tmp_full_zk_r14_28/zk_witness_id_point_2_bw32_r26.log
zk_witness_id_point_2,q_point*y*y*y - q_point*y*x*x*x - 5*q_point*y,prime-field-montgomery,element,specialized,p32_2^32_minus_5,32,1,0xfffffffb,28,268435456,3,5,3,2,10,whole-run,fixed,triton-sumcheck-prime-field-montgomery-element-layout-specialized-points,246.278,186.842,0.000,0.000000,0.000,186.842,ok,cuda-sumcheck-prime-field-montgomery-element-layout-specialized-points,40.0929,40.0872,0,0,0,40.0872,ok,true,4732508534104,4732508534104,4.660889,,results/tmp_full_zk_r14_28/zk_witness_id_point_2_bw32_r28.log
zk_witness_id_point_2,q_point*y*y*y - q_point*y*x*x*x - 5*q_point*y,prime-field-montgomery,element,specialized,p64_goldilocks,64,2,0xffffffff00000001,14,16384,3,5,3,2,10,whole-run,fixed,triton-sumcheck-prime-field-montgomery-element-layout-specialized-points,13651.232,9.794,0.000,0.000000,0.000,9.794,ok,cuda-sumcheck-prime-field-montgomery-element-layout-specialized-points,2.63072,2.28781,0,0,0,2.28781,ok,true,7281523154464,7281523154464,4.280950,,results/tmp_full_zk_r14_28/zk_witness_id_point_2_bw64_r14.log
zk_witness_id_point_2,q_point*y*y*y - q_point*y*x*x*x - 5*q_point*y,prime-field-montgomery,element,specialized,p64_goldilocks,64,2,0xffffffff00000001,16,65536,3,5,3,2,10,whole-run,fixed,triton-sumcheck-prime-field-montgomery-element-layout-specialized-points,56.304,12.613,0.000,0.000000,0.000,12.613,ok,cuda-sumcheck-prime-field-montgomery-element-layout-specialized-points,3.12944,2.81616,0,0,0,2.81616,ok,true,7318791787307,7318791787307,4.478794,,results/tmp_full_zk_r14_28/zk_witness_id_point_2_bw64_r16.log
zk_witness_id_point_2,q_point*y*y*y - q_point*y*x*x*x - 5*q_point*y,prime-field-montgomery,element,specialized,p64_goldilocks,64,2,0xffffffff00000001,18,262144,3,5,3,2,10,whole-run,fixed,triton-sumcheck-prime-field-montgomery-element-layout-specialized-points,60.754,16.748,0.000,0.000000,0.000,16.748,ok,cuda-sumcheck-prime-field-montgomery-element-layout-specialized-points,4.0793,3.54384,0,0,0,3.54384,ok,true,9324305661801,9324305661801,4.725947,,results/tmp_full_zk_r14_28/zk_witness_id_point_2_bw64_r18.log
zk_witness_id_point_2,q_point*y*y*y - q_point*y*x*x*x - 5*q_point*y,prime-field-montgomery,element,specialized,p64_goldilocks,64,2,0xffffffff00000001,20,1048576,3,5,3,2,10,whole-run,fixed,triton-sumcheck-prime-field-montgomery-element-layout-specialized-points,63.184,20.455,0.000,0.000000,0.000,20.455,ok,cuda-sumcheck-prime-field-montgomery-element-layout-specialized-points,4.87018,4.59885,0,0,0,4.59885,ok,true,9585981798042,9585981798042,4.447851,,results/tmp_full_zk_r14_28/zk_witness_id_point_2_bw64_r20.log
zk_witness_id_point_2,q_point*y*y*y - q_point*y*x*x*x - 5*q_point*y,prime-field-montgomery,element,specialized,p64_goldilocks,64,2,0xffffffff00000001,22,4194304,3,5,3,2,10,whole-run,fixed,triton-sumcheck-prime-field-montgomery-element-layout-specialized-points,68.760,25.245,0.000,0.000000,0.000,25.245,ok,cuda-sumcheck-prime-field-montgomery-element-layout-specialized-points,6.78922,6.53939,0,0,0,6.53939,ok,true,10931166736451,10931166736451,3.860452,,results/tmp_full_zk_r14_28/zk_witness_id_point_2_bw64_r22.log
zk_witness_id_point_2,q_point*y*y*y - q_point*y*x*x*x - 5*q_point*y,prime-field-montgomery,element,specialized,p64_goldilocks,64,2,0xffffffff00000001,24,16777216,3,5,3,2,10,whole-run,fixed,triton-sumcheck-prime-field-montgomery-element-layout-specialized-points,80.299,36.627,0.000,0.000000,0.000,36.627,ok,cuda-sumcheck-prime-field-montgomery-element-layout-specialized-points,10.8155,10.5391,0,0,0,10.5391,ok,true,11294584566590,11294584566590,3.475344,,results/tmp_full_zk_r14_28/zk_witness_id_point_2_bw64_r24.log
zk_witness_id_point_2,q_point*y*y*y - q_point*y*x*x*x - 5*q_point*y,prime-field-montgomery,element,specialized,p64_goldilocks,64,2,0xffffffff00000001,26,67108864,3,5,3,2,10,whole-run,fixed,triton-sumcheck-prime-field-montgomery-element-layout-specialized-points,120.711,70.911,0.000,0.000000,0.000,70.911,ok,cuda-sumcheck-prime-field-montgomery-element-layout-specialized-points,26.673,26.3254,0,0,0,26.3254,ok,true,12869311158938,12869311158938,2.693634,,results/tmp_full_zk_r14_28/zk_witness_id_point_2_bw64_r26.log
zk_witness_id_point_2,q_point*y*y*y - q_point*y*x*x*x - 5*q_point*y,prime-field-montgomery,element,specialized,p64_goldilocks,64,2,0xffffffff00000001,28,268435456,3,5,3,2,10,whole-run,fixed,triton-sumcheck-prime-field-montgomery-element-layout-specialized-points,274.128,212.171,0.000,0.000000,0.000,212.171,ok,cuda-sumcheck-prime-field-montgomery-element-layout-specialized-points,87.8515,88.745,0,0,0,88.745,ok,true,14269556335697,14269556335697,2.390794,,results/tmp_full_zk_r14_28/zk_witness_id_point_2_bw64_r28.log
zk_witness_id_point_2,q_point*y*y*y - q_point*y*x*x*x - 5*q_point*y,prime-field-montgomery,element,specialized,p128_mersenne_2^127_minus_1,128,4,0x7fffffffffffffffffffffffffffffff,14,16384,3,5,3,2,10,whole-run,fixed,triton-sumcheck-prime-field-montgomery-element-layout-specialized-points,109454.884,9.684,0.000,0.000000,0.000,9.684,ok,cuda-sumcheck-prime-field-montgomery-element-layout-specialized-points,2.84832,2.32176,0,0,0,2.32176,ok,true,19205521511306,19205521511306,4.170974,,results/tmp_full_zk_r14_28/zk_witness_id_point_2_bw128_r14.log
zk_witness_id_point_2,q_point*y*y*y - q_point*y*x*x*x - 5*q_point*y,prime-field-montgomery,element,specialized,p128_mersenne_2^127_minus_1,128,4,0x7fffffffffffffffffffffffffffffff,16,65536,3,5,3,2,10,whole-run,fixed,triton-sumcheck-prime-field-montgomery-element-layout-specialized-points,61.585,13.339,0.000,0.000000,0.000,13.339,ok,cuda-sumcheck-prime-field-montgomery-element-layout-specialized-points,3.72096,3.24115,0,0,0,3.24115,ok,true,21995430715284,21995430715284,4.115515,,results/tmp_full_zk_r14_28/zk_witness_id_point_2_bw128_r16.log
zk_witness_id_point_2,q_point*y*y*y - q_point*y*x*x*x - 5*q_point*y,prime-field-montgomery,element,specialized,p128_mersenne_2^127_minus_1,128,4,0x7fffffffffffffffffffffffffffffff,18,262144,3,5,3,2,10,whole-run,fixed,triton-sumcheck-prime-field-montgomery-element-layout-specialized-points,64.221,16.249,0.000,0.000000,0.000,16.249,ok,cuda-sumcheck-prime-field-montgomery-element-layout-specialized-points,4.17878,3.74224,0,0,0,3.74224,ok,true,23670602815678,23670602815678,4.342052,,results/tmp_full_zk_r14_28/zk_witness_id_point_2_bw128_r18.log
zk_witness_id_point_2,q_point*y*y*y - q_point*y*x*x*x - 5*q_point*y,prime-field-montgomery,element,specialized,p128_mersenne_2^127_minus_1,128,4,0x7fffffffffffffffffffffffffffffff,20,1048576,3,5,3,2,10,whole-run,fixed,triton-sumcheck-prime-field-montgomery-element-layout-specialized-points,68.394,20.817,0.000,0.000000,0.000,20.817,ok,cuda-sumcheck-prime-field-montgomery-element-layout-specialized-points,5.41936,4.94739,0,0,0,4.94739,ok,true,27532783452863,27532783452863,4.207673,,results/tmp_full_zk_r14_28/zk_witness_id_point_2_bw128_r20.log
zk_witness_id_point_2,q_point*y*y*y - q_point*y*x*x*x - 5*q_point*y,prime-field-montgomery,element,specialized,p128_mersenne_2^127_minus_1,128,4,0x7fffffffffffffffffffffffffffffff,22,4194304,3,5,3,2,10,whole-run,fixed,triton-sumcheck-prime-field-montgomery-element-layout-specialized-points,74.090,27.015,0.000,0.000000,0.000,27.015,ok,cuda-sumcheck-prime-field-montgomery-element-layout-specialized-points,9.52566,9.09498,0,0,0,9.09498,ok,true,29838181579544,29838181579544,2.970320,,results/tmp_full_zk_r14_28/zk_witness_id_point_2_bw128_r22.log
zk_witness_id_point_2,q_point*y*y*y - q_point*y*x*x*x - 5*q_point*y,prime-field-montgomery,element,specialized,p128_mersenne_2^127_minus_1,128,4,0x7fffffffffffffffffffffffffffffff,24,16777216,3,5,3,2,10,whole-run,fixed,triton-sumcheck-prime-field-montgomery-element-layout-specialized-points,91.977,43.976,0.000,0.000000,0.000,43.976,ok,cuda-sumcheck-prime-field-montgomery-element-layout-specialized-points,18.6556,18.2106,0,0,0,18.2106,ok,true,31726170853377,31726170853377,2.414857,,results/tmp_full_zk_r14_28/zk_witness_id_point_2_bw128_r24.log
zk_witness_id_point_2,q_point*y*y*y - q_point*y*x*x*x - 5*q_point*y,prime-field-montgomery,element,specialized,p128_mersenne_2^127_minus_1,128,4,0x7fffffffffffffffffffffffffffffff,26,67108864,3,5,3,2,10,whole-run,fixed,triton-sumcheck-prime-field-montgomery-element-layout-specialized-points,160.208,111.701,0.000,0.000000,0.000,111.701,ok,cuda-sumcheck-prime-field-montgomery-element-layout-specialized-points,56.6316,56.2325,0,0,0,56.2325,ok,true,34027455793136,34027455793136,1.986414,,results/tmp_full_zk_r14_28/zk_witness_id_point_2_bw128_r26.log
zk_witness_id_point_2,q_point*y*y*y - q_point*y*x*x*x - 5*q_point*y,prime-field-montgomery,element,specialized,p128_mersenne_2^127_minus_1,128,4,0x7fffffffffffffffffffffffffffffff,28,268435456,3,5,3,2,10,whole-run,fixed,triton-sumcheck-prime-field-montgomery-element-layout-specialized-points,441.709,378.756,0.000,0.000000,0.000,378.756,ok,cuda-sumcheck-prime-field-montgomery-element-layout-specialized-points,207.074,206.102,0,0,0,206.102,ok,true,38940316726987,38940316726987,1.837711,,results/tmp_full_zk_r14_28/zk_witness_id_point_2_bw128_r28.log
zk_witness_id_point_2,q_point*y*y*y - q_point*y*x*x*x - 5*q_point*y,prime-field-montgomery,element,specialized,p255_bls12_381_scalar,256,8,0x73eda753299d7d483339d80809a1d80553bda402fffe5bfeffffffff00000001,14,16384,3,5,3,2,10,whole-run,fixed,triton-sumcheck-prime-field-montgomery-element-layout-specialized-points,1710314.291,10.640,0.000,0.000000,0.000,10.640,ok,cuda-sumcheck-prime-field-montgomery-element-layout-specialized-points,4.46902,3.48317,0,0,0,3.48317,ok,true,76571622313901,76571622313901,3.054689,,results/tmp_full_zk_r14_28/zk_witness_id_point_2_bw256_r14.log
zk_witness_id_point_2,q_point*y*y*y - q_point*y*x*x*x - 5*q_point*y,prime-field-montgomery,element,specialized,p255_bls12_381_scalar,256,8,0x73eda753299d7d483339d80809a1d80553bda402fffe5bfeffffffff00000001,16,65536,3,5,3,2,10,whole-run,fixed,triton-sumcheck-prime-field-montgomery-element-layout-specialized-points,75.045,12.972,0.000,0.000000,0.000,12.972,ok,cuda-sumcheck-prime-field-montgomery-element-layout-specialized-points,5.21155,4.31926,0,0,0,4.31926,ok,true,84652737322023,84652737322023,3.003292,,results/tmp_full_zk_r14_28/zk_witness_id_point_2_bw256_r16.log
zk_witness_id_point_2,q_point*y*y*y - q_point*y*x*x*x - 5*q_point*y,prime-field-montgomery,element,specialized,p255_bls12_381_scalar,256,8,0x73eda753299d7d483339d80809a1d80553bda402fffe5bfeffffffff00000001,18,262144,3,5,3,2,10,whole-run,fixed,triton-sumcheck-prime-field-montgomery-element-layout-specialized-points,78.572,16.577,0.000,0.000000,0.000,16.577,ok,cuda-sumcheck-prime-field-montgomery-element-layout-specialized-points,7.02877,6.15488,0,0,0,6.15488,ok,true,94372017204582,94372017204582,2.693310,,results/tmp_full_zk_r14_28/zk_witness_id_point_2_bw256_r18.log
zk_witness_id_point_2,q_point*y*y*y - q_point*y*x*x*x - 5*q_point*y,prime-field-montgomery,element,specialized,p255_bls12_381_scalar,256,8,0x73eda753299d7d483339d80809a1d80553bda402fffe5bfeffffffff00000001,20,1048576,3,5,3,2,10,whole-run,fixed,triton-sumcheck-prime-field-montgomery-element-layout-specialized-points,83.464,21.476,0.000,0.000000,0.000,21.476,ok,cuda-sumcheck-prime-field-montgomery-element-layout-specialized-points,9.96726,9.05664,0,0,0,9.05664,ok,true,107171530653798,107171530653798,2.371299,,results/tmp_full_zk_r14_28/zk_witness_id_point_2_bw256_r20.log
zk_witness_id_point_2,q_point*y*y*y - q_point*y*x*x*x - 5*q_point*y,prime-field-montgomery,element,specialized,p255_bls12_381_scalar,256,8,0x73eda753299d7d483339d80809a1d80553bda402fffe5bfeffffffff00000001,22,4194304,3,5,3,2,10,whole-run,fixed,triton-sumcheck-prime-field-montgomery-element-layout-specialized-points,95.338,36.048,0.000,0.000000,0.000,36.048,ok,cuda-sumcheck-prime-field-montgomery-element-layout-specialized-points,20.7303,19.837,0,0,0,19.837,ok,true,113398594155769,113398594155769,1.817210,,results/tmp_full_zk_r14_28/zk_witness_id_point_2_bw256_r22.log
zk_witness_id_point_2,q_point*y*y*y - q_point*y*x*x*x - 5*q_point*y,prime-field-montgomery,element,specialized,p255_bls12_381_scalar,256,8,0x73eda753299d7d483339d80809a1d80553bda402fffe5bfeffffffff00000001,24,16777216,3,5,3,2,10,whole-run,fixed,triton-sumcheck-prime-field-montgomery-element-layout-specialized-points,147.149,82.061,0.000,0.000000,0.000,82.061,ok,cuda-sumcheck-prime-field-montgomery-element-layout-specialized-points,61.0538,60.1039,0,0,0,60.1039,ok,true,127868686581545,127868686581545,1.365319,,results/tmp_full_zk_r14_28/zk_witness_id_point_2_bw256_r24.log
zk_witness_id_point_2,q_point*y*y*y - q_point*y*x*x*x - 5*q_point*y,prime-field-montgomery,element,specialized,p255_bls12_381_scalar,256,8,0x73eda753299d7d483339d80809a1d80553bda402fffe5bfeffffffff00000001,26,67108864,3,5,3,2,10,whole-run,fixed,triton-sumcheck-prime-field-montgomery-element-layout-specialized-points,351.091,270.923,0.000,0.000000,0.000,270.923,ok,cuda-sumcheck-prime-field-montgomery-element-layout-specialized-points,219.649,218.745,0,0,0,218.745,ok,true,136468816260101,136468816260101,1.238533,,results/tmp_full_zk_r14_28/zk_witness_id_point_2_bw256_r26.log
zk_witness_id_point_2,q_point*y*y*y - q_point*y*x*x*x - 5*q_point*y,prime-field-montgomery,element,specialized,p255_bls12_381_scalar,256,8,0x73eda753299d7d483339d80809a1d80553bda402fffe5bfeffffffff00000001,28,268435456,3,5,3,2,10,whole-run,fixed,triton-sumcheck-prime-field-montgomery-element-layout-specialized-points,1087.009,1024.758,0.000,0.000000,0.000,1024.758,ok,cuda-sumcheck-prime-field-montgomery-element-layout-specialized-points,850.183,851.356,0,0,0,851.356,ok,true,144794623553359,144794623553359,1.203677,,results/tmp_full_zk_r14_28/zk_witness_id_point_2_bw256_r28.log
zk_incomplete_add_1,q_add-incomplete*x_r*x_p*x_p - 2*q_add-incomplete*x_r*x_p*x_q + q_add-incomplete*x_r*x_q*x_q + q_add-incomplete*x_q*x_p*x_p - 2*q_add-incomplete*x_q*x_q*x_p + q_add-incomplete*x_q*x_q*x_q + q_add-incomplete*x_p*x_p*x_p - 2*q_add-incomplete*x_p*x_p*x_q + q_add-incomplete*x_p*x_q*x_q - q_add-incomplete*y_p*y_p + 2*q_add-incomplete*y_p*y_q - q_add-incomplete*y_q*y_q,prime-field-montgomery,element,specialized,p32_2^32_minus_5,32,1,0xfffffffb,14,16384,6,4,12,2,10,whole-run,fixed,triton-sumcheck-prime-field-montgomery-element-layout-specialized-points,8235.932,8.225,0.000,0.000000,0.000,8.225,ok,cuda-sumcheck-prime-field-montgomery-element-layout-specialized-points,2.17472,1.92998,0,0,0,1.92998,ok,true,1896994074690,1896994074690,4.261702,,results/tmp_full_zk_r14_28/zk_incomplete_add_1_bw32_r14.log
zk_incomplete_add_1,q_add-incomplete*x_r*x_p*x_p - 2*q_add-incomplete*x_r*x_p*x_q + q_add-incomplete*x_r*x_q*x_q + q_add-incomplete*x_q*x_p*x_p - 2*q_add-incomplete*x_q*x_q*x_p + q_add-incomplete*x_q*x_q*x_q + q_add-incomplete*x_p*x_p*x_p - 2*q_add-incomplete*x_p*x_p*x_q + q_add-incomplete*x_p*x_q*x_q - q_add-incomplete*y_p*y_p + 2*q_add-incomplete*y_p*y_q - q_add-incomplete*y_q*y_q,prime-field-montgomery,element,specialized,p32_2^32_minus_5,32,1,0xfffffffb,16,65536,6,4,12,2,10,whole-run,fixed,triton-sumcheck-prime-field-montgomery-element-layout-specialized-points,51.886,10.533,0.000,0.000000,0.000,10.533,ok,cuda-sumcheck-prime-field-montgomery-element-layout-specialized-points,2.60474,2.36038,0,0,0,2.36038,ok,true,2221325793128,2221325793128,4.462417,,results/tmp_full_zk_r14_28/zk_incomplete_add_1_bw32_r16.log
zk_incomplete_add_1,q_add-incomplete*x_r*x_p*x_p - 2*q_add-incomplete*x_r*x_p*x_q + q_add-incomplete*x_r*x_q*x_q + q_add-incomplete*x_q*x_p*x_p - 2*q_add-incomplete*x_q*x_q*x_p + q_add-incomplete*x_q*x_q*x_q + q_add-incomplete*x_p*x_p*x_p - 2*q_add-incomplete*x_p*x_p*x_q + q_add-incomplete*x_p*x_q*x_q - q_add-incomplete*y_p*y_p + 2*q_add-incomplete*y_p*y_q - q_add-incomplete*y_q*y_q,prime-field-montgomery,element,specialized,p32_2^32_minus_5,32,1,0xfffffffb,18,262144,6,4,12,2,10,whole-run,fixed,triton-sumcheck-prime-field-montgomery-element-layout-specialized-points,54.205,13.535,0.000,0.000000,0.000,13.535,ok,cuda-sumcheck-prime-field-montgomery-element-layout-specialized-points,3.14381,2.86,0,0,0,2.86,ok,true,2476990351030,2476990351030,4.732517,,results/tmp_full_zk_r14_28/zk_incomplete_add_1_bw32_r18.log
zk_incomplete_add_1,q_add-incomplete*x_r*x_p*x_p - 2*q_add-incomplete*x_r*x_p*x_q + q_add-incomplete*x_r*x_q*x_q + q_add-incomplete*x_q*x_p*x_p - 2*q_add-incomplete*x_q*x_q*x_p + q_add-incomplete*x_q*x_q*x_q + q_add-incomplete*x_p*x_p*x_p - 2*q_add-incomplete*x_p*x_p*x_q + q_add-incomplete*x_p*x_q*x_q - q_add-incomplete*y_p*y_p + 2*q_add-incomplete*y_p*y_q - q_add-incomplete*y_q*y_q,prime-field-montgomery,element,specialized,p32_2^32_minus_5,32,1,0xfffffffb,20,1048576,6,4,12,2,10,whole-run,fixed,triton-sumcheck-prime-field-montgomery-element-layout-specialized-points,58.292,16.964,0.000,0.000000,0.000,16.964,ok,cuda-sumcheck-prime-field-montgomery-element-layout-specialized-points,3.74192,3.55158,0,0,0,3.55158,ok,true,2813974012564,2813974012564,4.776466,,results/tmp_full_zk_r14_28/zk_incomplete_add_1_bw32_r20.log
zk_incomplete_add_1,q_add-incomplete*x_r*x_p*x_p - 2*q_add-incomplete*x_r*x_p*x_q + q_add-incomplete*x_r*x_q*x_q + q_add-incomplete*x_q*x_p*x_p - 2*q_add-incomplete*x_q*x_q*x_p + q_add-incomplete*x_q*x_q*x_q + q_add-incomplete*x_p*x_p*x_p - 2*q_add-incomplete*x_p*x_p*x_q + q_add-incomplete*x_p*x_q*x_q - q_add-incomplete*y_p*y_p + 2*q_add-incomplete*y_p*y_q - q_add-incomplete*y_q*y_q,prime-field-montgomery,element,specialized,p32_2^32_minus_5,32,1,0xfffffffb,22,4194304,6,4,12,2,10,whole-run,fixed,triton-sumcheck-prime-field-montgomery-element-layout-specialized-points,62.778,20.972,0.000,0.000000,0.000,20.972,ok,cuda-sumcheck-prime-field-montgomery-element-layout-specialized-points,5.07456,4.86298,0,0,0,4.86298,ok,true,3059165787704,3059165787704,4.312582,,results/tmp_full_zk_r14_28/zk_incomplete_add_1_bw32_r22.log
zk_incomplete_add_1,q_add-incomplete*x_r*x_p*x_p - 2*q_add-incomplete*x_r*x_p*x_q + q_add-incomplete*x_r*x_q*x_q + q_add-incomplete*x_q*x_p*x_p - 2*q_add-incomplete*x_q*x_q*x_p + q_add-incomplete*x_q*x_q*x_q + q_add-incomplete*x_p*x_p*x_p - 2*q_add-incomplete*x_p*x_p*x_q + q_add-incomplete*x_p*x_q*x_q - q_add-incomplete*y_p*y_p + 2*q_add-incomplete*y_p*y_q - q_add-incomplete*y_q*y_q,prime-field-montgomery,element,specialized,p32_2^32_minus_5,32,1,0xfffffffb,24,16777216,6,4,12,2,10,whole-run,fixed,triton-sumcheck-prime-field-montgomery-element-layout-specialized-points,71.555,30.660,0.000,0.000000,0.000,30.660,ok,cuda-sumcheck-prime-field-montgomery-element-layout-specialized-points,8.69862,8.51853,0,0,0,8.51853,ok,true,3221761232391,3221761232391,3.599213,,results/tmp_full_zk_r14_28/zk_incomplete_add_1_bw32_r24.log
zk_incomplete_add_1,q_add-incomplete*x_r*x_p*x_p - 2*q_add-incomplete*x_r*x_p*x_q + q_add-incomplete*x_r*x_q*x_q + q_add-incomplete*x_q*x_p*x_p - 2*q_add-incomplete*x_q*x_q*x_p + q_add-incomplete*x_q*x_q*x_q + q_add-incomplete*x_p*x_p*x_p - 2*q_add-incomplete*x_p*x_p*x_q + q_add-incomplete*x_p*x_q*x_q - q_add-incomplete*y_p*y_p + 2*q_add-incomplete*y_p*y_q - q_add-incomplete*y_q*y_q,prime-field-montgomery,element,specialized,p32_2^32_minus_5,32,1,0xfffffffb,26,67108864,6,4,12,2,10,whole-run,fixed,triton-sumcheck-prime-field-montgomery-element-layout-specialized-points,107.884,64.866,0.000,0.000000,0.000,64.866,ok,cuda-sumcheck-prime-field-montgomery-element-layout-specialized-points,21.2316,21.028,0,0,0,21.028,ok,true,3290215414590,3290215414590,3.084744,,results/tmp_full_zk_r14_28/zk_incomplete_add_1_bw32_r26.log
zk_incomplete_add_1,q_add-incomplete*x_r*x_p*x_p - 2*q_add-incomplete*x_r*x_p*x_q + q_add-incomplete*x_r*x_q*x_q + q_add-incomplete*x_q*x_p*x_p - 2*q_add-incomplete*x_q*x_q*x_p + q_add-incomplete*x_q*x_q*x_q + q_add-incomplete*x_p*x_p*x_p - 2*q_add-incomplete*x_p*x_p*x_q + q_add-incomplete*x_p*x_q*x_q - q_add-incomplete*y_p*y_p + 2*q_add-incomplete*y_p*y_q - q_add-incomplete*y_q*y_q,prime-field-montgomery,element,specialized,p32_2^32_minus_5,32,1,0xfffffffb,28,268435456,6,4,12,2,10,whole-run,fixed,triton-sumcheck-prime-field-montgomery-element-layout-specialized-points,275.529,199.009,0.000,0.000000,0.000,199.009,ok,cuda-sumcheck-prime-field-montgomery-element-layout-specialized-points,70.2841,71.0964,0,0,0,71.0964,ok,true,3778236726095,3778236726095,2.799143,,results/tmp_full_zk_r14_28/zk_incomplete_add_1_bw32_r28.log
zk_incomplete_add_1,q_add-incomplete*x_r*x_p*x_p - 2*q_add-incomplete*x_r*x_p*x_q + q_add-incomplete*x_r*x_q*x_q + q_add-incomplete*x_q*x_p*x_p - 2*q_add-incomplete*x_q*x_q*x_p + q_add-incomplete*x_q*x_q*x_q + q_add-incomplete*x_p*x_p*x_p - 2*q_add-incomplete*x_p*x_p*x_q + q_add-incomplete*x_p*x_q*x_q - q_add-incomplete*y_p*y_p + 2*q_add-incomplete*y_p*y_q - q_add-incomplete*y_q*y_q,prime-field-montgomery,element,specialized,p64_goldilocks,64,2,0xffffffff00000001,14,16384,6,4,12,2,10,whole-run,fixed,triton-sumcheck-prime-field-montgomery-element-layout-specialized-points,53012.780,8.251,0.000,0.000000,0.000,8.251,ok,cuda-sumcheck-prime-field-montgomery-element-layout-specialized-points,2.34371,1.94618,0,0,0,1.94618,ok,true,5667479436684,5667479436684,4.239587,,results/tmp_full_zk_r14_28/zk_incomplete_add_1_bw64_r14.log
zk_incomplete_add_1,q_add-incomplete*x_r*x_p*x_p - 2*q_add-incomplete*x_r*x_p*x_q + q_add-incomplete*x_r*x_q*x_q + q_add-incomplete*x_q*x_p*x_p - 2*q_add-incomplete*x_q*x_q*x_p + q_add-incomplete*x_q*x_q*x_q + q_add-incomplete*x_p*x_p*x_p - 2*q_add-incomplete*x_p*x_p*x_q + q_add-incomplete*x_p*x_q*x_q - q_add-incomplete*y_p*y_p + 2*q_add-incomplete*y_p*y_q - q_add-incomplete*y_q*y_q,prime-field-montgomery,element,specialized,p64_goldilocks,64,2,0xffffffff00000001,16,65536,6,4,12,2,10,whole-run,fixed,triton-sumcheck-prime-field-montgomery-element-layout-specialized-points,56.232,10.861,0.000,0.000000,0.000,10.861,ok,cuda-sumcheck-prime-field-montgomery-element-layout-specialized-points,3.27818,2.87405,0,0,0,2.87405,ok,true,6328425073256,6328425073256,3.778988,,results/tmp_full_zk_r14_28/zk_incomplete_add_1_bw64_r16.log
zk_incomplete_add_1,q_add-incomplete*x_r*x_p*x_p - 2*q_add-incomplete*x_r*x_p*x_q + q_add-incomplete*x_r*x_q*x_q + q_add-incomplete*x_q*x_p*x_p - 2*q_add-incomplete*x_q*x_q*x_p + q_add-incomplete*x_q*x_q*x_q + q_add-incomplete*x_p*x_p*x_p - 2*q_add-incomplete*x_p*x_p*x_q + q_add-incomplete*x_p*x_q*x_q - q_add-incomplete*y_p*y_p + 2*q_add-incomplete*y_p*y_q - q_add-incomplete*y_q*y_q,prime-field-montgomery,element,specialized,p64_goldilocks,64,2,0xffffffff00000001,18,262144,6,4,12,2,10,whole-run,fixed,triton-sumcheck-prime-field-montgomery-element-layout-specialized-points,58.891,13.451,0.000,0.000000,0.000,13.451,ok,cuda-sumcheck-prime-field-montgomery-element-layout-specialized-points,3.69414,3.10573,0,0,0,3.10573,ok,true,8054475079482,8054475079482,4.331027,,results/tmp_full_zk_r14_28/zk_incomplete_add_1_bw64_r18.log
zk_incomplete_add_1,q_add-incomplete*x_r*x_p*x_p - 2*q_add-incomplete*x_r*x_p*x_q + q_add-incomplete*x_r*x_q*x_q + q_add-incomplete*x_q*x_p*x_p - 2*q_add-incomplete*x_q*x_q*x_p + q_add-incomplete*x_q*x_q*x_q + q_add-incomplete*x_p*x_p*x_p - 2*q_add-incomplete*x_p*x_p*x_q + q_add-incomplete*x_p*x_q*x_q - q_add-incomplete*y_p*y_p + 2*q_add-incomplete*y_p*y_q - q_add-incomplete*y_q*y_q,prime-field-montgomery,element,specialized,p64_goldilocks,64,2,0xffffffff00000001,20,1048576,6,4,12,2,10,whole-run,fixed,triton-sumcheck-prime-field-montgomery-element-layout-specialized-points,62.590,16.886,0.000,0.000000,0.000,16.886,ok,cuda-sumcheck-prime-field-montgomery-element-layout-specialized-points,5.2399,4.91411,0,0,0,4.91411,ok,true,8438506256349,8438506256349,3.436228,,results/tmp_full_zk_r14_28/zk_incomplete_add_1_bw64_r20.log
zk_incomplete_add_1,q_add-incomplete*x_r*x_p*x_p - 2*q_add-incomplete*x_r*x_p*x_q + q_add-incomplete*x_r*x_q*x_q + q_add-incomplete*x_q*x_p*x_p - 2*q_add-incomplete*x_q*x_q*x_p + q_add-incomplete*x_q*x_q*x_q + q_add-incomplete*x_p*x_p*x_p - 2*q_add-incomplete*x_p*x_p*x_q + q_add-incomplete*x_p*x_q*x_q - q_add-incomplete*y_p*y_p + 2*q_add-incomplete*y_p*y_q - q_add-incomplete*y_q*y_q,prime-field-montgomery,element,specialized,p64_goldilocks,64,2,0xffffffff00000001,22,4194304,6,4,12,2,10,whole-run,fixed,triton-sumcheck-prime-field-montgomery-element-layout-specialized-points,66.166,21.642,0.000,0.000000,0.000,21.642,ok,cuda-sumcheck-prime-field-montgomery-element-layout-specialized-points,7.596,7.27811,0,0,0,7.27811,ok,true,8449328286581,8449328286581,2.973574,,results/tmp_full_zk_r14_28/zk_incomplete_add_1_bw64_r22.log
zk_incomplete_add_1,q_add-incomplete*x_r*x_p*x_p - 2*q_add-incomplete*x_r*x_p*x_q + q_add-incomplete*x_r*x_q*x_q + q_add-incomplete*x_q*x_p*x_p - 2*q_add-incomplete*x_q*x_q*x_p + q_add-incomplete*x_q*x_q*x_q + q_add-incomplete*x_p*x_p*x_p - 2*q_add-incomplete*x_p*x_p*x_q + q_add-incomplete*x_p*x_q*x_q - q_add-incomplete*y_p*y_p + 2*q_add-incomplete*y_p*y_q - q_add-incomplete*y_q*y_q,prime-field-montgomery,element,specialized,p64_goldilocks,64,2,0xffffffff00000001,24,16777216,6,4,12,2,10,whole-run,fixed,triton-sumcheck-prime-field-montgomery-element-layout-specialized-points,81.978,37.550,0.000,0.000000,0.000,37.550,ok,cuda-sumcheck-prime-field-montgomery-element-layout-specialized-points,17.785,17.4312,0,0,0,17.4312,ok,true,10199697462175,10199697462175,2.154183,,results/tmp_full_zk_r14_28/zk_incomplete_add_1_bw64_r24.log
zk_incomplete_add_1,q_add-incomplete*x_r*x_p*x_p - 2*q_add-incomplete*x_r*x_p*x_q + q_add-incomplete*x_r*x_q*x_q + q_add-incomplete*x_q*x_p*x_p - 2*q_add-incomplete*x_q*x_q*x_p + q_add-incomplete*x_q*x_q*x_q + q_add-incomplete*x_p*x_p*x_p - 2*q_add-incomplete*x_p*x_p*x_q + q_add-incomplete*x_p*x_q*x_q - q_add-incomplete*y_p*y_p + 2*q_add-incomplete*y_p*y_q - q_add-incomplete*y_q*y_q,prime-field-montgomery,element,specialized,p64_goldilocks,64,2,0xffffffff00000001,26,67108864,6,4,12,2,10,whole-run,fixed,triton-sumcheck-prime-field-montgomery-element-layout-specialized-points,148.025,90.343,0.000,0.000000,0.000,90.343,ok,cuda-sumcheck-prime-field-montgomery-element-layout-specialized-points,56.1836,55.8052,0,0,0,55.8052,ok,true,10348822210194,10348822210194,1.618899,,results/tmp_full_zk_r14_28/zk_incomplete_add_1_bw64_r26.log
zk_incomplete_add_1,q_add-incomplete*x_r*x_p*x_p - 2*q_add-incomplete*x_r*x_p*x_q + q_add-incomplete*x_r*x_q*x_q + q_add-incomplete*x_q*x_p*x_p - 2*q_add-incomplete*x_q*x_q*x_p + q_add-incomplete*x_q*x_q*x_q + q_add-incomplete*x_p*x_p*x_p - 2*q_add-incomplete*x_p*x_p*x_q + q_add-incomplete*x_p*x_q*x_q - q_add-incomplete*y_p*y_p + 2*q_add-incomplete*y_p*y_q - q_add-incomplete*y_q*y_q,prime-field-montgomery,element,specialized,p64_goldilocks,64,2,0xffffffff00000001,28,268435456,6,4,12,2,10,whole-run,fixed,triton-sumcheck-prime-field-montgomery-element-layout-specialized-points,365.559,305.232,0.000,0.000000,0.000,305.232,ok,cuda-sumcheck-prime-field-montgomery-element-layout-specialized-points,208.876,208.082,0,0,0,208.082,ok,true,11353339242479,11353339242479,1.466883,,results/tmp_full_zk_r14_28/zk_incomplete_add_1_bw64_r28.log
zk_incomplete_add_1,q_add-incomplete*x_r*x_p*x_p - 2*q_add-incomplete*x_r*x_p*x_q + q_add-incomplete*x_r*x_q*x_q + q_add-incomplete*x_q*x_p*x_p - 2*q_add-incomplete*x_q*x_q*x_p + q_add-incomplete*x_q*x_q*x_q + q_add-incomplete*x_p*x_p*x_p - 2*q_add-incomplete*x_p*x_p*x_q + q_add-incomplete*x_p*x_q*x_q - q_add-incomplete*y_p*y_p + 2*q_add-incomplete*y_p*y_q - q_add-incomplete*y_q*y_q,prime-field-montgomery,element,specialized,p128_mersenne_2^127_minus_1,128,4,0x7fffffffffffffffffffffffffffffff,14,16384,6,4,12,2,10,whole-run,fixed,triton-sumcheck-prime-field-montgomery-element-layout-specialized-points,602262.057,8.439,0.000,0.000000,0.000,8.439,ok,cuda-sumcheck-prime-field-montgomery-element-layout-specialized-points,4.0567,3.20794,0,0,0,3.20794,ok,true,8149799997898,8149799997898,2.630660,,results/tmp_full_zk_r14_28/zk_incomplete_add_1_bw128_r14.log
zk_incomplete_add_1,q_add-incomplete*x_r*x_p*x_p - 2*q_add-incomplete*x_r*x_p*x_q + q_add-incomplete*x_r*x_q*x_q + q_add-incomplete*x_q*x_p*x_p - 2*q_add-incomplete*x_q*x_q*x_p + q_add-incomplete*x_q*x_q*x_q + q_add-incomplete*x_p*x_p*x_p - 2*q_add-incomplete*x_p*x_p*x_q + q_add-incomplete*x_p*x_q*x_q - q_add-incomplete*y_p*y_p + 2*q_add-incomplete*y_p*y_q - q_add-incomplete*y_q*y_q,prime-field-montgomery,element,specialized,p128_mersenne_2^127_minus_1,128,4,0x7fffffffffffffffffffffffffffffff,16,65536,6,4,12,2,10,whole-run,fixed,triton-sumcheck-prime-field-montgomery-element-layout-specialized-points,65.285,10.660,0.000,0.000000,0.000,10.660,ok,cuda-sumcheck-prime-field-montgomery-element-layout-specialized-points,4.34742,3.51827,0,0,0,3.51827,ok,true,13317398050281,13317398050281,3.029898,,results/tmp_full_zk_r14_28/zk_incomplete_add_1_bw128_r16.log
zk_incomplete_add_1,q_add-incomplete*x_r*x_p*x_p - 2*q_add-incomplete*x_r*x_p*x_q + q_add-incomplete*x_r*x_q*x_q + q_add-incomplete*x_q*x_p*x_p - 2*q_add-incomplete*x_q*x_q*x_p + q_add-incomplete*x_q*x_q*x_q + q_add-incomplete*x_p*x_p*x_p - 2*q_add-incomplete*x_p*x_p*x_q + q_add-incomplete*x_p*x_q*x_q - q_add-incomplete*y_p*y_p + 2*q_add-incomplete*y_p*y_q - q_add-incomplete*y_q*y_q,prime-field-montgomery,element,specialized,p128_mersenne_2^127_minus_1,128,4,0x7fffffffffffffffffffffffffffffff,18,262144,6,4,12,2,10,whole-run,fixed,triton-sumcheck-prime-field-montgomery-element-layout-specialized-points,68.642,13.935,0.000,0.000000,0.000,13.935,ok,cuda-sumcheck-prime-field-montgomery-element-layout-specialized-points,5.91504,5.08464,0,0,0,5.08464,ok,true,14674396552608,14674396552608,2.740607,,results/tmp_full_zk_r14_28/zk_incomplete_add_1_bw128_r18.log
zk_incomplete_add_1,q_add-incomplete*x_r*x_p*x_p - 2*q_add-incomplete*x_r*x_p*x_q + q_add-incomplete*x_r*x_q*x_q + q_add-incomplete*x_q*x_p*x_p - 2*q_add-incomplete*x_q*x_q*x_p + q_add-incomplete*x_q*x_q*x_q + q_add-incomplete*x_p*x_p*x_p - 2*q_add-incomplete*x_p*x_p*x_q + q_add-incomplete*x_p*x_q*x_q - q_add-incomplete*y_p*y_p + 2*q_add-incomplete*y_p*y_q - q_add-incomplete*y_q*y_q,prime-field-montgomery,element,specialized,p128_mersenne_2^127_minus_1,128,4,0x7fffffffffffffffffffffffffffffff,20,1048576,6,4,12,2,10,whole-run,fixed,triton-sumcheck-prime-field-montgomery-element-layout-specialized-points,72.840,17.405,0.000,0.000000,0.000,17.405,ok,cuda-sumcheck-prime-field-montgomery-element-layout-specialized-points,7.97725,7.1583,0,0,0,7.1583,ok,true,17045383114643,17045383114643,2.431443,,results/tmp_full_zk_r14_28/zk_incomplete_add_1_bw128_r20.log
zk_incomplete_add_1,q_add-incomplete*x_r*x_p*x_p - 2*q_add-incomplete*x_r*x_p*x_q + q_add-incomplete*x_r*x_q*x_q + q_add-incomplete*x_q*x_p*x_p - 2*q_add-incomplete*x_q*x_q*x_p + q_add-incomplete*x_q*x_q*x_q + q_add-incomplete*x_p*x_p*x_p - 2*q_add-incomplete*x_p*x_p*x_q + q_add-incomplete*x_p*x_q*x_q - q_add-incomplete*y_p*y_p + 2*q_add-incomplete*y_p*y_q - q_add-incomplete*y_q*y_q,prime-field-montgomery,element,specialized,p128_mersenne_2^127_minus_1,128,4,0x7fffffffffffffffffffffffffffffff,22,4194304,6,4,12,2,10,whole-run,fixed,triton-sumcheck-prime-field-montgomery-element-layout-specialized-points,85.783,28.623,0.000,0.000000,0.000,28.623,ok,cuda-sumcheck-prime-field-montgomery-element-layout-specialized-points,16.2632,15.4625,0,0,0,15.4625,ok,true,18886491033657,18886491033657,1.851124,,results/tmp_full_zk_r14_28/zk_incomplete_add_1_bw128_r22.log
zk_incomplete_add_1,q_add-incomplete*x_r*x_p*x_p - 2*q_add-incomplete*x_r*x_p*x_q + q_add-incomplete*x_r*x_q*x_q + q_add-incomplete*x_q*x_p*x_p - 2*q_add-incomplete*x_q*x_q*x_p + q_add-incomplete*x_q*x_q*x_q + q_add-incomplete*x_p*x_p*x_p - 2*q_add-incomplete*x_p*x_p*x_q + q_add-incomplete*x_p*x_q*x_q - q_add-incomplete*y_p*y_p + 2*q_add-incomplete*y_p*y_q - q_add-incomplete*y_q*y_q,prime-field-montgomery,element,specialized,p128_mersenne_2^127_minus_1,128,4,0x7fffffffffffffffffffffffffffffff,24,16777216,6,4,12,2,10,whole-run,fixed,triton-sumcheck-prime-field-montgomery-element-layout-specialized-points,127.967,64.042,0.000,0.000000,0.000,64.042,ok,cuda-sumcheck-prime-field-montgomery-element-layout-specialized-points,47.4733,46.7356,0,0,0,46.7356,ok,true,22050954045640,22050954045640,1.370304,,results/tmp_full_zk_r14_28/zk_incomplete_add_1_bw128_r24.log
zk_incomplete_add_1,q_add-incomplete*x_r*x_p*x_p - 2*q_add-incomplete*x_r*x_p*x_q + q_add-incomplete*x_r*x_q*x_q + q_add-incomplete*x_q*x_p*x_p - 2*q_add-incomplete*x_q*x_q*x_p + q_add-incomplete*x_q*x_q*x_q + q_add-incomplete*x_p*x_p*x_p - 2*q_add-incomplete*x_p*x_p*x_q + q_add-incomplete*x_p*x_q*x_q - q_add-incomplete*y_p*y_p + 2*q_add-incomplete*y_p*y_q - q_add-incomplete*y_q*y_q,prime-field-montgomery,element,specialized,p128_mersenne_2^127_minus_1,128,4,0x7fffffffffffffffffffffffffffffff,26,67108864,6,4,12,2,10,whole-run,fixed,triton-sumcheck-prime-field-montgomery-element-layout-specialized-points,263.704,207.362,0.000,0.000000,0.000,207.362,ok,cuda-sumcheck-prime-field-montgomery-element-layout-specialized-points,170.043,169.188,0,0,0,169.188,ok,true,25287288062881,25287288062881,1.225631,,results/tmp_full_zk_r14_28/zk_incomplete_add_1_bw128_r26.log
zk_incomplete_add_1,q_add-incomplete*x_r*x_p*x_p - 2*q_add-incomplete*x_r*x_p*x_q + q_add-incomplete*x_r*x_q*x_q + q_add-incomplete*x_q*x_p*x_p - 2*q_add-incomplete*x_q*x_q*x_p + q_add-incomplete*x_q*x_q*x_q + q_add-incomplete*x_p*x_p*x_p - 2*q_add-incomplete*x_p*x_p*x_q + q_add-incomplete*x_p*x_q*x_q - q_add-incomplete*y_p*y_p + 2*q_add-incomplete*y_p*y_q - q_add-incomplete*y_q*y_q,prime-field-montgomery,element,specialized,p128_mersenne_2^127_minus_1,128,4,0x7fffffffffffffffffffffffffffffff,28,268435456,6,4,12,2,10,whole-run,fixed,triton-sumcheck-prime-field-montgomery-element-layout-specialized-points,831.999,776.219,0.000,0.000000,0.000,776.219,ok,cuda-sumcheck-prime-field-montgomery-element-layout-specialized-points,658.291,657.064,0,0,0,657.064,ok,true,28204105143136,28204105143136,1.181345,,results/tmp_full_zk_r14_28/zk_incomplete_add_1_bw128_r28.log
zk_incomplete_add_1,q_add-incomplete*x_r*x_p*x_p - 2*q_add-incomplete*x_r*x_p*x_q + q_add-incomplete*x_r*x_q*x_q + q_add-incomplete*x_q*x_p*x_p - 2*q_add-incomplete*x_q*x_q*x_p + q_add-incomplete*x_q*x_q*x_q + q_add-incomplete*x_p*x_p*x_p - 2*q_add-incomplete*x_p*x_p*x_q + q_add-incomplete*x_p*x_q*x_q - q_add-incomplete*y_p*y_p + 2*q_add-incomplete*y_p*y_q - q_add-incomplete*y_q*y_q,prime-field-montgomery,element,specialized,p255_bls12_381_scalar,256,8,0x73eda753299d7d483339d80809a1d80553bda402fffe5bfeffffffff00000001,14,16384,6,4,12,2,10,whole-run,fixed,triton-sumcheck-prime-field-montgomery-element-layout-specialized-points,10327572.729,10.627,0.000,0.000000,0.000,10.627,ok,cuda-sumcheck-prime-field-montgomery-element-layout-specialized-points,9.54026,7.01037,0,0,0,7.01037,ok,true,60598591232764,60598591232764,1.515897,,results/tmp_full_zk_r14_28/zk_incomplete_add_1_bw256_r14.log
zk_incomplete_add_1,q_add-incomplete*x_r*x_p*x_p - 2*q_add-incomplete*x_r*x_p*x_q + q_add-incomplete*x_r*x_q*x_q + q_add-incomplete*x_q*x_p*x_p - 2*q_add-incomplete*x_q*x_q*x_p + q_add-incomplete*x_q*x_q*x_q + q_add-incomplete*x_p*x_p*x_p - 2*q_add-incomplete*x_p*x_p*x_q + q_add-incomplete*x_p*x_q*x_q - q_add-incomplete*y_p*y_p + 2*q_add-incomplete*y_p*y_q - q_add-incomplete*y_q*y_q,prime-field-montgomery,element,specialized,p255_bls12_381_scalar,256,8,0x73eda753299d7d483339d80809a1d80553bda402fffe5bfeffffffff00000001,16,65536,6,4,12,2,10,whole-run,fixed,triton-sumcheck-prime-field-montgomery-element-layout-specialized-points,106.369,12.734,0.000,0.000000,0.000,12.734,ok,cuda-sumcheck-prime-field-montgomery-element-layout-specialized-points,10.3518,7.94134,0,0,0,7.94134,ok,true,70569187516659,70569187516659,1.603508,,results/tmp_full_zk_r14_28/zk_incomplete_add_1_bw256_r16.log
zk_incomplete_add_1,q_add-incomplete*x_r*x_p*x_p - 2*q_add-incomplete*x_r*x_p*x_q + q_add-incomplete*x_r*x_q*x_q + q_add-incomplete*x_q*x_p*x_p - 2*q_add-incomplete*x_q*x_q*x_p + q_add-incomplete*x_q*x_q*x_q + q_add-incomplete*x_p*x_p*x_p - 2*q_add-incomplete*x_p*x_p*x_q + q_add-incomplete*x_p*x_q*x_q - q_add-incomplete*y_p*y_p + 2*q_add-incomplete*y_p*y_q - q_add-incomplete*y_q*y_q,prime-field-montgomery,element,specialized,p255_bls12_381_scalar,256,8,0x73eda753299d7d483339d80809a1d80553bda402fffe5bfeffffffff00000001,18,262144,6,4,12,2,10,whole-run,fixed,triton-sumcheck-prime-field-montgomery-element-layout-specialized-points,109.581,16.624,0.000,0.000000,0.000,16.624,ok,cuda-sumcheck-prime-field-montgomery-element-layout-specialized-points,13.8614,11.5249,0,0,0,11.5249,ok,true,78124433506951,78124433506951,1.442442,,results/tmp_full_zk_r14_28/zk_incomplete_add_1_bw256_r18.log
zk_incomplete_add_1,q_add-incomplete*x_r*x_p*x_p - 2*q_add-incomplete*x_r*x_p*x_q + q_add-incomplete*x_r*x_q*x_q + q_add-incomplete*x_q*x_p*x_p - 2*q_add-incomplete*x_q*x_q*x_p + q_add-incomplete*x_q*x_q*x_q + q_add-incomplete*x_p*x_p*x_p - 2*q_add-incomplete*x_p*x_p*x_q + q_add-incomplete*x_p*x_q*x_q - q_add-incomplete*y_p*y_p + 2*q_add-incomplete*y_p*y_q - q_add-incomplete*y_q*y_q,prime-field-montgomery,element,specialized,p255_bls12_381_scalar,256,8,0x73eda753299d7d483339d80809a1d80553bda402fffe5bfeffffffff00000001,20,1048576,6,4,12,2,10,whole-run,fixed,triton-sumcheck-prime-field-montgomery-element-layout-specialized-points,121.429,29.296,0.000,0.000000,0.000,29.296,ok,cuda-sumcheck-prime-field-montgomery-element-layout-specialized-points,23.3913,21.0485,0,0,0,21.0485,ok,true,86774623712127,86774623712127,1.391833,,results/tmp_full_zk_r14_28/zk_incomplete_add_1_bw256_r20.log
zk_incomplete_add_1,q_add-incomplete*x_r*x_p*x_p - 2*q_add-incomplete*x_r*x_p*x_q + q_add-incomplete*x_r*x_q*x_q + q_add-incomplete*x_q*x_p*x_p - 2*q_add-incomplete*x_q*x_q*x_p + q_add-incomplete*x_q*x_q*x_q + q_add-incomplete*x_p*x_p*x_p - 2*q_add-incomplete*x_p*x_p*x_q + q_add-incomplete*x_p*x_q*x_q - q_add-incomplete*y_p*y_p + 2*q_add-incomplete*y_p*y_q - q_add-incomplete*y_q*y_q,prime-field-montgomery,element,specialized,p255_bls12_381_scalar,256,8,0x73eda753299d7d483339d80809a1d80553bda402fffe5bfeffffffff00000001,22,4194304,6,4,12,2,10,whole-run,fixed,triton-sumcheck-prime-field-montgomery-element-layout-specialized-points,157.068,61.465,0.000,0.000000,0.000,61.465,ok,cuda-sumcheck-prime-field-montgomery-element-layout-specialized-points,57.4931,55.0862,0,0,0,55.0862,ok,true,99561833414940,99561833414940,1.115797,,results/tmp_full_zk_r14_28/zk_incomplete_add_1_bw256_r22.log
zk_incomplete_add_1,q_add-incomplete*x_r*x_p*x_p - 2*q_add-incomplete*x_r*x_p*x_q + q_add-incomplete*x_r*x_q*x_q + q_add-incomplete*x_q*x_p*x_p - 2*q_add-incomplete*x_q*x_q*x_p + q_add-incomplete*x_q*x_q*x_q + q_add-incomplete*x_p*x_p*x_p - 2*q_add-incomplete*x_p*x_p*x_q + q_add-incomplete*x_p*x_q*x_q - q_add-incomplete*y_p*y_p + 2*q_add-incomplete*y_p*y_q - q_add-incomplete*y_q*y_q,prime-field-montgomery,element,specialized,p255_bls12_381_scalar,256,8,0x73eda753299d7d483339d80809a1d80553bda402fffe5bfeffffffff00000001,24,16777216,6,4,12,2,10,whole-run,fixed,triton-sumcheck-prime-field-montgomery-element-layout-specialized-points,295.797,196.124,0.000,0.000000,0.000,196.124,ok,cuda-sumcheck-prime-field-montgomery-element-layout-specialized-points,188.847,186.53,0,0,0,186.53,ok,true,104637545035400,104637545035400,1.051434,,results/tmp_full_zk_r14_28/zk_incomplete_add_1_bw256_r24.log
zk_incomplete_add_1,q_add-incomplete*x_r*x_p*x_p - 2*q_add-incomplete*x_r*x_p*x_q + q_add-incomplete*x_r*x_q*x_q + q_add-incomplete*x_q*x_p*x_p - 2*q_add-incomplete*x_q*x_q*x_p + q_add-incomplete*x_q*x_q*x_q + q_add-incomplete*x_p*x_p*x_p - 2*q_add-incomplete*x_p*x_p*x_q + q_add-incomplete*x_p*x_q*x_q - q_add-incomplete*y_p*y_p + 2*q_add-incomplete*y_p*y_q - q_add-incomplete*y_q*y_q,prime-field-montgomery,element,specialized,p255_bls12_381_scalar,256,8,0x73eda753299d7d483339d80809a1d80553bda402fffe5bfeffffffff00000001,26,67108864,6,4,12,2,10,whole-run,fixed,triton-sumcheck-prime-field-montgomery-element-layout-specialized-points,835.912,729.215,0.000,0.000000,0.000,729.215,ok,cuda-sumcheck-prime-field-montgomery-element-layout-specialized-points,719.594,708.465,0,0,0,708.465,ok,true,113611566622619,113611566622619,1.029289,,results/tmp_full_zk_r14_28/zk_incomplete_add_1_bw256_r26.log
zk_incomplete_add_1,q_add-incomplete*x_r*x_p*x_p - 2*q_add-incomplete*x_r*x_p*x_q + q_add-incomplete*x_r*x_q*x_q + q_add-incomplete*x_q*x_p*x_p - 2*q_add-incomplete*x_q*x_q*x_p + q_add-incomplete*x_q*x_q*x_q + q_add-incomplete*x_p*x_p*x_p - 2*q_add-incomplete*x_p*x_p*x_q + q_add-incomplete*x_p*x_q*x_q - q_add-incomplete*y_p*y_p + 2*q_add-incomplete*y_p*y_q - q_add-incomplete*y_q*y_q,prime-field-montgomery,element,specialized,,256,,,28,268435456,6,4,12,2,10,whole-run,fixed,,,,,,,,skipped,,,,,,,,skipped,skipped,,,,returncode=1,results/tmp_full_zk_r14_28/zk_incomplete_add_1_bw256_r28.log
zk_incomplete_add_2,q_add-incomplete*y_r*x_p - q_add-incomplete*y_r*x_q + q_add-incomplete*y_q*x_p - q_add-incomplete*y_q*x_q - q_add-incomplete*y_p*x_q + q_add-incomplete*y_p*x_r - q_add-incomplete*y_q*x_r + q_add-incomplete*y_q*x_q,prime-field-montgomery,element,specialized,p32_2^32_minus_5,32,1,0xfffffffb,14,16384,7,3,8,2,10,whole-run,fixed,triton-sumcheck-prime-field-montgomery-element-layout-specialized-points,4502.427,6.717,0.000,0.000000,0.000,6.717,ok,cuda-sumcheck-prime-field-montgomery-element-layout-specialized-points,1.77386,1.57299,0,0,0,1.57299,ok,true,1475903705757,1475903705757,4.270212,,results/tmp_full_zk_r14_28/zk_incomplete_add_2_bw32_r14.log
zk_incomplete_add_2,q_add-incomplete*y_r*x_p - q_add-incomplete*y_r*x_q + q_add-incomplete*y_q*x_p - q_add-incomplete*y_q*x_q - q_add-incomplete*y_p*x_q + q_add-incomplete*y_p*x_r - q_add-incomplete*y_q*x_r + q_add-incomplete*y_q*x_q,prime-field-montgomery,element,specialized,p32_2^32_minus_5,32,1,0xfffffffb,16,65536,7,3,8,2,10,whole-run,fixed,triton-sumcheck-prime-field-montgomery-element-layout-specialized-points,45.983,8.684,0.000,0.000000,0.000,8.684,ok,cuda-sumcheck-prime-field-montgomery-element-layout-specialized-points,2.03421,1.87472,0,0,0,1.87472,ok,true,1802634547025,1802634547025,4.632158,,results/tmp_full_zk_r14_28/zk_incomplete_add_2_bw32_r16.log
zk_incomplete_add_2,q_add-incomplete*y_r*x_p - q_add-incomplete*y_r*x_q + q_add-incomplete*y_q*x_p - q_add-incomplete*y_q*x_q - q_add-incomplete*y_p*x_q + q_add-incomplete*y_p*x_r - q_add-incomplete*y_q*x_r + q_add-incomplete*y_q*x_q,prime-field-montgomery,element,specialized,p32_2^32_minus_5,32,1,0xfffffffb,18,262144,7,3,8,2,10,whole-run,fixed,triton-sumcheck-prime-field-montgomery-element-layout-specialized-points,48.344,10.994,0.000,0.000000,0.000,10.994,ok,cuda-sumcheck-prime-field-montgomery-element-layout-specialized-points,2.3961,2.23821,0,0,0,2.23821,ok,true,2069781033268,2069781033268,4.911961,,results/tmp_full_zk_r14_28/zk_incomplete_add_2_bw32_r18.log
zk_incomplete_add_2,q_add-incomplete*y_r*x_p - q_add-incomplete*y_r*x_q + q_add-incomplete*y_q*x_p - q_add-incomplete*y_q*x_q - q_add-incomplete*y_p*x_q + q_add-incomplete*y_p*x_r - q_add-incomplete*y_q*x_r + q_add-incomplete*y_q*x_q,prime-field-montgomery,element,specialized,p32_2^32_minus_5,32,1,0xfffffffb,20,1048576,7,3,8,2,10,whole-run,fixed,triton-sumcheck-prime-field-montgomery-element-layout-specialized-points,51.145,13.620,0.000,0.000000,0.000,13.620,ok,cuda-sumcheck-prime-field-montgomery-element-layout-specialized-points,2.91427,2.76714,0,0,0,2.76714,ok,true,2175579345134,2175579345134,4.922049,,results/tmp_full_zk_r14_28/zk_incomplete_add_2_bw32_r20.log
zk_incomplete_add_2,q_add-incomplete*y_r*x_p - q_add-incomplete*y_r*x_q + q_add-incomplete*y_q*x_p - q_add-incomplete*y_q*x_q - q_add-incomplete*y_p*x_q + q_add-incomplete*y_p*x_r - q_add-incomplete*y_q*x_r + q_add-incomplete*y_q*x_q,prime-field-montgomery,element,specialized,p32_2^32_minus_5,32,1,0xfffffffb,22,4194304,7,3,8,2,10,whole-run,fixed,triton-sumcheck-prime-field-montgomery-element-layout-specialized-points,54.347,16.989,0.000,0.000000,0.000,16.989,ok,cuda-sumcheck-prime-field-montgomery-element-layout-specialized-points,4.05318,3.98768,0,0,0,3.98768,ok,true,2699488923664,2699488923664,4.260372,,results/tmp_full_zk_r14_28/zk_incomplete_add_2_bw32_r22.log
zk_incomplete_add_2,q_add-incomplete*y_r*x_p - q_add-incomplete*y_r*x_q + q_add-incomplete*y_q*x_p - q_add-incomplete*y_q*x_q - q_add-incomplete*y_p*x_q + q_add-incomplete*y_p*x_r - q_add-incomplete*y_q*x_r + q_add-incomplete*y_q*x_q,prime-field-montgomery,element,specialized,p32_2^32_minus_5,32,1,0xfffffffb,24,16777216,7,3,8,2,10,whole-run,fixed,triton-sumcheck-prime-field-montgomery-element-layout-specialized-points,60.526,24.036,0.000,0.000000,0.000,24.036,ok,cuda-sumcheck-prime-field-montgomery-element-layout-specialized-points,6.6463,6.528,0,0,0,6.528,ok,true,2656691004669,2656691004669,3.681985,,results/tmp_full_zk_r14_28/zk_incomplete_add_2_bw32_r24.log
zk_incomplete_add_2,q_add-incomplete*y_r*x_p - q_add-incomplete*y_r*x_q + q_add-incomplete*y_q*x_p - q_add-incomplete*y_q*x_q - q_add-incomplete*y_p*x_q + q_add-incomplete*y_p*x_r - q_add-incomplete*y_q*x_r + q_add-incomplete*y_q*x_q,prime-field-montgomery,element,specialized,p32_2^32_minus_5,32,1,0xfffffffb,26,67108864,7,3,8,2,10,whole-run,fixed,triton-sumcheck-prime-field-montgomery-element-layout-specialized-points,85.304,47.917,0.000,0.000000,0.000,47.917,ok,cuda-sumcheck-prime-field-montgomery-element-layout-specialized-points,15.7901,15.6139,0,0,0,15.6139,ok,true,3227232149063,3227232149063,3.068868,,results/tmp_full_zk_r14_28/zk_incomplete_add_2_bw32_r26.log
zk_incomplete_add_2,q_add-incomplete*y_r*x_p - q_add-incomplete*y_r*x_q + q_add-incomplete*y_q*x_p - q_add-incomplete*y_q*x_q - q_add-incomplete*y_p*x_q + q_add-incomplete*y_p*x_r - q_add-incomplete*y_q*x_r + q_add-incomplete*y_q*x_q,prime-field-montgomery,element,specialized,p32_2^32_minus_5,32,1,0xfffffffb,28,268435456,7,3,8,2,10,whole-run,fixed,triton-sumcheck-prime-field-montgomery-element-layout-specialized-points,194.214,142.732,0.000,0.000000,0.000,142.732,ok,cuda-sumcheck-prime-field-montgomery-element-layout-specialized-points,52.155,51.941,0,0,0,51.941,ok,true,3226796434433,3226796434433,2.747964,,results/tmp_full_zk_r14_28/zk_incomplete_add_2_bw32_r28.log
zk_incomplete_add_2,q_add-incomplete*y_r*x_p - q_add-incomplete*y_r*x_q + q_add-incomplete*y_q*x_p - q_add-incomplete*y_q*x_q - q_add-incomplete*y_p*x_q + q_add-incomplete*y_p*x_r - q_add-incomplete*y_q*x_r + q_add-incomplete*y_q*x_q,prime-field-montgomery,element,specialized,p64_goldilocks,64,2,0xffffffff00000001,14,16384,7,3,8,2,10,whole-run,fixed,triton-sumcheck-prime-field-montgomery-element-layout-specialized-points,21120.213,6.856,0.000,0.000000,0.000,6.856,ok,cuda-sumcheck-prime-field-montgomery-element-layout-specialized-points,1.86387,1.57213,0,0,0,1.57213,ok,true,5063240167570,5063240167570,4.360963,,results/tmp_full_zk_r14_28/zk_incomplete_add_2_bw64_r14.log
zk_incomplete_add_2,q_add-incomplete*y_r*x_p - q_add-incomplete*y_r*x_q + q_add-incomplete*y_q*x_p - q_add-incomplete*y_q*x_q - q_add-incomplete*y_p*x_q + q_add-incomplete*y_p*x_r - q_add-incomplete*y_q*x_r + q_add-incomplete*y_q*x_q,prime-field-montgomery,element,specialized,p64_goldilocks,64,2,0xffffffff00000001,16,65536,7,3,8,2,10,whole-run,fixed,triton-sumcheck-prime-field-montgomery-element-layout-specialized-points,47.972,8.698,0.000,0.000000,0.000,8.698,ok,cuda-sumcheck-prime-field-montgomery-element-layout-specialized-points,2.16378,1.90694,0,0,0,1.90694,ok,true,5190217277531,5190217277531,4.561234,,results/tmp_full_zk_r14_28/zk_incomplete_add_2_bw64_r16.log
zk_incomplete_add_2,q_add-incomplete*y_r*x_p - q_add-incomplete*y_r*x_q + q_add-incomplete*y_q*x_p - q_add-incomplete*y_q*x_q - q_add-incomplete*y_p*x_q + q_add-incomplete*y_p*x_r - q_add-incomplete*y_q*x_r + q_add-incomplete*y_q*x_q,prime-field-montgomery,element,specialized,p64_goldilocks,64,2,0xffffffff00000001,18,262144,7,3,8,2,10,whole-run,fixed,triton-sumcheck-prime-field-montgomery-element-layout-specialized-points,51.345,11.012,0.000,0.000000,0.000,11.012,ok,cuda-sumcheck-prime-field-montgomery-element-layout-specialized-points,2.6352,2.3233,0,0,0,2.3233,ok,true,5548738242723,5548738242723,4.739810,,results/tmp_full_zk_r14_28/zk_incomplete_add_2_bw64_r18.log
zk_incomplete_add_2,q_add-incomplete*y_r*x_p - q_add-incomplete*y_r*x_q + q_add-incomplete*y_q*x_p - q_add-incomplete*y_q*x_q - q_add-incomplete*y_p*x_q + q_add-incomplete*y_p*x_r - q_add-incomplete*y_q*x_r + q_add-incomplete*y_q*x_q,prime-field-montgomery,element,specialized,p64_goldilocks,64,2,0xffffffff00000001,20,1048576,7,3,8,2,10,whole-run,fixed,triton-sumcheck-prime-field-montgomery-element-layout-specialized-points,53.821,14.010,0.000,0.000000,0.000,14.010,ok,cuda-sumcheck-prime-field-montgomery-element-layout-specialized-points,3.4489,3.21354,0,0,0,3.21354,ok,true,7058066187523,7058066187523,4.359678,,results/tmp_full_zk_r14_28/zk_incomplete_add_2_bw64_r20.log
zk_incomplete_add_2,q_add-incomplete*y_r*x_p - q_add-incomplete*y_r*x_q + q_add-incomplete*y_q*x_p - q_add-incomplete*y_q*x_q - q_add-incomplete*y_p*x_q + q_add-incomplete*y_p*x_r - q_add-incomplete*y_q*x_r + q_add-incomplete*y_q*x_q,prime-field-montgomery,element,specialized,p64_goldilocks,64,2,0xffffffff00000001,22,4194304,7,3,8,2,10,whole-run,fixed,triton-sumcheck-prime-field-montgomery-element-layout-specialized-points,56.904,17.138,0.000,0.000000,0.000,17.138,ok,cuda-sumcheck-prime-field-montgomery-element-layout-specialized-points,5.2943,5.07475,0,0,0,5.07475,ok,true,7402501928497,7402501928497,3.377112,,results/tmp_full_zk_r14_28/zk_incomplete_add_2_bw64_r22.log
zk_incomplete_add_2,q_add-incomplete*y_r*x_p - q_add-incomplete*y_r*x_q + q_add-incomplete*y_q*x_p - q_add-incomplete*y_q*x_q - q_add-incomplete*y_p*x_q + q_add-incomplete*y_p*x_r - q_add-incomplete*y_q*x_r + q_add-incomplete*y_q*x_q,prime-field-montgomery,element,specialized,p64_goldilocks,64,2,0xffffffff00000001,24,16777216,7,3,8,2,10,whole-run,fixed,triton-sumcheck-prime-field-montgomery-element-layout-specialized-points,64.930,25.753,0.000,0.000000,0.000,25.753,ok,cuda-sumcheck-prime-field-montgomery-element-layout-specialized-points,10.3161,10.0793,0,0,0,10.0793,ok,true,8484710180167,8484710180167,2.555039,,results/tmp_full_zk_r14_28/zk_incomplete_add_2_bw64_r24.log
zk_incomplete_add_2,q_add-incomplete*y_r*x_p - q_add-incomplete*y_r*x_q + q_add-incomplete*y_q*x_p - q_add-incomplete*y_q*x_q - q_add-incomplete*y_p*x_q + q_add-incomplete*y_p*x_r - q_add-incomplete*y_q*x_r + q_add-incomplete*y_q*x_q,prime-field-montgomery,element,specialized,p64_goldilocks,64,2,0xffffffff00000001,26,67108864,7,3,8,2,10,whole-run,fixed,triton-sumcheck-prime-field-montgomery-element-layout-specialized-points,98.528,58.446,0.000,0.000000,0.000,58.446,ok,cuda-sumcheck-prime-field-montgomery-element-layout-specialized-points,29.5756,29.6371,0,0,0,29.6371,ok,true,8717039409754,8717039409754,1.972055,,results/tmp_full_zk_r14_28/zk_incomplete_add_2_bw64_r26.log
zk_incomplete_add_2,q_add-incomplete*y_r*x_p - q_add-incomplete*y_r*x_q + q_add-incomplete*y_q*x_p - q_add-incomplete*y_q*x_q - q_add-incomplete*y_p*x_q + q_add-incomplete*y_p*x_r - q_add-incomplete*y_q*x_r + q_add-incomplete*y_q*x_q,prime-field-montgomery,element,specialized,p64_goldilocks,64,2,0xffffffff00000001,28,268435456,7,3,8,2,10,whole-run,fixed,triton-sumcheck-prime-field-montgomery-element-layout-specialized-points,222.336,185.291,0.000,0.000000,0.000,185.291,ok,cuda-sumcheck-prime-field-montgomery-element-layout-specialized-points,108.43,108.234,0,0,0,108.234,ok,true,9223533275619,9223533275619,1.711948,,results/tmp_full_zk_r14_28/zk_incomplete_add_2_bw64_r28.log
zk_incomplete_add_2,q_add-incomplete*y_r*x_p - q_add-incomplete*y_r*x_q + q_add-incomplete*y_q*x_p - q_add-incomplete*y_q*x_q - q_add-incomplete*y_p*x_q + q_add-incomplete*y_p*x_r - q_add-incomplete*y_q*x_r + q_add-incomplete*y_q*x_q,prime-field-montgomery,element,specialized,p128_mersenne_2^127_minus_1,128,4,0x7fffffffffffffffffffffffffffffff,14,16384,7,3,8,2,10,whole-run,fixed,triton-sumcheck-prime-field-montgomery-element-layout-specialized-points,211863.348,6.910,0.000,0.000000,0.000,6.910,ok,cuda-sumcheck-prime-field-montgomery-element-layout-specialized-points,2.47168,1.96803,0,0,0,1.96803,ok,true,20345484478540,20345484478540,3.511125,,results/tmp_full_zk_r14_28/zk_incomplete_add_2_bw128_r14.log
zk_incomplete_add_2,q_add-incomplete*y_r*x_p - q_add-incomplete*y_r*x_q + q_add-incomplete*y_q*x_p - q_add-incomplete*y_q*x_q - q_add-incomplete*y_p*x_q + q_add-incomplete*y_p*x_r - q_add-incomplete*y_q*x_r + q_add-incomplete*y_q*x_q,prime-field-montgomery,element,specialized,p128_mersenne_2^127_minus_1,128,4,0x7fffffffffffffffffffffffffffffff,16,65536,7,3,8,2,10,whole-run,fixed,triton-sumcheck-prime-field-montgomery-element-layout-specialized-points,53.423,8.636,0.000,0.000000,0.000,8.636,ok,cuda-sumcheck-prime-field-montgomery-element-layout-specialized-points,2.74678,2.31517,0,0,0,2.31517,ok,true,22021799201571,22021799201571,3.730180,,results/tmp_full_zk_r14_28/zk_incomplete_add_2_bw128_r16.log
zk_incomplete_add_2,q_add-incomplete*y_r*x_p - q_add-incomplete*y_r*x_q + q_add-incomplete*y_q*x_p - q_add-incomplete*y_q*x_q - q_add-incomplete*y_p*x_q + q_add-incomplete*y_p*x_r - q_add-incomplete*y_q*x_r + q_add-incomplete*y_q*x_q,prime-field-montgomery,element,specialized,p128_mersenne_2^127_minus_1,128,4,0x7fffffffffffffffffffffffffffffff,18,262144,7,3,8,2,10,whole-run,fixed,triton-sumcheck-prime-field-montgomery-element-layout-specialized-points,55.207,10.947,0.000,0.000000,0.000,10.947,ok,cuda-sumcheck-prime-field-montgomery-element-layout-specialized-points,3.55379,3.11568,0,0,0,3.11568,ok,true,23731428474546,23731428474546,3.513519,,results/tmp_full_zk_r14_28/zk_incomplete_add_2_bw128_r18.log
zk_incomplete_add_2,q_add-incomplete*y_r*x_p - q_add-incomplete*y_r*x_q + q_add-incomplete*y_q*x_p - q_add-incomplete*y_q*x_q - q_add-incomplete*y_p*x_q + q_add-incomplete*y_p*x_r - q_add-incomplete*y_q*x_r + q_add-incomplete*y_q*x_q,prime-field-montgomery,element,specialized,p128_mersenne_2^127_minus_1,128,4,0x7fffffffffffffffffffffffffffffff,20,1048576,7,3,8,2,10,whole-run,fixed,triton-sumcheck-prime-field-montgomery-element-layout-specialized-points,58.036,13.841,0.000,0.000000,0.000,13.841,ok,cuda-sumcheck-prime-field-montgomery-element-layout-specialized-points,4.66339,4.21277,0,0,0,4.21277,ok,true,24714018976478,24714018976478,3.285487,,results/tmp_full_zk_r14_28/zk_incomplete_add_2_bw128_r20.log
zk_incomplete_add_2,q_add-incomplete*y_r*x_p - q_add-incomplete*y_r*x_q + q_add-incomplete*y_q*x_p - q_add-incomplete*y_q*x_q - q_add-incomplete*y_p*x_q + q_add-incomplete*y_p*x_r - q_add-incomplete*y_q*x_r + q_add-incomplete*y_q*x_q,prime-field-montgomery,element,specialized,p128_mersenne_2^127_minus_1,128,4,0x7fffffffffffffffffffffffffffffff,22,4194304,7,3,8,2,10,whole-run,fixed,triton-sumcheck-prime-field-montgomery-element-layout-specialized-points,62.774,19.948,0.000,0.000000,0.000,19.948,ok,cuda-sumcheck-prime-field-montgomery-element-layout-specialized-points,8.6176,8.22403,0,0,0,8.22403,ok,true,25599534664041,25599534664041,2.425575,,results/tmp_full_zk_r14_28/zk_incomplete_add_2_bw128_r22.log
zk_incomplete_add_2,q_add-incomplete*y_r*x_p - q_add-incomplete*y_r*x_q + q_add-incomplete*y_q*x_p - q_add-incomplete*y_q*x_q - q_add-incomplete*y_p*x_q + q_add-incomplete*y_p*x_r - q_add-incomplete*y_q*x_r + q_add-incomplete*y_q*x_q,prime-field-montgomery,element,specialized,p128_mersenne_2^127_minus_1,128,4,0x7fffffffffffffffffffffffffffffff,24,16777216,7,3,8,2,10,whole-run,fixed,triton-sumcheck-prime-field-montgomery-element-layout-specialized-points,81.515,36.942,0.000,0.000000,0.000,36.942,ok,cuda-sumcheck-prime-field-montgomery-element-layout-specialized-points,21.5045,21.0968,0,0,0,21.0968,ok,true,26776702859257,26776702859257,1.751071,,results/tmp_full_zk_r14_28/zk_incomplete_add_2_bw128_r24.log
zk_incomplete_add_2,q_add-incomplete*y_r*x_p - q_add-incomplete*y_r*x_q + q_add-incomplete*y_q*x_p - q_add-incomplete*y_q*x_q - q_add-incomplete*y_p*x_q + q_add-incomplete*y_p*x_r - q_add-incomplete*y_q*x_r + q_add-incomplete*y_q*x_q,prime-field-montgomery,element,specialized,p128_mersenne_2^127_minus_1,128,4,0x7fffffffffffffffffffffffffffffff,26,67108864,7,3,8,2,10,whole-run,fixed,triton-sumcheck-prime-field-montgomery-element-layout-specialized-points,157.304,106.504,0.000,0.000000,0.000,106.504,ok,cuda-sumcheck-prime-field-montgomery-element-layout-specialized-points,73.1447,72.5297,0,0,0,72.5297,ok,true,29651709585758,29651709585758,1.468419,,results/tmp_full_zk_r14_28/zk_incomplete_add_2_bw128_r26.log
zk_incomplete_add_2,q_add-incomplete*y_r*x_p - q_add-incomplete*y_r*x_q + q_add-incomplete*y_q*x_p - q_add-incomplete*y_q*x_q - q_add-incomplete*y_p*x_q + q_add-incomplete*y_p*x_r - q_add-incomplete*y_q*x_r + q_add-incomplete*y_q*x_q,prime-field-montgomery,element,specialized,,128,,,28,268435456,7,3,8,2,10,whole-run,fixed,,,,,,,,skipped,,,,,,,,skipped,skipped,,,,returncode=1,results/tmp_full_zk_r14_28/zk_incomplete_add_2_bw128_r28.log
zk_incomplete_add_2,q_add-incomplete*y_r*x_p - q_add-incomplete*y_r*x_q + q_add-incomplete*y_q*x_p - q_add-incomplete*y_q*x_q - q_add-incomplete*y_p*x_q + q_add-incomplete*y_p*x_r - q_add-incomplete*y_q*x_r + q_add-incomplete*y_q*x_q,prime-field-montgomery,element,specialized,p255_bls12_381_scalar,256,8,0x73eda753299d7d483339d80809a1d80553bda402fffe5bfeffffffff00000001,14,16384,7,3,8,2,10,whole-run,fixed,triton-sumcheck-prime-field-montgomery-element-layout-specialized-points,3103184.554,7.314,0.000,0.000000,0.000,7.314,ok,cuda-sumcheck-prime-field-montgomery-element-layout-specialized-points,4.16995,3.23478,0,0,0,3.23478,ok,true,50237089022133,50237089022133,2.261050,,results/tmp_full_zk_r14_28/zk_incomplete_add_2_bw256_r14.log
zk_incomplete_add_2,q_add-incomplete*y_r*x_p - q_add-incomplete*y_r*x_q + q_add-incomplete*y_q*x_p - q_add-incomplete*y_q*x_q - q_add-incomplete*y_p*x_q + q_add-incomplete*y_p*x_r - q_add-incomplete*y_q*x_r + q_add-incomplete*y_q*x_q,prime-field-montgomery,element,specialized,p255_bls12_381_scalar,256,8,0x73eda753299d7d483339d80809a1d80553bda402fffe5bfeffffffff00000001,16,65536,7,3,8,2,10,whole-run,fixed,triton-sumcheck-prime-field-montgomery-element-layout-specialized-points,67.920,9.238,0.000,0.000000,0.000,9.238,ok,cuda-sumcheck-prime-field-montgomery-element-layout-specialized-points,4.91603,4,0,0,0,4,ok,true,57860795383755,57860795383755,2.309500,,results/tmp_full_zk_r14_28/zk_incomplete_add_2_bw256_r16.log
zk_incomplete_add_2,q_add-incomplete*y_r*x_p - q_add-incomplete*y_r*x_q + q_add-incomplete*y_q*x_p - q_add-incomplete*y_q*x_q - q_add-incomplete*y_p*x_q + q_add-incomplete*y_p*x_r - q_add-incomplete*y_q*x_r + q_add-incomplete*y_q*x_q,prime-field-montgomery,element,specialized,p255_bls12_381_scalar,256,8,0x73eda753299d7d483339d80809a1d80553bda402fffe5bfeffffffff00000001,18,262144,7,3,8,2,10,whole-run,fixed,triton-sumcheck-prime-field-montgomery-element-layout-specialized-points,69.531,11.520,0.000,0.000000,0.000,11.520,ok,cuda-sumcheck-prime-field-montgomery-element-layout-specialized-points,6.45072,5.60243,0,0,0,5.60243,ok,true,64002240322007,64002240322007,2.056251,,results/tmp_full_zk_r14_28/zk_incomplete_add_2_bw256_r18.log
zk_incomplete_add_2,q_add-incomplete*y_r*x_p - q_add-incomplete*y_r*x_q + q_add-incomplete*y_q*x_p - q_add-incomplete*y_q*x_q - q_add-incomplete*y_p*x_q + q_add-incomplete*y_p*x_r - q_add-incomplete*y_q*x_r + q_add-incomplete*y_q*x_q,prime-field-montgomery,element,specialized,p255_bls12_381_scalar,256,8,0x73eda753299d7d483339d80809a1d80553bda402fffe5bfeffffffff00000001,20,1048576,7,3,8,2,10,whole-run,fixed,triton-sumcheck-prime-field-montgomery-element-layout-specialized-points,74.999,16.539,0.000,0.000000,0.000,16.539,ok,cuda-sumcheck-prime-field-montgomery-element-layout-specialized-points,10.8036,9.87514,0,0,0,9.87514,ok,true,70232109488970,70232109488970,1.674812,,results/tmp_full_zk_r14_28/zk_incomplete_add_2_bw256_r20.log
zk_incomplete_add_2,q_add-incomplete*y_r*x_p - q_add-incomplete*y_r*x_q + q_add-incomplete*y_q*x_p - q_add-incomplete*y_q*x_q - q_add-incomplete*y_p*x_q + q_add-incomplete*y_p*x_r - q_add-incomplete*y_q*x_r + q_add-incomplete*y_q*x_q,prime-field-montgomery,element,specialized,p255_bls12_381_scalar,256,8,0x73eda753299d7d483339d80809a1d80553bda402fffe5bfeffffffff00000001,22,4194304,7,3,8,2,10,whole-run,fixed,triton-sumcheck-prime-field-montgomery-element-layout-specialized-points,87.711,31.623,0.000,0.000000,0.000,31.623,ok,cuda-sumcheck-prime-field-montgomery-element-layout-specialized-points,25.5966,24.5918,0,0,0,24.5918,ok,true,76659979359522,76659979359522,1.285916,,results/tmp_full_zk_r14_28/zk_incomplete_add_2_bw256_r22.log
zk_incomplete_add_2,q_add-incomplete*y_r*x_p - q_add-incomplete*y_r*x_q + q_add-incomplete*y_q*x_p - q_add-incomplete*y_q*x_q - q_add-incomplete*y_p*x_q + q_add-incomplete*y_p*x_r - q_add-incomplete*y_q*x_r + q_add-incomplete*y_q*x_q,prime-field-montgomery,element,specialized,p255_bls12_381_scalar,256,8,0x73eda753299d7d483339d80809a1d80553bda402fffe5bfeffffffff00000001,24,16777216,7,3,8,2,10,whole-run,fixed,triton-sumcheck-prime-field-montgomery-element-layout-specialized-points,154.862,85.865,0.000,0.000000,0.000,85.865,ok,cuda-sumcheck-prime-field-montgomery-element-layout-specialized-points,82.3347,81.2382,0,0,0,81.2382,ok,true,86882634873749,86882634873749,1.056954,,results/tmp_full_zk_r14_28/zk_incomplete_add_2_bw256_r24.log
zk_incomplete_add_2,q_add-incomplete*y_r*x_p - q_add-incomplete*y_r*x_q + q_add-incomplete*y_q*x_p - q_add-incomplete*y_q*x_q - q_add-incomplete*y_p*x_q + q_add-incomplete*y_p*x_r - q_add-incomplete*y_q*x_r + q_add-incomplete*y_q*x_q,prime-field-montgomery,element,specialized,p255_bls12_381_scalar,256,8,0x73eda753299d7d483339d80809a1d80553bda402fffe5bfeffffffff00000001,26,67108864,7,3,8,2,10,whole-run,fixed,triton-sumcheck-prime-field-montgomery-element-layout-specialized-points,363.718,303.118,0.000,0.000000,0.000,303.118,ok,cuda-sumcheck-prime-field-montgomery-element-layout-specialized-points,305.768,304.818,0,0,0,304.818,ok,true,92915666596363,92915666596363,0.994423,,results/tmp_full_zk_r14_28/zk_incomplete_add_2_bw256_r26.log
zk_incomplete_add_2,q_add-incomplete*y_r*x_p - q_add-incomplete*y_r*x_q + q_add-incomplete*y_q*x_p - q_add-incomplete*y_q*x_q - q_add-incomplete*y_p*x_q + q_add-incomplete*y_p*x_r - q_add-incomplete*y_q*x_r + q_add-incomplete*y_q*x_q,prime-field-montgomery,element,specialized,,256,,,28,268435456,7,3,8,2,10,whole-run,fixed,,,,,,,,skipped,,,,,,,,skipped,skipped,,,,returncode=1,results/tmp_full_zk_r14_28/zk_incomplete_add_2_bw256_r28.log
zk_complete_add_1,q_add*x_q*x_q*lambda - 2*q_add*x_q*x_p*lambda + q_add*x_p*x_p*lambda - q_add*x_q*y_q + q_add*x_q*y_p + q_add*x_p*y_q - q_add*x_p*y_p,prime-field-montgomery,element,specialized,p32_2^32_minus_5,32,1,0xfffffffb,14,16384,6,4,7,2,10,whole-run,fixed,triton-sumcheck-prime-field-montgomery-element-layout-specialized-points,5777.921,8.328,0.000,0.000000,0.000,8.328,ok,cuda-sumcheck-prime-field-montgomery-element-layout-specialized-points,2.02438,1.85725,0,0,0,1.85725,ok,true,1821460795193,1821460795193,4.484049,,results/tmp_full_zk_r14_28/zk_complete_add_1_bw32_r14.log
zk_complete_add_1,q_add*x_q*x_q*lambda - 2*q_add*x_q*x_p*lambda + q_add*x_p*x_p*lambda - q_add*x_q*y_q + q_add*x_q*y_p + q_add*x_p*y_q - q_add*x_p*y_p,prime-field-montgomery,element,specialized,p32_2^32_minus_5,32,1,0xfffffffb,16,65536,6,4,7,2,10,whole-run,fixed,triton-sumcheck-prime-field-montgomery-element-layout-specialized-points,50.266,10.388,0.000,0.000000,0.000,10.388,ok,cuda-sumcheck-prime-field-montgomery-element-layout-specialized-points,2.47139,2.31946,0,0,0,2.31946,ok,true,2282449042640,2282449042640,4.478629,,results/tmp_full_zk_r14_28/zk_complete_add_1_bw32_r16.log
zk_complete_add_1,q_add*x_q*x_q*lambda - 2*q_add*x_q*x_p*lambda + q_add*x_p*x_p*lambda - q_add*x_q*y_q + q_add*x_q*y_p + q_add*x_p*y_q - q_add*x_p*y_p,prime-field-montgomery,element,specialized,p32_2^32_minus_5,32,1,0xfffffffb,18,262144,6,4,7,2,10,whole-run,fixed,triton-sumcheck-prime-field-montgomery-element-layout-specialized-points,53.483,13.415,0.000,0.000000,0.000,13.415,ok,cuda-sumcheck-prime-field-montgomery-element-layout-specialized-points,3.11603,3.03901,0,0,0,3.03901,ok,true,2777791206502,2777791206502,4.414266,,results/tmp_full_zk_r14_28/zk_complete_add_1_bw32_r18.log
zk_complete_add_1,q_add*x_q*x_q*lambda - 2*q_add*x_q*x_p*lambda + q_add*x_p*x_p*lambda - q_add*x_q*y_q + q_add*x_q*y_p + q_add*x_p*y_q - q_add*x_p*y_p,prime-field-montgomery,element,specialized,p32_2^32_minus_5,32,1,0xfffffffb,20,1048576,6,4,7,2,10,whole-run,fixed,triton-sumcheck-prime-field-montgomery-element-layout-specialized-points,57.370,17.266,0.000,0.000000,0.000,17.266,ok,cuda-sumcheck-prime-field-montgomery-element-layout-specialized-points,3.56269,3.41229,0,0,0,3.41229,ok,true,2485472501538,2485472501538,5.059945,,results/tmp_full_zk_r14_28/zk_complete_add_1_bw32_r20.log
zk_complete_add_1,q_add*x_q*x_q*lambda - 2*q_add*x_q*x_p*lambda + q_add*x_p*x_p*lambda - q_add*x_q*y_q + q_add*x_q*y_p + q_add*x_p*y_q - q_add*x_p*y_p,prime-field-montgomery,element,specialized,p32_2^32_minus_5,32,1,0xfffffffb,22,4194304,6,4,7,2,10,whole-run,fixed,triton-sumcheck-prime-field-montgomery-element-layout-specialized-points,60.870,20.899,0.000,0.000000,0.000,20.899,ok,cuda-sumcheck-prime-field-montgomery-element-layout-specialized-points,4.72074,4.57222,0,0,0,4.57222,ok,true,3234688708615,3234688708615,4.570865,,results/tmp_full_zk_r14_28/zk_complete_add_1_bw32_r22.log
zk_complete_add_1,q_add*x_q*x_q*lambda - 2*q_add*x_q*x_p*lambda + q_add*x_p*x_p*lambda - q_add*x_q*y_q + q_add*x_q*y_p + q_add*x_p*y_q - q_add*x_p*y_p,prime-field-montgomery,element,specialized,p32_2^32_minus_5,32,1,0xfffffffb,24,16777216,6,4,7,2,10,whole-run,fixed,triton-sumcheck-prime-field-montgomery-element-layout-specialized-points,69.774,30.389,0.000,0.000000,0.000,30.389,ok,cuda-sumcheck-prime-field-montgomery-element-layout-specialized-points,7.81104,7.61661,0,0,0,7.61661,ok,true,3265539512898,3265539512898,3.989833,,results/tmp_full_zk_r14_28/zk_complete_add_1_bw32_r24.log
zk_complete_add_1,q_add*x_q*x_q*lambda - 2*q_add*x_q*x_p*lambda + q_add*x_p*x_p*lambda - q_add*x_q*y_q + q_add*x_q*y_p + q_add*x_p*y_q - q_add*x_p*y_p,prime-field-montgomery,element,specialized,p32_2^32_minus_5,32,1,0xfffffffb,26,67108864,6,4,7,2,10,whole-run,fixed,triton-sumcheck-prime-field-montgomery-element-layout-specialized-points,104.611,59.690,0.000,0.000000,0.000,59.690,ok,cuda-sumcheck-prime-field-montgomery-element-layout-specialized-points,17.5931,17.4994,0,0,0,17.4994,ok,true,3690453319293,3690453319293,3.410974,,results/tmp_full_zk_r14_28/zk_complete_add_1_bw32_r26.log
zk_complete_add_1,q_add*x_q*x_q*lambda - 2*q_add*x_q*x_p*lambda + q_add*x_p*x_p*lambda - q_add*x_q*y_q + q_add*x_q*y_p + q_add*x_p*y_q - q_add*x_p*y_p,prime-field-montgomery,element,specialized,p32_2^32_minus_5,32,1,0xfffffffb,28,268435456,6,4,7,2,10,whole-run,fixed,triton-sumcheck-prime-field-montgomery-element-layout-specialized-points,231.375,176.583,0.000,0.000000,0.000,176.583,ok,cuda-sumcheck-prime-field-montgomery-element-layout-specialized-points,56.8471,56.9814,0,0,0,56.9814,ok,true,4009268392064,4009268392064,3.098959,,results/tmp_full_zk_r14_28/zk_complete_add_1_bw32_r28.log
zk_complete_add_1,q_add*x_q*x_q*lambda - 2*q_add*x_q*x_p*lambda + q_add*x_p*x_p*lambda - q_add*x_q*y_q + q_add*x_q*y_p + q_add*x_p*y_q - q_add*x_p*y_p,prime-field-montgomery,element,specialized,p64_goldilocks,64,2,0xffffffff00000001,14,16384,6,4,7,2,10,whole-run,fixed,triton-sumcheck-prime-field-montgomery-element-layout-specialized-points,29404.128,8.341,0.000,0.000000,0.000,8.341,ok,cuda-sumcheck-prime-field-montgomery-element-layout-specialized-points,2.39776,2.02864,0,0,0,2.02864,ok,true,5924044064627,5924044064627,4.111622,,results/tmp_full_zk_r14_28/zk_complete_add_1_bw64_r14.log
zk_complete_add_1,q_add*x_q*x_q*lambda - 2*q_add*x_q*x_p*lambda + q_add*x_p*x_p*lambda - q_add*x_q*y_q + q_add*x_q*y_p + q_add*x_p*y_q - q_add*x_p*y_p,prime-field-montgomery,element,specialized,p64_goldilocks,64,2,0xffffffff00000001,16,65536,6,4,7,2,10,whole-run,fixed,triton-sumcheck-prime-field-montgomery-element-layout-specialized-points,53.830,10.720,0.000,0.000000,0.000,10.720,ok,cuda-sumcheck-prime-field-montgomery-element-layout-specialized-points,2.71328,2.36288,0,0,0,2.36288,ok,true,6617720230602,6617720230602,4.536836,,results/tmp_full_zk_r14_28/zk_complete_add_1_bw64_r16.log
zk_complete_add_1,q_add*x_q*x_q*lambda - 2*q_add*x_q*x_p*lambda + q_add*x_p*x_p*lambda - q_add*x_q*y_q + q_add*x_q*y_p + q_add*x_p*y_q - q_add*x_p*y_p,prime-field-montgomery,element,specialized,p64_goldilocks,64,2,0xffffffff00000001,18,262144,6,4,7,2,10,whole-run,fixed,triton-sumcheck-prime-field-montgomery-element-layout-specialized-points,56.436,13.867,0.000,0.000000,0.000,13.867,ok,cuda-sumcheck-prime-field-montgomery-element-layout-specialized-points,3.48259,2.9424,0,0,0,2.9424,ok,true,7872813306969,7872813306969,4.712819,,results/tmp_full_zk_r14_28/zk_complete_add_1_bw64_r18.log
zk_complete_add_1,q_add*x_q*x_q*lambda - 2*q_add*x_q*x_p*lambda + q_add*x_p*x_p*lambda - q_add*x_q*y_q + q_add*x_q*y_p + q_add*x_p*y_q - q_add*x_p*y_p,prime-field-montgomery,element,specialized,p64_goldilocks,64,2,0xffffffff00000001,20,1048576,6,4,7,2,10,whole-run,fixed,triton-sumcheck-prime-field-montgomery-element-layout-specialized-points,59.706,17.104,0.000,0.000000,0.000,17.104,ok,cuda-sumcheck-prime-field-montgomery-element-layout-specialized-points,4.50387,4.2328,0,0,0,4.2328,ok,true,8564660564720,8564660564720,4.040824,,results/tmp_full_zk_r14_28/zk_complete_add_1_bw64_r20.log
zk_complete_add_1,q_add*x_q*x_q*lambda - 2*q_add*x_q*x_p*lambda + q_add*x_p*x_p*lambda - q_add*x_q*y_q + q_add*x_q*y_p + q_add*x_p*y_q - q_add*x_p*y_p,prime-field-montgomery,element,specialized,p64_goldilocks,64,2,0xffffffff00000001,22,4194304,6,4,7,2,10,whole-run,fixed,triton-sumcheck-prime-field-montgomery-element-layout-specialized-points,62.854,20.949,0.000,0.000000,0.000,20.949,ok,cuda-sumcheck-prime-field-montgomery-element-layout-specialized-points,6.86237,6.5456,0,0,0,6.5456,ok,true,8960185335829,8960185335829,3.200471,,results/tmp_full_zk_r14_28/zk_complete_add_1_bw64_r22.log
zk_complete_add_1,q_add*x_q*x_q*lambda - 2*q_add*x_q*x_p*lambda + q_add*x_p*x_p*lambda - q_add*x_q*y_q + q_add*x_q*y_p + q_add*x_p*y_q - q_add*x_p*y_p,prime-field-montgomery,element,specialized,p64_goldilocks,64,2,0xffffffff00000001,24,16777216,6,4,7,2,10,whole-run,fixed,triton-sumcheck-prime-field-montgomery-element-layout-specialized-points,74.530,32.716,0.000,0.000000,0.000,32.716,ok,cuda-sumcheck-prime-field-montgomery-element-layout-specialized-points,12.6737,12.3674,0,0,0,12.3674,ok,true,9914299387018,9914299387018,2.645342,,results/tmp_full_zk_r14_28/zk_complete_add_1_bw64_r24.log
zk_complete_add_1,q_add*x_q*x_q*lambda - 2*q_add*x_q*x_p*lambda + q_add*x_p*x_p*lambda - q_add*x_q*y_q + q_add*x_q*y_p + q_add*x_p*y_q - q_add*x_p*y_p,prime-field-montgomery,element,specialized,p64_goldilocks,64,2,0xffffffff00000001,26,67108864,6,4,7,2,10,whole-run,fixed,triton-sumcheck-prime-field-montgomery-element-layout-specialized-points,121.966,73.948,0.000,0.000000,0.000,73.948,ok,cuda-sumcheck-prime-field-montgomery-element-layout-specialized-points,36.329,36.2262,0,0,0,36.2262,ok,true,11013420608203,11013420608203,2.041285,,results/tmp_full_zk_r14_28/zk_complete_add_1_bw64_r26.log
zk_complete_add_1,q_add*x_q*x_q*lambda - 2*q_add*x_q*x_p*lambda + q_add*x_p*x_p*lambda - q_add*x_q*y_q + q_add*x_q*y_p + q_add*x_p*y_q - q_add*x_p*y_p,prime-field-montgomery,element,specialized,p64_goldilocks,64,2,0xffffffff00000001,28,268435456,6,4,7,2,10,whole-run,fixed,triton-sumcheck-prime-field-montgomery-element-layout-specialized-points,276.470,235.450,0.000,0.000000,0.000,235.450,ok,cuda-sumcheck-prime-field-montgomery-element-layout-specialized-points,131.158,131.921,0,0,0,131.921,ok,true,11430301870533,11430301870533,1.784780,,results/tmp_full_zk_r14_28/zk_complete_add_1_bw64_r28.log
zk_complete_add_1,q_add*x_q*x_q*lambda - 2*q_add*x_q*x_p*lambda + q_add*x_p*x_p*lambda - q_add*x_q*y_q + q_add*x_q*y_p + q_add*x_p*y_q - q_add*x_p*y_p,prime-field-montgomery,element,specialized,p128_mersenne_2^127_minus_1,128,4,0x7fffffffffffffffffffffffffffffff,14,16384,6,4,7,2,10,whole-run,fixed,triton-sumcheck-prime-field-montgomery-element-layout-specialized-points,315730.291,8.341,0.000,0.000000,0.000,8.341,ok,cuda-sumcheck-prime-field-montgomery-element-layout-specialized-points,3.06624,2.30976,0,0,0,2.30976,ok,true,8894711486778,8894711486778,3.611198,,results/tmp_full_zk_r14_28/zk_complete_add_1_bw128_r14.log
zk_complete_add_1,q_add*x_q*x_q*lambda - 2*q_add*x_q*x_p*lambda + q_add*x_p*x_p*lambda - q_add*x_q*y_q + q_add*x_q*y_p + q_add*x_p*y_q - q_add*x_p*y_p,prime-field-montgomery,element,specialized,p128_mersenne_2^127_minus_1,128,4,0x7fffffffffffffffffffffffffffffff,16,65536,6,4,7,2,10,whole-run,fixed,triton-sumcheck-prime-field-montgomery-element-layout-specialized-points,61.568,10.726,0.000,0.000000,0.000,10.726,ok,cuda-sumcheck-prime-field-montgomery-element-layout-specialized-points,3.40051,2.84448,0,0,0,2.84448,ok,true,12975113614424,12975113614424,3.770812,,results/tmp_full_zk_r14_28/zk_complete_add_1_bw128_r16.log
zk_complete_add_1,q_add*x_q*x_q*lambda - 2*q_add*x_q*x_p*lambda + q_add*x_p*x_p*lambda - q_add*x_q*y_q + q_add*x_q*y_p + q_add*x_p*y_q - q_add*x_p*y_p,prime-field-montgomery,element,specialized,p128_mersenne_2^127_minus_1,128,4,0x7fffffffffffffffffffffffffffffff,18,262144,6,4,7,2,10,whole-run,fixed,triton-sumcheck-prime-field-montgomery-element-layout-specialized-points,62.965,13.615,0.000,0.000000,0.000,13.615,ok,cuda-sumcheck-prime-field-montgomery-element-layout-specialized-points,4.17066,3.64397,0,0,0,3.64397,ok,true,14896595497147,14896595497147,3.736310,,results/tmp_full_zk_r14_28/zk_complete_add_1_bw128_r18.log
zk_complete_add_1,q_add*x_q*x_q*lambda - 2*q_add*x_q*x_p*lambda + q_add*x_p*x_p*lambda - q_add*x_q*y_q + q_add*x_q*y_p + q_add*x_p*y_q - q_add*x_p*y_p,prime-field-montgomery,element,specialized,p128_mersenne_2^127_minus_1,128,4,0x7fffffffffffffffffffffffffffffff,20,1048576,6,4,7,2,10,whole-run,fixed,triton-sumcheck-prime-field-montgomery-element-layout-specialized-points,67.288,17.171,0.000,0.000000,0.000,17.171,ok,cuda-sumcheck-prime-field-montgomery-element-layout-specialized-points,6.21962,5.68627,0,0,0,5.68627,ok,true,16860889858930,16860889858930,3.019730,,results/tmp_full_zk_r14_28/zk_complete_add_1_bw128_r20.log
zk_complete_add_1,q_add*x_q*x_q*lambda - 2*q_add*x_q*x_p*lambda + q_add*x_p*x_p*lambda - q_add*x_q*y_q + q_add*x_q*y_p + q_add*x_p*y_q - q_add*x_p*y_p,prime-field-montgomery,element,specialized,p128_mersenne_2^127_minus_1,128,4,0x7fffffffffffffffffffffffffffffff,22,4194304,6,4,7,2,10,whole-run,fixed,triton-sumcheck-prime-field-montgomery-element-layout-specialized-points,73.402,24.251,0.000,0.000000,0.000,24.251,ok,cuda-sumcheck-prime-field-montgomery-element-layout-specialized-points,10.3654,9.8023,0,0,0,9.8023,ok,true,18806281986154,18806281986154,2.474011,,results/tmp_full_zk_r14_28/zk_complete_add_1_bw128_r22.log
zk_complete_add_1,q_add*x_q*x_q*lambda - 2*q_add*x_q*x_p*lambda + q_add*x_p*x_p*lambda - q_add*x_q*y_q + q_add*x_q*y_p + q_add*x_p*y_q - q_add*x_p*y_p,prime-field-montgomery,element,specialized,p128_mersenne_2^127_minus_1,128,4,0x7fffffffffffffffffffffffffffffff,24,16777216,6,4,7,2,10,whole-run,fixed,triton-sumcheck-prime-field-montgomery-element-layout-specialized-points,98.113,47.830,0.000,0.000000,0.000,47.830,ok,cuda-sumcheck-prime-field-montgomery-element-layout-specialized-points,26.7968,26.2396,0,0,0,26.2396,ok,true,23090970745336,23090970745336,1.822817,,results/tmp_full_zk_r14_28/zk_complete_add_1_bw128_r24.log
zk_complete_add_1,q_add*x_q*x_q*lambda - 2*q_add*x_q*x_p*lambda + q_add*x_p*x_p*lambda - q_add*x_q*y_q + q_add*x_q*y_p + q_add*x_p*y_q - q_add*x_p*y_p,prime-field-montgomery,element,specialized,p128_mersenne_2^127_minus_1,128,4,0x7fffffffffffffffffffffffffffffff,26,67108864,6,4,7,2,10,whole-run,fixed,triton-sumcheck-prime-field-montgomery-element-layout-specialized-points,202.846,140.449,0.000,0.000000,0.000,140.449,ok,cuda-sumcheck-prime-field-montgomery-element-layout-specialized-points,90.629,90.1048,0,0,0,90.1048,ok,true,25690845217570,25690845217570,1.558729,,results/tmp_full_zk_r14_28/zk_complete_add_1_bw128_r26.log
zk_complete_add_1,q_add*x_q*x_q*lambda - 2*q_add*x_q*x_p*lambda + q_add*x_p*x_p*lambda - q_add*x_q*y_q + q_add*x_q*y_p + q_add*x_p*y_q - q_add*x_p*y_p,prime-field-montgomery,element,specialized,p128_mersenne_2^127_minus_1,128,4,0x7fffffffffffffffffffffffffffffff,28,268435456,6,4,7,2,10,whole-run,fixed,triton-sumcheck-prime-field-montgomery-element-layout-specialized-points,555.125,507.757,0.000,0.000000,0.000,507.757,ok,cuda-sumcheck-prime-field-montgomery-element-layout-specialized-points,343.393,342.701,0,0,0,342.701,ok,true,28007514848235,28007514848235,1.481633,,results/tmp_full_zk_r14_28/zk_complete_add_1_bw128_r28.log
zk_complete_add_1,q_add*x_q*x_q*lambda - 2*q_add*x_q*x_p*lambda + q_add*x_p*x_p*lambda - q_add*x_q*y_q + q_add*x_q*y_p + q_add*x_p*y_q - q_add*x_p*y_p,prime-field-montgomery,element,specialized,p255_bls12_381_scalar,256,8,0x73eda753299d7d483339d80809a1d80553bda402fffe5bfeffffffff00000001,14,16384,6,4,7,2,10,whole-run,fixed,triton-sumcheck-prime-field-montgomery-element-layout-specialized-points,5046120.221,9.340,0.000,0.000000,0.000,9.340,ok,cuda-sumcheck-prime-field-montgomery-element-layout-specialized-points,5.60506,4.1927,0,0,0,4.1927,ok,true,57996518703695,57996518703695,2.227681,,results/tmp_full_zk_r14_28/zk_complete_add_1_bw256_r14.log
zk_complete_add_1,q_add*x_q*x_q*lambda - 2*q_add*x_q*x_p*lambda + q_add*x_p*x_p*lambda - q_add*x_q*y_q + q_add*x_q*y_p + q_add*x_p*y_q - q_add*x_p*y_p,prime-field-montgomery,element,specialized,p255_bls12_381_scalar,256,8,0x73eda753299d7d483339d80809a1d80553bda402fffe5bfeffffffff00000001,16,65536,6,4,7,2,10,whole-run,fixed,triton-sumcheck-prime-field-montgomery-element-layout-specialized-points,83.158,11.649,0.000,0.000000,0.000,11.649,ok,cuda-sumcheck-prime-field-montgomery-element-layout-specialized-points,6.54608,5.2793,0,0,0,5.2793,ok,true,70140589766208,70140589766208,2.206543,,results/tmp_full_zk_r14_28/zk_complete_add_1_bw256_r16.log
zk_complete_add_1,q_add*x_q*x_q*lambda - 2*q_add*x_q*x_p*lambda + q_add*x_p*x_p*lambda - q_add*x_q*y_q + q_add*x_q*y_p + q_add*x_p*y_q - q_add*x_p*y_p,prime-field-montgomery,element,specialized,p255_bls12_381_scalar,256,8,0x73eda753299d7d483339d80809a1d80553bda402fffe5bfeffffffff00000001,18,262144,6,4,7,2,10,whole-run,fixed,triton-sumcheck-prime-field-montgomery-element-layout-specialized-points,85.418,14.580,0.000,0.000000,0.000,14.580,ok,cuda-sumcheck-prime-field-montgomery-element-layout-specialized-points,8.52563,7.32144,0,0,0,7.32144,ok,true,77740439228127,77740439228127,1.991412,,results/tmp_full_zk_r14_28/zk_complete_add_1_bw256_r18.log
zk_complete_add_1,q_add*x_q*x_q*lambda - 2*q_add*x_q*x_p*lambda + q_add*x_p*x_p*lambda - q_add*x_q*y_q + q_add*x_q*y_p + q_add*x_p*y_q - q_add*x_p*y_p,prime-field-montgomery,element,specialized,p255_bls12_381_scalar,256,8,0x73eda753299d7d483339d80809a1d80553bda402fffe5bfeffffffff00000001,20,1048576,6,4,7,2,10,whole-run,fixed,triton-sumcheck-prime-field-montgomery-element-layout-specialized-points,91.970,21.427,0.000,0.000000,0.000,21.427,ok,cuda-sumcheck-prime-field-montgomery-element-layout-specialized-points,14.2572,13.0807,0,0,0,13.0807,ok,true,89052187468088,89052187468088,1.638062,,results/tmp_full_zk_r14_28/zk_complete_add_1_bw256_r20.log
zk_complete_add_1,q_add*x_q*x_q*lambda - 2*q_add*x_q*x_p*lambda + q_add*x_p*x_p*lambda - q_add*x_q*y_q + q_add*x_q*y_p + q_add*x_p*y_q - q_add*x_p*y_p,prime-field-montgomery,element,specialized,p255_bls12_381_scalar,256,8,0x73eda753299d7d483339d80809a1d80553bda402fffe5bfeffffffff00000001,22,4194304,6,4,7,2,10,whole-run,fixed,triton-sumcheck-prime-field-montgomery-element-layout-specialized-points,108.951,39.299,0.000,0.000000,0.000,39.299,ok,cuda-sumcheck-prime-field-montgomery-element-layout-specialized-points,34.1866,32.9139,0,0,0,32.9139,ok,true,96665956790949,96665956790949,1.193994,,results/tmp_full_zk_r14_28/zk_complete_add_1_bw256_r22.log
zk_complete_add_1,q_add*x_q*x_q*lambda - 2*q_add*x_q*x_p*lambda + q_add*x_p*x_p*lambda - q_add*x_q*y_q + q_add*x_q*y_p + q_add*x_p*y_q - q_add*x_p*y_p,prime-field-montgomery,element,specialized,p255_bls12_381_scalar,256,8,0x73eda753299d7d483339d80809a1d80553bda402fffe5bfeffffffff00000001,24,16777216,6,4,7,2,10,whole-run,fixed,triton-sumcheck-prime-field-montgomery-element-layout-specialized-points,190.265,111.742,0.000,0.000000,0.000,111.742,ok,cuda-sumcheck-prime-field-montgomery-element-layout-specialized-points,109.865,108.751,0,0,0,108.751,ok,true,108117630662951,108117630662951,1.027503,,results/tmp_full_zk_r14_28/zk_complete_add_1_bw256_r24.log
zk_complete_add_1,q_add*x_q*x_q*lambda - 2*q_add*x_q*x_p*lambda + q_add*x_p*x_p*lambda - q_add*x_q*y_q + q_add*x_q*y_p + q_add*x_p*y_q - q_add*x_p*y_p,prime-field-montgomery,element,specialized,p255_bls12_381_scalar,256,8,0x73eda753299d7d483339d80809a1d80553bda402fffe5bfeffffffff00000001,26,67108864,6,4,7,2,10,whole-run,fixed,triton-sumcheck-prime-field-montgomery-element-layout-specialized-points,487.741,397.994,0.000,0.000000,0.000,397.994,ok,cuda-sumcheck-prime-field-montgomery-element-layout-specialized-points,414.123,408.955,0,0,0,408.955,ok,true,116131405668291,116131405668291,0.973198,,results/tmp_full_zk_r14_28/zk_complete_add_1_bw256_r26.log
zk_complete_add_1,q_add*x_q*x_q*lambda - 2*q_add*x_q*x_p*lambda + q_add*x_p*x_p*lambda - q_add*x_q*y_q + q_add*x_q*y_p + q_add*x_p*y_q - q_add*x_p*y_p,prime-field-montgomery,element,specialized,,256,,,28,268435456,6,4,7,2,10,whole-run,fixed,,,,,,,,skipped,,,,,,,,skipped,skipped,,,,returncode=1,results/tmp_full_zk_r14_28/zk_complete_add_1_bw256_r28.log
zk_complete_add_2,2*q_add*y_p*lambda - 3*q_add*x_p*x_p - 2*q_add*x_q*y_p*lambda*alpha + 3*q_add*x_q*x_p*x_p*alpha + 2*q_add*x_p*y_p*lambda*alpha - 3*q_add*x_p*x_p*x_p*alpha,prime-field-montgomery,element,specialized,p32_2^32_minus_5,32,1,0xfffffffb,14,16384,6,5,6,2,10,whole-run,fixed,triton-sumcheck-prime-field-montgomery-element-layout-specialized-points,9071.114,9.749,0.000,0.000000,0.000,9.749,ok,cuda-sumcheck-prime-field-montgomery-element-layout-specialized-points,2.47018,2.25674,0,0,0,2.25674,ok,true,2311986769469,2311986769469,4.319948,,results/tmp_full_zk_r14_28/zk_complete_add_2_bw32_r14.log
zk_complete_add_2,2*q_add*y_p*lambda - 3*q_add*x_p*x_p - 2*q_add*x_q*y_p*lambda*alpha + 3*q_add*x_q*x_p*x_p*alpha + 2*q_add*x_p*y_p*lambda*alpha - 3*q_add*x_p*x_p*x_p*alpha,prime-field-montgomery,element,specialized,p32_2^32_minus_5,32,1,0xfffffffb,16,65536,6,5,6,2,10,whole-run,fixed,triton-sumcheck-prime-field-montgomery-element-layout-specialized-points,55.887,12.582,0.000,0.000000,0.000,12.582,ok,cuda-sumcheck-prime-field-montgomery-element-layout-specialized-points,3.1271,2.84749,0,0,0,2.84749,ok,true,2514561558548,2514561558548,4.418628,,results/tmp_full_zk_r14_28/zk_complete_add_2_bw32_r16.log
zk_complete_add_2,2*q_add*y_p*lambda - 3*q_add*x_p*x_p - 2*q_add*x_q*y_p*lambda*alpha + 3*q_add*x_q*x_p*x_p*alpha + 2*q_add*x_p*y_p*lambda*alpha - 3*q_add*x_p*x_p*x_p*alpha,prime-field-montgomery,element,specialized,p32_2^32_minus_5,32,1,0xfffffffb,18,262144,6,5,6,2,10,whole-run,fixed,triton-sumcheck-prime-field-montgomery-element-layout-specialized-points,58.955,16.153,0.000,0.000000,0.000,16.153,ok,cuda-sumcheck-prime-field-montgomery-element-layout-specialized-points,3.65674,3.42054,0,0,0,3.42054,ok,true,3109936549057,3109936549057,4.722354,,results/tmp_full_zk_r14_28/zk_complete_add_2_bw32_r18.log
zk_complete_add_2,2*q_add*y_p*lambda - 3*q_add*x_p*x_p - 2*q_add*x_q*y_p*lambda*alpha + 3*q_add*x_q*x_p*x_p*alpha + 2*q_add*x_p*y_p*lambda*alpha - 3*q_add*x_p*x_p*x_p*alpha,prime-field-montgomery,element,specialized,p32_2^32_minus_5,32,1,0xfffffffb,20,1048576,6,5,6,2,10,whole-run,fixed,triton-sumcheck-prime-field-montgomery-element-layout-specialized-points,63.547,20.399,0.000,0.000000,0.000,20.399,ok,cuda-sumcheck-prime-field-montgomery-element-layout-specialized-points,4.5343,4.3313,0,0,0,4.3313,ok,true,3120232100830,3120232100830,4.709671,,results/tmp_full_zk_r14_28/zk_complete_add_2_bw32_r20.log
zk_complete_add_2,2*q_add*y_p*lambda - 3*q_add*x_p*x_p - 2*q_add*x_q*y_p*lambda*alpha + 3*q_add*x_q*x_p*x_p*alpha + 2*q_add*x_p*y_p*lambda*alpha - 3*q_add*x_p*x_p*x_p*alpha,prime-field-montgomery,element,specialized,p32_2^32_minus_5,32,1,0xfffffffb,22,4194304,6,5,6,2,10,whole-run,fixed,triton-sumcheck-prime-field-montgomery-element-layout-specialized-points,67.864,24.279,0.000,0.000000,0.000,24.279,ok,cuda-sumcheck-prime-field-montgomery-element-layout-specialized-points,5.77453,5.62528,0,0,0,5.62528,ok,true,3742729134846,3742729134846,4.316052,,results/tmp_full_zk_r14_28/zk_complete_add_2_bw32_r22.log
zk_complete_add_2,2*q_add*y_p*lambda - 3*q_add*x_p*x_p - 2*q_add*x_q*y_p*lambda*alpha + 3*q_add*x_q*x_p*x_p*alpha + 2*q_add*x_p*y_p*lambda*alpha - 3*q_add*x_p*x_p*x_p*alpha,prime-field-montgomery,element,specialized,p32_2^32_minus_5,32,1,0xfffffffb,24,16777216,6,5,6,2,10,whole-run,fixed,triton-sumcheck-prime-field-montgomery-element-layout-specialized-points,78.128,35.398,0.000,0.000000,0.000,35.398,ok,cuda-sumcheck-prime-field-montgomery-element-layout-specialized-points,9.60739,9.45328,0,0,0,9.45328,ok,true,3889061788664,3889061788664,3.744520,,results/tmp_full_zk_r14_28/zk_complete_add_2_bw32_r24.log
zk_complete_add_2,2*q_add*y_p*lambda - 3*q_add*x_p*x_p - 2*q_add*x_q*y_p*lambda*alpha + 3*q_add*x_q*x_p*x_p*alpha + 2*q_add*x_p*y_p*lambda*alpha - 3*q_add*x_p*x_p*x_p*alpha,prime-field-montgomery,element,specialized,p32_2^32_minus_5,32,1,0xfffffffb,26,67108864,6,5,6,2,10,whole-run,fixed,triton-sumcheck-prime-field-montgomery-element-layout-specialized-points,119.547,74.310,0.000,0.000000,0.000,74.310,ok,cuda-sumcheck-prime-field-montgomery-element-layout-specialized-points,22.2565,22.1512,0,0,0,22.1512,ok,true,4384259090276,4384259090276,3.354672,,results/tmp_full_zk_r14_28/zk_complete_add_2_bw32_r26.log
zk_complete_add_2,2*q_add*y_p*lambda - 3*q_add*x_p*x_p - 2*q_add*x_q*y_p*lambda*alpha + 3*q_add*x_q*x_p*x_p*alpha + 2*q_add*x_p*y_p*lambda*alpha - 3*q_add*x_p*x_p*x_p*alpha,prime-field-montgomery,element,specialized,p32_2^32_minus_5,32,1,0xfffffffb,28,268435456,6,5,6,2,10,whole-run,fixed,triton-sumcheck-prime-field-montgomery-element-layout-specialized-points,288.646,227.394,0.000,0.000000,0.000,227.394,ok,cuda-sumcheck-prime-field-montgomery-element-layout-specialized-points,73.5786,73.8656,0,0,0,73.8656,ok,true,5025699657927,5025699657927,3.078483,,results/tmp_full_zk_r14_28/zk_complete_add_2_bw32_r28.log
zk_complete_add_2,2*q_add*y_p*lambda - 3*q_add*x_p*x_p - 2*q_add*x_q*y_p*lambda*alpha + 3*q_add*x_q*x_p*x_p*alpha + 2*q_add*x_p*y_p*lambda*alpha - 3*q_add*x_p*x_p*x_p*alpha,prime-field-montgomery,element,specialized,p64_goldilocks,64,2,0xffffffff00000001,14,16384,6,5,6,2,10,whole-run,fixed,triton-sumcheck-prime-field-montgomery-element-layout-specialized-points,56845.918,9.711,0.000,0.000000,0.000,9.711,ok,cuda-sumcheck-prime-field-montgomery-element-layout-specialized-points,2.74096,2.29059,0,0,0,2.29059,ok,true,6899663920825,6899663920825,4.239519,,results/tmp_full_zk_r14_28/zk_complete_add_2_bw64_r14.log
zk_complete_add_2,2*q_add*y_p*lambda - 3*q_add*x_p*x_p - 2*q_add*x_q*y_p*lambda*alpha + 3*q_add*x_q*x_p*x_p*alpha + 2*q_add*x_p*y_p*lambda*alpha - 3*q_add*x_p*x_p*x_p*alpha,prime-field-montgomery,element,specialized,p64_goldilocks,64,2,0xffffffff00000001,16,65536,6,5,6,2,10,whole-run,fixed,triton-sumcheck-prime-field-montgomery-element-layout-specialized-points,59.721,12.644,0.000,0.000000,0.000,12.644,ok,cuda-sumcheck-prime-field-montgomery-element-layout-specialized-points,3.25197,2.81789,0,0,0,2.81789,ok,true,8140035570771,8140035570771,4.487045,,results/tmp_full_zk_r14_28/zk_complete_add_2_bw64_r16.log
zk_complete_add_2,2*q_add*y_p*lambda - 3*q_add*x_p*x_p - 2*q_add*x_q*y_p*lambda*alpha + 3*q_add*x_q*x_p*x_p*alpha + 2*q_add*x_p*y_p*lambda*alpha - 3*q_add*x_p*x_p*x_p*alpha,prime-field-montgomery,element,specialized,p64_goldilocks,64,2,0xffffffff00000001,18,262144,6,5,6,2,10,whole-run,fixed,triton-sumcheck-prime-field-montgomery-element-layout-specialized-points,63.699,16.280,0.000,0.000000,0.000,16.280,ok,cuda-sumcheck-prime-field-montgomery-element-layout-specialized-points,4.64688,4.23014,0,0,0,4.23014,ok,true,8989146129483,8989146129483,3.848572,,results/tmp_full_zk_r14_28/zk_complete_add_2_bw64_r18.log
zk_complete_add_2,2*q_add*y_p*lambda - 3*q_add*x_p*x_p - 2*q_add*x_q*y_p*lambda*alpha + 3*q_add*x_q*x_p*x_p*alpha + 2*q_add*x_p*y_p*lambda*alpha - 3*q_add*x_p*x_p*x_p*alpha,prime-field-montgomery,element,specialized,p64_goldilocks,64,2,0xffffffff00000001,20,1048576,6,5,6,2,10,whole-run,fixed,triton-sumcheck-prime-field-montgomery-element-layout-specialized-points,67.646,20.045,0.000,0.000000,0.000,20.045,ok,cuda-sumcheck-prime-field-montgomery-element-layout-specialized-points,5.35258,4.94182,0,0,0,4.94182,ok,true,10437560870269,10437560870269,4.056198,,results/tmp_full_zk_r14_28/zk_complete_add_2_bw64_r20.log
zk_complete_add_2,2*q_add*y_p*lambda - 3*q_add*x_p*x_p - 2*q_add*x_q*y_p*lambda*alpha + 3*q_add*x_q*x_p*x_p*alpha + 2*q_add*x_p*y_p*lambda*alpha - 3*q_add*x_p*x_p*x_p*alpha,prime-field-montgomery,element,specialized,p64_goldilocks,64,2,0xffffffff00000001,22,4194304,6,5,6,2,10,whole-run,fixed,triton-sumcheck-prime-field-montgomery-element-layout-specialized-points,72.875,25.601,0.000,0.000000,0.000,25.601,ok,cuda-sumcheck-prime-field-montgomery-element-layout-specialized-points,8.81248,8.43978,0,0,0,8.43978,ok,true,11300707749851,11300707749851,3.033373,,results/tmp_full_zk_r14_28/zk_complete_add_2_bw64_r22.log
zk_complete_add_2,2*q_add*y_p*lambda - 3*q_add*x_p*x_p - 2*q_add*x_q*y_p*lambda*alpha + 3*q_add*x_q*x_p*x_p*alpha + 2*q_add*x_p*y_p*lambda*alpha - 3*q_add*x_p*x_p*x_p*alpha,prime-field-montgomery,element,specialized,p64_goldilocks,64,2,0xffffffff00000001,24,16777216,6,5,6,2,10,whole-run,fixed,triton-sumcheck-prime-field-montgomery-element-layout-specialized-points,87.591,41.019,0.000,0.000000,0.000,41.019,ok,cuda-sumcheck-prime-field-montgomery-element-layout-specialized-points,17.7474,17.3629,0,0,0,17.3629,ok,true,11783329039638,11783329039638,2.362451,,results/tmp_full_zk_r14_28/zk_complete_add_2_bw64_r24.log
zk_complete_add_2,2*q_add*y_p*lambda - 3*q_add*x_p*x_p - 2*q_add*x_q*y_p*lambda*alpha + 3*q_add*x_q*x_p*x_p*alpha + 2*q_add*x_p*y_p*lambda*alpha - 3*q_add*x_p*x_p*x_p*alpha,prime-field-montgomery,element,specialized,p64_goldilocks,64,2,0xffffffff00000001,26,67108864,6,5,6,2,10,whole-run,fixed,triton-sumcheck-prime-field-montgomery-element-layout-specialized-points,151.617,99.370,0.000,0.000000,0.000,99.370,ok,cuda-sumcheck-prime-field-montgomery-element-layout-specialized-points,53.179,52.8337,0,0,0,52.8337,ok,true,13101296564044,13101296564044,1.880807,,results/tmp_full_zk_r14_28/zk_complete_add_2_bw64_r26.log
zk_complete_add_2,2*q_add*y_p*lambda - 3*q_add*x_p*x_p - 2*q_add*x_q*y_p*lambda*alpha + 3*q_add*x_q*x_p*x_p*alpha + 2*q_add*x_p*y_p*lambda*alpha - 3*q_add*x_p*x_p*x_p*alpha,prime-field-montgomery,element,specialized,p64_goldilocks,64,2,0xffffffff00000001,28,268435456,6,5,6,2,10,whole-run,fixed,triton-sumcheck-prime-field-montgomery-element-layout-specialized-points,376.956,327.825,0.000,0.000000,0.000,327.825,ok,cuda-sumcheck-prime-field-montgomery-element-layout-specialized-points,195.03,195.225,0,0,0,195.225,ok,true,13212675969090,13212675969090,1.679216,,results/tmp_full_zk_r14_28/zk_complete_add_2_bw64_r28.log
zk_complete_add_2,2*q_add*y_p*lambda - 3*q_add*x_p*x_p - 2*q_add*x_q*y_p*lambda*alpha + 3*q_add*x_q*x_p*x_p*alpha + 2*q_add*x_p*y_p*lambda*alpha - 3*q_add*x_p*x_p*x_p*alpha,prime-field-montgomery,element,specialized,p128_mersenne_2^127_minus_1,128,4,0x7fffffffffffffffffffffffffffffff,14,16384,6,5,6,2,10,whole-run,fixed,triton-sumcheck-prime-field-montgomery-element-layout-specialized-points,638719.531,9.884,0.000,0.000000,0.000,9.884,ok,cuda-sumcheck-prime-field-montgomery-element-layout-specialized-points,4.27402,3.42966,0,0,0,3.42966,ok,true,18353972630513,18353972630513,2.881918,,results/tmp_full_zk_r14_28/zk_complete_add_2_bw128_r14.log
zk_complete_add_2,2*q_add*y_p*lambda - 3*q_add*x_p*x_p - 2*q_add*x_q*y_p*lambda*alpha + 3*q_add*x_q*x_p*x_p*alpha + 2*q_add*x_p*y_p*lambda*alpha - 3*q_add*x_p*x_p*x_p*alpha,prime-field-montgomery,element,specialized,p128_mersenne_2^127_minus_1,128,4,0x7fffffffffffffffffffffffffffffff,16,65536,6,5,6,2,10,whole-run,fixed,triton-sumcheck-prime-field-montgomery-element-layout-specialized-points,70.495,12.751,0.000,0.000000,0.000,12.751,ok,cuda-sumcheck-prime-field-montgomery-element-layout-specialized-points,4.67731,3.90246,0,0,0,3.90246,ok,true,21131633611062,21131633611062,3.267426,,results/tmp_full_zk_r14_28/zk_complete_add_2_bw128_r16.log
zk_complete_add_2,2*q_add*y_p*lambda - 3*q_add*x_p*x_p - 2*q_add*x_q*y_p*lambda*alpha + 3*q_add*x_q*x_p*x_p*alpha + 2*q_add*x_p*y_p*lambda*alpha - 3*q_add*x_p*x_p*x_p*alpha,prime-field-montgomery,element,specialized,p128_mersenne_2^127_minus_1,128,4,0x7fffffffffffffffffffffffffffffff,18,262144,6,5,6,2,10,whole-run,fixed,triton-sumcheck-prime-field-montgomery-element-layout-specialized-points,73.405,16.206,0.000,0.000000,0.000,16.206,ok,cuda-sumcheck-prime-field-montgomery-element-layout-specialized-points,6.37261,5.5569,0,0,0,5.5569,ok,true,24390322774896,24390322774896,2.916374,,results/tmp_full_zk_r14_28/zk_complete_add_2_bw128_r18.log
zk_complete_add_2,2*q_add*y_p*lambda - 3*q_add*x_p*x_p - 2*q_add*x_q*y_p*lambda*alpha + 3*q_add*x_q*x_p*x_p*alpha + 2*q_add*x_p*y_p*lambda*alpha - 3*q_add*x_p*x_p*x_p*alpha,prime-field-montgomery,element,specialized,p128_mersenne_2^127_minus_1,128,4,0x7fffffffffffffffffffffffffffffff,20,1048576,6,5,6,2,10,whole-run,fixed,triton-sumcheck-prime-field-montgomery-element-layout-specialized-points,78.900,20.503,0.000,0.000000,0.000,20.503,ok,cuda-sumcheck-prime-field-montgomery-element-layout-specialized-points,8.72829,7.90157,0,0,0,7.90157,ok,true,26400039507855,26400039507855,2.594801,,results/tmp_full_zk_r14_28/zk_complete_add_2_bw128_r20.log
zk_complete_add_2,2*q_add*y_p*lambda - 3*q_add*x_p*x_p - 2*q_add*x_q*y_p*lambda*alpha + 3*q_add*x_q*x_p*x_p*alpha + 2*q_add*x_p*y_p*lambda*alpha - 3*q_add*x_p*x_p*x_p*alpha,prime-field-montgomery,element,specialized,p128_mersenne_2^127_minus_1,128,4,0x7fffffffffffffffffffffffffffffff,22,4194304,6,5,6,2,10,whole-run,fixed,triton-sumcheck-prime-field-montgomery-element-layout-specialized-points,88.218,31.065,0.000,0.000000,0.000,31.065,ok,cuda-sumcheck-prime-field-montgomery-element-layout-specialized-points,15.6869,14.9157,0,0,0,14.9157,ok,true,30061543046041,30061543046041,2.082705,,results/tmp_full_zk_r14_28/zk_complete_add_2_bw128_r22.log
zk_complete_add_2,2*q_add*y_p*lambda - 3*q_add*x_p*x_p - 2*q_add*x_q*y_p*lambda*alpha + 3*q_add*x_q*x_p*x_p*alpha + 2*q_add*x_p*y_p*lambda*alpha - 3*q_add*x_p*x_p*x_p*alpha,prime-field-montgomery,element,specialized,p128_mersenne_2^127_minus_1,128,4,0x7fffffffffffffffffffffffffffffff,24,16777216,6,5,6,2,10,whole-run,fixed,triton-sumcheck-prime-field-montgomery-element-layout-specialized-points,126.424,67.026,0.000,0.000000,0.000,67.026,ok,cuda-sumcheck-prime-field-montgomery-element-layout-specialized-points,42.8241,42.0775,0,0,0,42.0775,ok,true,31908048759158,31908048759158,1.592918,,results/tmp_full_zk_r14_28/zk_complete_add_2_bw128_r24.log
zk_complete_add_2,2*q_add*y_p*lambda - 3*q_add*x_p*x_p - 2*q_add*x_q*y_p*lambda*alpha + 3*q_add*x_q*x_p*x_p*alpha + 2*q_add*x_p*y_p*lambda*alpha - 3*q_add*x_p*x_p*x_p*alpha,prime-field-montgomery,element,specialized,p128_mersenne_2^127_minus_1,128,4,0x7fffffffffffffffffffffffffffffff,26,67108864,6,5,6,2,10,whole-run,fixed,triton-sumcheck-prime-field-montgomery-element-layout-specialized-points,279.196,209.715,0.000,0.000000,0.000,209.715,ok,cuda-sumcheck-prime-field-montgomery-element-layout-specialized-points,149.854,149.044,0,0,0,149.044,ok,true,34192760741100,34192760741100,1.407068,,results/tmp_full_zk_r14_28/zk_complete_add_2_bw128_r26.log
zk_complete_add_2,2*q_add*y_p*lambda - 3*q_add*x_p*x_p - 2*q_add*x_q*y_p*lambda*alpha + 3*q_add*x_q*x_p*x_p*alpha + 2*q_add*x_p*y_p*lambda*alpha - 3*q_add*x_p*x_p*x_p*alpha,prime-field-montgomery,element,specialized,p128_mersenne_2^127_minus_1,128,4,0x7fffffffffffffffffffffffffffffff,28,268435456,6,5,6,2,10,whole-run,fixed,triton-sumcheck-prime-field-montgomery-element-layout-specialized-points,833.845,773.939,0.000,0.000000,0.000,773.939,ok,cuda-sumcheck-prime-field-montgomery-element-layout-specialized-points,575.956,575.052,0,0,0,575.052,ok,true,37689283770801,37689283770801,1.345859,,results/tmp_full_zk_r14_28/zk_complete_add_2_bw128_r28.log
zk_complete_add_2,2*q_add*y_p*lambda - 3*q_add*x_p*x_p - 2*q_add*x_q*y_p*lambda*alpha + 3*q_add*x_q*x_p*x_p*alpha + 2*q_add*x_p*y_p*lambda*alpha - 3*q_add*x_p*x_p*x_p*alpha,prime-field-montgomery,element,specialized,p255_bls12_381_scalar,256,8,0x73eda753299d7d483339d80809a1d80553bda402fffe5bfeffffffff00000001,14,16384,6,5,6,2,10,whole-run,fixed,triton-sumcheck-prime-field-montgomery-element-layout-specialized-points,10695525.393,11.800,0.000,0.000000,0.000,11.800,ok,cuda-sumcheck-prime-field-montgomery-element-layout-specialized-points,8.18179,6.1705,0,0,0,6.1705,ok,true,74624248839335,74624248839335,1.912325,,results/tmp_full_zk_r14_28/zk_complete_add_2_bw256_r14.log
zk_complete_add_2,2*q_add*y_p*lambda - 3*q_add*x_p*x_p - 2*q_add*x_q*y_p*lambda*alpha + 3*q_add*x_q*x_p*x_p*alpha + 2*q_add*x_p*y_p*lambda*alpha - 3*q_add*x_p*x_p*x_p*alpha,prime-field-montgomery,element,specialized,p255_bls12_381_scalar,256,8,0x73eda753299d7d483339d80809a1d80553bda402fffe5bfeffffffff00000001,16,65536,6,5,6,2,10,whole-run,fixed,triton-sumcheck-prime-field-montgomery-element-layout-specialized-points,109.051,14.885,0.000,0.000000,0.000,14.885,ok,cuda-sumcheck-prime-field-montgomery-element-layout-specialized-points,9.30778,7.42032,0,0,0,7.42032,ok,true,83103942471017,83103942471017,2.005978,,results/tmp_full_zk_r14_28/zk_complete_add_2_bw256_r16.log
zk_complete_add_2,2*q_add*y_p*lambda - 3*q_add*x_p*x_p - 2*q_add*x_q*y_p*lambda*alpha + 3*q_add*x_q*x_p*x_p*alpha + 2*q_add*x_p*y_p*lambda*alpha - 3*q_add*x_p*x_p*x_p*alpha,prime-field-montgomery,element,specialized,p255_bls12_381_scalar,256,8,0x73eda753299d7d483339d80809a1d80553bda402fffe5bfeffffffff00000001,18,262144,6,5,6,2,10,whole-run,fixed,triton-sumcheck-prime-field-montgomery-element-layout-specialized-points,112.730,18.699,0.000,0.000000,0.000,18.699,ok,cuda-sumcheck-prime-field-montgomery-element-layout-specialized-points,12.6396,10.841,0,0,0,10.841,ok,true,97478495718266,97478495718266,1.724841,,results/tmp_full_zk_r14_28/zk_complete_add_2_bw256_r18.log
zk_complete_add_2,2*q_add*y_p*lambda - 3*q_add*x_p*x_p - 2*q_add*x_q*y_p*lambda*alpha + 3*q_add*x_q*x_p*x_p*alpha + 2*q_add*x_p*y_p*lambda*alpha - 3*q_add*x_p*x_p*x_p*alpha,prime-field-montgomery,element,specialized,p255_bls12_381_scalar,256,8,0x73eda753299d7d483339d80809a1d80553bda402fffe5bfeffffffff00000001,20,1048576,6,5,6,2,10,whole-run,fixed,triton-sumcheck-prime-field-montgomery-element-layout-specialized-points,121.626,27.538,0.000,0.000000,0.000,27.538,ok,cuda-sumcheck-prime-field-montgomery-element-layout-specialized-points,21.5566,19.7658,0,0,0,19.7658,ok,true,103057991298509,103057991298509,1.393215,,results/tmp_full_zk_r14_28/zk_complete_add_2_bw256_r20.log
zk_complete_add_2,2*q_add*y_p*lambda - 3*q_add*x_p*x_p - 2*q_add*x_q*y_p*lambda*alpha + 3*q_add*x_q*x_p*x_p*alpha + 2*q_add*x_p*y_p*lambda*alpha - 3*q_add*x_p*x_p*x_p*alpha,prime-field-montgomery,element,specialized,p255_bls12_381_scalar,256,8,0x73eda753299d7d483339d80809a1d80553bda402fffe5bfeffffffff00000001,22,4194304,6,5,6,2,10,whole-run,fixed,triton-sumcheck-prime-field-montgomery-element-layout-specialized-points,147.768,55.496,0.000,0.000000,0.000,55.496,ok,cuda-sumcheck-prime-field-montgomery-element-layout-specialized-points,52.1242,50.3696,0,0,0,50.3696,ok,true,114473208254587,114473208254587,1.101776,,results/tmp_full_zk_r14_28/zk_complete_add_2_bw256_r22.log
zk_complete_add_2,2*q_add*y_p*lambda - 3*q_add*x_p*x_p - 2*q_add*x_q*y_p*lambda*alpha + 3*q_add*x_q*x_p*x_p*alpha + 2*q_add*x_p*y_p*lambda*alpha - 3*q_add*x_p*x_p*x_p*alpha,prime-field-montgomery,element,specialized,p255_bls12_381_scalar,256,8,0x73eda753299d7d483339d80809a1d80553bda402fffe5bfeffffffff00000001,24,16777216,6,5,6,2,10,whole-run,fixed,triton-sumcheck-prime-field-montgomery-element-layout-specialized-points,264.313,165.522,0.000,0.000000,0.000,165.522,ok,cuda-sumcheck-prime-field-montgomery-element-layout-specialized-points,170.521,168.542,0,0,0,168.542,ok,true,130119393826630,130119393826630,0.982082,,results/tmp_full_zk_r14_28/zk_complete_add_2_bw256_r24.log
zk_complete_add_2,2*q_add*y_p*lambda - 3*q_add*x_p*x_p - 2*q_add*x_q*y_p*lambda*alpha + 3*q_add*x_q*x_p*x_p*alpha + 2*q_add*x_p*y_p*lambda*alpha - 3*q_add*x_p*x_p*x_p*alpha,prime-field-montgomery,element,specialized,p255_bls12_381_scalar,256,8,0x73eda753299d7d483339d80809a1d80553bda402fffe5bfeffffffff00000001,26,67108864,6,5,6,2,10,whole-run,fixed,triton-sumcheck-prime-field-montgomery-element-layout-specialized-points,729.841,599.885,0.000,0.000000,0.000,599.885,ok,cuda-sumcheck-prime-field-montgomery-element-layout-specialized-points,641.061,636.978,0,0,0,636.978,ok,true,140202653152965,140202653152965,0.941767,,results/tmp_full_zk_r14_28/zk_complete_add_2_bw256_r26.log
zk_complete_add_2,2*q_add*y_p*lambda - 3*q_add*x_p*x_p - 2*q_add*x_q*y_p*lambda*alpha + 3*q_add*x_q*x_p*x_p*alpha + 2*q_add*x_p*y_p*lambda*alpha - 3*q_add*x_p*x_p*x_p*alpha,prime-field-montgomery,element,specialized,,256,,,28,268435456,6,5,6,2,10,whole-run,fixed,,,,,,,,skipped,,,,,,,,skipped,skipped,,,,returncode=1,results/tmp_full_zk_r14_28/zk_complete_add_2_bw256_r28.log
zk_complete_add_3,q_add*x_p*x_q*x_q*lambda*lambda - q_add*x_p*x_q*x_q*x_q - q_add*x_p*x_q*x_q*x_r - q_add*x_p*x_p*x_q*x_q - q_add*x_p*x_p*x_q*lambda*lambda + q_add*x_p*x_p*x_p*x_q + q_add*x_p*x_p*x_q*x_r + q_add*x_p*x_p*x_q*x_q,prime-field-montgomery,element,specialized,p32_2^32_minus_5,32,1,0xfffffffb,14,16384,5,6,8,2,10,whole-run,fixed,triton-sumcheck-prime-field-montgomery-element-layout-specialized-points,9401.631,11.341,0.000,0.000000,0.000,11.341,ok,cuda-sumcheck-prime-field-montgomery-element-layout-specialized-points,2.85648,2.62272,0,0,0,2.62272,ok,true,2862121006446,2862121006446,4.324137,,results/tmp_full_zk_r14_28/zk_complete_add_3_bw32_r14.log
zk_complete_add_3,q_add*x_p*x_q*x_q*lambda*lambda - q_add*x_p*x_q*x_q*x_q - q_add*x_p*x_q*x_q*x_r - q_add*x_p*x_p*x_q*x_q - q_add*x_p*x_p*x_q*lambda*lambda + q_add*x_p*x_p*x_p*x_q + q_add*x_p*x_p*x_q*x_r + q_add*x_p*x_p*x_q*x_q,prime-field-montgomery,element,specialized,p32_2^32_minus_5,32,1,0xfffffffb,16,65536,5,6,8,2,10,whole-run,fixed,triton-sumcheck-prime-field-montgomery-element-layout-specialized-points,60.436,14.459,0.000,0.000000,0.000,14.459,ok,cuda-sumcheck-prime-field-montgomery-element-layout-specialized-points,3.61683,3.29846,0,0,0,3.29846,ok,true,2848653561533,2848653561533,4.383561,,results/tmp_full_zk_r14_28/zk_complete_add_3_bw32_r16.log
zk_complete_add_3,q_add*x_p*x_q*x_q*lambda*lambda - q_add*x_p*x_q*x_q*x_q - q_add*x_p*x_q*x_q*x_r - q_add*x_p*x_p*x_q*x_q - q_add*x_p*x_p*x_q*lambda*lambda + q_add*x_p*x_p*x_p*x_q + q_add*x_p*x_p*x_q*x_r + q_add*x_p*x_p*x_q*x_q,prime-field-montgomery,element,specialized,p32_2^32_minus_5,32,1,0xfffffffb,18,262144,5,6,8,2,10,whole-run,fixed,triton-sumcheck-prime-field-montgomery-element-layout-specialized-points,63.879,18.898,0.000,0.000000,0.000,18.898,ok,cuda-sumcheck-prime-field-montgomery-element-layout-specialized-points,4.38989,4.11328,0,0,0,4.11328,ok,true,3567736231150,3567736231150,4.594387,,results/tmp_full_zk_r14_28/zk_complete_add_3_bw32_r18.log
zk_complete_add_3,q_add*x_p*x_q*x_q*lambda*lambda - q_add*x_p*x_q*x_q*x_q - q_add*x_p*x_q*x_q*x_r - q_add*x_p*x_p*x_q*x_q - q_add*x_p*x_p*x_q*lambda*lambda + q_add*x_p*x_p*x_p*x_q + q_add*x_p*x_p*x_q*x_r + q_add*x_p*x_p*x_q*x_q,prime-field-montgomery,element,specialized,p32_2^32_minus_5,32,1,0xfffffffb,20,1048576,5,6,8,2,10,whole-run,fixed,triton-sumcheck-prime-field-montgomery-element-layout-specialized-points,68.698,23.400,0.000,0.000000,0.000,23.400,ok,cuda-sumcheck-prime-field-montgomery-element-layout-specialized-points,5.23626,4.99366,0,0,0,4.99366,ok,true,3866217322591,3866217322591,4.685942,,results/tmp_full_zk_r14_28/zk_complete_add_3_bw32_r20.log
zk_complete_add_3,q_add*x_p*x_q*x_q*lambda*lambda - q_add*x_p*x_q*x_q*x_q - q_add*x_p*x_q*x_q*x_r - q_add*x_p*x_p*x_q*x_q - q_add*x_p*x_p*x_q*lambda*lambda + q_add*x_p*x_p*x_p*x_q + q_add*x_p*x_p*x_q*x_r + q_add*x_p*x_p*x_q*x_q,prime-field-montgomery,element,specialized,p32_2^32_minus_5,32,1,0xfffffffb,22,4194304,5,6,8,2,10,whole-run,fixed,triton-sumcheck-prime-field-montgomery-element-layout-specialized-points,74.022,28.714,0.000,0.000000,0.000,28.714,ok,cuda-sumcheck-prime-field-montgomery-element-layout-specialized-points,6.76195,6.55696,0,0,0,6.55696,ok,true,4099413798753,4099413798753,4.379164,,results/tmp_full_zk_r14_28/zk_complete_add_3_bw32_r22.log
zk_complete_add_3,q_add*x_p*x_q*x_q*lambda*lambda - q_add*x_p*x_q*x_q*x_q - q_add*x_p*x_q*x_q*x_r - q_add*x_p*x_p*x_q*x_q - q_add*x_p*x_p*x_q*lambda*lambda + q_add*x_p*x_p*x_p*x_q + q_add*x_p*x_p*x_q*x_r + q_add*x_p*x_p*x_q*x_q,prime-field-montgomery,element,specialized,p32_2^32_minus_5,32,1,0xfffffffb,24,16777216,5,6,8,2,10,whole-run,fixed,triton-sumcheck-prime-field-montgomery-element-layout-specialized-points,85.942,40.065,0.000,0.000000,0.000,40.065,ok,cuda-sumcheck-prime-field-montgomery-element-layout-specialized-points,10.4575,10.2604,0,0,0,10.2604,ok,true,4496078752126,4496078752126,3.904819,,results/tmp_full_zk_r14_28/zk_complete_add_3_bw32_r24.log
zk_complete_add_3,q_add*x_p*x_q*x_q*lambda*lambda - q_add*x_p*x_q*x_q*x_q - q_add*x_p*x_q*x_q*x_r - q_add*x_p*x_p*x_q*x_q - q_add*x_p*x_p*x_q*lambda*lambda + q_add*x_p*x_p*x_p*x_q + q_add*x_p*x_p*x_q*x_r + q_add*x_p*x_p*x_q*x_q,prime-field-montgomery,element,specialized,p32_2^32_minus_5,32,1,0xfffffffb,26,67108864,5,6,8,2,10,whole-run,fixed,triton-sumcheck-prime-field-montgomery-element-layout-specialized-points,128.622,83.343,0.000,0.000000,0.000,83.343,ok,cuda-sumcheck-prime-field-montgomery-element-layout-specialized-points,23.3648,23.1005,0,0,0,23.1005,ok,true,5116907679325,5116907679325,3.607844,,results/tmp_full_zk_r14_28/zk_complete_add_3_bw32_r26.log
zk_complete_add_3,q_add*x_p*x_q*x_q*lambda*lambda - q_add*x_p*x_q*x_q*x_q - q_add*x_p*x_q*x_q*x_r - q_add*x_p*x_p*x_q*x_q - q_add*x_p*x_p*x_q*lambda*lambda + q_add*x_p*x_p*x_p*x_q + q_add*x_p*x_p*x_q*x_r + q_add*x_p*x_p*x_q*x_q,prime-field-montgomery,element,specialized,p32_2^32_minus_5,32,1,0xfffffffb,28,268435456,5,6,8,2,10,whole-run,fixed,triton-sumcheck-prime-field-montgomery-element-layout-specialized-points,309.316,250.472,0.000,0.000000,0.000,250.472,ok,cuda-sumcheck-prime-field-montgomery-element-layout-specialized-points,74.0027,74.5089,0,0,0,74.5089,ok,true,5021912013898,5021912013898,3.361639,,results/tmp_full_zk_r14_28/zk_complete_add_3_bw32_r28.log
zk_complete_add_3,q_add*x_p*x_q*x_q*lambda*lambda - q_add*x_p*x_q*x_q*x_q - q_add*x_p*x_q*x_q*x_r - q_add*x_p*x_p*x_q*x_q - q_add*x_p*x_p*x_q*lambda*lambda + q_add*x_p*x_p*x_p*x_q + q_add*x_p*x_p*x_q*x_r + q_add*x_p*x_p*x_q*x_q,prime-field-montgomery,element,specialized,p64_goldilocks,64,2,0xffffffff00000001,14,16384,5,6,8,2,10,whole-run,fixed,triton-sumcheck-prime-field-montgomery-element-layout-specialized-points,54411.742,11.882,0.000,0.000000,0.000,11.882,ok,cuda-sumcheck-prime-field-montgomery-element-layout-specialized-points,3.27139,2.77552,0,0,0,2.77552,ok,true,7833199395112,7833199395112,4.281000,,results/tmp_full_zk_r14_28/zk_complete_add_3_bw64_r14.log
zk_complete_add_3,q_add*x_p*x_q*x_q*lambda*lambda - q_add*x_p*x_q*x_q*x_q - q_add*x_p*x_q*x_q*x_r - q_add*x_p*x_p*x_q*x_q - q_add*x_p*x_p*x_q*lambda*lambda + q_add*x_p*x_p*x_p*x_q + q_add*x_p*x_p*x_q*x_r + q_add*x_p*x_p*x_q*x_q,prime-field-montgomery,element,specialized,p64_goldilocks,64,2,0xffffffff00000001,16,65536,5,6,8,2,10,whole-run,fixed,triton-sumcheck-prime-field-montgomery-element-layout-specialized-points,65.092,14.671,0.000,0.000000,0.000,14.671,ok,cuda-sumcheck-prime-field-montgomery-element-layout-specialized-points,4.03242,3.48854,0,0,0,3.48854,ok,true,9691694050584,9691694050584,4.205484,,results/tmp_full_zk_r14_28/zk_complete_add_3_bw64_r16.log
zk_complete_add_3,q_add*x_p*x_q*x_q*lambda*lambda - q_add*x_p*x_q*x_q*x_q - q_add*x_p*x_q*x_q*x_r - q_add*x_p*x_p*x_q*x_q - q_add*x_p*x_p*x_q*lambda*lambda + q_add*x_p*x_p*x_p*x_q + q_add*x_p*x_p*x_q*x_r + q_add*x_p*x_p*x_q*x_q,prime-field-montgomery,element,specialized,p64_goldilocks,64,2,0xffffffff00000001,18,262144,5,6,8,2,10,whole-run,fixed,triton-sumcheck-prime-field-montgomery-element-layout-specialized-points,68.136,18.692,0.000,0.000000,0.000,18.692,ok,cuda-sumcheck-prime-field-montgomery-element-layout-specialized-points,4.89462,4.39981,0,0,0,4.39981,ok,true,11349267643376,11349267643376,4.248365,,results/tmp_full_zk_r14_28/zk_complete_add_3_bw64_r18.log
zk_complete_add_3,q_add*x_p*x_q*x_q*lambda*lambda - q_add*x_p*x_q*x_q*x_q - q_add*x_p*x_q*x_q*x_r - q_add*x_p*x_p*x_q*x_q - q_add*x_p*x_p*x_q*lambda*lambda + q_add*x_p*x_p*x_p*x_q + q_add*x_p*x_p*x_q*x_r + q_add*x_p*x_p*x_q*x_q,prime-field-montgomery,element,specialized,p64_goldilocks,64,2,0xffffffff00000001,20,1048576,5,6,8,2,10,whole-run,fixed,triton-sumcheck-prime-field-montgomery-element-layout-specialized-points,73.283,23.468,0.000,0.000000,0.000,23.468,ok,cuda-sumcheck-prime-field-montgomery-element-layout-specialized-points,7.17936,6.64134,0,0,0,6.64134,ok,true,11707574445021,11707574445021,3.533624,,results/tmp_full_zk_r14_28/zk_complete_add_3_bw64_r20.log
zk_complete_add_3,q_add*x_p*x_q*x_q*lambda*lambda - q_add*x_p*x_q*x_q*x_q - q_add*x_p*x_q*x_q*x_r - q_add*x_p*x_p*x_q*x_q - q_add*x_p*x_p*x_q*lambda*lambda + q_add*x_p*x_p*x_p*x_q + q_add*x_p*x_p*x_q*x_r + q_add*x_p*x_p*x_q*x_q,prime-field-montgomery,element,specialized,p64_goldilocks,64,2,0xffffffff00000001,22,4194304,5,6,8,2,10,whole-run,fixed,triton-sumcheck-prime-field-montgomery-element-layout-specialized-points,78.942,29.855,0.000,0.000000,0.000,29.855,ok,cuda-sumcheck-prime-field-montgomery-element-layout-specialized-points,12.1925,11.6037,0,0,0,11.6037,ok,true,12927710177148,12927710177148,2.572886,,results/tmp_full_zk_r14_28/zk_complete_add_3_bw64_r22.log
zk_complete_add_3,q_add*x_p*x_q*x_q*lambda*lambda - q_add*x_p*x_q*x_q*x_q - q_add*x_p*x_q*x_q*x_r - q_add*x_p*x_p*x_q*x_q - q_add*x_p*x_p*x_q*lambda*lambda + q_add*x_p*x_p*x_p*x_q + q_add*x_p*x_p*x_q*x_r + q_add*x_p*x_p*x_q*x_q,prime-field-montgomery,element,specialized,p64_goldilocks,64,2,0xffffffff00000001,24,16777216,5,6,8,2,10,whole-run,fixed,triton-sumcheck-prime-field-montgomery-element-layout-specialized-points,97.310,45.512,0.000,0.000000,0.000,45.512,ok,cuda-sumcheck-prime-field-montgomery-element-layout-specialized-points,23.9728,23.5539,0,0,0,23.5539,ok,true,14369441442772,14369441442772,1.932249,,results/tmp_full_zk_r14_28/zk_complete_add_3_bw64_r24.log
zk_complete_add_3,q_add*x_p*x_q*x_q*lambda*lambda - q_add*x_p*x_q*x_q*x_q - q_add*x_p*x_q*x_q*x_r - q_add*x_p*x_p*x_q*x_q - q_add*x_p*x_p*x_q*lambda*lambda + q_add*x_p*x_p*x_p*x_q + q_add*x_p*x_p*x_q*x_r + q_add*x_p*x_p*x_q*x_q,prime-field-montgomery,element,specialized,p64_goldilocks,64,2,0xffffffff00000001,26,67108864,5,6,8,2,10,whole-run,fixed,triton-sumcheck-prime-field-montgomery-element-layout-specialized-points,170.520,106.029,0.000,0.000000,0.000,106.029,ok,cuda-sumcheck-prime-field-montgomery-element-layout-specialized-points,75.5055,75.0524,0,0,0,75.0524,ok,true,15836362024756,15836362024756,1.412733,,results/tmp_full_zk_r14_28/zk_complete_add_3_bw64_r26.log
zk_complete_add_3,q_add*x_p*x_q*x_q*lambda*lambda - q_add*x_p*x_q*x_q*x_q - q_add*x_p*x_q*x_q*x_r - q_add*x_p*x_p*x_q*x_q - q_add*x_p*x_p*x_q*lambda*lambda + q_add*x_p*x_p*x_p*x_q + q_add*x_p*x_p*x_q*x_r + q_add*x_p*x_p*x_q*x_q,prime-field-montgomery,element,specialized,p64_goldilocks,64,2,0xffffffff00000001,28,268435456,5,6,8,2,10,whole-run,fixed,triton-sumcheck-prime-field-montgomery-element-layout-specialized-points,392.617,345.357,0.000,0.000000,0.000,345.357,ok,cuda-sumcheck-prime-field-montgomery-element-layout-specialized-points,279.725,278.907,0,0,0,278.907,ok,true,15851002772371,15851002772371,1.238251,,results/tmp_full_zk_r14_28/zk_complete_add_3_bw64_r28.log
zk_complete_add_3,q_add*x_p*x_q*x_q*lambda*lambda - q_add*x_p*x_q*x_q*x_q - q_add*x_p*x_q*x_q*x_r - q_add*x_p*x_p*x_q*x_q - q_add*x_p*x_p*x_q*lambda*lambda + q_add*x_p*x_p*x_p*x_q + q_add*x_p*x_p*x_q*x_r + q_add*x_p*x_p*x_q*x_q,prime-field-montgomery,element,specialized,p128_mersenne_2^127_minus_1,128,4,0x7fffffffffffffffffffffffffffffff,14,16384,5,6,8,2,10,whole-run,fixed,triton-sumcheck-prime-field-montgomery-element-layout-specialized-points,677783.759,11.406,0.000,0.000000,0.000,11.406,ok,cuda-sumcheck-prime-field-montgomery-element-layout-specialized-points,5.41891,4.21475,0,0,0,4.21475,ok,true,22651562390834,22651562390834,2.706210,,results/tmp_full_zk_r14_28/zk_complete_add_3_bw128_r14.log
zk_complete_add_3,q_add*x_p*x_q*x_q*lambda*lambda - q_add*x_p*x_q*x_q*x_q - q_add*x_p*x_q*x_q*x_r - q_add*x_p*x_p*x_q*x_q - q_add*x_p*x_p*x_q*lambda*lambda + q_add*x_p*x_p*x_p*x_q + q_add*x_p*x_p*x_q*x_r + q_add*x_p*x_p*x_q*x_q,prime-field-montgomery,element,specialized,p128_mersenne_2^127_minus_1,128,4,0x7fffffffffffffffffffffffffffffff,16,65536,5,6,8,2,10,whole-run,fixed,triton-sumcheck-prime-field-montgomery-element-layout-specialized-points,74.685,14.774,0.000,0.000000,0.000,14.774,ok,cuda-sumcheck-prime-field-montgomery-element-layout-specialized-points,6.75699,5.68368,0,0,0,5.68368,ok,true,24711322735060,24711322735060,2.599372,,results/tmp_full_zk_r14_28/zk_complete_add_3_bw128_r16.log
zk_complete_add_3,q_add*x_p*x_q*x_q*lambda*lambda - q_add*x_p*x_q*x_q*x_q - q_add*x_p*x_q*x_q*x_r - q_add*x_p*x_p*x_q*x_q - q_add*x_p*x_p*x_q*lambda*lambda + q_add*x_p*x_p*x_p*x_q + q_add*x_p*x_p*x_q*x_r + q_add*x_p*x_p*x_q*x_q,prime-field-montgomery,element,specialized,p128_mersenne_2^127_minus_1,128,4,0x7fffffffffffffffffffffffffffffff,18,262144,5,6,8,2,10,whole-run,fixed,triton-sumcheck-prime-field-montgomery-element-layout-specialized-points,77.999,18.733,0.000,0.000000,0.000,18.733,ok,cuda-sumcheck-prime-field-montgomery-element-layout-specialized-points,7.53702,6.43165,0,0,0,6.43165,ok,true,28148013762687,28148013762687,2.912627,,results/tmp_full_zk_r14_28/zk_complete_add_3_bw128_r18.log
zk_complete_add_3,q_add*x_p*x_q*x_q*lambda*lambda - q_add*x_p*x_q*x_q*x_q - q_add*x_p*x_q*x_q*x_r - q_add*x_p*x_p*x_q*x_q - q_add*x_p*x_p*x_q*lambda*lambda + q_add*x_p*x_p*x_p*x_q + q_add*x_p*x_p*x_q*x_r + q_add*x_p*x_p*x_q*x_q,prime-field-montgomery,element,specialized,p128_mersenne_2^127_minus_1,128,4,0x7fffffffffffffffffffffffffffffff,20,1048576,5,6,8,2,10,whole-run,fixed,triton-sumcheck-prime-field-montgomery-element-layout-specialized-points,83.066,23.731,0.000,0.000000,0.000,23.731,ok,cuda-sumcheck-prime-field-montgomery-element-layout-specialized-points,11.1718,10.0512,0,0,0,10.0512,ok,true,31076179841122,31076179841122,2.361012,,results/tmp_full_zk_r14_28/zk_complete_add_3_bw128_r20.log
zk_complete_add_3,q_add*x_p*x_q*x_q*lambda*lambda - q_add*x_p*x_q*x_q*x_q - q_add*x_p*x_q*x_q*x_r - q_add*x_p*x_p*x_q*x_q - q_add*x_p*x_p*x_q*lambda*lambda + q_add*x_p*x_p*x_p*x_q + q_add*x_p*x_p*x_q*x_r + q_add*x_p*x_p*x_q*x_q,prime-field-montgomery,element,specialized,p128_mersenne_2^127_minus_1,128,4,0x7fffffffffffffffffffffffffffffff,22,4194304,5,6,8,2,10,whole-run,fixed,triton-sumcheck-prime-field-montgomery-element-layout-specialized-points,95.192,35.042,0.000,0.000000,0.000,35.042,ok,cuda-sumcheck-prime-field-montgomery-element-layout-specialized-points,22.6127,21.4648,0,0,0,21.4648,ok,true,34065180485349,34065180485349,1.632533,,results/tmp_full_zk_r14_28/zk_complete_add_3_bw128_r22.log
zk_complete_add_3,q_add*x_p*x_q*x_q*lambda*lambda - q_add*x_p*x_q*x_q*x_q - q_add*x_p*x_q*x_q*x_r - q_add*x_p*x_p*x_q*x_q - q_add*x_p*x_p*x_q*lambda*lambda + q_add*x_p*x_p*x_p*x_q + q_add*x_p*x_p*x_q*x_r + q_add*x_p*x_p*x_q*x_q,prime-field-montgomery,element,specialized,p128_mersenne_2^127_minus_1,128,4,0x7fffffffffffffffffffffffffffffff,24,16777216,5,6,8,2,10,whole-run,fixed,triton-sumcheck-prime-field-montgomery-element-layout-specialized-points,137.374,71.977,0.000,0.000000,0.000,71.977,ok,cuda-sumcheck-prime-field-montgomery-element-layout-specialized-points,64.9969,63.8342,0,0,0,63.8342,ok,true,37354257394376,37354257394376,1.127562,,results/tmp_full_zk_r14_28/zk_complete_add_3_bw128_r24.log
zk_complete_add_3,q_add*x_p*x_q*x_q*lambda*lambda - q_add*x_p*x_q*x_q*x_q - q_add*x_p*x_q*x_q*x_r - q_add*x_p*x_p*x_q*x_q - q_add*x_p*x_p*x_q*lambda*lambda + q_add*x_p*x_p*x_p*x_q + q_add*x_p*x_p*x_q*x_r + q_add*x_p*x_p*x_q*x_q,prime-field-montgomery,element,specialized,p128_mersenne_2^127_minus_1,128,4,0x7fffffffffffffffffffffffffffffff,26,67108864,5,6,8,2,10,whole-run,fixed,triton-sumcheck-prime-field-montgomery-element-layout-specialized-points,284.670,218.750,0.000,0.000000,0.000,218.750,ok,cuda-sumcheck-prime-field-montgomery-element-layout-specialized-points,232.353,231.204,0,0,0,231.204,ok,true,39721094411791,39721094411791,0.946134,,results/tmp_full_zk_r14_28/zk_complete_add_3_bw128_r26.log
zk_complete_add_3,q_add*x_p*x_q*x_q*lambda*lambda - q_add*x_p*x_q*x_q*x_q - q_add*x_p*x_q*x_q*x_r - q_add*x_p*x_p*x_q*x_q - q_add*x_p*x_p*x_q*lambda*lambda + q_add*x_p*x_p*x_p*x_q + q_add*x_p*x_p*x_q*x_r + q_add*x_p*x_p*x_q*x_q,prime-field-montgomery,element,specialized,p128_mersenne_2^127_minus_1,128,4,0x7fffffffffffffffffffffffffffffff,28,268435456,5,6,8,2,10,whole-run,fixed,triton-sumcheck-prime-field-montgomery-element-layout-specialized-points,859.657,798.697,0.000,0.000000,0.000,798.697,ok,cuda-sumcheck-prime-field-montgomery-element-layout-specialized-points,898.5,896.847,0,0,0,896.847,ok,true,43650485430734,43650485430734,0.890561,,results/tmp_full_zk_r14_28/zk_complete_add_3_bw128_r28.log
zk_complete_add_3,q_add*x_p*x_q*x_q*lambda*lambda - q_add*x_p*x_q*x_q*x_q - q_add*x_p*x_q*x_q*x_r - q_add*x_p*x_p*x_q*x_q - q_add*x_p*x_p*x_q*lambda*lambda + q_add*x_p*x_p*x_p*x_q + q_add*x_p*x_p*x_q*x_r + q_add*x_p*x_p*x_q*x_q,prime-field-montgomery,element,specialized,p255_bls12_381_scalar,256,8,0x73eda753299d7d483339d80809a1d80553bda402fffe5bfeffffffff00000001,14,16384,5,6,8,2,10,whole-run,fixed,triton-sumcheck-prime-field-montgomery-element-layout-specialized-points,11696584.396,13.319,0.000,0.000000,0.000,13.319,ok,cuda-sumcheck-prime-field-montgomery-element-layout-specialized-points,13.6543,10.1218,0,0,0,10.1218,ok,true,88797481737848,88797481737848,1.315873,,results/tmp_full_zk_r14_28/zk_complete_add_3_bw256_r14.log
zk_complete_add_3,q_add*x_p*x_q*x_q*lambda*lambda - q_add*x_p*x_q*x_q*x_q - q_add*x_p*x_q*x_q*x_r - q_add*x_p*x_p*x_q*x_q - q_add*x_p*x_p*x_q*lambda*lambda + q_add*x_p*x_p*x_p*x_q + q_add*x_p*x_p*x_q*x_r + q_add*x_p*x_p*x_q*x_q,prime-field-montgomery,element,specialized,p255_bls12_381_scalar,256,8,0x73eda753299d7d483339d80809a1d80553bda402fffe5bfeffffffff00000001,16,65536,5,6,8,2,10,whole-run,fixed,triton-sumcheck-prime-field-montgomery-element-layout-specialized-points,117.309,16.674,0.000,0.000000,0.000,16.674,ok,cuda-sumcheck-prime-field-montgomery-element-layout-specialized-points,15.6839,12.367,0,0,0,12.367,ok,true,101734610166202,101734610166202,1.348266,,results/tmp_full_zk_r14_28/zk_complete_add_3_bw256_r16.log
zk_complete_add_3,q_add*x_p*x_q*x_q*lambda*lambda - q_add*x_p*x_q*x_q*x_q - q_add*x_p*x_q*x_q*x_r - q_add*x_p*x_p*x_q*x_q - q_add*x_p*x_p*x_q*lambda*lambda + q_add*x_p*x_p*x_p*x_q + q_add*x_p*x_p*x_q*x_r + q_add*x_p*x_p*x_q*x_q,prime-field-montgomery,element,specialized,p255_bls12_381_scalar,256,8,0x73eda753299d7d483339d80809a1d80553bda402fffe5bfeffffffff00000001,18,262144,5,6,8,2,10,whole-run,fixed,triton-sumcheck-prime-field-montgomery-element-layout-specialized-points,119.579,20.994,0.000,0.000000,0.000,20.994,ok,cuda-sumcheck-prime-field-montgomery-element-layout-specialized-points,19.4518,16.2507,0,0,0,16.2507,ok,true,114214903014043,114214903014043,1.291883,,results/tmp_full_zk_r14_28/zk_complete_add_3_bw256_r18.log
zk_complete_add_3,q_add*x_p*x_q*x_q*lambda*lambda - q_add*x_p*x_q*x_q*x_q - q_add*x_p*x_q*x_q*x_r - q_add*x_p*x_p*x_q*x_q - q_add*x_p*x_p*x_q*lambda*lambda + q_add*x_p*x_p*x_p*x_q + q_add*x_p*x_p*x_q*x_r + q_add*x_p*x_p*x_q*x_q,prime-field-montgomery,element,specialized,p255_bls12_381_scalar,256,8,0x73eda753299d7d483339d80809a1d80553bda402fffe5bfeffffffff00000001,20,1048576,5,6,8,2,10,whole-run,fixed,triton-sumcheck-prime-field-montgomery-element-layout-specialized-points,130.032,31.480,0.000,0.000000,0.000,31.480,ok,cuda-sumcheck-prime-field-montgomery-element-layout-specialized-points,32.6672,29.4935,0,0,0,29.4935,ok,true,120160791891374,120160791891374,1.067354,,results/tmp_full_zk_r14_28/zk_complete_add_3_bw256_r20.log
zk_complete_add_3,q_add*x_p*x_q*x_q*lambda*lambda - q_add*x_p*x_q*x_q*x_q - q_add*x_p*x_q*x_q*x_r - q_add*x_p*x_p*x_q*x_q - q_add*x_p*x_p*x_q*lambda*lambda + q_add*x_p*x_p*x_p*x_q + q_add*x_p*x_p*x_q*x_r + q_add*x_p*x_p*x_q*x_q,prime-field-montgomery,element,specialized,p255_bls12_381_scalar,256,8,0x73eda753299d7d483339d80809a1d80553bda402fffe5bfeffffffff00000001,22,4194304,5,6,8,2,10,whole-run,fixed,triton-sumcheck-prime-field-montgomery-element-layout-specialized-points,166.066,58.995,0.000,0.000000,0.000,58.995,ok,cuda-sumcheck-prime-field-montgomery-element-layout-specialized-points,79.2749,76.1406,0,0,0,76.1406,ok,true,137872374738592,137872374738592,0.774817,,results/tmp_full_zk_r14_28/zk_complete_add_3_bw256_r22.log
zk_complete_add_3,q_add*x_p*x_q*x_q*lambda*lambda - q_add*x_p*x_q*x_q*x_q - q_add*x_p*x_q*x_q*x_r - q_add*x_p*x_p*x_q*x_q - q_add*x_p*x_p*x_q*lambda*lambda + q_add*x_p*x_p*x_p*x_q + q_add*x_p*x_p*x_q*x_r + q_add*x_p*x_p*x_q*x_q,prime-field-montgomery,element,specialized,p255_bls12_381_scalar,256,8,0x73eda753299d7d483339d80809a1d80553bda402fffe5bfeffffffff00000001,24,16777216,5,6,8,2,10,whole-run,fixed,triton-sumcheck-prime-field-montgomery-element-layout-specialized-points,284.975,172.507,0.000,0.000000,0.000,172.507,ok,cuda-sumcheck-prime-field-montgomery-element-layout-specialized-points,260.295,256.601,0,0,0,256.601,ok,true,150367795532500,150367795532500,0.672277,,results/tmp_full_zk_r14_28/zk_complete_add_3_bw256_r24.log
zk_complete_add_3,q_add*x_p*x_q*x_q*lambda*lambda - q_add*x_p*x_q*x_q*x_q - q_add*x_p*x_q*x_q*x_r - q_add*x_p*x_p*x_q*x_q - q_add*x_p*x_p*x_q*lambda*lambda + q_add*x_p*x_p*x_p*x_q + q_add*x_p*x_p*x_q*x_r + q_add*x_p*x_p*x_q*x_q,prime-field-montgomery,element,specialized,p255_bls12_381_scalar,256,8,0x73eda753299d7d483339d80809a1d80553bda402fffe5bfeffffffff00000001,26,67108864,5,6,8,2,10,whole-run,fixed,triton-sumcheck-prime-field-montgomery-element-layout-specialized-points,735.186,619.582,0.000,0.000000,0.000,619.582,ok,cuda-sumcheck-prime-field-montgomery-element-layout-specialized-points,980.761,968.81,0,0,0,968.81,ok,true,159163941599143,159163941599143,0.639529,,results/tmp_full_zk_r14_28/zk_complete_add_3_bw256_r26.log
zk_complete_add_3,q_add*x_p*x_q*x_q*lambda*lambda - q_add*x_p*x_q*x_q*x_q - q_add*x_p*x_q*x_q*x_r - q_add*x_p*x_p*x_q*x_q - q_add*x_p*x_p*x_q*lambda*lambda + q_add*x_p*x_p*x_p*x_q + q_add*x_p*x_p*x_q*x_r + q_add*x_p*x_p*x_q*x_q,prime-field-montgomery,element,specialized,,256,,,28,268435456,5,6,8,2,10,whole-run,fixed,,,,,,,,skipped,,,,,,,,skipped,skipped,,,,returncode=1,results/tmp_full_zk_r14_28/zk_complete_add_3_bw256_r28.log
zk_complete_add_4,q_add*x_p*x_p*x_q*x_q*lambda - q_add*x_p*x_q*x_q*x_r*lambda - q_add*x_p*x_q*x_q*y_p - q_add*x_p*x_q*x_q*y_r - q_add*x_p*x_p*x_p*x_q*lambda + q_add*x_p*x_p*x_q*x_r*lambda + q_add*x_p*x_p*x_q*y_p + q_add*x_p*x_p*x_q*y_r,prime-field-montgomery,element,specialized,p32_2^32_minus_5,32,1,0xfffffffb,14,16384,7,6,8,2,10,whole-run,fixed,triton-sumcheck-prime-field-montgomery-element-layout-specialized-points,12634.060,11.313,0.000,0.000000,0.000,11.313,ok,cuda-sumcheck-prime-field-montgomery-element-layout-specialized-points,2.86621,2.64922,0,0,0,2.64922,ok,true,2857122032258,2857122032258,4.270314,,results/tmp_full_zk_r14_28/zk_complete_add_4_bw32_r14.log
zk_complete_add_4,q_add*x_p*x_p*x_q*x_q*lambda - q_add*x_p*x_q*x_q*x_r*lambda - q_add*x_p*x_q*x_q*y_p - q_add*x_p*x_q*x_q*y_r - q_add*x_p*x_p*x_p*x_q*lambda + q_add*x_p*x_p*x_q*x_r*lambda + q_add*x_p*x_p*x_q*y_p + q_add*x_p*x_p*x_q*y_r,prime-field-montgomery,element,specialized,p32_2^32_minus_5,32,1,0xfffffffb,16,65536,7,6,8,2,10,whole-run,fixed,triton-sumcheck-prime-field-montgomery-element-layout-specialized-points,61.152,14.661,0.000,0.000000,0.000,14.661,ok,cuda-sumcheck-prime-field-montgomery-element-layout-specialized-points,3.60406,3.32611,0,0,0,3.32611,ok,true,3297125396851,3297125396851,4.407852,,results/tmp_full_zk_r14_28/zk_complete_add_4_bw32_r16.log
zk_complete_add_4,q_add*x_p*x_p*x_q*x_q*lambda - q_add*x_p*x_q*x_q*x_r*lambda - q_add*x_p*x_q*x_q*y_p - q_add*x_p*x_q*x_q*y_r - q_add*x_p*x_p*x_p*x_q*lambda + q_add*x_p*x_p*x_q*x_r*lambda + q_add*x_p*x_p*x_q*y_p + q_add*x_p*x_p*x_q*y_r,prime-field-montgomery,element,specialized,p32_2^32_minus_5,32,1,0xfffffffb,18,262144,7,6,8,2,10,whole-run,fixed,triton-sumcheck-prime-field-montgomery-element-layout-specialized-points,65.109,18.963,0.000,0.000000,0.000,18.963,ok,cuda-sumcheck-prime-field-montgomery-element-layout-specialized-points,4.22099,3.97184,0,0,0,3.97184,ok,true,3492006927812,3492006927812,4.774362,,results/tmp_full_zk_r14_28/zk_complete_add_4_bw32_r18.log
zk_complete_add_4,q_add*x_p*x_p*x_q*x_q*lambda - q_add*x_p*x_q*x_q*x_r*lambda - q_add*x_p*x_q*x_q*y_p - q_add*x_p*x_q*x_q*y_r - q_add*x_p*x_p*x_p*x_q*lambda + q_add*x_p*x_p*x_q*x_r*lambda + q_add*x_p*x_p*x_q*y_p + q_add*x_p*x_p*x_q*y_r,prime-field-montgomery,element,specialized,p32_2^32_minus_5,32,1,0xfffffffb,20,1048576,7,6,8,2,10,whole-run,fixed,triton-sumcheck-prime-field-montgomery-element-layout-specialized-points,68.636,23.550,0.000,0.000000,0.000,23.550,ok,cuda-sumcheck-prime-field-montgomery-element-layout-specialized-points,5.17197,4.93821,0,0,0,4.93821,ok,true,4167880773979,4167880773979,4.768934,,results/tmp_full_zk_r14_28/zk_complete_add_4_bw32_r20.log
zk_complete_add_4,q_add*x_p*x_p*x_q*x_q*lambda - q_add*x_p*x_q*x_q*x_r*lambda - q_add*x_p*x_q*x_q*y_p - q_add*x_p*x_q*x_q*y_r - q_add*x_p*x_p*x_p*x_q*lambda + q_add*x_p*x_p*x_q*x_r*lambda + q_add*x_p*x_p*x_q*y_p + q_add*x_p*x_p*x_q*y_r,prime-field-montgomery,element,specialized,p32_2^32_minus_5,32,1,0xfffffffb,22,4194304,7,6,8,2,10,whole-run,fixed,triton-sumcheck-prime-field-montgomery-element-layout-specialized-points,74.601,28.878,0.000,0.000000,0.000,28.878,ok,cuda-sumcheck-prime-field-montgomery-element-layout-specialized-points,7.43763,7.1704,0,0,0,7.1704,ok,true,4131580475503,4131580475503,4.027390,,results/tmp_full_zk_r14_28/zk_complete_add_4_bw32_r22.log
zk_complete_add_4,q_add*x_p*x_p*x_q*x_q*lambda - q_add*x_p*x_q*x_q*x_r*lambda - q_add*x_p*x_q*x_q*y_p - q_add*x_p*x_q*x_q*y_r - q_add*x_p*x_p*x_p*x_q*lambda + q_add*x_p*x_p*x_q*x_r*lambda + q_add*x_p*x_p*x_q*y_p + q_add*x_p*x_p*x_q*y_r,prime-field-montgomery,element,specialized,p32_2^32_minus_5,32,1,0xfffffffb,24,16777216,7,6,8,2,10,whole-run,fixed,triton-sumcheck-prime-field-montgomery-element-layout-specialized-points,87.127,41.657,0.000,0.000000,0.000,41.657,ok,cuda-sumcheck-prime-field-montgomery-element-layout-specialized-points,11.385,11.1571,0,0,0,11.1571,ok,true,4757064179244,4757064179244,3.733676,,results/tmp_full_zk_r14_28/zk_complete_add_4_bw32_r24.log
zk_complete_add_4,q_add*x_p*x_p*x_q*x_q*lambda - q_add*x_p*x_q*x_q*x_r*lambda - q_add*x_p*x_q*x_q*y_p - q_add*x_p*x_q*x_q*y_r - q_add*x_p*x_p*x_p*x_q*lambda + q_add*x_p*x_p*x_q*x_r*lambda + q_add*x_p*x_p*x_q*y_p + q_add*x_p*x_p*x_q*y_r,prime-field-montgomery,element,specialized,p32_2^32_minus_5,32,1,0xfffffffb,26,67108864,7,6,8,2,10,whole-run,fixed,triton-sumcheck-prime-field-montgomery-element-layout-specialized-points,133.907,87.610,0.000,0.000000,0.000,87.610,ok,cuda-sumcheck-prime-field-montgomery-element-layout-specialized-points,27.0264,26.8077,0,0,0,26.8077,ok,true,4942562529957,4942562529957,3.268091,,results/tmp_full_zk_r14_28/zk_complete_add_4_bw32_r26.log
zk_complete_add_4,q_add*x_p*x_p*x_q*x_q*lambda - q_add*x_p*x_q*x_q*x_r*lambda - q_add*x_p*x_q*x_q*y_p - q_add*x_p*x_q*x_q*y_r - q_add*x_p*x_p*x_p*x_q*lambda + q_add*x_p*x_p*x_q*x_r*lambda + q_add*x_p*x_p*x_q*y_p + q_add*x_p*x_p*x_q*y_r,prime-field-montgomery,element,specialized,p32_2^32_minus_5,32,1,0xfffffffb,28,268435456,7,6,8,2,10,whole-run,fixed,triton-sumcheck-prime-field-montgomery-element-layout-specialized-points,326.664,268.356,0.000,0.000000,0.000,268.356,ok,cuda-sumcheck-prime-field-montgomery-element-layout-specialized-points,89.39,90.055,0,0,0,90.055,ok,true,5335627553776,5335627553776,2.979912,,results/tmp_full_zk_r14_28/zk_complete_add_4_bw32_r28.log
zk_complete_add_4,q_add*x_p*x_p*x_q*x_q*lambda - q_add*x_p*x_q*x_q*x_r*lambda - q_add*x_p*x_q*x_q*y_p - q_add*x_p*x_q*x_q*y_r - q_add*x_p*x_p*x_p*x_q*lambda + q_add*x_p*x_p*x_q*x_r*lambda + q_add*x_p*x_p*x_q*y_p + q_add*x_p*x_p*x_q*y_r,prime-field-montgomery,element,specialized,p64_goldilocks,64,2,0xffffffff00000001,14,16384,7,6,8,2,10,whole-run,fixed,triton-sumcheck-prime-field-montgomery-element-layout-specialized-points,90070.759,11.219,0.000,0.000000,0.000,11.219,ok,cuda-sumcheck-prime-field-montgomery-element-layout-specialized-points,3.63651,3.08829,0,0,0,3.08829,ok,true,8269461084287,8269461084287,3.632755,,results/tmp_full_zk_r14_28/zk_complete_add_4_bw64_r14.log
zk_complete_add_4,q_add*x_p*x_p*x_q*x_q*lambda - q_add*x_p*x_q*x_q*x_r*lambda - q_add*x_p*x_q*x_q*y_p - q_add*x_p*x_q*x_q*y_r - q_add*x_p*x_p*x_p*x_q*lambda + q_add*x_p*x_p*x_q*x_r*lambda + q_add*x_p*x_p*x_q*y_p + q_add*x_p*x_p*x_q*y_r,prime-field-montgomery,element,specialized,p64_goldilocks,64,2,0xffffffff00000001,16,65536,7,6,8,2,10,whole-run,fixed,triton-sumcheck-prime-field-montgomery-element-layout-specialized-points,65.546,14.695,0.000,0.000000,0.000,14.695,ok,cuda-sumcheck-prime-field-montgomery-element-layout-specialized-points,4.58214,3.99754,0,0,0,3.99754,ok,true,9067782558432,9067782558432,3.676011,,results/tmp_full_zk_r14_28/zk_complete_add_4_bw64_r16.log
zk_complete_add_4,q_add*x_p*x_p*x_q*x_q*lambda - q_add*x_p*x_q*x_q*x_r*lambda - q_add*x_p*x_q*x_q*y_p - q_add*x_p*x_q*x_q*y_r - q_add*x_p*x_p*x_p*x_q*lambda + q_add*x_p*x_p*x_q*x_r*lambda + q_add*x_p*x_p*x_q*y_p + q_add*x_p*x_p*x_q*y_r,prime-field-montgomery,element,specialized,p64_goldilocks,64,2,0xffffffff00000001,18,262144,7,6,8,2,10,whole-run,fixed,triton-sumcheck-prime-field-montgomery-element-layout-specialized-points,69.541,18.749,0.000,0.000000,0.000,18.749,ok,cuda-sumcheck-prime-field-montgomery-element-layout-specialized-points,5.78163,5.23952,0,0,0,5.23952,ok,true,10398630913320,10398630913320,3.578381,,results/tmp_full_zk_r14_28/zk_complete_add_4_bw64_r18.log
zk_complete_add_4,q_add*x_p*x_p*x_q*x_q*lambda - q_add*x_p*x_q*x_q*x_r*lambda - q_add*x_p*x_q*x_q*y_p - q_add*x_p*x_q*x_q*y_r - q_add*x_p*x_p*x_p*x_q*lambda + q_add*x_p*x_p*x_q*x_r*lambda + q_add*x_p*x_p*x_q*y_p + q_add*x_p*x_p*x_q*y_r,prime-field-montgomery,element,specialized,p64_goldilocks,64,2,0xffffffff00000001,20,1048576,7,6,8,2,10,whole-run,fixed,triton-sumcheck-prime-field-montgomery-element-layout-specialized-points,73.893,23.283,0.000,0.000000,0.000,23.283,ok,cuda-sumcheck-prime-field-montgomery-element-layout-specialized-points,7.38643,6.89334,0,0,0,6.89334,ok,true,11871175620356,11871175620356,3.377608,,results/tmp_full_zk_r14_28/zk_complete_add_4_bw64_r20.log
zk_complete_add_4,q_add*x_p*x_p*x_q*x_q*lambda - q_add*x_p*x_q*x_q*x_r*lambda - q_add*x_p*x_q*x_q*y_p - q_add*x_p*x_q*x_q*y_r - q_add*x_p*x_p*x_p*x_q*lambda + q_add*x_p*x_p*x_q*x_r*lambda + q_add*x_p*x_p*x_q*y_p + q_add*x_p*x_p*x_q*y_r,prime-field-montgomery,element,specialized,p64_goldilocks,64,2,0xffffffff00000001,22,4194304,7,6,8,2,10,whole-run,fixed,triton-sumcheck-prime-field-montgomery-element-layout-specialized-points,80.361,30.249,0.000,0.000000,0.000,30.249,ok,cuda-sumcheck-prime-field-montgomery-element-layout-specialized-points,12.9045,12.334,0,0,0,12.334,ok,true,12771763284514,12771763284514,2.452489,,results/tmp_full_zk_r14_28/zk_complete_add_4_bw64_r22.log
zk_complete_add_4,q_add*x_p*x_p*x_q*x_q*lambda - q_add*x_p*x_q*x_q*x_r*lambda - q_add*x_p*x_q*x_q*y_p - q_add*x_p*x_q*x_q*y_r - q_add*x_p*x_p*x_p*x_q*lambda + q_add*x_p*x_p*x_q*x_r*lambda + q_add*x_p*x_p*x_q*y_p + q_add*x_p*x_p*x_q*y_r,prime-field-montgomery,element,specialized,p64_goldilocks,64,2,0xffffffff00000001,24,16777216,7,6,8,2,10,whole-run,fixed,triton-sumcheck-prime-field-montgomery-element-layout-specialized-points,101.131,47.972,0.000,0.000000,0.000,47.972,ok,cuda-sumcheck-prime-field-montgomery-element-layout-specialized-points,27.0602,26.4603,0,0,0,26.4603,ok,true,14667219991983,14667219991983,1.812980,,results/tmp_full_zk_r14_28/zk_complete_add_4_bw64_r24.log
zk_complete_add_4,q_add*x_p*x_p*x_q*x_q*lambda - q_add*x_p*x_q*x_q*x_r*lambda - q_add*x_p*x_q*x_q*y_p - q_add*x_p*x_q*x_q*y_r - q_add*x_p*x_p*x_p*x_q*lambda + q_add*x_p*x_p*x_q*x_r*lambda + q_add*x_p*x_p*x_q*y_p + q_add*x_p*x_p*x_q*y_r,prime-field-montgomery,element,specialized,p64_goldilocks,64,2,0xffffffff00000001,26,67108864,7,6,8,2,10,whole-run,fixed,triton-sumcheck-prime-field-montgomery-element-layout-specialized-points,175.078,118.376,0.000,0.000000,0.000,118.376,ok,cuda-sumcheck-prime-field-montgomery-element-layout-specialized-points,85.3947,84.8481,0,0,0,84.8481,ok,true,15101932636466,15101932636466,1.395152,,results/tmp_full_zk_r14_28/zk_complete_add_4_bw64_r26.log
zk_complete_add_4,q_add*x_p*x_p*x_q*x_q*lambda - q_add*x_p*x_q*x_q*x_r*lambda - q_add*x_p*x_q*x_q*y_p - q_add*x_p*x_q*x_q*y_r - q_add*x_p*x_p*x_p*x_q*lambda + q_add*x_p*x_p*x_q*x_r*lambda + q_add*x_p*x_p*x_q*y_p + q_add*x_p*x_p*x_q*y_r,prime-field-montgomery,element,specialized,p64_goldilocks,64,2,0xffffffff00000001,28,268435456,7,6,8,2,10,whole-run,fixed,triton-sumcheck-prime-field-montgomery-element-layout-specialized-points,444.880,395.979,0.000,0.000000,0.000,395.979,ok,cuda-sumcheck-prime-field-montgomery-element-layout-specialized-points,317.198,316.351,0,0,0,316.351,ok,true,17179183983975,17179183983975,1.251708,,results/tmp_full_zk_r14_28/zk_complete_add_4_bw64_r28.log
zk_complete_add_4,q_add*x_p*x_p*x_q*x_q*lambda - q_add*x_p*x_q*x_q*x_r*lambda - q_add*x_p*x_q*x_q*y_p - q_add*x_p*x_q*x_q*y_r - q_add*x_p*x_p*x_p*x_q*lambda + q_add*x_p*x_p*x_q*x_r*lambda + q_add*x_p*x_p*x_q*y_p + q_add*x_p*x_p*x_q*y_r,prime-field-montgomery,element,specialized,p128_mersenne_2^127_minus_1,128,4,0x7fffffffffffffffffffffffffffffff,14,16384,7,6,8,2,10,whole-run,fixed,triton-sumcheck-prime-field-montgomery-element-layout-specialized-points,1177659.884,11.513,0.000,0.000000,0.000,11.513,ok,cuda-sumcheck-prime-field-montgomery-element-layout-specialized-points,6.3751,4.98742,0,0,0,4.98742,ok,true,21714589434746,21714589434746,2.308408,,results/tmp_full_zk_r14_28/zk_complete_add_4_bw128_r14.log
zk_complete_add_4,q_add*x_p*x_p*x_q*x_q*lambda - q_add*x_p*x_q*x_q*x_r*lambda - q_add*x_p*x_q*x_q*y_p - q_add*x_p*x_q*x_q*y_r - q_add*x_p*x_p*x_p*x_q*lambda + q_add*x_p*x_p*x_q*x_r*lambda + q_add*x_p*x_p*x_q*y_p + q_add*x_p*x_p*x_q*y_r,prime-field-montgomery,element,specialized,p128_mersenne_2^127_minus_1,128,4,0x7fffffffffffffffffffffffffffffff,16,65536,7,6,8,2,10,whole-run,fixed,triton-sumcheck-prime-field-montgomery-element-layout-specialized-points,79.781,14.913,0.000,0.000000,0.000,14.913,ok,cuda-sumcheck-prime-field-montgomery-element-layout-specialized-points,7.09626,5.88541,0,0,0,5.88541,ok,true,25396909312606,25396909312606,2.533893,,results/tmp_full_zk_r14_28/zk_complete_add_4_bw128_r16.log
zk_complete_add_4,q_add*x_p*x_p*x_q*x_q*lambda - q_add*x_p*x_q*x_q*x_r*lambda - q_add*x_p*x_q*x_q*y_p - q_add*x_p*x_q*x_q*y_r - q_add*x_p*x_p*x_p*x_q*lambda + q_add*x_p*x_p*x_q*x_r*lambda + q_add*x_p*x_p*x_q*y_p + q_add*x_p*x_p*x_q*y_r,prime-field-montgomery,element,specialized,p128_mersenne_2^127_minus_1,128,4,0x7fffffffffffffffffffffffffffffff,18,262144,7,6,8,2,10,whole-run,fixed,triton-sumcheck-prime-field-montgomery-element-layout-specialized-points,84.539,19.177,0.000,0.000000,0.000,19.177,ok,cuda-sumcheck-prime-field-montgomery-element-layout-specialized-points,9.04502,7.79949,0,0,0,7.79949,ok,true,28129266629958,28129266629958,2.458751,,results/tmp_full_zk_r14_28/zk_complete_add_4_bw128_r18.log
zk_complete_add_4,q_add*x_p*x_p*x_q*x_q*lambda - q_add*x_p*x_q*x_q*x_r*lambda - q_add*x_p*x_q*x_q*y_p - q_add*x_p*x_q*x_q*y_r - q_add*x_p*x_p*x_p*x_q*lambda + q_add*x_p*x_p*x_q*x_r*lambda + q_add*x_p*x_p*x_q*y_p + q_add*x_p*x_p*x_q*y_r,prime-field-montgomery,element,specialized,p128_mersenne_2^127_minus_1,128,4,0x7fffffffffffffffffffffffffffffff,20,1048576,7,6,8,2,10,whole-run,fixed,triton-sumcheck-prime-field-montgomery-element-layout-specialized-points,87.132,24.243,0.000,0.000000,0.000,24.243,ok,cuda-sumcheck-prime-field-montgomery-element-layout-specialized-points,12.1761,11.0176,0,0,0,11.0176,ok,true,31578472193606,31578472193606,2.200388,,results/tmp_full_zk_r14_28/zk_complete_add_4_bw128_r20.log
zk_complete_add_4,q_add*x_p*x_p*x_q*x_q*lambda - q_add*x_p*x_q*x_q*x_r*lambda - q_add*x_p*x_q*x_q*y_p - q_add*x_p*x_q*x_q*y_r - q_add*x_p*x_p*x_p*x_q*lambda + q_add*x_p*x_p*x_q*x_r*lambda + q_add*x_p*x_p*x_q*y_p + q_add*x_p*x_p*x_q*y_r,prime-field-montgomery,element,specialized,p128_mersenne_2^127_minus_1,128,4,0x7fffffffffffffffffffffffffffffff,22,4194304,7,6,8,2,10,whole-run,fixed,triton-sumcheck-prime-field-montgomery-element-layout-specialized-points,99.980,36.426,0.000,0.000000,0.000,36.426,ok,cuda-sumcheck-prime-field-montgomery-element-layout-specialized-points,25.1819,23.895,0,0,0,23.895,ok,true,34926191251601,34926191251601,1.524419,,results/tmp_full_zk_r14_28/zk_complete_add_4_bw128_r22.log
zk_complete_add_4,q_add*x_p*x_p*x_q*x_q*lambda - q_add*x_p*x_q*x_q*x_r*lambda - q_add*x_p*x_q*x_q*y_p - q_add*x_p*x_q*x_q*y_r - q_add*x_p*x_p*x_p*x_q*lambda + q_add*x_p*x_p*x_q*x_r*lambda + q_add*x_p*x_p*x_q*y_p + q_add*x_p*x_p*x_q*y_r,prime-field-montgomery,element,specialized,p128_mersenne_2^127_minus_1,128,4,0x7fffffffffffffffffffffffffffffff,24,16777216,7,6,8,2,10,whole-run,fixed,triton-sumcheck-prime-field-montgomery-element-layout-specialized-points,148.227,81.502,0.000,0.000000,0.000,81.502,ok,cuda-sumcheck-prime-field-montgomery-element-layout-specialized-points,72.9238,71.5234,0,0,0,71.5234,ok,true,38710965531381,38710965531381,1.139515,,results/tmp_full_zk_r14_28/zk_complete_add_4_bw128_r24.log
zk_complete_add_4,q_add*x_p*x_p*x_q*x_q*lambda - q_add*x_p*x_q*x_q*x_r*lambda - q_add*x_p*x_q*x_q*y_p - q_add*x_p*x_q*x_q*y_r - q_add*x_p*x_p*x_p*x_q*lambda + q_add*x_p*x_p*x_q*x_r*lambda + q_add*x_p*x_p*x_q*y_p + q_add*x_p*x_p*x_q*y_r,prime-field-montgomery,element,specialized,p128_mersenne_2^127_minus_1,128,4,0x7fffffffffffffffffffffffffffffff,26,67108864,7,6,8,2,10,whole-run,fixed,triton-sumcheck-prime-field-montgomery-element-layout-specialized-points,327.486,258.118,0.000,0.000000,0.000,258.118,ok,cuda-sumcheck-prime-field-montgomery-element-layout-specialized-points,261.285,260.012,0,0,0,260.012,ok,true,40570245305473,40570245305473,0.992716,,results/tmp_full_zk_r14_28/zk_complete_add_4_bw128_r26.log
zk_complete_add_4,q_add*x_p*x_p*x_q*x_q*lambda - q_add*x_p*x_q*x_q*x_r*lambda - q_add*x_p*x_q*x_q*y_p - q_add*x_p*x_q*x_q*y_r - q_add*x_p*x_p*x_p*x_q*lambda + q_add*x_p*x_p*x_q*x_r*lambda + q_add*x_p*x_p*x_q*y_p + q_add*x_p*x_p*x_q*y_r,prime-field-montgomery,element,specialized,,128,,,28,268435456,7,6,8,2,10,whole-run,fixed,,,,,,,,skipped,,,,,,,,skipped,skipped,,,,returncode=1,results/tmp_full_zk_r14_28/zk_complete_add_4_bw128_r28.log
zk_complete_add_4,q_add*x_p*x_p*x_q*x_q*lambda - q_add*x_p*x_q*x_q*x_r*lambda - q_add*x_p*x_q*x_q*y_p - q_add*x_p*x_q*x_q*y_r - q_add*x_p*x_p*x_p*x_q*lambda + q_add*x_p*x_p*x_q*x_r*lambda + q_add*x_p*x_p*x_q*y_p + q_add*x_p*x_p*x_q*y_r,prime-field-montgomery,element,specialized,p255_bls12_381_scalar,256,8,0x73eda753299d7d483339d80809a1d80553bda402fffe5bfeffffffff00000001,14,16384,7,6,8,2,10,whole-run,fixed,triton-sumcheck-prime-field-montgomery-element-layout-specialized-points,20688323.770,14.129,0.000,0.000000,0.000,14.129,ok,cuda-sumcheck-prime-field-montgomery-element-layout-specialized-points,14.6853,10.9089,0,0,0,10.9089,ok,true,85363839205866,85363839205866,1.295181,,results/tmp_full_zk_r14_28/zk_complete_add_4_bw256_r14.log
zk_complete_add_4,q_add*x_p*x_p*x_q*x_q*lambda - q_add*x_p*x_q*x_q*x_r*lambda - q_add*x_p*x_q*x_q*y_p - q_add*x_p*x_q*x_q*y_r - q_add*x_p*x_p*x_p*x_q*lambda + q_add*x_p*x_p*x_q*x_r*lambda + q_add*x_p*x_p*x_q*y_p + q_add*x_p*x_p*x_q*y_r,prime-field-montgomery,element,specialized,p255_bls12_381_scalar,256,8,0x73eda753299d7d483339d80809a1d80553bda402fffe5bfeffffffff00000001,16,65536,7,6,8,2,10,whole-run,fixed,triton-sumcheck-prime-field-montgomery-element-layout-specialized-points,126.844,17.404,0.000,0.000000,0.000,17.404,ok,cuda-sumcheck-prime-field-montgomery-element-layout-specialized-points,16.9252,13.2893,0,0,0,13.2893,ok,true,99402341339652,99402341339652,1.309625,,results/tmp_full_zk_r14_28/zk_complete_add_4_bw256_r16.log
zk_complete_add_4,q_add*x_p*x_p*x_q*x_q*lambda - q_add*x_p*x_q*x_q*x_r*lambda - q_add*x_p*x_q*x_q*y_p - q_add*x_p*x_q*x_q*y_r - q_add*x_p*x_p*x_p*x_q*lambda + q_add*x_p*x_p*x_q*x_r*lambda + q_add*x_p*x_p*x_q*y_p + q_add*x_p*x_p*x_q*y_r,prime-field-montgomery,element,specialized,p255_bls12_381_scalar,256,8,0x73eda753299d7d483339d80809a1d80553bda402fffe5bfeffffffff00000001,18,262144,7,6,8,2,10,whole-run,fixed,triton-sumcheck-prime-field-montgomery-element-layout-specialized-points,130.710,22.876,0.000,0.000000,0.000,22.876,ok,cuda-sumcheck-prime-field-montgomery-element-layout-specialized-points,21.5474,18.0762,0,0,0,18.0762,ok,true,111153967057471,111153967057471,1.265531,,results/tmp_full_zk_r14_28/zk_complete_add_4_bw256_r18.log
zk_complete_add_4,q_add*x_p*x_p*x_q*x_q*lambda - q_add*x_p*x_q*x_q*x_r*lambda - q_add*x_p*x_q*x_q*y_p - q_add*x_p*x_q*x_q*y_r - q_add*x_p*x_p*x_p*x_q*lambda + q_add*x_p*x_p*x_q*x_r*lambda + q_add*x_p*x_p*x_q*y_p + q_add*x_p*x_p*x_q*y_r,prime-field-montgomery,element,specialized,p255_bls12_381_scalar,256,8,0x73eda753299d7d483339d80809a1d80553bda402fffe5bfeffffffff00000001,20,1048576,7,6,8,2,10,whole-run,fixed,triton-sumcheck-prime-field-montgomery-element-layout-specialized-points,141.635,32.569,0.000,0.000000,0.000,32.569,ok,cuda-sumcheck-prime-field-montgomery-element-layout-specialized-points,36.5732,33.3472,0,0,0,33.3472,ok,true,121398054755575,121398054755575,0.976664,,results/tmp_full_zk_r14_28/zk_complete_add_4_bw256_r20.log
zk_complete_add_4,q_add*x_p*x_p*x_q*x_q*lambda - q_add*x_p*x_q*x_q*x_r*lambda - q_add*x_p*x_q*x_q*y_p - q_add*x_p*x_q*x_q*y_r - q_add*x_p*x_p*x_p*x_q*lambda + q_add*x_p*x_p*x_q*x_r*lambda + q_add*x_p*x_p*x_q*y_p + q_add*x_p*x_p*x_q*y_r,prime-field-montgomery,element,specialized,p255_bls12_381_scalar,256,8,0x73eda753299d7d483339d80809a1d80553bda402fffe5bfeffffffff00000001,22,4194304,7,6,8,2,10,whole-run,fixed,triton-sumcheck-prime-field-montgomery-element-layout-specialized-points,180.550,70.456,0.000,0.000000,0.000,70.456,ok,cuda-sumcheck-prime-field-montgomery-element-layout-specialized-points,90.2611,86.6945,0,0,0,86.6945,ok,true,134702806634552,134702806634552,0.812693,,results/tmp_full_zk_r14_28/zk_complete_add_4_bw256_r22.log
zk_complete_add_4,q_add*x_p*x_p*x_q*x_q*lambda - q_add*x_p*x_q*x_q*x_r*lambda - q_add*x_p*x_q*x_q*y_p - q_add*x_p*x_q*x_q*y_r - q_add*x_p*x_p*x_p*x_q*lambda + q_add*x_p*x_p*x_q*x_r*lambda + q_add*x_p*x_p*x_q*y_p + q_add*x_p*x_p*x_q*y_r,prime-field-montgomery,element,specialized,p255_bls12_381_scalar,256,8,0x73eda753299d7d483339d80809a1d80553bda402fffe5bfeffffffff00000001,24,16777216,7,6,8,2,10,whole-run,fixed,triton-sumcheck-prime-field-montgomery-element-layout-specialized-points,334.307,214.140,0.000,0.000000,0.000,214.140,ok,cuda-sumcheck-prime-field-montgomery-element-layout-specialized-points,294.434,290.808,0,0,0,290.808,ok,true,148874151811255,148874151811255,0.736362,,results/tmp_full_zk_r14_28/zk_complete_add_4_bw256_r24.log
zk_complete_add_4,q_add*x_p*x_p*x_q*x_q*lambda - q_add*x_p*x_q*x_q*x_r*lambda - q_add*x_p*x_q*x_q*y_p - q_add*x_p*x_q*x_q*y_r - q_add*x_p*x_p*x_p*x_q*lambda + q_add*x_p*x_p*x_q*x_r*lambda + q_add*x_p*x_p*x_q*y_p + q_add*x_p*x_p*x_q*y_r,prime-field-montgomery,element,specialized,p255_bls12_381_scalar,256,8,0x73eda753299d7d483339d80809a1d80553bda402fffe5bfeffffffff00000001,26,67108864,7,6,8,2,10,whole-run,fixed,triton-sumcheck-prime-field-montgomery-element-layout-specialized-points,911.044,781.163,0.000,0.000000,0.000,781.163,ok,cuda-sumcheck-prime-field-montgomery-element-layout-specialized-points,1107.03,1099.28,0,0,0,1099.28,ok,true,162310316388649,162310316388649,0.710613,,results/tmp_full_zk_r14_28/zk_complete_add_4_bw256_r26.log
zk_complete_add_4,q_add*x_p*x_p*x_q*x_q*lambda - q_add*x_p*x_q*x_q*x_r*lambda - q_add*x_p*x_q*x_q*y_p - q_add*x_p*x_q*x_q*y_r - q_add*x_p*x_p*x_p*x_q*lambda + q_add*x_p*x_p*x_q*x_r*lambda + q_add*x_p*x_p*x_q*y_p + q_add*x_p*x_p*x_q*y_r,prime-field-montgomery,element,specialized,,256,,,28,268435456,7,6,8,2,10,whole-run,fixed,,,,,,,,skipped,,,,,,,,skipped,skipped,,,,returncode=1,results/tmp_full_zk_r14_28/zk_complete_add_4_bw256_r28.log
zk_complete_add_5,q_add*x_p*x_q*y_q*lambda*lambda + q_add*x_p*x_q*y_p*lambda*lambda - q_add*x_p*x_p*x_q*y_q - q_add*x_p*x_p*x_q*y_p - q_add*x_p*x_q*x_q*y_q - q_add*x_p*x_q*x_q*y_p - q_add*x_p*x_q*y_q*x_r - q_add*x_p*x_q*y_p*x_r,prime-field-montgomery,element,specialized,p32_2^32_minus_5,32,1,0xfffffffb,14,16384,7,6,8,2,10,whole-run,fixed,triton-sumcheck-prime-field-montgomery-element-layout-specialized-points,12426.009,11.492,0.000,0.000000,0.000,11.492,ok,cuda-sumcheck-prime-field-montgomery-element-layout-specialized-points,2.99382,2.68832,0,0,0,2.68832,ok,true,2618948229781,2618948229781,4.274789,,results/tmp_full_zk_r14_28/zk_complete_add_5_bw32_r14.log
zk_complete_add_5,q_add*x_p*x_q*y_q*lambda*lambda + q_add*x_p*x_q*y_p*lambda*lambda - q_add*x_p*x_p*x_q*y_q - q_add*x_p*x_p*x_q*y_p - q_add*x_p*x_q*x_q*y_q - q_add*x_p*x_q*x_q*y_p - q_add*x_p*x_q*y_q*x_r - q_add*x_p*x_q*y_p*x_r,prime-field-montgomery,element,specialized,p32_2^32_minus_5,32,1,0xfffffffb,16,65536,7,6,8,2,10,whole-run,fixed,triton-sumcheck-prime-field-montgomery-element-layout-specialized-points,60.997,14.805,0.000,0.000000,0.000,14.805,ok,cuda-sumcheck-prime-field-montgomery-element-layout-specialized-points,3.58224,3.29139,0,0,0,3.29139,ok,true,3414977369479,3414977369479,4.498100,,results/tmp_full_zk_r14_28/zk_complete_add_5_bw32_r16.log
zk_complete_add_5,q_add*x_p*x_q*y_q*lambda*lambda + q_add*x_p*x_q*y_p*lambda*lambda - q_add*x_p*x_p*x_q*y_q - q_add*x_p*x_p*x_q*y_p - q_add*x_p*x_q*x_q*y_q - q_add*x_p*x_q*x_q*y_p - q_add*x_p*x_q*y_q*x_r - q_add*x_p*x_q*y_p*x_r,prime-field-montgomery,element,specialized,p32_2^32_minus_5,32,1,0xfffffffb,18,262144,7,6,8,2,10,whole-run,fixed,triton-sumcheck-prime-field-montgomery-element-layout-specialized-points,64.785,18.978,0.000,0.000000,0.000,18.978,ok,cuda-sumcheck-prime-field-montgomery-element-layout-specialized-points,4.17197,3.93114,0,0,0,3.93114,ok,true,3364864341735,3364864341735,4.827607,,results/tmp_full_zk_r14_28/zk_complete_add_5_bw32_r18.log
zk_complete_add_5,q_add*x_p*x_q*y_q*lambda*lambda + q_add*x_p*x_q*y_p*lambda*lambda - q_add*x_p*x_p*x_q*y_q - q_add*x_p*x_p*x_q*y_p - q_add*x_p*x_q*x_q*y_q - q_add*x_p*x_q*x_q*y_p - q_add*x_p*x_q*y_q*x_r - q_add*x_p*x_q*y_p*x_r,prime-field-montgomery,element,specialized,p32_2^32_minus_5,32,1,0xfffffffb,20,1048576,7,6,8,2,10,whole-run,fixed,triton-sumcheck-prime-field-montgomery-element-layout-specialized-points,69.541,23.615,0.000,0.000000,0.000,23.615,ok,cuda-sumcheck-prime-field-montgomery-element-layout-specialized-points,5.08797,4.86838,0,0,0,4.86838,ok,true,3580529220502,3580529220502,4.850690,,results/tmp_full_zk_r14_28/zk_complete_add_5_bw32_r20.log
zk_complete_add_5,q_add*x_p*x_q*y_q*lambda*lambda + q_add*x_p*x_q*y_p*lambda*lambda - q_add*x_p*x_p*x_q*y_q - q_add*x_p*x_p*x_q*y_p - q_add*x_p*x_q*x_q*y_q - q_add*x_p*x_q*x_q*y_p - q_add*x_p*x_q*y_q*x_r - q_add*x_p*x_q*y_p*x_r,prime-field-montgomery,element,specialized,p32_2^32_minus_5,32,1,0xfffffffb,22,4194304,7,6,8,2,10,whole-run,fixed,triton-sumcheck-prime-field-montgomery-element-layout-specialized-points,74.243,28.760,0.000,0.000000,0.000,28.760,ok,cuda-sumcheck-prime-field-montgomery-element-layout-specialized-points,7.15174,6.77434,0,0,0,6.77434,ok,true,4560619306958,4560619306958,4.245432,,results/tmp_full_zk_r14_28/zk_complete_add_5_bw32_r22.log
zk_complete_add_5,q_add*x_p*x_q*y_q*lambda*lambda + q_add*x_p*x_q*y_p*lambda*lambda - q_add*x_p*x_p*x_q*y_q - q_add*x_p*x_p*x_q*y_p - q_add*x_p*x_q*x_q*y_q - q_add*x_p*x_q*x_q*y_p - q_add*x_p*x_q*y_q*x_r - q_add*x_p*x_q*y_p*x_r,prime-field-montgomery,element,specialized,p32_2^32_minus_5,32,1,0xfffffffb,24,16777216,7,6,8,2,10,whole-run,fixed,triton-sumcheck-prime-field-montgomery-element-layout-specialized-points,86.928,41.100,0.000,0.000000,0.000,41.100,ok,cuda-sumcheck-prime-field-montgomery-element-layout-specialized-points,11.4133,11.1916,0,0,0,11.1916,ok,true,5152848351495,5152848351495,3.672397,,results/tmp_full_zk_r14_28/zk_complete_add_5_bw32_r24.log
zk_complete_add_5,q_add*x_p*x_q*y_q*lambda*lambda + q_add*x_p*x_q*y_p*lambda*lambda - q_add*x_p*x_p*x_q*y_q - q_add*x_p*x_p*x_q*y_p - q_add*x_p*x_q*x_q*y_q - q_add*x_p*x_q*x_q*y_p - q_add*x_p*x_q*y_q*x_r - q_add*x_p*x_q*y_p*x_r,prime-field-montgomery,element,specialized,p32_2^32_minus_5,32,1,0xfffffffb,26,67108864,7,6,8,2,10,whole-run,fixed,triton-sumcheck-prime-field-montgomery-element-layout-specialized-points,133.897,87.034,0.000,0.000000,0.000,87.034,ok,cuda-sumcheck-prime-field-montgomery-element-layout-specialized-points,26.7216,26.4871,0,0,0,26.4871,ok,true,5376049301740,5376049301740,3.285901,,results/tmp_full_zk_r14_28/zk_complete_add_5_bw32_r26.log
zk_complete_add_5,q_add*x_p*x_q*y_q*lambda*lambda + q_add*x_p*x_q*y_p*lambda*lambda - q_add*x_p*x_p*x_q*y_q - q_add*x_p*x_p*x_q*y_p - q_add*x_p*x_q*x_q*y_q - q_add*x_p*x_q*x_q*y_p - q_add*x_p*x_q*y_q*x_r - q_add*x_p*x_q*y_p*x_r,prime-field-montgomery,element,specialized,p32_2^32_minus_5,32,1,0xfffffffb,28,268435456,7,6,8,2,10,whole-run,fixed,triton-sumcheck-prime-field-montgomery-element-layout-specialized-points,325.507,265.200,0.000,0.000000,0.000,265.200,ok,cuda-sumcheck-prime-field-montgomery-element-layout-specialized-points,88.3144,88.799,0,0,0,88.799,ok,true,5285422529946,5285422529946,2.986520,,results/tmp_full_zk_r14_28/zk_complete_add_5_bw32_r28.log
zk_complete_add_5,q_add*x_p*x_q*y_q*lambda*lambda + q_add*x_p*x_q*y_p*lambda*lambda - q_add*x_p*x_p*x_q*y_q - q_add*x_p*x_p*x_q*y_p - q_add*x_p*x_q*x_q*y_q - q_add*x_p*x_q*x_q*y_p - q_add*x_p*x_q*y_q*x_r - q_add*x_p*x_q*y_p*x_r,prime-field-montgomery,element,specialized,p64_goldilocks,64,2,0xffffffff00000001,14,16384,7,6,8,2,10,whole-run,fixed,triton-sumcheck-prime-field-montgomery-element-layout-specialized-points,86640.149,11.469,0.000,0.000000,0.000,11.469,ok,cuda-sumcheck-prime-field-montgomery-element-layout-specialized-points,3.47136,2.91658,0,0,0,2.91658,ok,true,8395187864882,8395187864882,3.932345,,results/tmp_full_zk_r14_28/zk_complete_add_5_bw64_r14.log
zk_complete_add_5,q_add*x_p*x_q*y_q*lambda*lambda + q_add*x_p*x_q*y_p*lambda*lambda - q_add*x_p*x_p*x_q*y_q - q_add*x_p*x_p*x_q*y_p - q_add*x_p*x_q*x_q*y_q - q_add*x_p*x_q*x_q*y_p - q_add*x_p*x_q*y_q*x_r - q_add*x_p*x_q*y_p*x_r,prime-field-montgomery,element,specialized,p64_goldilocks,64,2,0xffffffff00000001,16,65536,7,6,8,2,10,whole-run,fixed,triton-sumcheck-prime-field-montgomery-element-layout-specialized-points,64.724,14.598,0.000,0.000000,0.000,14.598,ok,cuda-sumcheck-prime-field-montgomery-element-layout-specialized-points,4.24403,3.71373,0,0,0,3.71373,ok,true,10070046576304,10070046576304,3.930819,,results/tmp_full_zk_r14_28/zk_complete_add_5_bw64_r16.log
zk_complete_add_5,q_add*x_p*x_q*y_q*lambda*lambda + q_add*x_p*x_q*y_p*lambda*lambda - q_add*x_p*x_p*x_q*y_q - q_add*x_p*x_p*x_q*y_p - q_add*x_p*x_q*x_q*y_q - q_add*x_p*x_q*x_q*y_p - q_add*x_p*x_q*y_q*x_r - q_add*x_p*x_q*y_p*x_r,prime-field-montgomery,element,specialized,p64_goldilocks,64,2,0xffffffff00000001,18,262144,7,6,8,2,10,whole-run,fixed,triton-sumcheck-prime-field-montgomery-element-layout-specialized-points,68.561,18.893,0.000,0.000000,0.000,18.893,ok,cuda-sumcheck-prime-field-montgomery-element-layout-specialized-points,5.50502,4.98202,0,0,0,4.98202,ok,true,10342706563358,10342706563358,3.792237,,results/tmp_full_zk_r14_28/zk_complete_add_5_bw64_r18.log
zk_complete_add_5,q_add*x_p*x_q*y_q*lambda*lambda + q_add*x_p*x_q*y_p*lambda*lambda - q_add*x_p*x_p*x_q*y_q - q_add*x_p*x_p*x_q*y_p - q_add*x_p*x_q*x_q*y_q - q_add*x_p*x_q*x_q*y_p - q_add*x_p*x_q*y_q*x_r - q_add*x_p*x_q*y_p*x_r,prime-field-montgomery,element,specialized,p64_goldilocks,64,2,0xffffffff00000001,20,1048576,7,6,8,2,10,whole-run,fixed,triton-sumcheck-prime-field-montgomery-element-layout-specialized-points,73.506,23.259,0.000,0.000000,0.000,23.259,ok,cuda-sumcheck-prime-field-montgomery-element-layout-specialized-points,7.7617,7.19133,0,0,0,7.19133,ok,true,11516748301552,11516748301552,3.234311,,results/tmp_full_zk_r14_28/zk_complete_add_5_bw64_r20.log
zk_complete_add_5,q_add*x_p*x_q*y_q*lambda*lambda + q_add*x_p*x_q*y_p*lambda*lambda - q_add*x_p*x_p*x_q*y_q - q_add*x_p*x_p*x_q*y_p - q_add*x_p*x_q*x_q*y_q - q_add*x_p*x_q*x_q*y_p - q_add*x_p*x_q*y_q*x_r - q_add*x_p*x_q*y_p*x_r,prime-field-montgomery,element,specialized,p64_goldilocks,64,2,0xffffffff00000001,22,4194304,7,6,8,2,10,whole-run,fixed,triton-sumcheck-prime-field-montgomery-element-layout-specialized-points,80.037,30.114,0.000,0.000000,0.000,30.114,ok,cuda-sumcheck-prime-field-montgomery-element-layout-specialized-points,11.4421,10.9749,0,0,0,10.9749,ok,true,13163891691002,13163891691002,2.743897,,results/tmp_full_zk_r14_28/zk_complete_add_5_bw64_r22.log
zk_complete_add_5,q_add*x_p*x_q*y_q*lambda*lambda + q_add*x_p*x_q*y_p*lambda*lambda - q_add*x_p*x_p*x_q*y_q - q_add*x_p*x_p*x_q*y_p - q_add*x_p*x_q*x_q*y_q - q_add*x_p*x_q*x_q*y_p - q_add*x_p*x_q*y_q*x_r - q_add*x_p*x_q*y_p*x_r,prime-field-montgomery,element,specialized,p64_goldilocks,64,2,0xffffffff00000001,24,16777216,7,6,8,2,10,whole-run,fixed,triton-sumcheck-prime-field-montgomery-element-layout-specialized-points,97.684,47.860,0.000,0.000000,0.000,47.860,ok,cuda-sumcheck-prime-field-montgomery-element-layout-specialized-points,25.7315,25.2863,0,0,0,25.2863,ok,true,14619221144788,14619221144788,1.892725,,results/tmp_full_zk_r14_28/zk_complete_add_5_bw64_r24.log
zk_complete_add_5,q_add*x_p*x_q*y_q*lambda*lambda + q_add*x_p*x_q*y_p*lambda*lambda - q_add*x_p*x_p*x_q*y_q - q_add*x_p*x_p*x_q*y_p - q_add*x_p*x_q*x_q*y_q - q_add*x_p*x_q*x_q*y_p - q_add*x_p*x_q*y_q*x_r - q_add*x_p*x_q*y_p*x_r,prime-field-montgomery,element,specialized,p64_goldilocks,64,2,0xffffffff00000001,26,67108864,7,6,8,2,10,whole-run,fixed,triton-sumcheck-prime-field-montgomery-element-layout-specialized-points,173.015,117.463,0.000,0.000000,0.000,117.463,ok,cuda-sumcheck-prime-field-montgomery-element-layout-specialized-points,81.1181,80.5602,0,0,0,80.5602,ok,true,15556009458548,15556009458548,1.458077,,results/tmp_full_zk_r14_28/zk_complete_add_5_bw64_r26.log
zk_complete_add_5,q_add*x_p*x_q*y_q*lambda*lambda + q_add*x_p*x_q*y_p*lambda*lambda - q_add*x_p*x_p*x_q*y_q - q_add*x_p*x_p*x_q*y_p - q_add*x_p*x_q*x_q*y_q - q_add*x_p*x_q*x_q*y_p - q_add*x_p*x_q*y_q*x_r - q_add*x_p*x_q*y_p*x_r,prime-field-montgomery,element,specialized,p64_goldilocks,64,2,0xffffffff00000001,28,268435456,7,6,8,2,10,whole-run,fixed,triton-sumcheck-prime-field-montgomery-element-layout-specialized-points,435.111,387.443,0.000,0.000000,0.000,387.443,ok,cuda-sumcheck-prime-field-montgomery-element-layout-specialized-points,301.178,300.536,0,0,0,300.536,ok,true,15672764344484,15672764344484,1.289173,,results/tmp_full_zk_r14_28/zk_complete_add_5_bw64_r28.log
zk_complete_add_5,q_add*x_p*x_q*y_q*lambda*lambda + q_add*x_p*x_q*y_p*lambda*lambda - q_add*x_p*x_p*x_q*y_q - q_add*x_p*x_p*x_q*y_p - q_add*x_p*x_q*x_q*y_q - q_add*x_p*x_q*x_q*y_p - q_add*x_p*x_q*y_q*x_r - q_add*x_p*x_q*y_p*x_r,prime-field-montgomery,element,specialized,p128_mersenne_2^127_minus_1,128,4,0x7fffffffffffffffffffffffffffffff,14,16384,7,6,8,2,10,whole-run,fixed,triton-sumcheck-prime-field-montgomery-element-layout-specialized-points,1128344.710,11.334,0.000,0.000000,0.000,11.334,ok,cuda-sumcheck-prime-field-montgomery-element-layout-specialized-points,5.52448,4.32454,0,0,0,4.32454,ok,true,22347721338319,22347721338319,2.620857,,results/tmp_full_zk_r14_28/zk_complete_add_5_bw128_r14.log
zk_complete_add_5,q_add*x_p*x_q*y_q*lambda*lambda + q_add*x_p*x_q*y_p*lambda*lambda - q_add*x_p*x_p*x_q*y_q - q_add*x_p*x_p*x_q*y_p - q_add*x_p*x_q*x_q*y_q - q_add*x_p*x_q*x_q*y_p - q_add*x_p*x_q*y_q*x_r - q_add*x_p*x_q*y_p*x_r,prime-field-montgomery,element,specialized,p128_mersenne_2^127_minus_1,128,4,0x7fffffffffffffffffffffffffffffff,16,65536,7,6,8,2,10,whole-run,fixed,triton-sumcheck-prime-field-montgomery-element-layout-specialized-points,77.543,14.615,0.000,0.000000,0.000,14.615,ok,cuda-sumcheck-prime-field-montgomery-element-layout-specialized-points,6.36995,5.16109,0,0,0,5.16109,ok,true,24457069148317,24457069148317,2.831766,,results/tmp_full_zk_r14_28/zk_complete_add_5_bw128_r16.log
zk_complete_add_5,q_add*x_p*x_q*y_q*lambda*lambda + q_add*x_p*x_q*y_p*lambda*lambda - q_add*x_p*x_p*x_q*y_q - q_add*x_p*x_p*x_q*y_p - q_add*x_p*x_q*x_q*y_q - q_add*x_p*x_q*x_q*y_p - q_add*x_p*x_q*y_q*x_r - q_add*x_p*x_q*y_p*x_r,prime-field-montgomery,element,specialized,p128_mersenne_2^127_minus_1,128,4,0x7fffffffffffffffffffffffffffffff,18,262144,7,6,8,2,10,whole-run,fixed,triton-sumcheck-prime-field-montgomery-element-layout-specialized-points,81.202,18.656,0.000,0.000000,0.000,18.656,ok,cuda-sumcheck-prime-field-montgomery-element-layout-specialized-points,8.49322,7.31869,0,0,0,7.31869,ok,true,27416235585102,27416235585102,2.549090,,results/tmp_full_zk_r14_28/zk_complete_add_5_bw128_r18.log
zk_complete_add_5,q_add*x_p*x_q*y_q*lambda*lambda + q_add*x_p*x_q*y_p*lambda*lambda - q_add*x_p*x_p*x_q*y_q - q_add*x_p*x_p*x_q*y_p - q_add*x_p*x_q*x_q*y_q - q_add*x_p*x_q*x_q*y_p - q_add*x_p*x_q*y_q*x_r - q_add*x_p*x_q*y_p*x_r,prime-field-montgomery,element,specialized,p128_mersenne_2^127_minus_1,128,4,0x7fffffffffffffffffffffffffffffff,20,1048576,7,6,8,2,10,whole-run,fixed,triton-sumcheck-prime-field-montgomery-element-layout-specialized-points,87.401,24.106,0.000,0.000000,0.000,24.106,ok,cuda-sumcheck-prime-field-montgomery-element-layout-specialized-points,11.6513,10.5627,0,0,0,10.5627,ok,true,31335826549170,31335826549170,2.282182,,results/tmp_full_zk_r14_28/zk_complete_add_5_bw128_r20.log
zk_complete_add_5,q_add*x_p*x_q*y_q*lambda*lambda + q_add*x_p*x_q*y_p*lambda*lambda - q_add*x_p*x_p*x_q*y_q - q_add*x_p*x_p*x_q*y_p - q_add*x_p*x_q*x_q*y_q - q_add*x_p*x_q*x_q*y_p - q_add*x_p*x_q*y_q*x_r - q_add*x_p*x_q*y_p*x_r,prime-field-montgomery,element,specialized,p128_mersenne_2^127_minus_1,128,4,0x7fffffffffffffffffffffffffffffff,22,4194304,7,6,8,2,10,whole-run,fixed,triton-sumcheck-prime-field-montgomery-element-layout-specialized-points,98.488,35.419,0.000,0.000000,0.000,35.419,ok,cuda-sumcheck-prime-field-montgomery-element-layout-specialized-points,23.7045,22.5562,0,0,0,22.5562,ok,true,34729672096938,34729672096938,1.570256,,results/tmp_full_zk_r14_28/zk_complete_add_5_bw128_r22.log
zk_complete_add_5,q_add*x_p*x_q*y_q*lambda*lambda + q_add*x_p*x_q*y_p*lambda*lambda - q_add*x_p*x_p*x_q*y_q - q_add*x_p*x_p*x_q*y_p - q_add*x_p*x_q*x_q*y_q - q_add*x_p*x_q*x_q*y_p - q_add*x_p*x_q*y_q*x_r - q_add*x_p*x_q*y_p*x_r,prime-field-montgomery,element,specialized,p128_mersenne_2^127_minus_1,128,4,0x7fffffffffffffffffffffffffffffff,24,16777216,7,6,8,2,10,whole-run,fixed,triton-sumcheck-prime-field-montgomery-element-layout-specialized-points,143.610,78.351,0.000,0.000000,0.000,78.351,ok,cuda-sumcheck-prime-field-montgomery-element-layout-specialized-points,68.0693,66.9343,0,0,0,66.9343,ok,true,37043555539653,37043555539653,1.170566,,results/tmp_full_zk_r14_28/zk_complete_add_5_bw128_r24.log
zk_complete_add_5,q_add*x_p*x_q*y_q*lambda*lambda + q_add*x_p*x_q*y_p*lambda*lambda - q_add*x_p*x_p*x_q*y_q - q_add*x_p*x_p*x_q*y_p - q_add*x_p*x_q*x_q*y_q - q_add*x_p*x_q*x_q*y_p - q_add*x_p*x_q*y_q*x_r - q_add*x_p*x_q*y_p*x_r,prime-field-montgomery,element,specialized,p128_mersenne_2^127_minus_1,128,4,0x7fffffffffffffffffffffffffffffff,26,67108864,7,6,8,2,10,whole-run,fixed,triton-sumcheck-prime-field-montgomery-element-layout-specialized-points,324.276,243.907,0.000,0.000000,0.000,243.907,ok,cuda-sumcheck-prime-field-montgomery-element-layout-specialized-points,243.809,242.776,0,0,0,242.776,ok,true,41499080803804,41499080803804,1.004659,,results/tmp_full_zk_r14_28/zk_complete_add_5_bw128_r26.log
zk_complete_add_5,q_add*x_p*x_q*y_q*lambda*lambda + q_add*x_p*x_q*y_p*lambda*lambda - q_add*x_p*x_p*x_q*y_q - q_add*x_p*x_p*x_q*y_p - q_add*x_p*x_q*x_q*y_q - q_add*x_p*x_q*x_q*y_p - q_add*x_p*x_q*y_q*x_r - q_add*x_p*x_q*y_p*x_r,prime-field-montgomery,element,specialized,,128,,,28,268435456,7,6,8,2,10,whole-run,fixed,,,,,,,,skipped,,,,,,,,skipped,skipped,,,,returncode=1,results/tmp_full_zk_r14_28/zk_complete_add_5_bw128_r28.log
zk_complete_add_5,q_add*x_p*x_q*y_q*lambda*lambda + q_add*x_p*x_q*y_p*lambda*lambda - q_add*x_p*x_p*x_q*y_q - q_add*x_p*x_p*x_q*y_p - q_add*x_p*x_q*x_q*y_q - q_add*x_p*x_q*x_q*y_p - q_add*x_p*x_q*y_q*x_r - q_add*x_p*x_q*y_p*x_r,prime-field-montgomery,element,specialized,,256,,,14,16384,7,6,8,2,10,whole-run,fixed,,,,,,,,skipped,,,,,,,,skipped,skipped,,,,returncode=1,results/tmp_full_zk_r14_28/zk_complete_add_5_bw256_r14.log
zk_complete_add_5,q_add*x_p*x_q*y_q*lambda*lambda + q_add*x_p*x_q*y_p*lambda*lambda - q_add*x_p*x_p*x_q*y_q - q_add*x_p*x_p*x_q*y_p - q_add*x_p*x_q*x_q*y_q - q_add*x_p*x_q*x_q*y_p - q_add*x_p*x_q*y_q*x_r - q_add*x_p*x_q*y_p*x_r,prime-field-montgomery,element,specialized,p255_bls12_381_scalar,256,8,0x73eda753299d7d483339d80809a1d80553bda402fffe5bfeffffffff00000001,16,65536,7,6,8,2,10,whole-run,fixed,triton-sumcheck-prime-field-montgomery-element-layout-specialized-points,3398230.329,17.213,0.000,0.000000,0.000,17.213,ok,cuda-sumcheck-prime-field-montgomery-element-layout-specialized-points,14.9653,11.5274,0,0,0,11.5274,ok,true,96997994124720,96997994124720,1.493225,,results/tmp_full_zk_r14_28/zk_complete_add_5_bw256_r16.log
zk_complete_add_5,q_add*x_p*x_q*y_q*lambda*lambda + q_add*x_p*x_q*y_p*lambda*lambda - q_add*x_p*x_p*x_q*y_q - q_add*x_p*x_p*x_q*y_p - q_add*x_p*x_q*x_q*y_q - q_add*x_p*x_q*x_q*y_p - q_add*x_p*x_q*y_q*x_r - q_add*x_p*x_q*y_p*x_r,prime-field-montgomery,element,specialized,p255_bls12_381_scalar,256,8,0x73eda753299d7d483339d80809a1d80553bda402fffe5bfeffffffff00000001,18,262144,7,6,8,2,10,whole-run,fixed,triton-sumcheck-prime-field-montgomery-element-layout-specialized-points,131.628,22.256,0.000,0.000000,0.000,22.256,ok,cuda-sumcheck-prime-field-montgomery-element-layout-specialized-points,20.3174,17.1818,0,0,0,17.1818,ok,true,109980672794889,109980672794889,1.295324,,results/tmp_full_zk_r14_28/zk_complete_add_5_bw256_r18.log
zk_complete_add_5,q_add*x_p*x_q*y_q*lambda*lambda + q_add*x_p*x_q*y_p*lambda*lambda - q_add*x_p*x_p*x_q*y_q - q_add*x_p*x_p*x_q*y_p - q_add*x_p*x_q*x_q*y_q - q_add*x_p*x_q*x_q*y_p - q_add*x_p*x_q*y_q*x_r - q_add*x_p*x_q*y_p*x_r,prime-field-montgomery,element,specialized,p255_bls12_381_scalar,256,8,0x73eda753299d7d483339d80809a1d80553bda402fffe5bfeffffffff00000001,20,1048576,7,6,8,2,10,whole-run,fixed,triton-sumcheck-prime-field-montgomery-element-layout-specialized-points,141.703,34.717,0.000,0.000000,0.000,34.717,ok,cuda-sumcheck-prime-field-montgomery-element-layout-specialized-points,34.7374,31.6634,0,0,0,31.6634,ok,true,123320185658891,123320185658891,1.096439,,results/tmp_full_zk_r14_28/zk_complete_add_5_bw256_r20.log
zk_complete_add_5,q_add*x_p*x_q*y_q*lambda*lambda + q_add*x_p*x_q*y_p*lambda*lambda - q_add*x_p*x_p*x_q*y_q - q_add*x_p*x_p*x_q*y_p - q_add*x_p*x_q*x_q*y_q - q_add*x_p*x_q*x_q*y_p - q_add*x_p*x_q*y_q*x_r - q_add*x_p*x_q*y_p*x_r,prime-field-montgomery,element,specialized,p255_bls12_381_scalar,256,8,0x73eda753299d7d483339d80809a1d80553bda402fffe5bfeffffffff00000001,22,4194304,7,6,8,2,10,whole-run,fixed,triton-sumcheck-prime-field-montgomery-element-layout-specialized-points,174.095,66.981,0.000,0.000000,0.000,66.981,ok,cuda-sumcheck-prime-field-montgomery-element-layout-specialized-points,85.3524,82.2794,0,0,0,82.2794,ok,true,135911975834440,135911975834440,0.814068,,results/tmp_full_zk_r14_28/zk_complete_add_5_bw256_r22.log
zk_complete_add_5,q_add*x_p*x_q*y_q*lambda*lambda + q_add*x_p*x_q*y_p*lambda*lambda - q_add*x_p*x_p*x_q*y_q - q_add*x_p*x_p*x_q*y_p - q_add*x_p*x_q*x_q*y_q - q_add*x_p*x_q*x_q*y_p - q_add*x_p*x_q*y_q*x_r - q_add*x_p*x_q*y_p*x_r,prime-field-montgomery,element,specialized,p255_bls12_381_scalar,256,8,0x73eda753299d7d483339d80809a1d80553bda402fffe5bfeffffffff00000001,24,16777216,7,6,8,2,10,whole-run,fixed,triton-sumcheck-prime-field-montgomery-element-layout-specialized-points,345.710,200.936,0.000,0.000000,0.000,200.936,ok,cuda-sumcheck-prime-field-montgomery-element-layout-specialized-points,278.59,275.282,0,0,0,275.282,ok,true,146425248442876,146425248442876,0.729928,,results/tmp_full_zk_r14_28/zk_complete_add_5_bw256_r24.log
zk_complete_add_5,q_add*x_p*x_q*y_q*lambda*lambda + q_add*x_p*x_q*y_p*lambda*lambda - q_add*x_p*x_p*x_q*y_q - q_add*x_p*x_p*x_q*y_p - q_add*x_p*x_q*x_q*y_q - q_add*x_p*x_q*x_q*y_p - q_add*x_p*x_q*y_q*x_r - q_add*x_p*x_q*y_p*x_r,prime-field-montgomery,element,specialized,p255_bls12_381_scalar,256,8,0x73eda753299d7d483339d80809a1d80553bda402fffe5bfeffffffff00000001,26,67108864,7,6,8,2,10,whole-run,fixed,triton-sumcheck-prime-field-montgomery-element-layout-specialized-points,847.256,726.893,0.000,0.000000,0.000,726.893,ok,cuda-sumcheck-prime-field-montgomery-element-layout-specialized-points,1049.48,1041.38,0,0,0,1041.38,ok,true,161138619619848,161138619619848,0.698009,,results/tmp_full_zk_r14_28/zk_complete_add_5_bw256_r26.log
zk_complete_add_5,q_add*x_p*x_q*y_q*lambda*lambda + q_add*x_p*x_q*y_p*lambda*lambda - q_add*x_p*x_p*x_q*y_q - q_add*x_p*x_p*x_q*y_p - q_add*x_p*x_q*x_q*y_q - q_add*x_p*x_q*x_q*y_p - q_add*x_p*x_q*y_q*x_r - q_add*x_p*x_q*y_p*x_r,prime-field-montgomery,element,specialized,,256,,,28,268435456,7,6,8,2,10,whole-run,fixed,,,,,,,,skipped,,,,,,,,skipped,skipped,,,,returncode=1,results/tmp_full_zk_r14_28/zk_complete_add_5_bw256_r28.log
zk_complete_add_6,q_add*x_p*x_p*x_q*y_q*lambda + q_add*x_p*x_p*x_q*y_p*lambda - q_add*x_p*x_q*y_p*x_r*lambda - q_add*x_p*x_q*y_q*x_r*lambda - q_add*x_p*x_q*y_p*y_p - q_add*x_p*x_q*y_p*y_q - q_add*x_p*x_q*y_p*y_r - q_add*x_p*x_q*y_q*y_r,prime-field-montgomery,element,specialized,p32_2^32_minus_5,32,1,0xfffffffb,14,16384,8,6,8,2,10,whole-run,fixed,triton-sumcheck-prime-field-montgomery-element-layout-specialized-points,14362.107,11.406,0.000,0.000000,0.000,11.406,ok,cuda-sumcheck-prime-field-montgomery-element-layout-specialized-points,2.98922,2.7007,0,0,0,2.7007,ok,true,2732034355063,2732034355063,4.223350,,results/tmp_full_zk_r14_28/zk_complete_add_6_bw32_r14.log
zk_complete_add_6,q_add*x_p*x_p*x_q*y_q*lambda + q_add*x_p*x_p*x_q*y_p*lambda - q_add*x_p*x_q*y_p*x_r*lambda - q_add*x_p*x_q*y_q*x_r*lambda - q_add*x_p*x_q*y_p*y_p - q_add*x_p*x_q*y_p*y_q - q_add*x_p*x_q*y_p*y_r - q_add*x_p*x_q*y_q*y_r,prime-field-montgomery,element,specialized,p32_2^32_minus_5,32,1,0xfffffffb,16,65536,8,6,8,2,10,whole-run,fixed,triton-sumcheck-prime-field-montgomery-element-layout-specialized-points,61.318,14.610,0.000,0.000000,0.000,14.610,ok,cuda-sumcheck-prime-field-montgomery-element-layout-specialized-points,3.6112,3.29837,0,0,0,3.29837,ok,true,3165230624907,3165230624907,4.429461,,results/tmp_full_zk_r14_28/zk_complete_add_6_bw32_r16.log
zk_complete_add_6,q_add*x_p*x_p*x_q*y_q*lambda + q_add*x_p*x_p*x_q*y_p*lambda - q_add*x_p*x_q*y_p*x_r*lambda - q_add*x_p*x_q*y_q*x_r*lambda - q_add*x_p*x_q*y_p*y_p - q_add*x_p*x_q*y_p*y_q - q_add*x_p*x_q*y_p*y_r - q_add*x_p*x_q*y_q*y_r,prime-field-montgomery,element,specialized,p32_2^32_minus_5,32,1,0xfffffffb,18,262144,8,6,8,2,10,whole-run,fixed,triton-sumcheck-prime-field-montgomery-element-layout-specialized-points,66.544,18.970,0.000,0.000000,0.000,18.970,ok,cuda-sumcheck-prime-field-montgomery-element-layout-specialized-points,4.25654,3.97446,0,0,0,3.97446,ok,true,3524664918177,3524664918177,4.772975,,results/tmp_full_zk_r14_28/zk_complete_add_6_bw32_r18.log
zk_complete_add_6,q_add*x_p*x_p*x_q*y_q*lambda + q_add*x_p*x_p*x_q*y_p*lambda - q_add*x_p*x_q*y_p*x_r*lambda - q_add*x_p*x_q*y_q*x_r*lambda - q_add*x_p*x_q*y_p*y_p - q_add*x_p*x_q*y_p*y_q - q_add*x_p*x_q*y_p*y_r - q_add*x_p*x_q*y_q*y_r,prime-field-montgomery,element,specialized,p32_2^32_minus_5,32,1,0xfffffffb,20,1048576,8,6,8,2,10,whole-run,fixed,triton-sumcheck-prime-field-montgomery-element-layout-specialized-points,70.455,23.285,0.000,0.000000,0.000,23.285,ok,cuda-sumcheck-prime-field-montgomery-element-layout-specialized-points,5.18982,4.96394,0,0,0,4.96394,ok,true,3965831004005,3965831004005,4.690830,,results/tmp_full_zk_r14_28/zk_complete_add_6_bw32_r20.log
zk_complete_add_6,q_add*x_p*x_p*x_q*y_q*lambda + q_add*x_p*x_p*x_q*y_p*lambda - q_add*x_p*x_q*y_p*x_r*lambda - q_add*x_p*x_q*y_q*x_r*lambda - q_add*x_p*x_q*y_p*y_p - q_add*x_p*x_q*y_p*y_q - q_add*x_p*x_q*y_p*y_r - q_add*x_p*x_q*y_q*y_r,prime-field-montgomery,element,specialized,p32_2^32_minus_5,32,1,0xfffffffb,22,4194304,8,6,8,2,10,whole-run,fixed,triton-sumcheck-prime-field-montgomery-element-layout-specialized-points,76.190,29.395,0.000,0.000000,0.000,29.395,ok,cuda-sumcheck-prime-field-montgomery-element-layout-specialized-points,6.99891,6.79926,0,0,0,6.79926,ok,true,4218207864195,4218207864195,4.323265,,results/tmp_full_zk_r14_28/zk_complete_add_6_bw32_r22.log
zk_complete_add_6,q_add*x_p*x_p*x_q*y_q*lambda + q_add*x_p*x_p*x_q*y_p*lambda - q_add*x_p*x_q*y_p*x_r*lambda - q_add*x_p*x_q*y_q*x_r*lambda - q_add*x_p*x_q*y_p*y_p - q_add*x_p*x_q*y_p*y_q - q_add*x_p*x_q*y_p*y_r - q_add*x_p*x_q*y_q*y_r,prime-field-montgomery,element,specialized,p32_2^32_minus_5,32,1,0xfffffffb,24,16777216,8,6,8,2,10,whole-run,fixed,triton-sumcheck-prime-field-montgomery-element-layout-specialized-points,88.354,41.992,0.000,0.000000,0.000,41.992,ok,cuda-sumcheck-prime-field-montgomery-element-layout-specialized-points,11.7973,11.6274,0,0,0,11.6274,ok,true,4596271812704,4596271812704,3.611469,,results/tmp_full_zk_r14_28/zk_complete_add_6_bw32_r24.log
zk_complete_add_6,q_add*x_p*x_p*x_q*y_q*lambda + q_add*x_p*x_p*x_q*y_p*lambda - q_add*x_p*x_q*y_p*x_r*lambda - q_add*x_p*x_q*y_q*x_r*lambda - q_add*x_p*x_q*y_p*y_p - q_add*x_p*x_q*y_p*y_q - q_add*x_p*x_q*y_p*y_r - q_add*x_p*x_q*y_q*y_r,prime-field-montgomery,element,specialized,p32_2^32_minus_5,32,1,0xfffffffb,26,67108864,8,6,8,2,10,whole-run,fixed,triton-sumcheck-prime-field-montgomery-element-layout-specialized-points,146.027,89.574,0.000,0.000000,0.000,89.574,ok,cuda-sumcheck-prime-field-montgomery-element-layout-specialized-points,28.631,28.464,0,0,0,28.464,ok,true,4670927661413,4670927661413,3.146922,,results/tmp_full_zk_r14_28/zk_complete_add_6_bw32_r26.log
zk_complete_add_6,q_add*x_p*x_p*x_q*y_q*lambda + q_add*x_p*x_p*x_q*y_p*lambda - q_add*x_p*x_q*y_p*x_r*lambda - q_add*x_p*x_q*y_q*x_r*lambda - q_add*x_p*x_q*y_p*y_p - q_add*x_p*x_q*y_p*y_q - q_add*x_p*x_q*y_p*y_r - q_add*x_p*x_q*y_q*y_r,prime-field-montgomery,element,specialized,p32_2^32_minus_5,32,1,0xfffffffb,28,268435456,8,6,8,2,10,whole-run,fixed,triton-sumcheck-prime-field-montgomery-element-layout-specialized-points,332.286,273.452,0.000,0.000000,0.000,273.452,ok,cuda-sumcheck-prime-field-montgomery-element-layout-specialized-points,96.6346,97.4125,0,0,0,97.4125,ok,true,5407386445409,5407386445409,2.807155,,results/tmp_full_zk_r14_28/zk_complete_add_6_bw32_r28.log
zk_complete_add_6,q_add*x_p*x_p*x_q*y_q*lambda + q_add*x_p*x_p*x_q*y_p*lambda - q_add*x_p*x_q*y_p*x_r*lambda - q_add*x_p*x_q*y_q*x_r*lambda - q_add*x_p*x_q*y_p*y_p - q_add*x_p*x_q*y_p*y_q - q_add*x_p*x_q*y_p*y_r - q_add*x_p*x_q*y_q*y_r,prime-field-montgomery,element,specialized,p64_goldilocks,64,2,0xffffffff00000001,14,16384,8,6,8,2,10,whole-run,fixed,triton-sumcheck-prime-field-montgomery-element-layout-specialized-points,107852.758,11.451,0.000,0.000000,0.000,11.451,ok,cuda-sumcheck-prime-field-montgomery-element-layout-specialized-points,3.85814,3.2711,0,0,0,3.2711,ok,true,8071796398614,8071796398614,3.500657,,results/tmp_full_zk_r14_28/zk_complete_add_6_bw64_r14.log
zk_complete_add_6,q_add*x_p*x_p*x_q*y_q*lambda + q_add*x_p*x_p*x_q*y_p*lambda - q_add*x_p*x_q*y_p*x_r*lambda - q_add*x_p*x_q*y_q*x_r*lambda - q_add*x_p*x_q*y_p*y_p - q_add*x_p*x_q*y_p*y_q - q_add*x_p*x_q*y_p*y_r - q_add*x_p*x_q*y_q*y_r,prime-field-montgomery,element,specialized,p64_goldilocks,64,2,0xffffffff00000001,16,65536,8,6,8,2,10,whole-run,fixed,triton-sumcheck-prime-field-montgomery-element-layout-specialized-points,67.665,15.151,0.000,0.000000,0.000,15.151,ok,cuda-sumcheck-prime-field-montgomery-element-layout-specialized-points,4.76483,4.22579,0,0,0,4.22579,ok,true,9188997486136,9188997486136,3.585365,,results/tmp_full_zk_r14_28/zk_complete_add_6_bw64_r16.log
zk_complete_add_6,q_add*x_p*x_p*x_q*y_q*lambda + q_add*x_p*x_p*x_q*y_p*lambda - q_add*x_p*x_q*y_p*x_r*lambda - q_add*x_p*x_q*y_q*x_r*lambda - q_add*x_p*x_q*y_p*y_p - q_add*x_p*x_q*y_p*y_q - q_add*x_p*x_q*y_p*y_r - q_add*x_p*x_q*y_q*y_r,prime-field-montgomery,element,specialized,p64_goldilocks,64,2,0xffffffff00000001,18,262144,8,6,8,2,10,whole-run,fixed,triton-sumcheck-prime-field-montgomery-element-layout-specialized-points,69.743,18.643,0.000,0.000000,0.000,18.643,ok,cuda-sumcheck-prime-field-montgomery-element-layout-specialized-points,5.4591,4.90266,0,0,0,4.90266,ok,true,10966450254344,10966450254344,3.802630,,results/tmp_full_zk_r14_28/zk_complete_add_6_bw64_r18.log
zk_complete_add_6,q_add*x_p*x_p*x_q*y_q*lambda + q_add*x_p*x_p*x_q*y_p*lambda - q_add*x_p*x_q*y_p*x_r*lambda - q_add*x_p*x_q*y_q*x_r*lambda - q_add*x_p*x_q*y_p*y_p - q_add*x_p*x_q*y_p*y_q - q_add*x_p*x_q*y_p*y_r - q_add*x_p*x_q*y_q*y_r,prime-field-montgomery,element,specialized,p64_goldilocks,64,2,0xffffffff00000001,20,1048576,8,6,8,2,10,whole-run,fixed,triton-sumcheck-prime-field-montgomery-element-layout-specialized-points,75.591,23.785,0.000,0.000000,0.000,23.785,ok,cuda-sumcheck-prime-field-montgomery-element-layout-specialized-points,7.68598,6.95629,0,0,0,6.95629,ok,true,11910253914364,11910253914364,3.419208,,results/tmp_full_zk_r14_28/zk_complete_add_6_bw64_r20.log
zk_complete_add_6,q_add*x_p*x_p*x_q*y_q*lambda + q_add*x_p*x_p*x_q*y_p*lambda - q_add*x_p*x_q*y_p*x_r*lambda - q_add*x_p*x_q*y_q*x_r*lambda - q_add*x_p*x_q*y_p*y_p - q_add*x_p*x_q*y_p*y_q - q_add*x_p*x_q*y_p*y_r - q_add*x_p*x_q*y_q*y_r,prime-field-montgomery,element,specialized,p64_goldilocks,64,2,0xffffffff00000001,22,4194304,8,6,8,2,10,whole-run,fixed,triton-sumcheck-prime-field-montgomery-element-layout-specialized-points,81.020,30.187,0.000,0.000000,0.000,30.187,ok,cuda-sumcheck-prime-field-montgomery-element-layout-specialized-points,12.8764,12.3365,0,0,0,12.3365,ok,true,13325553290634,13325553290634,2.446966,,results/tmp_full_zk_r14_28/zk_complete_add_6_bw64_r22.log
zk_complete_add_6,q_add*x_p*x_p*x_q*y_q*lambda + q_add*x_p*x_p*x_q*y_p*lambda - q_add*x_p*x_q*y_p*x_r*lambda - q_add*x_p*x_q*y_q*x_r*lambda - q_add*x_p*x_q*y_p*y_p - q_add*x_p*x_q*y_p*y_q - q_add*x_p*x_q*y_p*y_r - q_add*x_p*x_q*y_q*y_r,prime-field-montgomery,element,specialized,p64_goldilocks,64,2,0xffffffff00000001,24,16777216,8,6,8,2,10,whole-run,fixed,triton-sumcheck-prime-field-montgomery-element-layout-specialized-points,104.236,49.349,0.000,0.000000,0.000,49.349,ok,cuda-sumcheck-prime-field-montgomery-element-layout-specialized-points,27.4916,26.9292,0,0,0,26.9292,ok,true,14322881746485,14322881746485,1.832546,,results/tmp_full_zk_r14_28/zk_complete_add_6_bw64_r24.log
zk_complete_add_6,q_add*x_p*x_p*x_q*y_q*lambda + q_add*x_p*x_p*x_q*y_p*lambda - q_add*x_p*x_q*y_p*x_r*lambda - q_add*x_p*x_q*y_q*x_r*lambda - q_add*x_p*x_q*y_p*y_p - q_add*x_p*x_q*y_p*y_q - q_add*x_p*x_q*y_p*y_r - q_add*x_p*x_q*y_q*y_r,prime-field-montgomery,element,specialized,p64_goldilocks,64,2,0xffffffff00000001,26,67108864,8,6,8,2,10,whole-run,fixed,triton-sumcheck-prime-field-montgomery-element-layout-specialized-points,181.684,122.342,0.000,0.000000,0.000,122.342,ok,cuda-sumcheck-prime-field-montgomery-element-layout-specialized-points,88.2604,87.6857,0,0,0,87.6857,ok,true,14512861747540,14512861747540,1.395233,,results/tmp_full_zk_r14_28/zk_complete_add_6_bw64_r26.log
zk_complete_add_6,q_add*x_p*x_p*x_q*y_q*lambda + q_add*x_p*x_p*x_q*y_p*lambda - q_add*x_p*x_q*y_p*x_r*lambda - q_add*x_p*x_q*y_q*x_r*lambda - q_add*x_p*x_q*y_p*y_p - q_add*x_p*x_q*y_p*y_q - q_add*x_p*x_q*y_p*y_r - q_add*x_p*x_q*y_q*y_r,prime-field-montgomery,element,specialized,p64_goldilocks,64,2,0xffffffff00000001,28,268435456,8,6,8,2,10,whole-run,fixed,triton-sumcheck-prime-field-montgomery-element-layout-specialized-points,473.444,410.082,0.000,0.000000,0.000,410.082,ok,cuda-sumcheck-prime-field-montgomery-element-layout-specialized-points,329.855,330.775,0,0,0,330.775,ok,true,17209631480548,17209631480548,1.239761,,results/tmp_full_zk_r14_28/zk_complete_add_6_bw64_r28.log
zk_complete_add_6,q_add*x_p*x_p*x_q*y_q*lambda + q_add*x_p*x_p*x_q*y_p*lambda - q_add*x_p*x_q*y_p*x_r*lambda - q_add*x_p*x_q*y_q*x_r*lambda - q_add*x_p*x_q*y_p*y_p - q_add*x_p*x_q*y_p*y_q - q_add*x_p*x_q*y_p*y_r - q_add*x_p*x_q*y_q*y_r,prime-field-montgomery,element,specialized,p128_mersenne_2^127_minus_1,128,4,0x7fffffffffffffffffffffffffffffff,14,16384,8,6,8,2,10,whole-run,fixed,triton-sumcheck-prime-field-montgomery-element-layout-specialized-points,1440345.363,11.519,0.000,0.000000,0.000,11.519,ok,cuda-sumcheck-prime-field-montgomery-element-layout-specialized-points,5.92794,4.66813,0,0,0,4.66813,ok,true,21412066203099,21412066203099,2.467583,,results/tmp_full_zk_r14_28/zk_complete_add_6_bw128_r14.log
zk_complete_add_6,q_add*x_p*x_p*x_q*y_q*lambda + q_add*x_p*x_p*x_q*y_p*lambda - q_add*x_p*x_q*y_p*x_r*lambda - q_add*x_p*x_q*y_q*x_r*lambda - q_add*x_p*x_q*y_p*y_p - q_add*x_p*x_q*y_p*y_q - q_add*x_p*x_q*y_p*y_r - q_add*x_p*x_q*y_q*y_r,prime-field-montgomery,element,specialized,p128_mersenne_2^127_minus_1,128,4,0x7fffffffffffffffffffffffffffffff,16,65536,8,6,8,2,10,whole-run,fixed,triton-sumcheck-prime-field-montgomery-element-layout-specialized-points,79.716,15.028,0.000,0.000000,0.000,15.028,ok,cuda-sumcheck-prime-field-montgomery-element-layout-specialized-points,7.48723,6.22029,0,0,0,6.22029,ok,true,25361767609581,25361767609581,2.415965,,results/tmp_full_zk_r14_28/zk_complete_add_6_bw128_r16.log
zk_complete_add_6,q_add*x_p*x_p*x_q*y_q*lambda + q_add*x_p*x_p*x_q*y_p*lambda - q_add*x_p*x_q*y_p*x_r*lambda - q_add*x_p*x_q*y_q*x_r*lambda - q_add*x_p*x_q*y_p*y_p - q_add*x_p*x_q*y_p*y_q - q_add*x_p*x_q*y_p*y_r - q_add*x_p*x_q*y_q*y_r,prime-field-montgomery,element,specialized,p128_mersenne_2^127_minus_1,128,4,0x7fffffffffffffffffffffffffffffff,18,262144,8,6,8,2,10,whole-run,fixed,triton-sumcheck-prime-field-montgomery-element-layout-specialized-points,82.789,18.896,0.000,0.000000,0.000,18.896,ok,cuda-sumcheck-prime-field-montgomery-element-layout-specialized-points,9.29414,8.05968,0,0,0,8.05968,ok,true,27862136254225,27862136254225,2.344510,,results/tmp_full_zk_r14_28/zk_complete_add_6_bw128_r18.log
zk_complete_add_6,q_add*x_p*x_p*x_q*y_q*lambda + q_add*x_p*x_p*x_q*y_p*lambda - q_add*x_p*x_q*y_p*x_r*lambda - q_add*x_p*x_q*y_q*x_r*lambda - q_add*x_p*x_q*y_p*y_p - q_add*x_p*x_q*y_p*y_q - q_add*x_p*x_q*y_p*y_r - q_add*x_p*x_q*y_q*y_r,prime-field-montgomery,element,specialized,p128_mersenne_2^127_minus_1,128,4,0x7fffffffffffffffffffffffffffffff,20,1048576,8,6,8,2,10,whole-run,fixed,triton-sumcheck-prime-field-montgomery-element-layout-specialized-points,87.683,24.367,0.000,0.000000,0.000,24.367,ok,cuda-sumcheck-prime-field-montgomery-element-layout-specialized-points,12.4542,11.2098,0,0,0,11.2098,ok,true,32765236585601,32765236585601,2.173723,,results/tmp_full_zk_r14_28/zk_complete_add_6_bw128_r20.log
zk_complete_add_6,q_add*x_p*x_p*x_q*y_q*lambda + q_add*x_p*x_p*x_q*y_p*lambda - q_add*x_p*x_q*y_p*x_r*lambda - q_add*x_p*x_q*y_q*x_r*lambda - q_add*x_p*x_q*y_p*y_p - q_add*x_p*x_q*y_p*y_q - q_add*x_p*x_q*y_p*y_r - q_add*x_p*x_q*y_q*y_r,prime-field-montgomery,element,specialized,p128_mersenne_2^127_minus_1,128,4,0x7fffffffffffffffffffffffffffffff,22,4194304,8,6,8,2,10,whole-run,fixed,triton-sumcheck-prime-field-montgomery-element-layout-specialized-points,101.103,37.323,0.000,0.000000,0.000,37.323,ok,cuda-sumcheck-prime-field-montgomery-element-layout-specialized-points,25.5739,24.4161,0,0,0,24.4161,ok,true,33382113506443,33382113506443,1.528623,,results/tmp_full_zk_r14_28/zk_complete_add_6_bw128_r22.log
zk_complete_add_6,q_add*x_p*x_p*x_q*y_q*lambda + q_add*x_p*x_p*x_q*y_p*lambda - q_add*x_p*x_q*y_p*x_r*lambda - q_add*x_p*x_q*y_q*x_r*lambda - q_add*x_p*x_q*y_p*y_p - q_add*x_p*x_q*y_p*y_q - q_add*x_p*x_q*y_p*y_r - q_add*x_p*x_q*y_q*y_r,prime-field-montgomery,element,specialized,p128_mersenne_2^127_minus_1,128,4,0x7fffffffffffffffffffffffffffffff,24,16777216,8,6,8,2,10,whole-run,fixed,triton-sumcheck-prime-field-montgomery-element-layout-specialized-points,156.329,82.426,0.000,0.000000,0.000,82.426,ok,cuda-sumcheck-prime-field-montgomery-element-layout-specialized-points,74.1615,72.9899,0,0,0,72.9899,ok,true,38021855810549,38021855810549,1.129280,,results/tmp_full_zk_r14_28/zk_complete_add_6_bw128_r24.log
zk_complete_add_6,q_add*x_p*x_p*x_q*y_q*lambda + q_add*x_p*x_p*x_q*y_p*lambda - q_add*x_p*x_q*y_p*x_r*lambda - q_add*x_p*x_q*y_q*x_r*lambda - q_add*x_p*x_q*y_p*y_p - q_add*x_p*x_q*y_p*y_q - q_add*x_p*x_q*y_p*y_r - q_add*x_p*x_q*y_q*y_r,prime-field-montgomery,element,specialized,p128_mersenne_2^127_minus_1,128,4,0x7fffffffffffffffffffffffffffffff,26,67108864,8,6,8,2,10,whole-run,fixed,triton-sumcheck-prime-field-montgomery-element-layout-specialized-points,350.722,262.457,0.000,0.000000,0.000,262.457,ok,cuda-sumcheck-prime-field-montgomery-element-layout-specialized-points,267.562,265.279,0,0,0,265.279,ok,true,41597288433272,41597288433272,0.989362,,results/tmp_full_zk_r14_28/zk_complete_add_6_bw128_r26.log
zk_complete_add_6,q_add*x_p*x_p*x_q*y_q*lambda + q_add*x_p*x_p*x_q*y_p*lambda - q_add*x_p*x_q*y_p*x_r*lambda - q_add*x_p*x_q*y_q*x_r*lambda - q_add*x_p*x_q*y_p*y_p - q_add*x_p*x_q*y_p*y_q - q_add*x_p*x_q*y_p*y_r - q_add*x_p*x_q*y_q*y_r,prime-field-montgomery,element,specialized,,128,,,28,268435456,8,6,8,2,10,whole-run,fixed,,,,,,,,skipped,,,,,,,,skipped,skipped,,,,returncode=1,results/tmp_full_zk_r14_28/zk_complete_add_6_bw128_r28.log
zk_complete_add_6,q_add*x_p*x_p*x_q*y_q*lambda + q_add*x_p*x_p*x_q*y_p*lambda - q_add*x_p*x_q*y_p*x_r*lambda - q_add*x_p*x_q*y_q*x_r*lambda - q_add*x_p*x_q*y_p*y_p - q_add*x_p*x_q*y_p*y_q - q_add*x_p*x_q*y_p*y_r - q_add*x_p*x_q*y_q*y_r,prime-field-montgomery,element,specialized,,256,,,14,16384,8,6,8,2,10,whole-run,fixed,,,,,,,,skipped,,,,,,,,skipped,skipped,,,,returncode=1,results/tmp_full_zk_r14_28/zk_complete_add_6_bw256_r14.log
zk_complete_add_6,q_add*x_p*x_p*x_q*y_q*lambda + q_add*x_p*x_p*x_q*y_p*lambda - q_add*x_p*x_q*y_p*x_r*lambda - q_add*x_p*x_q*y_q*x_r*lambda - q_add*x_p*x_q*y_p*y_p - q_add*x_p*x_q*y_p*y_q - q_add*x_p*x_q*y_p*y_r - q_add*x_p*x_q*y_q*y_r,prime-field-montgomery,element,specialized,,256,,,16,65536,8,6,8,2,10,whole-run,fixed,,,,,,,,skipped,,,,,,,,skipped,skipped,,,,returncode=1,results/tmp_full_zk_r14_28/zk_complete_add_6_bw256_r16.log
zk_complete_add_6,q_add*x_p*x_p*x_q*y_q*lambda + q_add*x_p*x_p*x_q*y_p*lambda - q_add*x_p*x_q*y_p*x_r*lambda - q_add*x_p*x_q*y_q*x_r*lambda - q_add*x_p*x_q*y_p*y_p - q_add*x_p*x_q*y_p*y_q - q_add*x_p*x_q*y_p*y_r - q_add*x_p*x_q*y_q*y_r,prime-field-montgomery,element,specialized,p255_bls12_381_scalar,256,8,0x73eda753299d7d483339d80809a1d80553bda402fffe5bfeffffffff00000001,18,262144,8,6,8,2,10,whole-run,fixed,triton-sumcheck-prime-field-montgomery-element-layout-specialized-points,21657443.484,23.448,0.000,0.000000,0.000,23.448,ok,cuda-sumcheck-prime-field-montgomery-element-layout-specialized-points,21.7202,18.3115,0,0,0,18.3115,ok,true,111801510711826,111801510711826,1.280507,,results/tmp_full_zk_r14_28/zk_complete_add_6_bw256_r18.log
zk_complete_add_6,q_add*x_p*x_p*x_q*y_q*lambda + q_add*x_p*x_p*x_q*y_p*lambda - q_add*x_p*x_q*y_p*x_r*lambda - q_add*x_p*x_q*y_q*x_r*lambda - q_add*x_p*x_q*y_p*y_p - q_add*x_p*x_q*y_p*y_q - q_add*x_p*x_q*y_p*y_r - q_add*x_p*x_q*y_q*y_r,prime-field-montgomery,element,specialized,p255_bls12_381_scalar,256,8,0x73eda753299d7d483339d80809a1d80553bda402fffe5bfeffffffff00000001,20,1048576,8,6,8,2,10,whole-run,fixed,triton-sumcheck-prime-field-montgomery-element-layout-specialized-points,153.969,36.170,0.000,0.000000,0.000,36.170,ok,cuda-sumcheck-prime-field-montgomery-element-layout-specialized-points,38.1027,34.7367,0,0,0,34.7367,ok,true,127702151872698,127702151872698,1.041262,,results/tmp_full_zk_r14_28/zk_complete_add_6_bw256_r20.log
zk_complete_add_6,q_add*x_p*x_p*x_q*y_q*lambda + q_add*x_p*x_p*x_q*y_p*lambda - q_add*x_p*x_q*y_p*x_r*lambda - q_add*x_p*x_q*y_q*x_r*lambda - q_add*x_p*x_q*y_p*y_p - q_add*x_p*x_q*y_p*y_q - q_add*x_p*x_q*y_p*y_r - q_add*x_p*x_q*y_q*y_r,prime-field-montgomery,element,specialized,p255_bls12_381_scalar,256,8,0x73eda753299d7d483339d80809a1d80553bda402fffe5bfeffffffff00000001,22,4194304,8,6,8,2,10,whole-run,fixed,triton-sumcheck-prime-field-montgomery-element-layout-specialized-points,193.761,76.908,0.000,0.000000,0.000,76.908,ok,cuda-sumcheck-prime-field-montgomery-element-layout-specialized-points,96.3367,92.5178,0,0,0,92.5178,ok,true,136453822904269,136453822904269,0.831278,,results/tmp_full_zk_r14_28/zk_complete_add_6_bw256_r22.log
zk_complete_add_6,q_add*x_p*x_p*x_q*y_q*lambda + q_add*x_p*x_p*x_q*y_p*lambda - q_add*x_p*x_q*y_p*x_r*lambda - q_add*x_p*x_q*y_q*x_r*lambda - q_add*x_p*x_q*y_p*y_p - q_add*x_p*x_q*y_p*y_q - q_add*x_p*x_q*y_p*y_r - q_add*x_p*x_q*y_q*y_r,prime-field-montgomery,element,specialized,p255_bls12_381_scalar,256,8,0x73eda753299d7d483339d80809a1d80553bda402fffe5bfeffffffff00000001,24,16777216,8,6,8,2,10,whole-run,fixed,triton-sumcheck-prime-field-montgomery-element-layout-specialized-points,359.314,237.577,0.000,0.000000,0.000,237.577,ok,cuda-sumcheck-prime-field-montgomery-element-layout-specialized-points,315.883,312.074,0,0,0,312.074,ok,true,151263839095356,151263839095356,0.761284,,results/tmp_full_zk_r14_28/zk_complete_add_6_bw256_r24.log
zk_complete_add_6,q_add*x_p*x_p*x_q*y_q*lambda + q_add*x_p*x_p*x_q*y_p*lambda - q_add*x_p*x_q*y_p*x_r*lambda - q_add*x_p*x_q*y_q*x_r*lambda - q_add*x_p*x_q*y_p*y_p - q_add*x_p*x_q*y_p*y_q - q_add*x_p*x_q*y_p*y_r - q_add*x_p*x_q*y_q*y_r,prime-field-montgomery,element,specialized,p255_bls12_381_scalar,256,8,0x73eda753299d7d483339d80809a1d80553bda402fffe5bfeffffffff00000001,26,67108864,8,6,8,2,10,whole-run,fixed,triton-sumcheck-prime-field-montgomery-element-layout-specialized-points,998.395,868.412,0.000,0.000000,0.000,868.412,ok,cuda-sumcheck-prime-field-montgomery-element-layout-specialized-points,1187.46,1178.25,0,0,0,1178.25,ok,true,162039945774460,162039945774460,0.737035,,results/tmp_full_zk_r14_28/zk_complete_add_6_bw256_r26.log
zk_complete_add_6,q_add*x_p*x_p*x_q*y_q*lambda + q_add*x_p*x_p*x_q*y_p*lambda - q_add*x_p*x_q*y_p*x_r*lambda - q_add*x_p*x_q*y_q*x_r*lambda - q_add*x_p*x_q*y_p*y_p - q_add*x_p*x_q*y_p*y_q - q_add*x_p*x_q*y_p*y_r - q_add*x_p*x_q*y_q*y_r,prime-field-montgomery,element,specialized,,256,,,28,268435456,8,6,8,2,10,whole-run,fixed,,,,,,,,skipped,,,,,,,,skipped,skipped,,,,returncode=1,results/tmp_full_zk_r14_28/zk_complete_add_6_bw256_r28.log
zk_complete_add_7,q_add*x_r - q_add*x_q - q_add*x_p*x_r*beta + q_add*x_p*x_q*beta,prime-field-montgomery,element,specialized,p32_2^32_minus_5,32,1,0xfffffffb,14,16384,5,4,4,2,10,whole-run,fixed,triton-sumcheck-prime-field-montgomery-element-layout-specialized-points,4376.239,8.342,0.000,0.000000,0.000,8.342,ok,cuda-sumcheck-prime-field-montgomery-element-layout-specialized-points,2.17152,1.94701,0,0,0,1.94701,ok,true,2034891719822,2034891719822,4.284518,,results/tmp_full_zk_r14_28/zk_complete_add_7_bw32_r14.log
zk_complete_add_7,q_add*x_r - q_add*x_q - q_add*x_p*x_r*beta + q_add*x_p*x_q*beta,prime-field-montgomery,element,specialized,p32_2^32_minus_5,32,1,0xfffffffb,16,65536,5,4,4,2,10,whole-run,fixed,triton-sumcheck-prime-field-montgomery-element-layout-specialized-points,50.044,10.574,0.000,0.000000,0.000,10.574,ok,cuda-sumcheck-prime-field-montgomery-element-layout-specialized-points,2.37907,2.19981,0,0,0,2.19981,ok,true,2172632219225,2172632219225,4.806779,,results/tmp_full_zk_r14_28/zk_complete_add_7_bw32_r16.log
zk_complete_add_7,q_add*x_r - q_add*x_q - q_add*x_p*x_r*beta + q_add*x_p*x_q*beta,prime-field-montgomery,element,specialized,p32_2^32_minus_5,32,1,0xfffffffb,18,262144,5,4,4,2,10,whole-run,fixed,triton-sumcheck-prime-field-montgomery-element-layout-specialized-points,53.239,13.571,0.000,0.000000,0.000,13.571,ok,cuda-sumcheck-prime-field-montgomery-element-layout-specialized-points,3.02429,2.80506,0,0,0,2.80506,ok,true,2573258479233,2573258479233,4.838043,,results/tmp_full_zk_r14_28/zk_complete_add_7_bw32_r18.log
zk_complete_add_7,q_add*x_r - q_add*x_q - q_add*x_p*x_r*beta + q_add*x_p*x_q*beta,prime-field-montgomery,element,specialized,p32_2^32_minus_5,32,1,0xfffffffb,20,1048576,5,4,4,2,10,whole-run,fixed,triton-sumcheck-prime-field-montgomery-element-layout-specialized-points,56.447,16.939,0.000,0.000000,0.000,16.939,ok,cuda-sumcheck-prime-field-montgomery-element-layout-specialized-points,3.4816,3.3305,0,0,0,3.3305,ok,true,2693989604514,2693989604514,5.086023,,results/tmp_full_zk_r14_28/zk_complete_add_7_bw32_r20.log
zk_complete_add_7,q_add*x_r - q_add*x_q - q_add*x_p*x_r*beta + q_add*x_p*x_q*beta,prime-field-montgomery,element,specialized,p32_2^32_minus_5,32,1,0xfffffffb,22,4194304,5,4,4,2,10,whole-run,fixed,triton-sumcheck-prime-field-montgomery-element-layout-specialized-points,59.679,20.659,0.000,0.000000,0.000,20.659,ok,cuda-sumcheck-prime-field-montgomery-element-layout-specialized-points,4.90224,4.74269,0,0,0,4.74269,ok,true,2988758291324,2988758291324,4.355967,,results/tmp_full_zk_r14_28/zk_complete_add_7_bw32_r22.log
zk_complete_add_7,q_add*x_r - q_add*x_q - q_add*x_p*x_r*beta + q_add*x_p*x_q*beta,prime-field-montgomery,element,specialized,p32_2^32_minus_5,32,1,0xfffffffb,24,16777216,5,4,4,2,10,whole-run,fixed,triton-sumcheck-prime-field-montgomery-element-layout-specialized-points,67.325,28.906,0.000,0.000000,0.000,28.906,ok,cuda-sumcheck-prime-field-montgomery-element-layout-specialized-points,7.10099,6.98608,0,0,0,6.98608,ok,true,3229523613953,3229523613953,4.137657,,results/tmp_full_zk_r14_28/zk_complete_add_7_bw32_r24.log
zk_complete_add_7,q_add*x_r - q_add*x_q - q_add*x_p*x_r*beta + q_add*x_p*x_q*beta,prime-field-montgomery,element,specialized,p32_2^32_minus_5,32,1,0xfffffffb,26,67108864,5,4,4,2,10,whole-run,fixed,triton-sumcheck-prime-field-montgomery-element-layout-specialized-points,98.346,55.833,0.000,0.000000,0.000,55.833,ok,cuda-sumcheck-prime-field-montgomery-element-layout-specialized-points,15.0364,14.8585,0,0,0,14.8585,ok,true,3809575414749,3809575414749,3.757647,,results/tmp_full_zk_r14_28/zk_complete_add_7_bw32_r26.log
zk_complete_add_7,q_add*x_r - q_add*x_q - q_add*x_p*x_r*beta + q_add*x_p*x_q*beta,prime-field-montgomery,element,specialized,p32_2^32_minus_5,32,1,0xfffffffb,28,268435456,5,4,4,2,10,whole-run,fixed,triton-sumcheck-prime-field-montgomery-element-layout-specialized-points,214.549,163.060,0.000,0.000000,0.000,163.060,ok,cuda-sumcheck-prime-field-montgomery-element-layout-specialized-points,46.364,46.3791,0,0,0,46.3791,ok,true,3820541626746,3820541626746,3.515808,,results/tmp_full_zk_r14_28/zk_complete_add_7_bw32_r28.log
zk_complete_add_7,q_add*x_r - q_add*x_q - q_add*x_p*x_r*beta + q_add*x_p*x_q*beta,prime-field-montgomery,element,specialized,p64_goldilocks,64,2,0xffffffff00000001,14,16384,5,4,4,2,10,whole-run,fixed,triton-sumcheck-prime-field-montgomery-element-layout-specialized-points,16348.928,8.277,0.000,0.000000,0.000,8.277,ok,cuda-sumcheck-prime-field-montgomery-element-layout-specialized-points,2.49699,2.14202,0,0,0,2.14202,ok,true,5673203275285,5673203275285,3.864110,,results/tmp_full_zk_r14_28/zk_complete_add_7_bw64_r14.log
zk_complete_add_7,q_add*x_r - q_add*x_q - q_add*x_p*x_r*beta + q_add*x_p*x_q*beta,prime-field-montgomery,element,specialized,p64_goldilocks,64,2,0xffffffff00000001,16,65536,5,4,4,2,10,whole-run,fixed,triton-sumcheck-prime-field-montgomery-element-layout-specialized-points,53.554,10.908,0.000,0.000000,0.000,10.908,ok,cuda-sumcheck-prime-field-montgomery-element-layout-specialized-points,2.73824,2.40819,0,0,0,2.40819,ok,true,6344118157169,6344118157169,4.529543,,results/tmp_full_zk_r14_28/zk_complete_add_7_bw64_r16.log
zk_complete_add_7,q_add*x_r - q_add*x_q - q_add*x_p*x_r*beta + q_add*x_p*x_q*beta,prime-field-montgomery,element,specialized,p64_goldilocks,64,2,0xffffffff00000001,18,262144,5,4,4,2,10,whole-run,fixed,triton-sumcheck-prime-field-montgomery-element-layout-specialized-points,55.760,13.750,0.000,0.000000,0.000,13.750,ok,cuda-sumcheck-prime-field-montgomery-element-layout-specialized-points,3.22403,3.20499,0,0,0,3.20499,ok,true,7586800119743,7586800119743,4.290185,,results/tmp_full_zk_r14_28/zk_complete_add_7_bw64_r18.log
zk_complete_add_7,q_add*x_r - q_add*x_q - q_add*x_p*x_r*beta + q_add*x_p*x_q*beta,prime-field-montgomery,element,specialized,p64_goldilocks,64,2,0xffffffff00000001,20,1048576,5,4,4,2,10,whole-run,fixed,triton-sumcheck-prime-field-montgomery-element-layout-specialized-points,59.922,17.373,0.000,0.000000,0.000,17.373,ok,cuda-sumcheck-prime-field-montgomery-element-layout-specialized-points,4.06368,3.82858,0,0,0,3.82858,ok,true,8468862849707,8468862849707,4.537714,,results/tmp_full_zk_r14_28/zk_complete_add_7_bw64_r20.log
zk_complete_add_7,q_add*x_r - q_add*x_q - q_add*x_p*x_r*beta + q_add*x_p*x_q*beta,prime-field-montgomery,element,specialized,p64_goldilocks,64,2,0xffffffff00000001,22,4194304,5,4,4,2,10,whole-run,fixed,triton-sumcheck-prime-field-montgomery-element-layout-specialized-points,65.703,21.454,0.000,0.000000,0.000,21.454,ok,cuda-sumcheck-prime-field-montgomery-element-layout-specialized-points,5.57885,5.32506,0,0,0,5.32506,ok,true,9645652376542,9645652376542,4.028875,,results/tmp_full_zk_r14_28/zk_complete_add_7_bw64_r22.log
zk_complete_add_7,q_add*x_r - q_add*x_q - q_add*x_p*x_r*beta + q_add*x_p*x_q*beta,prime-field-montgomery,element,specialized,p64_goldilocks,64,2,0xffffffff00000001,24,16777216,5,4,4,2,10,whole-run,fixed,triton-sumcheck-prime-field-montgomery-element-layout-specialized-points,72.824,30.595,0.000,0.000000,0.000,30.595,ok,cuda-sumcheck-prime-field-montgomery-element-layout-specialized-points,10.3446,10.0211,0,0,0,10.0211,ok,true,10460992284873,10460992284873,3.053058,,results/tmp_full_zk_r14_28/zk_complete_add_7_bw64_r24.log
zk_complete_add_7,q_add*x_r - q_add*x_q - q_add*x_p*x_r*beta + q_add*x_p*x_q*beta,prime-field-montgomery,element,specialized,p64_goldilocks,64,2,0xffffffff00000001,26,67108864,5,4,4,2,10,whole-run,fixed,triton-sumcheck-prime-field-montgomery-element-layout-specialized-points,113.162,63.382,0.000,0.000000,0.000,63.382,ok,cuda-sumcheck-prime-field-montgomery-element-layout-specialized-points,27.2162,26.8382,0,0,0,26.8382,ok,true,10722365125056,10722365125056,2.361634,,results/tmp_full_zk_r14_28/zk_complete_add_7_bw64_r26.log
zk_complete_add_7,q_add*x_r - q_add*x_q - q_add*x_p*x_r*beta + q_add*x_p*x_q*beta,prime-field-montgomery,element,specialized,p64_goldilocks,64,2,0xffffffff00000001,28,268435456,5,4,4,2,10,whole-run,fixed,triton-sumcheck-prime-field-montgomery-element-layout-specialized-points,252.631,194.653,0.000,0.000000,0.000,194.653,ok,cuda-sumcheck-prime-field-montgomery-element-layout-specialized-points,96.3081,93.8722,0,0,0,93.8722,ok,true,11417964607582,11417964607582,2.073596,,results/tmp_full_zk_r14_28/zk_complete_add_7_bw64_r28.log
zk_complete_add_7,q_add*x_r - q_add*x_q - q_add*x_p*x_r*beta + q_add*x_p*x_q*beta,prime-field-montgomery,element,specialized,p128_mersenne_2^127_minus_1,128,4,0x7fffffffffffffffffffffffffffffff,14,16384,5,4,4,2,10,whole-run,fixed,triton-sumcheck-prime-field-montgomery-element-layout-specialized-points,143550.207,8.569,0.000,0.000000,0.000,8.569,ok,cuda-sumcheck-prime-field-montgomery-element-layout-specialized-points,2.48266,2.01478,0,0,0,2.01478,ok,true,12260456006123,12260456006123,4.253070,,results/tmp_full_zk_r14_28/zk_complete_add_7_bw128_r14.log
zk_complete_add_7,q_add*x_r - q_add*x_q - q_add*x_p*x_r*beta + q_add*x_p*x_q*beta,prime-field-montgomery,element,specialized,p128_mersenne_2^127_minus_1,128,4,0x7fffffffffffffffffffffffffffffff,16,65536,5,4,4,2,10,whole-run,fixed,triton-sumcheck-prime-field-montgomery-element-layout-specialized-points,58.440,11.366,0.000,0.000000,0.000,11.366,ok,cuda-sumcheck-prime-field-montgomery-element-layout-specialized-points,3.24966,2.75514,0,0,0,2.75514,ok,true,14187752250711,14187752250711,4.125380,,results/tmp_full_zk_r14_28/zk_complete_add_7_bw128_r16.log
zk_complete_add_7,q_add*x_r - q_add*x_q - q_add*x_p*x_r*beta + q_add*x_p*x_q*beta,prime-field-montgomery,element,specialized,p128_mersenne_2^127_minus_1,128,4,0x7fffffffffffffffffffffffffffffff,18,262144,5,4,4,2,10,whole-run,fixed,triton-sumcheck-prime-field-montgomery-element-layout-specialized-points,60.311,13.664,0.000,0.000000,0.000,13.664,ok,cuda-sumcheck-prime-field-montgomery-element-layout-specialized-points,3.76384,3.3512,0,0,0,3.3512,ok,true,17298230590979,17298230590979,4.077345,,results/tmp_full_zk_r14_28/zk_complete_add_7_bw128_r18.log
zk_complete_add_7,q_add*x_r - q_add*x_q - q_add*x_p*x_r*beta + q_add*x_p*x_q*beta,prime-field-montgomery,element,specialized,p128_mersenne_2^127_minus_1,128,4,0x7fffffffffffffffffffffffffffffff,20,1048576,5,4,4,2,10,whole-run,fixed,triton-sumcheck-prime-field-montgomery-element-layout-specialized-points,63.627,17.350,0.000,0.000000,0.000,17.350,ok,cuda-sumcheck-prime-field-montgomery-element-layout-specialized-points,4.9271,4.49789,0,0,0,4.49789,ok,true,22557764587774,22557764587774,3.857364,,results/tmp_full_zk_r14_28/zk_complete_add_7_bw128_r20.log
zk_complete_add_7,q_add*x_r - q_add*x_q - q_add*x_p*x_r*beta + q_add*x_p*x_q*beta,prime-field-montgomery,element,specialized,p128_mersenne_2^127_minus_1,128,4,0x7fffffffffffffffffffffffffffffff,22,4194304,5,4,4,2,10,whole-run,fixed,triton-sumcheck-prime-field-montgomery-element-layout-specialized-points,69.583,22.528,0.000,0.000000,0.000,22.528,ok,cuda-sumcheck-prime-field-montgomery-element-layout-specialized-points,8.32682,7.94435,0,0,0,7.94435,ok,true,24772510013771,24772510013771,2.835726,,results/tmp_full_zk_r14_28/zk_complete_add_7_bw128_r22.log
zk_complete_add_7,q_add*x_r - q_add*x_q - q_add*x_p*x_r*beta + q_add*x_p*x_q*beta,prime-field-montgomery,element,specialized,p128_mersenne_2^127_minus_1,128,4,0x7fffffffffffffffffffffffffffffff,24,16777216,5,4,4,2,10,whole-run,fixed,triton-sumcheck-prime-field-montgomery-element-layout-specialized-points,91.331,39.819,0.000,0.000000,0.000,39.819,ok,cuda-sumcheck-prime-field-montgomery-element-layout-specialized-points,18.8085,18.4268,0,0,0,18.4268,ok,true,27407170465337,27407170465337,2.160929,,results/tmp_full_zk_r14_28/zk_complete_add_7_bw128_r24.log
zk_complete_add_7,q_add*x_r - q_add*x_q - q_add*x_p*x_r*beta + q_add*x_p*x_q*beta,prime-field-montgomery,element,specialized,p128_mersenne_2^127_minus_1,128,4,0x7fffffffffffffffffffffffffffffff,26,67108864,5,4,4,2,10,whole-run,fixed,triton-sumcheck-prime-field-montgomery-element-layout-specialized-points,155.177,104.410,0.000,0.000000,0.000,104.410,ok,cuda-sumcheck-prime-field-montgomery-element-layout-specialized-points,60.2987,59.9447,0,0,0,59.9447,ok,true,28291550435941,28291550435941,1.741772,,results/tmp_full_zk_r14_28/zk_complete_add_7_bw128_r26.log
zk_complete_add_7,q_add*x_r - q_add*x_q - q_add*x_p*x_r*beta + q_add*x_p*x_q*beta,prime-field-montgomery,element,specialized,p128_mersenne_2^127_minus_1,128,4,0x7fffffffffffffffffffffffffffffff,28,268435456,5,4,4,2,10,whole-run,fixed,triton-sumcheck-prime-field-montgomery-element-layout-specialized-points,405.176,361.568,0.000,0.000000,0.000,361.568,ok,cuda-sumcheck-prime-field-montgomery-element-layout-specialized-points,224.751,224.304,0,0,0,224.304,ok,true,29758454218935,29758454218935,1.611955,,results/tmp_full_zk_r14_28/zk_complete_add_7_bw128_r28.log
zk_complete_add_7,q_add*x_r - q_add*x_q - q_add*x_p*x_r*beta + q_add*x_p*x_q*beta,prime-field-montgomery,element,specialized,p255_bls12_381_scalar,256,8,0x73eda753299d7d483339d80809a1d80553bda402fffe5bfeffffffff00000001,14,16384,5,4,4,2,10,whole-run,fixed,triton-sumcheck-prime-field-montgomery-element-layout-specialized-points,2242066.850,8.687,0.000,0.000000,0.000,8.687,ok,cuda-sumcheck-prime-field-montgomery-element-layout-specialized-points,4.27888,3.44122,0,0,0,3.44122,ok,true,64721918569490,64721918569490,2.524395,,results/tmp_full_zk_r14_28/zk_complete_add_7_bw256_r14.log
zk_complete_add_7,q_add*x_r - q_add*x_q - q_add*x_p*x_r*beta + q_add*x_p*x_q*beta,prime-field-montgomery,element,specialized,p255_bls12_381_scalar,256,8,0x73eda753299d7d483339d80809a1d80553bda402fffe5bfeffffffff00000001,16,65536,5,4,4,2,10,whole-run,fixed,triton-sumcheck-prime-field-montgomery-element-layout-specialized-points,71.349,11.152,0.000,0.000000,0.000,11.152,ok,cuda-sumcheck-prime-field-montgomery-element-layout-specialized-points,4.80003,3.93037,0,0,0,3.93037,ok,true,71667032844355,71667032844355,2.837392,,results/tmp_full_zk_r14_28/zk_complete_add_7_bw256_r16.log
zk_complete_add_7,q_add*x_r - q_add*x_q - q_add*x_p*x_r*beta + q_add*x_p*x_q*beta,prime-field-montgomery,element,specialized,p255_bls12_381_scalar,256,8,0x73eda753299d7d483339d80809a1d80553bda402fffe5bfeffffffff00000001,18,262144,5,4,4,2,10,whole-run,fixed,triton-sumcheck-prime-field-montgomery-element-layout-specialized-points,73.663,14.155,0.000,0.000000,0.000,14.155,ok,cuda-sumcheck-prime-field-montgomery-element-layout-specialized-points,6.0969,5.26166,0,0,0,5.26166,ok,true,80032519064251,80032519064251,2.690216,,results/tmp_full_zk_r14_28/zk_complete_add_7_bw256_r18.log
zk_complete_add_7,q_add*x_r - q_add*x_q - q_add*x_p*x_r*beta + q_add*x_p*x_q*beta,prime-field-montgomery,element,specialized,p255_bls12_381_scalar,256,8,0x73eda753299d7d483339d80809a1d80553bda402fffe5bfeffffffff00000001,20,1048576,5,4,4,2,10,whole-run,fixed,triton-sumcheck-prime-field-montgomery-element-layout-specialized-points,76.875,19.123,0.000,0.000000,0.000,19.123,ok,cuda-sumcheck-prime-field-montgomery-element-layout-specialized-points,9.66528,8.67926,0,0,0,8.67926,ok,true,86072749519367,86072749519367,2.203298,,results/tmp_full_zk_r14_28/zk_complete_add_7_bw256_r20.log
zk_complete_add_7,q_add*x_r - q_add*x_q - q_add*x_p*x_r*beta + q_add*x_p*x_q*beta,prime-field-montgomery,element,specialized,p255_bls12_381_scalar,256,8,0x73eda753299d7d483339d80809a1d80553bda402fffe5bfeffffffff00000001,22,4194304,5,4,4,2,10,whole-run,fixed,triton-sumcheck-prime-field-montgomery-element-layout-specialized-points,91.556,31.160,0.000,0.000000,0.000,31.160,ok,cuda-sumcheck-prime-field-montgomery-element-layout-specialized-points,20.8839,20.0763,0,0,0,20.0763,ok,true,100819326577736,100819326577736,1.552079,,results/tmp_full_zk_r14_28/zk_complete_add_7_bw256_r22.log
zk_complete_add_7,q_add*x_r - q_add*x_q - q_add*x_p*x_r*beta + q_add*x_p*x_q*beta,prime-field-montgomery,element,specialized,p255_bls12_381_scalar,256,8,0x73eda753299d7d483339d80809a1d80553bda402fffe5bfeffffffff00000001,24,16777216,5,4,4,2,10,whole-run,fixed,triton-sumcheck-prime-field-montgomery-element-layout-specialized-points,143.099,79.578,0.000,0.000000,0.000,79.578,ok,cuda-sumcheck-prime-field-montgomery-element-layout-specialized-points,63.3663,62.5296,0,0,0,62.5296,ok,true,107743887149652,107743887149652,1.272645,,results/tmp_full_zk_r14_28/zk_complete_add_7_bw256_r24.log
zk_complete_add_7,q_add*x_r - q_add*x_q - q_add*x_p*x_r*beta + q_add*x_p*x_q*beta,prime-field-montgomery,element,specialized,p255_bls12_381_scalar,256,8,0x73eda753299d7d483339d80809a1d80553bda402fffe5bfeffffffff00000001,26,67108864,5,4,4,2,10,whole-run,fixed,triton-sumcheck-prime-field-montgomery-element-layout-specialized-points,354.722,270.599,0.000,0.000000,0.000,270.599,ok,cuda-sumcheck-prime-field-montgomery-element-layout-specialized-points,230.918,229.942,0,0,0,229.942,ok,true,115022369023562,115022369023562,1.176814,,results/tmp_full_zk_r14_28/zk_complete_add_7_bw256_r26.log
zk_complete_add_7,q_add*x_r - q_add*x_q - q_add*x_p*x_r*beta + q_add*x_p*x_q*beta,prime-field-montgomery,element,specialized,,256,,,28,268435456,5,4,4,2,10,whole-run,fixed,,,,,,,,skipped,,,,,,,,skipped,skipped,,,,returncode=1,results/tmp_full_zk_r14_28/zk_complete_add_7_bw256_r28.log
zk_complete_add_8,q_add*y_r - q_add*y_q - q_add*x_p*y_r*beta + q_add*x_p*y_q*beta,prime-field-montgomery,element,specialized,p32_2^32_minus_5,32,1,0xfffffffb,14,16384,5,4,4,2,10,whole-run,fixed,triton-sumcheck-prime-field-montgomery-element-layout-specialized-points,4412.861,8.180,0.000,0.000000,0.000,8.180,ok,cuda-sumcheck-prime-field-montgomery-element-layout-specialized-points,2.09386,1.90387,0,0,0,1.90387,ok,true,2034891719822,2034891719822,4.296512,,results/tmp_full_zk_r14_28/zk_complete_add_8_bw32_r14.log
zk_complete_add_8,q_add*y_r - q_add*y_q - q_add*x_p*y_r*beta + q_add*x_p*y_q*beta,prime-field-montgomery,element,specialized,p32_2^32_minus_5,32,1,0xfffffffb,16,65536,5,4,4,2,10,whole-run,fixed,triton-sumcheck-prime-field-montgomery-element-layout-specialized-points,50.404,10.768,0.000,0.000000,0.000,10.768,ok,cuda-sumcheck-prime-field-montgomery-element-layout-specialized-points,2.38813,2.27379,0,0,0,2.27379,ok,true,2172632219225,2172632219225,4.735706,,results/tmp_full_zk_r14_28/zk_complete_add_8_bw32_r16.log
zk_complete_add_8,q_add*y_r - q_add*y_q - q_add*x_p*y_r*beta + q_add*x_p*y_q*beta,prime-field-montgomery,element,specialized,p32_2^32_minus_5,32,1,0xfffffffb,18,262144,5,4,4,2,10,whole-run,fixed,triton-sumcheck-prime-field-montgomery-element-layout-specialized-points,53.184,13.543,0.000,0.000000,0.000,13.543,ok,cuda-sumcheck-prime-field-montgomery-element-layout-specialized-points,3.00579,2.81603,0,0,0,2.81603,ok,true,2573258479233,2573258479233,4.809253,,results/tmp_full_zk_r14_28/zk_complete_add_8_bw32_r18.log
zk_complete_add_8,q_add*y_r - q_add*y_q - q_add*x_p*y_r*beta + q_add*x_p*y_q*beta,prime-field-montgomery,element,specialized,p32_2^32_minus_5,32,1,0xfffffffb,20,1048576,5,4,4,2,10,whole-run,fixed,triton-sumcheck-prime-field-montgomery-element-layout-specialized-points,57.858,16.895,0.000,0.000000,0.000,16.895,ok,cuda-sumcheck-prime-field-montgomery-element-layout-specialized-points,3.75715,3.53088,0,0,0,3.53088,ok,true,2693989604514,2693989604514,4.784926,,results/tmp_full_zk_r14_28/zk_complete_add_8_bw32_r20.log
zk_complete_add_8,q_add*y_r - q_add*y_q - q_add*x_p*y_r*beta + q_add*x_p*y_q*beta,prime-field-montgomery,element,specialized,p32_2^32_minus_5,32,1,0xfffffffb,22,4194304,5,4,4,2,10,whole-run,fixed,triton-sumcheck-prime-field-montgomery-element-layout-specialized-points,60.813,21.461,0.000,0.000000,0.000,21.461,ok,cuda-sumcheck-prime-field-montgomery-element-layout-specialized-points,4.76406,4.6177,0,0,0,4.6177,ok,true,2988758291324,2988758291324,4.647552,,results/tmp_full_zk_r14_28/zk_complete_add_8_bw32_r22.log
zk_complete_add_8,q_add*y_r - q_add*y_q - q_add*x_p*y_r*beta + q_add*x_p*y_q*beta,prime-field-montgomery,element,specialized,p32_2^32_minus_5,32,1,0xfffffffb,24,16777216,5,4,4,2,10,whole-run,fixed,triton-sumcheck-prime-field-montgomery-element-layout-specialized-points,70.036,29.825,0.000,0.000000,0.000,29.825,ok,cuda-sumcheck-prime-field-montgomery-element-layout-specialized-points,7.36269,7.21379,0,0,0,7.21379,ok,true,3229523613953,3229523613953,4.134443,,results/tmp_full_zk_r14_28/zk_complete_add_8_bw32_r24.log
zk_complete_add_8,q_add*y_r - q_add*y_q - q_add*x_p*y_r*beta + q_add*x_p*y_q*beta,prime-field-montgomery,element,specialized,p32_2^32_minus_5,32,1,0xfffffffb,26,67108864,5,4,4,2,10,whole-run,fixed,triton-sumcheck-prime-field-montgomery-element-layout-specialized-points,95.796,55.836,0.000,0.000000,0.000,55.836,ok,cuda-sumcheck-prime-field-montgomery-element-layout-specialized-points,15.1905,14.9909,0,0,0,14.9909,ok,true,3809575414749,3809575414749,3.724660,,results/tmp_full_zk_r14_28/zk_complete_add_8_bw32_r26.log
zk_complete_add_8,q_add*y_r - q_add*y_q - q_add*x_p*y_r*beta + q_add*x_p*y_q*beta,prime-field-montgomery,element,specialized,p32_2^32_minus_5,32,1,0xfffffffb,28,268435456,5,4,4,2,10,whole-run,fixed,triton-sumcheck-prime-field-montgomery-element-layout-specialized-points,208.917,163.090,0.000,0.000000,0.000,163.090,ok,cuda-sumcheck-prime-field-montgomery-element-layout-specialized-points,47.0813,47.0801,0,0,0,47.0801,ok,true,3820541626746,3820541626746,3.464096,,results/tmp_full_zk_r14_28/zk_complete_add_8_bw32_r28.log
zk_complete_add_8,q_add*y_r - q_add*y_q - q_add*x_p*y_r*beta + q_add*x_p*y_q*beta,prime-field-montgomery,element,specialized,p64_goldilocks,64,2,0xffffffff00000001,14,16384,5,4,4,2,10,whole-run,fixed,triton-sumcheck-prime-field-montgomery-element-layout-specialized-points,16241.742,8.343,0.000,0.000000,0.000,8.343,ok,cuda-sumcheck-prime-field-montgomery-element-layout-specialized-points,2.19715,1.9272,0,0,0,1.9272,ok,true,5673203275285,5673203275285,4.329078,,results/tmp_full_zk_r14_28/zk_complete_add_8_bw64_r14.log
zk_complete_add_8,q_add*y_r - q_add*y_q - q_add*x_p*y_r*beta + q_add*x_p*y_q*beta,prime-field-montgomery,element,specialized,p64_goldilocks,64,2,0xffffffff00000001,16,65536,5,4,4,2,10,whole-run,fixed,triton-sumcheck-prime-field-montgomery-element-layout-specialized-points,52.775,10.709,0.000,0.000000,0.000,10.709,ok,cuda-sumcheck-prime-field-montgomery-element-layout-specialized-points,2.65843,2.3696,0,0,0,2.3696,ok,true,6344118157169,6344118157169,4.519328,,results/tmp_full_zk_r14_28/zk_complete_add_8_bw64_r16.log
zk_complete_add_8,q_add*y_r - q_add*y_q - q_add*x_p*y_r*beta + q_add*x_p*y_q*beta,prime-field-montgomery,element,specialized,p64_goldilocks,64,2,0xffffffff00000001,18,262144,5,4,4,2,10,whole-run,fixed,triton-sumcheck-prime-field-montgomery-element-layout-specialized-points,55.240,13.781,0.000,0.000000,0.000,13.781,ok,cuda-sumcheck-prime-field-montgomery-element-layout-specialized-points,3.2337,2.91936,0,0,0,2.91936,ok,true,7586800119743,7586800119743,4.720555,,results/tmp_full_zk_r14_28/zk_complete_add_8_bw64_r18.log
zk_complete_add_8,q_add*y_r - q_add*y_q - q_add*x_p*y_r*beta + q_add*x_p*y_q*beta,prime-field-montgomery,element,specialized,p64_goldilocks,64,2,0xffffffff00000001,20,1048576,5,4,4,2,10,whole-run,fixed,triton-sumcheck-prime-field-montgomery-element-layout-specialized-points,59.466,16.998,0.000,0.000000,0.000,16.998,ok,cuda-sumcheck-prime-field-montgomery-element-layout-specialized-points,3.95754,3.72768,0,0,0,3.72768,ok,true,8468862849707,8468862849707,4.559941,,results/tmp_full_zk_r14_28/zk_complete_add_8_bw64_r20.log
zk_complete_add_8,q_add*y_r - q_add*y_q - q_add*x_p*y_r*beta + q_add*x_p*y_q*beta,prime-field-montgomery,element,specialized,p64_goldilocks,64,2,0xffffffff00000001,22,4194304,5,4,4,2,10,whole-run,fixed,triton-sumcheck-prime-field-montgomery-element-layout-specialized-points,63.430,21.338,0.000,0.000000,0.000,21.338,ok,cuda-sumcheck-prime-field-montgomery-element-layout-specialized-points,5.67293,5.42278,0,0,0,5.42278,ok,true,9645652376542,9645652376542,3.934882,,results/tmp_full_zk_r14_28/zk_complete_add_8_bw64_r22.log
zk_complete_add_8,q_add*y_r - q_add*y_q - q_add*x_p*y_r*beta + q_add*x_p*y_q*beta,prime-field-montgomery,element,specialized,p64_goldilocks,64,2,0xffffffff00000001,24,16777216,5,4,4,2,10,whole-run,fixed,triton-sumcheck-prime-field-montgomery-element-layout-specialized-points,71.853,31.237,0.000,0.000000,0.000,31.237,ok,cuda-sumcheck-prime-field-montgomery-element-layout-specialized-points,10.3746,10.0771,0,0,0,10.0771,ok,true,10460992284873,10460992284873,3.099801,,results/tmp_full_zk_r14_28/zk_complete_add_8_bw64_r24.log
zk_complete_add_8,q_add*y_r - q_add*y_q - q_add*x_p*y_r*beta + q_add*x_p*y_q*beta,prime-field-montgomery,element,specialized,p64_goldilocks,64,2,0xffffffff00000001,26,67108864,5,4,4,2,10,whole-run,fixed,triton-sumcheck-prime-field-montgomery-element-layout-specialized-points,109.372,63.318,0.000,0.000000,0.000,63.318,ok,cuda-sumcheck-prime-field-montgomery-element-layout-specialized-points,27.0486,26.8186,0,0,0,26.8186,ok,true,10722365125056,10722365125056,2.360973,,results/tmp_full_zk_r14_28/zk_complete_add_8_bw64_r26.log
zk_complete_add_8,q_add*y_r - q_add*y_q - q_add*x_p*y_r*beta + q_add*x_p*y_q*beta,prime-field-montgomery,element,specialized,p64_goldilocks,64,2,0xffffffff00000001,28,268435456,5,4,4,2,10,whole-run,fixed,triton-sumcheck-prime-field-montgomery-element-layout-specialized-points,231.648,193.032,0.000,0.000000,0.000,193.032,ok,cuda-sumcheck-prime-field-montgomery-element-layout-specialized-points,96.2576,93.9231,0,0,0,93.9231,ok,true,11417964607582,11417964607582,2.055213,,results/tmp_full_zk_r14_28/zk_complete_add_8_bw64_r28.log
zk_complete_add_8,q_add*y_r - q_add*y_q - q_add*x_p*y_r*beta + q_add*x_p*y_q*beta,prime-field-montgomery,element,specialized,p128_mersenne_2^127_minus_1,128,4,0x7fffffffffffffffffffffffffffffff,14,16384,5,4,4,2,10,whole-run,fixed,triton-sumcheck-prime-field-montgomery-element-layout-specialized-points,142948.077,8.294,0.000,0.000000,0.000,8.294,ok,cuda-sumcheck-prime-field-montgomery-element-layout-specialized-points,2.58794,2.16074,0,0,0,2.16074,ok,true,12260456006123,12260456006123,3.838500,,results/tmp_full_zk_r14_28/zk_complete_add_8_bw128_r14.log
zk_complete_add_8,q_add*y_r - q_add*y_q - q_add*x_p*y_r*beta + q_add*x_p*y_q*beta,prime-field-montgomery,element,specialized,p128_mersenne_2^127_minus_1,128,4,0x7fffffffffffffffffffffffffffffff,16,65536,5,4,4,2,10,whole-run,fixed,triton-sumcheck-prime-field-montgomery-element-layout-specialized-points,56.713,11.049,0.000,0.000000,0.000,11.049,ok,cuda-sumcheck-prime-field-montgomery-element-layout-specialized-points,3.07085,2.6632,0,0,0,2.6632,ok,true,14187752250711,14187752250711,4.148768,,results/tmp_full_zk_r14_28/zk_complete_add_8_bw128_r16.log
zk_complete_add_8,q_add*y_r - q_add*y_q - q_add*x_p*y_r*beta + q_add*x_p*y_q*beta,prime-field-montgomery,element,specialized,p128_mersenne_2^127_minus_1,128,4,0x7fffffffffffffffffffffffffffffff,18,262144,5,4,4,2,10,whole-run,fixed,triton-sumcheck-prime-field-montgomery-element-layout-specialized-points,59.759,13.720,0.000,0.000000,0.000,13.720,ok,cuda-sumcheck-prime-field-montgomery-element-layout-specialized-points,4.10342,3.68138,0,0,0,3.68138,ok,true,17298230590979,17298230590979,3.726863,,results/tmp_full_zk_r14_28/zk_complete_add_8_bw128_r18.log
zk_complete_add_8,q_add*y_r - q_add*y_q - q_add*x_p*y_r*beta + q_add*x_p*y_q*beta,prime-field-montgomery,element,specialized,p128_mersenne_2^127_minus_1,128,4,0x7fffffffffffffffffffffffffffffff,20,1048576,5,4,4,2,10,whole-run,fixed,triton-sumcheck-prime-field-montgomery-element-layout-specialized-points,63.994,17.538,0.000,0.000000,0.000,17.538,ok,cuda-sumcheck-prime-field-montgomery-element-layout-specialized-points,5.58403,5.23248,0,0,0,5.23248,ok,true,22557764587774,22557764587774,3.351757,,results/tmp_full_zk_r14_28/zk_complete_add_8_bw128_r20.log
zk_complete_add_8,q_add*y_r - q_add*y_q - q_add*x_p*y_r*beta + q_add*x_p*y_q*beta,prime-field-montgomery,element,specialized,p128_mersenne_2^127_minus_1,128,4,0x7fffffffffffffffffffffffffffffff,22,4194304,5,4,4,2,10,whole-run,fixed,triton-sumcheck-prime-field-montgomery-element-layout-specialized-points,71.011,22.543,0.000,0.000000,0.000,22.543,ok,cuda-sumcheck-prime-field-montgomery-element-layout-specialized-points,8.21318,7.76445,0,0,0,7.76445,ok,true,24772510013771,24772510013771,2.903361,,results/tmp_full_zk_r14_28/zk_complete_add_8_bw128_r22.log
zk_complete_add_8,q_add*y_r - q_add*y_q - q_add*x_p*y_r*beta + q_add*x_p*y_q*beta,prime-field-montgomery,element,specialized,p128_mersenne_2^127_minus_1,128,4,0x7fffffffffffffffffffffffffffffff,24,16777216,5,4,4,2,10,whole-run,fixed,triton-sumcheck-prime-field-montgomery-element-layout-specialized-points,86.664,39.634,0.000,0.000000,0.000,39.634,ok,cuda-sumcheck-prime-field-montgomery-element-layout-specialized-points,18.607,18.178,0,0,0,18.178,ok,true,27407170465337,27407170465337,2.180328,,results/tmp_full_zk_r14_28/zk_complete_add_8_bw128_r24.log
zk_complete_add_8,q_add*y_r - q_add*y_q - q_add*x_p*y_r*beta + q_add*x_p*y_q*beta,prime-field-montgomery,element,specialized,p128_mersenne_2^127_minus_1,128,4,0x7fffffffffffffffffffffffffffffff,26,67108864,5,4,4,2,10,whole-run,fixed,triton-sumcheck-prime-field-montgomery-element-layout-specialized-points,161.037,104.183,0.000,0.000000,0.000,104.183,ok,cuda-sumcheck-prime-field-montgomery-element-layout-specialized-points,59.3219,58.9619,0,0,0,58.9619,ok,true,28291550435941,28291550435941,1.766955,,results/tmp_full_zk_r14_28/zk_complete_add_8_bw128_r26.log
zk_complete_add_8,q_add*y_r - q_add*y_q - q_add*x_p*y_r*beta + q_add*x_p*y_q*beta,prime-field-montgomery,element,specialized,p128_mersenne_2^127_minus_1,128,4,0x7fffffffffffffffffffffffffffffff,28,268435456,5,4,4,2,10,whole-run,fixed,triton-sumcheck-prime-field-montgomery-element-layout-specialized-points,436.762,361.207,0.000,0.000000,0.000,361.207,ok,cuda-sumcheck-prime-field-montgomery-element-layout-specialized-points,221.089,220.473,0,0,0,220.473,ok,true,29758454218935,29758454218935,1.638328,,results/tmp_full_zk_r14_28/zk_complete_add_8_bw128_r28.log
zk_complete_add_8,q_add*y_r - q_add*y_q - q_add*x_p*y_r*beta + q_add*x_p*y_q*beta,prime-field-montgomery,element,specialized,p255_bls12_381_scalar,256,8,0x73eda753299d7d483339d80809a1d80553bda402fffe5bfeffffffff00000001,14,16384,5,4,4,2,10,whole-run,fixed,triton-sumcheck-prime-field-montgomery-element-layout-specialized-points,2243400.174,8.771,0.000,0.000000,0.000,8.771,ok,cuda-sumcheck-prime-field-montgomery-element-layout-specialized-points,4.04496,3.17683,0,0,0,3.17683,ok,true,64721918569490,64721918569490,2.760928,,results/tmp_full_zk_r14_28/zk_complete_add_8_bw256_r14.log
zk_complete_add_8,q_add*y_r - q_add*y_q - q_add*x_p*y_r*beta + q_add*x_p*y_q*beta,prime-field-montgomery,element,specialized,p255_bls12_381_scalar,256,8,0x73eda753299d7d483339d80809a1d80553bda402fffe5bfeffffffff00000001,16,65536,5,4,4,2,10,whole-run,fixed,triton-sumcheck-prime-field-montgomery-element-layout-specialized-points,70.741,11.226,0.000,0.000000,0.000,11.226,ok,cuda-sumcheck-prime-field-montgomery-element-layout-specialized-points,4.93667,4.08758,0,0,0,4.08758,ok,true,71667032844355,71667032844355,2.746368,,results/tmp_full_zk_r14_28/zk_complete_add_8_bw256_r16.log
zk_complete_add_8,q_add*y_r - q_add*y_q - q_add*x_p*y_r*beta + q_add*x_p*y_q*beta,prime-field-montgomery,element,specialized,p255_bls12_381_scalar,256,8,0x73eda753299d7d483339d80809a1d80553bda402fffe5bfeffffffff00000001,18,262144,5,4,4,2,10,whole-run,fixed,triton-sumcheck-prime-field-montgomery-element-layout-specialized-points,73.166,14.165,0.000,0.000000,0.000,14.165,ok,cuda-sumcheck-prime-field-montgomery-element-layout-specialized-points,6.5839,5.68512,0,0,0,5.68512,ok,true,80032519064251,80032519064251,2.491592,,results/tmp_full_zk_r14_28/zk_complete_add_8_bw256_r18.log
zk_complete_add_8,q_add*y_r - q_add*y_q - q_add*x_p*y_r*beta + q_add*x_p*y_q*beta,prime-field-montgomery,element,specialized,p255_bls12_381_scalar,256,8,0x73eda753299d7d483339d80809a1d80553bda402fffe5bfeffffffff00000001,20,1048576,5,4,4,2,10,whole-run,fixed,triton-sumcheck-prime-field-montgomery-element-layout-specialized-points,80.925,18.534,0.000,0.000000,0.000,18.534,ok,cuda-sumcheck-prime-field-montgomery-element-layout-specialized-points,9.74701,8.95034,0,0,0,8.95034,ok,true,86072749519367,86072749519367,2.070759,,results/tmp_full_zk_r14_28/zk_complete_add_8_bw256_r20.log
zk_complete_add_8,q_add*y_r - q_add*y_q - q_add*x_p*y_r*beta + q_add*x_p*y_q*beta,prime-field-montgomery,element,specialized,p255_bls12_381_scalar,256,8,0x73eda753299d7d483339d80809a1d80553bda402fffe5bfeffffffff00000001,22,4194304,5,4,4,2,10,whole-run,fixed,triton-sumcheck-prime-field-montgomery-element-layout-specialized-points,92.452,31.535,0.000,0.000000,0.000,31.535,ok,cuda-sumcheck-prime-field-montgomery-element-layout-specialized-points,20.7532,19.9675,0,0,0,19.9675,ok,true,100819326577736,100819326577736,1.579316,,results/tmp_full_zk_r14_28/zk_complete_add_8_bw256_r22.log
zk_complete_add_8,q_add*y_r - q_add*y_q - q_add*x_p*y_r*beta + q_add*x_p*y_q*beta,prime-field-montgomery,element,specialized,p255_bls12_381_scalar,256,8,0x73eda753299d7d483339d80809a1d80553bda402fffe5bfeffffffff00000001,24,16777216,5,4,4,2,10,whole-run,fixed,triton-sumcheck-prime-field-montgomery-element-layout-specialized-points,139.678,79.666,0.000,0.000000,0.000,79.666,ok,cuda-sumcheck-prime-field-montgomery-element-layout-specialized-points,62.88,62.1929,0,0,0,62.1929,ok,true,107743887149652,107743887149652,1.280950,,results/tmp_full_zk_r14_28/zk_complete_add_8_bw256_r24.log
zk_complete_add_8,q_add*y_r - q_add*y_q - q_add*x_p*y_r*beta + q_add*x_p*y_q*beta,prime-field-montgomery,element,specialized,p255_bls12_381_scalar,256,8,0x73eda753299d7d483339d80809a1d80553bda402fffe5bfeffffffff00000001,26,67108864,5,4,4,2,10,whole-run,fixed,triton-sumcheck-prime-field-montgomery-element-layout-specialized-points,343.504,271.583,0.000,0.000000,0.000,271.583,ok,cuda-sumcheck-prime-field-montgomery-element-layout-specialized-points,229.475,228.54,0,0,0,228.54,ok,true,115022369023562,115022369023562,1.188339,,results/tmp_full_zk_r14_28/zk_complete_add_8_bw256_r26.log
zk_complete_add_8,q_add*y_r - q_add*y_q - q_add*x_p*y_r*beta + q_add*x_p*y_q*beta,prime-field-montgomery,element,specialized,,256,,,28,268435456,5,4,4,2,10,whole-run,fixed,,,,,,,,skipped,,,,,,,,skipped,skipped,,,,returncode=1,results/tmp_full_zk_r14_28/zk_complete_add_8_bw256_r28.log
zk_complete_add_9,q_add*x_r - q_add*x_p - q_add*x_q*x_r*gamma + q_add*x_p*x_q*gamma,prime-field-montgomery,element,specialized,p32_2^32_minus_5,32,1,0xfffffffb,14,16384,5,4,4,2,10,whole-run,fixed,triton-sumcheck-prime-field-montgomery-element-layout-specialized-points,4442.576,8.282,0.000,0.000000,0.000,8.282,ok,cuda-sumcheck-prime-field-montgomery-element-layout-specialized-points,2.19357,1.99706,0,0,0,1.99706,ok,true,2034891719822,2034891719822,4.147096,,results/tmp_full_zk_r14_28/zk_complete_add_9_bw32_r14.log
zk_complete_add_9,q_add*x_r - q_add*x_p - q_add*x_q*x_r*gamma + q_add*x_p*x_q*gamma,prime-field-montgomery,element,specialized,p32_2^32_minus_5,32,1,0xfffffffb,16,65536,5,4,4,2,10,whole-run,fixed,triton-sumcheck-prime-field-montgomery-element-layout-specialized-points,51.599,10.627,0.000,0.000000,0.000,10.627,ok,cuda-sumcheck-prime-field-montgomery-element-layout-specialized-points,2.51178,2.35088,0,0,0,2.35088,ok,true,2172632219225,2172632219225,4.520435,,results/tmp_full_zk_r14_28/zk_complete_add_9_bw32_r16.log
zk_complete_add_9,q_add*x_r - q_add*x_p - q_add*x_q*x_r*gamma + q_add*x_p*x_q*gamma,prime-field-montgomery,element,specialized,p32_2^32_minus_5,32,1,0xfffffffb,18,262144,5,4,4,2,10,whole-run,fixed,triton-sumcheck-prime-field-montgomery-element-layout-specialized-points,54.415,13.579,0.000,0.000000,0.000,13.579,ok,cuda-sumcheck-prime-field-montgomery-element-layout-specialized-points,2.94739,2.78109,0,0,0,2.78109,ok,true,2573258479233,2573258479233,4.882618,,results/tmp_full_zk_r14_28/zk_complete_add_9_bw32_r18.log
zk_complete_add_9,q_add*x_r - q_add*x_p - q_add*x_q*x_r*gamma + q_add*x_p*x_q*gamma,prime-field-montgomery,element,specialized,p32_2^32_minus_5,32,1,0xfffffffb,20,1048576,5,4,4,2,10,whole-run,fixed,triton-sumcheck-prime-field-montgomery-element-layout-specialized-points,56.423,16.848,0.000,0.000000,0.000,16.848,ok,cuda-sumcheck-prime-field-montgomery-element-layout-specialized-points,3.68176,3.46493,0,0,0,3.46493,ok,true,2693989604514,2693989604514,4.862436,,results/tmp_full_zk_r14_28/zk_complete_add_9_bw32_r20.log
zk_complete_add_9,q_add*x_r - q_add*x_p - q_add*x_q*x_r*gamma + q_add*x_p*x_q*gamma,prime-field-montgomery,element,specialized,p32_2^32_minus_5,32,1,0xfffffffb,22,4194304,5,4,4,2,10,whole-run,fixed,triton-sumcheck-prime-field-montgomery-element-layout-specialized-points,60.779,21.218,0.000,0.000000,0.000,21.218,ok,cuda-sumcheck-prime-field-montgomery-element-layout-specialized-points,4.48707,4.41014,0,0,0,4.41014,ok,true,2988758291324,2988758291324,4.811185,,results/tmp_full_zk_r14_28/zk_complete_add_9_bw32_r22.log
zk_complete_add_9,q_add*x_r - q_add*x_p - q_add*x_q*x_r*gamma + q_add*x_p*x_q*gamma,prime-field-montgomery,element,specialized,p32_2^32_minus_5,32,1,0xfffffffb,24,16777216,5,4,4,2,10,whole-run,fixed,triton-sumcheck-prime-field-montgomery-element-layout-specialized-points,74.672,29.722,0.000,0.000000,0.000,29.722,ok,cuda-sumcheck-prime-field-montgomery-element-layout-specialized-points,7.51242,7.37043,0,0,0,7.37043,ok,true,3229523613953,3229523613953,4.032601,,results/tmp_full_zk_r14_28/zk_complete_add_9_bw32_r24.log
zk_complete_add_9,q_add*x_r - q_add*x_p - q_add*x_q*x_r*gamma + q_add*x_p*x_q*gamma,prime-field-montgomery,element,specialized,p32_2^32_minus_5,32,1,0xfffffffb,26,67108864,5,4,4,2,10,whole-run,fixed,triton-sumcheck-prime-field-montgomery-element-layout-specialized-points,92.304,55.584,0.000,0.000000,0.000,55.584,ok,cuda-sumcheck-prime-field-montgomery-element-layout-specialized-points,15.1716,15.0596,0,0,0,15.0596,ok,true,3809575414749,3809575414749,3.690935,,results/tmp_full_zk_r14_28/zk_complete_add_9_bw32_r26.log
zk_complete_add_9,q_add*x_r - q_add*x_p - q_add*x_q*x_r*gamma + q_add*x_p*x_q*gamma,prime-field-montgomery,element,specialized,p32_2^32_minus_5,32,1,0xfffffffb,28,268435456,5,4,4,2,10,whole-run,fixed,triton-sumcheck-prime-field-montgomery-element-layout-specialized-points,225.051,163.258,0.000,0.000000,0.000,163.258,ok,cuda-sumcheck-prime-field-montgomery-element-layout-specialized-points,47.251,47.2336,0,0,0,47.2336,ok,true,3820541626746,3820541626746,3.456395,,results/tmp_full_zk_r14_28/zk_complete_add_9_bw32_r28.log
zk_complete_add_9,q_add*x_r - q_add*x_p - q_add*x_q*x_r*gamma + q_add*x_p*x_q*gamma,prime-field-montgomery,element,specialized,p64_goldilocks,64,2,0xffffffff00000001,14,16384,5,4,4,2,10,whole-run,fixed,triton-sumcheck-prime-field-montgomery-element-layout-specialized-points,16304.094,8.307,0.000,0.000000,0.000,8.307,ok,cuda-sumcheck-prime-field-montgomery-element-layout-specialized-points,2.25194,1.94467,0,0,0,1.94467,ok,true,5673203275285,5673203275285,4.271676,,results/tmp_full_zk_r14_28/zk_complete_add_9_bw64_r14.log
zk_complete_add_9,q_add*x_r - q_add*x_p - q_add*x_q*x_r*gamma + q_add*x_p*x_q*gamma,prime-field-montgomery,element,specialized,p64_goldilocks,64,2,0xffffffff00000001,16,65536,5,4,4,2,10,whole-run,fixed,triton-sumcheck-prime-field-montgomery-element-layout-specialized-points,52.022,10.762,0.000,0.000000,0.000,10.762,ok,cuda-sumcheck-prime-field-montgomery-element-layout-specialized-points,2.67219,2.3615,0,0,0,2.3615,ok,true,6344118157169,6344118157169,4.557273,,results/tmp_full_zk_r14_28/zk_complete_add_9_bw64_r16.log
zk_complete_add_9,q_add*x_r - q_add*x_p - q_add*x_q*x_r*gamma + q_add*x_p*x_q*gamma,prime-field-montgomery,element,specialized,p64_goldilocks,64,2,0xffffffff00000001,18,262144,5,4,4,2,10,whole-run,fixed,triton-sumcheck-prime-field-montgomery-element-layout-specialized-points,55.833,13.755,0.000,0.000000,0.000,13.755,ok,cuda-sumcheck-prime-field-montgomery-element-layout-specialized-points,3.28173,2.98797,0,0,0,2.98797,ok,true,7586800119743,7586800119743,4.603460,,results/tmp_full_zk_r14_28/zk_complete_add_9_bw64_r18.log
zk_complete_add_9,q_add*x_r - q_add*x_p - q_add*x_q*x_r*gamma + q_add*x_p*x_q*gamma,prime-field-montgomery,element,specialized,p64_goldilocks,64,2,0xffffffff00000001,20,1048576,5,4,4,2,10,whole-run,fixed,triton-sumcheck-prime-field-montgomery-element-layout-specialized-points,57.534,16.940,0.000,0.000000,0.000,16.940,ok,cuda-sumcheck-prime-field-montgomery-element-layout-specialized-points,4.01315,3.74566,0,0,0,3.74566,ok,true,8468862849707,8468862849707,4.522567,,results/tmp_full_zk_r14_28/zk_complete_add_9_bw64_r20.log
zk_complete_add_9,q_add*x_r - q_add*x_p - q_add*x_q*x_r*gamma + q_add*x_p*x_q*gamma,prime-field-montgomery,element,specialized,p64_goldilocks,64,2,0xffffffff00000001,22,4194304,5,4,4,2,10,whole-run,fixed,triton-sumcheck-prime-field-montgomery-element-layout-specialized-points,61.559,20.638,0.000,0.000000,0.000,20.638,ok,cuda-sumcheck-prime-field-montgomery-element-layout-specialized-points,5.70723,5.47149,0,0,0,5.47149,ok,true,9645652376542,9645652376542,3.771916,,results/tmp_full_zk_r14_28/zk_complete_add_9_bw64_r22.log
zk_complete_add_9,q_add*x_r - q_add*x_p - q_add*x_q*x_r*gamma + q_add*x_p*x_q*gamma,prime-field-montgomery,element,specialized,p64_goldilocks,64,2,0xffffffff00000001,24,16777216,5,4,4,2,10,whole-run,fixed,triton-sumcheck-prime-field-montgomery-element-layout-specialized-points,71.937,30.626,0.000,0.000000,0.000,30.626,ok,cuda-sumcheck-prime-field-montgomery-element-layout-specialized-points,10.3689,10.1295,0,0,0,10.1295,ok,true,10460992284873,10460992284873,3.023446,,results/tmp_full_zk_r14_28/zk_complete_add_9_bw64_r24.log
zk_complete_add_9,q_add*x_r - q_add*x_p - q_add*x_q*x_r*gamma + q_add*x_p*x_q*gamma,prime-field-montgomery,element,specialized,p64_goldilocks,64,2,0xffffffff00000001,26,67108864,5,4,4,2,10,whole-run,fixed,triton-sumcheck-prime-field-montgomery-element-layout-specialized-points,108.931,63.486,0.000,0.000000,0.000,63.486,ok,cuda-sumcheck-prime-field-montgomery-element-layout-specialized-points,27.0902,26.8744,0,0,0,26.8744,ok,true,10722365125056,10722365125056,2.362323,,results/tmp_full_zk_r14_28/zk_complete_add_9_bw64_r26.log
zk_complete_add_9,q_add*x_r - q_add*x_p - q_add*x_q*x_r*gamma + q_add*x_p*x_q*gamma,prime-field-montgomery,element,specialized,p64_goldilocks,64,2,0xffffffff00000001,28,268435456,5,4,4,2,10,whole-run,fixed,triton-sumcheck-prime-field-montgomery-element-layout-specialized-points,266.825,193.793,0.000,0.000000,0.000,193.793,ok,cuda-sumcheck-prime-field-montgomery-element-layout-specialized-points,96.3651,93.8042,0,0,0,93.8042,ok,true,11417964607582,11417964607582,2.065931,,results/tmp_full_zk_r14_28/zk_complete_add_9_bw64_r28.log
zk_complete_add_9,q_add*x_r - q_add*x_p - q_add*x_q*x_r*gamma + q_add*x_p*x_q*gamma,prime-field-montgomery,element,specialized,p128_mersenne_2^127_minus_1,128,4,0x7fffffffffffffffffffffffffffffff,14,16384,5,4,4,2,10,whole-run,fixed,triton-sumcheck-prime-field-montgomery-element-layout-specialized-points,143743.001,8.334,0.000,0.000000,0.000,8.334,ok,cuda-sumcheck-prime-field-montgomery-element-layout-specialized-points,2.77965,2.30253,0,0,0,2.30253,ok,true,12260456006123,12260456006123,3.619497,,results/tmp_full_zk_r14_28/zk_complete_add_9_bw128_r14.log
zk_complete_add_9,q_add*x_r - q_add*x_p - q_add*x_q*x_r*gamma + q_add*x_p*x_q*gamma,prime-field-montgomery,element,specialized,p128_mersenne_2^127_minus_1,128,4,0x7fffffffffffffffffffffffffffffff,16,65536,5,4,4,2,10,whole-run,fixed,triton-sumcheck-prime-field-montgomery-element-layout-specialized-points,56.381,11.161,0.000,0.000000,0.000,11.161,ok,cuda-sumcheck-prime-field-montgomery-element-layout-specialized-points,2.91517,2.50182,0,0,0,2.50182,ok,true,14187752250711,14187752250711,4.461152,,results/tmp_full_zk_r14_28/zk_complete_add_9_bw128_r16.log
zk_complete_add_9,q_add*x_r - q_add*x_p - q_add*x_q*x_r*gamma + q_add*x_p*x_q*gamma,prime-field-montgomery,element,specialized,p128_mersenne_2^127_minus_1,128,4,0x7fffffffffffffffffffffffffffffff,18,262144,5,4,4,2,10,whole-run,fixed,triton-sumcheck-prime-field-montgomery-element-layout-specialized-points,60.777,13.666,0.000,0.000000,0.000,13.666,ok,cuda-sumcheck-prime-field-montgomery-element-layout-specialized-points,3.68067,3.33782,0,0,0,3.33782,ok,true,17298230590979,17298230590979,4.094289,,results/tmp_full_zk_r14_28/zk_complete_add_9_bw128_r18.log
zk_complete_add_9,q_add*x_r - q_add*x_p - q_add*x_q*x_r*gamma + q_add*x_p*x_q*gamma,prime-field-montgomery,element,specialized,p128_mersenne_2^127_minus_1,128,4,0x7fffffffffffffffffffffffffffffff,20,1048576,5,4,4,2,10,whole-run,fixed,triton-sumcheck-prime-field-montgomery-element-layout-specialized-points,63.097,17.014,0.000,0.000000,0.000,17.014,ok,cuda-sumcheck-prime-field-montgomery-element-layout-specialized-points,4.89584,4.5495,0,0,0,4.5495,ok,true,22557764587774,22557764587774,3.739752,,results/tmp_full_zk_r14_28/zk_complete_add_9_bw128_r20.log
zk_complete_add_9,q_add*x_r - q_add*x_p - q_add*x_q*x_r*gamma + q_add*x_p*x_q*gamma,prime-field-montgomery,element,specialized,p128_mersenne_2^127_minus_1,128,4,0x7fffffffffffffffffffffffffffffff,22,4194304,5,4,4,2,10,whole-run,fixed,triton-sumcheck-prime-field-montgomery-element-layout-specialized-points,68.359,23.357,0.000,0.000000,0.000,23.357,ok,cuda-sumcheck-prime-field-montgomery-element-layout-specialized-points,8.14342,7.70038,0,0,0,7.70038,ok,true,24772510013771,24772510013771,3.033227,,results/tmp_full_zk_r14_28/zk_complete_add_9_bw128_r22.log
zk_complete_add_9,q_add*x_r - q_add*x_p - q_add*x_q*x_r*gamma + q_add*x_p*x_q*gamma,prime-field-montgomery,element,specialized,p128_mersenne_2^127_minus_1,128,4,0x7fffffffffffffffffffffffffffffff,24,16777216,5,4,4,2,10,whole-run,fixed,triton-sumcheck-prime-field-montgomery-element-layout-specialized-points,86.539,40.506,0.000,0.000000,0.000,40.506,ok,cuda-sumcheck-prime-field-montgomery-element-layout-specialized-points,18.55,18.1805,0,0,0,18.1805,ok,true,27407170465337,27407170465337,2.227992,,results/tmp_full_zk_r14_28/zk_complete_add_9_bw128_r24.log
zk_complete_add_9,q_add*x_r - q_add*x_p - q_add*x_q*x_r*gamma + q_add*x_p*x_q*gamma,prime-field-montgomery,element,specialized,p128_mersenne_2^127_minus_1,128,4,0x7fffffffffffffffffffffffffffffff,26,67108864,5,4,4,2,10,whole-run,fixed,triton-sumcheck-prime-field-montgomery-element-layout-specialized-points,158.839,104.291,0.000,0.000000,0.000,104.291,ok,cuda-sumcheck-prime-field-montgomery-element-layout-specialized-points,59.4033,59.0987,0,0,0,59.0987,ok,true,28291550435941,28291550435941,1.764692,,results/tmp_full_zk_r14_28/zk_complete_add_9_bw128_r26.log
zk_complete_add_9,q_add*x_r - q_add*x_p - q_add*x_q*x_r*gamma + q_add*x_p*x_q*gamma,prime-field-montgomery,element,specialized,p128_mersenne_2^127_minus_1,128,4,0x7fffffffffffffffffffffffffffffff,28,268435456,5,4,4,2,10,whole-run,fixed,triton-sumcheck-prime-field-montgomery-element-layout-specialized-points,406.635,360.874,0.000,0.000000,0.000,360.874,ok,cuda-sumcheck-prime-field-montgomery-element-layout-specialized-points,221.655,221.108,0,0,0,221.108,ok,true,29758454218935,29758454218935,1.632116,,results/tmp_full_zk_r14_28/zk_complete_add_9_bw128_r28.log
zk_complete_add_9,q_add*x_r - q_add*x_p - q_add*x_q*x_r*gamma + q_add*x_p*x_q*gamma,prime-field-montgomery,element,specialized,p255_bls12_381_scalar,256,8,0x73eda753299d7d483339d80809a1d80553bda402fffe5bfeffffffff00000001,14,16384,5,4,4,2,10,whole-run,fixed,triton-sumcheck-prime-field-montgomery-element-layout-specialized-points,2234987.158,8.624,0.000,0.000000,0.000,8.624,ok,cuda-sumcheck-prime-field-montgomery-element-layout-specialized-points,4.02147,3.14496,0,0,0,3.14496,ok,true,64721918569490,64721918569490,2.742165,,results/tmp_full_zk_r14_28/zk_complete_add_9_bw256_r14.log
zk_complete_add_9,q_add*x_r - q_add*x_p - q_add*x_q*x_r*gamma + q_add*x_p*x_q*gamma,prime-field-montgomery,element,specialized,p255_bls12_381_scalar,256,8,0x73eda753299d7d483339d80809a1d80553bda402fffe5bfeffffffff00000001,16,65536,5,4,4,2,10,whole-run,fixed,triton-sumcheck-prime-field-montgomery-element-layout-specialized-points,69.937,11.129,0.000,0.000000,0.000,11.129,ok,cuda-sumcheck-prime-field-montgomery-element-layout-specialized-points,5.13392,4.26906,0,0,0,4.26906,ok,true,71667032844355,71667032844355,2.606897,,results/tmp_full_zk_r14_28/zk_complete_add_9_bw256_r16.log
zk_complete_add_9,q_add*x_r - q_add*x_p - q_add*x_q*x_r*gamma + q_add*x_p*x_q*gamma,prime-field-montgomery,element,specialized,p255_bls12_381_scalar,256,8,0x73eda753299d7d483339d80809a1d80553bda402fffe5bfeffffffff00000001,18,262144,5,4,4,2,10,whole-run,fixed,triton-sumcheck-prime-field-montgomery-element-layout-specialized-points,73.297,14.046,0.000,0.000000,0.000,14.046,ok,cuda-sumcheck-prime-field-montgomery-element-layout-specialized-points,6.0905,5.23658,0,0,0,5.23658,ok,true,80032519064251,80032519064251,2.682285,,results/tmp_full_zk_r14_28/zk_complete_add_9_bw256_r18.log
zk_complete_add_9,q_add*x_r - q_add*x_p - q_add*x_q*x_r*gamma + q_add*x_p*x_q*gamma,prime-field-montgomery,element,specialized,p255_bls12_381_scalar,256,8,0x73eda753299d7d483339d80809a1d80553bda402fffe5bfeffffffff00000001,20,1048576,5,4,4,2,10,whole-run,fixed,triton-sumcheck-prime-field-montgomery-element-layout-specialized-points,75.275,18.139,0.000,0.000000,0.000,18.139,ok,cuda-sumcheck-prime-field-montgomery-element-layout-specialized-points,11.0243,10.2239,0,0,0,10.2239,ok,true,86072749519367,86072749519367,1.774176,,results/tmp_full_zk_r14_28/zk_complete_add_9_bw256_r20.log
zk_complete_add_9,q_add*x_r - q_add*x_p - q_add*x_q*x_r*gamma + q_add*x_p*x_q*gamma,prime-field-montgomery,element,specialized,p255_bls12_381_scalar,256,8,0x73eda753299d7d483339d80809a1d80553bda402fffe5bfeffffffff00000001,22,4194304,5,4,4,2,10,whole-run,fixed,triton-sumcheck-prime-field-montgomery-element-layout-specialized-points,91.595,31.197,0.000,0.000000,0.000,31.197,ok,cuda-sumcheck-prime-field-montgomery-element-layout-specialized-points,20.8097,19.963,0,0,0,19.963,ok,true,100819326577736,100819326577736,1.562741,,results/tmp_full_zk_r14_28/zk_complete_add_9_bw256_r22.log
zk_complete_add_9,q_add*x_r - q_add*x_p - q_add*x_q*x_r*gamma + q_add*x_p*x_q*gamma,prime-field-montgomery,element,specialized,p255_bls12_381_scalar,256,8,0x73eda753299d7d483339d80809a1d80553bda402fffe5bfeffffffff00000001,24,16777216,5,4,4,2,10,whole-run,fixed,triton-sumcheck-prime-field-montgomery-element-layout-specialized-points,140.318,78.721,0.000,0.000000,0.000,78.721,ok,cuda-sumcheck-prime-field-montgomery-element-layout-specialized-points,62.9507,62.2374,0,0,0,62.2374,ok,true,107743887149652,107743887149652,1.264850,,results/tmp_full_zk_r14_28/zk_complete_add_9_bw256_r24.log
zk_complete_add_9,q_add*x_r - q_add*x_p - q_add*x_q*x_r*gamma + q_add*x_p*x_q*gamma,prime-field-montgomery,element,specialized,p255_bls12_381_scalar,256,8,0x73eda753299d7d483339d80809a1d80553bda402fffe5bfeffffffff00000001,26,67108864,5,4,4,2,10,whole-run,fixed,triton-sumcheck-prime-field-montgomery-element-layout-specialized-points,340.288,265.633,0.000,0.000000,0.000,265.633,ok,cuda-sumcheck-prime-field-montgomery-element-layout-specialized-points,229.033,228.049,0,0,0,228.049,ok,true,115022369023562,115022369023562,1.164807,,results/tmp_full_zk_r14_28/zk_complete_add_9_bw256_r26.log
zk_complete_add_9,q_add*x_r - q_add*x_p - q_add*x_q*x_r*gamma + q_add*x_p*x_q*gamma,prime-field-montgomery,element,specialized,,256,,,28,268435456,5,4,4,2,10,whole-run,fixed,,,,,,,,skipped,,,,,,,,skipped,skipped,,,,returncode=1,results/tmp_full_zk_r14_28/zk_complete_add_9_bw256_r28.log
zk_complete_add_10,q_add*y_r - q_add*y_p - q_add*x_q*y_r*gamma + q_add*x_q*y_p*gamma,prime-field-montgomery,element,specialized,p32_2^32_minus_5,32,1,0xfffffffb,14,16384,5,4,4,2,10,whole-run,fixed,triton-sumcheck-prime-field-montgomery-element-layout-specialized-points,4372.385,8.180,0.000,0.000000,0.000,8.180,ok,cuda-sumcheck-prime-field-montgomery-element-layout-specialized-points,2.17286,1.95904,0,0,0,1.95904,ok,true,2034891719822,2034891719822,4.175515,,results/tmp_full_zk_r14_28/zk_complete_add_10_bw32_r14.log
zk_complete_add_10,q_add*y_r - q_add*y_p - q_add*x_q*y_r*gamma + q_add*x_q*y_p*gamma,prime-field-montgomery,element,specialized,p32_2^32_minus_5,32,1,0xfffffffb,16,65536,5,4,4,2,10,whole-run,fixed,triton-sumcheck-prime-field-montgomery-element-layout-specialized-points,50.049,10.538,0.000,0.000000,0.000,10.538,ok,cuda-sumcheck-prime-field-montgomery-element-layout-specialized-points,2.55261,2.36022,0,0,0,2.36022,ok,true,2172632219225,2172632219225,4.464838,,results/tmp_full_zk_r14_28/zk_complete_add_10_bw32_r16.log
zk_complete_add_10,q_add*y_r - q_add*y_p - q_add*x_q*y_r*gamma + q_add*x_q*y_p*gamma,prime-field-montgomery,element,specialized,p32_2^32_minus_5,32,1,0xfffffffb,18,262144,5,4,4,2,10,whole-run,fixed,triton-sumcheck-prime-field-montgomery-element-layout-specialized-points,52.734,13.468,0.000,0.000000,0.000,13.468,ok,cuda-sumcheck-prime-field-montgomery-element-layout-specialized-points,2.92986,2.75126,0,0,0,2.75126,ok,true,2573258479233,2573258479233,4.895212,,results/tmp_full_zk_r14_28/zk_complete_add_10_bw32_r18.log
zk_complete_add_10,q_add*y_r - q_add*y_p - q_add*x_q*y_r*gamma + q_add*x_q*y_p*gamma,prime-field-montgomery,element,specialized,p32_2^32_minus_5,32,1,0xfffffffb,20,1048576,5,4,4,2,10,whole-run,fixed,triton-sumcheck-prime-field-montgomery-element-layout-specialized-points,56.125,16.839,0.000,0.000000,0.000,16.839,ok,cuda-sumcheck-prime-field-montgomery-element-layout-specialized-points,3.80621,3.63174,0,0,0,3.63174,ok,true,2693989604514,2693989604514,4.636620,,results/tmp_full_zk_r14_28/zk_complete_add_10_bw32_r20.log
zk_complete_add_10,q_add*y_r - q_add*y_p - q_add*x_q*y_r*gamma + q_add*x_q*y_p*gamma,prime-field-montgomery,element,specialized,p32_2^32_minus_5,32,1,0xfffffffb,22,4194304,5,4,4,2,10,whole-run,fixed,triton-sumcheck-prime-field-montgomery-element-layout-specialized-points,63.532,20.750,0.000,0.000000,0.000,20.750,ok,cuda-sumcheck-prime-field-montgomery-element-layout-specialized-points,4.85078,4.65402,0,0,0,4.65402,ok,true,2988758291324,2988758291324,4.458511,,results/tmp_full_zk_r14_28/zk_complete_add_10_bw32_r22.log
zk_complete_add_10,q_add*y_r - q_add*y_p - q_add*x_q*y_r*gamma + q_add*x_q*y_p*gamma,prime-field-montgomery,element,specialized,p32_2^32_minus_5,32,1,0xfffffffb,24,16777216,5,4,4,2,10,whole-run,fixed,triton-sumcheck-prime-field-montgomery-element-layout-specialized-points,69.503,29.971,0.000,0.000000,0.000,29.971,ok,cuda-sumcheck-prime-field-montgomery-element-layout-specialized-points,7.29834,7.18947,0,0,0,7.18947,ok,true,3229523613953,3229523613953,4.168736,,results/tmp_full_zk_r14_28/zk_complete_add_10_bw32_r24.log
zk_complete_add_10,q_add*y_r - q_add*y_p - q_add*x_q*y_r*gamma + q_add*x_q*y_p*gamma,prime-field-montgomery,element,specialized,p32_2^32_minus_5,32,1,0xfffffffb,26,67108864,5,4,4,2,10,whole-run,fixed,triton-sumcheck-prime-field-montgomery-element-layout-specialized-points,93.442,56.108,0.000,0.000000,0.000,56.108,ok,cuda-sumcheck-prime-field-montgomery-element-layout-specialized-points,15.2506,14.9181,0,0,0,14.9181,ok,true,3809575414749,3809575414749,3.761069,,results/tmp_full_zk_r14_28/zk_complete_add_10_bw32_r26.log
zk_complete_add_10,q_add*y_r - q_add*y_p - q_add*x_q*y_r*gamma + q_add*x_q*y_p*gamma,prime-field-montgomery,element,specialized,p32_2^32_minus_5,32,1,0xfffffffb,28,268435456,5,4,4,2,10,whole-run,fixed,triton-sumcheck-prime-field-montgomery-element-layout-specialized-points,213.012,163.018,0.000,0.000000,0.000,163.018,ok,cuda-sumcheck-prime-field-montgomery-element-layout-specialized-points,47.1008,47.0581,0,0,0,47.0581,ok,true,3820541626746,3820541626746,3.464186,,results/tmp_full_zk_r14_28/zk_complete_add_10_bw32_r28.log
zk_complete_add_10,q_add*y_r - q_add*y_p - q_add*x_q*y_r*gamma + q_add*x_q*y_p*gamma,prime-field-montgomery,element,specialized,p64_goldilocks,64,2,0xffffffff00000001,14,16384,5,4,4,2,10,whole-run,fixed,triton-sumcheck-prime-field-montgomery-element-layout-specialized-points,16254.404,8.237,0.000,0.000000,0.000,8.237,ok,cuda-sumcheck-prime-field-montgomery-element-layout-specialized-points,2.24115,1.96621,0,0,0,1.96621,ok,true,5673203275285,5673203275285,4.189278,,results/tmp_full_zk_r14_28/zk_complete_add_10_bw64_r14.log
zk_complete_add_10,q_add*y_r - q_add*y_p - q_add*x_q*y_r*gamma + q_add*x_q*y_p*gamma,prime-field-montgomery,element,specialized,p64_goldilocks,64,2,0xffffffff00000001,16,65536,5,4,4,2,10,whole-run,fixed,triton-sumcheck-prime-field-montgomery-element-layout-specialized-points,51.205,10.641,0.000,0.000000,0.000,10.641,ok,cuda-sumcheck-prime-field-montgomery-element-layout-specialized-points,2.66538,2.37584,0,0,0,2.37584,ok,true,6344118157169,6344118157169,4.478837,,results/tmp_full_zk_r14_28/zk_complete_add_10_bw64_r16.log
zk_complete_add_10,q_add*y_r - q_add*y_p - q_add*x_q*y_r*gamma + q_add*x_q*y_p*gamma,prime-field-montgomery,element,specialized,p64_goldilocks,64,2,0xffffffff00000001,18,262144,5,4,4,2,10,whole-run,fixed,triton-sumcheck-prime-field-montgomery-element-layout-specialized-points,56.458,13.663,0.000,0.000000,0.000,13.663,ok,cuda-sumcheck-prime-field-montgomery-element-layout-specialized-points,3.21043,2.94346,0,0,0,2.94346,ok,true,7586800119743,7586800119743,4.641816,,results/tmp_full_zk_r14_28/zk_complete_add_10_bw64_r18.log
zk_complete_add_10,q_add*y_r - q_add*y_p - q_add*x_q*y_r*gamma + q_add*x_q*y_p*gamma,prime-field-montgomery,element,specialized,p64_goldilocks,64,2,0xffffffff00000001,20,1048576,5,4,4,2,10,whole-run,fixed,triton-sumcheck-prime-field-montgomery-element-layout-specialized-points,58.145,16.945,0.000,0.000000,0.000,16.945,ok,cuda-sumcheck-prime-field-montgomery-element-layout-specialized-points,3.95578,3.72781,0,0,0,3.72781,ok,true,8468862849707,8468862849707,4.545564,,results/tmp_full_zk_r14_28/zk_complete_add_10_bw64_r20.log
zk_complete_add_10,q_add*y_r - q_add*y_p - q_add*x_q*y_r*gamma + q_add*x_q*y_p*gamma,prime-field-montgomery,element,specialized,p64_goldilocks,64,2,0xffffffff00000001,22,4194304,5,4,4,2,10,whole-run,fixed,triton-sumcheck-prime-field-montgomery-element-layout-specialized-points,61.396,20.835,0.000,0.000000,0.000,20.835,ok,cuda-sumcheck-prime-field-montgomery-element-layout-specialized-points,5.91846,5.68003,0,0,0,5.68003,ok,true,9645652376542,9645652376542,3.668114,,results/tmp_full_zk_r14_28/zk_complete_add_10_bw64_r22.log
zk_complete_add_10,q_add*y_r - q_add*y_p - q_add*x_q*y_r*gamma + q_add*x_q*y_p*gamma,prime-field-montgomery,element,specialized,p64_goldilocks,64,2,0xffffffff00000001,24,16777216,5,4,4,2,10,whole-run,fixed,triton-sumcheck-prime-field-montgomery-element-layout-specialized-points,70.960,29.850,0.000,0.000000,0.000,29.850,ok,cuda-sumcheck-prime-field-montgomery-element-layout-specialized-points,10.3203,10.0243,0,0,0,10.0243,ok,true,10460992284873,10460992284873,2.977764,,results/tmp_full_zk_r14_28/zk_complete_add_10_bw64_r24.log
zk_complete_add_10,q_add*y_r - q_add*y_p - q_add*x_q*y_r*gamma + q_add*x_q*y_p*gamma,prime-field-montgomery,element,specialized,p64_goldilocks,64,2,0xffffffff00000001,26,67108864,5,4,4,2,10,whole-run,fixed,triton-sumcheck-prime-field-montgomery-element-layout-specialized-points,109.845,63.345,0.000,0.000000,0.000,63.345,ok,cuda-sumcheck-prime-field-montgomery-element-layout-specialized-points,27.0536,26.8772,0,0,0,26.8772,ok,true,10722365125056,10722365125056,2.356830,,results/tmp_full_zk_r14_28/zk_complete_add_10_bw64_r26.log
zk_complete_add_10,q_add*y_r - q_add*y_p - q_add*x_q*y_r*gamma + q_add*x_q*y_p*gamma,prime-field-montgomery,element,specialized,p64_goldilocks,64,2,0xffffffff00000001,28,268435456,5,4,4,2,10,whole-run,fixed,triton-sumcheck-prime-field-montgomery-element-layout-specialized-points,231.420,193.603,0.000,0.000000,0.000,193.603,ok,cuda-sumcheck-prime-field-montgomery-element-layout-specialized-points,96.487,93.9399,0,0,0,93.9399,ok,true,11417964607582,11417964607582,2.060924,,results/tmp_full_zk_r14_28/zk_complete_add_10_bw64_r28.log
zk_complete_add_10,q_add*y_r - q_add*y_p - q_add*x_q*y_r*gamma + q_add*x_q*y_p*gamma,prime-field-montgomery,element,specialized,p128_mersenne_2^127_minus_1,128,4,0x7fffffffffffffffffffffffffffffff,14,16384,5,4,4,2,10,whole-run,fixed,triton-sumcheck-prime-field-montgomery-element-layout-specialized-points,142244.398,8.390,0.000,0.000000,0.000,8.390,ok,cuda-sumcheck-prime-field-montgomery-element-layout-specialized-points,2.57142,2.10115,0,0,0,2.10115,ok,true,12260456006123,12260456006123,3.993051,,results/tmp_full_zk_r14_28/zk_complete_add_10_bw128_r14.log
zk_complete_add_10,q_add*y_r - q_add*y_p - q_add*x_q*y_r*gamma + q_add*x_q*y_p*gamma,prime-field-montgomery,element,specialized,p128_mersenne_2^127_minus_1,128,4,0x7fffffffffffffffffffffffffffffff,16,65536,5,4,4,2,10,whole-run,fixed,triton-sumcheck-prime-field-montgomery-element-layout-specialized-points,56.824,10.929,0.000,0.000000,0.000,10.929,ok,cuda-sumcheck-prime-field-montgomery-element-layout-specialized-points,2.89776,2.53578,0,0,0,2.53578,ok,true,14187752250711,14187752250711,4.309916,,results/tmp_full_zk_r14_28/zk_complete_add_10_bw128_r16.log
zk_complete_add_10,q_add*y_r - q_add*y_p - q_add*x_q*y_r*gamma + q_add*x_q*y_p*gamma,prime-field-montgomery,element,specialized,p128_mersenne_2^127_minus_1,128,4,0x7fffffffffffffffffffffffffffffff,18,262144,5,4,4,2,10,whole-run,fixed,triton-sumcheck-prime-field-montgomery-element-layout-specialized-points,59.083,13.903,0.000,0.000000,0.000,13.903,ok,cuda-sumcheck-prime-field-montgomery-element-layout-specialized-points,4.21824,3.79146,0,0,0,3.79146,ok,true,17298230590979,17298230590979,3.666925,,results/tmp_full_zk_r14_28/zk_complete_add_10_bw128_r18.log
zk_complete_add_10,q_add*y_r - q_add*y_p - q_add*x_q*y_r*gamma + q_add*x_q*y_p*gamma,prime-field-montgomery,element,specialized,p128_mersenne_2^127_minus_1,128,4,0x7fffffffffffffffffffffffffffffff,20,1048576,5,4,4,2,10,whole-run,fixed,triton-sumcheck-prime-field-montgomery-element-layout-specialized-points,63.025,17.161,0.000,0.000000,0.000,17.161,ok,cuda-sumcheck-prime-field-montgomery-element-layout-specialized-points,4.97904,4.64739,0,0,0,4.64739,ok,true,22557764587774,22557764587774,3.692610,,results/tmp_full_zk_r14_28/zk_complete_add_10_bw128_r20.log
zk_complete_add_10,q_add*y_r - q_add*y_p - q_add*x_q*y_r*gamma + q_add*x_q*y_p*gamma,prime-field-montgomery,element,specialized,p128_mersenne_2^127_minus_1,128,4,0x7fffffffffffffffffffffffffffffff,22,4194304,5,4,4,2,10,whole-run,fixed,triton-sumcheck-prime-field-montgomery-element-layout-specialized-points,66.672,22.485,0.000,0.000000,0.000,22.485,ok,cuda-sumcheck-prime-field-montgomery-element-layout-specialized-points,9.37539,8.96064,0,0,0,8.96064,ok,true,24772510013771,24772510013771,2.509307,,results/tmp_full_zk_r14_28/zk_complete_add_10_bw128_r22.log
zk_complete_add_10,q_add*y_r - q_add*y_p - q_add*x_q*y_r*gamma + q_add*x_q*y_p*gamma,prime-field-montgomery,element,specialized,p128_mersenne_2^127_minus_1,128,4,0x7fffffffffffffffffffffffffffffff,24,16777216,5,4,4,2,10,whole-run,fixed,triton-sumcheck-prime-field-montgomery-element-layout-specialized-points,87.085,39.615,0.000,0.000000,0.000,39.615,ok,cuda-sumcheck-prime-field-montgomery-element-layout-specialized-points,18.5976,18.2037,0,0,0,18.2037,ok,true,27407170465337,27407170465337,2.176206,,results/tmp_full_zk_r14_28/zk_complete_add_10_bw128_r24.log
zk_complete_add_10,q_add*y_r - q_add*y_p - q_add*x_q*y_r*gamma + q_add*x_q*y_p*gamma,prime-field-montgomery,element,specialized,p128_mersenne_2^127_minus_1,128,4,0x7fffffffffffffffffffffffffffffff,26,67108864,5,4,4,2,10,whole-run,fixed,triton-sumcheck-prime-field-montgomery-element-layout-specialized-points,157.936,104.399,0.000,0.000000,0.000,104.399,ok,cuda-sumcheck-prime-field-montgomery-element-layout-specialized-points,59.251,59.004,0,0,0,59.004,ok,true,28291550435941,28291550435941,1.769355,,results/tmp_full_zk_r14_28/zk_complete_add_10_bw128_r26.log
zk_complete_add_10,q_add*y_r - q_add*y_p - q_add*x_q*y_r*gamma + q_add*x_q*y_p*gamma,prime-field-montgomery,element,specialized,p128_mersenne_2^127_minus_1,128,4,0x7fffffffffffffffffffffffffffffff,28,268435456,5,4,4,2,10,whole-run,fixed,triton-sumcheck-prime-field-montgomery-element-layout-specialized-points,407.344,361.650,0.000,0.000000,0.000,361.650,ok,cuda-sumcheck-prime-field-montgomery-element-layout-specialized-points,220.951,220.694,0,0,0,220.694,ok,true,29758454218935,29758454218935,1.638694,,results/tmp_full_zk_r14_28/zk_complete_add_10_bw128_r28.log
zk_complete_add_10,q_add*y_r - q_add*y_p - q_add*x_q*y_r*gamma + q_add*x_q*y_p*gamma,prime-field-montgomery,element,specialized,p255_bls12_381_scalar,256,8,0x73eda753299d7d483339d80809a1d80553bda402fffe5bfeffffffff00000001,14,16384,5,4,4,2,10,whole-run,fixed,triton-sumcheck-prime-field-montgomery-element-layout-specialized-points,2240822.986,8.886,0.000,0.000000,0.000,8.886,ok,cuda-sumcheck-prime-field-montgomery-element-layout-specialized-points,4.15568,3.33226,0,0,0,3.33226,ok,true,64721918569490,64721918569490,2.666659,,results/tmp_full_zk_r14_28/zk_complete_add_10_bw256_r14.log
zk_complete_add_10,q_add*y_r - q_add*y_p - q_add*x_q*y_r*gamma + q_add*x_q*y_p*gamma,prime-field-montgomery,element,specialized,p255_bls12_381_scalar,256,8,0x73eda753299d7d483339d80809a1d80553bda402fffe5bfeffffffff00000001,16,65536,5,4,4,2,10,whole-run,fixed,triton-sumcheck-prime-field-montgomery-element-layout-specialized-points,71.626,11.198,0.000,0.000000,0.000,11.198,ok,cuda-sumcheck-prime-field-montgomery-element-layout-specialized-points,4.65853,3.84269,0,0,0,3.84269,ok,true,71667032844355,71667032844355,2.914104,,results/tmp_full_zk_r14_28/zk_complete_add_10_bw256_r16.log
zk_complete_add_10,q_add*y_r - q_add*y_p - q_add*x_q*y_r*gamma + q_add*x_q*y_p*gamma,prime-field-montgomery,element,specialized,p255_bls12_381_scalar,256,8,0x73eda753299d7d483339d80809a1d80553bda402fffe5bfeffffffff00000001,18,262144,5,4,4,2,10,whole-run,fixed,triton-sumcheck-prime-field-montgomery-element-layout-specialized-points,72.795,14.218,0.000,0.000000,0.000,14.218,ok,cuda-sumcheck-prime-field-montgomery-element-layout-specialized-points,6.06915,5.25965,0,0,0,5.25965,ok,true,80032519064251,80032519064251,2.703222,,results/tmp_full_zk_r14_28/zk_complete_add_10_bw256_r18.log
zk_complete_add_10,q_add*y_r - q_add*y_p - q_add*x_q*y_r*gamma + q_add*x_q*y_p*gamma,prime-field-montgomery,element,specialized,p255_bls12_381_scalar,256,8,0x73eda753299d7d483339d80809a1d80553bda402fffe5bfeffffffff00000001,20,1048576,5,4,4,2,10,whole-run,fixed,triton-sumcheck-prime-field-montgomery-element-layout-specialized-points,79.380,18.695,0.000,0.000000,0.000,18.695,ok,cuda-sumcheck-prime-field-montgomery-element-layout-specialized-points,10.705,9.78042,0,0,0,9.78042,ok,true,86072749519367,86072749519367,1.911472,,results/tmp_full_zk_r14_28/zk_complete_add_10_bw256_r20.log
zk_complete_add_10,q_add*y_r - q_add*y_p - q_add*x_q*y_r*gamma + q_add*x_q*y_p*gamma,prime-field-montgomery,element,specialized,p255_bls12_381_scalar,256,8,0x73eda753299d7d483339d80809a1d80553bda402fffe5bfeffffffff00000001,22,4194304,5,4,4,2,10,whole-run,fixed,triton-sumcheck-prime-field-montgomery-element-layout-specialized-points,94.719,34.763,0.000,0.000000,0.000,34.763,ok,cuda-sumcheck-prime-field-montgomery-element-layout-specialized-points,20.8109,20.0007,0,0,0,20.0007,ok,true,100819326577736,100819326577736,1.738089,,results/tmp_full_zk_r14_28/zk_complete_add_10_bw256_r22.log
zk_complete_add_10,q_add*y_r - q_add*y_p - q_add*x_q*y_r*gamma + q_add*x_q*y_p*gamma,prime-field-montgomery,element,specialized,p255_bls12_381_scalar,256,8,0x73eda753299d7d483339d80809a1d80553bda402fffe5bfeffffffff00000001,24,16777216,5,4,4,2,10,whole-run,fixed,triton-sumcheck-prime-field-montgomery-element-layout-specialized-points,147.700,80.091,0.000,0.000000,0.000,80.091,ok,cuda-sumcheck-prime-field-montgomery-element-layout-specialized-points,62.941,62.0796,0,0,0,62.0796,ok,true,107743887149652,107743887149652,1.290134,,results/tmp_full_zk_r14_28/zk_complete_add_10_bw256_r24.log
zk_complete_add_10,q_add*y_r - q_add*y_p - q_add*x_q*y_r*gamma + q_add*x_q*y_p*gamma,prime-field-montgomery,element,specialized,p255_bls12_381_scalar,256,8,0x73eda753299d7d483339d80809a1d80553bda402fffe5bfeffffffff00000001,26,67108864,5,4,4,2,10,whole-run,fixed,triton-sumcheck-prime-field-montgomery-element-layout-specialized-points,368.844,270.780,0.000,0.000000,0.000,270.780,ok,cuda-sumcheck-prime-field-montgomery-element-layout-specialized-points,229.138,228.349,0,0,0,228.349,ok,true,115022369023562,115022369023562,1.185816,,results/tmp_full_zk_r14_28/zk_complete_add_10_bw256_r26.log
zk_complete_add_10,q_add*y_r - q_add*y_p - q_add*x_q*y_r*gamma + q_add*x_q*y_p*gamma,prime-field-montgomery,element,specialized,,256,,,28,268435456,5,4,4,2,10,whole-run,fixed,,,,,,,,skipped,,,,,,,,skipped,skipped,,,,returncode=1,results/tmp_full_zk_r14_28/zk_complete_add_10_bw256_r28.log
zk_complete_add_11,q_add*x_r - q_add*x_q*x_r*alpha + q_add*x_p*x_r*alpha - q_add*y_q*x_r*delta - q_add*y_p*x_r*delta,prime-field-montgomery,element,specialized,p32_2^32_minus_5,32,1,0xfffffffb,14,16384,8,4,5,2,10,whole-run,fixed,triton-sumcheck-prime-field-montgomery-element-layout-specialized-points,6561.233,8.201,0.000,0.000000,0.000,8.201,ok,cuda-sumcheck-prime-field-montgomery-element-layout-specialized-points,2.18848,1.94445,0,0,0,1.94445,ok,true,2282866075022,2282866075022,4.217645,,results/tmp_full_zk_r14_28/zk_complete_add_11_bw32_r14.log
zk_complete_add_11,q_add*x_r - q_add*x_q*x_r*alpha + q_add*x_p*x_r*alpha - q_add*y_q*x_r*delta - q_add*y_p*x_r*delta,prime-field-montgomery,element,specialized,p32_2^32_minus_5,32,1,0xfffffffb,16,65536,8,4,5,2,10,whole-run,fixed,triton-sumcheck-prime-field-montgomery-element-layout-specialized-points,51.183,10.659,0.000,0.000000,0.000,10.659,ok,cuda-sumcheck-prime-field-montgomery-element-layout-specialized-points,2.50723,2.33363,0,0,0,2.33363,ok,true,2359158299771,2359158299771,4.567562,,results/tmp_full_zk_r14_28/zk_complete_add_11_bw32_r16.log
zk_complete_add_11,q_add*x_r - q_add*x_q*x_r*alpha + q_add*x_p*x_r*alpha - q_add*y_q*x_r*delta - q_add*y_p*x_r*delta,prime-field-montgomery,element,specialized,p32_2^32_minus_5,32,1,0xfffffffb,18,262144,8,4,5,2,10,whole-run,fixed,triton-sumcheck-prime-field-montgomery-element-layout-specialized-points,54.421,13.504,0.000,0.000000,0.000,13.504,ok,cuda-sumcheck-prime-field-montgomery-element-layout-specialized-points,3.13168,2.91712,0,0,0,2.91712,ok,true,2485816987446,2485816987446,4.629223,,results/tmp_full_zk_r14_28/zk_complete_add_11_bw32_r18.log
zk_complete_add_11,q_add*x_r - q_add*x_q*x_r*alpha + q_add*x_p*x_r*alpha - q_add*y_q*x_r*delta - q_add*y_p*x_r*delta,prime-field-montgomery,element,specialized,p32_2^32_minus_5,32,1,0xfffffffb,20,1048576,8,4,5,2,10,whole-run,fixed,triton-sumcheck-prime-field-montgomery-element-layout-specialized-points,57.291,16.789,0.000,0.000000,0.000,16.789,ok,cuda-sumcheck-prime-field-montgomery-element-layout-specialized-points,3.86432,3.6847,0,0,0,3.6847,ok,true,2698065176560,2698065176560,4.556409,,results/tmp_full_zk_r14_28/zk_complete_add_11_bw32_r20.log
zk_complete_add_11,q_add*x_r - q_add*x_q*x_r*alpha + q_add*x_p*x_r*alpha - q_add*y_q*x_r*delta - q_add*y_p*x_r*delta,prime-field-montgomery,element,specialized,p32_2^32_minus_5,32,1,0xfffffffb,22,4194304,8,4,5,2,10,whole-run,fixed,triton-sumcheck-prime-field-montgomery-element-layout-specialized-points,62.436,21.079,0.000,0.000000,0.000,21.079,ok,cuda-sumcheck-prime-field-montgomery-element-layout-specialized-points,5.25168,5.10269,0,0,0,5.10269,ok,true,3131899343976,3131899343976,4.130958,,results/tmp_full_zk_r14_28/zk_complete_add_11_bw32_r22.log
zk_complete_add_11,q_add*x_r - q_add*x_q*x_r*alpha + q_add*x_p*x_r*alpha - q_add*y_q*x_r*delta - q_add*y_p*x_r*delta,prime-field-montgomery,element,specialized,p32_2^32_minus_5,32,1,0xfffffffb,24,16777216,8,4,5,2,10,whole-run,fixed,triton-sumcheck-prime-field-montgomery-element-layout-specialized-points,69.096,29.659,0.000,0.000000,0.000,29.659,ok,cuda-sumcheck-prime-field-montgomery-element-layout-specialized-points,8.49555,8.37779,0,0,0,8.37779,ok,true,3499519030657,3499519030657,3.540194,,results/tmp_full_zk_r14_28/zk_complete_add_11_bw32_r24.log
zk_complete_add_11,q_add*x_r - q_add*x_q*x_r*alpha + q_add*x_p*x_r*alpha - q_add*y_q*x_r*delta - q_add*y_p*x_r*delta,prime-field-montgomery,element,specialized,p32_2^32_minus_5,32,1,0xfffffffb,26,67108864,8,4,5,2,10,whole-run,fixed,triton-sumcheck-prime-field-montgomery-element-layout-specialized-points,101.662,61.061,0.000,0.000000,0.000,61.061,ok,cuda-sumcheck-prime-field-montgomery-element-layout-specialized-points,20.8205,20.6678,0,0,0,20.6678,ok,true,3709760280057,3709760280057,2.954403,,results/tmp_full_zk_r14_28/zk_complete_add_11_bw32_r26.log
zk_complete_add_11,q_add*x_r - q_add*x_q*x_r*alpha + q_add*x_p*x_r*alpha - q_add*y_q*x_r*delta - q_add*y_p*x_r*delta,prime-field-montgomery,element,specialized,p32_2^32_minus_5,32,1,0xfffffffb,28,268435456,8,4,5,2,10,whole-run,fixed,triton-sumcheck-prime-field-montgomery-element-layout-specialized-points,221.078,183.991,0.000,0.000000,0.000,183.991,ok,cuda-sumcheck-prime-field-montgomery-element-layout-specialized-points,69.8137,69.7054,0,0,0,69.7054,ok,true,3796796820596,3796796820596,2.639552,,results/tmp_full_zk_r14_28/zk_complete_add_11_bw32_r28.log
zk_complete_add_11,q_add*x_r - q_add*x_q*x_r*alpha + q_add*x_p*x_r*alpha - q_add*y_q*x_r*delta - q_add*y_p*x_r*delta,prime-field-montgomery,element,specialized,p64_goldilocks,64,2,0xffffffff00000001,14,16384,8,4,5,2,10,whole-run,fixed,triton-sumcheck-prime-field-montgomery-element-layout-specialized-points,37481.880,8.305,0.000,0.000000,0.000,8.305,ok,cuda-sumcheck-prime-field-montgomery-element-layout-specialized-points,2.25405,1.91302,0,0,0,1.91302,ok,true,5847683850424,5847683850424,4.341303,,results/tmp_full_zk_r14_28/zk_complete_add_11_bw64_r14.log
zk_complete_add_11,q_add*x_r - q_add*x_q*x_r*alpha + q_add*x_p*x_r*alpha - q_add*y_q*x_r*delta - q_add*y_p*x_r*delta,prime-field-montgomery,element,specialized,p64_goldilocks,64,2,0xffffffff00000001,16,65536,8,4,5,2,10,whole-run,fixed,triton-sumcheck-prime-field-montgomery-element-layout-specialized-points,53.092,10.711,0.000,0.000000,0.000,10.711,ok,cuda-sumcheck-prime-field-montgomery-element-layout-specialized-points,2.76157,2.42602,0,0,0,2.42602,ok,true,6671481681605,6671481681605,4.415050,,results/tmp_full_zk_r14_28/zk_complete_add_11_bw64_r16.log
zk_complete_add_11,q_add*x_r - q_add*x_q*x_r*alpha + q_add*x_p*x_r*alpha - q_add*y_q*x_r*delta - q_add*y_p*x_r*delta,prime-field-montgomery,element,specialized,p64_goldilocks,64,2,0xffffffff00000001,18,262144,8,4,5,2,10,whole-run,fixed,triton-sumcheck-prime-field-montgomery-element-layout-specialized-points,56.724,14.241,0.000,0.000000,0.000,14.241,ok,cuda-sumcheck-prime-field-montgomery-element-layout-specialized-points,3.2935,2.93373,0,0,0,2.93373,ok,true,7406646980928,7406646980928,4.854230,,results/tmp_full_zk_r14_28/zk_complete_add_11_bw64_r18.log
zk_complete_add_11,q_add*x_r - q_add*x_q*x_r*alpha + q_add*x_p*x_r*alpha - q_add*y_q*x_r*delta - q_add*y_p*x_r*delta,prime-field-montgomery,element,specialized,p64_goldilocks,64,2,0xffffffff00000001,20,1048576,8,4,5,2,10,whole-run,fixed,triton-sumcheck-prime-field-montgomery-element-layout-specialized-points,59.314,16.977,0.000,0.000000,0.000,16.977,ok,cuda-sumcheck-prime-field-montgomery-element-layout-specialized-points,4.4384,4.20432,0,0,0,4.20432,ok,true,8563451426192,8563451426192,4.037989,,results/tmp_full_zk_r14_28/zk_complete_add_11_bw64_r20.log
zk_complete_add_11,q_add*x_r - q_add*x_q*x_r*alpha + q_add*x_p*x_r*alpha - q_add*y_q*x_r*delta - q_add*y_p*x_r*delta,prime-field-montgomery,element,specialized,p64_goldilocks,64,2,0xffffffff00000001,22,4194304,8,4,5,2,10,whole-run,fixed,triton-sumcheck-prime-field-montgomery-element-layout-specialized-points,63.820,21.189,0.000,0.000000,0.000,21.189,ok,cuda-sumcheck-prime-field-montgomery-element-layout-specialized-points,7.37456,7.10022,0,0,0,7.10022,ok,true,9701232910616,9701232910616,2.984274,,results/tmp_full_zk_r14_28/zk_complete_add_11_bw64_r22.log
zk_complete_add_11,q_add*x_r - q_add*x_q*x_r*alpha + q_add*x_p*x_r*alpha - q_add*y_q*x_r*delta - q_add*y_p*x_r*delta,prime-field-montgomery,element,specialized,p64_goldilocks,64,2,0xffffffff00000001,24,16777216,8,4,5,2,10,whole-run,fixed,triton-sumcheck-prime-field-montgomery-element-layout-specialized-points,75.779,32.851,0.000,0.000000,0.000,32.851,ok,cuda-sumcheck-prime-field-montgomery-element-layout-specialized-points,13.9774,13.702,0,0,0,13.702,ok,true,10163569000663,10163569000663,2.397533,,results/tmp_full_zk_r14_28/zk_complete_add_11_bw64_r24.log
zk_complete_add_11,q_add*x_r - q_add*x_q*x_r*alpha + q_add*x_p*x_r*alpha - q_add*y_q*x_r*delta - q_add*y_p*x_r*delta,prime-field-montgomery,element,specialized,p64_goldilocks,64,2,0xffffffff00000001,26,67108864,8,4,5,2,10,whole-run,fixed,triton-sumcheck-prime-field-montgomery-element-layout-specialized-points,127.985,77.380,0.000,0.000000,0.000,77.380,ok,cuda-sumcheck-prime-field-montgomery-element-layout-specialized-points,41.7631,41.6403,0,0,0,41.6403,ok,true,10857144132354,10857144132354,1.858296,,results/tmp_full_zk_r14_28/zk_complete_add_11_bw64_r26.log
zk_complete_add_11,q_add*x_r - q_add*x_q*x_r*alpha + q_add*x_p*x_r*alpha - q_add*y_q*x_r*delta - q_add*y_p*x_r*delta,prime-field-montgomery,element,specialized,p64_goldilocks,64,2,0xffffffff00000001,28,268435456,8,4,5,2,10,whole-run,fixed,triton-sumcheck-prime-field-montgomery-element-layout-specialized-points,292.899,252.354,0.000,0.000000,0.000,252.354,ok,cuda-sumcheck-prime-field-montgomery-element-layout-specialized-points,155.023,152.682,0,0,0,152.682,ok,true,11918194328092,11918194328092,1.652808,,results/tmp_full_zk_r14_28/zk_complete_add_11_bw64_r28.log
zk_complete_add_11,q_add*x_r - q_add*x_q*x_r*alpha + q_add*x_p*x_r*alpha - q_add*y_q*x_r*delta - q_add*y_p*x_r*delta,prime-field-montgomery,element,specialized,p128_mersenne_2^127_minus_1,128,4,0x7fffffffffffffffffffffffffffffff,14,16384,8,4,5,2,10,whole-run,fixed,triton-sumcheck-prime-field-montgomery-element-layout-specialized-points,409520.690,8.378,0.000,0.000000,0.000,8.378,ok,cuda-sumcheck-prime-field-montgomery-element-layout-specialized-points,3.06874,2.51549,0,0,0,2.51549,ok,true,14953352120226,14953352120226,3.330564,,results/tmp_full_zk_r14_28/zk_complete_add_11_bw128_r14.log
zk_complete_add_11,q_add*x_r - q_add*x_q*x_r*alpha + q_add*x_p*x_r*alpha - q_add*y_q*x_r*delta - q_add*y_p*x_r*delta,prime-field-montgomery,element,specialized,p128_mersenne_2^127_minus_1,128,4,0x7fffffffffffffffffffffffffffffff,16,65536,8,4,5,2,10,whole-run,fixed,triton-sumcheck-prime-field-montgomery-element-layout-specialized-points,61.342,10.753,0.000,0.000000,0.000,10.753,ok,cuda-sumcheck-prime-field-montgomery-element-layout-specialized-points,3.66419,3.13866,0,0,0,3.13866,ok,true,18019726162685,18019726162685,3.425984,,results/tmp_full_zk_r14_28/zk_complete_add_11_bw128_r16.log
zk_complete_add_11,q_add*x_r - q_add*x_q*x_r*alpha + q_add*x_p*x_r*alpha - q_add*y_q*x_r*delta - q_add*y_p*x_r*delta,prime-field-montgomery,element,specialized,p128_mersenne_2^127_minus_1,128,4,0x7fffffffffffffffffffffffffffffff,18,262144,8,4,5,2,10,whole-run,fixed,triton-sumcheck-prime-field-montgomery-element-layout-specialized-points,63.394,13.718,0.000,0.000000,0.000,13.718,ok,cuda-sumcheck-prime-field-montgomery-element-layout-specialized-points,4.27344,3.72739,0,0,0,3.72739,ok,true,19188741394316,19188741394316,3.680323,,results/tmp_full_zk_r14_28/zk_complete_add_11_bw128_r18.log
zk_complete_add_11,q_add*x_r - q_add*x_q*x_r*alpha + q_add*x_p*x_r*alpha - q_add*y_q*x_r*delta - q_add*y_p*x_r*delta,prime-field-montgomery,element,specialized,p128_mersenne_2^127_minus_1,128,4,0x7fffffffffffffffffffffffffffffff,20,1048576,8,4,5,2,10,whole-run,fixed,triton-sumcheck-prime-field-montgomery-element-layout-specialized-points,66.862,17.214,0.000,0.000000,0.000,17.214,ok,cuda-sumcheck-prime-field-montgomery-element-layout-specialized-points,5.98634,5.50883,0,0,0,5.50883,ok,true,22959872013910,22959872013910,3.124801,,results/tmp_full_zk_r14_28/zk_complete_add_11_bw128_r20.log
zk_complete_add_11,q_add*x_r - q_add*x_q*x_r*alpha + q_add*x_p*x_r*alpha - q_add*y_q*x_r*delta - q_add*y_p*x_r*delta,prime-field-montgomery,element,specialized,p128_mersenne_2^127_minus_1,128,4,0x7fffffffffffffffffffffffffffffff,22,4194304,8,4,5,2,10,whole-run,fixed,triton-sumcheck-prime-field-montgomery-element-layout-specialized-points,74.954,26.249,0.000,0.000000,0.000,26.249,ok,cuda-sumcheck-prime-field-montgomery-element-layout-specialized-points,11.1225,10.5956,0,0,0,10.5956,ok,true,24966081889398,24966081889398,2.477349,,results/tmp_full_zk_r14_28/zk_complete_add_11_bw128_r22.log
zk_complete_add_11,q_add*x_r - q_add*x_q*x_r*alpha + q_add*x_p*x_r*alpha - q_add*y_q*x_r*delta - q_add*y_p*x_r*delta,prime-field-montgomery,element,specialized,p128_mersenne_2^127_minus_1,128,4,0x7fffffffffffffffffffffffffffffff,24,16777216,8,4,5,2,10,whole-run,fixed,triton-sumcheck-prime-field-montgomery-element-layout-specialized-points,102.625,52.158,0.000,0.000000,0.000,52.158,ok,cuda-sumcheck-prime-field-montgomery-element-layout-specialized-points,29.1376,28.5929,0,0,0,28.5929,ok,true,27195504089156,27195504089156,1.824159,,results/tmp_full_zk_r14_28/zk_complete_add_11_bw128_r24.log
zk_complete_add_11,q_add*x_r - q_add*x_q*x_r*alpha + q_add*x_p*x_r*alpha - q_add*y_q*x_r*delta - q_add*y_p*x_r*delta,prime-field-montgomery,element,specialized,p128_mersenne_2^127_minus_1,128,4,0x7fffffffffffffffffffffffffffffff,26,67108864,8,4,5,2,10,whole-run,fixed,triton-sumcheck-prime-field-montgomery-element-layout-specialized-points,223.447,157.729,0.000,0.000000,0.000,157.729,ok,cuda-sumcheck-prime-field-montgomery-element-layout-specialized-points,99.5845,99.189,0,0,0,99.189,ok,true,29078779172183,29078779172183,1.590186,,results/tmp_full_zk_r14_28/zk_complete_add_11_bw128_r26.log
zk_complete_add_11,q_add*x_r - q_add*x_q*x_r*alpha + q_add*x_p*x_r*alpha - q_add*y_q*x_r*delta - q_add*y_p*x_r*delta,prime-field-montgomery,element,specialized,,128,,,28,268435456,8,4,5,2,10,whole-run,fixed,,,,,,,,skipped,,,,,,,,skipped,skipped,,,,returncode=1,results/tmp_full_zk_r14_28/zk_complete_add_11_bw128_r28.log
zk_complete_add_11,q_add*x_r - q_add*x_q*x_r*alpha + q_add*x_p*x_r*alpha - q_add*y_q*x_r*delta - q_add*y_p*x_r*delta,prime-field-montgomery,element,specialized,p255_bls12_381_scalar,256,8,0x73eda753299d7d483339d80809a1d80553bda402fffe5bfeffffffff00000001,14,16384,8,4,5,2,10,whole-run,fixed,triton-sumcheck-prime-field-montgomery-element-layout-specialized-points,6530461.128,9.540,0.000,0.000000,0.000,9.540,ok,cuda-sumcheck-prime-field-montgomery-element-layout-specialized-points,5.56621,4.28058,0,0,0,4.28058,ok,true,62956770791525,62956770791525,2.228670,,results/tmp_full_zk_r14_28/zk_complete_add_11_bw256_r14.log
zk_complete_add_11,q_add*x_r - q_add*x_q*x_r*alpha + q_add*x_p*x_r*alpha - q_add*y_q*x_r*delta - q_add*y_p*x_r*delta,prime-field-montgomery,element,specialized,p255_bls12_381_scalar,256,8,0x73eda753299d7d483339d80809a1d80553bda402fffe5bfeffffffff00000001,16,65536,8,4,5,2,10,whole-run,fixed,triton-sumcheck-prime-field-montgomery-element-layout-specialized-points,86.423,11.876,0.000,0.000000,0.000,11.876,ok,cuda-sumcheck-prime-field-montgomery-element-layout-specialized-points,6.50806,5.23869,0,0,0,5.23869,ok,true,70762978740454,70762978740454,2.266979,,results/tmp_full_zk_r14_28/zk_complete_add_11_bw256_r16.log
zk_complete_add_11,q_add*x_r - q_add*x_q*x_r*alpha + q_add*x_p*x_r*alpha - q_add*y_q*x_r*delta - q_add*y_p*x_r*delta,prime-field-montgomery,element,specialized,p255_bls12_381_scalar,256,8,0x73eda753299d7d483339d80809a1d80553bda402fffe5bfeffffffff00000001,18,262144,8,4,5,2,10,whole-run,fixed,triton-sumcheck-prime-field-montgomery-element-layout-specialized-points,88.552,15.096,0.000,0.000000,0.000,15.096,ok,cuda-sumcheck-prime-field-montgomery-element-layout-specialized-points,8.82806,7.67846,0,0,0,7.67846,ok,true,77049406967767,77049406967767,1.966019,,results/tmp_full_zk_r14_28/zk_complete_add_11_bw256_r18.log
zk_complete_add_11,q_add*x_r - q_add*x_q*x_r*alpha + q_add*x_p*x_r*alpha - q_add*y_q*x_r*delta - q_add*y_p*x_r*delta,prime-field-montgomery,element,specialized,p255_bls12_381_scalar,256,8,0x73eda753299d7d483339d80809a1d80553bda402fffe5bfeffffffff00000001,20,1048576,8,4,5,2,10,whole-run,fixed,triton-sumcheck-prime-field-montgomery-element-layout-specialized-points,95.881,22.593,0.000,0.000000,0.000,22.593,ok,cuda-sumcheck-prime-field-montgomery-element-layout-specialized-points,15.1372,13.9439,0,0,0,13.9439,ok,true,86279251806969,86279251806969,1.620278,,results/tmp_full_zk_r14_28/zk_complete_add_11_bw256_r20.log
zk_complete_add_11,q_add*x_r - q_add*x_q*x_r*alpha + q_add*x_p*x_r*alpha - q_add*y_q*x_r*delta - q_add*y_p*x_r*delta,prime-field-montgomery,element,specialized,p255_bls12_381_scalar,256,8,0x73eda753299d7d483339d80809a1d80553bda402fffe5bfeffffffff00000001,22,4194304,8,4,5,2,10,whole-run,fixed,triton-sumcheck-prime-field-montgomery-element-layout-specialized-points,127.650,49.050,0.000,0.000000,0.000,49.050,ok,cuda-sumcheck-prime-field-montgomery-element-layout-specialized-points,37.1524,36.1205,0,0,0,36.1205,ok,true,95160275634970,95160275634970,1.357955,,results/tmp_full_zk_r14_28/zk_complete_add_11_bw256_r22.log
zk_complete_add_11,q_add*x_r - q_add*x_q*x_r*alpha + q_add*x_p*x_r*alpha - q_add*y_q*x_r*delta - q_add*y_p*x_r*delta,prime-field-montgomery,element,specialized,p255_bls12_381_scalar,256,8,0x73eda753299d7d483339d80809a1d80553bda402fffe5bfeffffffff00000001,24,16777216,8,4,5,2,10,whole-run,fixed,triton-sumcheck-prime-field-montgomery-element-layout-specialized-points,240.272,149.760,0.000,0.000000,0.000,149.760,ok,cuda-sumcheck-prime-field-montgomery-element-layout-specialized-points,123.479,121.877,0,0,0,121.877,ok,true,104209935896092,104209935896092,1.228780,,results/tmp_full_zk_r14_28/zk_complete_add_11_bw256_r24.log
zk_complete_add_11,q_add*x_r - q_add*x_q*x_r*alpha + q_add*x_p*x_r*alpha - q_add*y_q*x_r*delta - q_add*y_p*x_r*delta,prime-field-montgomery,element,specialized,p255_bls12_381_scalar,256,8,0x73eda753299d7d483339d80809a1d80553bda402fffe5bfeffffffff00000001,26,67108864,8,4,5,2,10,whole-run,fixed,triton-sumcheck-prime-field-montgomery-element-layout-specialized-points,630.762,544.360,0.000,0.000000,0.000,544.360,ok,cuda-sumcheck-prime-field-montgomery-element-layout-specialized-points,458.383,458.183,0,0,0,458.183,ok,true,118405546766377,118405546766377,1.188084,,results/tmp_full_zk_r14_28/zk_complete_add_11_bw256_r26.log
zk_complete_add_11,q_add*x_r - q_add*x_q*x_r*alpha + q_add*x_p*x_r*alpha - q_add*y_q*x_r*delta - q_add*y_p*x_r*delta,prime-field-montgomery,element,specialized,,256,,,28,268435456,8,4,5,2,10,whole-run,fixed,,,,,,,,skipped,,,,,,,,skipped,skipped,,,,returncode=1,results/tmp_full_zk_r14_28/zk_complete_add_11_bw256_r28.log
zk_complete_add_12,q_add*y_r - q_add*x_q*y_r*alpha + q_add*x_p*y_r*alpha - q_add*y_q*y_r*delta - q_add*y_p*y_r*delta,prime-field-montgomery,element,specialized,p32_2^32_minus_5,32,1,0xfffffffb,14,16384,8,4,5,2,10,whole-run,fixed,triton-sumcheck-prime-field-montgomery-element-layout-specialized-points,6495.247,8.332,0.000,0.000000,0.000,8.332,ok,cuda-sumcheck-prime-field-montgomery-element-layout-specialized-points,2.11114,1.92208,0,0,0,1.92208,ok,true,2282866075022,2282866075022,4.334887,,results/tmp_full_zk_r14_28/zk_complete_add_12_bw32_r14.log
zk_complete_add_12,q_add*y_r - q_add*x_q*y_r*alpha + q_add*x_p*y_r*alpha - q_add*y_q*y_r*delta - q_add*y_p*y_r*delta,prime-field-montgomery,element,specialized,p32_2^32_minus_5,32,1,0xfffffffb,16,65536,8,4,5,2,10,whole-run,fixed,triton-sumcheck-prime-field-montgomery-element-layout-specialized-points,50.670,10.598,0.000,0.000000,0.000,10.598,ok,cuda-sumcheck-prime-field-montgomery-element-layout-specialized-points,2.46045,2.30867,0,0,0,2.30867,ok,true,2359158299771,2359158299771,4.590522,,results/tmp_full_zk_r14_28/zk_complete_add_12_bw32_r16.log
zk_complete_add_12,q_add*y_r - q_add*x_q*y_r*alpha + q_add*x_p*y_r*alpha - q_add*y_q*y_r*delta - q_add*y_p*y_r*delta,prime-field-montgomery,element,specialized,p32_2^32_minus_5,32,1,0xfffffffb,18,262144,8,4,5,2,10,whole-run,fixed,triton-sumcheck-prime-field-montgomery-element-layout-specialized-points,53.759,13.579,0.000,0.000000,0.000,13.579,ok,cuda-sumcheck-prime-field-montgomery-element-layout-specialized-points,3.02646,2.83507,0,0,0,2.83507,ok,true,2485816987446,2485816987446,4.789652,,results/tmp_full_zk_r14_28/zk_complete_add_12_bw32_r18.log
zk_complete_add_12,q_add*y_r - q_add*x_q*y_r*alpha + q_add*x_p*y_r*alpha - q_add*y_q*y_r*delta - q_add*y_p*y_r*delta,prime-field-montgomery,element,specialized,p32_2^32_minus_5,32,1,0xfffffffb,20,1048576,8,4,5,2,10,whole-run,fixed,triton-sumcheck-prime-field-montgomery-element-layout-specialized-points,57.838,17.001,0.000,0.000000,0.000,17.001,ok,cuda-sumcheck-prime-field-montgomery-element-layout-specialized-points,4.52432,4.34592,0,0,0,4.34592,ok,true,2698065176560,2698065176560,3.911945,,results/tmp_full_zk_r14_28/zk_complete_add_12_bw32_r20.log
zk_complete_add_12,q_add*y_r - q_add*x_q*y_r*alpha + q_add*x_p*y_r*alpha - q_add*y_q*y_r*delta - q_add*y_p*y_r*delta,prime-field-montgomery,element,specialized,p32_2^32_minus_5,32,1,0xfffffffb,22,4194304,8,4,5,2,10,whole-run,fixed,triton-sumcheck-prime-field-montgomery-element-layout-specialized-points,60.711,20.670,0.000,0.000000,0.000,20.670,ok,cuda-sumcheck-prime-field-montgomery-element-layout-specialized-points,4.96368,4.83891,0,0,0,4.83891,ok,true,3131899343976,3131899343976,4.271623,,results/tmp_full_zk_r14_28/zk_complete_add_12_bw32_r22.log
zk_complete_add_12,q_add*y_r - q_add*x_q*y_r*alpha + q_add*x_p*y_r*alpha - q_add*y_q*y_r*delta - q_add*y_p*y_r*delta,prime-field-montgomery,element,specialized,p32_2^32_minus_5,32,1,0xfffffffb,24,16777216,8,4,5,2,10,whole-run,fixed,triton-sumcheck-prime-field-montgomery-element-layout-specialized-points,70.173,30.435,0.000,0.000000,0.000,30.435,ok,cuda-sumcheck-prime-field-montgomery-element-layout-specialized-points,8.73568,8.50144,0,0,0,8.50144,ok,true,3499519030657,3499519030657,3.579982,,results/tmp_full_zk_r14_28/zk_complete_add_12_bw32_r24.log
zk_complete_add_12,q_add*y_r - q_add*x_q*y_r*alpha + q_add*x_p*y_r*alpha - q_add*y_q*y_r*delta - q_add*y_p*y_r*delta,prime-field-montgomery,element,specialized,p32_2^32_minus_5,32,1,0xfffffffb,26,67108864,8,4,5,2,10,whole-run,fixed,triton-sumcheck-prime-field-montgomery-element-layout-specialized-points,102.809,61.510,0.000,0.000000,0.000,61.510,ok,cuda-sumcheck-prime-field-montgomery-element-layout-specialized-points,20.8361,20.7093,0,0,0,20.7093,ok,true,3709760280057,3709760280057,2.970163,,results/tmp_full_zk_r14_28/zk_complete_add_12_bw32_r26.log
zk_complete_add_12,q_add*y_r - q_add*x_q*y_r*alpha + q_add*x_p*y_r*alpha - q_add*y_q*y_r*delta - q_add*y_p*y_r*delta,prime-field-montgomery,element,specialized,p32_2^32_minus_5,32,1,0xfffffffb,28,268435456,8,4,5,2,10,whole-run,fixed,triton-sumcheck-prime-field-montgomery-element-layout-specialized-points,234.703,184.094,0.000,0.000000,0.000,184.094,ok,cuda-sumcheck-prime-field-montgomery-element-layout-specialized-points,69.9069,69.8062,0,0,0,69.8062,ok,true,3796796820596,3796796820596,2.637216,,results/tmp_full_zk_r14_28/zk_complete_add_12_bw32_r28.log
zk_complete_add_12,q_add*y_r - q_add*x_q*y_r*alpha + q_add*x_p*y_r*alpha - q_add*y_q*y_r*delta - q_add*y_p*y_r*delta,prime-field-montgomery,element,specialized,p64_goldilocks,64,2,0xffffffff00000001,14,16384,8,4,5,2,10,whole-run,fixed,triton-sumcheck-prime-field-montgomery-element-layout-specialized-points,37345.858,8.437,0.000,0.000000,0.000,8.437,ok,cuda-sumcheck-prime-field-montgomery-element-layout-specialized-points,2.29664,1.96589,0,0,0,1.96589,ok,true,5847683850424,5847683850424,4.291695,,results/tmp_full_zk_r14_28/zk_complete_add_12_bw64_r14.log
zk_complete_add_12,q_add*y_r - q_add*x_q*y_r*alpha + q_add*x_p*y_r*alpha - q_add*y_q*y_r*delta - q_add*y_p*y_r*delta,prime-field-montgomery,element,specialized,p64_goldilocks,64,2,0xffffffff00000001,16,65536,8,4,5,2,10,whole-run,fixed,triton-sumcheck-prime-field-montgomery-element-layout-specialized-points,53.683,10.852,0.000,0.000000,0.000,10.852,ok,cuda-sumcheck-prime-field-montgomery-element-layout-specialized-points,2.7161,2.3711,0,0,0,2.3711,ok,true,6671481681605,6671481681605,4.576779,,results/tmp_full_zk_r14_28/zk_complete_add_12_bw64_r16.log
zk_complete_add_12,q_add*y_r - q_add*x_q*y_r*alpha + q_add*x_p*y_r*alpha - q_add*y_q*y_r*delta - q_add*y_p*y_r*delta,prime-field-montgomery,element,specialized,p64_goldilocks,64,2,0xffffffff00000001,18,262144,8,4,5,2,10,whole-run,fixed,triton-sumcheck-prime-field-montgomery-element-layout-specialized-points,56.287,13.665,0.000,0.000000,0.000,13.665,ok,cuda-sumcheck-prime-field-montgomery-element-layout-specialized-points,3.30586,2.98035,0,0,0,2.98035,ok,true,7406646980928,7406646980928,4.585032,,results/tmp_full_zk_r14_28/zk_complete_add_12_bw64_r18.log
zk_complete_add_12,q_add*y_r - q_add*x_q*y_r*alpha + q_add*x_p*y_r*alpha - q_add*y_q*y_r*delta - q_add*y_p*y_r*delta,prime-field-montgomery,element,specialized,p64_goldilocks,64,2,0xffffffff00000001,20,1048576,8,4,5,2,10,whole-run,fixed,triton-sumcheck-prime-field-montgomery-element-layout-specialized-points,59.329,16.989,0.000,0.000000,0.000,16.989,ok,cuda-sumcheck-prime-field-montgomery-element-layout-specialized-points,4.5328,3.94253,0,0,0,3.94253,ok,true,8563451426192,8563451426192,4.309162,,results/tmp_full_zk_r14_28/zk_complete_add_12_bw64_r20.log
zk_complete_add_12,q_add*y_r - q_add*x_q*y_r*alpha + q_add*x_p*y_r*alpha - q_add*y_q*y_r*delta - q_add*y_p*y_r*delta,prime-field-montgomery,element,specialized,p64_goldilocks,64,2,0xffffffff00000001,22,4194304,8,4,5,2,10,whole-run,fixed,triton-sumcheck-prime-field-montgomery-element-layout-specialized-points,63.915,21.656,0.000,0.000000,0.000,21.656,ok,cuda-sumcheck-prime-field-montgomery-element-layout-specialized-points,6.59907,6.33571,0,0,0,6.33571,ok,true,9701232910616,9701232910616,3.418086,,results/tmp_full_zk_r14_28/zk_complete_add_12_bw64_r22.log
zk_complete_add_12,q_add*y_r - q_add*x_q*y_r*alpha + q_add*x_p*y_r*alpha - q_add*y_q*y_r*delta - q_add*y_p*y_r*delta,prime-field-montgomery,element,specialized,p64_goldilocks,64,2,0xffffffff00000001,24,16777216,8,4,5,2,10,whole-run,fixed,triton-sumcheck-prime-field-montgomery-element-layout-specialized-points,81.182,35.837,0.000,0.000000,0.000,35.837,ok,cuda-sumcheck-prime-field-montgomery-element-layout-specialized-points,14.0052,13.6926,0,0,0,13.6926,ok,true,10163569000663,10163569000663,2.617253,,results/tmp_full_zk_r14_28/zk_complete_add_12_bw64_r24.log
zk_complete_add_12,q_add*y_r - q_add*x_q*y_r*alpha + q_add*x_p*y_r*alpha - q_add*y_q*y_r*delta - q_add*y_p*y_r*delta,prime-field-montgomery,element,specialized,p64_goldilocks,64,2,0xffffffff00000001,26,67108864,8,4,5,2,10,whole-run,fixed,triton-sumcheck-prime-field-montgomery-element-layout-specialized-points,130.076,77.610,0.000,0.000000,0.000,77.610,ok,cuda-sumcheck-prime-field-montgomery-element-layout-specialized-points,41.7151,41.6222,0,0,0,41.6222,ok,true,10857144132354,10857144132354,1.864630,,results/tmp_full_zk_r14_28/zk_complete_add_12_bw64_r26.log
zk_complete_add_12,q_add*y_r - q_add*x_q*y_r*alpha + q_add*x_p*y_r*alpha - q_add*y_q*y_r*delta - q_add*y_p*y_r*delta,prime-field-montgomery,element,specialized,p64_goldilocks,64,2,0xffffffff00000001,28,268435456,8,4,5,2,10,whole-run,fixed,triton-sumcheck-prime-field-montgomery-element-layout-specialized-points,292.226,252.248,0.000,0.000000,0.000,252.248,ok,cuda-sumcheck-prime-field-montgomery-element-layout-specialized-points,155.289,152.835,0,0,0,152.835,ok,true,11918194328092,11918194328092,1.650460,,results/tmp_full_zk_r14_28/zk_complete_add_12_bw64_r28.log
zk_complete_add_12,q_add*y_r - q_add*x_q*y_r*alpha + q_add*x_p*y_r*alpha - q_add*y_q*y_r*delta - q_add*y_p*y_r*delta,prime-field-montgomery,element,specialized,p128_mersenne_2^127_minus_1,128,4,0x7fffffffffffffffffffffffffffffff,14,16384,8,4,5,2,10,whole-run,fixed,triton-sumcheck-prime-field-montgomery-element-layout-specialized-points,409531.725,8.422,0.000,0.000000,0.000,8.422,ok,cuda-sumcheck-prime-field-montgomery-element-layout-specialized-points,2.92595,2.31101,0,0,0,2.31101,ok,true,14953352120226,14953352120226,3.644294,,results/tmp_full_zk_r14_28/zk_complete_add_12_bw128_r14.log
zk_complete_add_12,q_add*y_r - q_add*x_q*y_r*alpha + q_add*x_p*y_r*alpha - q_add*y_q*y_r*delta - q_add*y_p*y_r*delta,prime-field-montgomery,element,specialized,p128_mersenne_2^127_minus_1,128,4,0x7fffffffffffffffffffffffffffffff,16,65536,8,4,5,2,10,whole-run,fixed,triton-sumcheck-prime-field-montgomery-element-layout-specialized-points,60.558,10.781,0.000,0.000000,0.000,10.781,ok,cuda-sumcheck-prime-field-montgomery-element-layout-specialized-points,3.46266,2.89018,0,0,0,2.89018,ok,true,18019726162685,18019726162685,3.730217,,results/tmp_full_zk_r14_28/zk_complete_add_12_bw128_r16.log
zk_complete_add_12,q_add*y_r - q_add*x_q*y_r*alpha + q_add*x_p*y_r*alpha - q_add*y_q*y_r*delta - q_add*y_p*y_r*delta,prime-field-montgomery,element,specialized,p128_mersenne_2^127_minus_1,128,4,0x7fffffffffffffffffffffffffffffff,18,262144,8,4,5,2,10,whole-run,fixed,triton-sumcheck-prime-field-montgomery-element-layout-specialized-points,63.159,13.563,0.000,0.000000,0.000,13.563,ok,cuda-sumcheck-prime-field-montgomery-element-layout-specialized-points,4.51194,3.96483,0,0,0,3.96483,ok,true,19188741394316,19188741394316,3.420828,,results/tmp_full_zk_r14_28/zk_complete_add_12_bw128_r18.log
zk_complete_add_12,q_add*y_r - q_add*x_q*y_r*alpha + q_add*x_p*y_r*alpha - q_add*y_q*y_r*delta - q_add*y_p*y_r*delta,prime-field-montgomery,element,specialized,p128_mersenne_2^127_minus_1,128,4,0x7fffffffffffffffffffffffffffffff,20,1048576,8,4,5,2,10,whole-run,fixed,triton-sumcheck-prime-field-montgomery-element-layout-specialized-points,67.133,17.378,0.000,0.000000,0.000,17.378,ok,cuda-sumcheck-prime-field-montgomery-element-layout-specialized-points,5.97898,5.45654,0,0,0,5.45654,ok,true,22959872013910,22959872013910,3.184802,,results/tmp_full_zk_r14_28/zk_complete_add_12_bw128_r20.log
zk_complete_add_12,q_add*y_r - q_add*x_q*y_r*alpha + q_add*x_p*y_r*alpha - q_add*y_q*y_r*delta - q_add*y_p*y_r*delta,prime-field-montgomery,element,specialized,p128_mersenne_2^127_minus_1,128,4,0x7fffffffffffffffffffffffffffffff,22,4194304,8,4,5,2,10,whole-run,fixed,triton-sumcheck-prime-field-montgomery-element-layout-specialized-points,77.693,25.258,0.000,0.000000,0.000,25.258,ok,cuda-sumcheck-prime-field-montgomery-element-layout-specialized-points,11.1087,10.5755,0,0,0,10.5755,ok,true,24966081889398,24966081889398,2.388350,,results/tmp_full_zk_r14_28/zk_complete_add_12_bw128_r22.log
zk_complete_add_12,q_add*y_r - q_add*x_q*y_r*alpha + q_add*x_p*y_r*alpha - q_add*y_q*y_r*delta - q_add*y_p*y_r*delta,prime-field-montgomery,element,specialized,p128_mersenne_2^127_minus_1,128,4,0x7fffffffffffffffffffffffffffffff,24,16777216,8,4,5,2,10,whole-run,fixed,triton-sumcheck-prime-field-montgomery-element-layout-specialized-points,104.921,51.712,0.000,0.000000,0.000,51.712,ok,cuda-sumcheck-prime-field-montgomery-element-layout-specialized-points,28.9908,28.4898,0,0,0,28.4898,ok,true,27195504089156,27195504089156,1.815106,,results/tmp_full_zk_r14_28/zk_complete_add_12_bw128_r24.log
zk_complete_add_12,q_add*y_r - q_add*x_q*y_r*alpha + q_add*x_p*y_r*alpha - q_add*y_q*y_r*delta - q_add*y_p*y_r*delta,prime-field-montgomery,element,specialized,p128_mersenne_2^127_minus_1,128,4,0x7fffffffffffffffffffffffffffffff,26,67108864,8,4,5,2,10,whole-run,fixed,triton-sumcheck-prime-field-montgomery-element-layout-specialized-points,226.336,157.386,0.000,0.000000,0.000,157.386,ok,cuda-sumcheck-prime-field-montgomery-element-layout-specialized-points,99.3642,98.8613,0,0,0,98.8613,ok,true,29078779172183,29078779172183,1.591988,,results/tmp_full_zk_r14_28/zk_complete_add_12_bw128_r26.log
zk_complete_add_12,q_add*y_r - q_add*x_q*y_r*alpha + q_add*x_p*y_r*alpha - q_add*y_q*y_r*delta - q_add*y_p*y_r*delta,prime-field-montgomery,element,specialized,,128,,,28,268435456,8,4,5,2,10,whole-run,fixed,,,,,,,,skipped,,,,,,,,skipped,skipped,,,,returncode=1,results/tmp_full_zk_r14_28/zk_complete_add_12_bw128_r28.log
zk_complete_add_12,q_add*y_r - q_add*x_q*y_r*alpha + q_add*x_p*y_r*alpha - q_add*y_q*y_r*delta - q_add*y_p*y_r*delta,prime-field-montgomery,element,specialized,,256,,,14,16384,8,4,5,2,10,whole-run,fixed,,,,,,,,skipped,,,,,,,,skipped,skipped,,,,returncode=1,results/tmp_full_zk_r14_28/zk_complete_add_12_bw256_r14.log
zk_complete_add_12,q_add*y_r - q_add*x_q*y_r*alpha + q_add*x_p*y_r*alpha - q_add*y_q*y_r*delta - q_add*y_p*y_r*delta,prime-field-montgomery,element,specialized,p255_bls12_381_scalar,256,8,0x73eda753299d7d483339d80809a1d80553bda402fffe5bfeffffffff00000001,16,65536,8,4,5,2,10,whole-run,fixed,triton-sumcheck-prime-field-montgomery-element-layout-specialized-points,3600342.997,12.075,0.000,0.000000,0.000,12.075,ok,cuda-sumcheck-prime-field-montgomery-element-layout-specialized-points,6.49702,5.24384,0,0,0,5.24384,ok,true,70762978740454,70762978740454,2.302702,,results/tmp_full_zk_r14_28/zk_complete_add_12_bw256_r16.log
zk_complete_add_12,q_add*y_r - q_add*x_q*y_r*alpha + q_add*x_p*y_r*alpha - q_add*y_q*y_r*delta - q_add*y_p*y_r*delta,prime-field-montgomery,element,specialized,p255_bls12_381_scalar,256,8,0x73eda753299d7d483339d80809a1d80553bda402fffe5bfeffffffff00000001,18,262144,8,4,5,2,10,whole-run,fixed,triton-sumcheck-prime-field-montgomery-element-layout-specialized-points,89.670,15.384,0.000,0.000000,0.000,15.384,ok,cuda-sumcheck-prime-field-montgomery-element-layout-specialized-points,8.87139,7.67901,0,0,0,7.67901,ok,true,77049406967767,77049406967767,2.003383,,results/tmp_full_zk_r14_28/zk_complete_add_12_bw256_r18.log
zk_complete_add_12,q_add*y_r - q_add*x_q*y_r*alpha + q_add*x_p*y_r*alpha - q_add*y_q*y_r*delta - q_add*y_p*y_r*delta,prime-field-montgomery,element,specialized,p255_bls12_381_scalar,256,8,0x73eda753299d7d483339d80809a1d80553bda402fffe5bfeffffffff00000001,20,1048576,8,4,5,2,10,whole-run,fixed,triton-sumcheck-prime-field-montgomery-element-layout-specialized-points,97.239,24.645,0.000,0.000000,0.000,24.645,ok,cuda-sumcheck-prime-field-montgomery-element-layout-specialized-points,15.2086,13.9135,0,0,0,13.9135,ok,true,86279251806969,86279251806969,1.771301,,results/tmp_full_zk_r14_28/zk_complete_add_12_bw256_r20.log
zk_complete_add_12,q_add*y_r - q_add*x_q*y_r*alpha + q_add*x_p*y_r*alpha - q_add*y_q*y_r*delta - q_add*y_p*y_r*delta,prime-field-montgomery,element,specialized,p255_bls12_381_scalar,256,8,0x73eda753299d7d483339d80809a1d80553bda402fffe5bfeffffffff00000001,22,4194304,8,4,5,2,10,whole-run,fixed,triton-sumcheck-prime-field-montgomery-element-layout-specialized-points,120.950,49.315,0.000,0.000000,0.000,49.315,ok,cuda-sumcheck-prime-field-montgomery-element-layout-specialized-points,37.2484,36.1151,0,0,0,36.1151,ok,true,95160275634970,95160275634970,1.365495,,results/tmp_full_zk_r14_28/zk_complete_add_12_bw256_r22.log
zk_complete_add_12,q_add*y_r - q_add*x_q*y_r*alpha + q_add*x_p*y_r*alpha - q_add*y_q*y_r*delta - q_add*y_p*y_r*delta,prime-field-montgomery,element,specialized,p255_bls12_381_scalar,256,8,0x73eda753299d7d483339d80809a1d80553bda402fffe5bfeffffffff00000001,24,16777216,8,4,5,2,10,whole-run,fixed,triton-sumcheck-prime-field-montgomery-element-layout-specialized-points,233.293,149.246,0.000,0.000000,0.000,149.246,ok,cuda-sumcheck-prime-field-montgomery-element-layout-specialized-points,123.268,122.752,0,0,0,122.752,ok,true,104209935896092,104209935896092,1.215834,,results/tmp_full_zk_r14_28/zk_complete_add_12_bw256_r24.log
zk_complete_add_12,q_add*y_r - q_add*x_q*y_r*alpha + q_add*x_p*y_r*alpha - q_add*y_q*y_r*delta - q_add*y_p*y_r*delta,prime-field-montgomery,element,specialized,p255_bls12_381_scalar,256,8,0x73eda753299d7d483339d80809a1d80553bda402fffe5bfeffffffff00000001,26,67108864,8,4,5,2,10,whole-run,fixed,triton-sumcheck-prime-field-montgomery-element-layout-specialized-points,651.759,545.164,0.000,0.000000,0.000,545.164,ok,cuda-sumcheck-prime-field-montgomery-element-layout-specialized-points,460.561,458.805,0,0,0,458.805,ok,true,118405546766377,118405546766377,1.188226,,results/tmp_full_zk_r14_28/zk_complete_add_12_bw256_r26.log
zk_complete_add_12,q_add*y_r - q_add*x_q*y_r*alpha + q_add*x_p*y_r*alpha - q_add*y_q*y_r*delta - q_add*y_p*y_r*delta,prime-field-montgomery,element,specialized,,256,,,28,268435456,8,4,5,2,10,whole-run,fixed,,,,,,,,skipped,,,,,,,,skipped,skipped,,,,returncode=1,results/tmp_full_zk_r14_28/zk_complete_add_12_bw256_r28.log
zk_vanilla_zerocheck_hp,qL*w1*fz1 + qR*w2*fz1 + qM*w1*w2*fz1 - qO*w3*fz1 + qC*fz1,prime-field-montgomery,element,specialized,p32_2^32_minus_5,32,1,0xfffffffb,14,16384,9,4,5,2,10,whole-run,fixed,triton-sumcheck-prime-field-montgomery-element-layout-specialized-points,6710.883,8.196,0.000,0.000000,0.000,8.196,ok,cuda-sumcheck-prime-field-montgomery-element-layout-specialized-points,2.09341,1.9097,0,0,0,1.9097,ok,true,1950570306620,1950570306620,4.291774,,results/tmp_full_zk_r14_28/zk_vanilla_zerocheck_hp_bw32_r14.log
zk_vanilla_zerocheck_hp,qL*w1*fz1 + qR*w2*fz1 + qM*w1*w2*fz1 - qO*w3*fz1 + qC*fz1,prime-field-montgomery,element,specialized,p32_2^32_minus_5,32,1,0xfffffffb,16,65536,9,4,5,2,10,whole-run,fixed,triton-sumcheck-prime-field-montgomery-element-layout-specialized-points,50.369,10.533,0.000,0.000000,0.000,10.533,ok,cuda-sumcheck-prime-field-montgomery-element-layout-specialized-points,2.59837,2.372,0,0,0,2.372,ok,true,2498299398270,2498299398270,4.440556,,results/tmp_full_zk_r14_28/zk_vanilla_zerocheck_hp_bw32_r16.log
zk_vanilla_zerocheck_hp,qL*w1*fz1 + qR*w2*fz1 + qM*w1*w2*fz1 - qO*w3*fz1 + qC*fz1,prime-field-montgomery,element,specialized,p32_2^32_minus_5,32,1,0xfffffffb,18,262144,9,4,5,2,10,whole-run,fixed,triton-sumcheck-prime-field-montgomery-element-layout-specialized-points,54.023,13.627,0.000,0.000000,0.000,13.627,ok,cuda-sumcheck-prime-field-montgomery-element-layout-specialized-points,3.13648,2.87773,0,0,0,2.87773,ok,true,2480587646667,2480587646667,4.735330,,results/tmp_full_zk_r14_28/zk_vanilla_zerocheck_hp_bw32_r18.log
zk_vanilla_zerocheck_hp,qL*w1*fz1 + qR*w2*fz1 + qM*w1*w2*fz1 - qO*w3*fz1 + qC*fz1,prime-field-montgomery,element,specialized,p32_2^32_minus_5,32,1,0xfffffffb,20,1048576,9,4,5,2,10,whole-run,fixed,triton-sumcheck-prime-field-montgomery-element-layout-specialized-points,56.069,16.845,0.000,0.000000,0.000,16.845,ok,cuda-sumcheck-prime-field-montgomery-element-layout-specialized-points,3.64851,3.54752,0,0,0,3.54752,ok,true,2781495850887,2781495850887,4.748388,,results/tmp_full_zk_r14_28/zk_vanilla_zerocheck_hp_bw32_r20.log
zk_vanilla_zerocheck_hp,qL*w1*fz1 + qR*w2*fz1 + qM*w1*w2*fz1 - qO*w3*fz1 + qC*fz1,prime-field-montgomery,element,specialized,p32_2^32_minus_5,32,1,0xfffffffb,22,4194304,9,4,5,2,10,whole-run,fixed,triton-sumcheck-prime-field-montgomery-element-layout-specialized-points,60.540,21.104,0.000,0.000000,0.000,21.104,ok,cuda-sumcheck-prime-field-montgomery-element-layout-specialized-points,5.27485,5.12918,0,0,0,5.12918,ok,true,3263362760385,3263362760385,4.114498,,results/tmp_full_zk_r14_28/zk_vanilla_zerocheck_hp_bw32_r22.log
zk_vanilla_zerocheck_hp,qL*w1*fz1 + qR*w2*fz1 + qM*w1*w2*fz1 - qO*w3*fz1 + qC*fz1,prime-field-montgomery,element,specialized,p32_2^32_minus_5,32,1,0xfffffffb,24,16777216,9,4,5,2,10,whole-run,fixed,triton-sumcheck-prime-field-montgomery-element-layout-specialized-points,69.479,30.938,0.000,0.000000,0.000,30.938,ok,cuda-sumcheck-prime-field-montgomery-element-layout-specialized-points,9.03613,8.87808,0,0,0,8.87808,ok,true,3477169748299,3477169748299,3.484762,,results/tmp_full_zk_r14_28/zk_vanilla_zerocheck_hp_bw32_r24.log
zk_vanilla_zerocheck_hp,qL*w1*fz1 + qR*w2*fz1 + qM*w1*w2*fz1 - qO*w3*fz1 + qC*fz1,prime-field-montgomery,element,specialized,p32_2^32_minus_5,32,1,0xfffffffb,26,67108864,9,4,5,2,10,whole-run,fixed,triton-sumcheck-prime-field-montgomery-element-layout-specialized-points,99.699,61.253,0.000,0.000000,0.000,61.253,ok,cuda-sumcheck-prime-field-montgomery-element-layout-specialized-points,22.8576,22.7321,0,0,0,22.7321,ok,true,3416320475308,3416320475308,2.694560,,results/tmp_full_zk_r14_28/zk_vanilla_zerocheck_hp_bw32_r26.log
zk_vanilla_zerocheck_hp,qL*w1*fz1 + qR*w2*fz1 + qM*w1*w2*fz1 - qO*w3*fz1 + qC*fz1,prime-field-montgomery,element,specialized,p32_2^32_minus_5,32,1,0xfffffffb,28,268435456,9,4,5,2,10,whole-run,fixed,triton-sumcheck-prime-field-montgomery-element-layout-specialized-points,226.847,184.830,0.000,0.000000,0.000,184.830,ok,cuda-sumcheck-prime-field-montgomery-element-layout-specialized-points,78.5212,77.5777,0,0,0,77.5777,ok,false,3925287620956,4081837965894,2.382515,,results/tmp_full_zk_r14_28/zk_vanilla_zerocheck_hp_bw32_r28.log
zk_vanilla_zerocheck_hp,qL*w1*fz1 + qR*w2*fz1 + qM*w1*w2*fz1 - qO*w3*fz1 + qC*fz1,prime-field-montgomery,element,specialized,p64_goldilocks,64,2,0xffffffff00000001,14,16384,9,4,5,2,10,whole-run,fixed,triton-sumcheck-prime-field-montgomery-element-layout-specialized-points,36880.207,8.340,0.000,0.000000,0.000,8.340,ok,cuda-sumcheck-prime-field-montgomery-element-layout-specialized-points,2.32992,1.96394,0,0,0,1.96394,ok,true,5524530001952,5524530001952,4.246566,,results/tmp_full_zk_r14_28/zk_vanilla_zerocheck_hp_bw64_r14.log
zk_vanilla_zerocheck_hp,qL*w1*fz1 + qR*w2*fz1 + qM*w1*w2*fz1 - qO*w3*fz1 + qC*fz1,prime-field-montgomery,element,specialized,p64_goldilocks,64,2,0xffffffff00000001,16,65536,9,4,5,2,10,whole-run,fixed,triton-sumcheck-prime-field-montgomery-element-layout-specialized-points,52.852,10.600,0.000,0.000000,0.000,10.600,ok,cuda-sumcheck-prime-field-montgomery-element-layout-specialized-points,2.95466,2.64397,0,0,0,2.64397,ok,true,6528902938831,6528902938831,4.009123,,results/tmp_full_zk_r14_28/zk_vanilla_zerocheck_hp_bw64_r16.log
zk_vanilla_zerocheck_hp,qL*w1*fz1 + qR*w2*fz1 + qM*w1*w2*fz1 - qO*w3*fz1 + qC*fz1,prime-field-montgomery,element,specialized,p64_goldilocks,64,2,0xffffffff00000001,18,262144,9,4,5,2,10,whole-run,fixed,triton-sumcheck-prime-field-montgomery-element-layout-specialized-points,56.032,13.768,0.000,0.000000,0.000,13.768,ok,cuda-sumcheck-prime-field-montgomery-element-layout-specialized-points,3.30867,2.98461,0,0,0,2.98461,ok,true,7487263228302,7487263228302,4.612998,,results/tmp_full_zk_r14_28/zk_vanilla_zerocheck_hp_bw64_r18.log
zk_vanilla_zerocheck_hp,qL*w1*fz1 + qR*w2*fz1 + qM*w1*w2*fz1 - qO*w3*fz1 + qC*fz1,prime-field-montgomery,element,specialized,p64_goldilocks,64,2,0xffffffff00000001,20,1048576,9,4,5,2,10,whole-run,fixed,triton-sumcheck-prime-field-montgomery-element-layout-specialized-points,59.454,17.220,0.000,0.000000,0.000,17.220,ok,cuda-sumcheck-prime-field-montgomery-element-layout-specialized-points,4.57318,4.29926,0,0,0,4.29926,ok,true,8595375830444,8595375830444,4.005340,,results/tmp_full_zk_r14_28/zk_vanilla_zerocheck_hp_bw64_r20.log
zk_vanilla_zerocheck_hp,qL*w1*fz1 + qR*w2*fz1 + qM*w1*w2*fz1 - qO*w3*fz1 + qC*fz1,prime-field-montgomery,element,specialized,p64_goldilocks,64,2,0xffffffff00000001,22,4194304,9,4,5,2,10,whole-run,fixed,triton-sumcheck-prime-field-montgomery-element-layout-specialized-points,63.624,21.270,0.000,0.000000,0.000,21.270,ok,cuda-sumcheck-prime-field-montgomery-element-layout-specialized-points,7.00899,6.71846,0,0,0,6.71846,ok,true,8690093380033,8690093380033,3.165904,,results/tmp_full_zk_r14_28/zk_vanilla_zerocheck_hp_bw64_r22.log
zk_vanilla_zerocheck_hp,qL*w1*fz1 + qR*w2*fz1 + qM*w1*w2*fz1 - qO*w3*fz1 + qC*fz1,prime-field-montgomery,element,specialized,p64_goldilocks,64,2,0xffffffff00000001,24,16777216,9,4,5,2,10,whole-run,fixed,triton-sumcheck-prime-field-montgomery-element-layout-specialized-points,75.676,33.692,0.000,0.000000,0.000,33.692,ok,cuda-sumcheck-prime-field-montgomery-element-layout-specialized-points,14.4234,14.1269,0,0,0,14.1269,ok,true,10364566672174,10364566672174,2.384954,,results/tmp_full_zk_r14_28/zk_vanilla_zerocheck_hp_bw64_r24.log
zk_vanilla_zerocheck_hp,qL*w1*fz1 + qR*w2*fz1 + qM*w1*w2*fz1 - qO*w3*fz1 + qC*fz1,prime-field-montgomery,element,specialized,p64_goldilocks,64,2,0xffffffff00000001,26,67108864,9,4,5,2,10,whole-run,fixed,triton-sumcheck-prime-field-montgomery-element-layout-specialized-points,120.889,76.727,0.000,0.000000,0.000,76.727,ok,cuda-sumcheck-prime-field-montgomery-element-layout-specialized-points,43.7914,43.4821,0,0,0,43.4821,ok,true,11626708441725,11626708441725,1.764565,,results/tmp_full_zk_r14_28/zk_vanilla_zerocheck_hp_bw64_r26.log
zk_vanilla_zerocheck_hp,qL*w1*fz1 + qR*w2*fz1 + qM*w1*w2*fz1 - qO*w3*fz1 + qC*fz1,prime-field-montgomery,element,specialized,p64_goldilocks,64,2,0xffffffff00000001,28,268435456,9,4,5,2,10,whole-run,fixed,triton-sumcheck-prime-field-montgomery-element-layout-specialized-points,288.538,249.385,0.000,0.000000,0.000,249.385,ok,cuda-sumcheck-prime-field-montgomery-element-layout-specialized-points,159.112,159.382,0,0,0,159.382,ok,false,12138997023517,11502908106742,1.564700,,results/tmp_full_zk_r14_28/zk_vanilla_zerocheck_hp_bw64_r28.log
zk_vanilla_zerocheck_hp,qL*w1*fz1 + qR*w2*fz1 + qM*w1*w2*fz1 - qO*w3*fz1 + qC*fz1,prime-field-montgomery,element,specialized,p128_mersenne_2^127_minus_1,128,4,0x7fffffffffffffffffffffffffffffff,14,16384,9,4,5,2,10,whole-run,fixed,triton-sumcheck-prime-field-montgomery-element-layout-specialized-points,386577.757,8.415,0.000,0.000000,0.000,8.415,ok,cuda-sumcheck-prime-field-montgomery-element-layout-specialized-points,2.86666,2.29747,0,0,0,2.29747,ok,true,15526345339323,15526345339323,3.662725,,results/tmp_full_zk_r14_28/zk_vanilla_zerocheck_hp_bw128_r14.log
zk_vanilla_zerocheck_hp,qL*w1*fz1 + qR*w2*fz1 + qM*w1*w2*fz1 - qO*w3*fz1 + qC*fz1,prime-field-montgomery,element,specialized,p128_mersenne_2^127_minus_1,128,4,0x7fffffffffffffffffffffffffffffff,16,65536,9,4,5,2,10,whole-run,fixed,triton-sumcheck-prime-field-montgomery-element-layout-specialized-points,60.137,11.072,0.000,0.000000,0.000,11.072,ok,cuda-sumcheck-prime-field-montgomery-element-layout-specialized-points,3.39475,2.84218,0,0,0,2.84218,ok,true,18155590736036,18155590736036,3.895601,,results/tmp_full_zk_r14_28/zk_vanilla_zerocheck_hp_bw128_r16.log
zk_vanilla_zerocheck_hp,qL*w1*fz1 + qR*w2*fz1 + qM*w1*w2*fz1 - qO*w3*fz1 + qC*fz1,prime-field-montgomery,element,specialized,p128_mersenne_2^127_minus_1,128,4,0x7fffffffffffffffffffffffffffffff,18,262144,9,4,5,2,10,whole-run,fixed,triton-sumcheck-prime-field-montgomery-element-layout-specialized-points,63.029,13.805,0.000,0.000000,0.000,13.805,ok,cuda-sumcheck-prime-field-montgomery-element-layout-specialized-points,4.67408,4.17792,0,0,0,4.17792,ok,true,20124772919836,20124772919836,3.304276,,results/tmp_full_zk_r14_28/zk_vanilla_zerocheck_hp_bw128_r18.log
zk_vanilla_zerocheck_hp,qL*w1*fz1 + qR*w2*fz1 + qM*w1*w2*fz1 - qO*w3*fz1 + qC*fz1,prime-field-montgomery,element,specialized,p128_mersenne_2^127_minus_1,128,4,0x7fffffffffffffffffffffffffffffff,20,1048576,9,4,5,2,10,whole-run,fixed,triton-sumcheck-prime-field-montgomery-element-layout-specialized-points,65.245,16.971,0.000,0.000000,0.000,16.971,ok,cuda-sumcheck-prime-field-montgomery-element-layout-specialized-points,6.01965,5.47091,0,0,0,5.47091,ok,true,23254252951917,23254252951917,3.102043,,results/tmp_full_zk_r14_28/zk_vanilla_zerocheck_hp_bw128_r20.log
zk_vanilla_zerocheck_hp,qL*w1*fz1 + qR*w2*fz1 + qM*w1*w2*fz1 - qO*w3*fz1 + qC*fz1,prime-field-montgomery,element,specialized,p128_mersenne_2^127_minus_1,128,4,0x7fffffffffffffffffffffffffffffff,22,4194304,9,4,5,2,10,whole-run,fixed,triton-sumcheck-prime-field-montgomery-element-layout-specialized-points,72.153,24.811,0.000,0.000000,0.000,24.811,ok,cuda-sumcheck-prime-field-montgomery-element-layout-specialized-points,10.6364,10.115,0,0,0,10.115,ok,true,25463466550769,25463466550769,2.452892,,results/tmp_full_zk_r14_28/zk_vanilla_zerocheck_hp_bw128_r22.log
zk_vanilla_zerocheck_hp,qL*w1*fz1 + qR*w2*fz1 + qM*w1*w2*fz1 - qO*w3*fz1 + qC*fz1,prime-field-montgomery,element,specialized,p128_mersenne_2^127_minus_1,128,4,0x7fffffffffffffffffffffffffffffff,24,16777216,9,4,5,2,10,whole-run,fixed,triton-sumcheck-prime-field-montgomery-element-layout-specialized-points,102.974,50.332,0.000,0.000000,0.000,50.332,ok,cuda-sumcheck-prime-field-montgomery-element-layout-specialized-points,27.2053,26.692,0,0,0,26.692,ok,true,26498814534127,26498814534127,1.885659,,results/tmp_full_zk_r14_28/zk_vanilla_zerocheck_hp_bw128_r24.log
zk_vanilla_zerocheck_hp,qL*w1*fz1 + qR*w2*fz1 + qM*w1*w2*fz1 - qO*w3*fz1 + qC*fz1,prime-field-montgomery,element,specialized,p128_mersenne_2^127_minus_1,128,4,0x7fffffffffffffffffffffffffffffff,26,67108864,9,4,5,2,10,whole-run,fixed,triton-sumcheck-prime-field-montgomery-element-layout-specialized-points,207.980,149.966,0.000,0.000000,0.000,149.966,ok,cuda-sumcheck-prime-field-montgomery-element-layout-specialized-points,92.178,91.7174,0,0,0,91.7174,ok,true,29405350505544,29405350505544,1.635088,,results/tmp_full_zk_r14_28/zk_vanilla_zerocheck_hp_bw128_r26.log
zk_vanilla_zerocheck_hp,qL*w1*fz1 + qR*w2*fz1 + qM*w1*w2*fz1 - qO*w3*fz1 + qC*fz1,prime-field-montgomery,element,specialized,,128,,,28,268435456,9,4,5,2,10,whole-run,fixed,,,,,,,,skipped,,,,,,,,skipped,skipped,,,,returncode=1,results/tmp_full_zk_r14_28/zk_vanilla_zerocheck_hp_bw128_r28.log
zk_vanilla_zerocheck_hp,qL*w1*fz1 + qR*w2*fz1 + qM*w1*w2*fz1 - qO*w3*fz1 + qC*fz1,prime-field-montgomery,element,specialized,p255_bls12_381_scalar,256,8,0x73eda753299d7d483339d80809a1d80553bda402fffe5bfeffffffff00000001,14,16384,9,4,5,2,10,whole-run,fixed,triton-sumcheck-prime-field-montgomery-element-layout-specialized-points,5530760.799,9.119,0.000,0.000000,0.000,9.119,ok,cuda-sumcheck-prime-field-montgomery-element-layout-specialized-points,5.27104,4.16397,0,0,0,4.16397,ok,true,62964241086292,62964241086292,2.189977,,results/tmp_full_zk_r14_28/zk_vanilla_zerocheck_hp_bw256_r14.log
zk_vanilla_zerocheck_hp,qL*w1*fz1 + qR*w2*fz1 + qM*w1*w2*fz1 - qO*w3*fz1 + qC*fz1,prime-field-montgomery,element,specialized,p255_bls12_381_scalar,256,8,0x73eda753299d7d483339d80809a1d80553bda402fffe5bfeffffffff00000001,16,65536,9,4,5,2,10,whole-run,fixed,triton-sumcheck-prime-field-montgomery-element-layout-specialized-points,80.460,11.602,0.000,0.000000,0.000,11.602,ok,cuda-sumcheck-prime-field-montgomery-element-layout-specialized-points,5.90301,4.83654,0,0,0,4.83654,ok,true,69135770525718,69135770525718,2.398822,,results/tmp_full_zk_r14_28/zk_vanilla_zerocheck_hp_bw256_r16.log
zk_vanilla_zerocheck_hp,qL*w1*fz1 + qR*w2*fz1 + qM*w1*w2*fz1 - qO*w3*fz1 + qC*fz1,prime-field-montgomery,element,specialized,p255_bls12_381_scalar,256,8,0x73eda753299d7d483339d80809a1d80553bda402fffe5bfeffffffff00000001,18,262144,9,4,5,2,10,whole-run,fixed,triton-sumcheck-prime-field-montgomery-element-layout-specialized-points,82.008,14.887,0.000,0.000000,0.000,14.887,ok,cuda-sumcheck-prime-field-montgomery-element-layout-specialized-points,8.62115,7.54342,0,0,0,7.54342,ok,true,75750258704952,75750258704952,1.973508,,results/tmp_full_zk_r14_28/zk_vanilla_zerocheck_hp_bw256_r18.log
zk_vanilla_zerocheck_hp,qL*w1*fz1 + qR*w2*fz1 + qM*w1*w2*fz1 - qO*w3*fz1 + qC*fz1,prime-field-montgomery,element,specialized,p255_bls12_381_scalar,256,8,0x73eda753299d7d483339d80809a1d80553bda402fffe5bfeffffffff00000001,20,1048576,9,4,5,2,10,whole-run,fixed,triton-sumcheck-prime-field-montgomery-element-layout-specialized-points,87.830,21.532,0.000,0.000000,0.000,21.532,ok,cuda-sumcheck-prime-field-montgomery-element-layout-specialized-points,14.0444,13.0042,0,0,0,13.0042,ok,true,86811450915475,86811450915475,1.655773,,results/tmp_full_zk_r14_28/zk_vanilla_zerocheck_hp_bw256_r20.log
zk_vanilla_zerocheck_hp,qL*w1*fz1 + qR*w2*fz1 + qM*w1*w2*fz1 - qO*w3*fz1 + qC*fz1,prime-field-montgomery,element,specialized,p255_bls12_381_scalar,256,8,0x73eda753299d7d483339d80809a1d80553bda402fffe5bfeffffffff00000001,22,4194304,9,4,5,2,10,whole-run,fixed,triton-sumcheck-prime-field-montgomery-element-layout-specialized-points,128.087,44.988,0.000,0.000000,0.000,44.988,ok,cuda-sumcheck-prime-field-montgomery-element-layout-specialized-points,35.7245,34.6204,0,0,0,34.6204,ok,true,96398863637362,96398863637362,1.299465,,results/tmp_full_zk_r14_28/zk_vanilla_zerocheck_hp_bw256_r22.log
zk_vanilla_zerocheck_hp,qL*w1*fz1 + qR*w2*fz1 + qM*w1*w2*fz1 - qO*w3*fz1 + qC*fz1,prime-field-montgomery,element,specialized,p255_bls12_381_scalar,256,8,0x73eda753299d7d483339d80809a1d80553bda402fffe5bfeffffffff00000001,24,16777216,9,4,5,2,10,whole-run,fixed,triton-sumcheck-prime-field-montgomery-element-layout-specialized-points,202.790,130.599,0.000,0.000000,0.000,130.599,ok,cuda-sumcheck-prime-field-montgomery-element-layout-specialized-points,120.288,119.103,0,0,0,119.103,ok,true,106449597796035,106449597796035,1.096521,,results/tmp_full_zk_r14_28/zk_vanilla_zerocheck_hp_bw256_r24.log
zk_vanilla_zerocheck_hp,qL*w1*fz1 + qR*w2*fz1 + qM*w1*w2*fz1 - qO*w3*fz1 + qC*fz1,prime-field-montgomery,element,specialized,p255_bls12_381_scalar,256,8,0x73eda753299d7d483339d80809a1d80553bda402fffe5bfeffffffff00000001,26,67108864,9,4,5,2,10,whole-run,fixed,triton-sumcheck-prime-field-montgomery-element-layout-specialized-points,541.867,472.143,0.000,0.000000,0.000,472.143,ok,cuda-sumcheck-prime-field-montgomery-element-layout-specialized-points,455.636,454.393,0,0,0,454.393,ok,true,115397992157617,115397992157617,1.039063,,results/tmp_full_zk_r14_28/zk_vanilla_zerocheck_hp_bw256_r26.log
zk_vanilla_zerocheck_hp,qL*w1*fz1 + qR*w2*fz1 + qM*w1*w2*fz1 - qO*w3*fz1 + qC*fz1,prime-field-montgomery,element,specialized,,256,,,28,268435456,9,4,5,2,10,whole-run,fixed,,,,,,,,skipped,,,,,,,,skipped,skipped,,,,returncode=1,results/tmp_full_zk_r14_28/zk_vanilla_zerocheck_hp_bw256_r28.log
zk_vanilla_permcheck_hp,pi*fz2 - p1*p2*fz2 + 7*phi*D1*D2*D3*fz2 - 7*N1*N2*N3*fz2,prime-field-montgomery,element,specialized,p32_2^32_minus_5,32,1,0xfffffffb,14,16384,11,5,4,2,10,whole-run,fixed,triton-sumcheck-prime-field-montgomery-element-layout-specialized-points,11889.965,9.735,0.000,0.000000,0.000,9.735,ok,cuda-sumcheck-prime-field-montgomery-element-layout-specialized-points,2.48483,2.25994,0,0,0,2.25994,ok,true,2272361141232,2272361141232,4.307636,,results/tmp_full_zk_r14_28/zk_vanilla_permcheck_hp_bw32_r14.log
zk_vanilla_permcheck_hp,pi*fz2 - p1*p2*fz2 + 7*phi*D1*D2*D3*fz2 - 7*N1*N2*N3*fz2,prime-field-montgomery,element,specialized,p32_2^32_minus_5,32,1,0xfffffffb,16,65536,11,5,4,2,10,whole-run,fixed,triton-sumcheck-prime-field-montgomery-element-layout-specialized-points,55.795,12.754,0.000,0.000000,0.000,12.754,ok,cuda-sumcheck-prime-field-montgomery-element-layout-specialized-points,3.00614,2.80269,0,0,0,2.80269,ok,true,2844573498897,2844573498897,4.550628,,results/tmp_full_zk_r14_28/zk_vanilla_permcheck_hp_bw32_r16.log
zk_vanilla_permcheck_hp,pi*fz2 - p1*p2*fz2 + 7*phi*D1*D2*D3*fz2 - 7*N1*N2*N3*fz2,prime-field-montgomery,element,specialized,p32_2^32_minus_5,32,1,0xfffffffb,18,262144,11,5,4,2,10,whole-run,fixed,triton-sumcheck-prime-field-montgomery-element-layout-specialized-points,60.788,16.195,0.000,0.000000,0.000,16.195,ok,cuda-sumcheck-prime-field-montgomery-element-layout-specialized-points,3.81923,3.49571,0,0,0,3.49571,ok,true,3040214502507,3040214502507,4.632821,,results/tmp_full_zk_r14_28/zk_vanilla_permcheck_hp_bw32_r18.log
zk_vanilla_permcheck_hp,pi*fz2 - p1*p2*fz2 + 7*phi*D1*D2*D3*fz2 - 7*N1*N2*N3*fz2,prime-field-montgomery,element,specialized,p32_2^32_minus_5,32,1,0xfffffffb,20,1048576,11,5,4,2,10,whole-run,fixed,triton-sumcheck-prime-field-montgomery-element-layout-specialized-points,63.957,20.262,0.000,0.000000,0.000,20.262,ok,cuda-sumcheck-prime-field-montgomery-element-layout-specialized-points,4.47242,4.28678,0,0,0,4.28678,ok,true,3649621384734,3649621384734,4.726625,,results/tmp_full_zk_r14_28/zk_vanilla_permcheck_hp_bw32_r20.log
zk_vanilla_permcheck_hp,pi*fz2 - p1*p2*fz2 + 7*phi*D1*D2*D3*fz2 - 7*N1*N2*N3*fz2,prime-field-montgomery,element,specialized,p32_2^32_minus_5,32,1,0xfffffffb,22,4194304,11,5,4,2,10,whole-run,fixed,triton-sumcheck-prime-field-montgomery-element-layout-specialized-points,67.907,24.879,0.000,0.000000,0.000,24.879,ok,cuda-sumcheck-prime-field-montgomery-element-layout-specialized-points,6.31939,6.14163,0,0,0,6.14163,ok,true,3827975597602,3827975597602,4.050879,,results/tmp_full_zk_r14_28/zk_vanilla_permcheck_hp_bw32_r22.log
zk_vanilla_permcheck_hp,pi*fz2 - p1*p2*fz2 + 7*phi*D1*D2*D3*fz2 - 7*N1*N2*N3*fz2,prime-field-montgomery,element,specialized,p32_2^32_minus_5,32,1,0xfffffffb,24,16777216,11,5,4,2,10,whole-run,fixed,triton-sumcheck-prime-field-montgomery-element-layout-specialized-points,79.715,36.026,0.000,0.000000,0.000,36.026,ok,cuda-sumcheck-prime-field-montgomery-element-layout-specialized-points,11.9344,11.7657,0,0,0,11.7657,ok,true,4304122550195,4304122550195,3.061951,,results/tmp_full_zk_r14_28/zk_vanilla_permcheck_hp_bw32_r24.log
zk_vanilla_permcheck_hp,pi*fz2 - p1*p2*fz2 + 7*phi*D1*D2*D3*fz2 - 7*N1*N2*N3*fz2,prime-field-montgomery,element,specialized,p32_2^32_minus_5,32,1,0xfffffffb,26,67108864,11,5,4,2,10,whole-run,fixed,triton-sumcheck-prime-field-montgomery-element-layout-specialized-points,121.544,77.388,0.000,0.000000,0.000,77.388,ok,cuda-sumcheck-prime-field-montgomery-element-layout-specialized-points,31.522,31.4907,0,0,0,31.4907,ok,true,4739022443649,4739022443649,2.457487,,results/tmp_full_zk_r14_28/zk_vanilla_permcheck_hp_bw32_r26.log
zk_vanilla_permcheck_hp,pi*fz2 - p1*p2*fz2 + 7*phi*D1*D2*D3*fz2 - 7*N1*N2*N3*fz2,prime-field-montgomery,element,specialized,,32,,,28,268435456,11,5,4,2,10,whole-run,fixed,,,,,,,,skipped,,,,,,,,skipped,skipped,,,,returncode=1,results/tmp_full_zk_r14_28/zk_vanilla_permcheck_hp_bw32_r28.log
zk_vanilla_permcheck_hp,pi*fz2 - p1*p2*fz2 + 7*phi*D1*D2*D3*fz2 - 7*N1*N2*N3*fz2,prime-field-montgomery,element,specialized,p64_goldilocks,64,2,0xffffffff00000001,14,16384,11,5,4,2,10,whole-run,fixed,triton-sumcheck-prime-field-montgomery-element-layout-specialized-points,80199.070,9.783,0.000,0.000000,0.000,9.783,ok,cuda-sumcheck-prime-field-montgomery-element-layout-specialized-points,2.9727,2.52058,0,0,0,2.52058,ok,true,7732743940558,7732743940558,3.881250,,results/tmp_full_zk_r14_28/zk_vanilla_permcheck_hp_bw64_r14.log
zk_vanilla_permcheck_hp,pi*fz2 - p1*p2*fz2 + 7*phi*D1*D2*D3*fz2 - 7*N1*N2*N3*fz2,prime-field-montgomery,element,specialized,p64_goldilocks,64,2,0xffffffff00000001,16,65536,11,5,4,2,10,whole-run,fixed,triton-sumcheck-prime-field-montgomery-element-layout-specialized-points,59.796,12.598,0.000,0.000000,0.000,12.598,ok,cuda-sumcheck-prime-field-montgomery-element-layout-specialized-points,3.73066,3.31251,0,0,0,3.31251,ok,true,8091538305240,8091538305240,3.803158,,results/tmp_full_zk_r14_28/zk_vanilla_permcheck_hp_bw64_r16.log
zk_vanilla_permcheck_hp,pi*fz2 - p1*p2*fz2 + 7*phi*D1*D2*D3*fz2 - 7*N1*N2*N3*fz2,prime-field-montgomery,element,specialized,p64_goldilocks,64,2,0xffffffff00000001,18,262144,11,5,4,2,10,whole-run,fixed,triton-sumcheck-prime-field-montgomery-element-layout-specialized-points,63.227,16.256,0.000,0.000000,0.000,16.256,ok,cuda-sumcheck-prime-field-montgomery-element-layout-specialized-points,4.48899,4.08835,0,0,0,4.08835,ok,true,9069205122159,9069205122159,3.976176,,results/tmp_full_zk_r14_28/zk_vanilla_permcheck_hp_bw64_r18.log
zk_vanilla_permcheck_hp,pi*fz2 - p1*p2*fz2 + 7*phi*D1*D2*D3*fz2 - 7*N1*N2*N3*fz2,prime-field-montgomery,element,specialized,p64_goldilocks,64,2,0xffffffff00000001,20,1048576,11,5,4,2,10,whole-run,fixed,triton-sumcheck-prime-field-montgomery-element-layout-specialized-points,66.682,20.171,0.000,0.000000,0.000,20.171,ok,cuda-sumcheck-prime-field-montgomery-element-layout-specialized-points,5.87578,5.5024,0,0,0,5.5024,ok,true,10282883281385,10282883281385,3.665855,,results/tmp_full_zk_r14_28/zk_vanilla_permcheck_hp_bw64_r20.log
zk_vanilla_permcheck_hp,pi*fz2 - p1*p2*fz2 + 7*phi*D1*D2*D3*fz2 - 7*N1*N2*N3*fz2,prime-field-montgomery,element,specialized,p64_goldilocks,64,2,0xffffffff00000001,22,4194304,11,5,4,2,10,whole-run,fixed,triton-sumcheck-prime-field-montgomery-element-layout-specialized-points,71.241,25.812,0.000,0.000000,0.000,25.812,ok,cuda-sumcheck-prime-field-montgomery-element-layout-specialized-points,9.44429,9.04336,0,0,0,9.04336,ok,true,10981800915735,10981800915735,2.854249,,results/tmp_full_zk_r14_28/zk_vanilla_permcheck_hp_bw64_r22.log
zk_vanilla_permcheck_hp,pi*fz2 - p1*p2*fz2 + 7*phi*D1*D2*D3*fz2 - 7*N1*N2*N3*fz2,prime-field-montgomery,element,specialized,p64_goldilocks,64,2,0xffffffff00000001,24,16777216,11,5,4,2,10,whole-run,fixed,triton-sumcheck-prime-field-montgomery-element-layout-specialized-points,89.406,41.975,0.000,0.000000,0.000,41.975,ok,cuda-sumcheck-prime-field-montgomery-element-layout-specialized-points,19.7551,19.3985,0,0,0,19.3985,ok,true,12355352525776,12355352525776,2.163827,,results/tmp_full_zk_r14_28/zk_vanilla_permcheck_hp_bw64_r24.log
zk_vanilla_permcheck_hp,pi*fz2 - p1*p2*fz2 + 7*phi*D1*D2*D3*fz2 - 7*N1*N2*N3*fz2,prime-field-montgomery,element,specialized,p64_goldilocks,64,2,0xffffffff00000001,26,67108864,11,5,4,2,10,whole-run,fixed,triton-sumcheck-prime-field-montgomery-element-layout-specialized-points,154.576,103.867,0.000,0.000000,0.000,103.867,ok,cuda-sumcheck-prime-field-montgomery-element-layout-specialized-points,61.6303,61.5376,0,0,0,61.5376,ok,true,12336291771895,12336291771895,1.687862,,results/tmp_full_zk_r14_28/zk_vanilla_permcheck_hp_bw64_r26.log
zk_vanilla_permcheck_hp,pi*fz2 - p1*p2*fz2 + 7*phi*D1*D2*D3*fz2 - 7*N1*N2*N3*fz2,prime-field-montgomery,element,specialized,p64_goldilocks,64,2,0xffffffff00000001,28,268435456,11,5,4,2,10,whole-run,fixed,triton-sumcheck-prime-field-montgomery-element-layout-specialized-points,392.495,347.727,0.000,0.000000,0.000,347.727,ok,cuda-sumcheck-prime-field-montgomery-element-layout-specialized-points,227.445,227.817,0,0,0,227.817,ok,true,14493999785707,14493999785707,1.526344,,results/tmp_full_zk_r14_28/zk_vanilla_permcheck_hp_bw64_r28.log
zk_vanilla_permcheck_hp,pi*fz2 - p1*p2*fz2 + 7*phi*D1*D2*D3*fz2 - 7*N1*N2*N3*fz2,prime-field-montgomery,element,specialized,p128_mersenne_2^127_minus_1,128,4,0x7fffffffffffffffffffffffffffffff,14,16384,11,5,4,2,10,whole-run,fixed,triton-sumcheck-prime-field-montgomery-element-layout-specialized-points,837134.757,10.101,0.000,0.000000,0.000,10.101,ok,cuda-sumcheck-prime-field-montgomery-element-layout-specialized-points,3.77798,3.03613,0,0,0,3.03613,ok,true,18663118028633,18663118028633,3.326933,,results/tmp_full_zk_r14_28/zk_vanilla_permcheck_hp_bw128_r14.log
zk_vanilla_permcheck_hp,pi*fz2 - p1*p2*fz2 + 7*phi*D1*D2*D3*fz2 - 7*N1*N2*N3*fz2,prime-field-montgomery,element,specialized,p128_mersenne_2^127_minus_1,128,4,0x7fffffffffffffffffffffffffffffff,16,65536,11,5,4,2,10,whole-run,fixed,triton-sumcheck-prime-field-montgomery-element-layout-specialized-points,69.286,12.904,0.000,0.000000,0.000,12.904,ok,cuda-sumcheck-prime-field-montgomery-element-layout-specialized-points,4.78154,4.07798,0,0,0,4.07798,ok,true,22851421026668,22851421026668,3.164312,,results/tmp_full_zk_r14_28/zk_vanilla_permcheck_hp_bw128_r16.log
zk_vanilla_permcheck_hp,pi*fz2 - p1*p2*fz2 + 7*phi*D1*D2*D3*fz2 - 7*N1*N2*N3*fz2,prime-field-montgomery,element,specialized,p128_mersenne_2^127_minus_1,128,4,0x7fffffffffffffffffffffffffffffff,18,262144,11,5,4,2,10,whole-run,fixed,triton-sumcheck-prime-field-montgomery-element-layout-specialized-points,72.322,16.277,0.000,0.000000,0.000,16.277,ok,cuda-sumcheck-prime-field-montgomery-element-layout-specialized-points,5.70298,5.00461,0,0,0,5.00461,ok,true,24560265676687,24560265676687,3.252401,,results/tmp_full_zk_r14_28/zk_vanilla_permcheck_hp_bw128_r18.log
zk_vanilla_permcheck_hp,pi*fz2 - p1*p2*fz2 + 7*phi*D1*D2*D3*fz2 - 7*N1*N2*N3*fz2,prime-field-montgomery,element,specialized,p128_mersenne_2^127_minus_1,128,4,0x7fffffffffffffffffffffffffffffff,20,1048576,11,5,4,2,10,whole-run,fixed,triton-sumcheck-prime-field-montgomery-element-layout-specialized-points,76.332,20.938,0.000,0.000000,0.000,20.938,ok,cuda-sumcheck-prime-field-montgomery-element-layout-specialized-points,7.86726,7.18176,0,0,0,7.18176,ok,true,25715036641788,25715036641788,2.915441,,results/tmp_full_zk_r14_28/zk_vanilla_permcheck_hp_bw128_r20.log
zk_vanilla_permcheck_hp,pi*fz2 - p1*p2*fz2 + 7*phi*D1*D2*D3*fz2 - 7*N1*N2*N3*fz2,prime-field-montgomery,element,specialized,p128_mersenne_2^127_minus_1,128,4,0x7fffffffffffffffffffffffffffffff,22,4194304,11,5,4,2,10,whole-run,fixed,triton-sumcheck-prime-field-montgomery-element-layout-specialized-points,92.519,33.316,0.000,0.000000,0.000,33.316,ok,cuda-sumcheck-prime-field-montgomery-element-layout-specialized-points,14.674,13.9108,0,0,0,13.9108,ok,true,29592131441873,29592131441873,2.394974,,results/tmp_full_zk_r14_28/zk_vanilla_permcheck_hp_bw128_r22.log
zk_vanilla_permcheck_hp,pi*fz2 - p1*p2*fz2 + 7*phi*D1*D2*D3*fz2 - 7*N1*N2*N3*fz2,prime-field-montgomery,element,specialized,p128_mersenne_2^127_minus_1,128,4,0x7fffffffffffffffffffffffffffffff,24,16777216,11,5,4,2,10,whole-run,fixed,triton-sumcheck-prime-field-montgomery-element-layout-specialized-points,134.201,68.876,0.000,0.000000,0.000,68.876,ok,cuda-sumcheck-prime-field-montgomery-element-layout-specialized-points,38.545,37.8333,0,0,0,37.8333,ok,true,33177847440426,33177847440426,1.820513,,results/tmp_full_zk_r14_28/zk_vanilla_permcheck_hp_bw128_r24.log
zk_vanilla_permcheck_hp,pi*fz2 - p1*p2*fz2 + 7*phi*D1*D2*D3*fz2 - 7*N1*N2*N3*fz2,prime-field-montgomery,element,specialized,p128_mersenne_2^127_minus_1,128,4,0x7fffffffffffffffffffffffffffffff,26,67108864,11,5,4,2,10,whole-run,fixed,triton-sumcheck-prime-field-montgomery-element-layout-specialized-points,286.388,216.499,0.000,0.000000,0.000,216.499,ok,cuda-sumcheck-prime-field-montgomery-element-layout-specialized-points,134.037,131.473,0,0,0,131.473,ok,true,34929863856459,34929863856459,1.646718,,results/tmp_full_zk_r14_28/zk_vanilla_permcheck_hp_bw128_r26.log
zk_vanilla_permcheck_hp,pi*fz2 - p1*p2*fz2 + 7*phi*D1*D2*D3*fz2 - 7*N1*N2*N3*fz2,prime-field-montgomery,element,specialized,,128,,,28,268435456,11,5,4,2,10,whole-run,fixed,,,,,,,,skipped,,,,,,,,skipped,skipped,,,,returncode=1,results/tmp_full_zk_r14_28/zk_vanilla_permcheck_hp_bw128_r28.log
zk_vanilla_permcheck_hp,pi*fz2 - p1*p2*fz2 + 7*phi*D1*D2*D3*fz2 - 7*N1*N2*N3*fz2,prime-field-montgomery,element,specialized,,256,,,14,16384,11,5,4,2,10,whole-run,fixed,,,,,,,,skipped,,,,,,,,skipped,skipped,,,,returncode=1,results/tmp_full_zk_r14_28/zk_vanilla_permcheck_hp_bw256_r14.log
zk_vanilla_permcheck_hp,pi*fz2 - p1*p2*fz2 + 7*phi*D1*D2*D3*fz2 - 7*N1*N2*N3*fz2,prime-field-montgomery,element,specialized,p255_bls12_381_scalar,256,8,0x73eda753299d7d483339d80809a1d80553bda402fffe5bfeffffffff00000001,16,65536,11,5,4,2,10,whole-run,fixed,triton-sumcheck-prime-field-montgomery-element-layout-specialized-points,7932504.409,14.558,0.000,0.000000,0.000,14.558,ok,cuda-sumcheck-prime-field-montgomery-element-layout-specialized-points,8.96586,7.37856,0,0,0,7.37856,ok,true,86241582229634,86241582229634,1.973014,,results/tmp_full_zk_r14_28/zk_vanilla_permcheck_hp_bw256_r16.log
zk_vanilla_permcheck_hp,pi*fz2 - p1*p2*fz2 + 7*phi*D1*D2*D3*fz2 - 7*N1*N2*N3*fz2,prime-field-montgomery,element,specialized,p255_bls12_381_scalar,256,8,0x73eda753299d7d483339d80809a1d80553bda402fffe5bfeffffffff00000001,18,262144,11,5,4,2,10,whole-run,fixed,triton-sumcheck-prime-field-montgomery-element-layout-specialized-points,103.027,19.121,0.000,0.000000,0.000,19.121,ok,cuda-sumcheck-prime-field-montgomery-element-layout-specialized-points,11.1395,9.63091,0,0,0,9.63091,ok,true,94649007904906,94649007904906,1.985378,,results/tmp_full_zk_r14_28/zk_vanilla_permcheck_hp_bw256_r18.log
zk_vanilla_permcheck_hp,pi*fz2 - p1*p2*fz2 + 7*phi*D1*D2*D3*fz2 - 7*N1*N2*N3*fz2,prime-field-montgomery,element,specialized,p255_bls12_381_scalar,256,8,0x73eda753299d7d483339d80809a1d80553bda402fffe5bfeffffffff00000001,20,1048576,11,5,4,2,10,whole-run,fixed,triton-sumcheck-prime-field-montgomery-element-layout-specialized-points,115.776,29.584,0.000,0.000000,0.000,29.584,ok,cuda-sumcheck-prime-field-montgomery-element-layout-specialized-points,20.2144,18.4528,0,0,0,18.4528,ok,true,105379977019668,105379977019668,1.603226,,results/tmp_full_zk_r14_28/zk_vanilla_permcheck_hp_bw256_r20.log
zk_vanilla_permcheck_hp,pi*fz2 - p1*p2*fz2 + 7*phi*D1*D2*D3*fz2 - 7*N1*N2*N3*fz2,prime-field-montgomery,element,specialized,p255_bls12_381_scalar,256,8,0x73eda753299d7d483339d80809a1d80553bda402fffe5bfeffffffff00000001,22,4194304,11,5,4,2,10,whole-run,fixed,triton-sumcheck-prime-field-montgomery-element-layout-specialized-points,154.162,68.675,0.000,0.000000,0.000,68.675,ok,cuda-sumcheck-prime-field-montgomery-element-layout-specialized-points,52.3927,50.8296,0,0,0,50.8296,ok,true,115639817497035,115639817497035,1.351083,,results/tmp_full_zk_r14_28/zk_vanilla_permcheck_hp_bw256_r22.log
zk_vanilla_permcheck_hp,pi*fz2 - p1*p2*fz2 + 7*phi*D1*D2*D3*fz2 - 7*N1*N2*N3*fz2,prime-field-montgomery,element,specialized,p255_bls12_381_scalar,256,8,0x73eda753299d7d483339d80809a1d80553bda402fffe5bfeffffffff00000001,24,16777216,11,5,4,2,10,whole-run,fixed,triton-sumcheck-prime-field-montgomery-element-layout-specialized-points,305.570,218.281,0.000,0.000000,0.000,218.281,ok,cuda-sumcheck-prime-field-montgomery-element-layout-specialized-points,179.637,178.201,0,0,0,178.201,ok,true,125514718366453,125514718366453,1.224915,,results/tmp_full_zk_r14_28/zk_vanilla_permcheck_hp_bw256_r24.log
zk_vanilla_permcheck_hp,pi*fz2 - p1*p2*fz2 + 7*phi*D1*D2*D3*fz2 - 7*N1*N2*N3*fz2,prime-field-montgomery,element,specialized,p255_bls12_381_scalar,256,8,0x73eda753299d7d483339d80809a1d80553bda402fffe5bfeffffffff00000001,26,67108864,11,5,4,2,10,whole-run,fixed,triton-sumcheck-prime-field-montgomery-element-layout-specialized-points,903.141,818.344,0.000,0.000000,0.000,818.344,ok,cuda-sumcheck-prime-field-montgomery-element-layout-specialized-points,687.354,686.324,0,0,0,686.324,ok,true,133583605644853,133583605644853,1.192358,,results/tmp_full_zk_r14_28/zk_vanilla_permcheck_hp_bw256_r26.log
zk_vanilla_permcheck_hp,pi*fz2 - p1*p2*fz2 + 7*phi*D1*D2*D3*fz2 - 7*N1*N2*N3*fz2,prime-field-montgomery,element,specialized,,256,,,28,268435456,11,5,4,2,10,whole-run,fixed,,,,,,,,skipped,,,,,,,,skipped,skipped,,,,returncode=1,results/tmp_full_zk_r14_28/zk_vanilla_permcheck_hp_bw256_r28.log
zk_jellyfish_zerocheck_hp,qL*w1*fz + qR*w2*fz + qM*w1*w2*fz - qO*w3*fz + q1*w1*fz + q2*w2*fz + q3*w3*fz + q4*w4*fz - qO*w5*fz + qM1*w1*w2*fz + qM2*w3*w4*fz + qH1*w1*w1*w1*w1*w1*fz + qH2*w2*w2*w2*w2*w2*fz + qH3*w3*w3*w3*w3*w3*fz + qH4*w4*w4*w4*w4*w4*fz + qECC*w1*w2*w3*w4*fz + qc*fz,prime-field-montgomery,element,specialized,p32_2^32_minus_5,32,1,0xfffffffb,14,16384,22,7,17,2,10,whole-run,fixed,triton-sumcheck-prime-field-montgomery-element-layout-specialized-points,96112.835,12.781,0.000,0.000000,0.000,12.781,ok,cuda-sumcheck-prime-field-montgomery-element-layout-specialized-points,3.62963,3.15238,0,0,0,3.15238,ok,true,2823215150314,2823215150314,4.054397,,results/tmp_full_zk_r14_28/zk_jellyfish_zerocheck_hp_bw32_r14.log
zk_jellyfish_zerocheck_hp,qL*w1*fz + qR*w2*fz + qM*w1*w2*fz - qO*w3*fz + q1*w1*fz + q2*w2*fz + q3*w3*fz + q4*w4*fz - qO*w5*fz + qM1*w1*w2*fz + qM2*w3*w4*fz + qH1*w1*w1*w1*w1*w1*fz + qH2*w2*w2*w2*w2*w2*fz + qH3*w3*w3*w3*w3*w3*fz + qH4*w4*w4*w4*w4*w4*fz + qECC*w1*w2*w3*w4*fz + qc*fz,prime-field-montgomery,element,specialized,p32_2^32_minus_5,32,1,0xfffffffb,16,65536,22,7,17,2,10,whole-run,fixed,triton-sumcheck-prime-field-montgomery-element-layout-specialized-points,73.994,16.710,0.000,0.000000,0.000,16.710,ok,cuda-sumcheck-prime-field-montgomery-element-layout-specialized-points,4.49734,4.05379,0,0,0,4.05379,ok,true,3425196206978,3425196206978,4.122068,,results/tmp_full_zk_r14_28/zk_jellyfish_zerocheck_hp_bw32_r16.log
zk_jellyfish_zerocheck_hp,qL*w1*fz + qR*w2*fz + qM*w1*w2*fz - qO*w3*fz + q1*w1*fz + q2*w2*fz + q3*w3*fz + q4*w4*fz - qO*w5*fz + qM1*w1*w2*fz + qM2*w3*w4*fz + qH1*w1*w1*w1*w1*w1*fz + qH2*w2*w2*w2*w2*w2*fz + qH3*w3*w3*w3*w3*w3*fz + qH4*w4*w4*w4*w4*w4*fz + qECC*w1*w2*w3*w4*fz + qc*fz,prime-field-montgomery,element,specialized,p32_2^32_minus_5,32,1,0xfffffffb,18,262144,22,7,17,2,10,whole-run,fixed,triton-sumcheck-prime-field-montgomery-element-layout-specialized-points,82.157,21.565,0.000,0.000000,0.000,21.565,ok,cuda-sumcheck-prime-field-montgomery-element-layout-specialized-points,5.15389,4.67747,0,0,0,4.67747,ok,true,3886855567270,3886855567270,4.610398,,results/tmp_full_zk_r14_28/zk_jellyfish_zerocheck_hp_bw32_r18.log
zk_jellyfish_zerocheck_hp,qL*w1*fz + qR*w2*fz + qM*w1*w2*fz - qO*w3*fz + q1*w1*fz + q2*w2*fz + q3*w3*fz + q4*w4*fz - qO*w5*fz + qM1*w1*w2*fz + qM2*w3*w4*fz + qH1*w1*w1*w1*w1*w1*fz + qH2*w2*w2*w2*w2*w2*fz + qH3*w3*w3*w3*w3*w3*fz + qH4*w4*w4*w4*w4*w4*fz + qECC*w1*w2*w3*w4*fz + qc*fz,prime-field-montgomery,element,specialized,p32_2^32_minus_5,32,1,0xfffffffb,20,1048576,22,7,17,2,10,whole-run,fixed,triton-sumcheck-prime-field-montgomery-element-layout-specialized-points,85.331,27.259,0.000,0.000000,0.000,27.259,ok,cuda-sumcheck-prime-field-montgomery-element-layout-specialized-points,7.64483,7.24387,0,0,0,7.24387,ok,true,4455850897641,4455850897641,3.763044,,results/tmp_full_zk_r14_28/zk_jellyfish_zerocheck_hp_bw32_r20.log
zk_jellyfish_zerocheck_hp,qL*w1*fz + qR*w2*fz + qM*w1*w2*fz - qO*w3*fz + q1*w1*fz + q2*w2*fz + q3*w3*fz + q4*w4*fz - qO*w5*fz + qM1*w1*w2*fz + qM2*w3*w4*fz + qH1*w1*w1*w1*w1*w1*fz + qH2*w2*w2*w2*w2*w2*fz + qH3*w3*w3*w3*w3*w3*fz + qH4*w4*w4*w4*w4*w4*fz + qECC*w1*w2*w3*w4*fz + qc*fz,prime-field-montgomery,element,specialized,p32_2^32_minus_5,32,1,0xfffffffb,22,4194304,22,7,17,2,10,whole-run,fixed,triton-sumcheck-prime-field-montgomery-element-layout-specialized-points,91.298,35.100,0.000,0.000000,0.000,35.100,ok,cuda-sumcheck-prime-field-montgomery-element-layout-specialized-points,11.6305,11.2359,0,0,0,11.2359,ok,true,5014171901635,5014171901635,3.123915,,results/tmp_full_zk_r14_28/zk_jellyfish_zerocheck_hp_bw32_r22.log
zk_jellyfish_zerocheck_hp,qL*w1*fz + qR*w2*fz + qM*w1*w2*fz - qO*w3*fz + q1*w1*fz + q2*w2*fz + q3*w3*fz + q4*w4*fz - qO*w5*fz + qM1*w1*w2*fz + qM2*w3*w4*fz + qH1*w1*w1*w1*w1*w1*fz + qH2*w2*w2*w2*w2*w2*fz + qH3*w3*w3*w3*w3*w3*fz + qH4*w4*w4*w4*w4*w4*fz + qECC*w1*w2*w3*w4*fz + qc*fz,prime-field-montgomery,element,specialized,p32_2^32_minus_5,32,1,0xfffffffb,24,16777216,22,7,17,2,10,whole-run,fixed,triton-sumcheck-prime-field-montgomery-element-layout-specialized-points,120.637,58.983,0.000,0.000000,0.000,58.983,ok,cuda-sumcheck-prime-field-montgomery-element-layout-specialized-points,25.3327,25.0137,0,0,0,25.0137,ok,true,5521674021669,5521674021669,2.358028,,results/tmp_full_zk_r14_28/zk_jellyfish_zerocheck_hp_bw32_r24.log
zk_jellyfish_zerocheck_hp,qL*w1*fz + qR*w2*fz + qM*w1*w2*fz - qO*w3*fz + q1*w1*fz + q2*w2*fz + q3*w3*fz + q4*w4*fz - qO*w5*fz + qM1*w1*w2*fz + qM2*w3*w4*fz + qH1*w1*w1*w1*w1*w1*fz + qH2*w2*w2*w2*w2*w2*fz + qH3*w3*w3*w3*w3*w3*fz + qH4*w4*w4*w4*w4*w4*fz + qECC*w1*w2*w3*w4*fz + qc*fz,prime-field-montgomery,element,specialized,p32_2^32_minus_5,32,1,0xfffffffb,26,67108864,22,7,17,2,10,whole-run,fixed,triton-sumcheck-prime-field-montgomery-element-layout-specialized-points,230.964,152.795,0.000,0.000000,0.000,152.795,ok,cuda-sumcheck-prime-field-montgomery-element-layout-specialized-points,80.6113,80.5301,0,0,0,80.5301,ok,true,5898448727639,5898448727639,1.897365,,results/tmp_full_zk_r14_28/zk_jellyfish_zerocheck_hp_bw32_r26.log
zk_jellyfish_zerocheck_hp,qL*w1*fz + qR*w2*fz + qM*w1*w2*fz - qO*w3*fz + q1*w1*fz + q2*w2*fz + q3*w3*fz + q4*w4*fz - qO*w5*fz + qM1*w1*w2*fz + qM2*w3*w4*fz + qH1*w1*w1*w1*w1*w1*fz + qH2*w2*w2*w2*w2*w2*fz + qH3*w3*w3*w3*w3*w3*fz + qH4*w4*w4*w4*w4*w4*fz + qECC*w1*w2*w3*w4*fz + qc*fz,prime-field-montgomery,element,specialized,,32,,,28,268435456,22,7,17,2,10,whole-run,fixed,,,,,,,,skipped,,,,,,,,skipped,skipped,,,,returncode=1,results/tmp_full_zk_r14_28/zk_jellyfish_zerocheck_hp_bw32_r28.log
zk_jellyfish_zerocheck_hp,qL*w1*fz + qR*w2*fz + qM*w1*w2*fz - qO*w3*fz + q1*w1*fz + q2*w2*fz + q3*w3*fz + q4*w4*fz - qO*w5*fz + qM1*w1*w2*fz + qM2*w3*w4*fz + qH1*w1*w1*w1*w1*w1*fz + qH2*w2*w2*w2*w2*w2*fz + qH3*w3*w3*w3*w3*w3*fz + qH4*w4*w4*w4*w4*w4*fz + qECC*w1*w2*w3*w4*fz + qc*fz,prime-field-montgomery,element,specialized,p64_goldilocks,64,2,0xffffffff00000001,14,16384,22,7,17,2,10,whole-run,fixed,triton-sumcheck-prime-field-montgomery-element-layout-specialized-points,1045677.436,12.956,0.000,0.000000,0.000,12.956,ok,cuda-sumcheck-prime-field-montgomery-element-layout-specialized-points,5.74298,4.66595,0,0,0,4.66595,ok,true,9635345457894,9635345457894,2.776712,,results/tmp_full_zk_r14_28/zk_jellyfish_zerocheck_hp_bw64_r14.log
zk_jellyfish_zerocheck_hp,qL*w1*fz + qR*w2*fz + qM*w1*w2*fz - qO*w3*fz + q1*w1*fz + q2*w2*fz + q3*w3*fz + q4*w4*fz - qO*w5*fz + qM1*w1*w2*fz + qM2*w3*w4*fz + qH1*w1*w1*w1*w1*w1*fz + qH2*w2*w2*w2*w2*w2*fz + qH3*w3*w3*w3*w3*w3*fz + qH4*w4*w4*w4*w4*w4*fz + qECC*w1*w2*w3*w4*fz + qc*fz,prime-field-montgomery,element,specialized,p64_goldilocks,64,2,0xffffffff00000001,16,65536,22,7,17,2,10,whole-run,fixed,triton-sumcheck-prime-field-montgomery-element-layout-specialized-points,88.148,16.537,0.000,0.000000,0.000,16.537,ok,cuda-sumcheck-prime-field-montgomery-element-layout-specialized-points,7.49536,6.33568,0,0,0,6.33568,ok,true,10380823898445,10380823898445,2.610138,,results/tmp_full_zk_r14_28/zk_jellyfish_zerocheck_hp_bw64_r16.log
zk_jellyfish_zerocheck_hp,qL*w1*fz + qR*w2*fz + qM*w1*w2*fz - qO*w3*fz + q1*w1*fz + q2*w2*fz + q3*w3*fz + q4*w4*fz - qO*w5*fz + qM1*w1*w2*fz + qM2*w3*w4*fz + qH1*w1*w1*w1*w1*w1*fz + qH2*w2*w2*w2*w2*w2*fz + qH3*w3*w3*w3*w3*w3*fz + qH4*w4*w4*w4*w4*w4*fz + qECC*w1*w2*w3*w4*fz + qc*fz,prime-field-montgomery,element,specialized,p64_goldilocks,64,2,0xffffffff00000001,18,262144,22,7,17,2,10,whole-run,fixed,triton-sumcheck-prime-field-montgomery-element-layout-specialized-points,93.596,21.443,0.000,0.000000,0.000,21.443,ok,cuda-sumcheck-prime-field-montgomery-element-layout-specialized-points,8.58586,7.51216,0,0,0,7.51216,ok,true,12675677375712,12675677375712,2.854439,,results/tmp_full_zk_r14_28/zk_jellyfish_zerocheck_hp_bw64_r18.log
zk_jellyfish_zerocheck_hp,qL*w1*fz + qR*w2*fz + qM*w1*w2*fz - qO*w3*fz + q1*w1*fz + q2*w2*fz + q3*w3*fz + q4*w4*fz - qO*w5*fz + qM1*w1*w2*fz + qM2*w3*w4*fz + qH1*w1*w1*w1*w1*w1*fz + qH2*w2*w2*w2*w2*w2*fz + qH3*w3*w3*w3*w3*w3*fz + qH4*w4*w4*w4*w4*w4*fz + qECC*w1*w2*w3*w4*fz + qc*fz,prime-field-montgomery,element,specialized,p64_goldilocks,64,2,0xffffffff00000001,20,1048576,22,7,17,2,10,whole-run,fixed,triton-sumcheck-prime-field-montgomery-element-layout-specialized-points,100.128,27.933,0.000,0.000000,0.000,27.933,ok,cuda-sumcheck-prime-field-montgomery-element-layout-specialized-points,13.0328,11.8982,0,0,0,11.8982,ok,true,12979805585500,12979805585500,2.347666,,results/tmp_full_zk_r14_28/zk_jellyfish_zerocheck_hp_bw64_r20.log
zk_jellyfish_zerocheck_hp,qL*w1*fz + qR*w2*fz + qM*w1*w2*fz - qO*w3*fz + q1*w1*fz + q2*w2*fz + q3*w3*fz + q4*w4*fz - qO*w5*fz + qM1*w1*w2*fz + qM2*w3*w4*fz + qH1*w1*w1*w1*w1*w1*fz + qH2*w2*w2*w2*w2*w2*fz + qH3*w3*w3*w3*w3*w3*fz + qH4*w4*w4*w4*w4*w4*fz + qECC*w1*w2*w3*w4*fz + qc*fz,prime-field-montgomery,element,specialized,p64_goldilocks,64,2,0xffffffff00000001,22,4194304,22,7,17,2,10,whole-run,fixed,triton-sumcheck-prime-field-montgomery-element-layout-specialized-points,115.674,42.986,0.000,0.000000,0.000,42.986,ok,cuda-sumcheck-prime-field-montgomery-element-layout-specialized-points,24.6793,23.6645,0,0,0,23.6645,ok,true,14140140380678,14140140380678,1.816476,,results/tmp_full_zk_r14_28/zk_jellyfish_zerocheck_hp_bw64_r22.log
zk_jellyfish_zerocheck_hp,qL*w1*fz + qR*w2*fz + qM*w1*w2*fz - qO*w3*fz + q1*w1*fz + q2*w2*fz + q3*w3*fz + q4*w4*fz - qO*w5*fz + qM1*w1*w2*fz + qM2*w3*w4*fz + qH1*w1*w1*w1*w1*w1*fz + qH2*w2*w2*w2*w2*w2*fz + qH3*w3*w3*w3*w3*w3*fz + qH4*w4*w4*w4*w4*w4*fz + qECC*w1*w2*w3*w4*fz + qc*fz,prime-field-montgomery,element,specialized,p64_goldilocks,64,2,0xffffffff00000001,24,16777216,22,7,17,2,10,whole-run,fixed,triton-sumcheck-prime-field-montgomery-element-layout-specialized-points,183.492,100.692,0.000,0.000000,0.000,100.692,ok,cuda-sumcheck-prime-field-montgomery-element-layout-specialized-points,71.2045,69.9837,0,0,0,69.9837,ok,true,16234202295701,16234202295701,1.438792,,results/tmp_full_zk_r14_28/zk_jellyfish_zerocheck_hp_bw64_r24.log
zk_jellyfish_zerocheck_hp,qL*w1*fz + qR*w2*fz + qM*w1*w2*fz - qO*w3*fz + q1*w1*fz + q2*w2*fz + q3*w3*fz + q4*w4*fz - qO*w5*fz + qM1*w1*w2*fz + qM2*w3*w4*fz + qH1*w1*w1*w1*w1*w1*fz + qH2*w2*w2*w2*w2*w2*fz + qH3*w3*w3*w3*w3*w3*fz + qH4*w4*w4*w4*w4*w4*fz + qECC*w1*w2*w3*w4*fz + qc*fz,prime-field-montgomery,element,specialized,p64_goldilocks,64,2,0xffffffff00000001,26,67108864,22,7,17,2,10,whole-run,fixed,triton-sumcheck-prime-field-montgomery-element-layout-specialized-points,413.912,328.497,0.000,0.000000,0.000,328.497,ok,cuda-sumcheck-prime-field-montgomery-element-layout-specialized-points,255.826,253.204,0,0,0,253.204,ok,true,17964226537127,17964226537127,1.297361,,results/tmp_full_zk_r14_28/zk_jellyfish_zerocheck_hp_bw64_r26.log
zk_jellyfish_zerocheck_hp,qL*w1*fz + qR*w2*fz + qM*w1*w2*fz - qO*w3*fz + q1*w1*fz + q2*w2*fz + q3*w3*fz + q4*w4*fz - qO*w5*fz + qM1*w1*w2*fz + qM2*w3*w4*fz + qH1*w1*w1*w1*w1*w1*fz + qH2*w2*w2*w2*w2*w2*fz + qH3*w3*w3*w3*w3*w3*fz + qH4*w4*w4*w4*w4*w4*fz + qECC*w1*w2*w3*w4*fz + qc*fz,prime-field-montgomery,element,specialized,,64,,,28,268435456,22,7,17,2,10,whole-run,fixed,,,,,,,,skipped,,,,,,,,skipped,skipped,,,,returncode=1,results/tmp_full_zk_r14_28/zk_jellyfish_zerocheck_hp_bw64_r28.log
zk_jellyfish_zerocheck_hp,qL*w1*fz + qR*w2*fz + qM*w1*w2*fz - qO*w3*fz + q1*w1*fz + q2*w2*fz + q3*w3*fz + q4*w4*fz - qO*w5*fz + qM1*w1*w2*fz + qM2*w3*w4*fz + qH1*w1*w1*w1*w1*w1*fz + qH2*w2*w2*w2*w2*w2*fz + qH3*w3*w3*w3*w3*w3*fz + qH4*w4*w4*w4*w4*w4*fz + qECC*w1*w2*w3*w4*fz + qc*fz,prime-field-montgomery,element,specialized,,128,,,14,16384,22,7,17,2,10,whole-run,fixed,,,,,,,,skipped,,,,,,,,skipped,skipped,,,,returncode=1,results/tmp_full_zk_r14_28/zk_jellyfish_zerocheck_hp_bw128_r14.log
zk_jellyfish_zerocheck_hp,qL*w1*fz + qR*w2*fz + qM*w1*w2*fz - qO*w3*fz + q1*w1*fz + q2*w2*fz + q3*w3*fz + q4*w4*fz - qO*w5*fz + qM1*w1*w2*fz + qM2*w3*w4*fz + qH1*w1*w1*w1*w1*w1*fz + qH2*w2*w2*w2*w2*w2*fz + qH3*w3*w3*w3*w3*w3*fz + qH4*w4*w4*w4*w4*w4*fz + qECC*w1*w2*w3*w4*fz + qc*fz,prime-field-montgomery,element,specialized,p128_mersenne_2^127_minus_1,128,4,0x7fffffffffffffffffffffffffffffff,16,65536,22,7,17,2,10,whole-run,fixed,triton-sumcheck-prime-field-montgomery-element-layout-specialized-points,4630905.501,19.496,0.000,0.000000,0.000,19.496,ok,cuda-sumcheck-prime-field-montgomery-element-layout-specialized-points,13.5075,10.8087,0,0,0,10.8087,ok,true,27449386871322,27449386871322,1.803732,,results/tmp_full_zk_r14_28/zk_jellyfish_zerocheck_hp_bw128_r16.log
zk_jellyfish_zerocheck_hp,qL*w1*fz + qR*w2*fz + qM*w1*w2*fz - qO*w3*fz + q1*w1*fz + q2*w2*fz + q3*w3*fz + q4*w4*fz - qO*w5*fz + qM1*w1*w2*fz + qM2*w3*w4*fz + qH1*w1*w1*w1*w1*w1*fz + qH2*w2*w2*w2*w2*w2*fz + qH3*w3*w3*w3*w3*w3*fz + qH4*w4*w4*w4*w4*w4*fz + qECC*w1*w2*w3*w4*fz + qc*fz,prime-field-montgomery,element,specialized,p128_mersenne_2^127_minus_1,128,4,0x7fffffffffffffffffffffffffffffff,18,262144,22,7,17,2,10,whole-run,fixed,triton-sumcheck-prime-field-montgomery-element-layout-specialized-points,147.632,24.449,0.000,0.000000,0.000,24.449,ok,cuda-sumcheck-prime-field-montgomery-element-layout-specialized-points,18.6211,15.7848,0,0,0,15.7848,ok,true,32437158443469,32437158443469,1.548895,,results/tmp_full_zk_r14_28/zk_jellyfish_zerocheck_hp_bw128_r18.log
zk_jellyfish_zerocheck_hp,qL*w1*fz + qR*w2*fz + qM*w1*w2*fz - qO*w3*fz + q1*w1*fz + q2*w2*fz + q3*w3*fz + q4*w4*fz - qO*w5*fz + qM1*w1*w2*fz + qM2*w3*w4*fz + qH1*w1*w1*w1*w1*w1*fz + qH2*w2*w2*w2*w2*w2*fz + qH3*w3*w3*w3*w3*w3*fz + qH4*w4*w4*w4*w4*w4*fz + qECC*w1*w2*w3*w4*fz + qc*fz,prime-field-montgomery,element,specialized,p128_mersenne_2^127_minus_1,128,4,0x7fffffffffffffffffffffffffffffff,20,1048576,22,7,17,2,10,whole-run,fixed,triton-sumcheck-prime-field-montgomery-element-layout-specialized-points,162.446,41.304,0.000,0.000000,0.000,41.304,ok,cuda-sumcheck-prime-field-montgomery-element-layout-specialized-points,34.3828,31.5185,0,0,0,31.5185,ok,true,36290264185734,36290264185734,1.310468,,results/tmp_full_zk_r14_28/zk_jellyfish_zerocheck_hp_bw128_r20.log
zk_jellyfish_zerocheck_hp,qL*w1*fz + qR*w2*fz + qM*w1*w2*fz - qO*w3*fz + q1*w1*fz + q2*w2*fz + q3*w3*fz + q4*w4*fz - qO*w5*fz + qM1*w1*w2*fz + qM2*w3*w4*fz + qH1*w1*w1*w1*w1*w1*fz + qH2*w2*w2*w2*w2*w2*fz + qH3*w3*w3*w3*w3*w3*fz + qH4*w4*w4*w4*w4*w4*fz + qECC*w1*w2*w3*w4*fz + qc*fz,prime-field-montgomery,element,specialized,p128_mersenne_2^127_minus_1,128,4,0x7fffffffffffffffffffffffffffffff,22,4194304,22,7,17,2,10,whole-run,fixed,triton-sumcheck-prime-field-montgomery-element-layout-specialized-points,224.949,102.427,0.000,0.000000,0.000,102.427,ok,cuda-sumcheck-prime-field-montgomery-element-layout-specialized-points,95.477,92.661,0,0,0,92.661,ok,true,39081794519690,39081794519690,1.105395,,results/tmp_full_zk_r14_28/zk_jellyfish_zerocheck_hp_bw128_r22.log
zk_jellyfish_zerocheck_hp,qL*w1*fz + qR*w2*fz + qM*w1*w2*fz - qO*w3*fz + q1*w1*fz + q2*w2*fz + q3*w3*fz + q4*w4*fz - qO*w5*fz + qM1*w1*w2*fz + qM2*w3*w4*fz + qH1*w1*w1*w1*w1*w1*fz + qH2*w2*w2*w2*w2*w2*fz + qH3*w3*w3*w3*w3*w3*fz + qH4*w4*w4*w4*w4*w4*fz + qECC*w1*w2*w3*w4*fz + qc*fz,prime-field-montgomery,element,specialized,p128_mersenne_2^127_minus_1,128,4,0x7fffffffffffffffffffffffffffffff,24,16777216,22,7,17,2,10,whole-run,fixed,triton-sumcheck-prime-field-montgomery-element-layout-specialized-points,477.753,346.462,0.000,0.000000,0.000,346.462,ok,cuda-sumcheck-prime-field-montgomery-element-layout-specialized-points,341.588,337.005,0,0,0,337.005,ok,true,42962542106276,42962542106276,1.028062,,results/tmp_full_zk_r14_28/zk_jellyfish_zerocheck_hp_bw128_r24.log
zk_jellyfish_zerocheck_hp,qL*w1*fz + qR*w2*fz + qM*w1*w2*fz - qO*w3*fz + q1*w1*fz + q2*w2*fz + q3*w3*fz + q4*w4*fz - qO*w5*fz + qM1*w1*w2*fz + qM2*w3*w4*fz + qH1*w1*w1*w1*w1*w1*fz + qH2*w2*w2*w2*w2*w2*fz + qH3*w3*w3*w3*w3*w3*fz + qH4*w4*w4*w4*w4*w4*fz + qECC*w1*w2*w3*w4*fz + qc*fz,prime-field-montgomery,element,specialized,p128_mersenne_2^127_minus_1,128,4,0x7fffffffffffffffffffffffffffffff,26,67108864,22,7,17,2,10,whole-run,fixed,triton-sumcheck-prime-field-montgomery-element-layout-specialized-points,1393.116,1270.266,0.000,0.000000,0.000,1270.266,ok,cuda-sumcheck-prime-field-montgomery-element-layout-specialized-points,1305.41,1302.89,0,0,0,1302.89,ok,true,45100032574545,45100032574545,0.974960,,results/tmp_full_zk_r14_28/zk_jellyfish_zerocheck_hp_bw128_r26.log
zk_jellyfish_zerocheck_hp,qL*w1*fz + qR*w2*fz + qM*w1*w2*fz - qO*w3*fz + q1*w1*fz + q2*w2*fz + q3*w3*fz + q4*w4*fz - qO*w5*fz + qM1*w1*w2*fz + qM2*w3*w4*fz + qH1*w1*w1*w1*w1*w1*fz + qH2*w2*w2*w2*w2*w2*fz + qH3*w3*w3*w3*w3*w3*fz + qH4*w4*w4*w4*w4*w4*fz + qECC*w1*w2*w3*w4*fz + qc*fz,prime-field-montgomery,element,specialized,,128,,,28,268435456,22,7,17,2,10,whole-run,fixed,,,,,,,,skipped,,,,,,,,skipped,skipped,,,,returncode=1,results/tmp_full_zk_r14_28/zk_jellyfish_zerocheck_hp_bw128_r28.log
zk_jellyfish_zerocheck_hp,qL*w1*fz + qR*w2*fz + qM*w1*w2*fz - qO*w3*fz + q1*w1*fz + q2*w2*fz + q3*w3*fz + q4*w4*fz - qO*w5*fz + qM1*w1*w2*fz + qM2*w3*w4*fz + qH1*w1*w1*w1*w1*w1*fz + qH2*w2*w2*w2*w2*w2*fz + qH3*w3*w3*w3*w3*w3*fz + qH4*w4*w4*w4*w4*w4*fz + qECC*w1*w2*w3*w4*fz + qc*fz,prime-field-montgomery,element,specialized,,256,,,14,16384,22,7,17,2,10,whole-run,fixed,,,,,,,,skipped,,,,,,,,skipped,skipped,,,,returncode=1,results/tmp_full_zk_r14_28/zk_jellyfish_zerocheck_hp_bw256_r14.log
zk_jellyfish_zerocheck_hp,qL*w1*fz + qR*w2*fz + qM*w1*w2*fz - qO*w3*fz + q1*w1*fz + q2*w2*fz + q3*w3*fz + q4*w4*fz - qO*w5*fz + qM1*w1*w2*fz + qM2*w3*w4*fz + qH1*w1*w1*w1*w1*w1*fz + qH2*w2*w2*w2*w2*w2*fz + qH3*w3*w3*w3*w3*w3*fz + qH4*w4*w4*w4*w4*w4*fz + qECC*w1*w2*w3*w4*fz + qc*fz,prime-field-montgomery,element,specialized,,256,,,16,65536,22,7,17,2,10,whole-run,fixed,,,,,,,,skipped,,,,,,,,skipped,skipped,,,,returncode=1,results/tmp_full_zk_r14_28/zk_jellyfish_zerocheck_hp_bw256_r16.log
zk_jellyfish_zerocheck_hp,qL*w1*fz + qR*w2*fz + qM*w1*w2*fz - qO*w3*fz + q1*w1*fz + q2*w2*fz + q3*w3*fz + q4*w4*fz - qO*w5*fz + qM1*w1*w2*fz + qM2*w3*w4*fz + qH1*w1*w1*w1*w1*w1*fz + qH2*w2*w2*w2*w2*w2*fz + qH3*w3*w3*w3*w3*w3*fz + qH4*w4*w4*w4*w4*w4*fz + qECC*w1*w2*w3*w4*fz + qc*fz,prime-field-montgomery,element,specialized,,256,,,18,262144,22,7,17,2,10,whole-run,fixed,,,,,,,,skipped,,,,,,,,skipped,skipped,,,,returncode=1,results/tmp_full_zk_r14_28/zk_jellyfish_zerocheck_hp_bw256_r18.log
zk_jellyfish_zerocheck_hp,qL*w1*fz + qR*w2*fz + qM*w1*w2*fz - qO*w3*fz + q1*w1*fz + q2*w2*fz + q3*w3*fz + q4*w4*fz - qO*w5*fz + qM1*w1*w2*fz + qM2*w3*w4*fz + qH1*w1*w1*w1*w1*w1*fz + qH2*w2*w2*w2*w2*w2*fz + qH3*w3*w3*w3*w3*w3*fz + qH4*w4*w4*w4*w4*w4*fz + qECC*w1*w2*w3*w4*fz + qc*fz,prime-field-montgomery,element,specialized,,256,,,20,1048576,22,7,17,2,10,whole-run,fixed,,,,,,,,skipped,,,,,,,,skipped,skipped,,,,returncode=1,results/tmp_full_zk_r14_28/zk_jellyfish_zerocheck_hp_bw256_r20.log
zk_jellyfish_zerocheck_hp,qL*w1*fz + qR*w2*fz + qM*w1*w2*fz - qO*w3*fz + q1*w1*fz + q2*w2*fz + q3*w3*fz + q4*w4*fz - qO*w5*fz + qM1*w1*w2*fz + qM2*w3*w4*fz + qH1*w1*w1*w1*w1*w1*fz + qH2*w2*w2*w2*w2*w2*fz + qH3*w3*w3*w3*w3*w3*fz + qH4*w4*w4*w4*w4*w4*fz + qECC*w1*w2*w3*w4*fz + qc*fz,prime-field-montgomery,element,specialized,,256,,,22,4194304,22,7,17,2,10,whole-run,fixed,,,,,,,,skipped,,,,,,,,skipped,skipped,,,,returncode=1,results/tmp_full_zk_r14_28/zk_jellyfish_zerocheck_hp_bw256_r22.log
zk_jellyfish_zerocheck_hp,qL*w1*fz + qR*w2*fz + qM*w1*w2*fz - qO*w3*fz + q1*w1*fz + q2*w2*fz + q3*w3*fz + q4*w4*fz - qO*w5*fz + qM1*w1*w2*fz + qM2*w3*w4*fz + qH1*w1*w1*w1*w1*w1*fz + qH2*w2*w2*w2*w2*w2*fz + qH3*w3*w3*w3*w3*w3*fz + qH4*w4*w4*w4*w4*w4*fz + qECC*w1*w2*w3*w4*fz + qc*fz,prime-field-montgomery,element,specialized,,256,,,24,16777216,22,7,17,2,10,whole-run,fixed,,,,,,,,skipped,,,,,,,,skipped,skipped,,,,returncode=1,results/tmp_full_zk_r14_28/zk_jellyfish_zerocheck_hp_bw256_r24.log
zk_jellyfish_zerocheck_hp,qL*w1*fz + qR*w2*fz + qM*w1*w2*fz - qO*w3*fz + q1*w1*fz + q2*w2*fz + q3*w3*fz + q4*w4*fz - qO*w5*fz + qM1*w1*w2*fz + qM2*w3*w4*fz + qH1*w1*w1*w1*w1*w1*fz + qH2*w2*w2*w2*w2*w2*fz + qH3*w3*w3*w3*w3*w3*fz + qH4*w4*w4*w4*w4*w4*fz + qECC*w1*w2*w3*w4*fz + qc*fz,prime-field-montgomery,element,specialized,,256,,,26,67108864,22,7,17,2,10,whole-run,fixed,,,,,,,,skipped,,,,,,,,skipped,skipped,,,,returncode=1,results/tmp_full_zk_r14_28/zk_jellyfish_zerocheck_hp_bw256_r26.log
zk_jellyfish_zerocheck_hp,qL*w1*fz + qR*w2*fz + qM*w1*w2*fz - qO*w3*fz + q1*w1*fz + q2*w2*fz + q3*w3*fz + q4*w4*fz - qO*w5*fz + qM1*w1*w2*fz + qM2*w3*w4*fz + qH1*w1*w1*w1*w1*w1*fz + qH2*w2*w2*w2*w2*w2*fz + qH3*w3*w3*w3*w3*w3*fz + qH4*w4*w4*w4*w4*w4*fz + qECC*w1*w2*w3*w4*fz + qc*fz,prime-field-montgomery,element,specialized,,256,,,28,268435456,22,7,17,2,10,whole-run,fixed,,,,,,,,skipped,,,,,,,,skipped,skipped,,,,returncode=1,results/tmp_full_zk_r14_28/zk_jellyfish_zerocheck_hp_bw256_r28.log
zk_jellyfish_permcheck_hp,pi*fz - p1*p2*fz + 7*phi*D1*D2*D3*D4*D5*fz - 7*N1*N2*N3*N4*N5*fz,prime-field-montgomery,element,specialized,p32_2^32_minus_5,32,1,0xfffffffb,14,16384,15,7,4,2,10,whole-run,fixed,triton-sumcheck-prime-field-montgomery-element-layout-specialized-points,30298.490,13.055,0.000,0.000000,0.000,13.055,ok,cuda-sumcheck-prime-field-montgomery-element-layout-specialized-points,3.51085,3.12358,0,0,0,3.12358,ok,true,3038540680682,3038540680682,4.179499,,results/tmp_full_zk_r14_28/zk_jellyfish_permcheck_hp_bw32_r14.log
zk_jellyfish_permcheck_hp,pi*fz - p1*p2*fz + 7*phi*D1*D2*D3*D4*D5*fz - 7*N1*N2*N3*N4*N5*fz,prime-field-montgomery,element,specialized,p32_2^32_minus_5,32,1,0xfffffffb,16,65536,15,7,4,2,10,whole-run,fixed,triton-sumcheck-prime-field-montgomery-element-layout-specialized-points,66.833,16.589,0.000,0.000000,0.000,16.589,ok,cuda-sumcheck-prime-field-montgomery-element-layout-specialized-points,4.14662,3.80835,0,0,0,3.80835,ok,true,3607764786145,3607764786145,4.355955,,results/tmp_full_zk_r14_28/zk_jellyfish_permcheck_hp_bw32_r16.log
zk_jellyfish_permcheck_hp,pi*fz - p1*p2*fz + 7*phi*D1*D2*D3*D4*D5*fz - 7*N1*N2*N3*N4*N5*fz,prime-field-montgomery,element,specialized,p32_2^32_minus_5,32,1,0xfffffffb,18,262144,15,7,4,2,10,whole-run,fixed,triton-sumcheck-prime-field-montgomery-element-layout-specialized-points,70.825,21.306,0.000,0.000000,0.000,21.306,ok,cuda-sumcheck-prime-field-montgomery-element-layout-specialized-points,4.88448,4.55072,0,0,0,4.55072,ok,true,4164843840404,4164843840404,4.681896,,results/tmp_full_zk_r14_28/zk_jellyfish_permcheck_hp_bw32_r18.log
zk_jellyfish_permcheck_hp,pi*fz - p1*p2*fz + 7*phi*D1*D2*D3*D4*D5*fz - 7*N1*N2*N3*N4*N5*fz,prime-field-montgomery,element,specialized,p32_2^32_minus_5,32,1,0xfffffffb,20,1048576,15,7,4,2,10,whole-run,fixed,triton-sumcheck-prime-field-montgomery-element-layout-specialized-points,77.323,26.697,0.000,0.000000,0.000,26.697,ok,cuda-sumcheck-prime-field-montgomery-element-layout-specialized-points,6.25933,5.94813,0,0,0,5.94813,ok,true,4469485076667,4469485076667,4.488301,,results/tmp_full_zk_r14_28/zk_jellyfish_permcheck_hp_bw32_r20.log
zk_jellyfish_permcheck_hp,pi*fz - p1*p2*fz + 7*phi*D1*D2*D3*D4*D5*fz - 7*N1*N2*N3*N4*N5*fz,prime-field-montgomery,element,specialized,p32_2^32_minus_5,32,1,0xfffffffb,22,4194304,15,7,4,2,10,whole-run,fixed,triton-sumcheck-prime-field-montgomery-element-layout-specialized-points,82.235,32.980,0.000,0.000000,0.000,32.980,ok,cuda-sumcheck-prime-field-montgomery-element-layout-specialized-points,9.64298,9.31952,0,0,0,9.31952,ok,true,5088345158793,5088345158793,3.538809,,results/tmp_full_zk_r14_28/zk_jellyfish_permcheck_hp_bw32_r22.log
zk_jellyfish_permcheck_hp,pi*fz - p1*p2*fz + 7*phi*D1*D2*D3*D4*D5*fz - 7*N1*N2*N3*N4*N5*fz,prime-field-montgomery,element,specialized,p32_2^32_minus_5,32,1,0xfffffffb,24,16777216,15,7,4,2,10,whole-run,fixed,triton-sumcheck-prime-field-montgomery-element-layout-specialized-points,102.805,50.100,0.000,0.000000,0.000,50.100,ok,cuda-sumcheck-prime-field-montgomery-element-layout-specialized-points,18.8311,18.565,0,0,0,18.565,ok,true,5423422964271,5423422964271,2.698626,,results/tmp_full_zk_r14_28/zk_jellyfish_permcheck_hp_bw32_r24.log
zk_jellyfish_permcheck_hp,pi*fz - p1*p2*fz + 7*phi*D1*D2*D3*D4*D5*fz - 7*N1*N2*N3*N4*N5*fz,prime-field-montgomery,element,specialized,p32_2^32_minus_5,32,1,0xfffffffb,26,67108864,15,7,4,2,10,whole-run,fixed,triton-sumcheck-prime-field-montgomery-element-layout-specialized-points,164.376,114.328,0.000,0.000000,0.000,114.328,ok,cuda-sumcheck-prime-field-montgomery-element-layout-specialized-points,53.8671,53.6844,0,0,0,53.6844,ok,true,5946919357457,5946919357457,2.129632,,results/tmp_full_zk_r14_28/zk_jellyfish_permcheck_hp_bw32_r26.log
zk_jellyfish_permcheck_hp,pi*fz - p1*p2*fz + 7*phi*D1*D2*D3*D4*D5*fz - 7*N1*N2*N3*N4*N5*fz,prime-field-montgomery,element,specialized,,32,,,28,268435456,15,7,4,2,10,whole-run,fixed,,,,,,,,skipped,,,,,,,,skipped,skipped,,,,returncode=1,results/tmp_full_zk_r14_28/zk_jellyfish_permcheck_hp_bw32_r28.log
zk_jellyfish_permcheck_hp,pi*fz - p1*p2*fz + 7*phi*D1*D2*D3*D4*D5*fz - 7*N1*N2*N3*N4*N5*fz,prime-field-montgomery,element,specialized,p64_goldilocks,64,2,0xffffffff00000001,14,16384,15,7,4,2,10,whole-run,fixed,triton-sumcheck-prime-field-montgomery-element-layout-specialized-points,266531.300,13.123,0.000,0.000000,0.000,13.123,ok,cuda-sumcheck-prime-field-montgomery-element-layout-specialized-points,4.39386,3.78314,0,0,0,3.78314,ok,true,9848259468086,9848259468086,3.468812,,results/tmp_full_zk_r14_28/zk_jellyfish_permcheck_hp_bw64_r14.log
zk_jellyfish_permcheck_hp,pi*fz - p1*p2*fz + 7*phi*D1*D2*D3*D4*D5*fz - 7*N1*N2*N3*N4*N5*fz,prime-field-montgomery,element,specialized,p64_goldilocks,64,2,0xffffffff00000001,16,65536,15,7,4,2,10,whole-run,fixed,triton-sumcheck-prime-field-montgomery-element-layout-specialized-points,75.265,16.791,0.000,0.000000,0.000,16.791,ok,cuda-sumcheck-prime-field-montgomery-element-layout-specialized-points,5.19805,4.5057,0,0,0,4.5057,ok,true,10144292711527,10144292711527,3.726613,,results/tmp_full_zk_r14_28/zk_jellyfish_permcheck_hp_bw64_r16.log
zk_jellyfish_permcheck_hp,pi*fz - p1*p2*fz + 7*phi*D1*D2*D3*D4*D5*fz - 7*N1*N2*N3*N4*N5*fz,prime-field-montgomery,element,specialized,p64_goldilocks,64,2,0xffffffff00000001,18,262144,15,7,4,2,10,whole-run,fixed,triton-sumcheck-prime-field-montgomery-element-layout-specialized-points,78.960,21.555,0.000,0.000000,0.000,21.555,ok,cuda-sumcheck-prime-field-montgomery-element-layout-specialized-points,6.17219,5.55555,0,0,0,5.55555,ok,true,12251166593419,12251166593419,3.879904,,results/tmp_full_zk_r14_28/zk_jellyfish_permcheck_hp_bw64_r18.log
zk_jellyfish_permcheck_hp,pi*fz - p1*p2*fz + 7*phi*D1*D2*D3*D4*D5*fz - 7*N1*N2*N3*N4*N5*fz,prime-field-montgomery,element,specialized,p64_goldilocks,64,2,0xffffffff00000001,20,1048576,15,7,4,2,10,whole-run,fixed,triton-sumcheck-prime-field-montgomery-element-layout-specialized-points,84.841,26.813,0.000,0.000000,0.000,26.813,ok,cuda-sumcheck-prime-field-montgomery-element-layout-specialized-points,8.76294,8.1672,0,0,0,8.1672,ok,true,13188211435815,13188211435815,3.283010,,results/tmp_full_zk_r14_28/zk_jellyfish_permcheck_hp_bw64_r20.log
zk_jellyfish_permcheck_hp,pi*fz - p1*p2*fz + 7*phi*D1*D2*D3*D4*D5*fz - 7*N1*N2*N3*N4*N5*fz,prime-field-montgomery,element,specialized,p64_goldilocks,64,2,0xffffffff00000001,22,4194304,15,7,4,2,10,whole-run,fixed,triton-sumcheck-prime-field-montgomery-element-layout-specialized-points,93.180,36.163,0.000,0.000000,0.000,36.163,ok,cuda-sumcheck-prime-field-montgomery-element-layout-specialized-points,14.5237,13.915,0,0,0,13.915,ok,true,14893023102763,14893023102763,2.598850,,results/tmp_full_zk_r14_28/zk_jellyfish_permcheck_hp_bw64_r22.log
zk_jellyfish_permcheck_hp,pi*fz - p1*p2*fz + 7*phi*D1*D2*D3*D4*D5*fz - 7*N1*N2*N3*N4*N5*fz,prime-field-montgomery,element,specialized,p64_goldilocks,64,2,0xffffffff00000001,24,16777216,15,7,4,2,10,whole-run,fixed,triton-sumcheck-prime-field-montgomery-element-layout-specialized-points,126.566,64.430,0.000,0.000000,0.000,64.430,ok,cuda-sumcheck-prime-field-montgomery-element-layout-specialized-points,35.4587,34.6068,0,0,0,34.6068,ok,true,16524395014608,16524395014608,1.861773,,results/tmp_full_zk_r14_28/zk_jellyfish_permcheck_hp_bw64_r24.log
zk_jellyfish_permcheck_hp,pi*fz - p1*p2*fz + 7*phi*D1*D2*D3*D4*D5*fz - 7*N1*N2*N3*N4*N5*fz,prime-field-montgomery,element,specialized,p64_goldilocks,64,2,0xffffffff00000001,26,67108864,15,7,4,2,10,whole-run,fixed,triton-sumcheck-prime-field-montgomery-element-layout-specialized-points,244.701,175.099,0.000,0.000000,0.000,175.099,ok,cuda-sumcheck-prime-field-montgomery-element-layout-specialized-points,116.184,115.734,0,0,0,115.734,ok,true,17503020467140,17503020467140,1.512943,,results/tmp_full_zk_r14_28/zk_jellyfish_permcheck_hp_bw64_r26.log
zk_jellyfish_permcheck_hp,pi*fz - p1*p2*fz + 7*phi*D1*D2*D3*D4*D5*fz - 7*N1*N2*N3*N4*N5*fz,prime-field-montgomery,element,specialized,,64,,,28,268435456,15,7,4,2,10,whole-run,fixed,,,,,,,,skipped,,,,,,,,skipped,skipped,,,,returncode=1,results/tmp_full_zk_r14_28/zk_jellyfish_permcheck_hp_bw64_r28.log
zk_jellyfish_permcheck_hp,pi*fz - p1*p2*fz + 7*phi*D1*D2*D3*D4*D5*fz - 7*N1*N2*N3*N4*N5*fz,prime-field-montgomery,element,specialized,p128_mersenne_2^127_minus_1,128,4,0x7fffffffffffffffffffffffffffffff,14,16384,15,7,4,2,10,whole-run,fixed,triton-sumcheck-prime-field-montgomery-element-layout-specialized-points,3136460.363,13.325,0.000,0.000000,0.000,13.325,ok,cuda-sumcheck-prime-field-montgomery-element-layout-specialized-points,6.75206,5.40278,0,0,0,5.40278,ok,true,24320270181376,24320270181376,2.466323,,results/tmp_full_zk_r14_28/zk_jellyfish_permcheck_hp_bw128_r14.log
zk_jellyfish_permcheck_hp,pi*fz - p1*p2*fz + 7*phi*D1*D2*D3*D4*D5*fz - 7*N1*N2*N3*N4*N5*fz,prime-field-montgomery,element,specialized,p128_mersenne_2^127_minus_1,128,4,0x7fffffffffffffffffffffffffffffff,16,65536,15,7,4,2,10,whole-run,fixed,triton-sumcheck-prime-field-montgomery-element-layout-specialized-points,92.248,17.279,0.000,0.000000,0.000,17.279,ok,cuda-sumcheck-prime-field-montgomery-element-layout-specialized-points,7.55021,6.26973,0,0,0,6.26973,ok,true,29557530134080,29557530134080,2.755940,,results/tmp_full_zk_r14_28/zk_jellyfish_permcheck_hp_bw128_r16.log
zk_jellyfish_permcheck_hp,pi*fz - p1*p2*fz + 7*phi*D1*D2*D3*D4*D5*fz - 7*N1*N2*N3*N4*N5*fz,prime-field-montgomery,element,specialized,p128_mersenne_2^127_minus_1,128,4,0x7fffffffffffffffffffffffffffffff,18,262144,15,7,4,2,10,whole-run,fixed,triton-sumcheck-prime-field-montgomery-element-layout-specialized-points,96.839,21.880,0.000,0.000000,0.000,21.880,ok,cuda-sumcheck-prime-field-montgomery-element-layout-specialized-points,9.47203,8.22483,0,0,0,8.22483,ok,true,32796138600446,32796138600446,2.660237,,results/tmp_full_zk_r14_28/zk_jellyfish_permcheck_hp_bw128_r18.log
zk_jellyfish_permcheck_hp,pi*fz - p1*p2*fz + 7*phi*D1*D2*D3*D4*D5*fz - 7*N1*N2*N3*N4*N5*fz,prime-field-montgomery,element,specialized,p128_mersenne_2^127_minus_1,128,4,0x7fffffffffffffffffffffffffffffff,20,1048576,15,7,4,2,10,whole-run,fixed,triton-sumcheck-prime-field-montgomery-element-layout-specialized-points,103.594,28.236,0.000,0.000000,0.000,28.236,ok,cuda-sumcheck-prime-field-montgomery-element-layout-specialized-points,13.8364,12.5835,0,0,0,12.5835,ok,true,35601074222428,35601074222428,2.243891,,results/tmp_full_zk_r14_28/zk_jellyfish_permcheck_hp_bw128_r20.log
zk_jellyfish_permcheck_hp,pi*fz - p1*p2*fz + 7*phi*D1*D2*D3*D4*D5*fz - 7*N1*N2*N3*N4*N5*fz,prime-field-montgomery,element,specialized,p128_mersenne_2^127_minus_1,128,4,0x7fffffffffffffffffffffffffffffff,22,4194304,15,7,4,2,10,whole-run,fixed,triton-sumcheck-prime-field-montgomery-element-layout-specialized-points,122.562,47.762,0.000,0.000000,0.000,47.762,ok,cuda-sumcheck-prime-field-montgomery-element-layout-specialized-points,28.5288,27.4083,0,0,0,27.4083,ok,true,39738028629364,39738028629364,1.742611,,results/tmp_full_zk_r14_28/zk_jellyfish_permcheck_hp_bw128_r22.log
zk_jellyfish_permcheck_hp,pi*fz - p1*p2*fz + 7*phi*D1*D2*D3*D4*D5*fz - 7*N1*N2*N3*N4*N5*fz,prime-field-montgomery,element,specialized,p128_mersenne_2^127_minus_1,128,4,0x7fffffffffffffffffffffffffffffff,24,16777216,15,7,4,2,10,whole-run,fixed,triton-sumcheck-prime-field-montgomery-element-layout-specialized-points,202.058,120.038,0.000,0.000000,0.000,120.038,ok,cuda-sumcheck-prime-field-montgomery-element-layout-specialized-points,83.4507,82.2471,0,0,0,82.2471,ok,true,42414045373349,42414045373349,1.459480,,results/tmp_full_zk_r14_28/zk_jellyfish_permcheck_hp_bw128_r24.log
zk_jellyfish_permcheck_hp,pi*fz - p1*p2*fz + 7*phi*D1*D2*D3*D4*D5*fz - 7*N1*N2*N3*N4*N5*fz,prime-field-montgomery,element,specialized,p128_mersenne_2^127_minus_1,128,4,0x7fffffffffffffffffffffffffffffff,26,67108864,15,7,4,2,10,whole-run,fixed,triton-sumcheck-prime-field-montgomery-element-layout-specialized-points,477.221,403.026,0.000,0.000000,0.000,403.026,ok,cuda-sumcheck-prime-field-montgomery-element-layout-specialized-points,299.789,298.568,0,0,0,298.568,ok,true,46033492769966,46033492769966,1.349863,,results/tmp_full_zk_r14_28/zk_jellyfish_permcheck_hp_bw128_r26.log
zk_jellyfish_permcheck_hp,pi*fz - p1*p2*fz + 7*phi*D1*D2*D3*D4*D5*fz - 7*N1*N2*N3*N4*N5*fz,prime-field-montgomery,element,specialized,,128,,,28,268435456,15,7,4,2,10,whole-run,fixed,,,,,,,,skipped,,,,,,,,skipped,skipped,,,,returncode=1,results/tmp_full_zk_r14_28/zk_jellyfish_permcheck_hp_bw128_r28.log
zk_jellyfish_permcheck_hp,pi*fz - p1*p2*fz + 7*phi*D1*D2*D3*D4*D5*fz - 7*N1*N2*N3*N4*N5*fz,prime-field-montgomery,element,specialized,,256,,,14,16384,15,7,4,2,10,whole-run,fixed,,,,,,,,skipped,,,,,,,,skipped,skipped,,,,returncode=1,results/tmp_full_zk_r14_28/zk_jellyfish_permcheck_hp_bw256_r14.log
zk_jellyfish_permcheck_hp,pi*fz - p1*p2*fz + 7*phi*D1*D2*D3*D4*D5*fz - 7*N1*N2*N3*N4*N5*fz,prime-field-montgomery,element,specialized,p255_bls12_381_scalar,256,8,0x73eda753299d7d483339d80809a1d80553bda402fffe5bfeffffffff00000001,16,65536,15,7,4,2,10,whole-run,fixed,triton-sumcheck-prime-field-montgomery-element-layout-specialized-points,43874707.323,20.654,0.000,0.000000,0.000,20.654,ok,cuda-sumcheck-prime-field-montgomery-element-layout-specialized-points,14.9596,12.0243,0,0,0,12.0243,ok,true,112702504106491,112702504106491,1.717688,,results/tmp_full_zk_r14_28/zk_jellyfish_permcheck_hp_bw256_r16.log
zk_jellyfish_permcheck_hp,pi*fz - p1*p2*fz + 7*phi*D1*D2*D3*D4*D5*fz - 7*N1*N2*N3*N4*N5*fz,prime-field-montgomery,element,specialized,p255_bls12_381_scalar,256,8,0x73eda753299d7d483339d80809a1d80553bda402fffe5bfeffffffff00000001,18,262144,15,7,4,2,10,whole-run,fixed,triton-sumcheck-prime-field-montgomery-element-layout-specialized-points,164.611,30.458,0.000,0.000000,0.000,30.458,ok,cuda-sumcheck-prime-field-montgomery-element-layout-specialized-points,21.6166,18.5847,0,0,0,18.5847,ok,true,129097695424685,129097695424685,1.638875,,results/tmp_full_zk_r14_28/zk_jellyfish_permcheck_hp_bw256_r18.log
zk_jellyfish_permcheck_hp,pi*fz - p1*p2*fz + 7*phi*D1*D2*D3*D4*D5*fz - 7*N1*N2*N3*N4*N5*fz,prime-field-montgomery,element,specialized,p255_bls12_381_scalar,256,8,0x73eda753299d7d483339d80809a1d80553bda402fffe5bfeffffffff00000001,20,1048576,15,7,4,2,10,whole-run,fixed,triton-sumcheck-prime-field-montgomery-element-layout-specialized-points,191.617,55.820,0.000,0.000000,0.000,55.820,ok,cuda-sumcheck-prime-field-montgomery-element-layout-specialized-points,44.3951,41.342,0,0,0,41.342,ok,true,144017082122277,144017082122277,1.350201,,results/tmp_full_zk_r14_28/zk_jellyfish_permcheck_hp_bw256_r20.log
zk_jellyfish_permcheck_hp,pi*fz - p1*p2*fz + 7*phi*D1*D2*D3*D4*D5*fz - 7*N1*N2*N3*N4*N5*fz,prime-field-montgomery,element,specialized,p255_bls12_381_scalar,256,8,0x73eda753299d7d483339d80809a1d80553bda402fffe5bfeffffffff00000001,22,4194304,15,7,4,2,10,whole-run,fixed,triton-sumcheck-prime-field-montgomery-element-layout-specialized-points,298.321,157.687,0.000,0.000000,0.000,157.687,ok,cuda-sumcheck-prime-field-montgomery-element-layout-specialized-points,131.776,128.698,0,0,0,128.698,ok,true,154700686106837,154700686106837,1.225248,,results/tmp_full_zk_r14_28/zk_jellyfish_permcheck_hp_bw256_r22.log
zk_jellyfish_permcheck_hp,pi*fz - p1*p2*fz + 7*phi*D1*D2*D3*D4*D5*fz - 7*N1*N2*N3*N4*N5*fz,prime-field-montgomery,element,specialized,p255_bls12_381_scalar,256,8,0x73eda753299d7d483339d80809a1d80553bda402fffe5bfeffffffff00000001,24,16777216,15,7,4,2,10,whole-run,fixed,triton-sumcheck-prime-field-montgomery-element-layout-specialized-points,698.307,555.017,0.000,0.000000,0.000,555.017,ok,cuda-sumcheck-prime-field-montgomery-element-layout-specialized-points,481.294,474.361,0,0,0,474.361,ok,true,166766272294648,166766272294648,1.170031,,results/tmp_full_zk_r14_28/zk_jellyfish_permcheck_hp_bw256_r24.log
zk_jellyfish_permcheck_hp,pi*fz - p1*p2*fz + 7*phi*D1*D2*D3*D4*D5*fz - 7*N1*N2*N3*N4*N5*fz,prime-field-montgomery,element,specialized,,256,,,26,67108864,15,7,4,2,10,whole-run,fixed,,,,,,,,skipped,,,,,,,,skipped,skipped,,,,returncode=1,results/tmp_full_zk_r14_28/zk_jellyfish_permcheck_hp_bw256_r26.log
zk_jellyfish_permcheck_hp,pi*fz - p1*p2*fz + 7*phi*D1*D2*D3*D4*D5*fz - 7*N1*N2*N3*N4*N5*fz,prime-field-montgomery,element,specialized,,256,,,28,268435456,15,7,4,2,10,whole-run,fixed,,,,,,,,skipped,,,,,,,,skipped,skipped,,,,returncode=1,results/tmp_full_zk_r14_28/zk_jellyfish_permcheck_hp_bw256_r28.log
zk_opencheck,y1*k1 + y2*k2 + y3*k3 + y4*k4 + y5*k5 + y6*k6,prime-field-montgomery,element,specialized,p32_2^32_minus_5,32,1,0xfffffffb,14,16384,12,2,6,2,10,whole-run,fixed,triton-sumcheck-prime-field-montgomery-element-layout-specialized-points,3479.195,5.242,0.000,0.000000,0.000,5.242,ok,cuda-sumcheck-prime-field-montgomery-element-layout-specialized-points,1.34973,1.17242,0,0,0,1.17242,ok,true,1262833058942,1262833058942,4.471094,,results/tmp_full_zk_r14_28/zk_opencheck_bw32_r14.log
zk_opencheck,y1*k1 + y2*k2 + y3*k3 + y4*k4 + y5*k5 + y6*k6,prime-field-montgomery,element,specialized,p32_2^32_minus_5,32,1,0xfffffffb,16,65536,12,2,6,2,10,whole-run,fixed,triton-sumcheck-prime-field-montgomery-element-layout-specialized-points,42.746,6.732,0.000,0.000000,0.000,6.732,ok,cuda-sumcheck-prime-field-montgomery-element-layout-specialized-points,1.57949,1.44173,0,0,0,1.44173,ok,true,1232564667737,1232564667737,4.669390,,results/tmp_full_zk_r14_28/zk_opencheck_bw32_r16.log
zk_opencheck,y1*k1 + y2*k2 + y3*k3 + y4*k4 + y5*k5 + y6*k6,prime-field-montgomery,element,specialized,p32_2^32_minus_5,32,1,0xfffffffb,18,262144,12,2,6,2,10,whole-run,fixed,triton-sumcheck-prime-field-montgomery-element-layout-specialized-points,45.074,8.448,0.000,0.000000,0.000,8.448,ok,cuda-sumcheck-prime-field-montgomery-element-layout-specialized-points,1.87334,1.72064,0,0,0,1.72064,ok,true,1515483297588,1515483297588,4.909801,,results/tmp_full_zk_r14_28/zk_opencheck_bw32_r18.log
zk_opencheck,y1*k1 + y2*k2 + y3*k3 + y4*k4 + y5*k5 + y6*k6,prime-field-montgomery,element,specialized,p32_2^32_minus_5,32,1,0xfffffffb,20,1048576,12,2,6,2,10,whole-run,fixed,triton-sumcheck-prime-field-montgomery-element-layout-specialized-points,46.627,10.573,0.000,0.000000,0.000,10.573,ok,cuda-sumcheck-prime-field-montgomery-element-layout-specialized-points,2.40141,2.2639,0,0,0,2.2639,ok,true,1745741771670,1745741771670,4.670259,,results/tmp_full_zk_r14_28/zk_opencheck_bw32_r20.log
zk_opencheck,y1*k1 + y2*k2 + y3*k3 + y4*k4 + y5*k5 + y6*k6,prime-field-montgomery,element,specialized,p32_2^32_minus_5,32,1,0xfffffffb,22,4194304,12,2,6,2,10,whole-run,fixed,triton-sumcheck-prime-field-montgomery-element-layout-specialized-points,48.768,13.017,0.000,0.000000,0.000,13.017,ok,cuda-sumcheck-prime-field-montgomery-element-layout-specialized-points,3.41565,3.32858,0,0,0,3.32858,ok,true,1677483160366,1677483160366,3.910677,,results/tmp_full_zk_r14_28/zk_opencheck_bw32_r22.log
zk_opencheck,y1*k1 + y2*k2 + y3*k3 + y4*k4 + y5*k5 + y6*k6,prime-field-montgomery,element,specialized,p32_2^32_minus_5,32,1,0xfffffffb,24,16777216,12,2,6,2,10,whole-run,fixed,triton-sumcheck-prime-field-montgomery-element-layout-specialized-points,53.321,19.148,0.000,0.000000,0.000,19.148,ok,cuda-sumcheck-prime-field-montgomery-element-layout-specialized-points,6.94147,6.79213,0,0,0,6.79213,ok,true,2100535341255,2100535341255,2.819145,,results/tmp_full_zk_r14_28/zk_opencheck_bw32_r24.log
zk_opencheck,y1*k1 + y2*k2 + y3*k3 + y4*k4 + y5*k5 + y6*k6,prime-field-montgomery,element,specialized,p32_2^32_minus_5,32,1,0xfffffffb,26,67108864,12,2,6,2,10,whole-run,fixed,triton-sumcheck-prime-field-montgomery-element-layout-specialized-points,75.133,38.611,0.000,0.000000,0.000,38.611,ok,cuda-sumcheck-prime-field-montgomery-element-layout-specialized-points,19.5904,19.4696,0,0,0,19.4696,ok,true,2306713193538,2306713193538,1.983143,,results/tmp_full_zk_r14_28/zk_opencheck_bw32_r26.log
zk_opencheck,y1*k1 + y2*k2 + y3*k3 + y4*k4 + y5*k5 + y6*k6,prime-field-montgomery,element,specialized,,32,,,28,268435456,12,2,6,2,10,whole-run,fixed,,,,,,,,skipped,,,,,,,,skipped,skipped,,,,returncode=1,results/tmp_full_zk_r14_28/zk_opencheck_bw32_r28.log
zk_opencheck,y1*k1 + y2*k2 + y3*k3 + y4*k4 + y5*k5 + y6*k6,prime-field-montgomery,element,specialized,p64_goldilocks,64,2,0xffffffff00000001,14,16384,12,2,6,2,10,whole-run,fixed,triton-sumcheck-prime-field-montgomery-element-layout-specialized-points,15346.874,5.304,0.000,0.000000,0.000,5.304,ok,cuda-sumcheck-prime-field-montgomery-element-layout-specialized-points,1.3959,1.20803,0,0,0,1.20803,ok,true,3480229742626,3480229742626,4.390619,,results/tmp_full_zk_r14_28/zk_opencheck_bw64_r14.log
zk_opencheck,y1*k1 + y2*k2 + y3*k3 + y4*k4 + y5*k5 + y6*k6,prime-field-montgomery,element,specialized,p64_goldilocks,64,2,0xffffffff00000001,16,65536,12,2,6,2,10,whole-run,fixed,triton-sumcheck-prime-field-montgomery-element-layout-specialized-points,42.825,6.707,0.000,0.000000,0.000,6.707,ok,cuda-sumcheck-prime-field-montgomery-element-layout-specialized-points,1.69491,1.44589,0,0,0,1.44589,ok,true,4159848355624,4159848355624,4.638665,,results/tmp_full_zk_r14_28/zk_opencheck_bw64_r16.log
zk_opencheck,y1*k1 + y2*k2 + y3*k3 + y4*k4 + y5*k5 + y6*k6,prime-field-montgomery,element,specialized,p64_goldilocks,64,2,0xffffffff00000001,18,262144,12,2,6,2,10,whole-run,fixed,triton-sumcheck-prime-field-montgomery-element-layout-specialized-points,44.415,8.556,0.000,0.000000,0.000,8.556,ok,cuda-sumcheck-prime-field-montgomery-element-layout-specialized-points,2.02045,1.83254,0,0,0,1.83254,ok,true,4387027810490,4387027810490,4.668929,,results/tmp_full_zk_r14_28/zk_opencheck_bw64_r18.log
zk_opencheck,y1*k1 + y2*k2 + y3*k3 + y4*k4 + y5*k5 + y6*k6,prime-field-montgomery,element,specialized,p64_goldilocks,64,2,0xffffffff00000001,20,1048576,12,2,6,2,10,whole-run,fixed,triton-sumcheck-prime-field-montgomery-element-layout-specialized-points,46.376,10.558,0.000,0.000000,0.000,10.558,ok,cuda-sumcheck-prime-field-montgomery-element-layout-specialized-points,2.68003,2.52467,0,0,0,2.52467,ok,true,4661775753583,4661775753583,4.181933,,results/tmp_full_zk_r14_28/zk_opencheck_bw64_r20.log
zk_opencheck,y1*k1 + y2*k2 + y3*k3 + y4*k4 + y5*k5 + y6*k6,prime-field-montgomery,element,specialized,p64_goldilocks,64,2,0xffffffff00000001,22,4194304,12,2,6,2,10,whole-run,fixed,triton-sumcheck-prime-field-montgomery-element-layout-specialized-points,49.941,13.413,0.000,0.000000,0.000,13.413,ok,cuda-sumcheck-prime-field-montgomery-element-layout-specialized-points,4.90669,4.63802,0,0,0,4.63802,ok,true,5791359821910,5791359821910,2.891967,,results/tmp_full_zk_r14_28/zk_opencheck_bw64_r22.log
zk_opencheck,y1*k1 + y2*k2 + y3*k3 + y4*k4 + y5*k5 + y6*k6,prime-field-montgomery,element,specialized,p64_goldilocks,64,2,0xffffffff00000001,24,16777216,12,2,6,2,10,whole-run,fixed,triton-sumcheck-prime-field-montgomery-element-layout-specialized-points,57.161,21.281,0.000,0.000000,0.000,21.281,ok,cuda-sumcheck-prime-field-montgomery-element-layout-specialized-points,11.0825,10.9264,0,0,0,10.9264,ok,true,6247610036291,6247610036291,1.947668,,results/tmp_full_zk_r14_28/zk_opencheck_bw64_r24.log
zk_opencheck,y1*k1 + y2*k2 + y3*k3 + y4*k4 + y5*k5 + y6*k6,prime-field-montgomery,element,specialized,p64_goldilocks,64,2,0xffffffff00000001,26,67108864,12,2,6,2,10,whole-run,fixed,triton-sumcheck-prime-field-montgomery-element-layout-specialized-points,85.376,49.655,0.000,0.000000,0.000,49.655,ok,cuda-sumcheck-prime-field-montgomery-element-layout-specialized-points,35.9203,35.7313,0,0,0,35.7313,ok,true,5533862466535,5533862466535,1.389678,,results/tmp_full_zk_r14_28/zk_opencheck_bw64_r26.log
zk_opencheck,y1*k1 + y2*k2 + y3*k3 + y4*k4 + y5*k5 + y6*k6,prime-field-montgomery,element,specialized,,64,,,28,268435456,12,2,6,2,10,whole-run,fixed,,,,,,,,skipped,,,,,,,,skipped,skipped,,,,returncode=1,results/tmp_full_zk_r14_28/zk_opencheck_bw64_r28.log
zk_opencheck,y1*k1 + y2*k2 + y3*k3 + y4*k4 + y5*k5 + y6*k6,prime-field-montgomery,element,specialized,p128_mersenne_2^127_minus_1,128,4,0x7fffffffffffffffffffffffffffffff,14,16384,12,2,6,2,10,whole-run,fixed,triton-sumcheck-prime-field-montgomery-element-layout-specialized-points,142042.558,5.316,0.000,0.000000,0.000,5.316,ok,cuda-sumcheck-prime-field-montgomery-element-layout-specialized-points,1.63696,1.33446,0,0,0,1.33446,ok,true,3576456072072,3576456072072,3.983634,,results/tmp_full_zk_r14_28/zk_opencheck_bw128_r14.log
zk_opencheck,y1*k1 + y2*k2 + y3*k3 + y4*k4 + y5*k5 + y6*k6,prime-field-montgomery,element,specialized,p128_mersenne_2^127_minus_1,128,4,0x7fffffffffffffffffffffffffffffff,16,65536,12,2,6,2,10,whole-run,fixed,triton-sumcheck-prime-field-montgomery-element-layout-specialized-points,46.287,6.920,0.000,0.000000,0.000,6.920,ok,cuda-sumcheck-prime-field-montgomery-element-layout-specialized-points,1.9352,1.65002,0,0,0,1.65002,ok,true,4361471618634,4361471618634,4.193889,,results/tmp_full_zk_r14_28/zk_opencheck_bw128_r16.log
zk_opencheck,y1*k1 + y2*k2 + y3*k3 + y4*k4 + y5*k5 + y6*k6,prime-field-montgomery,element,specialized,p128_mersenne_2^127_minus_1,128,4,0x7fffffffffffffffffffffffffffffff,18,262144,12,2,6,2,10,whole-run,fixed,triton-sumcheck-prime-field-montgomery-element-layout-specialized-points,48.679,8.654,0.000,0.000000,0.000,8.654,ok,cuda-sumcheck-prime-field-montgomery-element-layout-specialized-points,2.36138,2.1072,0,0,0,2.1072,ok,true,4608918468024,4608918468024,4.106872,,results/tmp_full_zk_r14_28/zk_opencheck_bw128_r18.log
zk_opencheck,y1*k1 + y2*k2 + y3*k3 + y4*k4 + y5*k5 + y6*k6,prime-field-montgomery,element,specialized,p128_mersenne_2^127_minus_1,128,4,0x7fffffffffffffffffffffffffffffff,20,1048576,12,2,6,2,10,whole-run,fixed,triton-sumcheck-prime-field-montgomery-element-layout-specialized-points,49.762,10.702,0.000,0.000000,0.000,10.702,ok,cuda-sumcheck-prime-field-montgomery-element-layout-specialized-points,3.65706,3.38714,0,0,0,3.38714,ok,true,5106931756277,5106931756277,3.159598,,results/tmp_full_zk_r14_28/zk_opencheck_bw128_r20.log
zk_opencheck,y1*k1 + y2*k2 + y3*k3 + y4*k4 + y5*k5 + y6*k6,prime-field-montgomery,element,specialized,p128_mersenne_2^127_minus_1,128,4,0x7fffffffffffffffffffffffffffffff,22,4194304,12,2,6,2,10,whole-run,fixed,triton-sumcheck-prime-field-montgomery-element-layout-specialized-points,53.768,15.056,0.000,0.000000,0.000,15.056,ok,cuda-sumcheck-prime-field-montgomery-element-layout-specialized-points,6.99763,6.75478,0,0,0,6.75478,ok,true,7560217535702,7560217535702,2.228940,,results/tmp_full_zk_r14_28/zk_opencheck_bw128_r22.log
zk_opencheck,y1*k1 + y2*k2 + y3*k3 + y4*k4 + y5*k5 + y6*k6,prime-field-montgomery,element,specialized,p128_mersenne_2^127_minus_1,128,4,0x7fffffffffffffffffffffffffffffff,24,16777216,12,2,6,2,10,whole-run,fixed,triton-sumcheck-prime-field-montgomery-element-layout-specialized-points,67.771,29.815,0.000,0.000000,0.000,29.815,ok,cuda-sumcheck-prime-field-montgomery-element-layout-specialized-points,19.6174,19.3764,0,0,0,19.3764,ok,true,9905643653789,9905643653789,1.538728,,results/tmp_full_zk_r14_28/zk_opencheck_bw128_r24.log
zk_opencheck,y1*k1 + y2*k2 + y3*k3 + y4*k4 + y5*k5 + y6*k6,prime-field-montgomery,element,specialized,p128_mersenne_2^127_minus_1,128,4,0x7fffffffffffffffffffffffffffffff,26,67108864,12,2,6,2,10,whole-run,fixed,triton-sumcheck-prime-field-montgomery-element-layout-specialized-points,135.127,89.024,0.000,0.000000,0.000,89.024,ok,cuda-sumcheck-prime-field-montgomery-element-layout-specialized-points,71.9096,68.6194,0,0,0,68.6194,ok,true,9926000954441,9926000954441,1.297359,,results/tmp_full_zk_r14_28/zk_opencheck_bw128_r26.log
zk_opencheck,y1*k1 + y2*k2 + y3*k3 + y4*k4 + y5*k5 + y6*k6,prime-field-montgomery,element,specialized,,128,,,28,268435456,12,2,6,2,10,whole-run,fixed,,,,,,,,skipped,,,,,,,,skipped,skipped,,,,returncode=1,results/tmp_full_zk_r14_28/zk_opencheck_bw128_r28.log
zk_opencheck,y1*k1 + y2*k2 + y3*k3 + y4*k4 + y5*k5 + y6*k6,prime-field-montgomery,element,specialized,p255_bls12_381_scalar,256,8,0x73eda753299d7d483339d80809a1d80553bda402fffe5bfeffffffff00000001,14,16384,12,2,6,2,10,whole-run,fixed,triton-sumcheck-prime-field-montgomery-element-layout-specialized-points,1768252.908,5.535,0.000,0.000000,0.000,5.535,ok,cuda-sumcheck-prime-field-montgomery-element-layout-specialized-points,2.35046,1.85024,0,0,0,1.85024,ok,true,37548486492218,37548486492218,2.991504,,results/tmp_full_zk_r14_28/zk_opencheck_bw256_r14.log
zk_opencheck,y1*k1 + y2*k2 + y3*k3 + y4*k4 + y5*k5 + y6*k6,prime-field-montgomery,element,specialized,p255_bls12_381_scalar,256,8,0x73eda753299d7d483339d80809a1d80553bda402fffe5bfeffffffff00000001,16,65536,12,2,6,2,10,whole-run,fixed,triton-sumcheck-prime-field-montgomery-element-layout-specialized-points,55.074,6.981,0.000,0.000000,0.000,6.981,ok,cuda-sumcheck-prime-field-montgomery-element-layout-specialized-points,2.84992,2.37357,0,0,0,2.37357,ok,true,46031421589816,46031421589816,2.941139,,results/tmp_full_zk_r14_28/zk_opencheck_bw256_r16.log
zk_opencheck,y1*k1 + y2*k2 + y3*k3 + y4*k4 + y5*k5 + y6*k6,prime-field-montgomery,element,specialized,p255_bls12_381_scalar,256,8,0x73eda753299d7d483339d80809a1d80553bda402fffe5bfeffffffff00000001,18,262144,12,2,6,2,10,whole-run,fixed,triton-sumcheck-prime-field-montgomery-element-layout-specialized-points,56.818,8.855,0.000,0.000000,0.000,8.855,ok,cuda-sumcheck-prime-field-montgomery-element-layout-specialized-points,3.85386,3.37709,0,0,0,3.37709,ok,true,47452072406856,47452072406856,2.622080,,results/tmp_full_zk_r14_28/zk_opencheck_bw256_r18.log
zk_opencheck,y1*k1 + y2*k2 + y3*k3 + y4*k4 + y5*k5 + y6*k6,prime-field-montgomery,element,specialized,p255_bls12_381_scalar,256,8,0x73eda753299d7d483339d80809a1d80553bda402fffe5bfeffffffff00000001,20,1048576,12,2,6,2,10,whole-run,fixed,triton-sumcheck-prime-field-montgomery-element-layout-specialized-points,60.632,13.056,0.000,0.000000,0.000,13.056,ok,cuda-sumcheck-prime-field-montgomery-element-layout-specialized-points,6.54928,6.07562,0,0,0,6.07562,ok,true,53045358594397,53045358594397,2.148916,,results/tmp_full_zk_r14_28/zk_opencheck_bw256_r20.log
zk_opencheck,y1*k1 + y2*k2 + y3*k3 + y4*k4 + y5*k5 + y6*k6,prime-field-montgomery,element,specialized,p255_bls12_381_scalar,256,8,0x73eda753299d7d483339d80809a1d80553bda402fffe5bfeffffffff00000001,22,4194304,12,2,6,2,10,whole-run,fixed,triton-sumcheck-prime-field-montgomery-element-layout-specialized-points,71.861,25.711,0.000,0.000000,0.000,25.711,ok,cuda-sumcheck-prime-field-montgomery-element-layout-specialized-points,15.6525,15.1571,0,0,0,15.1571,ok,true,59807961700097,59807961700097,1.696301,,results/tmp_full_zk_r14_28/zk_opencheck_bw256_r22.log
zk_opencheck,y1*k1 + y2*k2 + y3*k3 + y4*k4 + y5*k5 + y6*k6,prime-field-montgomery,element,specialized,p255_bls12_381_scalar,256,8,0x73eda753299d7d483339d80809a1d80553bda402fffe5bfeffffffff00000001,24,16777216,12,2,6,2,10,whole-run,fixed,triton-sumcheck-prime-field-montgomery-element-layout-specialized-points,126.095,69.092,0.000,0.000000,0.000,69.092,ok,cuda-sumcheck-prime-field-montgomery-element-layout-specialized-points,50.7737,50.2933,0,0,0,50.2933,ok,true,67243387918005,67243387918005,1.373781,,results/tmp_full_zk_r14_28/zk_opencheck_bw256_r24.log
zk_opencheck,y1*k1 + y2*k2 + y3*k3 + y4*k4 + y5*k5 + y6*k6,prime-field-montgomery,element,specialized,p255_bls12_381_scalar,256,8,0x73eda753299d7d483339d80809a1d80553bda402fffe5bfeffffffff00000001,26,67108864,12,2,6,2,10,whole-run,fixed,triton-sumcheck-prime-field-montgomery-element-layout-specialized-points,304.657,249.868,0.000,0.000000,0.000,249.868,ok,cuda-sumcheck-prime-field-montgomery-element-layout-specialized-points,191.317,191.779,0,0,0,191.779,ok,true,71597515821585,71597515821585,1.302896,,results/tmp_full_zk_r14_28/zk_opencheck_bw256_r26.log
zk_opencheck,y1*k1 + y2*k2 + y3*k3 + y4*k4 + y5*k5 + y6*k6,prime-field-montgomery,element,specialized,,256,,,28,268435456,12,2,6,2,10,whole-run,fixed,,,,,,,,skipped,,,,,,,,skipped,skipped,,,,returncode=1,results/tmp_full_zk_r14_28/zk_opencheck_bw256_r28.log
