workload,polynomial,arithmetic,layout,point_mode,field,bit_width,limbs,modulus_hex,rounds,N,vars,degree,terms,warmups,repeats,timing_mode,challenge_mode,triton_backend,triton_first_ms,triton_median_ms,triton_eval_median_ms,triton_challenge_median_ms,triton_fold_median_ms,triton_total_median_ms,triton_status,cuda_backend,cuda_first_ms,cuda_median_ms,cuda_eval_median_ms,cuda_challenge_median_ms,cuda_fold_median_ms,cuda_total_median_ms,cuda_status,checksum_match,triton_checksum,cuda_checksum,cuda_speedup_vs_triton,skip_reason,log_path
zk_verifiable_asics,qadd*a + qadd*b + qmul*a*b,prime-field-montgomery,element,specialized,p32_2^32_minus_5,32,1,0xfffffffb,14,16384,4,3,3,2,10,whole-run,fixed,triton-sumcheck-prime-field-montgomery-element-layout-specialized-points,55.641,4.437,0.000,0.000000,0.000,4.437,ok,cuda-sumcheck-prime-field-montgomery-element-layout-specialized-points,1.47866,1.24112,0,0,0,1.24112,ok,true,1599485407520,1599485407520,3.574997,,experiments/h100/sweep/cases/zk_verifiable_asics_bw32_r14.log
zk_verifiable_asics,qadd*a + qadd*b + qmul*a*b,prime-field-montgomery,element,specialized,p32_2^32_minus_5,32,1,0xfffffffb,16,65536,4,3,3,2,10,whole-run,fixed,triton-sumcheck-prime-field-montgomery-element-layout-specialized-points,56.777,5.793,0.000,0.000000,0.000,5.793,ok,cuda-sumcheck-prime-field-montgomery-element-layout-specialized-points,1.76256,1.56749,0,0,0,1.56749,ok,true,1624484952285,1624484952285,3.695717,,experiments/h100/sweep/cases/zk_verifiable_asics_bw32_r16.log
zk_verifiable_asics,qadd*a + qadd*b + qmul*a*b,prime-field-montgomery,element,specialized,p32_2^32_minus_5,32,1,0xfffffffb,18,262144,4,3,3,2,10,whole-run,fixed,triton-sumcheck-prime-field-montgomery-element-layout-specialized-points,59.059,7.624,0.000,0.000000,0.000,7.624,ok,cuda-sumcheck-prime-field-montgomery-element-layout-specialized-points,2.19133,1.88736,0,0,0,1.88736,ok,true,2146078888343,2146078888343,4.039505,,experiments/h100/sweep/cases/zk_verifiable_asics_bw32_r18.log
zk_verifiable_asics,qadd*a + qadd*b + qmul*a*b,prime-field-montgomery,element,specialized,p32_2^32_minus_5,32,1,0xfffffffb,20,1048576,4,3,3,2,10,whole-run,fixed,triton-sumcheck-prime-field-montgomery-element-layout-specialized-points,68.084,10.995,0.000,0.000000,0.000,10.995,ok,cuda-sumcheck-prime-field-montgomery-element-layout-specialized-points,2.57389,2.27258,0,0,0,2.27258,ok,true,2470931911396,2470931911396,4.838114,,experiments/h100/sweep/cases/zk_verifiable_asics_bw32_r20.log
zk_verifiable_asics,qadd*a + qadd*b + qmul*a*b,prime-field-montgomery,element,specialized,p32_2^32_minus_5,32,1,0xfffffffb,22,4194304,4,3,3,2,10,whole-run,fixed,triton-sumcheck-prime-field-montgomery-element-layout-specialized-points,63.320,12.039,0.000,0.000000,0.000,12.039,ok,cuda-sumcheck-prime-field-montgomery-element-layout-specialized-points,3.24909,2.95456,0,0,0,2.95456,ok,true,2157693522283,2157693522283,4.074718,,experiments/h100/sweep/cases/zk_verifiable_asics_bw32_r22.log
zk_verifiable_asics,qadd*a + qadd*b + qmul*a*b,prime-field-montgomery,element,specialized,p32_2^32_minus_5,32,1,0xfffffffb,24,16777216,4,3,3,2,10,whole-run,fixed,triton-sumcheck-prime-field-montgomery-element-layout-specialized-points,66.836,16.317,0.000,0.000000,0.000,16.317,ok,cuda-sumcheck-prime-field-montgomery-element-layout-specialized-points,4.80358,4.58157,0,0,0,4.58157,ok,true,2375914940126,2375914940126,3.561443,,experiments/h100/sweep/cases/zk_verifiable_asics_bw32_r24.log
zk_verifiable_asics,qadd*a + qadd*b + qmul*a*b,prime-field-montgomery,element,specialized,p32_2^32_minus_5,32,1,0xfffffffb,26,67108864,4,3,3,2,10,whole-run,fixed,triton-sumcheck-prime-field-montgomery-element-layout-specialized-points,81.442,32.525,0.000,0.000000,0.000,32.525,ok,cuda-sumcheck-prime-field-montgomery-element-layout-specialized-points,9.87744,9.64109,0,0,0,9.64109,ok,true,2831931003447,2831931003447,3.373581,,experiments/h100/sweep/cases/zk_verifiable_asics_bw32_r26.log
zk_verifiable_asics,qadd*a + qadd*b + qmul*a*b,prime-field-montgomery,element,specialized,p32_2^32_minus_5,32,1,0xfffffffb,28,268435456,4,3,3,2,10,whole-run,fixed,triton-sumcheck-prime-field-montgomery-element-layout-specialized-points,142.905,94.854,0.000,0.000000,0.000,94.854,ok,cuda-sumcheck-prime-field-montgomery-element-layout-specialized-points,29.0134,28.7244,0,0,0,28.7244,ok,true,3232649452617,3232649452617,3.302210,,experiments/h100/sweep/cases/zk_verifiable_asics_bw32_r28.log
zk_verifiable_asics,qadd*a + qadd*b + qmul*a*b,prime-field-montgomery,element,specialized,p64_goldilocks,64,2,0xffffffff00000001,14,16384,4,3,3,2,10,whole-run,fixed,triton-sumcheck-prime-field-montgomery-element-layout-specialized-points,56.616,4.447,0.000,0.000000,0.000,4.447,ok,cuda-sumcheck-prime-field-montgomery-element-layout-specialized-points,1.56563,1.36125,0,0,0,1.36125,ok,true,5168600605142,5168600605142,3.266850,,experiments/h100/sweep/cases/zk_verifiable_asics_bw64_r14.log
zk_verifiable_asics,qadd*a + qadd*b + qmul*a*b,prime-field-montgomery,element,specialized,p64_goldilocks,64,2,0xffffffff00000001,16,65536,4,3,3,2,10,whole-run,fixed,triton-sumcheck-prime-field-montgomery-element-layout-specialized-points,64.397,6.482,0.000,0.000000,0.000,6.482,ok,cuda-sumcheck-prime-field-montgomery-element-layout-specialized-points,1.99843,1.73357,0,0,0,1.73357,ok,true,5266499962100,5266499962100,3.739105,,experiments/h100/sweep/cases/zk_verifiable_asics_bw64_r16.log
zk_verifiable_asics,qadd*a + qadd*b + qmul*a*b,prime-field-montgomery,element,specialized,p64_goldilocks,64,2,0xffffffff00000001,18,262144,4,3,3,2,10,whole-run,fixed,triton-sumcheck-prime-field-montgomery-element-layout-specialized-points,60.160,7.692,0.000,0.000000,0.000,7.692,ok,cuda-sumcheck-prime-field-montgomery-element-layout-specialized-points,2.29274,2.00922,0,0,0,2.00922,ok,true,5362643442442,5362643442442,3.828351,,experiments/h100/sweep/cases/zk_verifiable_asics_bw64_r18.log
zk_verifiable_asics,qadd*a + qadd*b + qmul*a*b,prime-field-montgomery,element,specialized,p64_goldilocks,64,2,0xffffffff00000001,20,1048576,4,3,3,2,10,whole-run,fixed,triton-sumcheck-prime-field-montgomery-element-layout-specialized-points,61.837,9.725,0.000,0.000000,0.000,9.725,ok,cuda-sumcheck-prime-field-montgomery-element-layout-specialized-points,2.72704,2.4895,0,0,0,2.4895,ok,true,6966115824785,6966115824785,3.906407,,experiments/h100/sweep/cases/zk_verifiable_asics_bw64_r20.log
zk_verifiable_asics,qadd*a + qadd*b + qmul*a*b,prime-field-montgomery,element,specialized,p64_goldilocks,64,2,0xffffffff00000001,22,4194304,4,3,3,2,10,whole-run,fixed,triton-sumcheck-prime-field-montgomery-element-layout-specialized-points,64.331,11.913,0.000,0.000000,0.000,11.913,ok,cuda-sumcheck-prime-field-montgomery-element-layout-specialized-points,3.77178,3.55245,0,0,0,3.55245,ok,true,7467867648761,7467867648761,3.353460,,experiments/h100/sweep/cases/zk_verifiable_asics_bw64_r22.log
zk_verifiable_asics,qadd*a + qadd*b + qmul*a*b,prime-field-montgomery,element,specialized,p64_goldilocks,64,2,0xffffffff00000001,24,16777216,4,3,3,2,10,whole-run,fixed,triton-sumcheck-prime-field-montgomery-element-layout-specialized-points,68.451,17.097,0.000,0.000000,0.000,17.097,ok,cuda-sumcheck-prime-field-montgomery-element-layout-specialized-points,6.70874,6.4353,0,0,0,6.4353,ok,true,7771122337472,7771122337472,2.656753,,experiments/h100/sweep/cases/zk_verifiable_asics_bw64_r24.log
zk_verifiable_asics,qadd*a + qadd*b + qmul*a*b,prime-field-montgomery,element,specialized,p64_goldilocks,64,2,0xffffffff00000001,26,67108864,4,3,3,2,10,whole-run,fixed,triton-sumcheck-prime-field-montgomery-element-layout-specialized-points,84.057,34.563,0.000,0.000000,0.000,34.563,ok,cuda-sumcheck-prime-field-montgomery-element-layout-specialized-points,16.262,15.9645,0,0,0,15.9645,ok,true,8978389378478,8978389378478,2.164991,,experiments/h100/sweep/cases/zk_verifiable_asics_bw64_r26.log
zk_verifiable_asics,qadd*a + qadd*b + qmul*a*b,prime-field-montgomery,element,specialized,p64_goldilocks,64,2,0xffffffff00000001,28,268435456,4,3,3,2,10,whole-run,fixed,triton-sumcheck-prime-field-montgomery-element-layout-specialized-points,150.445,102.111,0.000,0.000000,0.000,102.111,ok,cuda-sumcheck-prime-field-montgomery-element-layout-specialized-points,53.6571,53.8204,0,0,0,53.8204,ok,true,9431506424483,9431506424483,1.897255,,experiments/h100/sweep/cases/zk_verifiable_asics_bw64_r28.log
zk_verifiable_asics,qadd*a + qadd*b + qmul*a*b,prime-field-montgomery,element,specialized,p128_mersenne_2^127_minus_1,128,4,0x7fffffffffffffffffffffffffffffff,14,16384,4,3,3,2,10,whole-run,fixed,triton-sumcheck-prime-field-montgomery-element-layout-specialized-points,59.180,4.441,0.000,0.000000,0.000,4.441,ok,cuda-sumcheck-prime-field-montgomery-element-layout-specialized-points,1.69245,1.41539,0,0,0,1.41539,ok,true,8144309251624,8144309251624,3.137651,,experiments/h100/sweep/cases/zk_verifiable_asics_bw128_r14.log
zk_verifiable_asics,qadd*a + qadd*b + qmul*a*b,prime-field-montgomery,element,specialized,p128_mersenne_2^127_minus_1,128,4,0x7fffffffffffffffffffffffffffffff,16,65536,4,3,3,2,10,whole-run,fixed,triton-sumcheck-prime-field-montgomery-element-layout-specialized-points,60.756,5.946,0.000,0.000000,0.000,5.946,ok,cuda-sumcheck-prime-field-montgomery-element-layout-specialized-points,1.91242,1.70512,0,0,0,1.70512,ok,true,10784965232717,10784965232717,3.487145,,experiments/h100/sweep/cases/zk_verifiable_asics_bw128_r16.log
zk_verifiable_asics,qadd*a + qadd*b + qmul*a*b,prime-field-montgomery,element,specialized,p128_mersenne_2^127_minus_1,128,4,0x7fffffffffffffffffffffffffffffff,18,262144,4,3,3,2,10,whole-run,fixed,triton-sumcheck-prime-field-montgomery-element-layout-specialized-points,62.548,7.780,0.000,0.000000,0.000,7.780,ok,cuda-sumcheck-prime-field-montgomery-element-layout-specialized-points,2.42678,2.14371,0,0,0,2.14371,ok,true,12197865013282,12197865013282,3.629222,,experiments/h100/sweep/cases/zk_verifiable_asics_bw128_r18.log
zk_verifiable_asics,qadd*a + qadd*b + qmul*a*b,prime-field-montgomery,element,specialized,p128_mersenne_2^127_minus_1,128,4,0x7fffffffffffffffffffffffffffffff,20,1048576,4,3,3,2,10,whole-run,fixed,triton-sumcheck-prime-field-montgomery-element-layout-specialized-points,64.783,9.795,0.000,0.000000,0.000,9.795,ok,cuda-sumcheck-prime-field-montgomery-element-layout-specialized-points,3.05798,2.76819,0,0,0,2.76819,ok,true,14094248855128,14094248855128,3.538413,,experiments/h100/sweep/cases/zk_verifiable_asics_bw128_r20.log
zk_verifiable_asics,qadd*a + qadd*b + qmul*a*b,prime-field-montgomery,element,specialized,p128_mersenne_2^127_minus_1,128,4,0x7fffffffffffffffffffffffffffffff,22,4194304,4,3,3,2,10,whole-run,fixed,triton-sumcheck-prime-field-montgomery-element-layout-specialized-points,66.761,12.308,0.000,0.000000,0.000,12.308,ok,cuda-sumcheck-prime-field-montgomery-element-layout-specialized-points,4.78998,4.52723,0,0,0,4.52723,ok,true,16141337263311,16141337263311,2.718660,,experiments/h100/sweep/cases/zk_verifiable_asics_bw128_r22.log
zk_verifiable_asics,qadd*a + qadd*b + qmul*a*b,prime-field-montgomery,element,specialized,p128_mersenne_2^127_minus_1,128,4,0x7fffffffffffffffffffffffffffffff,24,16777216,4,3,3,2,10,whole-run,fixed,triton-sumcheck-prime-field-montgomery-element-layout-specialized-points,74.392,20.762,0.000,0.000000,0.000,20.762,ok,cuda-sumcheck-prime-field-montgomery-element-layout-specialized-points,9.93882,9.664,0,0,0,9.664,ok,true,20554208068290,20554208068290,2.148386,,experiments/h100/sweep/cases/zk_verifiable_asics_bw128_r24.log
zk_verifiable_asics,qadd*a + qadd*b + qmul*a*b,prime-field-montgomery,element,specialized,p128_mersenne_2^127_minus_1,128,4,0x7fffffffffffffffffffffffffffffff,26,67108864,4,3,3,2,10,whole-run,fixed,triton-sumcheck-prime-field-montgomery-element-layout-specialized-points,103.095,50.893,0.000,0.000000,0.000,50.893,ok,cuda-sumcheck-prime-field-montgomery-element-layout-specialized-points,29.3176,28.5328,0,0,0,28.5328,ok,true,22642076559258,22642076559258,1.783667,,experiments/h100/sweep/cases/zk_verifiable_asics_bw128_r26.log
zk_verifiable_asics,qadd*a + qadd*b + qmul*a*b,prime-field-montgomery,element,specialized,p128_mersenne_2^127_minus_1,128,4,0x7fffffffffffffffffffffffffffffff,28,268435456,4,3,3,2,10,whole-run,fixed,triton-sumcheck-prime-field-montgomery-element-layout-specialized-points,220.829,169.344,0.000,0.000000,0.000,169.344,ok,cuda-sumcheck-prime-field-montgomery-element-layout-specialized-points,103.605,103.419,0,0,0,103.419,ok,true,23995087662702,23995087662702,1.637455,,experiments/h100/sweep/cases/zk_verifiable_asics_bw128_r28.log
zk_verifiable_asics,qadd*a + qadd*b + qmul*a*b,prime-field-montgomery,element,specialized,p255_bls12_381_scalar,256,8,0x73eda753299d7d483339d80809a1d80553bda402fffe5bfeffffffff00000001,14,16384,4,3,3,2,10,whole-run,fixed,triton-sumcheck-prime-field-montgomery-element-layout-specialized-points,66.923,4.634,0.000,0.000000,0.000,4.634,ok,cuda-sumcheck-prime-field-montgomery-element-layout-specialized-points,2.22173,1.69405,0,0,0,1.69405,ok,true,47415430552295,47415430552295,2.735456,,experiments/h100/sweep/cases/zk_verifiable_asics_bw256_r14.log
zk_verifiable_asics,qadd*a + qadd*b + qmul*a*b,prime-field-montgomery,element,specialized,p255_bls12_381_scalar,256,8,0x73eda753299d7d483339d80809a1d80553bda402fffe5bfeffffffff00000001,16,65536,4,3,3,2,10,whole-run,fixed,triton-sumcheck-prime-field-montgomery-element-layout-specialized-points,67.850,6.034,0.000,0.000000,0.000,6.034,ok,cuda-sumcheck-prime-field-montgomery-element-layout-specialized-points,2.63069,2.0943,0,0,0,2.0943,ok,true,59790763300346,59790763300346,2.881154,,experiments/h100/sweep/cases/zk_verifiable_asics_bw256_r16.log
zk_verifiable_asics,qadd*a + qadd*b + qmul*a*b,prime-field-montgomery,element,specialized,p255_bls12_381_scalar,256,8,0x73eda753299d7d483339d80809a1d80553bda402fffe5bfeffffffff00000001,18,262144,4,3,3,2,10,whole-run,fixed,triton-sumcheck-prime-field-montgomery-element-layout-specialized-points,70.622,7.838,0.000,0.000000,0.000,7.838,ok,cuda-sumcheck-prime-field-montgomery-element-layout-specialized-points,3.3143,2.78246,0,0,0,2.78246,ok,true,64454544819704,64454544819704,2.816932,,experiments/h100/sweep/cases/zk_verifiable_asics_bw256_r18.log
zk_verifiable_asics,qadd*a + qadd*b + qmul*a*b,prime-field-montgomery,element,specialized,p255_bls12_381_scalar,256,8,0x73eda753299d7d483339d80809a1d80553bda402fffe5bfeffffffff00000001,20,1048576,4,3,3,2,10,whole-run,fixed,triton-sumcheck-prime-field-montgomery-element-layout-specialized-points,73.518,10.031,0.000,0.000000,0.000,10.031,ok,cuda-sumcheck-prime-field-montgomery-element-layout-specialized-points,4.852,4.38666,0,0,0,4.38666,ok,true,70416093270679,70416093270679,2.286706,,experiments/h100/sweep/cases/zk_verifiable_asics_bw256_r20.log
zk_verifiable_asics,qadd*a + qadd*b + qmul*a*b,prime-field-montgomery,element,specialized,p255_bls12_381_scalar,256,8,0x73eda753299d7d483339d80809a1d80553bda402fffe5bfeffffffff00000001,22,4194304,4,3,3,2,10,whole-run,fixed,triton-sumcheck-prime-field-montgomery-element-layout-specialized-points,76.964,15.755,0.000,0.000000,0.000,15.755,ok,cuda-sumcheck-prime-field-montgomery-element-layout-specialized-points,9.29507,8.8441,0,0,0,8.8441,ok,true,79426890959858,79426890959858,1.781414,,experiments/h100/sweep/cases/zk_verifiable_asics_bw256_r22.log
zk_verifiable_asics,qadd*a + qadd*b + qmul*a*b,prime-field-montgomery,element,specialized,p255_bls12_381_scalar,256,8,0x73eda753299d7d483339d80809a1d80553bda402fffe5bfeffffffff00000001,24,16777216,4,3,3,2,10,whole-run,fixed,triton-sumcheck-prime-field-montgomery-element-layout-specialized-points,95.706,36.046,0.000,0.000000,0.000,36.046,ok,cuda-sumcheck-prime-field-montgomery-element-layout-specialized-points,25.1087,24.582,0,0,0,24.582,ok,true,84370170378416,84370170378416,1.466357,,experiments/h100/sweep/cases/zk_verifiable_asics_bw256_r24.log
zk_verifiable_asics,qadd*a + qadd*b + qmul*a*b,prime-field-montgomery,element,specialized,p255_bls12_381_scalar,256,8,0x73eda753299d7d483339d80809a1d80553bda402fffe5bfeffffffff00000001,26,67108864,4,3,3,2,10,whole-run,fixed,triton-sumcheck-prime-field-montgomery-element-layout-specialized-points,172.985,115.784,0.000,0.000000,0.000,115.784,ok,cuda-sumcheck-prime-field-montgomery-element-layout-specialized-points,86.5379,88.3884,0,0,0,88.3884,ok,true,94693997208616,94693997208616,1.309946,,experiments/h100/sweep/cases/zk_verifiable_asics_bw256_r26.log
zk_verifiable_asics,qadd*a + qadd*b + qmul*a*b,prime-field-montgomery,element,specialized,,256,,,28,268435456,4,3,3,2,10,whole-run,fixed,,,,,,,,skipped,,,,,,,,skipped,skipped,,,,returncode=1,experiments/h100/sweep/cases/zk_verifiable_asics_bw256_r28.log
zk_spartan_1,A*B*fz - C*fz,prime-field-montgomery,element,specialized,p32_2^32_minus_5,32,1,0xfffffffb,14,16384,4,3,2,2,10,whole-run,fixed,triton-sumcheck-prime-field-montgomery-element-layout-specialized-points,55.312,4.318,0.000,0.000000,0.000,4.318,ok,cuda-sumcheck-prime-field-montgomery-element-layout-specialized-points,1.41955,1.31171,0,0,0,1.31171,ok,true,1477766398095,1477766398095,3.291886,,experiments/h100/sweep/cases/zk_spartan_1_bw32_r14.log
zk_spartan_1,A*B*fz - C*fz,prime-field-montgomery,element,specialized,p32_2^32_minus_5,32,1,0xfffffffb,16,65536,4,3,2,2,10,whole-run,fixed,triton-sumcheck-prime-field-montgomery-element-layout-specialized-points,57.404,5.949,0.000,0.000000,0.000,5.949,ok,cuda-sumcheck-prime-field-montgomery-element-layout-specialized-points,1.87363,1.57904,0,0,0,1.57904,ok,true,1905336595565,1905336595565,3.767479,,experiments/h100/sweep/cases/zk_spartan_1_bw32_r16.log
zk_spartan_1,A*B*fz - C*fz,prime-field-montgomery,element,specialized,p32_2^32_minus_5,32,1,0xfffffffb,18,262144,4,3,2,2,10,whole-run,fixed,triton-sumcheck-prime-field-montgomery-element-layout-specialized-points,32.180,4.446,0.000,0.000000,0.000,4.446,ok,cuda-sumcheck-prime-field-montgomery-element-layout-specialized-points,2.08301,1.93613,0,0,0,1.93613,ok,true,1957882379778,1957882379778,2.296333,,experiments/h100/sweep/cases/zk_spartan_1_bw32_r18.log
zk_spartan_1,A*B*fz - C*fz,prime-field-montgomery,element,specialized,p32_2^32_minus_5,32,1,0xfffffffb,20,1048576,4,3,2,2,10,whole-run,fixed,triton-sumcheck-prime-field-montgomery-element-layout-specialized-points,61.221,9.743,0.000,0.000000,0.000,9.743,ok,cuda-sumcheck-prime-field-montgomery-element-layout-specialized-points,2.62464,2.3431,0,0,0,2.3431,ok,true,2007652687482,2007652687482,4.158167,,experiments/h100/sweep/cases/zk_spartan_1_bw32_r20.log
zk_spartan_1,A*B*fz - C*fz,prime-field-montgomery,element,specialized,p32_2^32_minus_5,32,1,0xfffffffb,22,4194304,4,3,2,2,10,whole-run,fixed,triton-sumcheck-prime-field-montgomery-element-layout-specialized-points,63.423,11.939,0.000,0.000000,0.000,11.939,ok,cuda-sumcheck-prime-field-montgomery-element-layout-specialized-points,3.1681,2.94518,0,0,0,2.94518,ok,true,2714238789457,2714238789457,4.053742,,experiments/h100/sweep/cases/zk_spartan_1_bw32_r22.log
zk_spartan_1,A*B*fz - C*fz,prime-field-montgomery,element,specialized,p32_2^32_minus_5,32,1,0xfffffffb,24,16777216,4,3,2,2,10,whole-run,fixed,triton-sumcheck-prime-field-montgomery-element-layout-specialized-points,70.385,16.345,0.000,0.000000,0.000,16.345,ok,cuda-sumcheck-prime-field-montgomery-element-layout-specialized-points,4.81795,4.57994,0,0,0,4.57994,ok,true,2665082991298,2665082991298,3.568824,,experiments/h100/sweep/cases/zk_spartan_1_bw32_r24.log
zk_spartan_1,A*B*fz - C*fz,prime-field-montgomery,element,specialized,p32_2^32_minus_5,32,1,0xfffffffb,26,67108864,4,3,2,2,10,whole-run,fixed,triton-sumcheck-prime-field-montgomery-element-layout-specialized-points,80.912,32.322,0.000,0.000000,0.000,32.322,ok,cuda-sumcheck-prime-field-montgomery-element-layout-specialized-points,9.89642,9.65315,0,0,0,9.65315,ok,true,3074634201561,3074634201561,3.348337,,experiments/h100/sweep/cases/zk_spartan_1_bw32_r26.log
zk_spartan_1,A*B*fz - C*fz,prime-field-montgomery,element,specialized,p32_2^32_minus_5,32,1,0xfffffffb,28,268435456,4,3,2,2,10,whole-run,fixed,triton-sumcheck-prime-field-montgomery-element-layout-specialized-points,140.910,92.737,0.000,0.000000,0.000,92.737,ok,cuda-sumcheck-prime-field-montgomery-element-layout-specialized-points,29.0389,28.7729,0,0,0,28.7729,ok,true,3092314978714,3092314978714,3.223068,,experiments/h100/sweep/cases/zk_spartan_1_bw32_r28.log
zk_spartan_1,A*B*fz - C*fz,prime-field-montgomery,element,specialized,p64_goldilocks,64,2,0xffffffff00000001,14,16384,4,3,2,2,10,whole-run,fixed,triton-sumcheck-prime-field-montgomery-element-layout-specialized-points,56.636,4.480,0.000,0.000000,0.000,4.480,ok,cuda-sumcheck-prime-field-montgomery-element-layout-specialized-points,1.55501,1.36538,0,0,0,1.36538,ok,true,4717296978706,4717296978706,3.281138,,experiments/h100/sweep/cases/zk_spartan_1_bw64_r14.log
zk_spartan_1,A*B*fz - C*fz,prime-field-montgomery,element,specialized,p64_goldilocks,64,2,0xffffffff00000001,16,65536,4,3,2,2,10,whole-run,fixed,triton-sumcheck-prime-field-montgomery-element-layout-specialized-points,57.717,5.905,0.000,0.000000,0.000,5.905,ok,cuda-sumcheck-prime-field-montgomery-element-layout-specialized-points,1.89786,1.67334,0,0,0,1.67334,ok,true,5337415839002,5337415839002,3.528870,,experiments/h100/sweep/cases/zk_spartan_1_bw64_r16.log
zk_spartan_1,A*B*fz - C*fz,prime-field-montgomery,element,specialized,p64_goldilocks,64,2,0xffffffff00000001,18,262144,4,3,2,2,10,whole-run,fixed,triton-sumcheck-prime-field-montgomery-element-layout-specialized-points,59.807,7.682,0.000,0.000000,0.000,7.682,ok,cuda-sumcheck-prime-field-montgomery-element-layout-specialized-points,2.2879,2.02742,0,0,0,2.02742,ok,true,5289239999069,5289239999069,3.789052,,experiments/h100/sweep/cases/zk_spartan_1_bw64_r18.log
zk_spartan_1,A*B*fz - C*fz,prime-field-montgomery,element,specialized,p64_goldilocks,64,2,0xffffffff00000001,20,1048576,4,3,2,2,10,whole-run,fixed,triton-sumcheck-prime-field-montgomery-element-layout-specialized-points,62.228,9.880,0.000,0.000000,0.000,9.880,ok,cuda-sumcheck-prime-field-montgomery-element-layout-specialized-points,2.75862,2.51971,0,0,0,2.51971,ok,true,6499552916311,6499552916311,3.921086,,experiments/h100/sweep/cases/zk_spartan_1_bw64_r20.log
zk_spartan_1,A*B*fz - C*fz,prime-field-montgomery,element,specialized,p64_goldilocks,64,2,0xffffffff00000001,22,4194304,4,3,2,2,10,whole-run,fixed,triton-sumcheck-prime-field-montgomery-element-layout-specialized-points,64.556,12.059,0.000,0.000000,0.000,12.059,ok,cuda-sumcheck-prime-field-montgomery-element-layout-specialized-points,3.75171,3.52048,0,0,0,3.52048,ok,true,7272512769002,7272512769002,3.425385,,experiments/h100/sweep/cases/zk_spartan_1_bw64_r22.log
zk_spartan_1,A*B*fz - C*fz,prime-field-montgomery,element,specialized,p64_goldilocks,64,2,0xffffffff00000001,24,16777216,4,3,2,2,10,whole-run,fixed,triton-sumcheck-prime-field-montgomery-element-layout-specialized-points,68.196,16.583,0.000,0.000000,0.000,16.583,ok,cuda-sumcheck-prime-field-montgomery-element-layout-specialized-points,7.5481,7.17261,0,0,0,7.17261,ok,true,8272498815204,8272498815204,2.311990,,experiments/h100/sweep/cases/zk_spartan_1_bw64_r24.log
zk_spartan_1,A*B*fz - C*fz,prime-field-montgomery,element,specialized,p64_goldilocks,64,2,0xffffffff00000001,26,67108864,4,3,2,2,10,whole-run,fixed,triton-sumcheck-prime-field-montgomery-element-layout-specialized-points,84.165,33.506,0.000,0.000000,0.000,33.506,ok,cuda-sumcheck-prime-field-montgomery-element-layout-specialized-points,16.0747,15.8919,0,0,0,15.8919,ok,true,8542683234098,8542683234098,2.108370,,experiments/h100/sweep/cases/zk_spartan_1_bw64_r26.log
zk_spartan_1,A*B*fz - C*fz,prime-field-montgomery,element,specialized,p64_goldilocks,64,2,0xffffffff00000001,28,268435456,4,3,2,2,10,whole-run,fixed,triton-sumcheck-prime-field-montgomery-element-layout-specialized-points,147.077,98.424,0.000,0.000000,0.000,98.424,ok,cuda-sumcheck-prime-field-montgomery-element-layout-specialized-points,52.9962,52.8817,0,0,0,52.8817,ok,true,9425057453019,9425057453019,1.861211,,experiments/h100/sweep/cases/zk_spartan_1_bw64_r28.log
zk_spartan_1,A*B*fz - C*fz,prime-field-montgomery,element,specialized,p128_mersenne_2^127_minus_1,128,4,0x7fffffffffffffffffffffffffffffff,14,16384,4,3,2,2,10,whole-run,fixed,triton-sumcheck-prime-field-montgomery-element-layout-specialized-points,59.957,4.579,0.000,0.000000,0.000,4.579,ok,cuda-sumcheck-prime-field-montgomery-element-layout-specialized-points,1.62246,1.3625,0,0,0,1.3625,ok,true,7798679442879,7798679442879,3.360734,,experiments/h100/sweep/cases/zk_spartan_1_bw128_r14.log
zk_spartan_1,A*B*fz - C*fz,prime-field-montgomery,element,specialized,p128_mersenne_2^127_minus_1,128,4,0x7fffffffffffffffffffffffffffffff,16,65536,4,3,2,2,10,whole-run,fixed,triton-sumcheck-prime-field-montgomery-element-layout-specialized-points,60.712,5.830,0.000,0.000000,0.000,5.830,ok,cuda-sumcheck-prime-field-montgomery-element-layout-specialized-points,1.99594,1.7201,0,0,0,1.7201,ok,true,11135324990296,11135324990296,3.389338,,experiments/h100/sweep/cases/zk_spartan_1_bw128_r16.log
zk_spartan_1,A*B*fz - C*fz,prime-field-montgomery,element,specialized,p128_mersenne_2^127_minus_1,128,4,0x7fffffffffffffffffffffffffffffff,18,262144,4,3,2,2,10,whole-run,fixed,triton-sumcheck-prime-field-montgomery-element-layout-specialized-points,62.681,7.805,0.000,0.000000,0.000,7.805,ok,cuda-sumcheck-prime-field-montgomery-element-layout-specialized-points,2.39213,2.11059,0,0,0,2.11059,ok,true,12272703038115,12272703038115,3.698018,,experiments/h100/sweep/cases/zk_spartan_1_bw128_r18.log
zk_spartan_1,A*B*fz - C*fz,prime-field-montgomery,element,specialized,p128_mersenne_2^127_minus_1,128,4,0x7fffffffffffffffffffffffffffffff,20,1048576,4,3,2,2,10,whole-run,fixed,triton-sumcheck-prime-field-montgomery-element-layout-specialized-points,64.788,9.812,0.000,0.000000,0.000,9.812,ok,cuda-sumcheck-prime-field-montgomery-element-layout-specialized-points,3.06499,2.81725,0,0,0,2.81725,ok,true,13368168265751,13368168265751,3.482829,,experiments/h100/sweep/cases/zk_spartan_1_bw128_r20.log
zk_spartan_1,A*B*fz - C*fz,prime-field-montgomery,element,specialized,p128_mersenne_2^127_minus_1,128,4,0x7fffffffffffffffffffffffffffffff,22,4194304,4,3,2,2,10,whole-run,fixed,triton-sumcheck-prime-field-montgomery-element-layout-specialized-points,66.026,12.220,0.000,0.000000,0.000,12.220,ok,cuda-sumcheck-prime-field-montgomery-element-layout-specialized-points,4.67408,4.42502,0,0,0,4.42502,ok,true,15307976045193,15307976045193,2.761569,,experiments/h100/sweep/cases/zk_spartan_1_bw128_r22.log
zk_spartan_1,A*B*fz - C*fz,prime-field-montgomery,element,specialized,p128_mersenne_2^127_minus_1,128,4,0x7fffffffffffffffffffffffffffffff,24,16777216,4,3,2,2,10,whole-run,fixed,triton-sumcheck-prime-field-montgomery-element-layout-specialized-points,72.857,19.625,0.000,0.000000,0.000,19.625,ok,cuda-sumcheck-prime-field-montgomery-element-layout-specialized-points,9.77402,9.54995,0,0,0,9.54995,ok,true,20046572502658,20046572502658,2.054985,,experiments/h100/sweep/cases/zk_spartan_1_bw128_r24.log
zk_spartan_1,A*B*fz - C*fz,prime-field-montgomery,element,specialized,p128_mersenne_2^127_minus_1,128,4,0x7fffffffffffffffffffffffffffffff,26,67108864,4,3,2,2,10,whole-run,fixed,triton-sumcheck-prime-field-montgomery-element-layout-specialized-points,98.275,47.292,0.000,0.000000,0.000,47.292,ok,cuda-sumcheck-prime-field-montgomery-element-layout-specialized-points,28.1713,27.9929,0,0,0,27.9929,ok,true,22409352254185,22409352254185,1.689428,,experiments/h100/sweep/cases/zk_spartan_1_bw128_r26.log
zk_spartan_1,A*B*fz - C*fz,prime-field-montgomery,element,specialized,p128_mersenne_2^127_minus_1,128,4,0x7fffffffffffffffffffffffffffffff,28,268435456,4,3,2,2,10,whole-run,fixed,triton-sumcheck-prime-field-montgomery-element-layout-specialized-points,212.478,156.903,0.000,0.000000,0.000,156.903,ok,cuda-sumcheck-prime-field-montgomery-element-layout-specialized-points,101.953,101.803,0,0,0,101.803,ok,true,23951239905437,23951239905437,1.541241,,experiments/h100/sweep/cases/zk_spartan_1_bw128_r28.log
zk_spartan_1,A*B*fz - C*fz,prime-field-montgomery,element,specialized,p255_bls12_381_scalar,256,8,0x73eda753299d7d483339d80809a1d80553bda402fffe5bfeffffffff00000001,14,16384,4,3,2,2,10,whole-run,fixed,triton-sumcheck-prime-field-montgomery-element-layout-specialized-points,38.718,2.809,0.000,0.000000,0.000,2.809,ok,cuda-sumcheck-prime-field-montgomery-element-layout-specialized-points,2.04128,1.5775,0,0,0,1.5775,ok,true,47792807030865,47792807030865,1.780666,,experiments/h100/sweep/cases/zk_spartan_1_bw256_r14.log
zk_spartan_1,A*B*fz - C*fz,prime-field-montgomery,element,specialized,p255_bls12_381_scalar,256,8,0x73eda753299d7d483339d80809a1d80553bda402fffe5bfeffffffff00000001,16,65536,4,3,2,2,10,whole-run,fixed,triton-sumcheck-prime-field-montgomery-element-layout-specialized-points,40.208,3.739,0.000,0.000000,0.000,3.739,ok,cuda-sumcheck-prime-field-montgomery-element-layout-specialized-points,2.25978,1.94237,0,0,0,1.94237,ok,true,56369938536483,56369938536483,1.924968,,experiments/h100/sweep/cases/zk_spartan_1_bw256_r16.log
zk_spartan_1,A*B*fz - C*fz,prime-field-montgomery,element,specialized,p255_bls12_381_scalar,256,8,0x73eda753299d7d483339d80809a1d80553bda402fffe5bfeffffffff00000001,18,262144,4,3,2,2,10,whole-run,fixed,triton-sumcheck-prime-field-montgomery-element-layout-specialized-points,38.615,4.699,0.000,0.000000,0.000,4.699,ok,cuda-sumcheck-prime-field-montgomery-element-layout-specialized-points,2.85603,2.55395,0,0,0,2.55395,ok,true,66496136948956,66496136948956,1.839895,,experiments/h100/sweep/cases/zk_spartan_1_bw256_r18.log
zk_spartan_1,A*B*fz - C*fz,prime-field-montgomery,element,specialized,p255_bls12_381_scalar,256,8,0x73eda753299d7d483339d80809a1d80553bda402fffe5bfeffffffff00000001,20,1048576,4,3,2,2,10,whole-run,fixed,triton-sumcheck-prime-field-montgomery-element-layout-specialized-points,40.589,6.366,0.000,0.000000,0.000,6.366,ok,cuda-sumcheck-prime-field-montgomery-element-layout-specialized-points,4.16461,3.87696,0,0,0,3.87696,ok,true,74004653088340,74004653088340,1.642008,,experiments/h100/sweep/cases/zk_spartan_1_bw256_r20.log
zk_spartan_1,A*B*fz - C*fz,prime-field-montgomery,element,specialized,p255_bls12_381_scalar,256,8,0x73eda753299d7d483339d80809a1d80553bda402fffe5bfeffffffff00000001,22,4194304,4,3,2,2,10,whole-run,fixed,triton-sumcheck-prime-field-montgomery-element-layout-specialized-points,45.140,11.046,0.000,0.000000,0.000,11.046,ok,cuda-sumcheck-prime-field-montgomery-element-layout-specialized-points,8.17901,7.70368,0,0,0,7.70368,ok,true,78339251462199,78339251462199,1.433860,,experiments/h100/sweep/cases/zk_spartan_1_bw256_r22.log
zk_spartan_1,A*B*fz - C*fz,prime-field-montgomery,element,specialized,p255_bls12_381_scalar,256,8,0x73eda753299d7d483339d80809a1d80553bda402fffe5bfeffffffff00000001,24,16777216,4,3,2,2,10,whole-run,fixed,triton-sumcheck-prime-field-montgomery-element-layout-specialized-points,63.744,27.946,0.000,0.000000,0.000,27.946,ok,cuda-sumcheck-prime-field-montgomery-element-layout-specialized-points,21.1711,20.7189,0,0,0,20.7189,ok,true,87464484524547,87464484524547,1.348817,,experiments/h100/sweep/cases/zk_spartan_1_bw256_r24.log
zk_spartan_1,A*B*fz - C*fz,prime-field-montgomery,element,specialized,p255_bls12_381_scalar,256,8,0x73eda753299d7d483339d80809a1d80553bda402fffe5bfeffffffff00000001,26,67108864,4,3,2,2,10,whole-run,fixed,triton-sumcheck-prime-field-montgomery-element-layout-specialized-points,155.545,100.358,0.000,0.000000,0.000,100.358,ok,cuda-sumcheck-prime-field-montgomery-element-layout-specialized-points,72.5756,74.5147,0,0,0,74.5147,ok,true,90216883790761,90216883790761,1.346821,,experiments/h100/sweep/cases/zk_spartan_1_bw256_r26.log
zk_spartan_1,A*B*fz - C*fz,prime-field-montgomery,element,specialized,,256,,,28,268435456,4,3,2,2,10,whole-run,fixed,,,,,,,,skipped,,,,,,,,skipped,skipped,,,,returncode=1,experiments/h100/sweep/cases/zk_spartan_1_bw256_r28.log
zk_spartan_2,ABC*Z,prime-field-montgomery,element,specialized,p32_2^32_minus_5,32,1,0xfffffffb,14,16384,2,2,1,2,10,whole-run,fixed,triton-sumcheck-prime-field-montgomery-element-layout-specialized-points,51.725,3.382,0.000,0.000000,0.000,3.382,ok,cuda-sumcheck-prime-field-montgomery-element-layout-specialized-points,1.0839,0.996032,0,0,0,0.996032,ok,true,1111993635675,1111993635675,3.395473,,experiments/h100/sweep/cases/zk_spartan_2_bw32_r14.log
zk_spartan_2,ABC*Z,prime-field-montgomery,element,specialized,p32_2^32_minus_5,32,1,0xfffffffb,16,65536,2,2,1,2,10,whole-run,fixed,triton-sumcheck-prime-field-montgomery-element-layout-specialized-points,53.851,4.570,0.000,0.000000,0.000,4.570,ok,cuda-sumcheck-prime-field-montgomery-element-layout-specialized-points,1.2687,1.09494,0,0,0,1.09494,ok,true,1361729925127,1361729925127,4.173745,,experiments/h100/sweep/cases/zk_spartan_2_bw32_r16.log
zk_spartan_2,ABC*Z,prime-field-montgomery,element,specialized,p32_2^32_minus_5,32,1,0xfffffffb,18,262144,2,2,1,2,10,whole-run,fixed,triton-sumcheck-prime-field-montgomery-element-layout-specialized-points,55.104,5.805,0.000,0.000000,0.000,5.805,ok,cuda-sumcheck-prime-field-montgomery-element-layout-specialized-points,1.59626,1.41955,0,0,0,1.41955,ok,true,1490532018144,1490532018144,4.089324,,experiments/h100/sweep/cases/zk_spartan_2_bw32_r18.log
zk_spartan_2,ABC*Z,prime-field-montgomery,element,specialized,p32_2^32_minus_5,32,1,0xfffffffb,20,1048576,2,2,1,2,10,whole-run,fixed,triton-sumcheck-prime-field-montgomery-element-layout-specialized-points,56.400,7.490,0.000,0.000000,0.000,7.490,ok,cuda-sumcheck-prime-field-montgomery-element-layout-specialized-points,1.93837,1.70304,0,0,0,1.70304,ok,true,1740042488314,1740042488314,4.398018,,experiments/h100/sweep/cases/zk_spartan_2_bw32_r20.log
zk_spartan_2,ABC*Z,prime-field-montgomery,element,specialized,p32_2^32_minus_5,32,1,0xfffffffb,22,4194304,2,2,1,2,10,whole-run,fixed,triton-sumcheck-prime-field-montgomery-element-layout-specialized-points,58.087,8.983,0.000,0.000000,0.000,8.983,ok,cuda-sumcheck-prime-field-montgomery-element-layout-specialized-points,2.3335,2.09072,0,0,0,2.09072,ok,true,1669120794822,1669120794822,4.296606,,experiments/h100/sweep/cases/zk_spartan_2_bw32_r22.log
zk_spartan_2,ABC*Z,prime-field-montgomery,element,specialized,p32_2^32_minus_5,32,1,0xfffffffb,24,16777216,2,2,1,2,10,whole-run,fixed,triton-sumcheck-prime-field-montgomery-element-layout-specialized-points,60.378,12.143,0.000,0.000000,0.000,12.143,ok,cuda-sumcheck-prime-field-montgomery-element-layout-specialized-points,3.10736,2.90282,0,0,0,2.90282,ok,true,1869762121240,1869762121240,4.183174,,experiments/h100/sweep/cases/zk_spartan_2_bw32_r24.log
zk_spartan_2,ABC*Z,prime-field-montgomery,element,specialized,p32_2^32_minus_5,32,1,0xfffffffb,26,67108864,2,2,1,2,10,whole-run,fixed,triton-sumcheck-prime-field-montgomery-element-layout-specialized-points,69.428,32.774,0.000,0.000000,0.000,32.774,ok,cuda-sumcheck-prime-field-montgomery-element-layout-specialized-points,5.78294,5.70205,0,0,0,5.70205,ok,true,2405274213901,2405274213901,5.747757,,experiments/h100/sweep/cases/zk_spartan_2_bw32_r26.log
zk_spartan_2,ABC*Z,prime-field-montgomery,element,specialized,p32_2^32_minus_5,32,1,0xfffffffb,28,268435456,2,2,1,2,10,whole-run,fixed,triton-sumcheck-prime-field-montgomery-element-layout-specialized-points,110.720,65.017,0.000,0.000000,0.000,65.017,ok,cuda-sumcheck-prime-field-montgomery-element-layout-specialized-points,13.5248,13.3332,0,0,0,13.3332,ok,true,2217284708262,2217284708262,4.876324,,experiments/h100/sweep/cases/zk_spartan_2_bw32_r28.log
zk_spartan_2,ABC*Z,prime-field-montgomery,element,specialized,p64_goldilocks,64,2,0xffffffff00000001,14,16384,2,2,1,2,10,whole-run,fixed,triton-sumcheck-prime-field-montgomery-element-layout-specialized-points,52.291,3.405,0.000,0.000000,0.000,3.405,ok,cuda-sumcheck-prime-field-montgomery-element-layout-specialized-points,1.19008,1.01997,0,0,0,1.01997,ok,true,3154924965829,3154924965829,3.338333,,experiments/h100/sweep/cases/zk_spartan_2_bw64_r14.log
zk_spartan_2,ABC*Z,prime-field-montgomery,element,specialized,p64_goldilocks,64,2,0xffffffff00000001,16,65536,2,2,1,2,10,whole-run,fixed,triton-sumcheck-prime-field-montgomery-element-layout-specialized-points,54.015,4.587,0.000,0.000000,0.000,4.587,ok,cuda-sumcheck-prime-field-montgomery-element-layout-specialized-points,2.03174,1.74211,0,0,0,1.74211,ok,true,3821433327062,3821433327062,2.633014,,experiments/h100/sweep/cases/zk_spartan_2_bw64_r16.log
zk_spartan_2,ABC*Z,prime-field-montgomery,element,specialized,p64_goldilocks,64,2,0xffffffff00000001,18,262144,2,2,1,2,10,whole-run,fixed,triton-sumcheck-prime-field-montgomery-element-layout-specialized-points,54.977,5.910,0.000,0.000000,0.000,5.910,ok,cuda-sumcheck-prime-field-montgomery-element-layout-specialized-points,1.70992,1.52982,0,0,0,1.52982,ok,true,4804161355214,4804161355214,3.863200,,experiments/h100/sweep/cases/zk_spartan_2_bw64_r18.log
zk_spartan_2,ABC*Z,prime-field-montgomery,element,specialized,p64_goldilocks,64,2,0xffffffff00000001,20,1048576,2,2,1,2,10,whole-run,fixed,triton-sumcheck-prime-field-montgomery-element-layout-specialized-points,56.543,7.446,0.000,0.000000,0.000,7.446,ok,cuda-sumcheck-prime-field-montgomery-element-layout-specialized-points,2.14189,1.91066,0,0,0,1.91066,ok,true,5233438702336,5233438702336,3.897083,,experiments/h100/sweep/cases/zk_spartan_2_bw64_r20.log
zk_spartan_2,ABC*Z,prime-field-montgomery,element,specialized,p64_goldilocks,64,2,0xffffffff00000001,22,4194304,2,2,1,2,10,whole-run,fixed,triton-sumcheck-prime-field-montgomery-element-layout-specialized-points,58.720,9.319,0.000,0.000000,0.000,9.319,ok,cuda-sumcheck-prime-field-montgomery-element-layout-specialized-points,2.5393,2.32573,0,0,0,2.32573,ok,true,6504307318457,6504307318457,4.006914,,experiments/h100/sweep/cases/zk_spartan_2_bw64_r22.log
zk_spartan_2,ABC*Z,prime-field-montgomery,element,specialized,p64_goldilocks,64,2,0xffffffff00000001,24,16777216,2,2,1,2,10,whole-run,fixed,triton-sumcheck-prime-field-montgomery-element-layout-specialized-points,60.621,11.953,0.000,0.000000,0.000,11.953,ok,cuda-sumcheck-prime-field-montgomery-element-layout-specialized-points,3.82896,3.63424,0,0,0,3.63424,ok,true,6504999094607,6504999094607,3.288996,,experiments/h100/sweep/cases/zk_spartan_2_bw64_r24.log
zk_spartan_2,ABC*Z,prime-field-montgomery,element,specialized,p64_goldilocks,64,2,0xffffffff00000001,26,67108864,2,2,1,2,10,whole-run,fixed,triton-sumcheck-prime-field-montgomery-element-layout-specialized-points,69.628,22.084,0.000,0.000000,0.000,22.084,ok,cuda-sumcheck-prime-field-montgomery-element-layout-specialized-points,8.05587,7.85613,0,0,0,7.85613,ok,true,6597163029223,6597163029223,2.811053,,experiments/h100/sweep/cases/zk_spartan_2_bw64_r26.log
zk_spartan_2,ABC*Z,prime-field-montgomery,element,specialized,p64_goldilocks,64,2,0xffffffff00000001,28,268435456,2,2,1,2,10,whole-run,fixed,triton-sumcheck-prime-field-montgomery-element-layout-specialized-points,106.701,60.435,0.000,0.000000,0.000,60.435,ok,cuda-sumcheck-prime-field-montgomery-element-layout-specialized-points,23.4407,23.2724,0,0,0,23.2724,ok,true,7254201067425,7254201067425,2.596853,,experiments/h100/sweep/cases/zk_spartan_2_bw64_r28.log
zk_spartan_2,ABC*Z,prime-field-montgomery,element,specialized,p128_mersenne_2^127_minus_1,128,4,0x7fffffffffffffffffffffffffffffff,14,16384,2,2,1,2,10,whole-run,fixed,triton-sumcheck-prime-field-montgomery-element-layout-specialized-points,56.272,3.366,0.000,0.000000,0.000,3.366,ok,cuda-sumcheck-prime-field-montgomery-element-layout-specialized-points,1.21795,1.01546,0,0,0,1.01546,ok,true,3433157688766,3433157688766,3.314754,,experiments/h100/sweep/cases/zk_spartan_2_bw128_r14.log
zk_spartan_2,ABC*Z,prime-field-montgomery,element,specialized,p128_mersenne_2^127_minus_1,128,4,0x7fffffffffffffffffffffffffffffff,16,65536,2,2,1,2,10,whole-run,fixed,triton-sumcheck-prime-field-montgomery-element-layout-specialized-points,55.153,4.518,0.000,0.000000,0.000,4.518,ok,cuda-sumcheck-prime-field-montgomery-element-layout-specialized-points,1.42598,1.26259,0,0,0,1.26259,ok,true,4049074650790,4049074650790,3.578359,,experiments/h100/sweep/cases/zk_spartan_2_bw128_r16.log
zk_spartan_2,ABC*Z,prime-field-montgomery,element,specialized,p128_mersenne_2^127_minus_1,128,4,0x7fffffffffffffffffffffffffffffff,18,262144,2,2,1,2,10,whole-run,fixed,triton-sumcheck-prime-field-montgomery-element-layout-specialized-points,56.221,6.004,0.000,0.000000,0.000,6.004,ok,cuda-sumcheck-prime-field-montgomery-element-layout-specialized-points,1.71693,1.53408,0,0,0,1.53408,ok,true,4173046407829,4173046407829,3.913746,,experiments/h100/sweep/cases/zk_spartan_2_bw128_r18.log
zk_spartan_2,ABC*Z,prime-field-montgomery,element,specialized,p128_mersenne_2^127_minus_1,128,4,0x7fffffffffffffffffffffffffffffff,20,1048576,2,2,1,2,10,whole-run,fixed,triton-sumcheck-prime-field-montgomery-element-layout-specialized-points,58.424,7.464,0.000,0.000000,0.000,7.464,ok,cuda-sumcheck-prime-field-montgomery-element-layout-specialized-points,2.12842,1.9272,0,0,0,1.9272,ok,true,5005602144972,5005602144972,3.872976,,experiments/h100/sweep/cases/zk_spartan_2_bw128_r20.log
zk_spartan_2,ABC*Z,prime-field-montgomery,element,specialized,p128_mersenne_2^127_minus_1,128,4,0x7fffffffffffffffffffffffffffffff,22,4194304,2,2,1,2,10,whole-run,fixed,triton-sumcheck-prime-field-montgomery-element-layout-specialized-points,60.209,9.218,0.000,0.000000,0.000,9.218,ok,cuda-sumcheck-prime-field-montgomery-element-layout-specialized-points,3.79645,3.33482,0,0,0,3.33482,ok,true,6980247682538,6980247682538,2.764167,,experiments/h100/sweep/cases/zk_spartan_2_bw128_r22.log
zk_spartan_2,ABC*Z,prime-field-montgomery,element,specialized,p128_mersenne_2^127_minus_1,128,4,0x7fffffffffffffffffffffffffffffff,24,16777216,2,2,1,2,10,whole-run,fixed,triton-sumcheck-prime-field-montgomery-element-layout-specialized-points,62.972,13.231,0.000,0.000000,0.000,13.231,ok,cuda-sumcheck-prime-field-montgomery-element-layout-specialized-points,5.10461,4.93597,0,0,0,4.93597,ok,true,9679948174702,9679948174702,2.680527,,experiments/h100/sweep/cases/zk_spartan_2_bw128_r24.log
zk_spartan_2,ABC*Z,prime-field-montgomery,element,specialized,p128_mersenne_2^127_minus_1,128,4,0x7fffffffffffffffffffffffffffffff,26,67108864,2,2,1,2,10,whole-run,fixed,triton-sumcheck-prime-field-montgomery-element-layout-specialized-points,75.226,27.714,0.000,0.000000,0.000,27.714,ok,cuda-sumcheck-prime-field-montgomery-element-layout-specialized-points,12.915,12.7363,0,0,0,12.7363,ok,true,11286961838802,11286961838802,2.175985,,experiments/h100/sweep/cases/zk_spartan_2_bw128_r26.log
zk_spartan_2,ABC*Z,prime-field-montgomery,element,specialized,p128_mersenne_2^127_minus_1,128,4,0x7fffffffffffffffffffffffffffffff,28,268435456,2,2,1,2,10,whole-run,fixed,triton-sumcheck-prime-field-montgomery-element-layout-specialized-points,129.552,82.799,0.000,0.000000,0.000,82.799,ok,cuda-sumcheck-prime-field-montgomery-element-layout-specialized-points,43.4796,43.2158,0,0,0,43.2158,ok,true,15071102667647,15071102667647,1.915943,,experiments/h100/sweep/cases/zk_spartan_2_bw128_r28.log
zk_spartan_2,ABC*Z,prime-field-montgomery,element,specialized,p255_bls12_381_scalar,256,8,0x73eda753299d7d483339d80809a1d80553bda402fffe5bfeffffffff00000001,14,16384,2,2,1,2,10,whole-run,fixed,triton-sumcheck-prime-field-montgomery-element-layout-specialized-points,56.675,3.518,0.000,0.000000,0.000,3.518,ok,cuda-sumcheck-prime-field-montgomery-element-layout-specialized-points,1.35206,1.12653,0,0,0,1.12653,ok,true,35920410883539,35920410883539,3.122864,,experiments/h100/sweep/cases/zk_spartan_2_bw256_r14.log
zk_spartan_2,ABC*Z,prime-field-montgomery,element,specialized,p255_bls12_381_scalar,256,8,0x73eda753299d7d483339d80809a1d80553bda402fffe5bfeffffffff00000001,16,65536,2,2,1,2,10,whole-run,fixed,triton-sumcheck-prime-field-montgomery-element-layout-specialized-points,58.138,4.651,0.000,0.000000,0.000,4.651,ok,cuda-sumcheck-prime-field-montgomery-element-layout-specialized-points,1.63034,1.39878,0,0,0,1.39878,ok,true,44029419221463,44029419221463,3.325040,,experiments/h100/sweep/cases/zk_spartan_2_bw256_r16.log
zk_spartan_2,ABC*Z,prime-field-montgomery,element,specialized,p255_bls12_381_scalar,256,8,0x73eda753299d7d483339d80809a1d80553bda402fffe5bfeffffffff00000001,18,262144,2,2,1,2,10,whole-run,fixed,triton-sumcheck-prime-field-montgomery-element-layout-specialized-points,59.482,6.058,0.000,0.000000,0.000,6.058,ok,cuda-sumcheck-prime-field-montgomery-element-layout-specialized-points,1.93514,1.7193,0,0,0,1.7193,ok,true,46920386098300,46920386098300,3.523527,,experiments/h100/sweep/cases/zk_spartan_2_bw256_r18.log
zk_spartan_2,ABC*Z,prime-field-montgomery,element,specialized,p255_bls12_381_scalar,256,8,0x73eda753299d7d483339d80809a1d80553bda402fffe5bfeffffffff00000001,20,1048576,2,2,1,2,10,whole-run,fixed,triton-sumcheck-prime-field-montgomery-element-layout-specialized-points,61.497,7.638,0.000,0.000000,0.000,7.638,ok,cuda-sumcheck-prime-field-montgomery-element-layout-specialized-points,2.65235,2.42746,0,0,0,2.42746,ok,true,52403202760155,52403202760155,3.146499,,experiments/h100/sweep/cases/zk_spartan_2_bw256_r20.log
zk_spartan_2,ABC*Z,prime-field-montgomery,element,specialized,p255_bls12_381_scalar,256,8,0x73eda753299d7d483339d80809a1d80553bda402fffe5bfeffffffff00000001,22,4194304,2,2,1,2,10,whole-run,fixed,triton-sumcheck-prime-field-montgomery-element-layout-specialized-points,62.518,9.652,0.000,0.000000,0.000,9.652,ok,cuda-sumcheck-prime-field-montgomery-element-layout-specialized-points,4.10256,3.88717,0,0,0,3.88717,ok,true,60498654243950,60498654243950,2.483040,,experiments/h100/sweep/cases/zk_spartan_2_bw256_r22.log
zk_spartan_2,ABC*Z,prime-field-montgomery,element,specialized,p255_bls12_381_scalar,256,8,0x73eda753299d7d483339d80809a1d80553bda402fffe5bfeffffffff00000001,24,16777216,2,2,1,2,10,whole-run,fixed,triton-sumcheck-prime-field-montgomery-element-layout-specialized-points,69.562,16.736,0.000,0.000000,0.000,16.736,ok,cuda-sumcheck-prime-field-montgomery-element-layout-specialized-points,9.05091,8.8329,0,0,0,8.8329,ok,true,62247910145291,62247910145291,1.894734,,experiments/h100/sweep/cases/zk_spartan_2_bw256_r24.log
zk_spartan_2,ABC*Z,prime-field-montgomery,element,specialized,p255_bls12_381_scalar,256,8,0x73eda753299d7d483339d80809a1d80553bda402fffe5bfeffffffff00000001,26,67108864,2,2,1,2,10,whole-run,fixed,triton-sumcheck-prime-field-montgomery-element-layout-specialized-points,93.050,43.162,0.000,0.000000,0.000,43.162,ok,cuda-sumcheck-prime-field-montgomery-element-layout-specialized-points,27.1357,27.5465,0,0,0,27.5465,ok,true,68715809920550,68715809920550,1.566878,,experiments/h100/sweep/cases/zk_spartan_2_bw256_r26.log
zk_spartan_2,ABC*Z,prime-field-montgomery,element,specialized,p255_bls12_381_scalar,256,8,0x73eda753299d7d483339d80809a1d80553bda402fffe5bfeffffffff00000001,28,268435456,2,2,1,2,10,whole-run,fixed,triton-sumcheck-prime-field-montgomery-element-layout-specialized-points,176.065,153.780,0.000,0.000000,0.000,153.780,ok,cuda-sumcheck-prime-field-montgomery-element-layout-specialized-points,102.364,110.093,0,0,0,110.093,ok,true,74979165578551,74979165578551,1.396819,,experiments/h100/sweep/cases/zk_spartan_2_bw256_r28.log
zk_witness_non_id,q_non-id-point*y*y - q_non-id-point*x*x*x - 5*q_non-id-point,prime-field-montgomery,element,specialized,p32_2^32_minus_5,32,1,0xfffffffb,14,16384,3,4,3,2,10,whole-run,fixed,triton-sumcheck-prime-field-montgomery-element-layout-specialized-points,33.529,3.118,0.000,0.000000,0.000,3.118,ok,cuda-sumcheck-prime-field-montgomery-element-layout-specialized-points,1.82496,1.59968,0,0,0,1.59968,ok,true,1755004342988,1755004342988,1.949140,,experiments/h100/sweep/cases/zk_witness_non_id_bw32_r14.log
zk_witness_non_id,q_non-id-point*y*y - q_non-id-point*x*x*x - 5*q_non-id-point,prime-field-montgomery,element,specialized,p32_2^32_minus_5,32,1,0xfffffffb,16,65536,3,4,3,2,10,whole-run,fixed,triton-sumcheck-prime-field-montgomery-element-layout-specialized-points,34.844,4.103,0.000,0.000000,0.000,4.103,ok,cuda-sumcheck-prime-field-montgomery-element-layout-specialized-points,2.22147,1.99606,0,0,0,1.99606,ok,true,2442268854103,2442268854103,2.055549,,experiments/h100/sweep/cases/zk_witness_non_id_bw32_r16.log
zk_witness_non_id,q_non-id-point*y*y - q_non-id-point*x*x*x - 5*q_non-id-point,prime-field-montgomery,element,specialized,p32_2^32_minus_5,32,1,0xfffffffb,18,262144,3,4,3,2,10,whole-run,fixed,triton-sumcheck-prime-field-montgomery-element-layout-specialized-points,35.702,5.402,0.000,0.000000,0.000,5.402,ok,cuda-sumcheck-prime-field-montgomery-element-layout-specialized-points,2.61005,2.40205,0,0,0,2.40205,ok,true,2462027502636,2462027502636,2.248912,,experiments/h100/sweep/cases/zk_witness_non_id_bw32_r18.log
zk_witness_non_id,q_non-id-point*y*y - q_non-id-point*x*x*x - 5*q_non-id-point,prime-field-montgomery,element,specialized,p32_2^32_minus_5,32,1,0xfffffffb,20,1048576,3,4,3,2,10,whole-run,fixed,triton-sumcheck-prime-field-montgomery-element-layout-specialized-points,36.646,7.047,0.000,0.000000,0.000,7.047,ok,cuda-sumcheck-prime-field-montgomery-element-layout-specialized-points,3.37955,2.99021,0,0,0,2.99021,ok,true,2669918320433,2669918320433,2.356691,,experiments/h100/sweep/cases/zk_witness_non_id_bw32_r20.log
zk_witness_non_id,q_non-id-point*y*y - q_non-id-point*x*x*x - 5*q_non-id-point,prime-field-montgomery,element,specialized,p32_2^32_minus_5,32,1,0xfffffffb,22,4194304,3,4,3,2,10,whole-run,fixed,triton-sumcheck-prime-field-montgomery-element-layout-specialized-points,68.704,14.849,0.000,0.000000,0.000,14.849,ok,cuda-sumcheck-prime-field-montgomery-element-layout-specialized-points,4.0983,3.74602,0,0,0,3.74602,ok,true,3172342266730,3172342266730,3.963940,,experiments/h100/sweep/cases/zk_witness_non_id_bw32_r22.log
zk_witness_non_id,q_non-id-point*y*y - q_non-id-point*x*x*x - 5*q_non-id-point,prime-field-montgomery,element,specialized,p32_2^32_minus_5,32,1,0xfffffffb,24,16777216,3,4,3,2,10,whole-run,fixed,triton-sumcheck-prime-field-montgomery-element-layout-specialized-points,73.396,20.560,0.000,0.000000,0.000,20.560,ok,cuda-sumcheck-prime-field-montgomery-element-layout-specialized-points,5.51811,5.24186,0,0,0,5.24186,ok,true,3593444755342,3593444755342,3.922272,,experiments/h100/sweep/cases/zk_witness_non_id_bw32_r24.log
zk_witness_non_id,q_non-id-point*y*y - q_non-id-point*x*x*x - 5*q_non-id-point,prime-field-montgomery,element,specialized,p32_2^32_minus_5,32,1,0xfffffffb,26,67108864,3,4,3,2,10,whole-run,fixed,triton-sumcheck-prime-field-montgomery-element-layout-specialized-points,91.686,39.978,0.000,0.000000,0.000,39.978,ok,cuda-sumcheck-prime-field-montgomery-element-layout-specialized-points,10.6276,10.3196,0,0,0,10.3196,ok,true,3745763859188,3745763859188,3.873987,,experiments/h100/sweep/cases/zk_witness_non_id_bw32_r26.log
zk_witness_non_id,q_non-id-point*y*y - q_non-id-point*x*x*x - 5*q_non-id-point,prime-field-montgomery,element,specialized,p32_2^32_minus_5,32,1,0xfffffffb,28,268435456,3,4,3,2,10,whole-run,fixed,triton-sumcheck-prime-field-montgomery-element-layout-specialized-points,167.610,116.780,0.000,0.000000,0.000,116.780,ok,cuda-sumcheck-prime-field-montgomery-element-layout-specialized-points,28.0124,28.0232,0,0,0,28.0232,ok,true,3726647597010,3726647597010,4.167261,,experiments/h100/sweep/cases/zk_witness_non_id_bw32_r28.log
zk_witness_non_id,q_non-id-point*y*y - q_non-id-point*x*x*x - 5*q_non-id-point,prime-field-montgomery,element,specialized,p64_goldilocks,64,2,0xffffffff00000001,14,16384,3,4,3,2,10,whole-run,fixed,triton-sumcheck-prime-field-montgomery-element-layout-specialized-points,60.295,5.310,0.000,0.000000,0.000,5.310,ok,cuda-sumcheck-prime-field-montgomery-element-layout-specialized-points,1.96019,1.70304,0,0,0,1.70304,ok,true,5981691282710,5981691282710,3.117954,,experiments/h100/sweep/cases/zk_witness_non_id_bw64_r14.log
zk_witness_non_id,q_non-id-point*y*y - q_non-id-point*x*x*x - 5*q_non-id-point,prime-field-montgomery,element,specialized,p64_goldilocks,64,2,0xffffffff00000001,16,65536,3,4,3,2,10,whole-run,fixed,triton-sumcheck-prime-field-montgomery-element-layout-specialized-points,62.083,7.150,0.000,0.000000,0.000,7.150,ok,cuda-sumcheck-prime-field-montgomery-element-layout-specialized-points,2.34038,2.07104,0,0,0,2.07104,ok,true,6699477192486,6699477192486,3.452372,,experiments/h100/sweep/cases/zk_witness_non_id_bw64_r16.log
zk_witness_non_id,q_non-id-point*y*y - q_non-id-point*x*x*x - 5*q_non-id-point,prime-field-montgomery,element,specialized,p64_goldilocks,64,2,0xffffffff00000001,18,262144,3,4,3,2,10,whole-run,fixed,triton-sumcheck-prime-field-montgomery-element-layout-specialized-points,64.392,9.448,0.000,0.000000,0.000,9.448,ok,cuda-sumcheck-prime-field-montgomery-element-layout-specialized-points,2.84883,2.52237,0,0,0,2.52237,ok,true,7653663462913,7653663462913,3.745684,,experiments/h100/sweep/cases/zk_witness_non_id_bw64_r18.log
zk_witness_non_id,q_non-id-point*y*y - q_non-id-point*x*x*x - 5*q_non-id-point,prime-field-montgomery,element,specialized,p64_goldilocks,64,2,0xffffffff00000001,20,1048576,3,4,3,2,10,whole-run,fixed,triton-sumcheck-prime-field-montgomery-element-layout-specialized-points,67.657,12.113,0.000,0.000000,0.000,12.113,ok,cuda-sumcheck-prime-field-montgomery-element-layout-specialized-points,3.36288,3.1185,0,0,0,3.1185,ok,true,8837614898671,8837614898671,3.884239,,experiments/h100/sweep/cases/zk_witness_non_id_bw64_r20.log
zk_witness_non_id,q_non-id-point*y*y - q_non-id-point*x*x*x - 5*q_non-id-point,prime-field-montgomery,element,specialized,p64_goldilocks,64,2,0xffffffff00000001,22,4194304,3,4,3,2,10,whole-run,fixed,triton-sumcheck-prime-field-montgomery-element-layout-specialized-points,70.735,14.885,0.000,0.000000,0.000,14.885,ok,cuda-sumcheck-prime-field-montgomery-element-layout-specialized-points,4.53558,4.21405,0,0,0,4.21405,ok,true,9230055891459,9230055891459,3.532231,,experiments/h100/sweep/cases/zk_witness_non_id_bw64_r22.log
zk_witness_non_id,q_non-id-point*y*y - q_non-id-point*x*x*x - 5*q_non-id-point,prime-field-montgomery,element,specialized,p64_goldilocks,64,2,0xffffffff00000001,24,16777216,3,4,3,2,10,whole-run,fixed,triton-sumcheck-prime-field-montgomery-element-layout-specialized-points,75.490,20.976,0.000,0.000000,0.000,20.976,ok,cuda-sumcheck-prime-field-montgomery-element-layout-specialized-points,7.53869,7.26525,0,0,0,7.26525,ok,true,10793160124422,10793160124422,2.887168,,experiments/h100/sweep/cases/zk_witness_non_id_bw64_r24.log
zk_witness_non_id,q_non-id-point*y*y - q_non-id-point*x*x*x - 5*q_non-id-point,prime-field-montgomery,element,specialized,p64_goldilocks,64,2,0xffffffff00000001,26,67108864,3,4,3,2,10,whole-run,fixed,triton-sumcheck-prime-field-montgomery-element-layout-specialized-points,95.846,43.063,0.000,0.000000,0.000,43.063,ok,cuda-sumcheck-prime-field-montgomery-element-layout-specialized-points,17.4219,17.1416,0,0,0,17.1416,ok,true,10470993542893,10470993542893,2.512193,,experiments/h100/sweep/cases/zk_witness_non_id_bw64_r26.log
zk_witness_non_id,q_non-id-point*y*y - q_non-id-point*x*x*x - 5*q_non-id-point,prime-field-montgomery,element,specialized,p64_goldilocks,64,2,0xffffffff00000001,28,268435456,3,4,3,2,10,whole-run,fixed,triton-sumcheck-prime-field-montgomery-element-layout-specialized-points,180.296,128.618,0.000,0.000000,0.000,128.618,ok,cuda-sumcheck-prime-field-montgomery-element-layout-specialized-points,55.3682,57.1754,0,0,0,57.1754,ok,true,12238175874626,12238175874626,2.249534,,experiments/h100/sweep/cases/zk_witness_non_id_bw64_r28.log
zk_witness_non_id,q_non-id-point*y*y - q_non-id-point*x*x*x - 5*q_non-id-point,prime-field-montgomery,element,specialized,p128_mersenne_2^127_minus_1,128,4,0x7fffffffffffffffffffffffffffffff,14,16384,3,4,3,2,10,whole-run,fixed,triton-sumcheck-prime-field-montgomery-element-layout-specialized-points,64.118,5.432,0.000,0.000000,0.000,5.432,ok,cuda-sumcheck-prime-field-montgomery-element-layout-specialized-points,2.32701,1.89456,0,0,0,1.89456,ok,true,15659785126310,15659785126310,2.867156,,experiments/h100/sweep/cases/zk_witness_non_id_bw128_r14.log
zk_witness_non_id,q_non-id-point*y*y - q_non-id-point*x*x*x - 5*q_non-id-point,prime-field-montgomery,element,specialized,p128_mersenne_2^127_minus_1,128,4,0x7fffffffffffffffffffffffffffffff,16,65536,3,4,3,2,10,whole-run,fixed,triton-sumcheck-prime-field-montgomery-element-layout-specialized-points,66.763,7.420,0.000,0.000000,0.000,7.420,ok,cuda-sumcheck-prime-field-montgomery-element-layout-specialized-points,3.3977,2.83875,0,0,0,2.83875,ok,true,18637895452501,18637895452501,2.613827,,experiments/h100/sweep/cases/zk_witness_non_id_bw128_r16.log
zk_witness_non_id,q_non-id-point*y*y - q_non-id-point*x*x*x - 5*q_non-id-point,prime-field-montgomery,element,specialized,p128_mersenne_2^127_minus_1,128,4,0x7fffffffffffffffffffffffffffffff,18,262144,3,4,3,2,10,whole-run,fixed,triton-sumcheck-prime-field-montgomery-element-layout-specialized-points,68.417,9.236,0.000,0.000000,0.000,9.236,ok,cuda-sumcheck-prime-field-montgomery-element-layout-specialized-points,3.05933,2.69606,0,0,0,2.69606,ok,true,18977310861938,18977310861938,3.425740,,experiments/h100/sweep/cases/zk_witness_non_id_bw128_r18.log
zk_witness_non_id,q_non-id-point*y*y - q_non-id-point*x*x*x - 5*q_non-id-point,prime-field-montgomery,element,specialized,p128_mersenne_2^127_minus_1,128,4,0x7fffffffffffffffffffffffffffffff,20,1048576,3,4,3,2,10,whole-run,fixed,triton-sumcheck-prime-field-montgomery-element-layout-specialized-points,70.391,12.046,0.000,0.000000,0.000,12.046,ok,cuda-sumcheck-prime-field-montgomery-element-layout-specialized-points,3.8487,3.58208,0,0,0,3.58208,ok,true,22584957196373,22584957196373,3.362851,,experiments/h100/sweep/cases/zk_witness_non_id_bw128_r20.log
zk_witness_non_id,q_non-id-point*y*y - q_non-id-point*x*x*x - 5*q_non-id-point,prime-field-montgomery,element,specialized,p128_mersenne_2^127_minus_1,128,4,0x7fffffffffffffffffffffffffffffff,22,4194304,3,4,3,2,10,whole-run,fixed,triton-sumcheck-prime-field-montgomery-element-layout-specialized-points,73.546,15.525,0.000,0.000000,0.000,15.525,ok,cuda-sumcheck-prime-field-montgomery-element-layout-specialized-points,5.80058,5.46714,0,0,0,5.46714,ok,true,24041776741697,24041776741697,2.839693,,experiments/h100/sweep/cases/zk_witness_non_id_bw128_r22.log
zk_witness_non_id,q_non-id-point*y*y - q_non-id-point*x*x*x - 5*q_non-id-point,prime-field-montgomery,element,specialized,p128_mersenne_2^127_minus_1,128,4,0x7fffffffffffffffffffffffffffffff,24,16777216,3,4,3,2,10,whole-run,fixed,triton-sumcheck-prime-field-montgomery-element-layout-specialized-points,83.205,25.782,0.000,0.000000,0.000,25.782,ok,cuda-sumcheck-prime-field-montgomery-element-layout-specialized-points,11.7982,11.551,0,0,0,11.551,ok,true,25462566673024,25462566673024,2.232015,,experiments/h100/sweep/cases/zk_witness_non_id_bw128_r24.log
zk_witness_non_id,q_non-id-point*y*y - q_non-id-point*x*x*x - 5*q_non-id-point,prime-field-montgomery,element,specialized,p128_mersenne_2^127_minus_1,128,4,0x7fffffffffffffffffffffffffffffff,26,67108864,3,4,3,2,10,whole-run,fixed,triton-sumcheck-prime-field-montgomery-element-layout-specialized-points,120.978,65.929,0.000,0.000000,0.000,65.929,ok,cuda-sumcheck-prime-field-montgomery-element-layout-specialized-points,34.184,32.9853,0,0,0,32.9853,ok,true,29454821838026,29454821838026,1.998739,,experiments/h100/sweep/cases/zk_witness_non_id_bw128_r26.log
zk_witness_non_id,q_non-id-point*y*y - q_non-id-point*x*x*x - 5*q_non-id-point,prime-field-montgomery,element,specialized,p128_mersenne_2^127_minus_1,128,4,0x7fffffffffffffffffffffffffffffff,28,268435456,3,4,3,2,10,whole-run,fixed,triton-sumcheck-prime-field-montgomery-element-layout-specialized-points,275.972,216.596,0.000,0.000000,0.000,216.596,ok,cuda-sumcheck-prime-field-montgomery-element-layout-specialized-points,118.104,119.925,0,0,0,119.925,ok,true,32287955919752,32287955919752,1.806095,,experiments/h100/sweep/cases/zk_witness_non_id_bw128_r28.log
zk_witness_non_id,q_non-id-point*y*y - q_non-id-point*x*x*x - 5*q_non-id-point,prime-field-montgomery,element,specialized,p255_bls12_381_scalar,256,8,0x73eda753299d7d483339d80809a1d80553bda402fffe5bfeffffffff00000001,14,16384,3,4,3,2,10,whole-run,fixed,triton-sumcheck-prime-field-montgomery-element-layout-specialized-points,76.061,5.617,0.000,0.000000,0.000,5.617,ok,cuda-sumcheck-prime-field-montgomery-element-layout-specialized-points,3.14912,2.24045,0,0,0,2.24045,ok,true,62685755827500,62685755827500,2.507086,,experiments/h100/sweep/cases/zk_witness_non_id_bw256_r14.log
zk_witness_non_id,q_non-id-point*y*y - q_non-id-point*x*x*x - 5*q_non-id-point,prime-field-montgomery,element,specialized,p255_bls12_381_scalar,256,8,0x73eda753299d7d483339d80809a1d80553bda402fffe5bfeffffffff00000001,16,65536,3,4,3,2,10,whole-run,fixed,triton-sumcheck-prime-field-montgomery-element-layout-specialized-points,77.406,7.448,0.000,0.000000,0.000,7.448,ok,cuda-sumcheck-prime-field-montgomery-element-layout-specialized-points,3.63917,2.74947,0,0,0,2.74947,ok,true,72317547246789,72317547246789,2.708886,,experiments/h100/sweep/cases/zk_witness_non_id_bw256_r16.log
zk_witness_non_id,q_non-id-point*y*y - q_non-id-point*x*x*x - 5*q_non-id-point,prime-field-montgomery,element,specialized,p255_bls12_381_scalar,256,8,0x73eda753299d7d483339d80809a1d80553bda402fffe5bfeffffffff00000001,18,262144,3,4,3,2,10,whole-run,fixed,triton-sumcheck-prime-field-montgomery-element-layout-specialized-points,80.658,9.769,0.000,0.000000,0.000,9.769,ok,cuda-sumcheck-prime-field-montgomery-element-layout-specialized-points,4.50896,3.63392,0,0,0,3.63392,ok,true,72177475223958,72177475223958,2.688282,,experiments/h100/sweep/cases/zk_witness_non_id_bw256_r18.log
zk_witness_non_id,q_non-id-point*y*y - q_non-id-point*x*x*x - 5*q_non-id-point,prime-field-montgomery,element,specialized,p255_bls12_381_scalar,256,8,0x73eda753299d7d483339d80809a1d80553bda402fffe5bfeffffffff00000001,20,1048576,3,4,3,2,10,whole-run,fixed,triton-sumcheck-prime-field-montgomery-element-layout-specialized-points,82.117,12.511,0.000,0.000000,0.000,12.511,ok,cuda-sumcheck-prime-field-montgomery-element-layout-specialized-points,6.5512,5.69686,0,0,0,5.69686,ok,true,84612521577818,84612521577818,2.196122,,experiments/h100/sweep/cases/zk_witness_non_id_bw256_r20.log
zk_witness_non_id,q_non-id-point*y*y - q_non-id-point*x*x*x - 5*q_non-id-point,prime-field-montgomery,element,specialized,p255_bls12_381_scalar,256,8,0x73eda753299d7d483339d80809a1d80553bda402fffe5bfeffffffff00000001,22,4194304,3,4,3,2,10,whole-run,fixed,triton-sumcheck-prime-field-montgomery-element-layout-specialized-points,89.291,19.923,0.000,0.000000,0.000,19.923,ok,cuda-sumcheck-prime-field-montgomery-element-layout-specialized-points,12.3172,11.4258,0,0,0,11.4258,ok,true,95954458946112,95954458946112,1.743685,,experiments/h100/sweep/cases/zk_witness_non_id_bw256_r22.log
zk_witness_non_id,q_non-id-point*y*y - q_non-id-point*x*x*x - 5*q_non-id-point,prime-field-montgomery,element,specialized,p255_bls12_381_scalar,256,8,0x73eda753299d7d483339d80809a1d80553bda402fffe5bfeffffffff00000001,24,16777216,3,4,3,2,10,whole-run,fixed,triton-sumcheck-prime-field-montgomery-element-layout-specialized-points,114.118,46.411,0.000,0.000000,0.000,46.411,ok,cuda-sumcheck-prime-field-montgomery-element-layout-specialized-points,33.2796,32.4373,0,0,0,32.4373,ok,true,104363571574743,104363571574743,1.430791,,experiments/h100/sweep/cases/zk_witness_non_id_bw256_r24.log
zk_witness_non_id,q_non-id-point*y*y - q_non-id-point*x*x*x - 5*q_non-id-point,prime-field-montgomery,element,specialized,p255_bls12_381_scalar,256,8,0x73eda753299d7d483339d80809a1d80553bda402fffe5bfeffffffff00000001,26,67108864,3,4,3,2,10,whole-run,fixed,triton-sumcheck-prime-field-montgomery-element-layout-specialized-points,217.876,151.134,0.000,0.000000,0.000,151.134,ok,cuda-sumcheck-prime-field-montgomery-element-layout-specialized-points,115.148,115.149,0,0,0,115.149,ok,true,111039871206407,111039871206407,1.312508,,experiments/h100/sweep/cases/zk_witness_non_id_bw256_r26.log
zk_witness_non_id,q_non-id-point*y*y - q_non-id-point*x*x*x - 5*q_non-id-point,prime-field-montgomery,element,specialized,p255_bls12_381_scalar,256,8,0x73eda753299d7d483339d80809a1d80553bda402fffe5bfeffffffff00000001,28,268435456,3,4,3,2,10,whole-run,fixed,triton-sumcheck-prime-field-montgomery-element-layout-specialized-points,636.080,566.666,0.000,0.000000,0.000,566.666,ok,cuda-sumcheck-prime-field-montgomery-element-layout-specialized-points,445.888,453.72,0,0,0,453.72,ok,true,127183176437733,127183176437733,1.248933,,experiments/h100/sweep/cases/zk_witness_non_id_bw256_r28.log
zk_witness_id_point_1,q_point*x*y*y - q_point*x*x*x*x - 5*q_point*x,prime-field-montgomery,element,specialized,p32_2^32_minus_5,32,1,0xfffffffb,14,16384,3,5,3,2,10,whole-run,fixed,triton-sumcheck-prime-field-montgomery-element-layout-specialized-points,62.546,6.349,0.000,0.000000,0.000,6.349,ok,cuda-sumcheck-prime-field-montgomery-element-layout-specialized-points,2.16166,1.9448,0,0,0,1.9448,ok,true,2331461279251,2331461279251,3.264603,,experiments/h100/sweep/cases/zk_witness_id_point_1_bw32_r14.log
zk_witness_id_point_1,q_point*x*y*y - q_point*x*x*x*x - 5*q_point*x,prime-field-montgomery,element,specialized,p32_2^32_minus_5,32,1,0xfffffffb,16,65536,3,5,3,2,10,whole-run,fixed,triton-sumcheck-prime-field-montgomery-element-layout-specialized-points,64.721,8.588,0.000,0.000000,0.000,8.588,ok,cuda-sumcheck-prime-field-montgomery-element-layout-specialized-points,2.59312,2.33898,0,0,0,2.33898,ok,true,2368611366173,2368611366173,3.671686,,experiments/h100/sweep/cases/zk_witness_id_point_1_bw32_r16.log
zk_witness_id_point_1,q_point*x*y*y - q_point*x*x*x*x - 5*q_point*x,prime-field-montgomery,element,specialized,p32_2^32_minus_5,32,1,0xfffffffb,18,262144,3,5,3,2,10,whole-run,fixed,triton-sumcheck-prime-field-montgomery-element-layout-specialized-points,67.750,11.293,0.000,0.000000,0.000,11.293,ok,cuda-sumcheck-prime-field-montgomery-element-layout-specialized-points,3.1927,2.87037,0,0,0,2.87037,ok,true,3152591402727,3152591402727,3.934336,,experiments/h100/sweep/cases/zk_witness_id_point_1_bw32_r18.log
zk_witness_id_point_1,q_point*x*y*y - q_point*x*x*x*x - 5*q_point*x,prime-field-montgomery,element,specialized,p32_2^32_minus_5,32,1,0xfffffffb,20,1048576,3,5,3,2,10,whole-run,fixed,triton-sumcheck-prime-field-montgomery-element-layout-specialized-points,70.998,14.709,0.000,0.000000,0.000,14.709,ok,cuda-sumcheck-prime-field-montgomery-element-layout-specialized-points,3.8081,3.4807,0,0,0,3.4807,ok,true,3091985749918,3091985749918,4.225874,,experiments/h100/sweep/cases/zk_witness_id_point_1_bw32_r20.log
zk_witness_id_point_1,q_point*x*y*y - q_point*x*x*x*x - 5*q_point*x,prime-field-montgomery,element,specialized,p32_2^32_minus_5,32,1,0xfffffffb,22,4194304,3,5,3,2,10,whole-run,fixed,triton-sumcheck-prime-field-montgomery-element-layout-specialized-points,74.608,17.708,0.000,0.000000,0.000,17.708,ok,cuda-sumcheck-prime-field-montgomery-element-layout-specialized-points,4.74461,4.39805,0,0,0,4.39805,ok,true,3442369752159,3442369752159,4.026330,,experiments/h100/sweep/cases/zk_witness_id_point_1_bw32_r22.log
zk_witness_id_point_1,q_point*x*y*y - q_point*x*x*x*x - 5*q_point*x,prime-field-montgomery,element,specialized,p32_2^32_minus_5,32,1,0xfffffffb,24,16777216,3,5,3,2,10,whole-run,fixed,triton-sumcheck-prime-field-montgomery-element-layout-specialized-points,79.586,24.314,0.000,0.000000,0.000,24.314,ok,cuda-sumcheck-prime-field-montgomery-element-layout-specialized-points,6.59328,6.31226,0,0,0,6.31226,ok,true,3720441350990,3720441350990,3.851869,,experiments/h100/sweep/cases/zk_witness_id_point_1_bw32_r24.log
zk_witness_id_point_1,q_point*x*y*y - q_point*x*x*x*x - 5*q_point*x,prime-field-montgomery,element,specialized,p32_2^32_minus_5,32,1,0xfffffffb,26,67108864,3,5,3,2,10,whole-run,fixed,triton-sumcheck-prime-field-montgomery-element-layout-specialized-points,107.904,50.595,0.000,0.000000,0.000,50.595,ok,cuda-sumcheck-prime-field-montgomery-element-layout-specialized-points,12.6134,12.2356,0,0,0,12.2356,ok,true,3914866168499,3914866168499,4.135065,,experiments/h100/sweep/cases/zk_witness_id_point_1_bw32_r26.log
zk_witness_id_point_1,q_point*x*y*y - q_point*x*x*x*x - 5*q_point*x,prime-field-montgomery,element,specialized,p32_2^32_minus_5,32,1,0xfffffffb,28,268435456,3,5,3,2,10,whole-run,fixed,triton-sumcheck-prime-field-montgomery-element-layout-specialized-points,193.485,141.368,0.000,0.000000,0.000,141.368,ok,cuda-sumcheck-prime-field-montgomery-element-layout-specialized-points,33.7127,34.1444,0,0,0,34.1444,ok,true,4443559531034,4443559531034,4.140298,,experiments/h100/sweep/cases/zk_witness_id_point_1_bw32_r28.log
zk_witness_id_point_1,q_point*x*y*y - q_point*x*x*x*x - 5*q_point*x,prime-field-montgomery,element,specialized,p64_goldilocks,64,2,0xffffffff00000001,14,16384,3,5,3,2,10,whole-run,fixed,triton-sumcheck-prime-field-montgomery-element-layout-specialized-points,37.627,3.752,0.000,0.000000,0.000,3.752,ok,cuda-sumcheck-prime-field-montgomery-element-layout-specialized-points,2.33661,2.05309,0,0,0,2.05309,ok,true,7161295169340,7161295169340,1.827489,,experiments/h100/sweep/cases/zk_witness_id_point_1_bw64_r14.log
zk_witness_id_point_1,q_point*x*y*y - q_point*x*x*x*x - 5*q_point*x,prime-field-montgomery,element,specialized,p64_goldilocks,64,2,0xffffffff00000001,16,65536,3,5,3,2,10,whole-run,fixed,triton-sumcheck-prime-field-montgomery-element-layout-specialized-points,65.912,8.411,0.000,0.000000,0.000,8.411,ok,cuda-sumcheck-prime-field-montgomery-element-layout-specialized-points,2.78122,2.46349,0,0,0,2.46349,ok,true,8527248594540,8527248594540,3.414262,,experiments/h100/sweep/cases/zk_witness_id_point_1_bw64_r16.log
zk_witness_id_point_1,q_point*x*y*y - q_point*x*x*x*x - 5*q_point*x,prime-field-montgomery,element,specialized,p64_goldilocks,64,2,0xffffffff00000001,18,262144,3,5,3,2,10,whole-run,fixed,triton-sumcheck-prime-field-montgomery-element-layout-specialized-points,68.728,11.167,0.000,0.000000,0.000,11.167,ok,cuda-sumcheck-prime-field-montgomery-element-layout-specialized-points,3.35373,2.98525,0,0,0,2.98525,ok,true,9123523377228,9123523377228,3.740725,,experiments/h100/sweep/cases/zk_witness_id_point_1_bw64_r18.log
zk_witness_id_point_1,q_point*x*y*y - q_point*x*x*x*x - 5*q_point*x,prime-field-montgomery,element,specialized,p64_goldilocks,64,2,0xffffffff00000001,20,1048576,3,5,3,2,10,whole-run,fixed,triton-sumcheck-prime-field-montgomery-element-layout-specialized-points,80.204,15.981,0.000,0.000000,0.000,15.981,ok,cuda-sumcheck-prime-field-montgomery-element-layout-specialized-points,4.0969,3.78051,0,0,0,3.78051,ok,true,9860885170318,9860885170318,4.227207,,experiments/h100/sweep/cases/zk_witness_id_point_1_bw64_r20.log
zk_witness_id_point_1,q_point*x*y*y - q_point*x*x*x*x - 5*q_point*x,prime-field-montgomery,element,specialized,p64_goldilocks,64,2,0xffffffff00000001,22,4194304,3,5,3,2,10,whole-run,fixed,triton-sumcheck-prime-field-montgomery-element-layout-specialized-points,76.201,17.885,0.000,0.000000,0.000,17.885,ok,cuda-sumcheck-prime-field-montgomery-element-layout-specialized-points,5.55453,5.25437,0,0,0,5.25437,ok,true,11166434880107,11166434880107,3.403833,,experiments/h100/sweep/cases/zk_witness_id_point_1_bw64_r22.log
zk_witness_id_point_1,q_point*x*y*y - q_point*x*x*x*x - 5*q_point*x,prime-field-montgomery,element,specialized,p64_goldilocks,64,2,0xffffffff00000001,24,16777216,3,5,3,2,10,whole-run,fixed,triton-sumcheck-prime-field-montgomery-element-layout-specialized-points,86.498,25.602,0.000,0.000000,0.000,25.602,ok,cuda-sumcheck-prime-field-montgomery-element-layout-specialized-points,9.38182,9.05251,0,0,0,9.05251,ok,true,11895734284772,11895734284772,2.828166,,experiments/h100/sweep/cases/zk_witness_id_point_1_bw64_r24.log
zk_witness_id_point_1,q_point*x*y*y - q_point*x*x*x*x - 5*q_point*x,prime-field-montgomery,element,specialized,p64_goldilocks,64,2,0xffffffff00000001,26,67108864,3,5,3,2,10,whole-run,fixed,triton-sumcheck-prime-field-montgomery-element-layout-specialized-points,109.279,52.481,0.000,0.000000,0.000,52.481,ok,cuda-sumcheck-prime-field-montgomery-element-layout-specialized-points,21.8763,21.5059,0,0,0,21.5059,ok,true,12463196017714,12463196017714,2.440307,,experiments/h100/sweep/cases/zk_witness_id_point_1_bw64_r26.log
zk_witness_id_point_1,q_point*x*y*y - q_point*x*x*x*x - 5*q_point*x,prime-field-montgomery,element,specialized,p64_goldilocks,64,2,0xffffffff00000001,28,268435456,3,5,3,2,10,whole-run,fixed,triton-sumcheck-prime-field-montgomery-element-layout-specialized-points,213.877,159.635,0.000,0.000000,0.000,159.635,ok,cuda-sumcheck-prime-field-montgomery-element-layout-specialized-points,71.803,73.9026,0,0,0,73.9026,ok,true,14310738931021,14310738931021,2.160073,,experiments/h100/sweep/cases/zk_witness_id_point_1_bw64_r28.log
zk_witness_id_point_1,q_point*x*y*y - q_point*x*x*x*x - 5*q_point*x,prime-field-montgomery,element,specialized,p128_mersenne_2^127_minus_1,128,4,0x7fffffffffffffffffffffffffffffff,14,16384,3,5,3,2,10,whole-run,fixed,triton-sumcheck-prime-field-montgomery-element-layout-specialized-points,77.731,7.155,0.000,0.000000,0.000,7.155,ok,cuda-sumcheck-prime-field-montgomery-element-layout-specialized-points,2.67338,2.19558,0,0,0,2.19558,ok,true,17839246345141,17839246345141,3.258820,,experiments/h100/sweep/cases/zk_witness_id_point_1_bw128_r14.log
zk_witness_id_point_1,q_point*x*y*y - q_point*x*x*x*x - 5*q_point*x,prime-field-montgomery,element,specialized,p128_mersenne_2^127_minus_1,128,4,0x7fffffffffffffffffffffffffffffff,16,65536,3,5,3,2,10,whole-run,fixed,triton-sumcheck-prime-field-montgomery-element-layout-specialized-points,71.537,8.563,0.000,0.000000,0.000,8.563,ok,cuda-sumcheck-prime-field-montgomery-element-layout-specialized-points,3.16419,2.74045,0,0,0,2.74045,ok,true,20303122931416,20303122931416,3.124669,,experiments/h100/sweep/cases/zk_witness_id_point_1_bw128_r16.log
zk_witness_id_point_1,q_point*x*y*y - q_point*x*x*x*x - 5*q_point*x,prime-field-montgomery,element,specialized,p128_mersenne_2^127_minus_1,128,4,0x7fffffffffffffffffffffffffffffff,18,262144,3,5,3,2,10,whole-run,fixed,triton-sumcheck-prime-field-montgomery-element-layout-specialized-points,73.942,10.993,0.000,0.000000,0.000,10.993,ok,cuda-sumcheck-prime-field-montgomery-element-layout-specialized-points,3.72077,3.27616,0,0,0,3.27616,ok,true,24077474631041,24077474631041,3.355453,,experiments/h100/sweep/cases/zk_witness_id_point_1_bw128_r18.log
zk_witness_id_point_1,q_point*x*y*y - q_point*x*x*x*x - 5*q_point*x,prime-field-montgomery,element,specialized,p128_mersenne_2^127_minus_1,128,4,0x7fffffffffffffffffffffffffffffff,20,1048576,3,5,3,2,10,whole-run,fixed,triton-sumcheck-prime-field-montgomery-element-layout-specialized-points,77.188,14.291,0.000,0.000000,0.000,14.291,ok,cuda-sumcheck-prime-field-montgomery-element-layout-specialized-points,4.94496,4.47693,0,0,0,4.47693,ok,true,27727245744861,27727245744861,3.192143,,experiments/h100/sweep/cases/zk_witness_id_point_1_bw128_r20.log
zk_witness_id_point_1,q_point*x*y*y - q_point*x*x*x*x - 5*q_point*x,prime-field-montgomery,element,specialized,p128_mersenne_2^127_minus_1,128,4,0x7fffffffffffffffffffffffffffffff,22,4194304,3,5,3,2,10,whole-run,fixed,triton-sumcheck-prime-field-montgomery-element-layout-specialized-points,81.597,18.433,0.000,0.000000,0.000,18.433,ok,cuda-sumcheck-prime-field-montgomery-element-layout-specialized-points,7.45741,7.04746,0,0,0,7.04746,ok,true,29435074950450,29435074950450,2.615552,,experiments/h100/sweep/cases/zk_witness_id_point_1_bw128_r22.log
zk_witness_id_point_1,q_point*x*y*y - q_point*x*x*x*x - 5*q_point*x,prime-field-montgomery,element,specialized,p128_mersenne_2^127_minus_1,128,4,0x7fffffffffffffffffffffffffffffff,24,16777216,3,5,3,2,10,whole-run,fixed,triton-sumcheck-prime-field-montgomery-element-layout-specialized-points,93.490,32.093,0.000,0.000000,0.000,32.093,ok,cuda-sumcheck-prime-field-montgomery-element-layout-specialized-points,15.3797,14.9674,0,0,0,14.9674,ok,true,31367254987445,31367254987445,2.144193,,experiments/h100/sweep/cases/zk_witness_id_point_1_bw128_r24.log
zk_witness_id_point_1,q_point*x*y*y - q_point*x*x*x*x - 5*q_point*x,prime-field-montgomery,element,specialized,p128_mersenne_2^127_minus_1,128,4,0x7fffffffffffffffffffffffffffffff,26,67108864,3,5,3,2,10,whole-run,fixed,triton-sumcheck-prime-field-montgomery-element-layout-specialized-points,143.129,82.915,0.000,0.000000,0.000,82.915,ok,cuda-sumcheck-prime-field-montgomery-element-layout-specialized-points,44.8764,44.1969,0,0,0,44.1969,ok,true,35332055469672,35332055469672,1.876037,,experiments/h100/sweep/cases/zk_witness_id_point_1_bw128_r26.log
zk_witness_id_point_1,q_point*x*y*y - q_point*x*x*x*x - 5*q_point*x,prime-field-montgomery,element,specialized,p128_mersenne_2^127_minus_1,128,4,0x7fffffffffffffffffffffffffffffff,28,268435456,3,5,3,2,10,whole-run,fixed,triton-sumcheck-prime-field-montgomery-element-layout-specialized-points,352.309,275.909,0.000,0.000000,0.000,275.909,ok,cuda-sumcheck-prime-field-montgomery-element-layout-specialized-points,159.766,163.229,0,0,0,163.229,ok,true,36449267293634,36449267293634,1.690319,,experiments/h100/sweep/cases/zk_witness_id_point_1_bw128_r28.log
zk_witness_id_point_1,q_point*x*y*y - q_point*x*x*x*x - 5*q_point*x,prime-field-montgomery,element,specialized,p255_bls12_381_scalar,256,8,0x73eda753299d7d483339d80809a1d80553bda402fffe5bfeffffffff00000001,14,16384,3,5,3,2,10,whole-run,fixed,triton-sumcheck-prime-field-montgomery-element-layout-specialized-points,99.493,7.469,0.000,0.000000,0.000,7.469,ok,cuda-sumcheck-prime-field-montgomery-element-layout-specialized-points,4.06819,2.8927,0,0,0,2.8927,ok,true,76320948114541,76320948114541,2.582017,,experiments/h100/sweep/cases/zk_witness_id_point_1_bw256_r14.log
zk_witness_id_point_1,q_point*x*y*y - q_point*x*x*x*x - 5*q_point*x,prime-field-montgomery,element,specialized,p255_bls12_381_scalar,256,8,0x73eda753299d7d483339d80809a1d80553bda402fffe5bfeffffffff00000001,16,65536,3,5,3,2,10,whole-run,fixed,triton-sumcheck-prime-field-montgomery-element-layout-specialized-points,86.555,8.956,0.000,0.000000,0.000,8.956,ok,cuda-sumcheck-prime-field-montgomery-element-layout-specialized-points,4.7848,3.57907,0,0,0,3.57907,ok,true,84798169036776,84798169036776,2.502326,,experiments/h100/sweep/cases/zk_witness_id_point_1_bw256_r16.log
zk_witness_id_point_1,q_point*x*y*y - q_point*x*x*x*x - 5*q_point*x,prime-field-montgomery,element,specialized,p255_bls12_381_scalar,256,8,0x73eda753299d7d483339d80809a1d80553bda402fffe5bfeffffffff00000001,18,262144,3,5,3,2,10,whole-run,fixed,triton-sumcheck-prime-field-montgomery-element-layout-specialized-points,90.598,11.888,0.000,0.000000,0.000,11.888,ok,cuda-sumcheck-prime-field-montgomery-element-layout-specialized-points,5.81405,4.70778,0,0,0,4.70778,ok,true,95405386834303,95405386834303,2.525182,,experiments/h100/sweep/cases/zk_witness_id_point_1_bw256_r18.log
zk_witness_id_point_1,q_point*x*y*y - q_point*x*x*x*x - 5*q_point*x,prime-field-montgomery,element,specialized,p255_bls12_381_scalar,256,8,0x73eda753299d7d483339d80809a1d80553bda402fffe5bfeffffffff00000001,20,1048576,3,5,3,2,10,whole-run,fixed,triton-sumcheck-prime-field-montgomery-element-layout-specialized-points,93.555,15.182,0.000,0.000000,0.000,15.182,ok,cuda-sumcheck-prime-field-montgomery-element-layout-specialized-points,8.5624,7.44771,0,0,0,7.44771,ok,true,106131664884986,106131664884986,2.038479,,experiments/h100/sweep/cases/zk_witness_id_point_1_bw256_r20.log
zk_witness_id_point_1,q_point*x*y*y - q_point*x*x*x*x - 5*q_point*x,prime-field-montgomery,element,specialized,p255_bls12_381_scalar,256,8,0x73eda753299d7d483339d80809a1d80553bda402fffe5bfeffffffff00000001,22,4194304,3,5,3,2,10,whole-run,fixed,triton-sumcheck-prime-field-montgomery-element-layout-specialized-points,101.496,25.100,0.000,0.000000,0.000,25.100,ok,cuda-sumcheck-prime-field-montgomery-element-layout-specialized-points,16.9578,15.9528,0,0,0,15.9528,ok,true,111606466909236,111606466909236,1.573392,,experiments/h100/sweep/cases/zk_witness_id_point_1_bw256_r22.log
zk_witness_id_point_1,q_point*x*y*y - q_point*x*x*x*x - 5*q_point*x,prime-field-montgomery,element,specialized,p255_bls12_381_scalar,256,8,0x73eda753299d7d483339d80809a1d80553bda402fffe5bfeffffffff00000001,24,16777216,3,5,3,2,10,whole-run,fixed,triton-sumcheck-prime-field-montgomery-element-layout-specialized-points,136.502,61.742,0.000,0.000000,0.000,61.742,ok,cuda-sumcheck-prime-field-montgomery-element-layout-specialized-points,48.869,47.1067,0,0,0,47.1067,ok,true,125589484436936,125589484436936,1.310684,,experiments/h100/sweep/cases/zk_witness_id_point_1_bw256_r24.log
zk_witness_id_point_1,q_point*x*y*y - q_point*x*x*x*x - 5*q_point*x,prime-field-montgomery,element,specialized,p255_bls12_381_scalar,256,8,0x73eda753299d7d483339d80809a1d80553bda402fffe5bfeffffffff00000001,26,67108864,3,5,3,2,10,whole-run,fixed,triton-sumcheck-prime-field-montgomery-element-layout-specialized-points,278.981,205.098,0.000,0.000000,0.000,205.098,ok,cuda-sumcheck-prime-field-montgomery-element-layout-specialized-points,169.022,167.808,0,0,0,167.808,ok,true,135086588786487,135086588786487,1.222218,,experiments/h100/sweep/cases/zk_witness_id_point_1_bw256_r26.log
zk_witness_id_point_1,q_point*x*y*y - q_point*x*x*x*x - 5*q_point*x,prime-field-montgomery,element,specialized,p255_bls12_381_scalar,256,8,0x73eda753299d7d483339d80809a1d80553bda402fffe5bfeffffffff00000001,28,268435456,3,5,3,2,10,whole-run,fixed,triton-sumcheck-prime-field-montgomery-element-layout-specialized-points,820.881,773.914,0.000,0.000000,0.000,773.914,ok,cuda-sumcheck-prime-field-montgomery-element-layout-specialized-points,655.867,655.279,0,0,0,655.279,ok,true,150841935925343,150841935925343,1.181045,,experiments/h100/sweep/cases/zk_witness_id_point_1_bw256_r28.log
zk_witness_id_point_2,q_point*y*y*y - q_point*y*x*x*x - 5*q_point*y,prime-field-montgomery,element,specialized,p32_2^32_minus_5,32,1,0xfffffffb,14,16384,3,5,3,2,10,whole-run,fixed,triton-sumcheck-prime-field-montgomery-element-layout-specialized-points,62.383,6.389,0.000,0.000000,0.000,6.389,ok,cuda-sumcheck-prime-field-montgomery-element-layout-specialized-points,2.17523,1.94678,0,0,0,1.94678,ok,true,2470311863240,2470311863240,3.281829,,experiments/h100/sweep/cases/zk_witness_id_point_2_bw32_r14.log
zk_witness_id_point_2,q_point*y*y*y - q_point*y*x*x*x - 5*q_point*y,prime-field-montgomery,element,specialized,p32_2^32_minus_5,32,1,0xfffffffb,16,65536,3,5,3,2,10,whole-run,fixed,triton-sumcheck-prime-field-montgomery-element-layout-specialized-points,64.389,8.671,0.000,0.000000,0.000,8.671,ok,cuda-sumcheck-prime-field-montgomery-element-layout-specialized-points,2.71712,2.45578,0,0,0,2.45578,ok,true,2494264718075,2494264718075,3.530854,,experiments/h100/sweep/cases/zk_witness_id_point_2_bw32_r16.log
zk_witness_id_point_2,q_point*y*y*y - q_point*y*x*x*x - 5*q_point*y,prime-field-montgomery,element,specialized,p32_2^32_minus_5,32,1,0xfffffffb,18,262144,3,5,3,2,10,whole-run,fixed,triton-sumcheck-prime-field-montgomery-element-layout-specialized-points,66.823,10.985,0.000,0.000000,0.000,10.985,ok,cuda-sumcheck-prime-field-montgomery-element-layout-specialized-points,3.22346,2.88746,0,0,0,2.88746,ok,true,2910125123126,2910125123126,3.804382,,experiments/h100/sweep/cases/zk_witness_id_point_2_bw32_r18.log
zk_witness_id_point_2,q_point*y*y*y - q_point*y*x*x*x - 5*q_point*y,prime-field-montgomery,element,specialized,p32_2^32_minus_5,32,1,0xfffffffb,20,1048576,3,5,3,2,10,whole-run,fixed,triton-sumcheck-prime-field-montgomery-element-layout-specialized-points,70.590,14.352,0.000,0.000000,0.000,14.352,ok,cuda-sumcheck-prime-field-montgomery-element-layout-specialized-points,5.23382,4.66816,0,0,0,4.66816,ok,true,3109515453980,3109515453980,3.074445,,experiments/h100/sweep/cases/zk_witness_id_point_2_bw32_r20.log
zk_witness_id_point_2,q_point*y*y*y - q_point*y*x*x*x - 5*q_point*y,prime-field-montgomery,element,specialized,p32_2^32_minus_5,32,1,0xfffffffb,22,4194304,3,5,3,2,10,whole-run,fixed,triton-sumcheck-prime-field-montgomery-element-layout-specialized-points,74.662,17.895,0.000,0.000000,0.000,17.895,ok,cuda-sumcheck-prime-field-montgomery-element-layout-specialized-points,4.68618,4.3584,0,0,0,4.3584,ok,true,3363912579781,3363912579781,4.105865,,experiments/h100/sweep/cases/zk_witness_id_point_2_bw32_r22.log
zk_witness_id_point_2,q_point*y*y*y - q_point*y*x*x*x - 5*q_point*y,prime-field-montgomery,element,specialized,p32_2^32_minus_5,32,1,0xfffffffb,24,16777216,3,5,3,2,10,whole-run,fixed,triton-sumcheck-prime-field-montgomery-element-layout-specialized-points,81.475,25.370,0.000,0.000000,0.000,25.370,ok,cuda-sumcheck-prime-field-montgomery-element-layout-specialized-points,6.71862,6.42342,0,0,0,6.42342,ok,true,3851959711782,3851959711782,3.949609,,experiments/h100/sweep/cases/zk_witness_id_point_2_bw32_r24.log
zk_witness_id_point_2,q_point*y*y*y - q_point*y*x*x*x - 5*q_point*y,prime-field-montgomery,element,specialized,p32_2^32_minus_5,32,1,0xfffffffb,26,67108864,3,5,3,2,10,whole-run,fixed,triton-sumcheck-prime-field-montgomery-element-layout-specialized-points,101.999,47.926,0.000,0.000000,0.000,47.926,ok,cuda-sumcheck-prime-field-montgomery-element-layout-specialized-points,12.5784,12.2607,0,0,0,12.2607,ok,true,4325586615376,4325586615376,3.908912,,experiments/h100/sweep/cases/zk_witness_id_point_2_bw32_r26.log
zk_witness_id_point_2,q_point*y*y*y - q_point*y*x*x*x - 5*q_point*y,prime-field-montgomery,element,specialized,p32_2^32_minus_5,32,1,0xfffffffb,28,268435456,3,5,3,2,10,whole-run,fixed,triton-sumcheck-prime-field-montgomery-element-layout-specialized-points,194.886,141.730,0.000,0.000000,0.000,141.730,ok,cuda-sumcheck-prime-field-montgomery-element-layout-specialized-points,33.7388,34.0717,0,0,0,34.0717,ok,true,4732508534104,4732508534104,4.159757,,experiments/h100/sweep/cases/zk_witness_id_point_2_bw32_r28.log
zk_witness_id_point_2,q_point*y*y*y - q_point*y*x*x*x - 5*q_point*y,prime-field-montgomery,element,specialized,p64_goldilocks,64,2,0xffffffff00000001,14,16384,3,5,3,2,10,whole-run,fixed,triton-sumcheck-prime-field-montgomery-element-layout-specialized-points,37.925,3.700,0.000,0.000000,0.000,3.700,ok,cuda-sumcheck-prime-field-montgomery-element-layout-specialized-points,2.34902,2.05814,0,0,0,2.05814,ok,true,7281523154464,7281523154464,1.797740,,experiments/h100/sweep/cases/zk_witness_id_point_2_bw64_r14.log
zk_witness_id_point_2,q_point*y*y*y - q_point*y*x*x*x - 5*q_point*y,prime-field-montgomery,element,specialized,p64_goldilocks,64,2,0xffffffff00000001,16,65536,3,5,3,2,10,whole-run,fixed,triton-sumcheck-prime-field-montgomery-element-layout-specialized-points,37.293,4.894,0.000,0.000000,0.000,4.894,ok,cuda-sumcheck-prime-field-montgomery-element-layout-specialized-points,2.80304,2.47603,0,0,0,2.47603,ok,true,7318791787307,7318791787307,1.976551,,experiments/h100/sweep/cases/zk_witness_id_point_2_bw64_r16.log
zk_witness_id_point_2,q_point*y*y*y - q_point*y*x*x*x - 5*q_point*y,prime-field-montgomery,element,specialized,p64_goldilocks,64,2,0xffffffff00000001,18,262144,3,5,3,2,10,whole-run,fixed,triton-sumcheck-prime-field-montgomery-element-layout-specialized-points,38.901,6.498,0.000,0.000000,0.000,6.498,ok,cuda-sumcheck-prime-field-montgomery-element-layout-specialized-points,3.40074,3.03936,0,0,0,3.03936,ok,true,9324305661801,9324305661801,2.137950,,experiments/h100/sweep/cases/zk_witness_id_point_2_bw64_r18.log
zk_witness_id_point_2,q_point*y*y*y - q_point*y*x*x*x - 5*q_point*y,prime-field-montgomery,element,specialized,p64_goldilocks,64,2,0xffffffff00000001,20,1048576,3,5,3,2,10,whole-run,fixed,triton-sumcheck-prime-field-montgomery-element-layout-specialized-points,71.932,14.391,0.000,0.000000,0.000,14.391,ok,cuda-sumcheck-prime-field-montgomery-element-layout-specialized-points,3.82419,3.62486,0,0,0,3.62486,ok,true,9585981798042,9585981798042,3.970084,,experiments/h100/sweep/cases/zk_witness_id_point_2_bw64_r20.log
zk_witness_id_point_2,q_point*y*y*y - q_point*y*x*x*x - 5*q_point*y,prime-field-montgomery,element,specialized,p64_goldilocks,64,2,0xffffffff00000001,22,4194304,3,5,3,2,10,whole-run,fixed,triton-sumcheck-prime-field-montgomery-element-layout-specialized-points,76.018,17.833,0.000,0.000000,0.000,17.833,ok,cuda-sumcheck-prime-field-montgomery-element-layout-specialized-points,5.52397,5.20765,0,0,0,5.20765,ok,true,10931166736451,10931166736451,3.424385,,experiments/h100/sweep/cases/zk_witness_id_point_2_bw64_r22.log
zk_witness_id_point_2,q_point*y*y*y - q_point*y*x*x*x - 5*q_point*y,prime-field-montgomery,element,specialized,p64_goldilocks,64,2,0xffffffff00000001,24,16777216,3,5,3,2,10,whole-run,fixed,triton-sumcheck-prime-field-montgomery-element-layout-specialized-points,80.887,24.962,0.000,0.000000,0.000,24.962,ok,cuda-sumcheck-prime-field-montgomery-element-layout-specialized-points,9.11955,8.82384,0,0,0,8.82384,ok,true,11294584566590,11294584566590,2.828927,,experiments/h100/sweep/cases/zk_witness_id_point_2_bw64_r24.log
zk_witness_id_point_2,q_point*y*y*y - q_point*y*x*x*x - 5*q_point*y,prime-field-montgomery,element,specialized,p64_goldilocks,64,2,0xffffffff00000001,26,67108864,3,5,3,2,10,whole-run,fixed,triton-sumcheck-prime-field-montgomery-element-layout-specialized-points,108.197,52.491,0.000,0.000000,0.000,52.491,ok,cuda-sumcheck-prime-field-montgomery-element-layout-specialized-points,21.9682,21.7379,0,0,0,21.7379,ok,true,12869311158938,12869311158938,2.414723,,experiments/h100/sweep/cases/zk_witness_id_point_2_bw64_r26.log
zk_witness_id_point_2,q_point*y*y*y - q_point*y*x*x*x - 5*q_point*y,prime-field-montgomery,element,specialized,p64_goldilocks,64,2,0xffffffff00000001,28,268435456,3,5,3,2,10,whole-run,fixed,triton-sumcheck-prime-field-montgomery-element-layout-specialized-points,180.866,151.459,0.000,0.000000,0.000,151.459,ok,cuda-sumcheck-prime-field-montgomery-element-layout-specialized-points,71.7788,74.1386,0,0,0,74.1386,ok,true,14269556335697,14269556335697,2.042917,,experiments/h100/sweep/cases/zk_witness_id_point_2_bw64_r28.log
zk_witness_id_point_2,q_point*y*y*y - q_point*y*x*x*x - 5*q_point*y,prime-field-montgomery,element,specialized,p128_mersenne_2^127_minus_1,128,4,0x7fffffffffffffffffffffffffffffff,14,16384,3,5,3,2,10,whole-run,fixed,triton-sumcheck-prime-field-montgomery-element-layout-specialized-points,40.997,3.772,0.000,0.000000,0.000,3.772,ok,cuda-sumcheck-prime-field-montgomery-element-layout-specialized-points,2.8279,2.21331,0,0,0,2.21331,ok,true,19205521511306,19205521511306,1.704235,,experiments/h100/sweep/cases/zk_witness_id_point_2_bw128_r14.log
zk_witness_id_point_2,q_point*y*y*y - q_point*y*x*x*x - 5*q_point*y,prime-field-montgomery,element,specialized,p128_mersenne_2^127_minus_1,128,4,0x7fffffffffffffffffffffffffffffff,16,65536,3,5,3,2,10,whole-run,fixed,triton-sumcheck-prime-field-montgomery-element-layout-specialized-points,71.459,8.628,0.000,0.000000,0.000,8.628,ok,cuda-sumcheck-prime-field-montgomery-element-layout-specialized-points,3.09472,2.64832,0,0,0,2.64832,ok,true,21995430715284,21995430715284,3.257914,,experiments/h100/sweep/cases/zk_witness_id_point_2_bw128_r16.log
zk_witness_id_point_2,q_point*y*y*y - q_point*y*x*x*x - 5*q_point*y,prime-field-montgomery,element,specialized,p128_mersenne_2^127_minus_1,128,4,0x7fffffffffffffffffffffffffffffff,18,262144,3,5,3,2,10,whole-run,fixed,triton-sumcheck-prime-field-montgomery-element-layout-specialized-points,84.518,12.718,0.000,0.000000,0.000,12.718,ok,cuda-sumcheck-prime-field-montgomery-element-layout-specialized-points,3.7127,3.28941,0,0,0,3.28941,ok,true,23670602815678,23670602815678,3.866347,,experiments/h100/sweep/cases/zk_witness_id_point_2_bw128_r18.log
zk_witness_id_point_2,q_point*y*y*y - q_point*y*x*x*x - 5*q_point*y,prime-field-montgomery,element,specialized,p128_mersenne_2^127_minus_1,128,4,0x7fffffffffffffffffffffffffffffff,20,1048576,3,5,3,2,10,whole-run,fixed,triton-sumcheck-prime-field-montgomery-element-layout-specialized-points,77.726,14.389,0.000,0.000000,0.000,14.389,ok,cuda-sumcheck-prime-field-montgomery-element-layout-specialized-points,4.83834,4.42554,0,0,0,4.42554,ok,true,27532783452863,27532783452863,3.251355,,experiments/h100/sweep/cases/zk_witness_id_point_2_bw128_r20.log
zk_witness_id_point_2,q_point*y*y*y - q_point*y*x*x*x - 5*q_point*y,prime-field-montgomery,element,specialized,p128_mersenne_2^127_minus_1,128,4,0x7fffffffffffffffffffffffffffffff,22,4194304,3,5,3,2,10,whole-run,fixed,triton-sumcheck-prime-field-montgomery-element-layout-specialized-points,80.899,18.183,0.000,0.000000,0.000,18.183,ok,cuda-sumcheck-prime-field-montgomery-element-layout-specialized-points,7.4089,6.95158,0,0,0,6.95158,ok,true,29838181579544,29838181579544,2.615664,,experiments/h100/sweep/cases/zk_witness_id_point_2_bw128_r22.log
zk_witness_id_point_2,q_point*y*y*y - q_point*y*x*x*x - 5*q_point*y,prime-field-montgomery,element,specialized,p128_mersenne_2^127_minus_1,128,4,0x7fffffffffffffffffffffffffffffff,24,16777216,3,5,3,2,10,whole-run,fixed,triton-sumcheck-prime-field-montgomery-element-layout-specialized-points,62.539,25.401,0.000,0.000000,0.000,25.401,ok,cuda-sumcheck-prime-field-montgomery-element-layout-specialized-points,15.368,15.0148,0,0,0,15.0148,ok,true,31726170853377,31726170853377,1.691731,,experiments/h100/sweep/cases/zk_witness_id_point_2_bw128_r24.log
zk_witness_id_point_2,q_point*y*y*y - q_point*y*x*x*x - 5*q_point*y,prime-field-montgomery,element,specialized,p128_mersenne_2^127_minus_1,128,4,0x7fffffffffffffffffffffffffffffff,26,67108864,3,5,3,2,10,whole-run,fixed,triton-sumcheck-prime-field-montgomery-element-layout-specialized-points,142.794,83.238,0.000,0.000000,0.000,83.238,ok,cuda-sumcheck-prime-field-montgomery-element-layout-specialized-points,44.9782,43.8654,0,0,0,43.8654,ok,true,34027455793136,34027455793136,1.897578,,experiments/h100/sweep/cases/zk_witness_id_point_2_bw128_r26.log
zk_witness_id_point_2,q_point*y*y*y - q_point*y*x*x*x - 5*q_point*y,prime-field-montgomery,element,specialized,p128_mersenne_2^127_minus_1,128,4,0x7fffffffffffffffffffffffffffffff,28,268435456,3,5,3,2,10,whole-run,fixed,triton-sumcheck-prime-field-montgomery-element-layout-specialized-points,342.073,282.885,0.000,0.000000,0.000,282.885,ok,cuda-sumcheck-prime-field-montgomery-element-layout-specialized-points,159.564,165.316,0,0,0,165.316,ok,true,38940316726987,38940316726987,1.711177,,experiments/h100/sweep/cases/zk_witness_id_point_2_bw128_r28.log
zk_witness_id_point_2,q_point*y*y*y - q_point*y*x*x*x - 5*q_point*y,prime-field-montgomery,element,specialized,p255_bls12_381_scalar,256,8,0x73eda753299d7d483339d80809a1d80553bda402fffe5bfeffffffff00000001,14,16384,3,5,3,2,10,whole-run,fixed,triton-sumcheck-prime-field-montgomery-element-layout-specialized-points,85.271,7.018,0.000,0.000000,0.000,7.018,ok,cuda-sumcheck-prime-field-montgomery-element-layout-specialized-points,4.00982,2.87971,0,0,0,2.87971,ok,true,76571622313901,76571622313901,2.437051,,experiments/h100/sweep/cases/zk_witness_id_point_2_bw256_r14.log
zk_witness_id_point_2,q_point*y*y*y - q_point*y*x*x*x - 5*q_point*y,prime-field-montgomery,element,specialized,p255_bls12_381_scalar,256,8,0x73eda753299d7d483339d80809a1d80553bda402fffe5bfeffffffff00000001,16,65536,3,5,3,2,10,whole-run,fixed,triton-sumcheck-prime-field-montgomery-element-layout-specialized-points,86.154,9.106,0.000,0.000000,0.000,9.106,ok,cuda-sumcheck-prime-field-montgomery-element-layout-specialized-points,4.66208,3.50118,0,0,0,3.50118,ok,true,84652737322023,84652737322023,2.600837,,experiments/h100/sweep/cases/zk_witness_id_point_2_bw256_r16.log
zk_witness_id_point_2,q_point*y*y*y - q_point*y*x*x*x - 5*q_point*y,prime-field-montgomery,element,specialized,p255_bls12_381_scalar,256,8,0x73eda753299d7d483339d80809a1d80553bda402fffe5bfeffffffff00000001,18,262144,3,5,3,2,10,whole-run,fixed,triton-sumcheck-prime-field-montgomery-element-layout-specialized-points,88.912,11.522,0.000,0.000000,0.000,11.522,ok,cuda-sumcheck-prime-field-montgomery-element-layout-specialized-points,5.79606,4.69498,0,0,0,4.69498,ok,true,94372017204582,94372017204582,2.454111,,experiments/h100/sweep/cases/zk_witness_id_point_2_bw256_r18.log
zk_witness_id_point_2,q_point*y*y*y - q_point*y*x*x*x - 5*q_point*y,prime-field-montgomery,element,specialized,p255_bls12_381_scalar,256,8,0x73eda753299d7d483339d80809a1d80553bda402fffe5bfeffffffff00000001,20,1048576,3,5,3,2,10,whole-run,fixed,triton-sumcheck-prime-field-montgomery-element-layout-specialized-points,92.899,15.032,0.000,0.000000,0.000,15.032,ok,cuda-sumcheck-prime-field-montgomery-element-layout-specialized-points,8.52454,7.40067,0,0,0,7.40067,ok,true,107171530653798,107171530653798,2.031167,,experiments/h100/sweep/cases/zk_witness_id_point_2_bw256_r20.log
zk_witness_id_point_2,q_point*y*y*y - q_point*y*x*x*x - 5*q_point*y,prime-field-montgomery,element,specialized,p255_bls12_381_scalar,256,8,0x73eda753299d7d483339d80809a1d80553bda402fffe5bfeffffffff00000001,22,4194304,3,5,3,2,10,whole-run,fixed,triton-sumcheck-prime-field-montgomery-element-layout-specialized-points,101.644,25.108,0.000,0.000000,0.000,25.108,ok,cuda-sumcheck-prime-field-montgomery-element-layout-specialized-points,16.9354,15.7852,0,0,0,15.7852,ok,true,113398594155769,113398594155769,1.590604,,experiments/h100/sweep/cases/zk_witness_id_point_2_bw256_r22.log
zk_witness_id_point_2,q_point*y*y*y - q_point*y*x*x*x - 5*q_point*y,prime-field-montgomery,element,specialized,p255_bls12_381_scalar,256,8,0x73eda753299d7d483339d80809a1d80553bda402fffe5bfeffffffff00000001,24,16777216,3,5,3,2,10,whole-run,fixed,triton-sumcheck-prime-field-montgomery-element-layout-specialized-points,134.113,60.763,0.000,0.000000,0.000,60.763,ok,cuda-sumcheck-prime-field-montgomery-element-layout-specialized-points,47.9444,46.8839,0,0,0,46.8839,ok,true,127868686581545,127868686581545,1.296031,,experiments/h100/sweep/cases/zk_witness_id_point_2_bw256_r24.log
zk_witness_id_point_2,q_point*y*y*y - q_point*y*x*x*x - 5*q_point*y,prime-field-montgomery,element,specialized,p255_bls12_381_scalar,256,8,0x73eda753299d7d483339d80809a1d80553bda402fffe5bfeffffffff00000001,26,67108864,3,5,3,2,10,whole-run,fixed,triton-sumcheck-prime-field-montgomery-element-layout-specialized-points,275.149,201.635,0.000,0.000000,0.000,201.635,ok,cuda-sumcheck-prime-field-montgomery-element-layout-specialized-points,168.692,167.534,0,0,0,167.534,ok,true,136468816260101,136468816260101,1.203547,,experiments/h100/sweep/cases/zk_witness_id_point_2_bw256_r26.log
zk_witness_id_point_2,q_point*y*y*y - q_point*y*x*x*x - 5*q_point*y,prime-field-montgomery,element,specialized,p255_bls12_381_scalar,256,8,0x73eda753299d7d483339d80809a1d80553bda402fffe5bfeffffffff00000001,28,268435456,3,5,3,2,10,whole-run,fixed,triton-sumcheck-prime-field-montgomery-element-layout-specialized-points,835.949,759.118,0.000,0.000000,0.000,759.118,ok,cuda-sumcheck-prime-field-montgomery-element-layout-specialized-points,653.328,652.997,0,0,0,652.997,ok,true,144794623553359,144794623553359,1.162514,,experiments/h100/sweep/cases/zk_witness_id_point_2_bw256_r28.log
zk_incomplete_add_1,q_add-incomplete*x_r*x_p*x_p - 2*q_add-incomplete*x_r*x_p*x_q + q_add-incomplete*x_r*x_q*x_q + q_add-incomplete*x_q*x_p*x_p - 2*q_add-incomplete*x_q*x_q*x_p + q_add-incomplete*x_q*x_q*x_q + q_add-incomplete*x_p*x_p*x_p - 2*q_add-incomplete*x_p*x_p*x_q + q_add-incomplete*x_p*x_q*x_q - q_add-incomplete*y_p*y_p + 2*q_add-incomplete*y_p*y_q - q_add-incomplete*y_q*y_q,prime-field-montgomery,element,specialized,p32_2^32_minus_5,32,1,0xfffffffb,14,16384,6,4,12,2,10,whole-run,fixed,triton-sumcheck-prime-field-montgomery-element-layout-specialized-points,60.713,5.375,0.000,0.000000,0.000,5.375,ok,cuda-sumcheck-prime-field-montgomery-element-layout-specialized-points,1.90573,1.64845,0,0,0,1.64845,ok,true,1896994074690,1896994074690,3.260639,,experiments/h100/sweep/cases/zk_incomplete_add_1_bw32_r14.log
zk_incomplete_add_1,q_add-incomplete*x_r*x_p*x_p - 2*q_add-incomplete*x_r*x_p*x_q + q_add-incomplete*x_r*x_q*x_q + q_add-incomplete*x_q*x_p*x_p - 2*q_add-incomplete*x_q*x_q*x_p + q_add-incomplete*x_q*x_q*x_q + q_add-incomplete*x_p*x_p*x_p - 2*q_add-incomplete*x_p*x_p*x_q + q_add-incomplete*x_p*x_q*x_q - q_add-incomplete*y_p*y_p + 2*q_add-incomplete*y_p*y_q - q_add-incomplete*y_q*y_q,prime-field-montgomery,element,specialized,p32_2^32_minus_5,32,1,0xfffffffb,16,65536,6,4,12,2,10,whole-run,fixed,triton-sumcheck-prime-field-montgomery-element-layout-specialized-points,64.806,7.254,0.000,0.000000,0.000,7.254,ok,cuda-sumcheck-prime-field-montgomery-element-layout-specialized-points,2.33661,2.09117,0,0,0,2.09117,ok,true,2221325793128,2221325793128,3.468871,,experiments/h100/sweep/cases/zk_incomplete_add_1_bw32_r16.log
zk_incomplete_add_1,q_add-incomplete*x_r*x_p*x_p - 2*q_add-incomplete*x_r*x_p*x_q + q_add-incomplete*x_r*x_q*x_q + q_add-incomplete*x_q*x_p*x_p - 2*q_add-incomplete*x_q*x_q*x_p + q_add-incomplete*x_q*x_q*x_q + q_add-incomplete*x_p*x_p*x_p - 2*q_add-incomplete*x_p*x_p*x_q + q_add-incomplete*x_p*x_q*x_q - q_add-incomplete*y_p*y_p + 2*q_add-incomplete*y_p*y_q - q_add-incomplete*y_q*y_q,prime-field-montgomery,element,specialized,p32_2^32_minus_5,32,1,0xfffffffb,18,262144,6,4,12,2,10,whole-run,fixed,triton-sumcheck-prime-field-montgomery-element-layout-specialized-points,66.271,9.844,0.000,0.000000,0.000,9.844,ok,cuda-sumcheck-prime-field-montgomery-element-layout-specialized-points,2.78573,2.42499,0,0,0,2.42499,ok,true,2476990351030,2476990351030,4.059398,,experiments/h100/sweep/cases/zk_incomplete_add_1_bw32_r18.log
zk_incomplete_add_1,q_add-incomplete*x_r*x_p*x_p - 2*q_add-incomplete*x_r*x_p*x_q + q_add-incomplete*x_r*x_q*x_q + q_add-incomplete*x_q*x_p*x_p - 2*q_add-incomplete*x_q*x_q*x_p + q_add-incomplete*x_q*x_q*x_q + q_add-incomplete*x_p*x_p*x_p - 2*q_add-incomplete*x_p*x_p*x_q + q_add-incomplete*x_p*x_q*x_q - q_add-incomplete*y_p*y_p + 2*q_add-incomplete*y_p*y_q - q_add-incomplete*y_q*y_q,prime-field-montgomery,element,specialized,p32_2^32_minus_5,32,1,0xfffffffb,20,1048576,6,4,12,2,10,whole-run,fixed,triton-sumcheck-prime-field-montgomery-element-layout-specialized-points,69.197,12.236,0.000,0.000000,0.000,12.236,ok,cuda-sumcheck-prime-field-montgomery-element-layout-specialized-points,3.36851,3.03123,0,0,0,3.03123,ok,true,2813974012564,2813974012564,4.036645,,experiments/h100/sweep/cases/zk_incomplete_add_1_bw32_r20.log
zk_incomplete_add_1,q_add-incomplete*x_r*x_p*x_p - 2*q_add-incomplete*x_r*x_p*x_q + q_add-incomplete*x_r*x_q*x_q + q_add-incomplete*x_q*x_p*x_p - 2*q_add-incomplete*x_q*x_q*x_p + q_add-incomplete*x_q*x_q*x_q + q_add-incomplete*x_p*x_p*x_p - 2*q_add-incomplete*x_p*x_p*x_q + q_add-incomplete*x_p*x_q*x_q - q_add-incomplete*y_p*y_p + 2*q_add-incomplete*y_p*y_q - q_add-incomplete*y_q*y_q,prime-field-montgomery,element,specialized,p32_2^32_minus_5,32,1,0xfffffffb,22,4194304,6,4,12,2,10,whole-run,fixed,triton-sumcheck-prime-field-montgomery-element-layout-specialized-points,71.615,15.351,0.000,0.000000,0.000,15.351,ok,cuda-sumcheck-prime-field-montgomery-element-layout-specialized-points,4.41414,4.09926,0,0,0,4.09926,ok,true,3059165787704,3059165787704,3.744822,,experiments/h100/sweep/cases/zk_incomplete_add_1_bw32_r22.log
zk_incomplete_add_1,q_add-incomplete*x_r*x_p*x_p - 2*q_add-incomplete*x_r*x_p*x_q + q_add-incomplete*x_r*x_q*x_q + q_add-incomplete*x_q*x_p*x_p - 2*q_add-incomplete*x_q*x_q*x_p + q_add-incomplete*x_q*x_q*x_q + q_add-incomplete*x_p*x_p*x_p - 2*q_add-incomplete*x_p*x_p*x_q + q_add-incomplete*x_p*x_q*x_q - q_add-incomplete*y_p*y_p + 2*q_add-incomplete*y_p*y_q - q_add-incomplete*y_q*y_q,prime-field-montgomery,element,specialized,p32_2^32_minus_5,32,1,0xfffffffb,24,16777216,6,4,12,2,10,whole-run,fixed,triton-sumcheck-prime-field-montgomery-element-layout-specialized-points,76.569,21.847,0.000,0.000000,0.000,21.847,ok,cuda-sumcheck-prime-field-montgomery-element-layout-specialized-points,7.5407,7.30886,0,0,0,7.30886,ok,true,3221761232391,3221761232391,2.989112,,experiments/h100/sweep/cases/zk_incomplete_add_1_bw32_r24.log
zk_incomplete_add_1,q_add-incomplete*x_r*x_p*x_p - 2*q_add-incomplete*x_r*x_p*x_q + q_add-incomplete*x_r*x_q*x_q + q_add-incomplete*x_q*x_p*x_p - 2*q_add-incomplete*x_q*x_q*x_p + q_add-incomplete*x_q*x_q*x_q + q_add-incomplete*x_p*x_p*x_p - 2*q_add-incomplete*x_p*x_p*x_q + q_add-incomplete*x_p*x_q*x_q - q_add-incomplete*y_p*y_p + 2*q_add-incomplete*y_p*y_q - q_add-incomplete*y_q*y_q,prime-field-montgomery,element,specialized,p32_2^32_minus_5,32,1,0xfffffffb,26,67108864,6,4,12,2,10,whole-run,fixed,triton-sumcheck-prime-field-montgomery-element-layout-specialized-points,100.858,47.560,0.000,0.000000,0.000,47.560,ok,cuda-sumcheck-prime-field-montgomery-element-layout-specialized-points,17.84,17.5612,0,0,0,17.5612,ok,true,3290215414590,3290215414590,2.708243,,experiments/h100/sweep/cases/zk_incomplete_add_1_bw32_r26.log
zk_incomplete_add_1,q_add-incomplete*x_r*x_p*x_p - 2*q_add-incomplete*x_r*x_p*x_q + q_add-incomplete*x_r*x_q*x_q + q_add-incomplete*x_q*x_p*x_p - 2*q_add-incomplete*x_q*x_q*x_p + q_add-incomplete*x_q*x_q*x_q + q_add-incomplete*x_p*x_p*x_p - 2*q_add-incomplete*x_p*x_p*x_q + q_add-incomplete*x_p*x_q*x_q - q_add-incomplete*y_p*y_p + 2*q_add-incomplete*y_p*y_q - q_add-incomplete*y_q*y_q,prime-field-montgomery,element,specialized,p32_2^32_minus_5,32,1,0xfffffffb,28,268435456,6,4,12,2,10,whole-run,fixed,triton-sumcheck-prime-field-montgomery-element-layout-specialized-points,201.078,148.151,0.000,0.000000,0.000,148.151,ok,cuda-sumcheck-prime-field-montgomery-element-layout-specialized-points,58.5112,60.7908,0,0,0,60.7908,ok,true,3778236726095,3778236726095,2.437063,,experiments/h100/sweep/cases/zk_incomplete_add_1_bw32_r28.log
zk_incomplete_add_1,q_add-incomplete*x_r*x_p*x_p - 2*q_add-incomplete*x_r*x_p*x_q + q_add-incomplete*x_r*x_q*x_q + q_add-incomplete*x_q*x_p*x_p - 2*q_add-incomplete*x_q*x_q*x_p + q_add-incomplete*x_q*x_q*x_q + q_add-incomplete*x_p*x_p*x_p - 2*q_add-incomplete*x_p*x_p*x_q + q_add-incomplete*x_p*x_q*x_q - q_add-incomplete*y_p*y_p + 2*q_add-incomplete*y_p*y_q - q_add-incomplete*y_q*y_q,prime-field-montgomery,element,specialized,p64_goldilocks,64,2,0xffffffff00000001,14,16384,6,4,12,2,10,whole-run,fixed,triton-sumcheck-prime-field-montgomery-element-layout-specialized-points,66.044,5.421,0.000,0.000000,0.000,5.421,ok,cuda-sumcheck-prime-field-montgomery-element-layout-specialized-points,2.26256,1.84093,0,0,0,1.84093,ok,true,5667479436684,5667479436684,2.944707,,experiments/h100/sweep/cases/zk_incomplete_add_1_bw64_r14.log
zk_incomplete_add_1,q_add-incomplete*x_r*x_p*x_p - 2*q_add-incomplete*x_r*x_p*x_q + q_add-incomplete*x_r*x_q*x_q + q_add-incomplete*x_q*x_p*x_p - 2*q_add-incomplete*x_q*x_q*x_p + q_add-incomplete*x_q*x_q*x_q + q_add-incomplete*x_p*x_p*x_p - 2*q_add-incomplete*x_p*x_p*x_q + q_add-incomplete*x_p*x_q*x_q - q_add-incomplete*y_p*y_p + 2*q_add-incomplete*y_p*y_q - q_add-incomplete*y_q*y_q,prime-field-montgomery,element,specialized,p64_goldilocks,64,2,0xffffffff00000001,16,65536,6,4,12,2,10,whole-run,fixed,triton-sumcheck-prime-field-montgomery-element-layout-specialized-points,38.707,4.127,0.000,0.000000,0.000,4.127,ok,cuda-sumcheck-prime-field-montgomery-element-layout-specialized-points,2.68966,2.29261,0,0,0,2.29261,ok,true,6328425073256,6328425073256,1.800132,,experiments/h100/sweep/cases/zk_incomplete_add_1_bw64_r16.log
zk_incomplete_add_1,q_add-incomplete*x_r*x_p*x_p - 2*q_add-incomplete*x_r*x_p*x_q + q_add-incomplete*x_r*x_q*x_q + q_add-incomplete*x_q*x_p*x_p - 2*q_add-incomplete*x_q*x_q*x_p + q_add-incomplete*x_q*x_q*x_q + q_add-incomplete*x_p*x_p*x_p - 2*q_add-incomplete*x_p*x_p*x_q + q_add-incomplete*x_p*x_q*x_q - q_add-incomplete*y_p*y_p + 2*q_add-incomplete*y_p*y_q - q_add-incomplete*y_q*y_q,prime-field-montgomery,element,specialized,p64_goldilocks,64,2,0xffffffff00000001,18,262144,6,4,12,2,10,whole-run,fixed,triton-sumcheck-prime-field-montgomery-element-layout-specialized-points,70.015,9.530,0.000,0.000000,0.000,9.530,ok,cuda-sumcheck-prime-field-montgomery-element-layout-specialized-points,3.16742,2.75539,0,0,0,2.75539,ok,true,8054475079482,8054475079482,3.458676,,experiments/h100/sweep/cases/zk_incomplete_add_1_bw64_r18.log
zk_incomplete_add_1,q_add-incomplete*x_r*x_p*x_p - 2*q_add-incomplete*x_r*x_p*x_q + q_add-incomplete*x_r*x_q*x_q + q_add-incomplete*x_q*x_p*x_p - 2*q_add-incomplete*x_q*x_q*x_p + q_add-incomplete*x_q*x_q*x_q + q_add-incomplete*x_p*x_p*x_p - 2*q_add-incomplete*x_p*x_p*x_q + q_add-incomplete*x_p*x_q*x_q - q_add-incomplete*y_p*y_p + 2*q_add-incomplete*y_p*y_q - q_add-incomplete*y_q*y_q,prime-field-montgomery,element,specialized,p64_goldilocks,64,2,0xffffffff00000001,20,1048576,6,4,12,2,10,whole-run,fixed,triton-sumcheck-prime-field-montgomery-element-layout-specialized-points,73.059,12.084,0.000,0.000000,0.000,12.084,ok,cuda-sumcheck-prime-field-montgomery-element-layout-specialized-points,4.0615,3.71082,0,0,0,3.71082,ok,true,8438506256349,8438506256349,3.256423,,experiments/h100/sweep/cases/zk_incomplete_add_1_bw64_r20.log
zk_incomplete_add_1,q_add-incomplete*x_r*x_p*x_p - 2*q_add-incomplete*x_r*x_p*x_q + q_add-incomplete*x_r*x_q*x_q + q_add-incomplete*x_q*x_p*x_p - 2*q_add-incomplete*x_q*x_q*x_p + q_add-incomplete*x_q*x_q*x_q + q_add-incomplete*x_p*x_p*x_p - 2*q_add-incomplete*x_p*x_p*x_q + q_add-incomplete*x_p*x_q*x_q - q_add-incomplete*y_p*y_p + 2*q_add-incomplete*y_p*y_q - q_add-incomplete*y_q*y_q,prime-field-montgomery,element,specialized,p64_goldilocks,64,2,0xffffffff00000001,22,4194304,6,4,12,2,10,whole-run,fixed,triton-sumcheck-prime-field-montgomery-element-layout-specialized-points,76.961,15.851,0.000,0.000000,0.000,15.851,ok,cuda-sumcheck-prime-field-montgomery-element-layout-specialized-points,6.63437,6.30016,0,0,0,6.30016,ok,true,8449328286581,8449328286581,2.515968,,experiments/h100/sweep/cases/zk_incomplete_add_1_bw64_r22.log
zk_incomplete_add_1,q_add-incomplete*x_r*x_p*x_p - 2*q_add-incomplete*x_r*x_p*x_q + q_add-incomplete*x_r*x_q*x_q + q_add-incomplete*x_q*x_p*x_p - 2*q_add-incomplete*x_q*x_q*x_p + q_add-incomplete*x_q*x_q*x_q + q_add-incomplete*x_p*x_p*x_p - 2*q_add-incomplete*x_p*x_p*x_q + q_add-incomplete*x_p*x_q*x_q - q_add-incomplete*y_p*y_p + 2*q_add-incomplete*y_p*y_q - q_add-incomplete*y_q*y_q,prime-field-montgomery,element,specialized,p64_goldilocks,64,2,0xffffffff00000001,24,16777216,6,4,12,2,10,whole-run,fixed,triton-sumcheck-prime-field-montgomery-element-layout-specialized-points,85.057,26.203,0.000,0.000000,0.000,26.203,ok,cuda-sumcheck-prime-field-montgomery-element-layout-specialized-points,14.6736,14.1997,0,0,0,14.1997,ok,true,10199697462175,10199697462175,1.845321,,experiments/h100/sweep/cases/zk_incomplete_add_1_bw64_r24.log
zk_incomplete_add_1,q_add-incomplete*x_r*x_p*x_p - 2*q_add-incomplete*x_r*x_p*x_q + q_add-incomplete*x_r*x_q*x_q + q_add-incomplete*x_q*x_p*x_p - 2*q_add-incomplete*x_q*x_q*x_p + q_add-incomplete*x_q*x_q*x_q + q_add-incomplete*x_p*x_p*x_p - 2*q_add-incomplete*x_p*x_p*x_q + q_add-incomplete*x_p*x_q*x_q - q_add-incomplete*y_p*y_p + 2*q_add-incomplete*y_p*y_q - q_add-incomplete*y_q*y_q,prime-field-montgomery,element,specialized,p64_goldilocks,64,2,0xffffffff00000001,26,67108864,6,4,12,2,10,whole-run,fixed,triton-sumcheck-prime-field-montgomery-element-layout-specialized-points,122.096,65.560,0.000,0.000000,0.000,65.560,ok,cuda-sumcheck-prime-field-montgomery-element-layout-specialized-points,44.4305,44.6473,0,0,0,44.6473,ok,true,10348822210194,10348822210194,1.468398,,experiments/h100/sweep/cases/zk_incomplete_add_1_bw64_r26.log
zk_incomplete_add_1,q_add-incomplete*x_r*x_p*x_p - 2*q_add-incomplete*x_r*x_p*x_q + q_add-incomplete*x_r*x_q*x_q + q_add-incomplete*x_q*x_p*x_p - 2*q_add-incomplete*x_q*x_q*x_p + q_add-incomplete*x_q*x_q*x_q + q_add-incomplete*x_p*x_p*x_p - 2*q_add-incomplete*x_p*x_p*x_q + q_add-incomplete*x_p*x_q*x_q - q_add-incomplete*y_p*y_p + 2*q_add-incomplete*y_p*y_q - q_add-incomplete*y_q*y_q,prime-field-montgomery,element,specialized,p64_goldilocks,64,2,0xffffffff00000001,28,268435456,6,4,12,2,10,whole-run,fixed,triton-sumcheck-prime-field-montgomery-element-layout-specialized-points,287.294,224.294,0.000,0.000000,0.000,224.294,ok,cuda-sumcheck-prime-field-montgomery-element-layout-specialized-points,166.56,176.33,0,0,0,176.33,ok,true,11353339242479,11353339242479,1.272013,,experiments/h100/sweep/cases/zk_incomplete_add_1_bw64_r28.log
zk_incomplete_add_1,q_add-incomplete*x_r*x_p*x_p - 2*q_add-incomplete*x_r*x_p*x_q + q_add-incomplete*x_r*x_q*x_q + q_add-incomplete*x_q*x_p*x_p - 2*q_add-incomplete*x_q*x_q*x_p + q_add-incomplete*x_q*x_q*x_q + q_add-incomplete*x_p*x_p*x_p - 2*q_add-incomplete*x_p*x_p*x_q + q_add-incomplete*x_p*x_q*x_q - q_add-incomplete*y_p*y_p + 2*q_add-incomplete*y_p*y_q - q_add-incomplete*y_q*y_q,prime-field-montgomery,element,specialized,p128_mersenne_2^127_minus_1,128,4,0x7fffffffffffffffffffffffffffffff,14,16384,6,4,12,2,10,whole-run,fixed,triton-sumcheck-prime-field-montgomery-element-layout-specialized-points,76.346,5.772,0.000,0.000000,0.000,5.772,ok,cuda-sumcheck-prime-field-montgomery-element-layout-specialized-points,3.6497,2.52032,0,0,0,2.52032,ok,true,8149799997898,8149799997898,2.290185,,experiments/h100/sweep/cases/zk_incomplete_add_1_bw128_r14.log
zk_incomplete_add_1,q_add-incomplete*x_r*x_p*x_p - 2*q_add-incomplete*x_r*x_p*x_q + q_add-incomplete*x_r*x_q*x_q + q_add-incomplete*x_q*x_p*x_p - 2*q_add-incomplete*x_q*x_q*x_p + q_add-incomplete*x_q*x_q*x_q + q_add-incomplete*x_p*x_p*x_p - 2*q_add-incomplete*x_p*x_p*x_q + q_add-incomplete*x_p*x_q*x_q - q_add-incomplete*y_p*y_p + 2*q_add-incomplete*y_p*y_q - q_add-incomplete*y_q*y_q,prime-field-montgomery,element,specialized,p128_mersenne_2^127_minus_1,128,4,0x7fffffffffffffffffffffffffffffff,16,65536,6,4,12,2,10,whole-run,fixed,triton-sumcheck-prime-field-montgomery-element-layout-specialized-points,78.606,7.564,0.000,0.000000,0.000,7.564,ok,cuda-sumcheck-prime-field-montgomery-element-layout-specialized-points,4.14925,3.05898,0,0,0,3.05898,ok,true,13317398050281,13317398050281,2.472720,,experiments/h100/sweep/cases/zk_incomplete_add_1_bw128_r16.log
zk_incomplete_add_1,q_add-incomplete*x_r*x_p*x_p - 2*q_add-incomplete*x_r*x_p*x_q + q_add-incomplete*x_r*x_q*x_q + q_add-incomplete*x_q*x_p*x_p - 2*q_add-incomplete*x_q*x_q*x_p + q_add-incomplete*x_q*x_q*x_q + q_add-incomplete*x_p*x_p*x_p - 2*q_add-incomplete*x_p*x_p*x_q + q_add-incomplete*x_p*x_q*x_q - q_add-incomplete*y_p*y_p + 2*q_add-incomplete*y_p*y_q - q_add-incomplete*y_q*y_q,prime-field-montgomery,element,specialized,p128_mersenne_2^127_minus_1,128,4,0x7fffffffffffffffffffffffffffffff,18,262144,6,4,12,2,10,whole-run,fixed,triton-sumcheck-prime-field-montgomery-element-layout-specialized-points,80.377,9.582,0.000,0.000000,0.000,9.582,ok,cuda-sumcheck-prime-field-montgomery-element-layout-specialized-points,4.97325,3.93187,0,0,0,3.93187,ok,true,14674396552608,14674396552608,2.437008,,experiments/h100/sweep/cases/zk_incomplete_add_1_bw128_r18.log
zk_incomplete_add_1,q_add-incomplete*x_r*x_p*x_p - 2*q_add-incomplete*x_r*x_p*x_q + q_add-incomplete*x_r*x_q*x_q + q_add-incomplete*x_q*x_p*x_p - 2*q_add-incomplete*x_q*x_q*x_p + q_add-incomplete*x_q*x_q*x_q + q_add-incomplete*x_p*x_p*x_p - 2*q_add-incomplete*x_p*x_p*x_q + q_add-incomplete*x_p*x_q*x_q - q_add-incomplete*y_p*y_p + 2*q_add-incomplete*y_p*y_q - q_add-incomplete*y_q*y_q,prime-field-montgomery,element,specialized,p128_mersenne_2^127_minus_1,128,4,0x7fffffffffffffffffffffffffffffff,20,1048576,6,4,12,2,10,whole-run,fixed,triton-sumcheck-prime-field-montgomery-element-layout-specialized-points,83.669,12.573,0.000,0.000000,0.000,12.573,ok,cuda-sumcheck-prime-field-montgomery-element-layout-specialized-points,7.13059,6.0591,0,0,0,6.0591,ok,true,17045383114643,17045383114643,2.075061,,experiments/h100/sweep/cases/zk_incomplete_add_1_bw128_r20.log
zk_incomplete_add_1,q_add-incomplete*x_r*x_p*x_p - 2*q_add-incomplete*x_r*x_p*x_q + q_add-incomplete*x_r*x_q*x_q + q_add-incomplete*x_q*x_p*x_p - 2*q_add-incomplete*x_q*x_q*x_p + q_add-incomplete*x_q*x_q*x_q + q_add-incomplete*x_p*x_p*x_p - 2*q_add-incomplete*x_p*x_p*x_q + q_add-incomplete*x_p*x_q*x_q - q_add-incomplete*y_p*y_p + 2*q_add-incomplete*y_p*y_q - q_add-incomplete*y_q*y_q,prime-field-montgomery,element,specialized,p128_mersenne_2^127_minus_1,128,4,0x7fffffffffffffffffffffffffffffff,22,4194304,6,4,12,2,10,whole-run,fixed,triton-sumcheck-prime-field-montgomery-element-layout-specialized-points,89.371,19.872,0.000,0.000000,0.000,19.872,ok,cuda-sumcheck-prime-field-montgomery-element-layout-specialized-points,13.5141,12.464,0,0,0,12.464,ok,true,18886491033657,18886491033657,1.594352,,experiments/h100/sweep/cases/zk_incomplete_add_1_bw128_r22.log
zk_incomplete_add_1,q_add-incomplete*x_r*x_p*x_p - 2*q_add-incomplete*x_r*x_p*x_q + q_add-incomplete*x_r*x_q*x_q + q_add-incomplete*x_q*x_p*x_p - 2*q_add-incomplete*x_q*x_q*x_p + q_add-incomplete*x_q*x_q*x_q + q_add-incomplete*x_p*x_p*x_p - 2*q_add-incomplete*x_p*x_p*x_q + q_add-incomplete*x_p*x_q*x_q - q_add-incomplete*y_p*y_p + 2*q_add-incomplete*y_p*y_q - q_add-incomplete*y_q*y_q,prime-field-montgomery,element,specialized,p128_mersenne_2^127_minus_1,128,4,0x7fffffffffffffffffffffffffffffff,24,16777216,6,4,12,2,10,whole-run,fixed,triton-sumcheck-prime-field-montgomery-element-layout-specialized-points,114.483,46.890,0.000,0.000000,0.000,46.890,ok,cuda-sumcheck-prime-field-montgomery-element-layout-specialized-points,36.9609,35.8771,0,0,0,35.8771,ok,true,22050954045640,22050954045640,1.306962,,experiments/h100/sweep/cases/zk_incomplete_add_1_bw128_r24.log
zk_incomplete_add_1,q_add-incomplete*x_r*x_p*x_p - 2*q_add-incomplete*x_r*x_p*x_q + q_add-incomplete*x_r*x_q*x_q + q_add-incomplete*x_q*x_p*x_p - 2*q_add-incomplete*x_q*x_q*x_p + q_add-incomplete*x_q*x_q*x_q + q_add-incomplete*x_p*x_p*x_p - 2*q_add-incomplete*x_p*x_p*x_q + q_add-incomplete*x_p*x_q*x_q - q_add-incomplete*y_p*y_p + 2*q_add-incomplete*y_p*y_q - q_add-incomplete*y_q*y_q,prime-field-montgomery,element,specialized,p128_mersenne_2^127_minus_1,128,4,0x7fffffffffffffffffffffffffffffff,26,67108864,6,4,12,2,10,whole-run,fixed,triton-sumcheck-prime-field-montgomery-element-layout-specialized-points,217.275,150.558,0.000,0.000000,0.000,150.558,ok,cuda-sumcheck-prime-field-montgomery-element-layout-specialized-points,130.03,128.822,0,0,0,128.822,ok,true,25287288062881,25287288062881,1.168729,,experiments/h100/sweep/cases/zk_incomplete_add_1_bw128_r26.log
zk_incomplete_add_1,q_add-incomplete*x_r*x_p*x_p - 2*q_add-incomplete*x_r*x_p*x_q + q_add-incomplete*x_r*x_q*x_q + q_add-incomplete*x_q*x_p*x_p - 2*q_add-incomplete*x_q*x_q*x_p + q_add-incomplete*x_q*x_q*x_q + q_add-incomplete*x_p*x_p*x_p - 2*q_add-incomplete*x_p*x_p*x_q + q_add-incomplete*x_p*x_q*x_q - q_add-incomplete*y_p*y_p + 2*q_add-incomplete*y_p*y_q - q_add-incomplete*y_q*y_q,prime-field-montgomery,element,specialized,p128_mersenne_2^127_minus_1,128,4,0x7fffffffffffffffffffffffffffffff,28,268435456,6,4,12,2,10,whole-run,fixed,triton-sumcheck-prime-field-montgomery-element-layout-specialized-points,604.644,562.432,0.000,0.000000,0.000,562.432,ok,cuda-sumcheck-prime-field-montgomery-element-layout-specialized-points,498.497,497.202,0,0,0,497.202,ok,true,28204105143136,28204105143136,1.131194,,experiments/h100/sweep/cases/zk_incomplete_add_1_bw128_r28.log
zk_incomplete_add_1,q_add-incomplete*x_r*x_p*x_p - 2*q_add-incomplete*x_r*x_p*x_q + q_add-incomplete*x_r*x_q*x_q + q_add-incomplete*x_q*x_p*x_p - 2*q_add-incomplete*x_q*x_q*x_p + q_add-incomplete*x_q*x_q*x_q + q_add-incomplete*x_p*x_p*x_p - 2*q_add-incomplete*x_p*x_p*x_q + q_add-incomplete*x_p*x_q*x_q - q_add-incomplete*y_p*y_p + 2*q_add-incomplete*y_p*y_q - q_add-incomplete*y_q*y_q,prime-field-montgomery,element,specialized,p255_bls12_381_scalar,256,8,0x73eda753299d7d483339d80809a1d80553bda402fffe5bfeffffffff00000001,14,16384,6,4,12,2,10,whole-run,fixed,triton-sumcheck-prime-field-montgomery-element-layout-specialized-points,119.683,7.412,0.000,0.000000,0.000,7.412,ok,cuda-sumcheck-prime-field-montgomery-element-layout-specialized-points,8.4136,5.75094,0,0,0,5.75094,ok,true,60598591232764,60598591232764,1.288833,,experiments/h100/sweep/cases/zk_incomplete_add_1_bw256_r14.log
zk_incomplete_add_1,q_add-incomplete*x_r*x_p*x_p - 2*q_add-incomplete*x_r*x_p*x_q + q_add-incomplete*x_r*x_q*x_q + q_add-incomplete*x_q*x_p*x_p - 2*q_add-incomplete*x_q*x_q*x_p + q_add-incomplete*x_q*x_q*x_q + q_add-incomplete*x_p*x_p*x_p - 2*q_add-incomplete*x_p*x_p*x_q + q_add-incomplete*x_p*x_q*x_q - q_add-incomplete*y_p*y_p + 2*q_add-incomplete*y_p*y_q - q_add-incomplete*y_q*y_q,prime-field-montgomery,element,specialized,p255_bls12_381_scalar,256,8,0x73eda753299d7d483339d80809a1d80553bda402fffe5bfeffffffff00000001,16,65536,6,4,12,2,10,whole-run,fixed,triton-sumcheck-prime-field-montgomery-element-layout-specialized-points,122.990,9.161,0.000,0.000000,0.000,9.161,ok,cuda-sumcheck-prime-field-montgomery-element-layout-specialized-points,9.63555,6.88432,0,0,0,6.88432,ok,true,70569187516659,70569187516659,1.330705,,experiments/h100/sweep/cases/zk_incomplete_add_1_bw256_r16.log
zk_incomplete_add_1,q_add-incomplete*x_r*x_p*x_p - 2*q_add-incomplete*x_r*x_p*x_q + q_add-incomplete*x_r*x_q*x_q + q_add-incomplete*x_q*x_p*x_p - 2*q_add-incomplete*x_q*x_q*x_p + q_add-incomplete*x_q*x_q*x_q + q_add-incomplete*x_p*x_p*x_p - 2*q_add-incomplete*x_p*x_p*x_q + q_add-incomplete*x_p*x_q*x_q - q_add-incomplete*y_p*y_p + 2*q_add-incomplete*y_p*y_q - q_add-incomplete*y_q*y_q,prime-field-montgomery,element,specialized,p255_bls12_381_scalar,256,8,0x73eda753299d7d483339d80809a1d80553bda402fffe5bfeffffffff00000001,18,262144,6,4,12,2,10,whole-run,fixed,triton-sumcheck-prime-field-montgomery-element-layout-specialized-points,127.475,12.450,0.000,0.000000,0.000,12.450,ok,cuda-sumcheck-prime-field-montgomery-element-layout-specialized-points,12.5823,9.98656,0,0,0,9.98656,ok,true,78124433506951,78124433506951,1.246676,,experiments/h100/sweep/cases/zk_incomplete_add_1_bw256_r18.log
zk_incomplete_add_1,q_add-incomplete*x_r*x_p*x_p - 2*q_add-incomplete*x_r*x_p*x_q + q_add-incomplete*x_r*x_q*x_q + q_add-incomplete*x_q*x_p*x_p - 2*q_add-incomplete*x_q*x_q*x_p + q_add-incomplete*x_q*x_q*x_q + q_add-incomplete*x_p*x_p*x_p - 2*q_add-incomplete*x_p*x_p*x_q + q_add-incomplete*x_p*x_q*x_q - q_add-incomplete*y_p*y_p + 2*q_add-incomplete*y_p*y_q - q_add-incomplete*y_q*y_q,prime-field-montgomery,element,specialized,p255_bls12_381_scalar,256,8,0x73eda753299d7d483339d80809a1d80553bda402fffe5bfeffffffff00000001,20,1048576,6,4,12,2,10,whole-run,fixed,triton-sumcheck-prime-field-montgomery-element-layout-specialized-points,131.550,20.751,0.000,0.000000,0.000,20.751,ok,cuda-sumcheck-prime-field-montgomery-element-layout-specialized-points,19.8363,17.2041,0,0,0,17.2041,ok,true,86774623712127,86774623712127,1.206166,,experiments/h100/sweep/cases/zk_incomplete_add_1_bw256_r20.log
zk_incomplete_add_1,q_add-incomplete*x_r*x_p*x_p - 2*q_add-incomplete*x_r*x_p*x_q + q_add-incomplete*x_r*x_q*x_q + q_add-incomplete*x_q*x_p*x_p - 2*q_add-incomplete*x_q*x_q*x_p + q_add-incomplete*x_q*x_q*x_q + q_add-incomplete*x_p*x_p*x_p - 2*q_add-incomplete*x_p*x_p*x_q + q_add-incomplete*x_p*x_q*x_q - q_add-incomplete*y_p*y_p + 2*q_add-incomplete*y_p*y_q - q_add-incomplete*y_q*y_q,prime-field-montgomery,element,specialized,p255_bls12_381_scalar,256,8,0x73eda753299d7d483339d80809a1d80553bda402fffe5bfeffffffff00000001,22,4194304,6,4,12,2,10,whole-run,fixed,triton-sumcheck-prime-field-montgomery-element-layout-specialized-points,161.341,49.461,0.000,0.000000,0.000,49.461,ok,cuda-sumcheck-prime-field-montgomery-element-layout-specialized-points,44.8092,42.0504,0,0,0,42.0504,ok,true,99561833414940,99561833414940,1.176231,,experiments/h100/sweep/cases/zk_incomplete_add_1_bw256_r22.log
zk_incomplete_add_1,q_add-incomplete*x_r*x_p*x_p - 2*q_add-incomplete*x_r*x_p*x_q + q_add-incomplete*x_r*x_q*x_q + q_add-incomplete*x_q*x_p*x_p - 2*q_add-incomplete*x_q*x_q*x_p + q_add-incomplete*x_q*x_q*x_q + q_add-incomplete*x_p*x_p*x_p - 2*q_add-incomplete*x_p*x_p*x_q + q_add-incomplete*x_p*x_q*x_q - q_add-incomplete*y_p*y_p + 2*q_add-incomplete*y_p*y_q - q_add-incomplete*y_q*y_q,prime-field-montgomery,element,specialized,p255_bls12_381_scalar,256,8,0x73eda753299d7d483339d80809a1d80553bda402fffe5bfeffffffff00000001,24,16777216,6,4,12,2,10,whole-run,fixed,triton-sumcheck-prime-field-montgomery-element-layout-specialized-points,269.013,158.964,0.000,0.000000,0.000,158.964,ok,cuda-sumcheck-prime-field-montgomery-element-layout-specialized-points,139.398,136.676,0,0,0,136.676,ok,true,104637545035400,104637545035400,1.163072,,experiments/h100/sweep/cases/zk_incomplete_add_1_bw256_r24.log
zk_incomplete_add_1,q_add-incomplete*x_r*x_p*x_p - 2*q_add-incomplete*x_r*x_p*x_q + q_add-incomplete*x_r*x_q*x_q + q_add-incomplete*x_q*x_p*x_p - 2*q_add-incomplete*x_q*x_q*x_p + q_add-incomplete*x_q*x_q*x_q + q_add-incomplete*x_p*x_p*x_p - 2*q_add-incomplete*x_p*x_p*x_q + q_add-incomplete*x_p*x_q*x_q - q_add-incomplete*y_p*y_p + 2*q_add-incomplete*y_p*y_q - q_add-incomplete*y_q*y_q,prime-field-montgomery,element,specialized,p255_bls12_381_scalar,256,8,0x73eda753299d7d483339d80809a1d80553bda402fffe5bfeffffffff00000001,26,67108864,6,4,12,2,10,whole-run,fixed,triton-sumcheck-prime-field-montgomery-element-layout-specialized-points,658.546,588.115,0.000,0.000000,0.000,588.115,ok,cuda-sumcheck-prime-field-montgomery-element-layout-specialized-points,516.03,510.757,0,0,0,510.757,ok,true,113611566622619,113611566622619,1.151458,,experiments/h100/sweep/cases/zk_incomplete_add_1_bw256_r26.log
zk_incomplete_add_1,q_add-incomplete*x_r*x_p*x_p - 2*q_add-incomplete*x_r*x_p*x_q + q_add-incomplete*x_r*x_q*x_q + q_add-incomplete*x_q*x_p*x_p - 2*q_add-incomplete*x_q*x_q*x_p + q_add-incomplete*x_q*x_q*x_q + q_add-incomplete*x_p*x_p*x_p - 2*q_add-incomplete*x_p*x_p*x_q + q_add-incomplete*x_p*x_q*x_q - q_add-incomplete*y_p*y_p + 2*q_add-incomplete*y_p*y_q - q_add-incomplete*y_q*y_q,prime-field-montgomery,element,specialized,,256,,,28,268435456,6,4,12,2,10,whole-run,fixed,,,,,,,,skipped,,,,,,,,skipped,skipped,,,,returncode=1,experiments/h100/sweep/cases/zk_incomplete_add_1_bw256_r28.log
zk_incomplete_add_2,q_add-incomplete*y_r*x_p - q_add-incomplete*y_r*x_q + q_add-incomplete*y_q*x_p - q_add-incomplete*y_q*x_q - q_add-incomplete*y_p*x_q + q_add-incomplete*y_p*x_r - q_add-incomplete*y_q*x_r + q_add-incomplete*y_q*x_q,prime-field-montgomery,element,specialized,p32_2^32_minus_5,32,1,0xfffffffb,14,16384,7,3,8,2,10,whole-run,fixed,triton-sumcheck-prime-field-montgomery-element-layout-specialized-points,31.025,2.659,0.000,0.000000,0.000,2.659,ok,cuda-sumcheck-prime-field-montgomery-element-layout-specialized-points,1.50474,1.30074,0,0,0,1.30074,ok,true,1475903705757,1475903705757,2.044221,,experiments/h100/sweep/cases/zk_incomplete_add_2_bw32_r14.log
zk_incomplete_add_2,q_add-incomplete*y_r*x_p - q_add-incomplete*y_r*x_q + q_add-incomplete*y_q*x_p - q_add-incomplete*y_q*x_q - q_add-incomplete*y_p*x_q + q_add-incomplete*y_p*x_r - q_add-incomplete*y_q*x_r + q_add-incomplete*y_q*x_q,prime-field-montgomery,element,specialized,p32_2^32_minus_5,32,1,0xfffffffb,16,65536,7,3,8,2,10,whole-run,fixed,triton-sumcheck-prime-field-montgomery-element-layout-specialized-points,33.111,3.336,0.000,0.000000,0.000,3.336,ok,cuda-sumcheck-prime-field-montgomery-element-layout-specialized-points,1.82157,1.64346,0,0,0,1.64346,ok,true,1802634547025,1802634547025,2.029864,,experiments/h100/sweep/cases/zk_incomplete_add_2_bw32_r16.log
zk_incomplete_add_2,q_add-incomplete*y_r*x_p - q_add-incomplete*y_r*x_q + q_add-incomplete*y_q*x_p - q_add-incomplete*y_q*x_q - q_add-incomplete*y_p*x_q + q_add-incomplete*y_p*x_r - q_add-incomplete*y_q*x_r + q_add-incomplete*y_q*x_q,prime-field-montgomery,element,specialized,p32_2^32_minus_5,32,1,0xfffffffb,18,262144,7,3,8,2,10,whole-run,fixed,triton-sumcheck-prime-field-montgomery-element-layout-specialized-points,34.561,4.416,0.000,0.000000,0.000,4.416,ok,cuda-sumcheck-prime-field-montgomery-element-layout-specialized-points,2.21578,1.96083,0,0,0,1.96083,ok,true,2069781033268,2069781033268,2.252108,,experiments/h100/sweep/cases/zk_incomplete_add_2_bw32_r18.log
zk_incomplete_add_2,q_add-incomplete*y_r*x_p - q_add-incomplete*y_r*x_q + q_add-incomplete*y_q*x_p - q_add-incomplete*y_q*x_q - q_add-incomplete*y_p*x_q + q_add-incomplete*y_p*x_r - q_add-incomplete*y_q*x_r + q_add-incomplete*y_q*x_q,prime-field-montgomery,element,specialized,p32_2^32_minus_5,32,1,0xfffffffb,20,1048576,7,3,8,2,10,whole-run,fixed,triton-sumcheck-prime-field-montgomery-element-layout-specialized-points,61.407,9.693,0.000,0.000000,0.000,9.693,ok,cuda-sumcheck-prime-field-montgomery-element-layout-specialized-points,2.66406,2.392,0,0,0,2.392,ok,true,2175579345134,2175579345134,4.052258,,experiments/h100/sweep/cases/zk_incomplete_add_2_bw32_r20.log
zk_incomplete_add_2,q_add-incomplete*y_r*x_p - q_add-incomplete*y_r*x_q + q_add-incomplete*y_q*x_p - q_add-incomplete*y_q*x_q - q_add-incomplete*y_p*x_q + q_add-incomplete*y_p*x_r - q_add-incomplete*y_q*x_r + q_add-incomplete*y_q*x_q,prime-field-montgomery,element,specialized,p32_2^32_minus_5,32,1,0xfffffffb,22,4194304,7,3,8,2,10,whole-run,fixed,triton-sumcheck-prime-field-montgomery-element-layout-specialized-points,64.231,11.861,0.000,0.000000,0.000,11.861,ok,cuda-sumcheck-prime-field-montgomery-element-layout-specialized-points,3.58166,3.33347,0,0,0,3.33347,ok,true,2699488923664,2699488923664,3.558154,,experiments/h100/sweep/cases/zk_incomplete_add_2_bw32_r22.log
zk_incomplete_add_2,q_add-incomplete*y_r*x_p - q_add-incomplete*y_r*x_q + q_add-incomplete*y_q*x_p - q_add-incomplete*y_q*x_q - q_add-incomplete*y_p*x_q + q_add-incomplete*y_p*x_r - q_add-incomplete*y_q*x_r + q_add-incomplete*y_q*x_q,prime-field-montgomery,element,specialized,p32_2^32_minus_5,32,1,0xfffffffb,24,16777216,7,3,8,2,10,whole-run,fixed,triton-sumcheck-prime-field-montgomery-element-layout-specialized-points,68.400,17.277,0.000,0.000000,0.000,17.277,ok,cuda-sumcheck-prime-field-montgomery-element-layout-specialized-points,5.95613,5.74371,0,0,0,5.74371,ok,true,2656691004669,2656691004669,3.007986,,experiments/h100/sweep/cases/zk_incomplete_add_2_bw32_r24.log
zk_incomplete_add_2,q_add-incomplete*y_r*x_p - q_add-incomplete*y_r*x_q + q_add-incomplete*y_q*x_p - q_add-incomplete*y_q*x_q - q_add-incomplete*y_p*x_q + q_add-incomplete*y_p*x_r - q_add-incomplete*y_q*x_r + q_add-incomplete*y_q*x_q,prime-field-montgomery,element,specialized,p32_2^32_minus_5,32,1,0xfffffffb,26,67108864,7,3,8,2,10,whole-run,fixed,triton-sumcheck-prime-field-montgomery-element-layout-specialized-points,85.924,35.883,0.000,0.000000,0.000,35.883,ok,cuda-sumcheck-prime-field-montgomery-element-layout-specialized-points,14.6882,14.4335,0,0,0,14.4335,ok,true,3227232149063,3227232149063,2.486091,,experiments/h100/sweep/cases/zk_incomplete_add_2_bw32_r26.log
zk_incomplete_add_2,q_add-incomplete*y_r*x_p - q_add-incomplete*y_r*x_q + q_add-incomplete*y_q*x_p - q_add-incomplete*y_q*x_q - q_add-incomplete*y_p*x_q + q_add-incomplete*y_p*x_r - q_add-incomplete*y_q*x_r + q_add-incomplete*y_q*x_q,prime-field-montgomery,element,specialized,p32_2^32_minus_5,32,1,0xfffffffb,28,268435456,7,3,8,2,10,whole-run,fixed,triton-sumcheck-prime-field-montgomery-element-layout-specialized-points,158.054,108.319,0.000,0.000000,0.000,108.319,ok,cuda-sumcheck-prime-field-montgomery-element-layout-specialized-points,47.3797,47.2992,0,0,0,47.2992,ok,true,3226796434433,3226796434433,2.290081,,experiments/h100/sweep/cases/zk_incomplete_add_2_bw32_r28.log
zk_incomplete_add_2,q_add-incomplete*y_r*x_p - q_add-incomplete*y_r*x_q + q_add-incomplete*y_q*x_p - q_add-incomplete*y_q*x_q - q_add-incomplete*y_p*x_q + q_add-incomplete*y_p*x_r - q_add-incomplete*y_q*x_r + q_add-incomplete*y_q*x_q,prime-field-montgomery,element,specialized,p64_goldilocks,64,2,0xffffffff00000001,14,16384,7,3,8,2,10,whole-run,fixed,triton-sumcheck-prime-field-montgomery-element-layout-specialized-points,33.028,2.619,0.000,0.000000,0.000,2.619,ok,cuda-sumcheck-prime-field-montgomery-element-layout-specialized-points,1.72778,1.43978,0,0,0,1.43978,ok,true,5063240167570,5063240167570,1.819028,,experiments/h100/sweep/cases/zk_incomplete_add_2_bw64_r14.log
zk_incomplete_add_2,q_add-incomplete*y_r*x_p - q_add-incomplete*y_r*x_q + q_add-incomplete*y_q*x_p - q_add-incomplete*y_q*x_q - q_add-incomplete*y_p*x_q + q_add-incomplete*y_p*x_r - q_add-incomplete*y_q*x_r + q_add-incomplete*y_q*x_q,prime-field-montgomery,element,specialized,p64_goldilocks,64,2,0xffffffff00000001,16,65536,7,3,8,2,10,whole-run,fixed,triton-sumcheck-prime-field-montgomery-element-layout-specialized-points,33.250,3.438,0.000,0.000000,0.000,3.438,ok,cuda-sumcheck-prime-field-montgomery-element-layout-specialized-points,2.00419,1.72342,0,0,0,1.72342,ok,true,5190217277531,5190217277531,1.994871,,experiments/h100/sweep/cases/zk_incomplete_add_2_bw64_r16.log
zk_incomplete_add_2,q_add-incomplete*y_r*x_p - q_add-incomplete*y_r*x_q + q_add-incomplete*y_q*x_p - q_add-incomplete*y_q*x_q - q_add-incomplete*y_p*x_q + q_add-incomplete*y_p*x_r - q_add-incomplete*y_q*x_r + q_add-incomplete*y_q*x_q,prime-field-montgomery,element,specialized,p64_goldilocks,64,2,0xffffffff00000001,18,262144,7,3,8,2,10,whole-run,fixed,triton-sumcheck-prime-field-montgomery-element-layout-specialized-points,34.170,4.392,0.000,0.000000,0.000,4.392,ok,cuda-sumcheck-prime-field-montgomery-element-layout-specialized-points,2.35622,2.10371,0,0,0,2.10371,ok,true,5548738242723,5548738242723,2.087740,,experiments/h100/sweep/cases/zk_incomplete_add_2_bw64_r18.log
zk_incomplete_add_2,q_add-incomplete*y_r*x_p - q_add-incomplete*y_r*x_q + q_add-incomplete*y_q*x_p - q_add-incomplete*y_q*x_q - q_add-incomplete*y_p*x_q + q_add-incomplete*y_p*x_r - q_add-incomplete*y_q*x_r + q_add-incomplete*y_q*x_q,prime-field-montgomery,element,specialized,p64_goldilocks,64,2,0xffffffff00000001,20,1048576,7,3,8,2,10,whole-run,fixed,triton-sumcheck-prime-field-montgomery-element-layout-specialized-points,36.985,5.469,0.000,0.000000,0.000,5.469,ok,cuda-sumcheck-prime-field-montgomery-element-layout-specialized-points,3.04928,2.81923,0,0,0,2.81923,ok,true,7058066187523,7058066187523,1.939891,,experiments/h100/sweep/cases/zk_incomplete_add_2_bw64_r20.log
zk_incomplete_add_2,q_add-incomplete*y_r*x_p - q_add-incomplete*y_r*x_q + q_add-incomplete*y_q*x_p - q_add-incomplete*y_q*x_q - q_add-incomplete*y_p*x_q + q_add-incomplete*y_p*x_r - q_add-incomplete*y_q*x_r + q_add-incomplete*y_q*x_q,prime-field-montgomery,element,specialized,p64_goldilocks,64,2,0xffffffff00000001,22,4194304,7,3,8,2,10,whole-run,fixed,triton-sumcheck-prime-field-montgomery-element-layout-specialized-points,66.285,12.174,0.000,0.000000,0.000,12.174,ok,cuda-sumcheck-prime-field-montgomery-element-layout-specialized-points,4.50211,4.3183,0,0,0,4.3183,ok,true,7402501928497,7402501928497,2.819165,,experiments/h100/sweep/cases/zk_incomplete_add_2_bw64_r22.log
zk_incomplete_add_2,q_add-incomplete*y_r*x_p - q_add-incomplete*y_r*x_q + q_add-incomplete*y_q*x_p - q_add-incomplete*y_q*x_q - q_add-incomplete*y_p*x_q + q_add-incomplete*y_p*x_r - q_add-incomplete*y_q*x_r + q_add-incomplete*y_q*x_q,prime-field-montgomery,element,specialized,p64_goldilocks,64,2,0xffffffff00000001,24,16777216,7,3,8,2,10,whole-run,fixed,triton-sumcheck-prime-field-montgomery-element-layout-specialized-points,71.478,18.888,0.000,0.000000,0.000,18.888,ok,cuda-sumcheck-prime-field-montgomery-element-layout-specialized-points,9.24294,9.02909,0,0,0,9.02909,ok,true,8484710180167,8484710180167,2.091905,,experiments/h100/sweep/cases/zk_incomplete_add_2_bw64_r24.log
zk_incomplete_add_2,q_add-incomplete*y_r*x_p - q_add-incomplete*y_r*x_q + q_add-incomplete*y_q*x_p - q_add-incomplete*y_q*x_q - q_add-incomplete*y_p*x_q + q_add-incomplete*y_p*x_r - q_add-incomplete*y_q*x_r + q_add-incomplete*y_q*x_q,prime-field-montgomery,element,specialized,p64_goldilocks,64,2,0xffffffff00000001,26,67108864,7,3,8,2,10,whole-run,fixed,triton-sumcheck-prime-field-montgomery-element-layout-specialized-points,93.788,43.439,0.000,0.000000,0.000,43.439,ok,cuda-sumcheck-prime-field-montgomery-element-layout-specialized-points,26.6372,26.6815,0,0,0,26.6815,ok,true,8717039409754,8717039409754,1.628057,,experiments/h100/sweep/cases/zk_incomplete_add_2_bw64_r26.log
zk_incomplete_add_2,q_add-incomplete*y_r*x_p - q_add-incomplete*y_r*x_q + q_add-incomplete*y_q*x_p - q_add-incomplete*y_q*x_q - q_add-incomplete*y_p*x_q + q_add-incomplete*y_p*x_r - q_add-incomplete*y_q*x_r + q_add-incomplete*y_q*x_q,prime-field-montgomery,element,specialized,p64_goldilocks,64,2,0xffffffff00000001,28,268435456,7,3,8,2,10,whole-run,fixed,triton-sumcheck-prime-field-montgomery-element-layout-specialized-points,190.976,145.215,0.000,0.000000,0.000,145.215,ok,cuda-sumcheck-prime-field-montgomery-element-layout-specialized-points,95.3403,99.7883,0,0,0,99.7883,ok,true,9223533275619,9223533275619,1.455231,,experiments/h100/sweep/cases/zk_incomplete_add_2_bw64_r28.log
zk_incomplete_add_2,q_add-incomplete*y_r*x_p - q_add-incomplete*y_r*x_q + q_add-incomplete*y_q*x_p - q_add-incomplete*y_q*x_q - q_add-incomplete*y_p*x_q + q_add-incomplete*y_p*x_r - q_add-incomplete*y_q*x_r + q_add-incomplete*y_q*x_q,prime-field-montgomery,element,specialized,p128_mersenne_2^127_minus_1,128,4,0x7fffffffffffffffffffffffffffffff,14,16384,7,3,8,2,10,whole-run,fixed,triton-sumcheck-prime-field-montgomery-element-layout-specialized-points,36.309,2.728,0.000,0.000000,0.000,2.728,ok,cuda-sumcheck-prime-field-montgomery-element-layout-specialized-points,1.99981,1.5015,0,0,0,1.5015,ok,true,20345484478540,20345484478540,1.816850,,experiments/h100/sweep/cases/zk_incomplete_add_2_bw128_r14.log
zk_incomplete_add_2,q_add-incomplete*y_r*x_p - q_add-incomplete*y_r*x_q + q_add-incomplete*y_q*x_p - q_add-incomplete*y_q*x_q - q_add-incomplete*y_p*x_q + q_add-incomplete*y_p*x_r - q_add-incomplete*y_q*x_r + q_add-incomplete*y_q*x_q,prime-field-montgomery,element,specialized,p128_mersenne_2^127_minus_1,128,4,0x7fffffffffffffffffffffffffffffff,16,65536,7,3,8,2,10,whole-run,fixed,triton-sumcheck-prime-field-montgomery-element-layout-specialized-points,36.904,3.538,0.000,0.000000,0.000,3.538,ok,cuda-sumcheck-prime-field-montgomery-element-layout-specialized-points,2.34835,1.90666,0,0,0,1.90666,ok,true,22021799201571,22021799201571,1.855601,,experiments/h100/sweep/cases/zk_incomplete_add_2_bw128_r16.log
zk_incomplete_add_2,q_add-incomplete*y_r*x_p - q_add-incomplete*y_r*x_q + q_add-incomplete*y_q*x_p - q_add-incomplete*y_q*x_q - q_add-incomplete*y_p*x_q + q_add-incomplete*y_p*x_r - q_add-incomplete*y_q*x_r + q_add-incomplete*y_q*x_q,prime-field-montgomery,element,specialized,p128_mersenne_2^127_minus_1,128,4,0x7fffffffffffffffffffffffffffffff,18,262144,7,3,8,2,10,whole-run,fixed,triton-sumcheck-prime-field-montgomery-element-layout-specialized-points,38.776,4.458,0.000,0.000000,0.000,4.458,ok,cuda-sumcheck-prime-field-montgomery-element-layout-specialized-points,2.88707,2.4191,0,0,0,2.4191,ok,true,23731428474546,23731428474546,1.842834,,experiments/h100/sweep/cases/zk_incomplete_add_2_bw128_r18.log
zk_incomplete_add_2,q_add-incomplete*y_r*x_p - q_add-incomplete*y_r*x_q + q_add-incomplete*y_q*x_p - q_add-incomplete*y_q*x_q - q_add-incomplete*y_p*x_q + q_add-incomplete*y_p*x_r - q_add-incomplete*y_q*x_r + q_add-incomplete*y_q*x_q,prime-field-montgomery,element,specialized,p128_mersenne_2^127_minus_1,128,4,0x7fffffffffffffffffffffffffffffff,20,1048576,7,3,8,2,10,whole-run,fixed,triton-sumcheck-prime-field-montgomery-element-layout-specialized-points,68.916,9.832,0.000,0.000000,0.000,9.832,ok,cuda-sumcheck-prime-field-montgomery-element-layout-specialized-points,3.97056,3.52272,0,0,0,3.52272,ok,true,24714018976478,24714018976478,2.791025,,experiments/h100/sweep/cases/zk_incomplete_add_2_bw128_r20.log
zk_incomplete_add_2,q_add-incomplete*y_r*x_p - q_add-incomplete*y_r*x_q + q_add-incomplete*y_q*x_p - q_add-incomplete*y_q*x_q - q_add-incomplete*y_p*x_q + q_add-incomplete*y_p*x_r - q_add-incomplete*y_q*x_r + q_add-incomplete*y_q*x_q,prime-field-montgomery,element,specialized,p128_mersenne_2^127_minus_1,128,4,0x7fffffffffffffffffffffffffffffff,22,4194304,7,3,8,2,10,whole-run,fixed,triton-sumcheck-prime-field-montgomery-element-layout-specialized-points,72.791,13.724,0.000,0.000000,0.000,13.724,ok,cuda-sumcheck-prime-field-montgomery-element-layout-specialized-points,6.97059,6.51171,0,0,0,6.51171,ok,true,25599534664041,25599534664041,2.107588,,experiments/h100/sweep/cases/zk_incomplete_add_2_bw128_r22.log
zk_incomplete_add_2,q_add-incomplete*y_r*x_p - q_add-incomplete*y_r*x_q + q_add-incomplete*y_q*x_p - q_add-incomplete*y_q*x_q - q_add-incomplete*y_p*x_q + q_add-incomplete*y_p*x_r - q_add-incomplete*y_q*x_r + q_add-incomplete*y_q*x_q,prime-field-montgomery,element,specialized,p128_mersenne_2^127_minus_1,128,4,0x7fffffffffffffffffffffffffffffff,24,16777216,7,3,8,2,10,whole-run,fixed,triton-sumcheck-prime-field-montgomery-element-layout-specialized-points,84.160,27.334,0.000,0.000000,0.000,27.334,ok,cuda-sumcheck-prime-field-montgomery-element-layout-specialized-points,17.33,16.8622,0,0,0,16.8622,ok,true,26776702859257,26776702859257,1.621022,,experiments/h100/sweep/cases/zk_incomplete_add_2_bw128_r24.log
zk_incomplete_add_2,q_add-incomplete*y_r*x_p - q_add-incomplete*y_r*x_q + q_add-incomplete*y_q*x_p - q_add-incomplete*y_q*x_q - q_add-incomplete*y_p*x_q + q_add-incomplete*y_p*x_r - q_add-incomplete*y_q*x_r + q_add-incomplete*y_q*x_q,prime-field-montgomery,element,specialized,p128_mersenne_2^127_minus_1,128,4,0x7fffffffffffffffffffffffffffffff,26,67108864,7,3,8,2,10,whole-run,fixed,triton-sumcheck-prime-field-montgomery-element-layout-specialized-points,134.680,79.266,0.000,0.000000,0.000,79.266,ok,cuda-sumcheck-prime-field-montgomery-element-layout-specialized-points,57.1785,56.6586,0,0,0,56.6586,ok,true,29651709585758,29651709585758,1.399011,,experiments/h100/sweep/cases/zk_incomplete_add_2_bw128_r26.log
zk_incomplete_add_2,q_add-incomplete*y_r*x_p - q_add-incomplete*y_r*x_q + q_add-incomplete*y_q*x_p - q_add-incomplete*y_q*x_q - q_add-incomplete*y_p*x_q + q_add-incomplete*y_p*x_r - q_add-incomplete*y_q*x_r + q_add-incomplete*y_q*x_q,prime-field-montgomery,element,specialized,,128,,,28,268435456,7,3,8,2,10,whole-run,fixed,,,,,,,,skipped,,,,,,,,skipped,skipped,,,,returncode=1,experiments/h100/sweep/cases/zk_incomplete_add_2_bw128_r28.log
zk_incomplete_add_2,q_add-incomplete*y_r*x_p - q_add-incomplete*y_r*x_q + q_add-incomplete*y_q*x_p - q_add-incomplete*y_q*x_q - q_add-incomplete*y_p*x_q + q_add-incomplete*y_p*x_r - q_add-incomplete*y_q*x_r + q_add-incomplete*y_q*x_q,prime-field-montgomery,element,specialized,p255_bls12_381_scalar,256,8,0x73eda753299d7d483339d80809a1d80553bda402fffe5bfeffffffff00000001,14,16384,7,3,8,2,10,whole-run,fixed,triton-sumcheck-prime-field-montgomery-element-layout-specialized-points,80.161,5.067,0.000,0.000000,0.000,5.067,ok,cuda-sumcheck-prime-field-montgomery-element-layout-specialized-points,3.97306,2.73536,0,0,0,2.73536,ok,true,50237089022133,50237089022133,1.852407,,experiments/h100/sweep/cases/zk_incomplete_add_2_bw256_r14.log
zk_incomplete_add_2,q_add-incomplete*y_r*x_p - q_add-incomplete*y_r*x_q + q_add-incomplete*y_q*x_p - q_add-incomplete*y_q*x_q - q_add-incomplete*y_p*x_q + q_add-incomplete*y_p*x_r - q_add-incomplete*y_q*x_r + q_add-incomplete*y_q*x_q,prime-field-montgomery,element,specialized,p255_bls12_381_scalar,256,8,0x73eda753299d7d483339d80809a1d80553bda402fffe5bfeffffffff00000001,16,65536,7,3,8,2,10,whole-run,fixed,triton-sumcheck-prime-field-montgomery-element-layout-specialized-points,95.323,7.113,0.000,0.000000,0.000,7.113,ok,cuda-sumcheck-prime-field-montgomery-element-layout-specialized-points,4.55462,3.33274,0,0,0,3.33274,ok,true,57860795383755,57860795383755,2.134280,,experiments/h100/sweep/cases/zk_incomplete_add_2_bw256_r16.log
zk_incomplete_add_2,q_add-incomplete*y_r*x_p - q_add-incomplete*y_r*x_q + q_add-incomplete*y_q*x_p - q_add-incomplete*y_q*x_q - q_add-incomplete*y_p*x_q + q_add-incomplete*y_p*x_r - q_add-incomplete*y_q*x_r + q_add-incomplete*y_q*x_q,prime-field-montgomery,element,specialized,p255_bls12_381_scalar,256,8,0x73eda753299d7d483339d80809a1d80553bda402fffe5bfeffffffff00000001,18,262144,7,3,8,2,10,whole-run,fixed,triton-sumcheck-prime-field-montgomery-element-layout-specialized-points,82.707,8.269,0.000,0.000000,0.000,8.269,ok,cuda-sumcheck-prime-field-montgomery-element-layout-specialized-points,5.94384,4.73635,0,0,0,4.73635,ok,true,64002240322007,64002240322007,1.745859,,experiments/h100/sweep/cases/zk_incomplete_add_2_bw256_r18.log
zk_incomplete_add_2,q_add-incomplete*y_r*x_p - q_add-incomplete*y_r*x_q + q_add-incomplete*y_q*x_p - q_add-incomplete*y_q*x_q - q_add-incomplete*y_p*x_q + q_add-incomplete*y_p*x_r - q_add-incomplete*y_q*x_r + q_add-incomplete*y_q*x_q,prime-field-montgomery,element,specialized,p255_bls12_381_scalar,256,8,0x73eda753299d7d483339d80809a1d80553bda402fffe5bfeffffffff00000001,20,1048576,7,3,8,2,10,whole-run,fixed,triton-sumcheck-prime-field-montgomery-element-layout-specialized-points,85.871,11.603,0.000,0.000000,0.000,11.603,ok,cuda-sumcheck-prime-field-montgomery-element-layout-specialized-points,9.30275,8.15034,0,0,0,8.15034,ok,true,70232109488970,70232109488970,1.423622,,experiments/h100/sweep/cases/zk_incomplete_add_2_bw256_r20.log
zk_incomplete_add_2,q_add-incomplete*y_r*x_p - q_add-incomplete*y_r*x_q + q_add-incomplete*y_q*x_p - q_add-incomplete*y_q*x_q - q_add-incomplete*y_p*x_q + q_add-incomplete*y_p*x_r - q_add-incomplete*y_q*x_r + q_add-incomplete*y_q*x_q,prime-field-montgomery,element,specialized,p255_bls12_381_scalar,256,8,0x73eda753299d7d483339d80809a1d80553bda402fffe5bfeffffffff00000001,22,4194304,7,3,8,2,10,whole-run,fixed,triton-sumcheck-prime-field-montgomery-element-layout-specialized-points,95.718,22.640,0.000,0.000000,0.000,22.640,ok,cuda-sumcheck-prime-field-montgomery-element-layout-specialized-points,20.4592,19.2428,0,0,0,19.2428,ok,true,76659979359522,76659979359522,1.176544,,experiments/h100/sweep/cases/zk_incomplete_add_2_bw256_r22.log
zk_incomplete_add_2,q_add-incomplete*y_r*x_p - q_add-incomplete*y_r*x_q + q_add-incomplete*y_q*x_p - q_add-incomplete*y_q*x_q - q_add-incomplete*y_p*x_q + q_add-incomplete*y_p*x_r - q_add-incomplete*y_q*x_r + q_add-incomplete*y_q*x_q,prime-field-montgomery,element,specialized,p255_bls12_381_scalar,256,8,0x73eda753299d7d483339d80809a1d80553bda402fffe5bfeffffffff00000001,24,16777216,7,3,8,2,10,whole-run,fixed,triton-sumcheck-prime-field-montgomery-element-layout-specialized-points,135.227,63.576,0.000,0.000000,0.000,63.576,ok,cuda-sumcheck-prime-field-montgomery-element-layout-specialized-points,63.4356,62.245,0,0,0,62.245,ok,true,86882634873749,86882634873749,1.021383,,experiments/h100/sweep/cases/zk_incomplete_add_2_bw256_r24.log
zk_incomplete_add_2,q_add-incomplete*y_r*x_p - q_add-incomplete*y_r*x_q + q_add-incomplete*y_q*x_p - q_add-incomplete*y_q*x_q - q_add-incomplete*y_p*x_q + q_add-incomplete*y_p*x_r - q_add-incomplete*y_q*x_r + q_add-incomplete*y_q*x_q,prime-field-montgomery,element,specialized,p255_bls12_381_scalar,256,8,0x73eda753299d7d483339d80809a1d80553bda402fffe5bfeffffffff00000001,26,67108864,7,3,8,2,10,whole-run,fixed,triton-sumcheck-prime-field-montgomery-element-layout-specialized-points,295.749,224.462,0.000,0.000000,0.000,224.462,ok,cuda-sumcheck-prime-field-montgomery-element-layout-specialized-points,240.474,231.81,0,0,0,231.81,ok,true,92915666596363,92915666596363,0.968302,,experiments/h100/sweep/cases/zk_incomplete_add_2_bw256_r26.log
zk_incomplete_add_2,q_add-incomplete*y_r*x_p - q_add-incomplete*y_r*x_q + q_add-incomplete*y_q*x_p - q_add-incomplete*y_q*x_q - q_add-incomplete*y_p*x_q + q_add-incomplete*y_p*x_r - q_add-incomplete*y_q*x_r + q_add-incomplete*y_q*x_q,prime-field-montgomery,element,specialized,,256,,,28,268435456,7,3,8,2,10,whole-run,fixed,,,,,,,,skipped,,,,,,,,skipped,skipped,,,,returncode=1,experiments/h100/sweep/cases/zk_incomplete_add_2_bw256_r28.log
zk_complete_add_1,q_add*x_q*x_q*lambda - 2*q_add*x_q*x_p*lambda + q_add*x_p*x_p*lambda - q_add*x_q*y_q + q_add*x_q*y_p + q_add*x_p*y_q - q_add*x_p*y_p,prime-field-montgomery,element,specialized,p32_2^32_minus_5,32,1,0xfffffffb,14,16384,6,4,7,2,10,whole-run,fixed,triton-sumcheck-prime-field-montgomery-element-layout-specialized-points,59.330,5.358,0.000,0.000000,0.000,5.358,ok,cuda-sumcheck-prime-field-montgomery-element-layout-specialized-points,1.84925,1.6072,0,0,0,1.6072,ok,true,1821460795193,1821460795193,3.333748,,experiments/h100/sweep/cases/zk_complete_add_1_bw32_r14.log
zk_complete_add_1,q_add*x_q*x_q*lambda - 2*q_add*x_q*x_p*lambda + q_add*x_p*x_p*lambda - q_add*x_q*y_q + q_add*x_q*y_p + q_add*x_p*y_q - q_add*x_p*y_p,prime-field-montgomery,element,specialized,p32_2^32_minus_5,32,1,0xfffffffb,16,65536,6,4,7,2,10,whole-run,fixed,triton-sumcheck-prime-field-montgomery-element-layout-specialized-points,61.960,7.245,0.000,0.000000,0.000,7.245,ok,cuda-sumcheck-prime-field-montgomery-element-layout-specialized-points,2.24659,2.01014,0,0,0,2.01014,ok,true,2282449042640,2282449042640,3.604227,,experiments/h100/sweep/cases/zk_complete_add_1_bw32_r16.log
zk_complete_add_1,q_add*x_q*x_q*lambda - 2*q_add*x_q*x_p*lambda + q_add*x_p*x_p*lambda - q_add*x_q*y_q + q_add*x_q*y_p + q_add*x_p*y_q - q_add*x_p*y_p,prime-field-montgomery,element,specialized,p32_2^32_minus_5,32,1,0xfffffffb,18,262144,6,4,7,2,10,whole-run,fixed,triton-sumcheck-prime-field-montgomery-element-layout-specialized-points,63.883,9.230,0.000,0.000000,0.000,9.230,ok,cuda-sumcheck-prime-field-montgomery-element-layout-specialized-points,2.69328,2.40979,0,0,0,2.40979,ok,true,2777791206502,2777791206502,3.830209,,experiments/h100/sweep/cases/zk_complete_add_1_bw32_r18.log
zk_complete_add_1,q_add*x_q*x_q*lambda - 2*q_add*x_q*x_p*lambda + q_add*x_p*x_p*lambda - q_add*x_q*y_q + q_add*x_q*y_p + q_add*x_p*y_q - q_add*x_p*y_p,prime-field-montgomery,element,specialized,p32_2^32_minus_5,32,1,0xfffffffb,20,1048576,6,4,7,2,10,whole-run,fixed,triton-sumcheck-prime-field-montgomery-element-layout-specialized-points,38.185,6.864,0.000,0.000000,0.000,6.864,ok,cuda-sumcheck-prime-field-montgomery-element-layout-specialized-points,3.25216,2.97456,0,0,0,2.97456,ok,true,2485472501538,2485472501538,2.307568,,experiments/h100/sweep/cases/zk_complete_add_1_bw32_r20.log
zk_complete_add_1,q_add*x_q*x_q*lambda - 2*q_add*x_q*x_p*lambda + q_add*x_p*x_p*lambda - q_add*x_q*y_q + q_add*x_q*y_p + q_add*x_p*y_q - q_add*x_p*y_p,prime-field-montgomery,element,specialized,p32_2^32_minus_5,32,1,0xfffffffb,22,4194304,6,4,7,2,10,whole-run,fixed,triton-sumcheck-prime-field-montgomery-element-layout-specialized-points,69.634,14.746,0.000,0.000000,0.000,14.746,ok,cuda-sumcheck-prime-field-montgomery-element-layout-specialized-points,4.19632,3.91686,0,0,0,3.91686,ok,true,3234688708615,3234688708615,3.764750,,experiments/h100/sweep/cases/zk_complete_add_1_bw32_r22.log
zk_complete_add_1,q_add*x_q*x_q*lambda - 2*q_add*x_q*x_p*lambda + q_add*x_p*x_p*lambda - q_add*x_q*y_q + q_add*x_q*y_p + q_add*x_p*y_q - q_add*x_p*y_p,prime-field-montgomery,element,specialized,p32_2^32_minus_5,32,1,0xfffffffb,24,16777216,6,4,7,2,10,whole-run,fixed,triton-sumcheck-prime-field-montgomery-element-layout-specialized-points,75.292,21.112,0.000,0.000000,0.000,21.112,ok,cuda-sumcheck-prime-field-montgomery-element-layout-specialized-points,6.84128,6.64061,0,0,0,6.64061,ok,true,3265539512898,3265539512898,3.179226,,experiments/h100/sweep/cases/zk_complete_add_1_bw32_r24.log
zk_complete_add_1,q_add*x_q*x_q*lambda - 2*q_add*x_q*x_p*lambda + q_add*x_p*x_p*lambda - q_add*x_q*y_q + q_add*x_q*y_p + q_add*x_p*y_q - q_add*x_p*y_p,prime-field-montgomery,element,specialized,p32_2^32_minus_5,32,1,0xfffffffb,26,67108864,6,4,7,2,10,whole-run,fixed,triton-sumcheck-prime-field-montgomery-element-layout-specialized-points,95.671,44.164,0.000,0.000000,0.000,44.164,ok,cuda-sumcheck-prime-field-montgomery-element-layout-specialized-points,15.7177,15.4344,0,0,0,15.4344,ok,true,3690453319293,3690453319293,2.861401,,experiments/h100/sweep/cases/zk_complete_add_1_bw32_r26.log
zk_complete_add_1,q_add*x_q*x_q*lambda - 2*q_add*x_q*x_p*lambda + q_add*x_p*x_p*lambda - q_add*x_q*y_q + q_add*x_q*y_p + q_add*x_p*y_q - q_add*x_p*y_p,prime-field-montgomery,element,specialized,p32_2^32_minus_5,32,1,0xfffffffb,28,268435456,6,4,7,2,10,whole-run,fixed,triton-sumcheck-prime-field-montgomery-element-layout-specialized-points,155.464,126.800,0.000,0.000000,0.000,126.800,ok,cuda-sumcheck-prime-field-montgomery-element-layout-specialized-points,49.0746,49.2616,0,0,0,49.2616,ok,true,4009268392064,4009268392064,2.574013,,experiments/h100/sweep/cases/zk_complete_add_1_bw32_r28.log
zk_complete_add_1,q_add*x_q*x_q*lambda - 2*q_add*x_q*x_p*lambda + q_add*x_p*x_p*lambda - q_add*x_q*y_q + q_add*x_q*y_p + q_add*x_p*y_q - q_add*x_p*y_p,prime-field-montgomery,element,specialized,p64_goldilocks,64,2,0xffffffff00000001,14,16384,6,4,7,2,10,whole-run,fixed,triton-sumcheck-prime-field-montgomery-element-layout-specialized-points,38.248,3.250,0.000,0.000000,0.000,3.250,ok,cuda-sumcheck-prime-field-montgomery-element-layout-specialized-points,2.06774,1.74208,0,0,0,1.74208,ok,true,5924044064627,5924044064627,1.865586,,experiments/h100/sweep/cases/zk_complete_add_1_bw64_r14.log
zk_complete_add_1,q_add*x_q*x_q*lambda - 2*q_add*x_q*x_p*lambda + q_add*x_p*x_p*lambda - q_add*x_q*y_q + q_add*x_q*y_p + q_add*x_p*y_q - q_add*x_p*y_p,prime-field-montgomery,element,specialized,p64_goldilocks,64,2,0xffffffff00000001,16,65536,6,4,7,2,10,whole-run,fixed,triton-sumcheck-prime-field-montgomery-element-layout-specialized-points,38.687,4.155,0.000,0.000000,0.000,4.155,ok,cuda-sumcheck-prime-field-montgomery-element-layout-specialized-points,2.28403,2.0184,0,0,0,2.0184,ok,true,6617720230602,6617720230602,2.058561,,experiments/h100/sweep/cases/zk_complete_add_1_bw64_r16.log
zk_complete_add_1,q_add*x_q*x_q*lambda - 2*q_add*x_q*x_p*lambda + q_add*x_p*x_p*lambda - q_add*x_q*y_q + q_add*x_q*y_p + q_add*x_p*y_q - q_add*x_p*y_p,prime-field-montgomery,element,specialized,p64_goldilocks,64,2,0xffffffff00000001,18,262144,6,4,7,2,10,whole-run,fixed,triton-sumcheck-prime-field-montgomery-element-layout-specialized-points,38.314,5.461,0.000,0.000000,0.000,5.461,ok,cuda-sumcheck-prime-field-montgomery-element-layout-specialized-points,2.67312,2.47171,0,0,0,2.47171,ok,true,7872813306969,7872813306969,2.209402,,experiments/h100/sweep/cases/zk_complete_add_1_bw64_r18.log
zk_complete_add_1,q_add*x_q*x_q*lambda - 2*q_add*x_q*x_p*lambda + q_add*x_p*x_p*lambda - q_add*x_q*y_q + q_add*x_q*y_p + q_add*x_p*y_q - q_add*x_p*y_p,prime-field-montgomery,element,specialized,p64_goldilocks,64,2,0xffffffff00000001,20,1048576,6,4,7,2,10,whole-run,fixed,triton-sumcheck-prime-field-montgomery-element-layout-specialized-points,38.682,6.839,0.000,0.000000,0.000,6.839,ok,cuda-sumcheck-prime-field-montgomery-element-layout-specialized-points,3.7615,3.4735,0,0,0,3.4735,ok,true,8564660564720,8564660564720,1.968907,,experiments/h100/sweep/cases/zk_complete_add_1_bw64_r20.log
zk_complete_add_1,q_add*x_q*x_q*lambda - 2*q_add*x_q*x_p*lambda + q_add*x_p*x_p*lambda - q_add*x_q*y_q + q_add*x_q*y_p + q_add*x_p*y_q - q_add*x_p*y_p,prime-field-montgomery,element,specialized,p64_goldilocks,64,2,0xffffffff00000001,22,4194304,6,4,7,2,10,whole-run,fixed,triton-sumcheck-prime-field-montgomery-element-layout-specialized-points,41.761,9.486,0.000,0.000000,0.000,9.486,ok,cuda-sumcheck-prime-field-montgomery-element-layout-specialized-points,5.43914,5.1457,0,0,0,5.1457,ok,true,8960185335829,8960185335829,1.843481,,experiments/h100/sweep/cases/zk_complete_add_1_bw64_r22.log
zk_complete_add_1,q_add*x_q*x_q*lambda - 2*q_add*x_q*x_p*lambda + q_add*x_p*x_p*lambda - q_add*x_q*y_q + q_add*x_q*y_p + q_add*x_p*y_q - q_add*x_p*y_p,prime-field-montgomery,element,specialized,p64_goldilocks,64,2,0xffffffff00000001,24,16777216,6,4,7,2,10,whole-run,fixed,triton-sumcheck-prime-field-montgomery-element-layout-specialized-points,79.361,23.561,0.000,0.000000,0.000,23.561,ok,cuda-sumcheck-prime-field-montgomery-element-layout-specialized-points,10.8862,10.5207,0,0,0,10.5207,ok,true,9914299387018,9914299387018,2.239490,,experiments/h100/sweep/cases/zk_complete_add_1_bw64_r24.log
zk_complete_add_1,q_add*x_q*x_q*lambda - 2*q_add*x_q*x_p*lambda + q_add*x_p*x_p*lambda - q_add*x_q*y_q + q_add*x_q*y_p + q_add*x_p*y_q - q_add*x_p*y_p,prime-field-montgomery,element,specialized,p64_goldilocks,64,2,0xffffffff00000001,26,67108864,6,4,7,2,10,whole-run,fixed,triton-sumcheck-prime-field-montgomery-element-layout-specialized-points,107.637,54.517,0.000,0.000000,0.000,54.517,ok,cuda-sumcheck-prime-field-montgomery-element-layout-specialized-points,29.6038,30.3871,0,0,0,30.3871,ok,true,11013420608203,11013420608203,1.794084,,experiments/h100/sweep/cases/zk_complete_add_1_bw64_r26.log
zk_complete_add_1,q_add*x_q*x_q*lambda - 2*q_add*x_q*x_p*lambda + q_add*x_p*x_p*lambda - q_add*x_q*y_q + q_add*x_q*y_p + q_add*x_p*y_q - q_add*x_p*y_p,prime-field-montgomery,element,specialized,p64_goldilocks,64,2,0xffffffff00000001,28,268435456,6,4,7,2,10,whole-run,fixed,triton-sumcheck-prime-field-montgomery-element-layout-specialized-points,229.316,178.369,0.000,0.000000,0.000,178.369,ok,cuda-sumcheck-prime-field-montgomery-element-layout-specialized-points,107.795,115.678,0,0,0,115.678,ok,true,11430301870533,11430301870533,1.541944,,experiments/h100/sweep/cases/zk_complete_add_1_bw64_r28.log
zk_complete_add_1,q_add*x_q*x_q*lambda - 2*q_add*x_q*x_p*lambda + q_add*x_p*x_p*lambda - q_add*x_q*y_q + q_add*x_q*y_p + q_add*x_p*y_q - q_add*x_p*y_p,prime-field-montgomery,element,specialized,p128_mersenne_2^127_minus_1,128,4,0x7fffffffffffffffffffffffffffffff,14,16384,6,4,7,2,10,whole-run,fixed,triton-sumcheck-prime-field-montgomery-element-layout-specialized-points,41.951,3.381,0.000,0.000000,0.000,3.381,ok,cuda-sumcheck-prime-field-montgomery-element-layout-specialized-points,2.46896,1.86435,0,0,0,1.86435,ok,true,8894711486778,8894711486778,1.813501,,experiments/h100/sweep/cases/zk_complete_add_1_bw128_r14.log
zk_complete_add_1,q_add*x_q*x_q*lambda - 2*q_add*x_q*x_p*lambda + q_add*x_p*x_p*lambda - q_add*x_q*y_q + q_add*x_q*y_p + q_add*x_p*y_q - q_add*x_p*y_p,prime-field-montgomery,element,specialized,p128_mersenne_2^127_minus_1,128,4,0x7fffffffffffffffffffffffffffffff,16,65536,6,4,7,2,10,whole-run,fixed,triton-sumcheck-prime-field-montgomery-element-layout-specialized-points,71.670,7.358,0.000,0.000000,0.000,7.358,ok,cuda-sumcheck-prime-field-montgomery-element-layout-specialized-points,2.93898,2.34963,0,0,0,2.34963,ok,true,12975113614424,12975113614424,3.131557,,experiments/h100/sweep/cases/zk_complete_add_1_bw128_r16.log
zk_complete_add_1,q_add*x_q*x_q*lambda - 2*q_add*x_q*x_p*lambda + q_add*x_p*x_p*lambda - q_add*x_q*y_q + q_add*x_q*y_p + q_add*x_p*y_q - q_add*x_p*y_p,prime-field-montgomery,element,specialized,p128_mersenne_2^127_minus_1,128,4,0x7fffffffffffffffffffffffffffffff,18,262144,6,4,7,2,10,whole-run,fixed,triton-sumcheck-prime-field-montgomery-element-layout-specialized-points,74.198,9.425,0.000,0.000000,0.000,9.425,ok,cuda-sumcheck-prime-field-montgomery-element-layout-specialized-points,3.56358,2.98787,0,0,0,2.98787,ok,true,14896595497147,14896595497147,3.154421,,experiments/h100/sweep/cases/zk_complete_add_1_bw128_r18.log
zk_complete_add_1,q_add*x_q*x_q*lambda - 2*q_add*x_q*x_p*lambda + q_add*x_p*x_p*lambda - q_add*x_q*y_q + q_add*x_q*y_p + q_add*x_p*y_q - q_add*x_p*y_p,prime-field-montgomery,element,specialized,p128_mersenne_2^127_minus_1,128,4,0x7fffffffffffffffffffffffffffffff,20,1048576,6,4,7,2,10,whole-run,fixed,triton-sumcheck-prime-field-montgomery-element-layout-specialized-points,76.847,12.218,0.000,0.000000,0.000,12.218,ok,cuda-sumcheck-prime-field-montgomery-element-layout-specialized-points,4.98061,4.34285,0,0,0,4.34285,ok,true,16860889858930,16860889858930,2.813360,,experiments/h100/sweep/cases/zk_complete_add_1_bw128_r20.log
zk_complete_add_1,q_add*x_q*x_q*lambda - 2*q_add*x_q*x_p*lambda + q_add*x_p*x_p*lambda - q_add*x_q*y_q + q_add*x_q*y_p + q_add*x_p*y_q - q_add*x_p*y_p,prime-field-montgomery,element,specialized,p128_mersenne_2^127_minus_1,128,4,0x7fffffffffffffffffffffffffffffff,22,4194304,6,4,7,2,10,whole-run,fixed,triton-sumcheck-prime-field-montgomery-element-layout-specialized-points,81.725,17.525,0.000,0.000000,0.000,17.525,ok,cuda-sumcheck-prime-field-montgomery-element-layout-specialized-points,8.72752,8.06042,0,0,0,8.06042,ok,true,18806281986154,18806281986154,2.174204,,experiments/h100/sweep/cases/zk_complete_add_1_bw128_r22.log
zk_complete_add_1,q_add*x_q*x_q*lambda - 2*q_add*x_q*x_p*lambda + q_add*x_p*x_p*lambda - q_add*x_q*y_q + q_add*x_q*y_p + q_add*x_p*y_q - q_add*x_p*y_p,prime-field-montgomery,element,specialized,p128_mersenne_2^127_minus_1,128,4,0x7fffffffffffffffffffffffffffffff,24,16777216,6,4,7,2,10,whole-run,fixed,triton-sumcheck-prime-field-montgomery-element-layout-specialized-points,97.495,34.628,0.000,0.000000,0.000,34.628,ok,cuda-sumcheck-prime-field-montgomery-element-layout-specialized-points,21.4285,20.7772,0,0,0,20.7772,ok,true,23090970745336,23090970745336,1.666635,,experiments/h100/sweep/cases/zk_complete_add_1_bw128_r24.log
zk_complete_add_1,q_add*x_q*x_q*lambda - 2*q_add*x_q*x_p*lambda + q_add*x_p*x_p*lambda - q_add*x_q*y_q + q_add*x_q*y_p + q_add*x_p*y_q - q_add*x_p*y_p,prime-field-montgomery,element,specialized,p128_mersenne_2^127_minus_1,128,4,0x7fffffffffffffffffffffffffffffff,26,67108864,6,4,7,2,10,whole-run,fixed,triton-sumcheck-prime-field-montgomery-element-layout-specialized-points,163.810,102.535,0.000,0.000000,0.000,102.535,ok,cuda-sumcheck-prime-field-montgomery-element-layout-specialized-points,69.9548,69.3225,0,0,0,69.3225,ok,true,25690845217570,25690845217570,1.479101,,experiments/h100/sweep/cases/zk_complete_add_1_bw128_r26.log
zk_complete_add_1,q_add*x_q*x_q*lambda - 2*q_add*x_q*x_p*lambda + q_add*x_p*x_p*lambda - q_add*x_q*y_q + q_add*x_q*y_p + q_add*x_p*y_q - q_add*x_p*y_p,prime-field-montgomery,element,specialized,p128_mersenne_2^127_minus_1,128,4,0x7fffffffffffffffffffffffffffffff,28,268435456,6,4,7,2,10,whole-run,fixed,triton-sumcheck-prime-field-montgomery-element-layout-specialized-points,431.869,365.034,0.000,0.000000,0.000,365.034,ok,cuda-sumcheck-prime-field-montgomery-element-layout-specialized-points,262.141,268.174,0,0,0,268.174,ok,true,28007514848235,28007514848235,1.361183,,experiments/h100/sweep/cases/zk_complete_add_1_bw128_r28.log
zk_complete_add_1,q_add*x_q*x_q*lambda - 2*q_add*x_q*x_p*lambda + q_add*x_p*x_p*lambda - q_add*x_q*y_q + q_add*x_q*y_p + q_add*x_p*y_q - q_add*x_p*y_p,prime-field-montgomery,element,specialized,p255_bls12_381_scalar,256,8,0x73eda753299d7d483339d80809a1d80553bda402fffe5bfeffffffff00000001,14,16384,6,4,7,2,10,whole-run,fixed,triton-sumcheck-prime-field-montgomery-element-layout-specialized-points,59.164,4.319,0.000,0.000000,0.000,4.319,ok,cuda-sumcheck-prime-field-montgomery-element-layout-specialized-points,5.35133,3.6712,0,0,0,3.6712,ok,true,57996518703695,57996518703695,1.176455,,experiments/h100/sweep/cases/zk_complete_add_1_bw256_r14.log
zk_complete_add_1,q_add*x_q*x_q*lambda - 2*q_add*x_q*x_p*lambda + q_add*x_p*x_p*lambda - q_add*x_q*y_q + q_add*x_q*y_p + q_add*x_p*y_q - q_add*x_p*y_p,prime-field-montgomery,element,specialized,p255_bls12_381_scalar,256,8,0x73eda753299d7d483339d80809a1d80553bda402fffe5bfeffffffff00000001,16,65536,6,4,7,2,10,whole-run,fixed,triton-sumcheck-prime-field-montgomery-element-layout-specialized-points,96.735,8.144,0.000,0.000000,0.000,8.144,ok,cuda-sumcheck-prime-field-montgomery-element-layout-specialized-points,5.79325,4.28042,0,0,0,4.28042,ok,true,70140589766208,70140589766208,1.902617,,experiments/h100/sweep/cases/zk_complete_add_1_bw256_r16.log
zk_complete_add_1,q_add*x_q*x_q*lambda - 2*q_add*x_q*x_p*lambda + q_add*x_p*x_p*lambda - q_add*x_q*y_q + q_add*x_q*y_p + q_add*x_p*y_q - q_add*x_p*y_p,prime-field-montgomery,element,specialized,p255_bls12_381_scalar,256,8,0x73eda753299d7d483339d80809a1d80553bda402fffe5bfeffffffff00000001,18,262144,6,4,7,2,10,whole-run,fixed,triton-sumcheck-prime-field-montgomery-element-layout-specialized-points,99.355,10.632,0.000,0.000000,0.000,10.632,ok,cuda-sumcheck-prime-field-montgomery-element-layout-specialized-points,7.73766,6.1408,0,0,0,6.1408,ok,true,77740439228127,77740439228127,1.731371,,experiments/h100/sweep/cases/zk_complete_add_1_bw256_r18.log
zk_complete_add_1,q_add*x_q*x_q*lambda - 2*q_add*x_q*x_p*lambda + q_add*x_p*x_p*lambda - q_add*x_q*y_q + q_add*x_q*y_p + q_add*x_p*y_q - q_add*x_p*y_p,prime-field-montgomery,element,specialized,p255_bls12_381_scalar,256,8,0x73eda753299d7d483339d80809a1d80553bda402fffe5bfeffffffff00000001,20,1048576,6,4,7,2,10,whole-run,fixed,triton-sumcheck-prime-field-montgomery-element-layout-specialized-points,102.040,14.799,0.000,0.000000,0.000,14.799,ok,cuda-sumcheck-prime-field-montgomery-element-layout-specialized-points,11.9928,10.438,0,0,0,10.438,ok,true,89052187468088,89052187468088,1.417800,,experiments/h100/sweep/cases/zk_complete_add_1_bw256_r20.log
zk_complete_add_1,q_add*x_q*x_q*lambda - 2*q_add*x_q*x_p*lambda + q_add*x_p*x_p*lambda - q_add*x_q*y_q + q_add*x_q*y_p + q_add*x_p*y_q - q_add*x_p*y_p,prime-field-montgomery,element,specialized,p255_bls12_381_scalar,256,8,0x73eda753299d7d483339d80809a1d80553bda402fffe5bfeffffffff00000001,22,4194304,6,4,7,2,10,whole-run,fixed,triton-sumcheck-prime-field-montgomery-element-layout-specialized-points,134.353,29.831,0.000,0.000000,0.000,29.831,ok,cuda-sumcheck-prime-field-montgomery-element-layout-specialized-points,26.8517,25.3052,0,0,0,25.3052,ok,true,96665956790949,96665956790949,1.178849,,experiments/h100/sweep/cases/zk_complete_add_1_bw256_r22.log
zk_complete_add_1,q_add*x_q*x_q*lambda - 2*q_add*x_q*x_p*lambda + q_add*x_p*x_p*lambda - q_add*x_q*y_q + q_add*x_q*y_p + q_add*x_p*y_q - q_add*x_p*y_p,prime-field-montgomery,element,specialized,p255_bls12_381_scalar,256,8,0x73eda753299d7d483339d80809a1d80553bda402fffe5bfeffffffff00000001,24,16777216,6,4,7,2,10,whole-run,fixed,triton-sumcheck-prime-field-montgomery-element-layout-specialized-points,168.671,84.204,0.000,0.000000,0.000,84.204,ok,cuda-sumcheck-prime-field-montgomery-element-layout-specialized-points,83.399,81.8435,0,0,0,81.8435,ok,true,108117630662951,108117630662951,1.028842,,experiments/h100/sweep/cases/zk_complete_add_1_bw256_r24.log
zk_complete_add_1,q_add*x_q*x_q*lambda - 2*q_add*x_q*x_p*lambda + q_add*x_p*x_p*lambda - q_add*x_q*y_q + q_add*x_q*y_p + q_add*x_p*y_q - q_add*x_p*y_p,prime-field-montgomery,element,specialized,p255_bls12_381_scalar,256,8,0x73eda753299d7d483339d80809a1d80553bda402fffe5bfeffffffff00000001,26,67108864,6,4,7,2,10,whole-run,fixed,triton-sumcheck-prime-field-montgomery-element-layout-specialized-points,384.160,299.294,0.000,0.000000,0.000,299.294,ok,cuda-sumcheck-prime-field-montgomery-element-layout-specialized-points,314.187,310.175,0,0,0,310.175,ok,true,116131405668291,116131405668291,0.964920,,experiments/h100/sweep/cases/zk_complete_add_1_bw256_r26.log
zk_complete_add_1,q_add*x_q*x_q*lambda - 2*q_add*x_q*x_p*lambda + q_add*x_p*x_p*lambda - q_add*x_q*y_q + q_add*x_q*y_p + q_add*x_p*y_q - q_add*x_p*y_p,prime-field-montgomery,element,specialized,,256,,,28,268435456,6,4,7,2,10,whole-run,fixed,,,,,,,,skipped,,,,,,,,skipped,skipped,,,,returncode=1,experiments/h100/sweep/cases/zk_complete_add_1_bw256_r28.log
zk_complete_add_2,2*q_add*y_p*lambda - 3*q_add*x_p*x_p - 2*q_add*x_q*y_p*lambda*alpha + 3*q_add*x_q*x_p*x_p*alpha + 2*q_add*x_p*y_p*lambda*alpha - 3*q_add*x_p*x_p*x_p*alpha,prime-field-montgomery,element,specialized,p32_2^32_minus_5,32,1,0xfffffffb,14,16384,6,5,6,2,10,whole-run,fixed,triton-sumcheck-prime-field-montgomery-element-layout-specialized-points,64.195,6.380,0.000,0.000000,0.000,6.380,ok,cuda-sumcheck-prime-field-montgomery-element-layout-specialized-points,2.09517,1.94422,0,0,0,1.94422,ok,true,2311986769469,2311986769469,3.281522,,experiments/h100/sweep/cases/zk_complete_add_2_bw32_r14.log
zk_complete_add_2,2*q_add*y_p*lambda - 3*q_add*x_p*x_p - 2*q_add*x_q*y_p*lambda*alpha + 3*q_add*x_q*x_p*x_p*alpha + 2*q_add*x_p*y_p*lambda*alpha - 3*q_add*x_p*x_p*x_p*alpha,prime-field-montgomery,element,specialized,p32_2^32_minus_5,32,1,0xfffffffb,16,65536,6,5,6,2,10,whole-run,fixed,triton-sumcheck-prime-field-montgomery-element-layout-specialized-points,66.562,8.570,0.000,0.000000,0.000,8.570,ok,cuda-sumcheck-prime-field-montgomery-element-layout-specialized-points,2.74054,2.39814,0,0,0,2.39814,ok,true,2514561558548,2514561558548,3.573603,,experiments/h100/sweep/cases/zk_complete_add_2_bw32_r16.log
zk_complete_add_2,2*q_add*y_p*lambda - 3*q_add*x_p*x_p - 2*q_add*x_q*y_p*lambda*alpha + 3*q_add*x_q*x_p*x_p*alpha + 2*q_add*x_p*y_p*lambda*alpha - 3*q_add*x_p*x_p*x_p*alpha,prime-field-montgomery,element,specialized,p32_2^32_minus_5,32,1,0xfffffffb,18,262144,6,5,6,2,10,whole-run,fixed,triton-sumcheck-prime-field-montgomery-element-layout-specialized-points,68.516,11.328,0.000,0.000000,0.000,11.328,ok,cuda-sumcheck-prime-field-montgomery-element-layout-specialized-points,3.26982,2.93622,0,0,0,2.93622,ok,true,3109936549057,3109936549057,3.858022,,experiments/h100/sweep/cases/zk_complete_add_2_bw32_r18.log
zk_complete_add_2,2*q_add*y_p*lambda - 3*q_add*x_p*x_p - 2*q_add*x_q*y_p*lambda*alpha + 3*q_add*x_q*x_p*x_p*alpha + 2*q_add*x_p*y_p*lambda*alpha - 3*q_add*x_p*x_p*x_p*alpha,prime-field-montgomery,element,specialized,p32_2^32_minus_5,32,1,0xfffffffb,20,1048576,6,5,6,2,10,whole-run,fixed,triton-sumcheck-prime-field-montgomery-element-layout-specialized-points,72.024,14.366,0.000,0.000000,0.000,14.366,ok,cuda-sumcheck-prime-field-montgomery-element-layout-specialized-points,3.93046,3.55542,0,0,0,3.55542,ok,true,3120232100830,3120232100830,4.040592,,experiments/h100/sweep/cases/zk_complete_add_2_bw32_r20.log
zk_complete_add_2,2*q_add*y_p*lambda - 3*q_add*x_p*x_p - 2*q_add*x_q*y_p*lambda*alpha + 3*q_add*x_q*x_p*x_p*alpha + 2*q_add*x_p*y_p*lambda*alpha - 3*q_add*x_p*x_p*x_p*alpha,prime-field-montgomery,element,specialized,p32_2^32_minus_5,32,1,0xfffffffb,22,4194304,6,5,6,2,10,whole-run,fixed,triton-sumcheck-prime-field-montgomery-element-layout-specialized-points,76.186,17.845,0.000,0.000000,0.000,17.845,ok,cuda-sumcheck-prime-field-montgomery-element-layout-specialized-points,5.1816,4.82934,0,0,0,4.82934,ok,true,3742729134846,3742729134846,3.695122,,experiments/h100/sweep/cases/zk_complete_add_2_bw32_r22.log
zk_complete_add_2,2*q_add*y_p*lambda - 3*q_add*x_p*x_p - 2*q_add*x_q*y_p*lambda*alpha + 3*q_add*x_q*x_p*x_p*alpha + 2*q_add*x_p*y_p*lambda*alpha - 3*q_add*x_p*x_p*x_p*alpha,prime-field-montgomery,element,specialized,p32_2^32_minus_5,32,1,0xfffffffb,24,16777216,6,5,6,2,10,whole-run,fixed,triton-sumcheck-prime-field-montgomery-element-layout-specialized-points,82.298,25.713,0.000,0.000000,0.000,25.713,ok,cuda-sumcheck-prime-field-montgomery-element-layout-specialized-points,8.40512,8.09277,0,0,0,8.09277,ok,true,3889061788664,3889061788664,3.177280,,experiments/h100/sweep/cases/zk_complete_add_2_bw32_r24.log
zk_complete_add_2,2*q_add*y_p*lambda - 3*q_add*x_p*x_p - 2*q_add*x_q*y_p*lambda*alpha + 3*q_add*x_q*x_p*x_p*alpha + 2*q_add*x_p*y_p*lambda*alpha - 3*q_add*x_p*x_p*x_p*alpha,prime-field-montgomery,element,specialized,p32_2^32_minus_5,32,1,0xfffffffb,26,67108864,6,5,6,2,10,whole-run,fixed,triton-sumcheck-prime-field-montgomery-element-layout-specialized-points,109.446,54.877,0.000,0.000000,0.000,54.877,ok,cuda-sumcheck-prime-field-montgomery-element-layout-specialized-points,19.259,19.012,0,0,0,19.012,ok,true,4384259090276,4384259090276,2.886440,,experiments/h100/sweep/cases/zk_complete_add_2_bw32_r26.log
zk_complete_add_2,2*q_add*y_p*lambda - 3*q_add*x_p*x_p - 2*q_add*x_q*y_p*lambda*alpha + 3*q_add*x_q*x_p*x_p*alpha + 2*q_add*x_p*y_p*lambda*alpha - 3*q_add*x_p*x_p*x_p*alpha,prime-field-montgomery,element,specialized,p32_2^32_minus_5,32,1,0xfffffffb,28,268435456,6,5,6,2,10,whole-run,fixed,triton-sumcheck-prime-field-montgomery-element-layout-specialized-points,223.647,169.541,0.000,0.000000,0.000,169.541,ok,cuda-sumcheck-prime-field-montgomery-element-layout-specialized-points,61.2959,63.2988,0,0,0,63.2988,ok,true,5025699657927,5025699657927,2.678424,,experiments/h100/sweep/cases/zk_complete_add_2_bw32_r28.log
zk_complete_add_2,2*q_add*y_p*lambda - 3*q_add*x_p*x_p - 2*q_add*x_q*y_p*lambda*alpha + 3*q_add*x_q*x_p*x_p*alpha + 2*q_add*x_p*y_p*lambda*alpha - 3*q_add*x_p*x_p*x_p*alpha,prime-field-montgomery,element,specialized,p64_goldilocks,64,2,0xffffffff00000001,14,16384,6,5,6,2,10,whole-run,fixed,triton-sumcheck-prime-field-montgomery-element-layout-specialized-points,39.635,3.947,0.000,0.000000,0.000,3.947,ok,cuda-sumcheck-prime-field-montgomery-element-layout-specialized-points,2.53168,2.11386,0,0,0,2.11386,ok,true,6899663920825,6899663920825,1.867200,,experiments/h100/sweep/cases/zk_complete_add_2_bw64_r14.log
zk_complete_add_2,2*q_add*y_p*lambda - 3*q_add*x_p*x_p - 2*q_add*x_q*y_p*lambda*alpha + 3*q_add*x_q*x_p*x_p*alpha + 2*q_add*x_p*y_p*lambda*alpha - 3*q_add*x_p*x_p*x_p*alpha,prime-field-montgomery,element,specialized,p64_goldilocks,64,2,0xffffffff00000001,16,65536,6,5,6,2,10,whole-run,fixed,triton-sumcheck-prime-field-montgomery-element-layout-specialized-points,70.827,8.583,0.000,0.000000,0.000,8.583,ok,cuda-sumcheck-prime-field-montgomery-element-layout-specialized-points,2.99686,2.57133,0,0,0,2.57133,ok,true,8140035570771,8140035570771,3.337961,,experiments/h100/sweep/cases/zk_complete_add_2_bw64_r16.log
zk_complete_add_2,2*q_add*y_p*lambda - 3*q_add*x_p*x_p - 2*q_add*x_q*y_p*lambda*alpha + 3*q_add*x_q*x_p*x_p*alpha + 2*q_add*x_p*y_p*lambda*alpha - 3*q_add*x_p*x_p*x_p*alpha,prime-field-montgomery,element,specialized,p64_goldilocks,64,2,0xffffffff00000001,18,262144,6,5,6,2,10,whole-run,fixed,triton-sumcheck-prime-field-montgomery-element-layout-specialized-points,72.989,11.082,0.000,0.000000,0.000,11.082,ok,cuda-sumcheck-prime-field-montgomery-element-layout-specialized-points,3.59011,3.1816,0,0,0,3.1816,ok,true,8989146129483,8989146129483,3.483153,,experiments/h100/sweep/cases/zk_complete_add_2_bw64_r18.log
zk_complete_add_2,2*q_add*y_p*lambda - 3*q_add*x_p*x_p - 2*q_add*x_q*y_p*lambda*alpha + 3*q_add*x_q*x_p*x_p*alpha + 2*q_add*x_p*y_p*lambda*alpha - 3*q_add*x_p*x_p*x_p*alpha,prime-field-montgomery,element,specialized,p64_goldilocks,64,2,0xffffffff00000001,20,1048576,6,5,6,2,10,whole-run,fixed,triton-sumcheck-prime-field-montgomery-element-layout-specialized-points,76.531,14.382,0.000,0.000000,0.000,14.382,ok,cuda-sumcheck-prime-field-montgomery-element-layout-specialized-points,4.6207,4.2345,0,0,0,4.2345,ok,true,10437560870269,10437560870269,3.396387,,experiments/h100/sweep/cases/zk_complete_add_2_bw64_r20.log
zk_complete_add_2,2*q_add*y_p*lambda - 3*q_add*x_p*x_p - 2*q_add*x_q*y_p*lambda*alpha + 3*q_add*x_q*x_p*x_p*alpha + 2*q_add*x_p*y_p*lambda*alpha - 3*q_add*x_p*x_p*x_p*alpha,prime-field-montgomery,element,specialized,p64_goldilocks,64,2,0xffffffff00000001,22,4194304,6,5,6,2,10,whole-run,fixed,triton-sumcheck-prime-field-montgomery-element-layout-specialized-points,91.853,20.121,0.000,0.000000,0.000,20.121,ok,cuda-sumcheck-prime-field-montgomery-element-layout-specialized-points,8.46845,7.73776,0,0,0,7.73776,ok,true,11300707749851,11300707749851,2.600365,,experiments/h100/sweep/cases/zk_complete_add_2_bw64_r22.log
zk_complete_add_2,2*q_add*y_p*lambda - 3*q_add*x_p*x_p - 2*q_add*x_q*y_p*lambda*alpha + 3*q_add*x_q*x_p*x_p*alpha + 2*q_add*x_p*y_p*lambda*alpha - 3*q_add*x_p*x_p*x_p*alpha,prime-field-montgomery,element,specialized,p64_goldilocks,64,2,0xffffffff00000001,24,16777216,6,5,6,2,10,whole-run,fixed,triton-sumcheck-prime-field-montgomery-element-layout-specialized-points,92.201,30.163,0.000,0.000000,0.000,30.163,ok,cuda-sumcheck-prime-field-montgomery-element-layout-specialized-points,14.7154,14.4889,0,0,0,14.4889,ok,true,11783329039638,11783329039638,2.081801,,experiments/h100/sweep/cases/zk_complete_add_2_bw64_r24.log
zk_complete_add_2,2*q_add*y_p*lambda - 3*q_add*x_p*x_p - 2*q_add*x_q*y_p*lambda*alpha + 3*q_add*x_q*x_p*x_p*alpha + 2*q_add*x_p*y_p*lambda*alpha - 3*q_add*x_p*x_p*x_p*alpha,prime-field-montgomery,element,specialized,p64_goldilocks,64,2,0xffffffff00000001,26,67108864,6,5,6,2,10,whole-run,fixed,triton-sumcheck-prime-field-montgomery-element-layout-specialized-points,133.783,73.226,0.000,0.000000,0.000,73.226,ok,cuda-sumcheck-prime-field-montgomery-element-layout-specialized-points,42.374,43.1504,0,0,0,43.1504,ok,true,13101296564044,13101296564044,1.696995,,experiments/h100/sweep/cases/zk_complete_add_2_bw64_r26.log
zk_complete_add_2,2*q_add*y_p*lambda - 3*q_add*x_p*x_p - 2*q_add*x_q*y_p*lambda*alpha + 3*q_add*x_q*x_p*x_p*alpha + 2*q_add*x_p*y_p*lambda*alpha - 3*q_add*x_p*x_p*x_p*alpha,prime-field-montgomery,element,specialized,p64_goldilocks,64,2,0xffffffff00000001,28,268435456,6,5,6,2,10,whole-run,fixed,triton-sumcheck-prime-field-montgomery-element-layout-specialized-points,300.163,244.207,0.000,0.000000,0.000,244.207,ok,cuda-sumcheck-prime-field-montgomery-element-layout-specialized-points,157.718,168.108,0,0,0,168.108,ok,true,13212675969090,13212675969090,1.452679,,experiments/h100/sweep/cases/zk_complete_add_2_bw64_r28.log
zk_complete_add_2,2*q_add*y_p*lambda - 3*q_add*x_p*x_p - 2*q_add*x_q*y_p*lambda*alpha + 3*q_add*x_q*x_p*x_p*alpha + 2*q_add*x_p*y_p*lambda*alpha - 3*q_add*x_p*x_p*x_p*alpha,prime-field-montgomery,element,specialized,p128_mersenne_2^127_minus_1,128,4,0x7fffffffffffffffffffffffffffffff,14,16384,6,5,6,2,10,whole-run,fixed,triton-sumcheck-prime-field-montgomery-element-layout-specialized-points,80.064,6.414,0.000,0.000000,0.000,6.414,ok,cuda-sumcheck-prime-field-montgomery-element-layout-specialized-points,3.65379,2.63923,0,0,0,2.63923,ok,true,18353972630513,18353972630513,2.430254,,experiments/h100/sweep/cases/zk_complete_add_2_bw128_r14.log
zk_complete_add_2,2*q_add*y_p*lambda - 3*q_add*x_p*x_p - 2*q_add*x_q*y_p*lambda*alpha + 3*q_add*x_q*x_p*x_p*alpha + 2*q_add*x_p*y_p*lambda*alpha - 3*q_add*x_p*x_p*x_p*alpha,prime-field-montgomery,element,specialized,p128_mersenne_2^127_minus_1,128,4,0x7fffffffffffffffffffffffffffffff,16,65536,6,5,6,2,10,whole-run,fixed,triton-sumcheck-prime-field-montgomery-element-layout-specialized-points,83.301,8.602,0.000,0.000000,0.000,8.602,ok,cuda-sumcheck-prime-field-montgomery-element-layout-specialized-points,3.7224,3.05062,0,0,0,3.05062,ok,true,21131633611062,21131633611062,2.819755,,experiments/h100/sweep/cases/zk_complete_add_2_bw128_r16.log
zk_complete_add_2,2*q_add*y_p*lambda - 3*q_add*x_p*x_p - 2*q_add*x_q*y_p*lambda*alpha + 3*q_add*x_q*x_p*x_p*alpha + 2*q_add*x_p*y_p*lambda*alpha - 3*q_add*x_p*x_p*x_p*alpha,prime-field-montgomery,element,specialized,p128_mersenne_2^127_minus_1,128,4,0x7fffffffffffffffffffffffffffffff,18,262144,6,5,6,2,10,whole-run,fixed,triton-sumcheck-prime-field-montgomery-element-layout-specialized-points,85.245,11.127,0.000,0.000000,0.000,11.127,ok,cuda-sumcheck-prime-field-montgomery-element-layout-specialized-points,5.16822,4.18941,0,0,0,4.18941,ok,true,24390322774896,24390322774896,2.655983,,experiments/h100/sweep/cases/zk_complete_add_2_bw128_r18.log
zk_complete_add_2,2*q_add*y_p*lambda - 3*q_add*x_p*x_p - 2*q_add*x_q*y_p*lambda*alpha + 3*q_add*x_q*x_p*x_p*alpha + 2*q_add*x_p*y_p*lambda*alpha - 3*q_add*x_p*x_p*x_p*alpha,prime-field-montgomery,element,specialized,p128_mersenne_2^127_minus_1,128,4,0x7fffffffffffffffffffffffffffffff,20,1048576,6,5,6,2,10,whole-run,fixed,triton-sumcheck-prime-field-montgomery-element-layout-specialized-points,90.013,14.561,0.000,0.000000,0.000,14.561,ok,cuda-sumcheck-prime-field-montgomery-element-layout-specialized-points,7.11619,6.14029,0,0,0,6.14029,ok,true,26400039507855,26400039507855,2.371386,,experiments/h100/sweep/cases/zk_complete_add_2_bw128_r20.log
zk_complete_add_2,2*q_add*y_p*lambda - 3*q_add*x_p*x_p - 2*q_add*x_q*y_p*lambda*alpha + 3*q_add*x_q*x_p*x_p*alpha + 2*q_add*x_p*y_p*lambda*alpha - 3*q_add*x_p*x_p*x_p*alpha,prime-field-montgomery,element,specialized,p128_mersenne_2^127_minus_1,128,4,0x7fffffffffffffffffffffffffffffff,22,4194304,6,5,6,2,10,whole-run,fixed,triton-sumcheck-prime-field-montgomery-element-layout-specialized-points,95.818,21.946,0.000,0.000000,0.000,21.946,ok,cuda-sumcheck-prime-field-montgomery-element-layout-specialized-points,12.8176,11.8185,0,0,0,11.8185,ok,true,30061543046041,30061543046041,1.856919,,experiments/h100/sweep/cases/zk_complete_add_2_bw128_r22.log
zk_complete_add_2,2*q_add*y_p*lambda - 3*q_add*x_p*x_p - 2*q_add*x_q*y_p*lambda*alpha + 3*q_add*x_q*x_p*x_p*alpha + 2*q_add*x_p*y_p*lambda*alpha - 3*q_add*x_p*x_p*x_p*alpha,prime-field-montgomery,element,specialized,p128_mersenne_2^127_minus_1,128,4,0x7fffffffffffffffffffffffffffffff,24,16777216,6,5,6,2,10,whole-run,fixed,triton-sumcheck-prime-field-montgomery-element-layout-specialized-points,121.312,48.623,0.000,0.000000,0.000,48.623,ok,cuda-sumcheck-prime-field-montgomery-element-layout-specialized-points,33.4703,32.4431,0,0,0,32.4431,ok,true,31908048759158,31908048759158,1.498716,,experiments/h100/sweep/cases/zk_complete_add_2_bw128_r24.log
zk_complete_add_2,2*q_add*y_p*lambda - 3*q_add*x_p*x_p - 2*q_add*x_q*y_p*lambda*alpha + 3*q_add*x_q*x_p*x_p*alpha + 2*q_add*x_p*y_p*lambda*alpha - 3*q_add*x_p*x_p*x_p*alpha,prime-field-montgomery,element,specialized,p128_mersenne_2^127_minus_1,128,4,0x7fffffffffffffffffffffffffffffff,26,67108864,6,5,6,2,10,whole-run,fixed,triton-sumcheck-prime-field-montgomery-element-layout-specialized-points,221.549,151.090,0.000,0.000000,0.000,151.090,ok,cuda-sumcheck-prime-field-montgomery-element-layout-specialized-points,113.432,112.449,0,0,0,112.449,ok,true,34192760741100,34192760741100,1.343631,,experiments/h100/sweep/cases/zk_complete_add_2_bw128_r26.log
zk_complete_add_2,2*q_add*y_p*lambda - 3*q_add*x_p*x_p - 2*q_add*x_q*y_p*lambda*alpha + 3*q_add*x_q*x_p*x_p*alpha + 2*q_add*x_p*y_p*lambda*alpha - 3*q_add*x_p*x_p*x_p*alpha,prime-field-montgomery,element,specialized,p128_mersenne_2^127_minus_1,128,4,0x7fffffffffffffffffffffffffffffff,28,268435456,6,5,6,2,10,whole-run,fixed,triton-sumcheck-prime-field-montgomery-element-layout-specialized-points,594.801,551.606,0.000,0.000000,0.000,551.606,ok,cuda-sumcheck-prime-field-montgomery-element-layout-specialized-points,430.468,429.491,0,0,0,429.491,ok,true,37689283770801,37689283770801,1.284325,,experiments/h100/sweep/cases/zk_complete_add_2_bw128_r28.log
zk_complete_add_2,2*q_add*y_p*lambda - 3*q_add*x_p*x_p - 2*q_add*x_q*y_p*lambda*alpha + 3*q_add*x_q*x_p*x_p*alpha + 2*q_add*x_p*y_p*lambda*alpha - 3*q_add*x_p*x_p*x_p*alpha,prime-field-montgomery,element,specialized,p255_bls12_381_scalar,256,8,0x73eda753299d7d483339d80809a1d80553bda402fffe5bfeffffffff00000001,14,16384,6,5,6,2,10,whole-run,fixed,triton-sumcheck-prime-field-montgomery-element-layout-specialized-points,121.319,8.225,0.000,0.000000,0.000,8.225,ok,cuda-sumcheck-prime-field-montgomery-element-layout-specialized-points,7.80195,5.34317,0,0,0,5.34317,ok,true,74624248839335,74624248839335,1.539348,,experiments/h100/sweep/cases/zk_complete_add_2_bw256_r14.log
zk_complete_add_2,2*q_add*y_p*lambda - 3*q_add*x_p*x_p - 2*q_add*x_q*y_p*lambda*alpha + 3*q_add*x_q*x_p*x_p*alpha + 2*q_add*x_p*y_p*lambda*alpha - 3*q_add*x_p*x_p*x_p*alpha,prime-field-montgomery,element,specialized,p255_bls12_381_scalar,256,8,0x73eda753299d7d483339d80809a1d80553bda402fffe5bfeffffffff00000001,16,65536,6,5,6,2,10,whole-run,fixed,triton-sumcheck-prime-field-montgomery-element-layout-specialized-points,122.948,10.295,0.000,0.000000,0.000,10.295,ok,cuda-sumcheck-prime-field-montgomery-element-layout-specialized-points,8.73014,6.37555,0,0,0,6.37555,ok,true,83103942471017,83103942471017,1.614763,,experiments/h100/sweep/cases/zk_complete_add_2_bw256_r16.log
zk_complete_add_2,2*q_add*y_p*lambda - 3*q_add*x_p*x_p - 2*q_add*x_q*y_p*lambda*alpha + 3*q_add*x_q*x_p*x_p*alpha + 2*q_add*x_p*y_p*lambda*alpha - 3*q_add*x_p*x_p*x_p*alpha,prime-field-montgomery,element,specialized,p255_bls12_381_scalar,256,8,0x73eda753299d7d483339d80809a1d80553bda402fffe5bfeffffffff00000001,18,262144,6,5,6,2,10,whole-run,fixed,triton-sumcheck-prime-field-montgomery-element-layout-specialized-points,128.417,13.613,0.000,0.000000,0.000,13.613,ok,cuda-sumcheck-prime-field-montgomery-element-layout-specialized-points,11.6172,9.23792,0,0,0,9.23792,ok,true,97478495718266,97478495718266,1.473600,,experiments/h100/sweep/cases/zk_complete_add_2_bw256_r18.log
zk_complete_add_2,2*q_add*y_p*lambda - 3*q_add*x_p*x_p - 2*q_add*x_q*y_p*lambda*alpha + 3*q_add*x_q*x_p*x_p*alpha + 2*q_add*x_p*y_p*lambda*alpha - 3*q_add*x_p*x_p*x_p*alpha,prime-field-montgomery,element,specialized,p255_bls12_381_scalar,256,8,0x73eda753299d7d483339d80809a1d80553bda402fffe5bfeffffffff00000001,20,1048576,6,5,6,2,10,whole-run,fixed,triton-sumcheck-prime-field-montgomery-element-layout-specialized-points,131.710,20.124,0.000,0.000000,0.000,20.124,ok,cuda-sumcheck-prime-field-montgomery-element-layout-specialized-points,18.1967,15.8268,0,0,0,15.8268,ok,true,103057991298509,103057991298509,1.271514,,experiments/h100/sweep/cases/zk_complete_add_2_bw256_r20.log
zk_complete_add_2,2*q_add*y_p*lambda - 3*q_add*x_p*x_p - 2*q_add*x_q*y_p*lambda*alpha + 3*q_add*x_q*x_p*x_p*alpha + 2*q_add*x_p*y_p*lambda*alpha - 3*q_add*x_p*x_p*x_p*alpha,prime-field-montgomery,element,specialized,p255_bls12_381_scalar,256,8,0x73eda753299d7d483339d80809a1d80553bda402fffe5bfeffffffff00000001,22,4194304,6,5,6,2,10,whole-run,fixed,triton-sumcheck-prime-field-montgomery-element-layout-specialized-points,154.693,44.274,0.000,0.000000,0.000,44.274,ok,cuda-sumcheck-prime-field-montgomery-element-layout-specialized-points,41.2818,38.8481,0,0,0,38.8481,ok,true,114473208254587,114473208254587,1.139670,,experiments/h100/sweep/cases/zk_complete_add_2_bw256_r22.log
zk_complete_add_2,2*q_add*y_p*lambda - 3*q_add*x_p*x_p - 2*q_add*x_q*y_p*lambda*alpha + 3*q_add*x_q*x_p*x_p*alpha + 2*q_add*x_p*y_p*lambda*alpha - 3*q_add*x_p*x_p*x_p*alpha,prime-field-montgomery,element,specialized,p255_bls12_381_scalar,256,8,0x73eda753299d7d483339d80809a1d80553bda402fffe5bfeffffffff00000001,24,16777216,6,5,6,2,10,whole-run,fixed,triton-sumcheck-prime-field-montgomery-element-layout-specialized-points,241.731,132.280,0.000,0.000000,0.000,132.280,ok,cuda-sumcheck-prime-field-montgomery-element-layout-specialized-points,129.261,127.055,0,0,0,127.055,ok,true,130119393826630,130119393826630,1.041124,,experiments/h100/sweep/cases/zk_complete_add_2_bw256_r24.log
zk_complete_add_2,2*q_add*y_p*lambda - 3*q_add*x_p*x_p - 2*q_add*x_q*y_p*lambda*alpha + 3*q_add*x_q*x_p*x_p*alpha + 2*q_add*x_p*y_p*lambda*alpha - 3*q_add*x_p*x_p*x_p*alpha,prime-field-montgomery,element,specialized,p255_bls12_381_scalar,256,8,0x73eda753299d7d483339d80809a1d80553bda402fffe5bfeffffffff00000001,26,67108864,6,5,6,2,10,whole-run,fixed,triton-sumcheck-prime-field-montgomery-element-layout-specialized-points,586.015,474.617,0.000,0.000000,0.000,474.617,ok,cuda-sumcheck-prime-field-montgomery-element-layout-specialized-points,482.314,475.387,0,0,0,475.387,ok,true,140202653152965,140202653152965,0.998380,,experiments/h100/sweep/cases/zk_complete_add_2_bw256_r26.log
zk_complete_add_2,2*q_add*y_p*lambda - 3*q_add*x_p*x_p - 2*q_add*x_q*y_p*lambda*alpha + 3*q_add*x_q*x_p*x_p*alpha + 2*q_add*x_p*y_p*lambda*alpha - 3*q_add*x_p*x_p*x_p*alpha,prime-field-montgomery,element,specialized,,256,,,28,268435456,6,5,6,2,10,whole-run,fixed,,,,,,,,skipped,,,,,,,,skipped,skipped,,,,returncode=1,experiments/h100/sweep/cases/zk_complete_add_2_bw256_r28.log
zk_complete_add_3,q_add*x_p*x_q*x_q*lambda*lambda - q_add*x_p*x_q*x_q*x_q - q_add*x_p*x_q*x_q*x_r - q_add*x_p*x_p*x_q*x_q - q_add*x_p*x_p*x_q*lambda*lambda + q_add*x_p*x_p*x_p*x_q + q_add*x_p*x_p*x_q*x_r + q_add*x_p*x_p*x_q*x_q,prime-field-montgomery,element,specialized,p32_2^32_minus_5,32,1,0xfffffffb,14,16384,5,6,8,2,10,whole-run,fixed,triton-sumcheck-prime-field-montgomery-element-layout-specialized-points,74.752,8.413,0.000,0.000000,0.000,8.413,ok,cuda-sumcheck-prime-field-montgomery-element-layout-specialized-points,2.59792,2.29894,0,0,0,2.29894,ok,true,2862121006446,2862121006446,3.659513,,experiments/h100/sweep/cases/zk_complete_add_3_bw32_r14.log
zk_complete_add_3,q_add*x_p*x_q*x_q*lambda*lambda - q_add*x_p*x_q*x_q*x_q - q_add*x_p*x_q*x_q*x_r - q_add*x_p*x_p*x_q*x_q - q_add*x_p*x_p*x_q*lambda*lambda + q_add*x_p*x_p*x_p*x_q + q_add*x_p*x_p*x_q*x_r + q_add*x_p*x_p*x_q*x_q,prime-field-montgomery,element,specialized,p32_2^32_minus_5,32,1,0xfffffffb,16,65536,5,6,8,2,10,whole-run,fixed,triton-sumcheck-prime-field-montgomery-element-layout-specialized-points,69.752,9.891,0.000,0.000000,0.000,9.891,ok,cuda-sumcheck-prime-field-montgomery-element-layout-specialized-points,3.12381,2.77923,0,0,0,2.77923,ok,true,2848653561533,2848653561533,3.558899,,experiments/h100/sweep/cases/zk_complete_add_3_bw32_r16.log
zk_complete_add_3,q_add*x_p*x_q*x_q*lambda*lambda - q_add*x_p*x_q*x_q*x_q - q_add*x_p*x_q*x_q*x_r - q_add*x_p*x_p*x_q*x_q - q_add*x_p*x_p*x_q*lambda*lambda + q_add*x_p*x_p*x_p*x_q + q_add*x_p*x_p*x_q*x_r + q_add*x_p*x_p*x_q*x_q,prime-field-montgomery,element,specialized,p32_2^32_minus_5,32,1,0xfffffffb,18,262144,5,6,8,2,10,whole-run,fixed,triton-sumcheck-prime-field-montgomery-element-layout-specialized-points,72.462,12.710,0.000,0.000000,0.000,12.710,ok,cuda-sumcheck-prime-field-montgomery-element-layout-specialized-points,3.74045,3.35331,0,0,0,3.35331,ok,true,3567736231150,3567736231150,3.790285,,experiments/h100/sweep/cases/zk_complete_add_3_bw32_r18.log
zk_complete_add_3,q_add*x_p*x_q*x_q*lambda*lambda - q_add*x_p*x_q*x_q*x_q - q_add*x_p*x_q*x_q*x_r - q_add*x_p*x_p*x_q*x_q - q_add*x_p*x_p*x_q*lambda*lambda + q_add*x_p*x_p*x_p*x_q + q_add*x_p*x_p*x_q*x_r + q_add*x_p*x_p*x_q*x_q,prime-field-montgomery,element,specialized,p32_2^32_minus_5,32,1,0xfffffffb,20,1048576,5,6,8,2,10,whole-run,fixed,triton-sumcheck-prime-field-montgomery-element-layout-specialized-points,76.536,16.468,0.000,0.000000,0.000,16.468,ok,cuda-sumcheck-prime-field-montgomery-element-layout-specialized-points,4.71933,4.25187,0,0,0,4.25187,ok,true,3866217322591,3866217322591,3.873119,,experiments/h100/sweep/cases/zk_complete_add_3_bw32_r20.log
zk_complete_add_3,q_add*x_p*x_q*x_q*lambda*lambda - q_add*x_p*x_q*x_q*x_q - q_add*x_p*x_q*x_q*x_r - q_add*x_p*x_p*x_q*x_q - q_add*x_p*x_p*x_q*lambda*lambda + q_add*x_p*x_p*x_p*x_q + q_add*x_p*x_p*x_q*x_r + q_add*x_p*x_p*x_q*x_q,prime-field-montgomery,element,specialized,p32_2^32_minus_5,32,1,0xfffffffb,22,4194304,5,6,8,2,10,whole-run,fixed,triton-sumcheck-prime-field-montgomery-element-layout-specialized-points,80.644,20.718,0.000,0.000000,0.000,20.718,ok,cuda-sumcheck-prime-field-montgomery-element-layout-specialized-points,5.832,5.45181,0,0,0,5.45181,ok,true,4099413798753,4099413798753,3.800206,,experiments/h100/sweep/cases/zk_complete_add_3_bw32_r22.log
zk_complete_add_3,q_add*x_p*x_q*x_q*lambda*lambda - q_add*x_p*x_q*x_q*x_q - q_add*x_p*x_q*x_q*x_r - q_add*x_p*x_p*x_q*x_q - q_add*x_p*x_p*x_q*lambda*lambda + q_add*x_p*x_p*x_p*x_q + q_add*x_p*x_p*x_q*x_r + q_add*x_p*x_p*x_q*x_q,prime-field-montgomery,element,specialized,p32_2^32_minus_5,32,1,0xfffffffb,24,16777216,5,6,8,2,10,whole-run,fixed,triton-sumcheck-prime-field-montgomery-element-layout-specialized-points,88.043,29.472,0.000,0.000000,0.000,29.472,ok,cuda-sumcheck-prime-field-montgomery-element-layout-specialized-points,9.2263,8.86726,0,0,0,8.86726,ok,true,4496078752126,4496078752126,3.323687,,experiments/h100/sweep/cases/zk_complete_add_3_bw32_r24.log
zk_complete_add_3,q_add*x_p*x_q*x_q*lambda*lambda - q_add*x_p*x_q*x_q*x_q - q_add*x_p*x_q*x_q*x_r - q_add*x_p*x_p*x_q*x_q - q_add*x_p*x_p*x_q*lambda*lambda + q_add*x_p*x_p*x_p*x_q + q_add*x_p*x_p*x_q*x_r + q_add*x_p*x_p*x_q*x_q,prime-field-montgomery,element,specialized,p32_2^32_minus_5,32,1,0xfffffffb,26,67108864,5,6,8,2,10,whole-run,fixed,triton-sumcheck-prime-field-montgomery-element-layout-specialized-points,118.950,62.549,0.000,0.000000,0.000,62.549,ok,cuda-sumcheck-prime-field-montgomery-element-layout-specialized-points,20.0281,19.6968,0,0,0,19.6968,ok,true,5116907679325,5116907679325,3.175592,,experiments/h100/sweep/cases/zk_complete_add_3_bw32_r26.log
zk_complete_add_3,q_add*x_p*x_q*x_q*lambda*lambda - q_add*x_p*x_q*x_q*x_q - q_add*x_p*x_q*x_q*x_r - q_add*x_p*x_p*x_q*x_q - q_add*x_p*x_p*x_q*lambda*lambda + q_add*x_p*x_p*x_p*x_q + q_add*x_p*x_p*x_q*x_r + q_add*x_p*x_p*x_q*x_q,prime-field-montgomery,element,specialized,p32_2^32_minus_5,32,1,0xfffffffb,28,268435456,5,6,8,2,10,whole-run,fixed,triton-sumcheck-prime-field-montgomery-element-layout-specialized-points,243.959,187.522,0.000,0.000000,0.000,187.522,ok,cuda-sumcheck-prime-field-montgomery-element-layout-specialized-points,61.3363,63.7641,0,0,0,63.7641,ok,true,5021912013898,5021912013898,2.940871,,experiments/h100/sweep/cases/zk_complete_add_3_bw32_r28.log
zk_complete_add_3,q_add*x_p*x_q*x_q*lambda*lambda - q_add*x_p*x_q*x_q*x_q - q_add*x_p*x_q*x_q*x_r - q_add*x_p*x_p*x_q*x_q - q_add*x_p*x_p*x_q*lambda*lambda + q_add*x_p*x_p*x_p*x_q + q_add*x_p*x_p*x_q*x_r + q_add*x_p*x_p*x_q*x_q,prime-field-montgomery,element,specialized,p64_goldilocks,64,2,0xffffffff00000001,14,16384,5,6,8,2,10,whole-run,fixed,triton-sumcheck-prime-field-montgomery-element-layout-specialized-points,72.225,7.354,0.000,0.000000,0.000,7.354,ok,cuda-sumcheck-prime-field-montgomery-element-layout-specialized-points,3.04106,2.5009,0,0,0,2.5009,ok,true,7833199395112,7833199395112,2.940541,,experiments/h100/sweep/cases/zk_complete_add_3_bw64_r14.log
zk_complete_add_3,q_add*x_p*x_q*x_q*lambda*lambda - q_add*x_p*x_q*x_q*x_q - q_add*x_p*x_q*x_q*x_r - q_add*x_p*x_p*x_q*x_q - q_add*x_p*x_p*x_q*lambda*lambda + q_add*x_p*x_p*x_p*x_q + q_add*x_p*x_p*x_q*x_r + q_add*x_p*x_p*x_q*x_q,prime-field-montgomery,element,specialized,p64_goldilocks,64,2,0xffffffff00000001,16,65536,5,6,8,2,10,whole-run,fixed,triton-sumcheck-prime-field-montgomery-element-layout-specialized-points,74.488,10.329,0.000,0.000000,0.000,10.329,ok,cuda-sumcheck-prime-field-montgomery-element-layout-specialized-points,3.6816,3.17379,0,0,0,3.17379,ok,true,9691694050584,9691694050584,3.254469,,experiments/h100/sweep/cases/zk_complete_add_3_bw64_r16.log
zk_complete_add_3,q_add*x_p*x_q*x_q*lambda*lambda - q_add*x_p*x_q*x_q*x_q - q_add*x_p*x_q*x_q*x_r - q_add*x_p*x_p*x_q*x_q - q_add*x_p*x_p*x_q*lambda*lambda + q_add*x_p*x_p*x_p*x_q + q_add*x_p*x_p*x_q*x_r + q_add*x_p*x_p*x_q*x_q,prime-field-montgomery,element,specialized,p64_goldilocks,64,2,0xffffffff00000001,18,262144,5,6,8,2,10,whole-run,fixed,triton-sumcheck-prime-field-montgomery-element-layout-specialized-points,82.339,12.761,0.000,0.000000,0.000,12.761,ok,cuda-sumcheck-prime-field-montgomery-element-layout-specialized-points,4.48157,3.95498,0,0,0,3.95498,ok,true,11349267643376,11349267643376,3.226565,,experiments/h100/sweep/cases/zk_complete_add_3_bw64_r18.log
zk_complete_add_3,q_add*x_p*x_q*x_q*lambda*lambda - q_add*x_p*x_q*x_q*x_q - q_add*x_p*x_q*x_q*x_r - q_add*x_p*x_p*x_q*x_q - q_add*x_p*x_p*x_q*lambda*lambda + q_add*x_p*x_p*x_p*x_q + q_add*x_p*x_p*x_q*x_r + q_add*x_p*x_p*x_q*x_q,prime-field-montgomery,element,specialized,p64_goldilocks,64,2,0xffffffff00000001,20,1048576,5,6,8,2,10,whole-run,fixed,triton-sumcheck-prime-field-montgomery-element-layout-specialized-points,46.480,9.356,0.000,0.000000,0.000,9.356,ok,cuda-sumcheck-prime-field-montgomery-element-layout-specialized-points,5.72954,5.26269,0,0,0,5.26269,ok,true,11707574445021,11707574445021,1.777798,,experiments/h100/sweep/cases/zk_complete_add_3_bw64_r20.log
zk_complete_add_3,q_add*x_p*x_q*x_q*lambda*lambda - q_add*x_p*x_q*x_q*x_q - q_add*x_p*x_q*x_q*x_r - q_add*x_p*x_p*x_q*x_q - q_add*x_p*x_p*x_q*lambda*lambda + q_add*x_p*x_p*x_p*x_q + q_add*x_p*x_p*x_q*x_r + q_add*x_p*x_p*x_q*x_q,prime-field-montgomery,element,specialized,p64_goldilocks,64,2,0xffffffff00000001,22,4194304,5,6,8,2,10,whole-run,fixed,triton-sumcheck-prime-field-montgomery-element-layout-specialized-points,86.160,21.064,0.000,0.000000,0.000,21.064,ok,cuda-sumcheck-prime-field-montgomery-element-layout-specialized-points,8.87696,8.452,0,0,0,8.452,ok,true,12927710177148,12927710177148,2.492191,,experiments/h100/sweep/cases/zk_complete_add_3_bw64_r22.log
zk_complete_add_3,q_add*x_p*x_q*x_q*lambda*lambda - q_add*x_p*x_q*x_q*x_q - q_add*x_p*x_q*x_q*x_r - q_add*x_p*x_p*x_q*x_q - q_add*x_p*x_p*x_q*lambda*lambda + q_add*x_p*x_p*x_p*x_q + q_add*x_p*x_p*x_q*x_r + q_add*x_p*x_p*x_q*x_q,prime-field-montgomery,element,specialized,p64_goldilocks,64,2,0xffffffff00000001,24,16777216,5,6,8,2,10,whole-run,fixed,triton-sumcheck-prime-field-montgomery-element-layout-specialized-points,95.955,33.233,0.000,0.000000,0.000,33.233,ok,cuda-sumcheck-prime-field-montgomery-element-layout-specialized-points,19.5365,19.1316,0,0,0,19.1316,ok,true,14369441442772,14369441442772,1.737074,,experiments/h100/sweep/cases/zk_complete_add_3_bw64_r24.log
zk_complete_add_3,q_add*x_p*x_q*x_q*lambda*lambda - q_add*x_p*x_q*x_q*x_q - q_add*x_p*x_q*x_q*x_r - q_add*x_p*x_p*x_q*x_q - q_add*x_p*x_p*x_q*lambda*lambda + q_add*x_p*x_p*x_p*x_q + q_add*x_p*x_p*x_q*x_r + q_add*x_p*x_p*x_q*x_q,prime-field-montgomery,element,specialized,p64_goldilocks,64,2,0xffffffff00000001,26,67108864,5,6,8,2,10,whole-run,fixed,triton-sumcheck-prime-field-montgomery-element-layout-specialized-points,138.234,78.406,0.000,0.000000,0.000,78.406,ok,cuda-sumcheck-prime-field-montgomery-element-layout-specialized-points,59.3633,58.7681,0,0,0,58.7681,ok,true,15836362024756,15836362024756,1.334159,,experiments/h100/sweep/cases/zk_complete_add_3_bw64_r26.log
zk_complete_add_3,q_add*x_p*x_q*x_q*lambda*lambda - q_add*x_p*x_q*x_q*x_q - q_add*x_p*x_q*x_q*x_r - q_add*x_p*x_p*x_q*x_q - q_add*x_p*x_p*x_q*lambda*lambda + q_add*x_p*x_p*x_p*x_q + q_add*x_p*x_p*x_q*x_r + q_add*x_p*x_p*x_q*x_q,prime-field-montgomery,element,specialized,p64_goldilocks,64,2,0xffffffff00000001,28,268435456,5,6,8,2,10,whole-run,fixed,triton-sumcheck-prime-field-montgomery-element-layout-specialized-points,316.958,248.648,0.000,0.000000,0.000,248.648,ok,cuda-sumcheck-prime-field-montgomery-element-layout-specialized-points,217.078,224.715,0,0,0,224.715,ok,true,15851002772371,15851002772371,1.106504,,experiments/h100/sweep/cases/zk_complete_add_3_bw64_r28.log
zk_complete_add_3,q_add*x_p*x_q*x_q*lambda*lambda - q_add*x_p*x_q*x_q*x_q - q_add*x_p*x_q*x_q*x_r - q_add*x_p*x_p*x_q*x_q - q_add*x_p*x_p*x_q*lambda*lambda + q_add*x_p*x_p*x_p*x_q + q_add*x_p*x_p*x_q*x_r + q_add*x_p*x_p*x_q*x_q,prime-field-montgomery,element,specialized,p128_mersenne_2^127_minus_1,128,4,0x7fffffffffffffffffffffffffffffff,14,16384,5,6,8,2,10,whole-run,fixed,triton-sumcheck-prime-field-montgomery-element-layout-specialized-points,50.149,4.753,0.000,0.000000,0.000,4.753,ok,cuda-sumcheck-prime-field-montgomery-element-layout-specialized-points,5.04083,3.57798,0,0,0,3.57798,ok,true,22651562390834,22651562390834,1.328403,,experiments/h100/sweep/cases/zk_complete_add_3_bw128_r14.log
zk_complete_add_3,q_add*x_p*x_q*x_q*lambda*lambda - q_add*x_p*x_q*x_q*x_q - q_add*x_p*x_q*x_q*x_r - q_add*x_p*x_p*x_q*x_q - q_add*x_p*x_p*x_q*lambda*lambda + q_add*x_p*x_p*x_p*x_q + q_add*x_p*x_p*x_q*x_r + q_add*x_p*x_p*x_q*x_q,prime-field-montgomery,element,specialized,p128_mersenne_2^127_minus_1,128,4,0x7fffffffffffffffffffffffffffffff,16,65536,5,6,8,2,10,whole-run,fixed,triton-sumcheck-prime-field-montgomery-element-layout-specialized-points,51.455,6.217,0.000,0.000000,0.000,6.217,ok,cuda-sumcheck-prime-field-montgomery-element-layout-specialized-points,5.66704,4.31779,0,0,0,4.31779,ok,true,24711322735060,24711322735060,1.439857,,experiments/h100/sweep/cases/zk_complete_add_3_bw128_r16.log
zk_complete_add_3,q_add*x_p*x_q*x_q*lambda*lambda - q_add*x_p*x_q*x_q*x_q - q_add*x_p*x_q*x_q*x_r - q_add*x_p*x_p*x_q*x_q - q_add*x_p*x_p*x_q*lambda*lambda + q_add*x_p*x_p*x_p*x_q + q_add*x_p*x_p*x_q*x_r + q_add*x_p*x_p*x_q*x_q,prime-field-montgomery,element,specialized,p128_mersenne_2^127_minus_1,128,4,0x7fffffffffffffffffffffffffffffff,18,262144,5,6,8,2,10,whole-run,fixed,triton-sumcheck-prime-field-montgomery-element-layout-specialized-points,54.190,8.078,0.000,0.000000,0.000,8.078,ok,cuda-sumcheck-prime-field-montgomery-element-layout-specialized-points,6.94893,5.50643,0,0,0,5.50643,ok,true,28148013762687,28148013762687,1.467012,,experiments/h100/sweep/cases/zk_complete_add_3_bw128_r18.log
zk_complete_add_3,q_add*x_p*x_q*x_q*lambda*lambda - q_add*x_p*x_q*x_q*x_q - q_add*x_p*x_q*x_q*x_r - q_add*x_p*x_p*x_q*x_q - q_add*x_p*x_p*x_q*lambda*lambda + q_add*x_p*x_p*x_p*x_q + q_add*x_p*x_p*x_q*x_r + q_add*x_p*x_p*x_q*x_q,prime-field-montgomery,element,specialized,p128_mersenne_2^127_minus_1,128,4,0x7fffffffffffffffffffffffffffffff,20,1048576,5,6,8,2,10,whole-run,fixed,triton-sumcheck-prime-field-montgomery-element-layout-specialized-points,92.365,16.641,0.000,0.000000,0.000,16.641,ok,cuda-sumcheck-prime-field-montgomery-element-layout-specialized-points,9.6617,8.32835,0,0,0,8.32835,ok,true,31076179841122,31076179841122,1.998115,,experiments/h100/sweep/cases/zk_complete_add_3_bw128_r20.log
zk_complete_add_3,q_add*x_p*x_q*x_q*lambda*lambda - q_add*x_p*x_q*x_q*x_q - q_add*x_p*x_q*x_q*x_r - q_add*x_p*x_p*x_q*x_q - q_add*x_p*x_p*x_q*lambda*lambda + q_add*x_p*x_p*x_p*x_q + q_add*x_p*x_p*x_q*x_r + q_add*x_p*x_p*x_q*x_q,prime-field-montgomery,element,specialized,p128_mersenne_2^127_minus_1,128,4,0x7fffffffffffffffffffffffffffffff,22,4194304,5,6,8,2,10,whole-run,fixed,triton-sumcheck-prime-field-montgomery-element-layout-specialized-points,100.693,24.678,0.000,0.000000,0.000,24.678,ok,cuda-sumcheck-prime-field-montgomery-element-layout-specialized-points,18.5764,17.0015,0,0,0,17.0015,ok,true,34065180485349,34065180485349,1.451519,,experiments/h100/sweep/cases/zk_complete_add_3_bw128_r22.log
zk_complete_add_3,q_add*x_p*x_q*x_q*lambda*lambda - q_add*x_p*x_q*x_q*x_q - q_add*x_p*x_q*x_q*x_r - q_add*x_p*x_p*x_q*x_q - q_add*x_p*x_p*x_q*lambda*lambda + q_add*x_p*x_p*x_p*x_q + q_add*x_p*x_p*x_q*x_r + q_add*x_p*x_p*x_q*x_q,prime-field-montgomery,element,specialized,p128_mersenne_2^127_minus_1,128,4,0x7fffffffffffffffffffffffffffffff,24,16777216,5,6,8,2,10,whole-run,fixed,triton-sumcheck-prime-field-montgomery-element-layout-specialized-points,126.225,53.754,0.000,0.000000,0.000,53.754,ok,cuda-sumcheck-prime-field-montgomery-element-layout-specialized-points,51.0737,49.6509,0,0,0,49.6509,ok,true,37354257394376,37354257394376,1.082639,,experiments/h100/sweep/cases/zk_complete_add_3_bw128_r24.log
zk_complete_add_3,q_add*x_p*x_q*x_q*lambda*lambda - q_add*x_p*x_q*x_q*x_q - q_add*x_p*x_q*x_q*x_r - q_add*x_p*x_p*x_q*x_q - q_add*x_p*x_p*x_q*lambda*lambda + q_add*x_p*x_p*x_p*x_q + q_add*x_p*x_p*x_q*x_r + q_add*x_p*x_p*x_q*x_q,prime-field-montgomery,element,specialized,p128_mersenne_2^127_minus_1,128,4,0x7fffffffffffffffffffffffffffffff,26,67108864,5,6,8,2,10,whole-run,fixed,triton-sumcheck-prime-field-montgomery-element-layout-specialized-points,232.691,160.236,0.000,0.000000,0.000,160.236,ok,cuda-sumcheck-prime-field-montgomery-element-layout-specialized-points,177.311,175.894,0,0,0,175.894,ok,true,39721094411791,39721094411791,0.910980,,experiments/h100/sweep/cases/zk_complete_add_3_bw128_r26.log
zk_complete_add_3,q_add*x_p*x_q*x_q*lambda*lambda - q_add*x_p*x_q*x_q*x_q - q_add*x_p*x_q*x_q*x_r - q_add*x_p*x_p*x_q*x_q - q_add*x_p*x_p*x_q*lambda*lambda + q_add*x_p*x_p*x_p*x_q + q_add*x_p*x_p*x_q*x_r + q_add*x_p*x_p*x_q*x_q,prime-field-montgomery,element,specialized,p128_mersenne_2^127_minus_1,128,4,0x7fffffffffffffffffffffffffffffff,28,268435456,5,6,8,2,10,whole-run,fixed,triton-sumcheck-prime-field-montgomery-element-layout-specialized-points,659.072,579.600,0.000,0.000000,0.000,579.600,ok,cuda-sumcheck-prime-field-montgomery-element-layout-specialized-points,678.593,676.738,0,0,0,676.738,ok,true,43650485430734,43650485430734,0.856461,,experiments/h100/sweep/cases/zk_complete_add_3_bw128_r28.log
zk_complete_add_3,q_add*x_p*x_q*x_q*lambda*lambda - q_add*x_p*x_q*x_q*x_q - q_add*x_p*x_q*x_q*x_r - q_add*x_p*x_p*x_q*x_q - q_add*x_p*x_p*x_q*lambda*lambda + q_add*x_p*x_p*x_p*x_q + q_add*x_p*x_p*x_q*x_r + q_add*x_p*x_p*x_q*x_q,prime-field-montgomery,element,specialized,p255_bls12_381_scalar,256,8,0x73eda753299d7d483339d80809a1d80553bda402fffe5bfeffffffff00000001,14,16384,5,6,8,2,10,whole-run,fixed,triton-sumcheck-prime-field-montgomery-element-layout-specialized-points,127.937,9.055,0.000,0.000000,0.000,9.055,ok,cuda-sumcheck-prime-field-montgomery-element-layout-specialized-points,12.0624,8.13238,0,0,0,8.13238,ok,true,88797481737848,88797481737848,1.113450,,experiments/h100/sweep/cases/zk_complete_add_3_bw256_r14.log
zk_complete_add_3,q_add*x_p*x_q*x_q*lambda*lambda - q_add*x_p*x_q*x_q*x_q - q_add*x_p*x_q*x_q*x_r - q_add*x_p*x_p*x_q*x_q - q_add*x_p*x_p*x_q*lambda*lambda + q_add*x_p*x_p*x_p*x_q + q_add*x_p*x_p*x_q*x_r + q_add*x_p*x_p*x_q*x_q,prime-field-montgomery,element,specialized,p255_bls12_381_scalar,256,8,0x73eda753299d7d483339d80809a1d80553bda402fffe5bfeffffffff00000001,16,65536,5,6,8,2,10,whole-run,fixed,triton-sumcheck-prime-field-montgomery-element-layout-specialized-points,131.964,11.692,0.000,0.000000,0.000,11.692,ok,cuda-sumcheck-prime-field-montgomery-element-layout-specialized-points,13.5268,9.61667,0,0,0,9.61667,ok,true,101734610166202,101734610166202,1.215805,,experiments/h100/sweep/cases/zk_complete_add_3_bw256_r16.log
zk_complete_add_3,q_add*x_p*x_q*x_q*lambda*lambda - q_add*x_p*x_q*x_q*x_q - q_add*x_p*x_q*x_q*x_r - q_add*x_p*x_p*x_q*x_q - q_add*x_p*x_p*x_q*lambda*lambda + q_add*x_p*x_p*x_p*x_q + q_add*x_p*x_p*x_q*x_r + q_add*x_p*x_p*x_q*x_q,prime-field-montgomery,element,specialized,p255_bls12_381_scalar,256,8,0x73eda753299d7d483339d80809a1d80553bda402fffe5bfeffffffff00000001,18,262144,5,6,8,2,10,whole-run,fixed,triton-sumcheck-prime-field-montgomery-element-layout-specialized-points,137.242,15.081,0.000,0.000000,0.000,15.081,ok,cuda-sumcheck-prime-field-montgomery-element-layout-specialized-points,17.691,13.9408,0,0,0,13.9408,ok,true,114214903014043,114214903014043,1.081789,,experiments/h100/sweep/cases/zk_complete_add_3_bw256_r18.log
zk_complete_add_3,q_add*x_p*x_q*x_q*lambda*lambda - q_add*x_p*x_q*x_q*x_q - q_add*x_p*x_q*x_q*x_r - q_add*x_p*x_p*x_q*x_q - q_add*x_p*x_p*x_q*lambda*lambda + q_add*x_p*x_p*x_p*x_q + q_add*x_p*x_p*x_q*x_r + q_add*x_p*x_p*x_q*x_q,prime-field-montgomery,element,specialized,p255_bls12_381_scalar,256,8,0x73eda753299d7d483339d80809a1d80553bda402fffe5bfeffffffff00000001,20,1048576,5,6,8,2,10,whole-run,fixed,triton-sumcheck-prime-field-montgomery-element-layout-specialized-points,142.120,21.967,0.000,0.000000,0.000,21.967,ok,cuda-sumcheck-prime-field-montgomery-element-layout-specialized-points,27.7625,23.9595,0,0,0,23.9595,ok,true,120160791891374,120160791891374,0.916839,,experiments/h100/sweep/cases/zk_complete_add_3_bw256_r20.log
zk_complete_add_3,q_add*x_p*x_q*x_q*lambda*lambda - q_add*x_p*x_q*x_q*x_q - q_add*x_p*x_q*x_q*x_r - q_add*x_p*x_p*x_q*x_q - q_add*x_p*x_p*x_q*lambda*lambda + q_add*x_p*x_p*x_p*x_q + q_add*x_p*x_p*x_q*x_r + q_add*x_p*x_p*x_q*x_q,prime-field-montgomery,element,specialized,p255_bls12_381_scalar,256,8,0x73eda753299d7d483339d80809a1d80553bda402fffe5bfeffffffff00000001,22,4194304,5,6,8,2,10,whole-run,fixed,triton-sumcheck-prime-field-montgomery-element-layout-specialized-points,163.170,44.396,0.000,0.000000,0.000,44.396,ok,cuda-sumcheck-prime-field-montgomery-element-layout-specialized-points,62.0335,58.1996,0,0,0,58.1996,ok,true,137872374738592,137872374738592,0.762823,,experiments/h100/sweep/cases/zk_complete_add_3_bw256_r22.log
zk_complete_add_3,q_add*x_p*x_q*x_q*lambda*lambda - q_add*x_p*x_q*x_q*x_q - q_add*x_p*x_q*x_q*x_r - q_add*x_p*x_p*x_q*x_q - q_add*x_p*x_p*x_q*lambda*lambda + q_add*x_p*x_p*x_p*x_q + q_add*x_p*x_p*x_q*x_r + q_add*x_p*x_p*x_q*x_q,prime-field-montgomery,element,specialized,p255_bls12_381_scalar,256,8,0x73eda753299d7d483339d80809a1d80553bda402fffe5bfeffffffff00000001,24,16777216,5,6,8,2,10,whole-run,fixed,triton-sumcheck-prime-field-montgomery-element-layout-specialized-points,246.777,129.568,0.000,0.000000,0.000,129.568,ok,cuda-sumcheck-prime-field-montgomery-element-layout-specialized-points,195.141,191.07,0,0,0,191.07,ok,true,150367795532500,150367795532500,0.678118,,experiments/h100/sweep/cases/zk_complete_add_3_bw256_r24.log
zk_complete_add_3,q_add*x_p*x_q*x_q*lambda*lambda - q_add*x_p*x_q*x_q*x_q - q_add*x_p*x_q*x_q*x_r - q_add*x_p*x_p*x_q*x_q - q_add*x_p*x_p*x_q*lambda*lambda + q_add*x_p*x_p*x_p*x_q + q_add*x_p*x_p*x_q*x_r + q_add*x_p*x_p*x_q*x_q,prime-field-montgomery,element,specialized,p255_bls12_381_scalar,256,8,0x73eda753299d7d483339d80809a1d80553bda402fffe5bfeffffffff00000001,26,67108864,5,6,8,2,10,whole-run,fixed,triton-sumcheck-prime-field-montgomery-element-layout-specialized-points,578.304,458.686,0.000,0.000000,0.000,458.686,ok,cuda-sumcheck-prime-field-montgomery-element-layout-specialized-points,720.66,713.275,0,0,0,713.275,ok,true,159163941599143,159163941599143,0.643070,,experiments/h100/sweep/cases/zk_complete_add_3_bw256_r26.log
zk_complete_add_3,q_add*x_p*x_q*x_q*lambda*lambda - q_add*x_p*x_q*x_q*x_q - q_add*x_p*x_q*x_q*x_r - q_add*x_p*x_p*x_q*x_q - q_add*x_p*x_p*x_q*lambda*lambda + q_add*x_p*x_p*x_p*x_q + q_add*x_p*x_p*x_q*x_r + q_add*x_p*x_p*x_q*x_q,prime-field-montgomery,element,specialized,,256,,,28,268435456,5,6,8,2,10,whole-run,fixed,,,,,,,,skipped,,,,,,,,skipped,skipped,,,,returncode=1,experiments/h100/sweep/cases/zk_complete_add_3_bw256_r28.log
zk_complete_add_4,q_add*x_p*x_p*x_q*x_q*lambda - q_add*x_p*x_q*x_q*x_r*lambda - q_add*x_p*x_q*x_q*y_p - q_add*x_p*x_q*x_q*y_r - q_add*x_p*x_p*x_p*x_q*lambda + q_add*x_p*x_p*x_q*x_r*lambda + q_add*x_p*x_p*x_q*y_p + q_add*x_p*x_p*x_q*y_r,prime-field-montgomery,element,specialized,p32_2^32_minus_5,32,1,0xfffffffb,14,16384,7,6,8,2,10,whole-run,fixed,triton-sumcheck-prime-field-montgomery-element-layout-specialized-points,38.121,4.311,0.000,0.000000,0.000,4.311,ok,cuda-sumcheck-prime-field-montgomery-element-layout-specialized-points,2.56902,2.28246,0,0,0,2.28246,ok,true,2857122032258,2857122032258,1.888752,,experiments/h100/sweep/cases/zk_complete_add_4_bw32_r14.log
zk_complete_add_4,q_add*x_p*x_p*x_q*x_q*lambda - q_add*x_p*x_q*x_q*x_r*lambda - q_add*x_p*x_q*x_q*y_p - q_add*x_p*x_q*x_q*y_r - q_add*x_p*x_p*x_p*x_q*lambda + q_add*x_p*x_p*x_q*x_r*lambda + q_add*x_p*x_p*x_q*y_p + q_add*x_p*x_p*x_q*y_r,prime-field-montgomery,element,specialized,p32_2^32_minus_5,32,1,0xfffffffb,16,65536,7,6,8,2,10,whole-run,fixed,triton-sumcheck-prime-field-montgomery-element-layout-specialized-points,40.144,5.623,0.000,0.000000,0.000,5.623,ok,cuda-sumcheck-prime-field-montgomery-element-layout-specialized-points,3.16112,2.76774,0,0,0,2.76774,ok,true,3297125396851,3297125396851,2.031621,,experiments/h100/sweep/cases/zk_complete_add_4_bw32_r16.log
zk_complete_add_4,q_add*x_p*x_p*x_q*x_q*lambda - q_add*x_p*x_q*x_q*x_r*lambda - q_add*x_p*x_q*x_q*y_p - q_add*x_p*x_q*x_q*y_r - q_add*x_p*x_p*x_p*x_q*lambda + q_add*x_p*x_p*x_q*x_r*lambda + q_add*x_p*x_p*x_q*y_p + q_add*x_p*x_p*x_q*y_r,prime-field-montgomery,element,specialized,p32_2^32_minus_5,32,1,0xfffffffb,18,262144,7,6,8,2,10,whole-run,fixed,triton-sumcheck-prime-field-montgomery-element-layout-specialized-points,74.063,12.873,0.000,0.000000,0.000,12.873,ok,cuda-sumcheck-prime-field-montgomery-element-layout-specialized-points,5.14762,4.57715,0,0,0,4.57715,ok,true,3492006927812,3492006927812,2.812449,,experiments/h100/sweep/cases/zk_complete_add_4_bw32_r18.log
zk_complete_add_4,q_add*x_p*x_p*x_q*x_q*lambda - q_add*x_p*x_q*x_q*x_r*lambda - q_add*x_p*x_q*x_q*y_p - q_add*x_p*x_q*x_q*y_r - q_add*x_p*x_p*x_p*x_q*lambda + q_add*x_p*x_p*x_q*x_r*lambda + q_add*x_p*x_p*x_q*y_p + q_add*x_p*x_p*x_q*y_r,prime-field-montgomery,element,specialized,p32_2^32_minus_5,32,1,0xfffffffb,20,1048576,7,6,8,2,10,whole-run,fixed,triton-sumcheck-prime-field-montgomery-element-layout-specialized-points,77.209,16.636,0.000,0.000000,0.000,16.636,ok,cuda-sumcheck-prime-field-montgomery-element-layout-specialized-points,4.5912,4.20355,0,0,0,4.20355,ok,true,4167880773979,4167880773979,3.957607,,experiments/h100/sweep/cases/zk_complete_add_4_bw32_r20.log
zk_complete_add_4,q_add*x_p*x_p*x_q*x_q*lambda - q_add*x_p*x_q*x_q*x_r*lambda - q_add*x_p*x_q*x_q*y_p - q_add*x_p*x_q*x_q*y_r - q_add*x_p*x_p*x_p*x_q*lambda + q_add*x_p*x_p*x_q*x_r*lambda + q_add*x_p*x_p*x_q*y_p + q_add*x_p*x_p*x_q*y_r,prime-field-montgomery,element,specialized,p32_2^32_minus_5,32,1,0xfffffffb,22,4194304,7,6,8,2,10,whole-run,fixed,triton-sumcheck-prime-field-montgomery-element-layout-specialized-points,81.752,20.646,0.000,0.000000,0.000,20.646,ok,cuda-sumcheck-prime-field-montgomery-element-layout-specialized-points,6.65808,5.78381,0,0,0,5.78381,ok,true,4131580475503,4131580475503,3.569619,,experiments/h100/sweep/cases/zk_complete_add_4_bw32_r22.log
zk_complete_add_4,q_add*x_p*x_p*x_q*x_q*lambda - q_add*x_p*x_q*x_q*x_r*lambda - q_add*x_p*x_q*x_q*y_p - q_add*x_p*x_q*x_q*y_r - q_add*x_p*x_p*x_p*x_q*lambda + q_add*x_p*x_p*x_q*x_r*lambda + q_add*x_p*x_p*x_q*y_p + q_add*x_p*x_p*x_q*y_r,prime-field-montgomery,element,specialized,p32_2^32_minus_5,32,1,0xfffffffb,24,16777216,7,6,8,2,10,whole-run,fixed,triton-sumcheck-prime-field-montgomery-element-layout-specialized-points,55.304,22.044,0.000,0.000000,0.000,22.044,ok,cuda-sumcheck-prime-field-montgomery-element-layout-specialized-points,9.86838,9.56173,0,0,0,9.56173,ok,true,4757064179244,4757064179244,2.305441,,experiments/h100/sweep/cases/zk_complete_add_4_bw32_r24.log
zk_complete_add_4,q_add*x_p*x_p*x_q*x_q*lambda - q_add*x_p*x_q*x_q*x_r*lambda - q_add*x_p*x_q*x_q*y_p - q_add*x_p*x_q*x_q*y_r - q_add*x_p*x_p*x_p*x_q*lambda + q_add*x_p*x_p*x_q*x_r*lambda + q_add*x_p*x_p*x_q*y_p + q_add*x_p*x_p*x_q*y_r,prime-field-montgomery,element,specialized,p32_2^32_minus_5,32,1,0xfffffffb,26,67108864,7,6,8,2,10,whole-run,fixed,triton-sumcheck-prime-field-montgomery-element-layout-specialized-points,123.152,66.014,0.000,0.000000,0.000,66.014,ok,cuda-sumcheck-prime-field-montgomery-element-layout-specialized-points,23.63,23.335,0,0,0,23.335,ok,true,4942562529957,4942562529957,2.828969,,experiments/h100/sweep/cases/zk_complete_add_4_bw32_r26.log
zk_complete_add_4,q_add*x_p*x_p*x_q*x_q*lambda - q_add*x_p*x_q*x_q*x_r*lambda - q_add*x_p*x_q*x_q*y_p - q_add*x_p*x_q*x_q*y_r - q_add*x_p*x_p*x_p*x_q*lambda + q_add*x_p*x_p*x_q*x_r*lambda + q_add*x_p*x_p*x_q*y_p + q_add*x_p*x_p*x_q*y_r,prime-field-montgomery,element,specialized,p32_2^32_minus_5,32,1,0xfffffffb,28,268435456,7,6,8,2,10,whole-run,fixed,triton-sumcheck-prime-field-montgomery-element-layout-specialized-points,259.012,200.743,0.000,0.000000,0.000,200.743,ok,cuda-sumcheck-prime-field-montgomery-element-layout-specialized-points,79.3301,79.6612,0,0,0,79.6612,ok,true,5335627553776,5335627553776,2.519960,,experiments/h100/sweep/cases/zk_complete_add_4_bw32_r28.log
zk_complete_add_4,q_add*x_p*x_p*x_q*x_q*lambda - q_add*x_p*x_q*x_q*x_r*lambda - q_add*x_p*x_q*x_q*y_p - q_add*x_p*x_q*x_q*y_r - q_add*x_p*x_p*x_p*x_q*lambda + q_add*x_p*x_p*x_q*x_r*lambda + q_add*x_p*x_p*x_q*y_p + q_add*x_p*x_p*x_q*y_r,prime-field-montgomery,element,specialized,p64_goldilocks,64,2,0xffffffff00000001,14,16384,7,6,8,2,10,whole-run,fixed,triton-sumcheck-prime-field-montgomery-element-layout-specialized-points,43.164,4.333,0.000,0.000000,0.000,4.333,ok,cuda-sumcheck-prime-field-montgomery-element-layout-specialized-points,3.21053,2.61254,0,0,0,2.61254,ok,true,8269461084287,8269461084287,1.658539,,experiments/h100/sweep/cases/zk_complete_add_4_bw64_r14.log
zk_complete_add_4,q_add*x_p*x_p*x_q*x_q*lambda - q_add*x_p*x_q*x_q*x_r*lambda - q_add*x_p*x_q*x_q*y_p - q_add*x_p*x_q*x_q*y_r - q_add*x_p*x_p*x_p*x_q*lambda + q_add*x_p*x_p*x_q*x_r*lambda + q_add*x_p*x_p*x_q*y_p + q_add*x_p*x_p*x_q*y_r,prime-field-montgomery,element,specialized,p64_goldilocks,64,2,0xffffffff00000001,16,65536,7,6,8,2,10,whole-run,fixed,triton-sumcheck-prime-field-montgomery-element-layout-specialized-points,75.318,9.845,0.000,0.000000,0.000,9.845,ok,cuda-sumcheck-prime-field-montgomery-element-layout-specialized-points,3.77616,3.17242,0,0,0,3.17242,ok,true,9067782558432,9067782558432,3.103309,,experiments/h100/sweep/cases/zk_complete_add_4_bw64_r16.log
zk_complete_add_4,q_add*x_p*x_p*x_q*x_q*lambda - q_add*x_p*x_q*x_q*x_r*lambda - q_add*x_p*x_q*x_q*y_p - q_add*x_p*x_q*x_q*y_r - q_add*x_p*x_p*x_p*x_q*lambda + q_add*x_p*x_p*x_q*x_r*lambda + q_add*x_p*x_p*x_q*y_p + q_add*x_p*x_p*x_q*y_r,prime-field-montgomery,element,specialized,p64_goldilocks,64,2,0xffffffff00000001,18,262144,7,6,8,2,10,whole-run,fixed,triton-sumcheck-prime-field-montgomery-element-layout-specialized-points,89.436,14.425,0.000,0.000000,0.000,14.425,ok,cuda-sumcheck-prime-field-montgomery-element-layout-specialized-points,4.58899,3.9863,0,0,0,3.9863,ok,true,10398630913320,10398630913320,3.618644,,experiments/h100/sweep/cases/zk_complete_add_4_bw64_r18.log
zk_complete_add_4,q_add*x_p*x_p*x_q*x_q*lambda - q_add*x_p*x_q*x_q*x_r*lambda - q_add*x_p*x_q*x_q*y_p - q_add*x_p*x_q*x_q*y_r - q_add*x_p*x_p*x_p*x_q*lambda + q_add*x_p*x_p*x_q*x_r*lambda + q_add*x_p*x_p*x_q*y_p + q_add*x_p*x_p*x_q*y_r,prime-field-montgomery,element,specialized,p64_goldilocks,64,2,0xffffffff00000001,20,1048576,7,6,8,2,10,whole-run,fixed,triton-sumcheck-prime-field-montgomery-element-layout-specialized-points,87.315,16.699,0.000,0.000000,0.000,16.699,ok,cuda-sumcheck-prime-field-montgomery-element-layout-specialized-points,5.94349,5.37283,0,0,0,5.37283,ok,true,11871175620356,11871175620356,3.108045,,experiments/h100/sweep/cases/zk_complete_add_4_bw64_r20.log
zk_complete_add_4,q_add*x_p*x_p*x_q*x_q*lambda - q_add*x_p*x_q*x_q*x_r*lambda - q_add*x_p*x_q*x_q*y_p - q_add*x_p*x_q*x_q*y_r - q_add*x_p*x_p*x_p*x_q*lambda + q_add*x_p*x_p*x_q*x_r*lambda + q_add*x_p*x_p*x_q*y_p + q_add*x_p*x_p*x_q*y_r,prime-field-montgomery,element,specialized,p64_goldilocks,64,2,0xffffffff00000001,22,4194304,7,6,8,2,10,whole-run,fixed,triton-sumcheck-prime-field-montgomery-element-layout-specialized-points,86.496,20.865,0.000,0.000000,0.000,20.865,ok,cuda-sumcheck-prime-field-montgomery-element-layout-specialized-points,9.63491,9.04874,0,0,0,9.04874,ok,true,12771763284514,12771763284514,2.305846,,experiments/h100/sweep/cases/zk_complete_add_4_bw64_r22.log
zk_complete_add_4,q_add*x_p*x_p*x_q*x_q*lambda - q_add*x_p*x_q*x_q*x_r*lambda - q_add*x_p*x_q*x_q*y_p - q_add*x_p*x_q*x_q*y_r - q_add*x_p*x_p*x_p*x_q*lambda + q_add*x_p*x_p*x_q*x_r*lambda + q_add*x_p*x_p*x_q*y_p + q_add*x_p*x_p*x_q*y_r,prime-field-montgomery,element,specialized,p64_goldilocks,64,2,0xffffffff00000001,24,16777216,7,6,8,2,10,whole-run,fixed,triton-sumcheck-prime-field-montgomery-element-layout-specialized-points,99.300,34.966,0.000,0.000000,0.000,34.966,ok,cuda-sumcheck-prime-field-montgomery-element-layout-specialized-points,22.0089,21.1637,0,0,0,21.1637,ok,true,14667219991983,14667219991983,1.652169,,experiments/h100/sweep/cases/zk_complete_add_4_bw64_r24.log
zk_complete_add_4,q_add*x_p*x_p*x_q*x_q*lambda - q_add*x_p*x_q*x_q*x_r*lambda - q_add*x_p*x_q*x_q*y_p - q_add*x_p*x_q*x_q*y_r - q_add*x_p*x_p*x_p*x_q*lambda + q_add*x_p*x_p*x_q*x_r*lambda + q_add*x_p*x_p*x_q*y_p + q_add*x_p*x_p*x_q*y_r,prime-field-montgomery,element,specialized,p64_goldilocks,64,2,0xffffffff00000001,26,67108864,7,6,8,2,10,whole-run,fixed,triton-sumcheck-prime-field-montgomery-element-layout-specialized-points,150.409,87.772,0.000,0.000000,0.000,87.772,ok,cuda-sumcheck-prime-field-montgomery-element-layout-specialized-points,67.812,67.6652,0,0,0,67.6652,ok,true,15101932636466,15101932636466,1.297151,,experiments/h100/sweep/cases/zk_complete_add_4_bw64_r26.log
zk_complete_add_4,q_add*x_p*x_p*x_q*x_q*lambda - q_add*x_p*x_q*x_q*x_r*lambda - q_add*x_p*x_q*x_q*y_p - q_add*x_p*x_q*x_q*y_r - q_add*x_p*x_p*x_p*x_q*lambda + q_add*x_p*x_p*x_q*x_r*lambda + q_add*x_p*x_p*x_q*y_p + q_add*x_p*x_p*x_q*y_r,prime-field-montgomery,element,specialized,p64_goldilocks,64,2,0xffffffff00000001,28,268435456,7,6,8,2,10,whole-run,fixed,triton-sumcheck-prime-field-montgomery-element-layout-specialized-points,321.284,290.884,0.000,0.000000,0.000,290.884,ok,cuda-sumcheck-prime-field-montgomery-element-layout-specialized-points,253.738,268.404,0,0,0,268.404,ok,true,17179183983975,17179183983975,1.083754,,experiments/h100/sweep/cases/zk_complete_add_4_bw64_r28.log
zk_complete_add_4,q_add*x_p*x_p*x_q*x_q*lambda - q_add*x_p*x_q*x_q*x_r*lambda - q_add*x_p*x_q*x_q*y_p - q_add*x_p*x_q*x_q*y_r - q_add*x_p*x_p*x_p*x_q*lambda + q_add*x_p*x_p*x_q*x_r*lambda + q_add*x_p*x_p*x_q*y_p + q_add*x_p*x_p*x_q*y_r,prime-field-montgomery,element,specialized,p128_mersenne_2^127_minus_1,128,4,0x7fffffffffffffffffffffffffffffff,14,16384,7,6,8,2,10,whole-run,fixed,triton-sumcheck-prime-field-montgomery-element-layout-specialized-points,87.552,7.548,0.000,0.000000,0.000,7.548,ok,cuda-sumcheck-prime-field-montgomery-element-layout-specialized-points,5.39267,3.87773,0,0,0,3.87773,ok,true,21714589434746,21714589434746,1.946500,,experiments/h100/sweep/cases/zk_complete_add_4_bw128_r14.log
zk_complete_add_4,q_add*x_p*x_p*x_q*x_q*lambda - q_add*x_p*x_q*x_q*x_r*lambda - q_add*x_p*x_q*x_q*y_p - q_add*x_p*x_q*x_q*y_r - q_add*x_p*x_p*x_p*x_q*lambda + q_add*x_p*x_p*x_q*x_r*lambda + q_add*x_p*x_p*x_q*y_p + q_add*x_p*x_p*x_q*y_r,prime-field-montgomery,element,specialized,p128_mersenne_2^127_minus_1,128,4,0x7fffffffffffffffffffffffffffffff,16,65536,7,6,8,2,10,whole-run,fixed,triton-sumcheck-prime-field-montgomery-element-layout-specialized-points,90.543,10.177,0.000,0.000000,0.000,10.177,ok,cuda-sumcheck-prime-field-montgomery-element-layout-specialized-points,6.18966,4.66166,0,0,0,4.66166,ok,true,25396909312606,25396909312606,2.183128,,experiments/h100/sweep/cases/zk_complete_add_4_bw128_r16.log
zk_complete_add_4,q_add*x_p*x_p*x_q*x_q*lambda - q_add*x_p*x_q*x_q*x_r*lambda - q_add*x_p*x_q*x_q*y_p - q_add*x_p*x_q*x_q*y_r - q_add*x_p*x_p*x_p*x_q*lambda + q_add*x_p*x_p*x_q*x_r*lambda + q_add*x_p*x_p*x_q*y_p + q_add*x_p*x_p*x_q*y_r,prime-field-montgomery,element,specialized,p128_mersenne_2^127_minus_1,128,4,0x7fffffffffffffffffffffffffffffff,18,262144,7,6,8,2,10,whole-run,fixed,triton-sumcheck-prime-field-montgomery-element-layout-specialized-points,94.675,13.366,0.000,0.000000,0.000,13.366,ok,cuda-sumcheck-prime-field-montgomery-element-layout-specialized-points,7.56438,6.08371,0,0,0,6.08371,ok,true,28129266629958,28129266629958,2.197015,,experiments/h100/sweep/cases/zk_complete_add_4_bw128_r18.log
zk_complete_add_4,q_add*x_p*x_p*x_q*x_q*lambda - q_add*x_p*x_q*x_q*x_r*lambda - q_add*x_p*x_q*x_q*y_p - q_add*x_p*x_q*x_q*y_r - q_add*x_p*x_p*x_p*x_q*lambda + q_add*x_p*x_p*x_q*x_r*lambda + q_add*x_p*x_p*x_q*y_p + q_add*x_p*x_p*x_q*y_r,prime-field-montgomery,element,specialized,p128_mersenne_2^127_minus_1,128,4,0x7fffffffffffffffffffffffffffffff,20,1048576,7,6,8,2,10,whole-run,fixed,triton-sumcheck-prime-field-montgomery-element-layout-specialized-points,99.019,16.972,0.000,0.000000,0.000,16.972,ok,cuda-sumcheck-prime-field-montgomery-element-layout-specialized-points,10.7077,9.29414,0,0,0,9.29414,ok,true,31578472193606,31578472193606,1.826097,,experiments/h100/sweep/cases/zk_complete_add_4_bw128_r20.log
zk_complete_add_4,q_add*x_p*x_p*x_q*x_q*lambda - q_add*x_p*x_q*x_q*x_r*lambda - q_add*x_p*x_q*x_q*y_p - q_add*x_p*x_q*x_q*y_r - q_add*x_p*x_p*x_p*x_q*lambda + q_add*x_p*x_p*x_q*x_r*lambda + q_add*x_p*x_p*x_q*y_p + q_add*x_p*x_p*x_q*y_r,prime-field-montgomery,element,specialized,p128_mersenne_2^127_minus_1,128,4,0x7fffffffffffffffffffffffffffffff,22,4194304,7,6,8,2,10,whole-run,fixed,triton-sumcheck-prime-field-montgomery-element-layout-specialized-points,105.701,26.188,0.000,0.000000,0.000,26.188,ok,cuda-sumcheck-prime-field-montgomery-element-layout-specialized-points,20.4988,18.8437,0,0,0,18.8437,ok,true,34926191251601,34926191251601,1.389748,,experiments/h100/sweep/cases/zk_complete_add_4_bw128_r22.log
zk_complete_add_4,q_add*x_p*x_p*x_q*x_q*lambda - q_add*x_p*x_q*x_q*x_r*lambda - q_add*x_p*x_q*x_q*y_p - q_add*x_p*x_q*x_q*y_r - q_add*x_p*x_p*x_p*x_q*lambda + q_add*x_p*x_p*x_q*x_r*lambda + q_add*x_p*x_p*x_q*y_p + q_add*x_p*x_p*x_q*y_r,prime-field-montgomery,element,specialized,p128_mersenne_2^127_minus_1,128,4,0x7fffffffffffffffffffffffffffffff,24,16777216,7,6,8,2,10,whole-run,fixed,triton-sumcheck-prime-field-montgomery-element-layout-specialized-points,138.128,59.646,0.000,0.000000,0.000,59.646,ok,cuda-sumcheck-prime-field-montgomery-element-layout-specialized-points,56.9766,55.5716,0,0,0,55.5716,ok,true,38710965531381,38710965531381,1.073318,,experiments/h100/sweep/cases/zk_complete_add_4_bw128_r24.log
zk_complete_add_4,q_add*x_p*x_p*x_q*x_q*lambda - q_add*x_p*x_q*x_q*x_r*lambda - q_add*x_p*x_q*x_q*y_p - q_add*x_p*x_q*x_q*y_r - q_add*x_p*x_p*x_p*x_q*lambda + q_add*x_p*x_p*x_q*x_r*lambda + q_add*x_p*x_p*x_q*y_p + q_add*x_p*x_p*x_q*y_r,prime-field-montgomery,element,specialized,p128_mersenne_2^127_minus_1,128,4,0x7fffffffffffffffffffffffffffffff,26,67108864,7,6,8,2,10,whole-run,fixed,triton-sumcheck-prime-field-montgomery-element-layout-specialized-points,265.799,190.639,0.000,0.000000,0.000,190.639,ok,cuda-sumcheck-prime-field-montgomery-element-layout-specialized-points,198.947,197.457,0,0,0,197.457,ok,true,40570245305473,40570245305473,0.965471,,experiments/h100/sweep/cases/zk_complete_add_4_bw128_r26.log
zk_complete_add_4,q_add*x_p*x_p*x_q*x_q*lambda - q_add*x_p*x_q*x_q*x_r*lambda - q_add*x_p*x_q*x_q*y_p - q_add*x_p*x_q*x_q*y_r - q_add*x_p*x_p*x_p*x_q*lambda + q_add*x_p*x_p*x_q*x_r*lambda + q_add*x_p*x_p*x_q*y_p + q_add*x_p*x_p*x_q*y_r,prime-field-montgomery,element,specialized,,128,,,28,268435456,7,6,8,2,10,whole-run,fixed,,,,,,,,skipped,,,,,,,,skipped,skipped,,,,returncode=1,experiments/h100/sweep/cases/zk_complete_add_4_bw128_r28.log
zk_complete_add_4,q_add*x_p*x_p*x_q*x_q*lambda - q_add*x_p*x_q*x_q*x_r*lambda - q_add*x_p*x_q*x_q*y_p - q_add*x_p*x_q*x_q*y_r - q_add*x_p*x_p*x_p*x_q*lambda + q_add*x_p*x_p*x_q*x_r*lambda + q_add*x_p*x_p*x_q*y_p + q_add*x_p*x_p*x_q*y_r,prime-field-montgomery,element,specialized,p255_bls12_381_scalar,256,8,0x73eda753299d7d483339d80809a1d80553bda402fffe5bfeffffffff00000001,14,16384,7,6,8,2,10,whole-run,fixed,triton-sumcheck-prime-field-montgomery-element-layout-specialized-points,139.530,9.638,0.000,0.000000,0.000,9.638,ok,cuda-sumcheck-prime-field-montgomery-element-layout-specialized-points,12.8793,8.7592,0,0,0,8.7592,ok,true,85363839205866,85363839205866,1.100329,,experiments/h100/sweep/cases/zk_complete_add_4_bw256_r14.log
zk_complete_add_4,q_add*x_p*x_p*x_q*x_q*lambda - q_add*x_p*x_q*x_q*x_r*lambda - q_add*x_p*x_q*x_q*y_p - q_add*x_p*x_q*x_q*y_r - q_add*x_p*x_p*x_p*x_q*lambda + q_add*x_p*x_p*x_q*x_r*lambda + q_add*x_p*x_p*x_q*y_p + q_add*x_p*x_p*x_q*y_r,prime-field-montgomery,element,specialized,p255_bls12_381_scalar,256,8,0x73eda753299d7d483339d80809a1d80553bda402fffe5bfeffffffff00000001,16,65536,7,6,8,2,10,whole-run,fixed,triton-sumcheck-prime-field-montgomery-element-layout-specialized-points,143.946,12.160,0.000,0.000000,0.000,12.160,ok,cuda-sumcheck-prime-field-montgomery-element-layout-specialized-points,14.5236,10.3295,0,0,0,10.3295,ok,true,99402341339652,99402341339652,1.177211,,experiments/h100/sweep/cases/zk_complete_add_4_bw256_r16.log
zk_complete_add_4,q_add*x_p*x_p*x_q*x_q*lambda - q_add*x_p*x_q*x_q*x_r*lambda - q_add*x_p*x_q*x_q*y_p - q_add*x_p*x_q*x_q*y_r - q_add*x_p*x_p*x_p*x_q*lambda + q_add*x_p*x_p*x_q*x_r*lambda + q_add*x_p*x_p*x_q*y_p + q_add*x_p*x_p*x_q*y_r,prime-field-montgomery,element,specialized,p255_bls12_381_scalar,256,8,0x73eda753299d7d483339d80809a1d80553bda402fffe5bfeffffffff00000001,18,262144,7,6,8,2,10,whole-run,fixed,triton-sumcheck-prime-field-montgomery-element-layout-specialized-points,155.829,15.821,0.000,0.000000,0.000,15.821,ok,cuda-sumcheck-prime-field-montgomery-element-layout-specialized-points,19.3052,15.193,0,0,0,15.193,ok,true,111153967057471,111153967057471,1.041335,,experiments/h100/sweep/cases/zk_complete_add_4_bw256_r18.log
zk_complete_add_4,q_add*x_p*x_p*x_q*x_q*lambda - q_add*x_p*x_q*x_q*x_r*lambda - q_add*x_p*x_q*x_q*y_p - q_add*x_p*x_q*x_q*y_r - q_add*x_p*x_p*x_p*x_q*lambda + q_add*x_p*x_p*x_q*x_r*lambda + q_add*x_p*x_p*x_q*y_p + q_add*x_p*x_p*x_q*y_r,prime-field-montgomery,element,specialized,p255_bls12_381_scalar,256,8,0x73eda753299d7d483339d80809a1d80553bda402fffe5bfeffffffff00000001,20,1048576,7,6,8,2,10,whole-run,fixed,triton-sumcheck-prime-field-montgomery-element-layout-specialized-points,152.221,25.048,0.000,0.000000,0.000,25.048,ok,cuda-sumcheck-prime-field-montgomery-element-layout-specialized-points,30.9837,26.601,0,0,0,26.601,ok,true,121398054755575,121398054755575,0.941619,,experiments/h100/sweep/cases/zk_complete_add_4_bw256_r20.log
zk_complete_add_4,q_add*x_p*x_p*x_q*x_q*lambda - q_add*x_p*x_q*x_q*x_r*lambda - q_add*x_p*x_q*x_q*y_p - q_add*x_p*x_q*x_q*y_r - q_add*x_p*x_p*x_p*x_q*lambda + q_add*x_p*x_p*x_q*x_r*lambda + q_add*x_p*x_p*x_q*y_p + q_add*x_p*x_p*x_q*y_r,prime-field-montgomery,element,specialized,p255_bls12_381_scalar,256,8,0x73eda753299d7d483339d80809a1d80553bda402fffe5bfeffffffff00000001,22,4194304,7,6,8,2,10,whole-run,fixed,triton-sumcheck-prime-field-montgomery-element-layout-specialized-points,184.638,57.207,0.000,0.000000,0.000,57.207,ok,cuda-sumcheck-prime-field-montgomery-element-layout-specialized-points,72.1597,67.2292,0,0,0,67.2292,ok,true,134702806634552,134702806634552,0.850925,,experiments/h100/sweep/cases/zk_complete_add_4_bw256_r22.log
zk_complete_add_4,q_add*x_p*x_p*x_q*x_q*lambda - q_add*x_p*x_q*x_q*x_r*lambda - q_add*x_p*x_q*x_q*y_p - q_add*x_p*x_q*x_q*y_r - q_add*x_p*x_p*x_p*x_q*lambda + q_add*x_p*x_p*x_q*x_r*lambda + q_add*x_p*x_p*x_q*y_p + q_add*x_p*x_p*x_q*y_r,prime-field-montgomery,element,specialized,p255_bls12_381_scalar,256,8,0x73eda753299d7d483339d80809a1d80553bda402fffe5bfeffffffff00000001,24,16777216,7,6,8,2,10,whole-run,fixed,triton-sumcheck-prime-field-montgomery-element-layout-specialized-points,259.155,175.861,0.000,0.000000,0.000,175.861,ok,cuda-sumcheck-prime-field-montgomery-element-layout-specialized-points,224.802,218.117,0,0,0,218.117,ok,true,148874151811255,148874151811255,0.806269,,experiments/h100/sweep/cases/zk_complete_add_4_bw256_r24.log
zk_complete_add_4,q_add*x_p*x_p*x_q*x_q*lambda - q_add*x_p*x_q*x_q*x_r*lambda - q_add*x_p*x_q*x_q*y_p - q_add*x_p*x_q*x_q*y_r - q_add*x_p*x_p*x_p*x_q*lambda + q_add*x_p*x_p*x_q*x_r*lambda + q_add*x_p*x_p*x_q*y_p + q_add*x_p*x_p*x_q*y_r,prime-field-montgomery,element,specialized,p255_bls12_381_scalar,256,8,0x73eda753299d7d483339d80809a1d80553bda402fffe5bfeffffffff00000001,26,67108864,7,6,8,2,10,whole-run,fixed,triton-sumcheck-prime-field-montgomery-element-layout-specialized-points,741.479,660.809,0.000,0.000000,0.000,660.809,ok,cuda-sumcheck-prime-field-montgomery-element-layout-specialized-points,835.494,820.398,0,0,0,820.398,ok,true,162310316388649,162310316388649,0.805474,,experiments/h100/sweep/cases/zk_complete_add_4_bw256_r26.log
zk_complete_add_4,q_add*x_p*x_p*x_q*x_q*lambda - q_add*x_p*x_q*x_q*x_r*lambda - q_add*x_p*x_q*x_q*y_p - q_add*x_p*x_q*x_q*y_r - q_add*x_p*x_p*x_p*x_q*lambda + q_add*x_p*x_p*x_q*x_r*lambda + q_add*x_p*x_p*x_q*y_p + q_add*x_p*x_p*x_q*y_r,prime-field-montgomery,element,specialized,,256,,,28,268435456,7,6,8,2,10,whole-run,fixed,,,,,,,,skipped,,,,,,,,skipped,skipped,,,,returncode=1,experiments/h100/sweep/cases/zk_complete_add_4_bw256_r28.log
zk_complete_add_5,q_add*x_p*x_q*y_q*lambda*lambda + q_add*x_p*x_q*y_p*lambda*lambda - q_add*x_p*x_p*x_q*y_q - q_add*x_p*x_p*x_q*y_p - q_add*x_p*x_q*x_q*y_q - q_add*x_p*x_q*x_q*y_p - q_add*x_p*x_q*y_q*x_r - q_add*x_p*x_q*y_p*x_r,prime-field-montgomery,element,specialized,p32_2^32_minus_5,32,1,0xfffffffb,14,16384,7,6,8,2,10,whole-run,fixed,triton-sumcheck-prime-field-montgomery-element-layout-specialized-points,40.674,4.229,0.000,0.000000,0.000,4.229,ok,cuda-sumcheck-prime-field-montgomery-element-layout-specialized-points,2.57178,2.27738,0,0,0,2.27738,ok,true,2618948229781,2618948229781,1.856958,,experiments/h100/sweep/cases/zk_complete_add_5_bw32_r14.log
zk_complete_add_5,q_add*x_p*x_q*y_q*lambda*lambda + q_add*x_p*x_q*y_p*lambda*lambda - q_add*x_p*x_p*x_q*y_q - q_add*x_p*x_p*x_q*y_p - q_add*x_p*x_q*x_q*y_q - q_add*x_p*x_q*x_q*y_p - q_add*x_p*x_q*y_q*x_r - q_add*x_p*x_q*y_p*x_r,prime-field-montgomery,element,specialized,p32_2^32_minus_5,32,1,0xfffffffb,16,65536,7,6,8,2,10,whole-run,fixed,triton-sumcheck-prime-field-montgomery-element-layout-specialized-points,39.639,5.650,0.000,0.000000,0.000,5.650,ok,cuda-sumcheck-prime-field-montgomery-element-layout-specialized-points,3.14918,2.79702,0,0,0,2.79702,ok,true,3414977369479,3414977369479,2.020007,,experiments/h100/sweep/cases/zk_complete_add_5_bw32_r16.log
zk_complete_add_5,q_add*x_p*x_q*y_q*lambda*lambda + q_add*x_p*x_q*y_p*lambda*lambda - q_add*x_p*x_p*x_q*y_q - q_add*x_p*x_p*x_q*y_p - q_add*x_p*x_q*x_q*y_q - q_add*x_p*x_q*x_q*y_p - q_add*x_p*x_q*y_q*x_r - q_add*x_p*x_q*y_p*x_r,prime-field-montgomery,element,specialized,p32_2^32_minus_5,32,1,0xfffffffb,18,262144,7,6,8,2,10,whole-run,fixed,triton-sumcheck-prime-field-montgomery-element-layout-specialized-points,73.183,12.847,0.000,0.000000,0.000,12.847,ok,cuda-sumcheck-prime-field-montgomery-element-layout-specialized-points,3.79312,3.32621,0,0,0,3.32621,ok,true,3364864341735,3364864341735,3.862354,,experiments/h100/sweep/cases/zk_complete_add_5_bw32_r18.log
zk_complete_add_5,q_add*x_p*x_q*y_q*lambda*lambda + q_add*x_p*x_q*y_p*lambda*lambda - q_add*x_p*x_p*x_q*y_q - q_add*x_p*x_p*x_q*y_p - q_add*x_p*x_q*x_q*y_q - q_add*x_p*x_q*x_q*y_p - q_add*x_p*x_q*y_q*x_r - q_add*x_p*x_q*y_p*x_r,prime-field-montgomery,element,specialized,p32_2^32_minus_5,32,1,0xfffffffb,20,1048576,7,6,8,2,10,whole-run,fixed,triton-sumcheck-prime-field-montgomery-element-layout-specialized-points,77.241,16.624,0.000,0.000000,0.000,16.624,ok,cuda-sumcheck-prime-field-montgomery-element-layout-specialized-points,4.46086,4.10512,0,0,0,4.10512,ok,true,3580529220502,3580529220502,4.049577,,experiments/h100/sweep/cases/zk_complete_add_5_bw32_r20.log
zk_complete_add_5,q_add*x_p*x_q*y_q*lambda*lambda + q_add*x_p*x_q*y_p*lambda*lambda - q_add*x_p*x_p*x_q*y_q - q_add*x_p*x_p*x_q*y_p - q_add*x_p*x_q*x_q*y_q - q_add*x_p*x_q*x_q*y_p - q_add*x_p*x_q*y_q*x_r - q_add*x_p*x_q*y_p*x_r,prime-field-montgomery,element,specialized,p32_2^32_minus_5,32,1,0xfffffffb,22,4194304,7,6,8,2,10,whole-run,fixed,triton-sumcheck-prime-field-montgomery-element-layout-specialized-points,80.557,20.497,0.000,0.000000,0.000,20.497,ok,cuda-sumcheck-prime-field-montgomery-element-layout-specialized-points,6.1271,5.74262,0,0,0,5.74262,ok,true,4560619306958,4560619306958,3.569277,,experiments/h100/sweep/cases/zk_complete_add_5_bw32_r22.log
zk_complete_add_5,q_add*x_p*x_q*y_q*lambda*lambda + q_add*x_p*x_q*y_p*lambda*lambda - q_add*x_p*x_p*x_q*y_q - q_add*x_p*x_p*x_q*y_p - q_add*x_p*x_q*x_q*y_q - q_add*x_p*x_q*x_q*y_p - q_add*x_p*x_q*y_q*x_r - q_add*x_p*x_q*y_p*x_r,prime-field-montgomery,element,specialized,p32_2^32_minus_5,32,1,0xfffffffb,24,16777216,7,6,8,2,10,whole-run,fixed,triton-sumcheck-prime-field-montgomery-element-layout-specialized-points,88.724,30.147,0.000,0.000000,0.000,30.147,ok,cuda-sumcheck-prime-field-montgomery-element-layout-specialized-points,10.1218,9.67533,0,0,0,9.67533,ok,true,5152848351495,5152848351495,3.115863,,experiments/h100/sweep/cases/zk_complete_add_5_bw32_r24.log
zk_complete_add_5,q_add*x_p*x_q*y_q*lambda*lambda + q_add*x_p*x_q*y_p*lambda*lambda - q_add*x_p*x_p*x_q*y_q - q_add*x_p*x_p*x_q*y_p - q_add*x_p*x_q*x_q*y_q - q_add*x_p*x_q*x_q*y_p - q_add*x_p*x_q*y_q*x_r - q_add*x_p*x_q*y_p*x_r,prime-field-montgomery,element,specialized,p32_2^32_minus_5,32,1,0xfffffffb,26,67108864,7,6,8,2,10,whole-run,fixed,triton-sumcheck-prime-field-montgomery-element-layout-specialized-points,88.388,55.924,0.000,0.000000,0.000,55.924,ok,cuda-sumcheck-prime-field-montgomery-element-layout-specialized-points,23.629,23.2963,0,0,0,23.2963,ok,true,5376049301740,5376049301740,2.400553,,experiments/h100/sweep/cases/zk_complete_add_5_bw32_r26.log
zk_complete_add_5,q_add*x_p*x_q*y_q*lambda*lambda + q_add*x_p*x_q*y_p*lambda*lambda - q_add*x_p*x_p*x_q*y_q - q_add*x_p*x_p*x_q*y_p - q_add*x_p*x_q*x_q*y_q - q_add*x_p*x_q*x_q*y_p - q_add*x_p*x_q*y_q*x_r - q_add*x_p*x_q*y_p*x_r,prime-field-montgomery,element,specialized,p32_2^32_minus_5,32,1,0xfffffffb,28,268435456,7,6,8,2,10,whole-run,fixed,triton-sumcheck-prime-field-montgomery-element-layout-specialized-points,223.708,191.784,0.000,0.000000,0.000,191.784,ok,cuda-sumcheck-prime-field-montgomery-element-layout-specialized-points,76.6632,78.0751,0,0,0,78.0751,ok,true,5285422529946,5285422529946,2.456404,,experiments/h100/sweep/cases/zk_complete_add_5_bw32_r28.log
zk_complete_add_5,q_add*x_p*x_q*y_q*lambda*lambda + q_add*x_p*x_q*y_p*lambda*lambda - q_add*x_p*x_p*x_q*y_q - q_add*x_p*x_p*x_q*y_p - q_add*x_p*x_q*x_q*y_q - q_add*x_p*x_q*x_q*y_p - q_add*x_p*x_q*y_q*x_r - q_add*x_p*x_q*y_p*x_r,prime-field-montgomery,element,specialized,p64_goldilocks,64,2,0xffffffff00000001,14,16384,7,6,8,2,10,whole-run,fixed,triton-sumcheck-prime-field-montgomery-element-layout-specialized-points,73.711,7.393,0.000,0.000000,0.000,7.393,ok,cuda-sumcheck-prime-field-montgomery-element-layout-specialized-points,3.11478,2.56246,0,0,0,2.56246,ok,true,8395187864882,8395187864882,2.885118,,experiments/h100/sweep/cases/zk_complete_add_5_bw64_r14.log
zk_complete_add_5,q_add*x_p*x_q*y_q*lambda*lambda + q_add*x_p*x_q*y_p*lambda*lambda - q_add*x_p*x_p*x_q*y_q - q_add*x_p*x_p*x_q*y_p - q_add*x_p*x_q*x_q*y_q - q_add*x_p*x_q*x_q*y_p - q_add*x_p*x_q*y_q*x_r - q_add*x_p*x_q*y_p*x_r,prime-field-montgomery,element,specialized,p64_goldilocks,64,2,0xffffffff00000001,16,65536,7,6,8,2,10,whole-run,fixed,triton-sumcheck-prime-field-montgomery-element-layout-specialized-points,75.538,9.951,0.000,0.000000,0.000,9.951,ok,cuda-sumcheck-prime-field-montgomery-element-layout-specialized-points,3.35187,2.83552,0,0,0,2.83552,ok,true,10070046576304,10070046576304,3.509409,,experiments/h100/sweep/cases/zk_complete_add_5_bw64_r16.log
zk_complete_add_5,q_add*x_p*x_q*y_q*lambda*lambda + q_add*x_p*x_q*y_p*lambda*lambda - q_add*x_p*x_p*x_q*y_q - q_add*x_p*x_p*x_q*y_p - q_add*x_p*x_q*x_q*y_q - q_add*x_p*x_q*x_q*y_p - q_add*x_p*x_q*y_q*x_r - q_add*x_p*x_q*y_p*x_r,prime-field-montgomery,element,specialized,p64_goldilocks,64,2,0xffffffff00000001,18,262144,7,6,8,2,10,whole-run,fixed,triton-sumcheck-prime-field-montgomery-element-layout-specialized-points,78.943,12.847,0.000,0.000000,0.000,12.847,ok,cuda-sumcheck-prime-field-montgomery-element-layout-specialized-points,4.03082,3.72214,0,0,0,3.72214,ok,true,10342706563358,10342706563358,3.451509,,experiments/h100/sweep/cases/zk_complete_add_5_bw64_r18.log
zk_complete_add_5,q_add*x_p*x_q*y_q*lambda*lambda + q_add*x_p*x_q*y_p*lambda*lambda - q_add*x_p*x_p*x_q*y_q - q_add*x_p*x_p*x_q*y_p - q_add*x_p*x_q*x_q*y_q - q_add*x_p*x_q*x_q*y_p - q_add*x_p*x_q*y_q*x_r - q_add*x_p*x_q*y_p*x_r,prime-field-montgomery,element,specialized,p64_goldilocks,64,2,0xffffffff00000001,20,1048576,7,6,8,2,10,whole-run,fixed,triton-sumcheck-prime-field-montgomery-element-layout-specialized-points,82.732,16.738,0.000,0.000000,0.000,16.738,ok,cuda-sumcheck-prime-field-montgomery-element-layout-specialized-points,5.89933,5.34378,0,0,0,5.34378,ok,true,11516748301552,11516748301552,3.132240,,experiments/h100/sweep/cases/zk_complete_add_5_bw64_r20.log
zk_complete_add_5,q_add*x_p*x_q*y_q*lambda*lambda + q_add*x_p*x_q*y_p*lambda*lambda - q_add*x_p*x_p*x_q*y_q - q_add*x_p*x_p*x_q*y_p - q_add*x_p*x_q*x_q*y_q - q_add*x_p*x_q*x_q*y_p - q_add*x_p*x_q*y_q*x_r - q_add*x_p*x_q*y_p*x_r,prime-field-montgomery,element,specialized,p64_goldilocks,64,2,0xffffffff00000001,22,4194304,7,6,8,2,10,whole-run,fixed,triton-sumcheck-prime-field-montgomery-element-layout-specialized-points,86.942,21.119,0.000,0.000000,0.000,21.119,ok,cuda-sumcheck-prime-field-montgomery-element-layout-specialized-points,9.46438,8.90285,0,0,0,8.90285,ok,true,13163891691002,13163891691002,2.372162,,experiments/h100/sweep/cases/zk_complete_add_5_bw64_r22.log
zk_complete_add_5,q_add*x_p*x_q*y_q*lambda*lambda + q_add*x_p*x_q*y_p*lambda*lambda - q_add*x_p*x_p*x_q*y_q - q_add*x_p*x_p*x_q*y_p - q_add*x_p*x_q*x_q*y_q - q_add*x_p*x_q*x_q*y_p - q_add*x_p*x_q*y_q*x_r - q_add*x_p*x_q*y_p*x_r,prime-field-montgomery,element,specialized,p64_goldilocks,64,2,0xffffffff00000001,24,16777216,7,6,8,2,10,whole-run,fixed,triton-sumcheck-prime-field-montgomery-element-layout-specialized-points,63.886,27.106,0.000,0.000000,0.000,27.106,ok,cuda-sumcheck-prime-field-montgomery-element-layout-specialized-points,20.5278,19.9549,0,0,0,19.9549,ok,true,14619221144788,14619221144788,1.358363,,experiments/h100/sweep/cases/zk_complete_add_5_bw64_r24.log
zk_complete_add_5,q_add*x_p*x_q*y_q*lambda*lambda + q_add*x_p*x_q*y_p*lambda*lambda - q_add*x_p*x_p*x_q*y_q - q_add*x_p*x_p*x_q*y_p - q_add*x_p*x_q*x_q*y_q - q_add*x_p*x_q*x_q*y_p - q_add*x_p*x_q*y_q*x_r - q_add*x_p*x_q*y_p*x_r,prime-field-montgomery,element,specialized,p64_goldilocks,64,2,0xffffffff00000001,26,67108864,7,6,8,2,10,whole-run,fixed,triton-sumcheck-prime-field-montgomery-element-layout-specialized-points,116.848,78.299,0.000,0.000000,0.000,78.299,ok,cuda-sumcheck-prime-field-montgomery-element-layout-specialized-points,64.2186,64.462,0,0,0,64.462,ok,true,15556009458548,15556009458548,1.214654,,experiments/h100/sweep/cases/zk_complete_add_5_bw64_r26.log
zk_complete_add_5,q_add*x_p*x_q*y_q*lambda*lambda + q_add*x_p*x_q*y_p*lambda*lambda - q_add*x_p*x_p*x_q*y_q - q_add*x_p*x_p*x_q*y_p - q_add*x_p*x_q*x_q*y_q - q_add*x_p*x_q*x_q*y_p - q_add*x_p*x_q*y_q*x_r - q_add*x_p*x_q*y_p*x_r,prime-field-montgomery,element,specialized,p64_goldilocks,64,2,0xffffffff00000001,28,268435456,7,6,8,2,10,whole-run,fixed,triton-sumcheck-prime-field-montgomery-element-layout-specialized-points,350.654,293.048,0.000,0.000000,0.000,293.048,ok,cuda-sumcheck-prime-field-montgomery-element-layout-specialized-points,240.98,255.374,0,0,0,255.374,ok,true,15672764344484,15672764344484,1.147525,,experiments/h100/sweep/cases/zk_complete_add_5_bw64_r28.log
zk_complete_add_5,q_add*x_p*x_q*y_q*lambda*lambda + q_add*x_p*x_q*y_p*lambda*lambda - q_add*x_p*x_p*x_q*y_q - q_add*x_p*x_p*x_q*y_p - q_add*x_p*x_q*x_q*y_q - q_add*x_p*x_q*x_q*y_p - q_add*x_p*x_q*y_q*x_r - q_add*x_p*x_q*y_p*x_r,prime-field-montgomery,element,specialized,p128_mersenne_2^127_minus_1,128,4,0x7fffffffffffffffffffffffffffffff,14,16384,7,6,8,2,10,whole-run,fixed,triton-sumcheck-prime-field-montgomery-element-layout-specialized-points,53.169,4.762,0.000,0.000000,0.000,4.762,ok,cuda-sumcheck-prime-field-montgomery-element-layout-specialized-points,5.21283,3.7433,0,0,0,3.7433,ok,true,22347721338319,22347721338319,1.272140,,experiments/h100/sweep/cases/zk_complete_add_5_bw128_r14.log
zk_complete_add_5,q_add*x_p*x_q*y_q*lambda*lambda + q_add*x_p*x_q*y_p*lambda*lambda - q_add*x_p*x_p*x_q*y_q - q_add*x_p*x_p*x_q*y_p - q_add*x_p*x_q*x_q*y_q - q_add*x_p*x_q*x_q*y_p - q_add*x_p*x_q*y_q*x_r - q_add*x_p*x_q*y_p*x_r,prime-field-montgomery,element,specialized,p128_mersenne_2^127_minus_1,128,4,0x7fffffffffffffffffffffffffffffff,16,65536,7,6,8,2,10,whole-run,fixed,triton-sumcheck-prime-field-montgomery-element-layout-specialized-points,56.098,6.341,0.000,0.000000,0.000,6.341,ok,cuda-sumcheck-prime-field-montgomery-element-layout-specialized-points,6.00416,4.55626,0,0,0,4.55626,ok,true,24457069148317,24457069148317,1.391712,,experiments/h100/sweep/cases/zk_complete_add_5_bw128_r16.log
zk_complete_add_5,q_add*x_p*x_q*y_q*lambda*lambda + q_add*x_p*x_q*y_p*lambda*lambda - q_add*x_p*x_p*x_q*y_q - q_add*x_p*x_p*x_q*y_p - q_add*x_p*x_q*x_q*y_q - q_add*x_p*x_q*x_q*y_p - q_add*x_p*x_q*y_q*x_r - q_add*x_p*x_q*y_p*x_r,prime-field-montgomery,element,specialized,p128_mersenne_2^127_minus_1,128,4,0x7fffffffffffffffffffffffffffffff,18,262144,7,6,8,2,10,whole-run,fixed,triton-sumcheck-prime-field-montgomery-element-layout-specialized-points,56.573,7.948,0.000,0.000000,0.000,7.948,ok,cuda-sumcheck-prime-field-montgomery-element-layout-specialized-points,7.25379,5.84589,0,0,0,5.84589,ok,true,27416235585102,27416235585102,1.359588,,experiments/h100/sweep/cases/zk_complete_add_5_bw128_r18.log
zk_complete_add_5,q_add*x_p*x_q*y_q*lambda*lambda + q_add*x_p*x_q*y_p*lambda*lambda - q_add*x_p*x_p*x_q*y_q - q_add*x_p*x_p*x_q*y_p - q_add*x_p*x_q*x_q*y_q - q_add*x_p*x_q*x_q*y_p - q_add*x_p*x_q*y_q*x_r - q_add*x_p*x_q*y_p*x_r,prime-field-montgomery,element,specialized,p128_mersenne_2^127_minus_1,128,4,0x7fffffffffffffffffffffffffffffff,20,1048576,7,6,8,2,10,whole-run,fixed,triton-sumcheck-prime-field-montgomery-element-layout-specialized-points,57.556,10.746,0.000,0.000000,0.000,10.746,ok,cuda-sumcheck-prime-field-montgomery-element-layout-specialized-points,10.2791,8.9103,0,0,0,8.9103,ok,true,31335826549170,31335826549170,1.206020,,experiments/h100/sweep/cases/zk_complete_add_5_bw128_r20.log
zk_complete_add_5,q_add*x_p*x_q*y_q*lambda*lambda + q_add*x_p*x_q*y_p*lambda*lambda - q_add*x_p*x_p*x_q*y_q - q_add*x_p*x_p*x_q*y_p - q_add*x_p*x_q*x_q*y_q - q_add*x_p*x_q*x_q*y_p - q_add*x_p*x_q*y_q*x_r - q_add*x_p*x_q*y_p*x_r,prime-field-montgomery,element,specialized,p128_mersenne_2^127_minus_1,128,4,0x7fffffffffffffffffffffffffffffff,22,4194304,7,6,8,2,10,whole-run,fixed,triton-sumcheck-prime-field-montgomery-element-layout-specialized-points,103.915,25.736,0.000,0.000000,0.000,25.736,ok,cuda-sumcheck-prime-field-montgomery-element-layout-specialized-points,19.4708,18.0686,0,0,0,18.0686,ok,true,34729672096938,34729672096938,1.424349,,experiments/h100/sweep/cases/zk_complete_add_5_bw128_r22.log
zk_complete_add_5,q_add*x_p*x_q*y_q*lambda*lambda + q_add*x_p*x_q*y_p*lambda*lambda - q_add*x_p*x_p*x_q*y_q - q_add*x_p*x_p*x_q*y_p - q_add*x_p*x_q*x_q*y_q - q_add*x_p*x_q*x_q*y_p - q_add*x_p*x_q*y_q*x_r - q_add*x_p*x_q*y_p*x_r,prime-field-montgomery,element,specialized,p128_mersenne_2^127_minus_1,128,4,0x7fffffffffffffffffffffffffffffff,24,16777216,7,6,8,2,10,whole-run,fixed,triton-sumcheck-prime-field-montgomery-element-layout-specialized-points,134.742,57.664,0.000,0.000000,0.000,57.664,ok,cuda-sumcheck-prime-field-montgomery-element-layout-specialized-points,53.8584,52.3867,0,0,0,52.3867,ok,true,37043555539653,37043555539653,1.100737,,experiments/h100/sweep/cases/zk_complete_add_5_bw128_r24.log
zk_complete_add_5,q_add*x_p*x_q*y_q*lambda*lambda + q_add*x_p*x_q*y_p*lambda*lambda - q_add*x_p*x_p*x_q*y_q - q_add*x_p*x_p*x_q*y_p - q_add*x_p*x_q*x_q*y_q - q_add*x_p*x_q*x_q*y_p - q_add*x_p*x_q*y_q*x_r - q_add*x_p*x_q*y_p*x_r,prime-field-montgomery,element,specialized,p128_mersenne_2^127_minus_1,128,4,0x7fffffffffffffffffffffffffffffff,26,67108864,7,6,8,2,10,whole-run,fixed,triton-sumcheck-prime-field-montgomery-element-layout-specialized-points,257.673,181.027,0.000,0.000000,0.000,181.027,ok,cuda-sumcheck-prime-field-montgomery-element-layout-specialized-points,187.262,187.321,0,0,0,187.321,ok,true,41499080803804,41499080803804,0.966400,,experiments/h100/sweep/cases/zk_complete_add_5_bw128_r26.log
zk_complete_add_5,q_add*x_p*x_q*y_q*lambda*lambda + q_add*x_p*x_q*y_p*lambda*lambda - q_add*x_p*x_p*x_q*y_q - q_add*x_p*x_p*x_q*y_p - q_add*x_p*x_q*x_q*y_q - q_add*x_p*x_q*x_q*y_p - q_add*x_p*x_q*y_q*x_r - q_add*x_p*x_q*y_p*x_r,prime-field-montgomery,element,specialized,,128,,,28,268435456,7,6,8,2,10,whole-run,fixed,,,,,,,,skipped,,,,,,,,skipped,skipped,,,,returncode=1,experiments/h100/sweep/cases/zk_complete_add_5_bw128_r28.log
zk_complete_add_5,q_add*x_p*x_q*y_q*lambda*lambda + q_add*x_p*x_q*y_p*lambda*lambda - q_add*x_p*x_p*x_q*y_q - q_add*x_p*x_p*x_q*y_p - q_add*x_p*x_q*x_q*y_q - q_add*x_p*x_q*x_q*y_p - q_add*x_p*x_q*y_q*x_r - q_add*x_p*x_q*y_p*x_r,prime-field-montgomery,element,specialized,p255_bls12_381_scalar,256,8,0x73eda753299d7d483339d80809a1d80553bda402fffe5bfeffffffff00000001,14,16384,7,6,8,2,10,whole-run,fixed,triton-sumcheck-prime-field-montgomery-element-layout-specialized-points,91.936,7.032,0.000,0.000000,0.000,7.032,ok,cuda-sumcheck-prime-field-montgomery-element-layout-specialized-points,12.2147,8.28749,0,0,0,8.28749,ok,true,87497088361527,87497088361527,0.848508,,experiments/h100/sweep/cases/zk_complete_add_5_bw256_r14.log
zk_complete_add_5,q_add*x_p*x_q*y_q*lambda*lambda + q_add*x_p*x_q*y_p*lambda*lambda - q_add*x_p*x_p*x_q*y_q - q_add*x_p*x_p*x_q*y_p - q_add*x_p*x_q*x_q*y_q - q_add*x_p*x_q*x_q*y_p - q_add*x_p*x_q*y_q*x_r - q_add*x_p*x_q*y_p*x_r,prime-field-montgomery,element,specialized,p255_bls12_381_scalar,256,8,0x73eda753299d7d483339d80809a1d80553bda402fffe5bfeffffffff00000001,16,65536,7,6,8,2,10,whole-run,fixed,triton-sumcheck-prime-field-montgomery-element-layout-specialized-points,90.343,8.405,0.000,0.000000,0.000,8.405,ok,cuda-sumcheck-prime-field-montgomery-element-layout-specialized-points,13.7861,9.83894,0,0,0,9.83894,ok,true,96997994124720,96997994124720,0.854259,,experiments/h100/sweep/cases/zk_complete_add_5_bw256_r16.log
zk_complete_add_5,q_add*x_p*x_q*y_q*lambda*lambda + q_add*x_p*x_q*y_p*lambda*lambda - q_add*x_p*x_p*x_q*y_q - q_add*x_p*x_p*x_q*y_p - q_add*x_p*x_q*x_q*y_q - q_add*x_p*x_q*x_q*y_p - q_add*x_p*x_q*y_q*x_r - q_add*x_p*x_q*y_p*x_r,prime-field-montgomery,element,specialized,p255_bls12_381_scalar,256,8,0x73eda753299d7d483339d80809a1d80553bda402fffe5bfeffffffff00000001,18,262144,7,6,8,2,10,whole-run,fixed,triton-sumcheck-prime-field-montgomery-element-layout-specialized-points,93.407,11.784,0.000,0.000000,0.000,11.784,ok,cuda-sumcheck-prime-field-montgomery-element-layout-specialized-points,18.3557,14.4456,0,0,0,14.4456,ok,true,109980672794889,109980672794889,0.815750,,experiments/h100/sweep/cases/zk_complete_add_5_bw256_r18.log
zk_complete_add_5,q_add*x_p*x_q*y_q*lambda*lambda + q_add*x_p*x_q*y_p*lambda*lambda - q_add*x_p*x_p*x_q*y_q - q_add*x_p*x_p*x_q*y_p - q_add*x_p*x_q*x_q*y_q - q_add*x_p*x_q*x_q*y_p - q_add*x_p*x_q*y_q*x_r - q_add*x_p*x_q*y_p*x_r,prime-field-montgomery,element,specialized,p255_bls12_381_scalar,256,8,0x73eda753299d7d483339d80809a1d80553bda402fffe5bfeffffffff00000001,20,1048576,7,6,8,2,10,whole-run,fixed,triton-sumcheck-prime-field-montgomery-element-layout-specialized-points,102.844,20.607,0.000,0.000000,0.000,20.607,ok,cuda-sumcheck-prime-field-montgomery-element-layout-specialized-points,29.507,25.6453,0,0,0,25.6453,ok,true,123320185658891,123320185658891,0.803539,,experiments/h100/sweep/cases/zk_complete_add_5_bw256_r20.log
zk_complete_add_5,q_add*x_p*x_q*y_q*lambda*lambda + q_add*x_p*x_q*y_p*lambda*lambda - q_add*x_p*x_p*x_q*y_q - q_add*x_p*x_p*x_q*y_p - q_add*x_p*x_q*x_q*y_q - q_add*x_p*x_q*x_q*y_p - q_add*x_p*x_q*y_q*x_r - q_add*x_p*x_q*y_p*x_r,prime-field-montgomery,element,specialized,p255_bls12_381_scalar,256,8,0x73eda753299d7d483339d80809a1d80553bda402fffe5bfeffffffff00000001,22,4194304,7,6,8,2,10,whole-run,fixed,triton-sumcheck-prime-field-montgomery-element-layout-specialized-points,132.349,50.196,0.000,0.000000,0.000,50.196,ok,cuda-sumcheck-prime-field-montgomery-element-layout-specialized-points,68.7326,65.7643,0,0,0,65.7643,ok,true,135911975834440,135911975834440,0.763271,,experiments/h100/sweep/cases/zk_complete_add_5_bw256_r22.log
zk_complete_add_5,q_add*x_p*x_q*y_q*lambda*lambda + q_add*x_p*x_q*y_p*lambda*lambda - q_add*x_p*x_p*x_q*y_q - q_add*x_p*x_p*x_q*y_p - q_add*x_p*x_q*x_q*y_q - q_add*x_p*x_q*x_q*y_p - q_add*x_p*x_q*y_q*x_r - q_add*x_p*x_q*y_p*x_r,prime-field-montgomery,element,specialized,p255_bls12_381_scalar,256,8,0x73eda753299d7d483339d80809a1d80553bda402fffe5bfeffffffff00000001,24,16777216,7,6,8,2,10,whole-run,fixed,triton-sumcheck-prime-field-montgomery-element-layout-specialized-points,291.305,169.689,0.000,0.000000,0.000,169.689,ok,cuda-sumcheck-prime-field-montgomery-element-layout-specialized-points,218.052,215.676,0,0,0,215.676,ok,true,146425248442876,146425248442876,0.786777,,experiments/h100/sweep/cases/zk_complete_add_5_bw256_r24.log
zk_complete_add_5,q_add*x_p*x_q*y_q*lambda*lambda + q_add*x_p*x_q*y_p*lambda*lambda - q_add*x_p*x_p*x_q*y_q - q_add*x_p*x_p*x_q*y_p - q_add*x_p*x_q*x_q*y_q - q_add*x_p*x_q*x_q*y_p - q_add*x_p*x_q*y_q*x_r - q_add*x_p*x_q*y_p*x_r,prime-field-montgomery,element,specialized,p255_bls12_381_scalar,256,8,0x73eda753299d7d483339d80809a1d80553bda402fffe5bfeffffffff00000001,26,67108864,7,6,8,2,10,whole-run,fixed,triton-sumcheck-prime-field-montgomery-element-layout-specialized-points,753.900,624.582,0.000,0.000000,0.000,624.582,ok,cuda-sumcheck-prime-field-montgomery-element-layout-specialized-points,825.412,817.662,0,0,0,817.662,ok,true,161138619619848,161138619619848,0.763863,,experiments/h100/sweep/cases/zk_complete_add_5_bw256_r26.log
zk_complete_add_5,q_add*x_p*x_q*y_q*lambda*lambda + q_add*x_p*x_q*y_p*lambda*lambda - q_add*x_p*x_p*x_q*y_q - q_add*x_p*x_p*x_q*y_p - q_add*x_p*x_q*x_q*y_q - q_add*x_p*x_q*x_q*y_p - q_add*x_p*x_q*y_q*x_r - q_add*x_p*x_q*y_p*x_r,prime-field-montgomery,element,specialized,,256,,,28,268435456,7,6,8,2,10,whole-run,fixed,,,,,,,,skipped,,,,,,,,skipped,skipped,,,,returncode=1,experiments/h100/sweep/cases/zk_complete_add_5_bw256_r28.log
zk_complete_add_6,q_add*x_p*x_p*x_q*y_q*lambda + q_add*x_p*x_p*x_q*y_p*lambda - q_add*x_p*x_q*y_p*x_r*lambda - q_add*x_p*x_q*y_q*x_r*lambda - q_add*x_p*x_q*y_p*y_p - q_add*x_p*x_q*y_p*y_q - q_add*x_p*x_q*y_p*y_r - q_add*x_p*x_q*y_q*y_r,prime-field-montgomery,element,specialized,p32_2^32_minus_5,32,1,0xfffffffb,14,16384,8,6,8,2,10,whole-run,fixed,triton-sumcheck-prime-field-montgomery-element-layout-specialized-points,39.717,4.256,0.000,0.000000,0.000,4.256,ok,cuda-sumcheck-prime-field-montgomery-element-layout-specialized-points,2.68054,2.35632,0,0,0,2.35632,ok,true,2732034355063,2732034355063,1.806206,,experiments/h100/sweep/cases/zk_complete_add_6_bw32_r14.log
zk_complete_add_6,q_add*x_p*x_p*x_q*y_q*lambda + q_add*x_p*x_p*x_q*y_p*lambda - q_add*x_p*x_q*y_p*x_r*lambda - q_add*x_p*x_q*y_q*x_r*lambda - q_add*x_p*x_q*y_p*y_p - q_add*x_p*x_q*y_p*y_q - q_add*x_p*x_q*y_p*y_r - q_add*x_p*x_q*y_q*y_r,prime-field-montgomery,element,specialized,p32_2^32_minus_5,32,1,0xfffffffb,16,65536,8,6,8,2,10,whole-run,fixed,triton-sumcheck-prime-field-montgomery-element-layout-specialized-points,40.151,5.896,0.000,0.000000,0.000,5.896,ok,cuda-sumcheck-prime-field-montgomery-element-layout-specialized-points,3.13117,2.75984,0,0,0,2.75984,ok,true,3165230624907,3165230624907,2.136356,,experiments/h100/sweep/cases/zk_complete_add_6_bw32_r16.log
zk_complete_add_6,q_add*x_p*x_p*x_q*y_q*lambda + q_add*x_p*x_p*x_q*y_p*lambda - q_add*x_p*x_q*y_p*x_r*lambda - q_add*x_p*x_q*y_q*x_r*lambda - q_add*x_p*x_q*y_p*y_p - q_add*x_p*x_q*y_p*y_q - q_add*x_p*x_q*y_p*y_r - q_add*x_p*x_q*y_q*y_r,prime-field-montgomery,element,specialized,p32_2^32_minus_5,32,1,0xfffffffb,18,262144,8,6,8,2,10,whole-run,fixed,triton-sumcheck-prime-field-montgomery-element-layout-specialized-points,82.230,14.521,0.000,0.000000,0.000,14.521,ok,cuda-sumcheck-prime-field-montgomery-element-layout-specialized-points,3.7504,3.35738,0,0,0,3.35738,ok,true,3524664918177,3524664918177,4.325099,,experiments/h100/sweep/cases/zk_complete_add_6_bw32_r18.log
zk_complete_add_6,q_add*x_p*x_p*x_q*y_q*lambda + q_add*x_p*x_p*x_q*y_p*lambda - q_add*x_p*x_q*y_p*x_r*lambda - q_add*x_p*x_q*y_q*x_r*lambda - q_add*x_p*x_q*y_p*y_p - q_add*x_p*x_q*y_p*y_q - q_add*x_p*x_q*y_p*y_r - q_add*x_p*x_q*y_q*y_r,prime-field-montgomery,element,specialized,p32_2^32_minus_5,32,1,0xfffffffb,20,1048576,8,6,8,2,10,whole-run,fixed,triton-sumcheck-prime-field-montgomery-element-layout-specialized-points,89.730,19.144,0.000,0.000000,0.000,19.144,ok,cuda-sumcheck-prime-field-montgomery-element-layout-specialized-points,4.59696,4.20282,0,0,0,4.20282,ok,true,3965831004005,3965831004005,4.555037,,experiments/h100/sweep/cases/zk_complete_add_6_bw32_r20.log
zk_complete_add_6,q_add*x_p*x_p*x_q*y_q*lambda + q_add*x_p*x_p*x_q*y_p*lambda - q_add*x_p*x_q*y_p*x_r*lambda - q_add*x_p*x_q*y_q*x_r*lambda - q_add*x_p*x_q*y_p*y_p - q_add*x_p*x_q*y_p*y_q - q_add*x_p*x_q*y_p*y_r - q_add*x_p*x_q*y_q*y_r,prime-field-montgomery,element,specialized,p32_2^32_minus_5,32,1,0xfffffffb,22,4194304,8,6,8,2,10,whole-run,fixed,triton-sumcheck-prime-field-montgomery-element-layout-specialized-points,85.146,20.689,0.000,0.000000,0.000,20.689,ok,cuda-sumcheck-prime-field-montgomery-element-layout-specialized-points,6.12288,5.75757,0,0,0,5.75757,ok,true,4218207864195,4218207864195,3.593356,,experiments/h100/sweep/cases/zk_complete_add_6_bw32_r22.log
zk_complete_add_6,q_add*x_p*x_p*x_q*y_q*lambda + q_add*x_p*x_p*x_q*y_p*lambda - q_add*x_p*x_q*y_p*x_r*lambda - q_add*x_p*x_q*y_q*x_r*lambda - q_add*x_p*x_q*y_p*y_p - q_add*x_p*x_q*y_p*y_q - q_add*x_p*x_q*y_p*y_r - q_add*x_p*x_q*y_q*y_r,prime-field-montgomery,element,specialized,p32_2^32_minus_5,32,1,0xfffffffb,24,16777216,8,6,8,2,10,whole-run,fixed,triton-sumcheck-prime-field-montgomery-element-layout-specialized-points,90.110,30.617,0.000,0.000000,0.000,30.617,ok,cuda-sumcheck-prime-field-montgomery-element-layout-specialized-points,10.7117,10.268,0,0,0,10.268,ok,true,4596271812704,4596271812704,2.981788,,experiments/h100/sweep/cases/zk_complete_add_6_bw32_r24.log
zk_complete_add_6,q_add*x_p*x_p*x_q*y_q*lambda + q_add*x_p*x_p*x_q*y_p*lambda - q_add*x_p*x_q*y_p*x_r*lambda - q_add*x_p*x_q*y_q*x_r*lambda - q_add*x_p*x_q*y_p*y_p - q_add*x_p*x_q*y_p*y_q - q_add*x_p*x_q*y_p*y_r - q_add*x_p*x_q*y_q*y_r,prime-field-montgomery,element,specialized,p32_2^32_minus_5,32,1,0xfffffffb,26,67108864,8,6,8,2,10,whole-run,fixed,triton-sumcheck-prime-field-montgomery-element-layout-specialized-points,125.223,66.732,0.000,0.000000,0.000,66.732,ok,cuda-sumcheck-prime-field-montgomery-element-layout-specialized-points,25.6145,25.377,0,0,0,25.377,ok,true,4670927661413,4670927661413,2.629625,,experiments/h100/sweep/cases/zk_complete_add_6_bw32_r26.log
zk_complete_add_6,q_add*x_p*x_p*x_q*y_q*lambda + q_add*x_p*x_p*x_q*y_p*lambda - q_add*x_p*x_q*y_p*x_r*lambda - q_add*x_p*x_q*y_q*x_r*lambda - q_add*x_p*x_q*y_p*y_p - q_add*x_p*x_q*y_p*y_q - q_add*x_p*x_q*y_p*y_r - q_add*x_p*x_q*y_q*y_r,prime-field-montgomery,element,specialized,p32_2^32_minus_5,32,1,0xfffffffb,28,268435456,8,6,8,2,10,whole-run,fixed,triton-sumcheck-prime-field-montgomery-element-layout-specialized-points,262.166,205.594,0.000,0.000000,0.000,205.594,ok,cuda-sumcheck-prime-field-montgomery-element-layout-specialized-points,85.3586,86.1917,0,0,0,86.1917,ok,true,5407386445409,5407386445409,2.385311,,experiments/h100/sweep/cases/zk_complete_add_6_bw32_r28.log
zk_complete_add_6,q_add*x_p*x_p*x_q*y_q*lambda + q_add*x_p*x_p*x_q*y_p*lambda - q_add*x_p*x_q*y_p*x_r*lambda - q_add*x_p*x_q*y_q*x_r*lambda - q_add*x_p*x_q*y_p*y_p - q_add*x_p*x_q*y_p*y_q - q_add*x_p*x_q*y_p*y_r - q_add*x_p*x_q*y_q*y_r,prime-field-montgomery,element,specialized,p64_goldilocks,64,2,0xffffffff00000001,14,16384,8,6,8,2,10,whole-run,fixed,triton-sumcheck-prime-field-montgomery-element-layout-specialized-points,42.880,4.353,0.000,0.000000,0.000,4.353,ok,cuda-sumcheck-prime-field-montgomery-element-layout-specialized-points,3.15373,2.52938,0,0,0,2.52938,ok,true,8071796398614,8071796398614,1.720975,,experiments/h100/sweep/cases/zk_complete_add_6_bw64_r14.log
zk_complete_add_6,q_add*x_p*x_p*x_q*y_q*lambda + q_add*x_p*x_p*x_q*y_p*lambda - q_add*x_p*x_q*y_p*x_r*lambda - q_add*x_p*x_q*y_q*x_r*lambda - q_add*x_p*x_q*y_p*y_p - q_add*x_p*x_q*y_p*y_q - q_add*x_p*x_q*y_p*y_r - q_add*x_p*x_q*y_q*y_r,prime-field-montgomery,element,specialized,p64_goldilocks,64,2,0xffffffff00000001,16,65536,8,6,8,2,10,whole-run,fixed,triton-sumcheck-prime-field-montgomery-element-layout-specialized-points,78.106,9.889,0.000,0.000000,0.000,9.889,ok,cuda-sumcheck-prime-field-montgomery-element-layout-specialized-points,3.83734,3.24896,0,0,0,3.24896,ok,true,9188997486136,9188997486136,3.043743,,experiments/h100/sweep/cases/zk_complete_add_6_bw64_r16.log
zk_complete_add_6,q_add*x_p*x_p*x_q*y_q*lambda + q_add*x_p*x_p*x_q*y_p*lambda - q_add*x_p*x_q*y_p*x_r*lambda - q_add*x_p*x_q*y_q*x_r*lambda - q_add*x_p*x_q*y_p*y_p - q_add*x_p*x_q*y_p*y_q - q_add*x_p*x_q*y_p*y_r - q_add*x_p*x_q*y_q*y_r,prime-field-montgomery,element,specialized,p64_goldilocks,64,2,0xffffffff00000001,18,262144,8,6,8,2,10,whole-run,fixed,triton-sumcheck-prime-field-montgomery-element-layout-specialized-points,46.074,7.446,0.000,0.000000,0.000,7.446,ok,cuda-sumcheck-prime-field-montgomery-element-layout-specialized-points,4.64736,4.01424,0,0,0,4.01424,ok,true,10966450254344,10966450254344,1.854897,,experiments/h100/sweep/cases/zk_complete_add_6_bw64_r18.log
zk_complete_add_6,q_add*x_p*x_p*x_q*y_q*lambda + q_add*x_p*x_p*x_q*y_p*lambda - q_add*x_p*x_q*y_p*x_r*lambda - q_add*x_p*x_q*y_q*x_r*lambda - q_add*x_p*x_q*y_p*y_p - q_add*x_p*x_q*y_p*y_q - q_add*x_p*x_q*y_p*y_r - q_add*x_p*x_q*y_q*y_r,prime-field-montgomery,element,specialized,p64_goldilocks,64,2,0xffffffff00000001,20,1048576,8,6,8,2,10,whole-run,fixed,triton-sumcheck-prime-field-montgomery-element-layout-specialized-points,50.406,9.922,0.000,0.000000,0.000,9.922,ok,cuda-sumcheck-prime-field-montgomery-element-layout-specialized-points,6.04819,5.42499,0,0,0,5.42499,ok,true,11910253914364,11910253914364,1.828943,,experiments/h100/sweep/cases/zk_complete_add_6_bw64_r20.log
zk_complete_add_6,q_add*x_p*x_p*x_q*y_q*lambda + q_add*x_p*x_p*x_q*y_p*lambda - q_add*x_p*x_q*y_p*x_r*lambda - q_add*x_p*x_q*y_q*x_r*lambda - q_add*x_p*x_q*y_p*y_p - q_add*x_p*x_q*y_p*y_q - q_add*x_p*x_q*y_p*y_r - q_add*x_p*x_q*y_q*y_r,prime-field-montgomery,element,specialized,p64_goldilocks,64,2,0xffffffff00000001,22,4194304,8,6,8,2,10,whole-run,fixed,triton-sumcheck-prime-field-montgomery-element-layout-specialized-points,102.345,21.699,0.000,0.000000,0.000,21.699,ok,cuda-sumcheck-prime-field-montgomery-element-layout-specialized-points,9.86515,9.28659,0,0,0,9.28659,ok,true,13325553290634,13325553290634,2.336595,,experiments/h100/sweep/cases/zk_complete_add_6_bw64_r22.log
zk_complete_add_6,q_add*x_p*x_p*x_q*y_q*lambda + q_add*x_p*x_p*x_q*y_p*lambda - q_add*x_p*x_q*y_p*x_r*lambda - q_add*x_p*x_q*y_q*x_r*lambda - q_add*x_p*x_q*y_p*y_p - q_add*x_p*x_q*y_p*y_q - q_add*x_p*x_q*y_p*y_r - q_add*x_p*x_q*y_q*y_r,prime-field-montgomery,element,specialized,p64_goldilocks,64,2,0xffffffff00000001,24,16777216,8,6,8,2,10,whole-run,fixed,triton-sumcheck-prime-field-montgomery-element-layout-specialized-points,100.665,35.615,0.000,0.000000,0.000,35.615,ok,cuda-sumcheck-prime-field-montgomery-element-layout-specialized-points,22.5429,21.603,0,0,0,21.603,ok,true,14322881746485,14322881746485,1.648614,,experiments/h100/sweep/cases/zk_complete_add_6_bw64_r24.log
zk_complete_add_6,q_add*x_p*x_p*x_q*y_q*lambda + q_add*x_p*x_p*x_q*y_p*lambda - q_add*x_p*x_q*y_p*x_r*lambda - q_add*x_p*x_q*y_q*x_r*lambda - q_add*x_p*x_q*y_p*y_p - q_add*x_p*x_q*y_p*y_q - q_add*x_p*x_q*y_p*y_r - q_add*x_p*x_q*y_q*y_r,prime-field-montgomery,element,specialized,p64_goldilocks,64,2,0xffffffff00000001,26,67108864,8,6,8,2,10,whole-run,fixed,triton-sumcheck-prime-field-montgomery-element-layout-specialized-points,153.951,90.528,0.000,0.000000,0.000,90.528,ok,cuda-sumcheck-prime-field-montgomery-element-layout-specialized-points,69.7729,70.4034,0,0,0,70.4034,ok,true,14512861747540,14512861747540,1.285847,,experiments/h100/sweep/cases/zk_complete_add_6_bw64_r26.log
zk_complete_add_6,q_add*x_p*x_p*x_q*y_q*lambda + q_add*x_p*x_p*x_q*y_p*lambda - q_add*x_p*x_q*y_p*x_r*lambda - q_add*x_p*x_q*y_q*x_r*lambda - q_add*x_p*x_q*y_p*y_p - q_add*x_p*x_q*y_p*y_q - q_add*x_p*x_q*y_p*y_r - q_add*x_p*x_q*y_q*y_r,prime-field-montgomery,element,specialized,p64_goldilocks,64,2,0xffffffff00000001,28,268435456,8,6,8,2,10,whole-run,fixed,triton-sumcheck-prime-field-montgomery-element-layout-specialized-points,372.284,309.547,0.000,0.000000,0.000,309.547,ok,cuda-sumcheck-prime-field-montgomery-element-layout-specialized-points,265.672,280.643,0,0,0,280.643,ok,true,17209631480548,17209631480548,1.102992,,experiments/h100/sweep/cases/zk_complete_add_6_bw64_r28.log
zk_complete_add_6,q_add*x_p*x_p*x_q*y_q*lambda + q_add*x_p*x_p*x_q*y_p*lambda - q_add*x_p*x_q*y_p*x_r*lambda - q_add*x_p*x_q*y_q*x_r*lambda - q_add*x_p*x_q*y_p*y_p - q_add*x_p*x_q*y_p*y_q - q_add*x_p*x_q*y_p*y_r - q_add*x_p*x_q*y_q*y_r,prime-field-montgomery,element,specialized,p128_mersenne_2^127_minus_1,128,4,0x7fffffffffffffffffffffffffffffff,14,16384,8,6,8,2,10,whole-run,fixed,triton-sumcheck-prime-field-montgomery-element-layout-specialized-points,55.393,4.750,0.000,0.000000,0.000,4.750,ok,cuda-sumcheck-prime-field-montgomery-element-layout-specialized-points,5.4256,3.90544,0,0,0,3.90544,ok,true,21412066203099,21412066203099,1.216252,,experiments/h100/sweep/cases/zk_complete_add_6_bw128_r14.log
zk_complete_add_6,q_add*x_p*x_p*x_q*y_q*lambda + q_add*x_p*x_p*x_q*y_p*lambda - q_add*x_p*x_q*y_p*x_r*lambda - q_add*x_p*x_q*y_q*x_r*lambda - q_add*x_p*x_q*y_p*y_p - q_add*x_p*x_q*y_p*y_q - q_add*x_p*x_q*y_p*y_r - q_add*x_p*x_q*y_q*y_r,prime-field-montgomery,element,specialized,p128_mersenne_2^127_minus_1,128,4,0x7fffffffffffffffffffffffffffffff,16,65536,8,6,8,2,10,whole-run,fixed,triton-sumcheck-prime-field-montgomery-element-layout-specialized-points,56.017,6.224,0.000,0.000000,0.000,6.224,ok,cuda-sumcheck-prime-field-montgomery-element-layout-specialized-points,6.18042,4.70211,0,0,0,4.70211,ok,true,25361767609581,25361767609581,1.323661,,experiments/h100/sweep/cases/zk_complete_add_6_bw128_r16.log
zk_complete_add_6,q_add*x_p*x_p*x_q*y_q*lambda + q_add*x_p*x_p*x_q*y_p*lambda - q_add*x_p*x_q*y_p*x_r*lambda - q_add*x_p*x_q*y_q*x_r*lambda - q_add*x_p*x_q*y_p*y_p - q_add*x_p*x_q*y_p*y_q - q_add*x_p*x_q*y_p*y_r - q_add*x_p*x_q*y_q*y_r,prime-field-montgomery,element,specialized,p128_mersenne_2^127_minus_1,128,4,0x7fffffffffffffffffffffffffffffff,18,262144,8,6,8,2,10,whole-run,fixed,triton-sumcheck-prime-field-montgomery-element-layout-specialized-points,56.997,7.946,0.000,0.000000,0.000,7.946,ok,cuda-sumcheck-prime-field-montgomery-element-layout-specialized-points,7.57162,6.08899,0,0,0,6.08899,ok,true,27862136254225,27862136254225,1.304978,,experiments/h100/sweep/cases/zk_complete_add_6_bw128_r18.log
zk_complete_add_6,q_add*x_p*x_p*x_q*y_q*lambda + q_add*x_p*x_p*x_q*y_p*lambda - q_add*x_p*x_q*y_p*x_r*lambda - q_add*x_p*x_q*y_q*x_r*lambda - q_add*x_p*x_q*y_p*y_p - q_add*x_p*x_q*y_p*y_q - q_add*x_p*x_q*y_p*y_r - q_add*x_p*x_q*y_q*y_r,prime-field-montgomery,element,specialized,p128_mersenne_2^127_minus_1,128,4,0x7fffffffffffffffffffffffffffffff,20,1048576,8,6,8,2,10,whole-run,fixed,triton-sumcheck-prime-field-montgomery-element-layout-specialized-points,98.141,16.906,0.000,0.000000,0.000,16.906,ok,cuda-sumcheck-prime-field-montgomery-element-layout-specialized-points,10.9202,9.37805,0,0,0,9.37805,ok,true,32765236585601,32765236585601,1.802720,,experiments/h100/sweep/cases/zk_complete_add_6_bw128_r20.log
zk_complete_add_6,q_add*x_p*x_p*x_q*y_q*lambda + q_add*x_p*x_p*x_q*y_p*lambda - q_add*x_p*x_q*y_p*x_r*lambda - q_add*x_p*x_q*y_q*x_r*lambda - q_add*x_p*x_q*y_p*y_p - q_add*x_p*x_q*y_p*y_q - q_add*x_p*x_q*y_p*y_r - q_add*x_p*x_q*y_q*y_r,prime-field-montgomery,element,specialized,p128_mersenne_2^127_minus_1,128,4,0x7fffffffffffffffffffffffffffffff,22,4194304,8,6,8,2,10,whole-run,fixed,triton-sumcheck-prime-field-montgomery-element-layout-specialized-points,106.206,26.699,0.000,0.000000,0.000,26.699,ok,cuda-sumcheck-prime-field-montgomery-element-layout-specialized-points,21.0286,19.4594,0,0,0,19.4594,ok,true,33382113506443,33382113506443,1.372036,,experiments/h100/sweep/cases/zk_complete_add_6_bw128_r22.log
zk_complete_add_6,q_add*x_p*x_p*x_q*y_q*lambda + q_add*x_p*x_p*x_q*y_p*lambda - q_add*x_p*x_q*y_p*x_r*lambda - q_add*x_p*x_q*y_q*x_r*lambda - q_add*x_p*x_q*y_p*y_p - q_add*x_p*x_q*y_p*y_q - q_add*x_p*x_q*y_p*y_r - q_add*x_p*x_q*y_q*y_r,prime-field-montgomery,element,specialized,p128_mersenne_2^127_minus_1,128,4,0x7fffffffffffffffffffffffffffffff,24,16777216,8,6,8,2,10,whole-run,fixed,triton-sumcheck-prime-field-montgomery-element-layout-specialized-points,140.628,61.147,0.000,0.000000,0.000,61.147,ok,cuda-sumcheck-prime-field-montgomery-element-layout-specialized-points,57.9101,56.4847,0,0,0,56.4847,ok,true,38021855810549,38021855810549,1.082541,,experiments/h100/sweep/cases/zk_complete_add_6_bw128_r24.log
zk_complete_add_6,q_add*x_p*x_p*x_q*y_q*lambda + q_add*x_p*x_p*x_q*y_p*lambda - q_add*x_p*x_q*y_p*x_r*lambda - q_add*x_p*x_q*y_q*x_r*lambda - q_add*x_p*x_q*y_p*y_p - q_add*x_p*x_q*y_p*y_q - q_add*x_p*x_q*y_p*y_r - q_add*x_p*x_q*y_q*y_r,prime-field-montgomery,element,specialized,p128_mersenne_2^127_minus_1,128,4,0x7fffffffffffffffffffffffffffffff,26,67108864,8,6,8,2,10,whole-run,fixed,triton-sumcheck-prime-field-montgomery-element-layout-specialized-points,273.094,195.563,0.000,0.000000,0.000,195.563,ok,cuda-sumcheck-prime-field-montgomery-element-layout-specialized-points,204.22,202.689,0,0,0,202.689,ok,true,41597288433272,41597288433272,0.964843,,experiments/h100/sweep/cases/zk_complete_add_6_bw128_r26.log
zk_complete_add_6,q_add*x_p*x_p*x_q*y_q*lambda + q_add*x_p*x_p*x_q*y_p*lambda - q_add*x_p*x_q*y_p*x_r*lambda - q_add*x_p*x_q*y_q*x_r*lambda - q_add*x_p*x_q*y_p*y_p - q_add*x_p*x_q*y_p*y_q - q_add*x_p*x_q*y_p*y_r - q_add*x_p*x_q*y_q*y_r,prime-field-montgomery,element,specialized,,128,,,28,268435456,8,6,8,2,10,whole-run,fixed,,,,,,,,skipped,,,,,,,,skipped,skipped,,,,returncode=1,experiments/h100/sweep/cases/zk_complete_add_6_bw128_r28.log
zk_complete_add_6,q_add*x_p*x_p*x_q*y_q*lambda + q_add*x_p*x_p*x_q*y_p*lambda - q_add*x_p*x_q*y_p*x_r*lambda - q_add*x_p*x_q*y_q*x_r*lambda - q_add*x_p*x_q*y_p*y_p - q_add*x_p*x_q*y_p*y_q - q_add*x_p*x_q*y_p*y_r - q_add*x_p*x_q*y_q*y_r,prime-field-montgomery,element,specialized,p255_bls12_381_scalar,256,8,0x73eda753299d7d483339d80809a1d80553bda402fffe5bfeffffffff00000001,14,16384,8,6,8,2,10,whole-run,fixed,triton-sumcheck-prime-field-montgomery-element-layout-specialized-points,93.322,7.496,0.000,0.000000,0.000,7.496,ok,cuda-sumcheck-prime-field-montgomery-element-layout-specialized-points,12.8679,8.74733,0,0,0,8.74733,ok,true,84088931235322,84088931235322,0.856947,,experiments/h100/sweep/cases/zk_complete_add_6_bw256_r14.log
zk_complete_add_6,q_add*x_p*x_p*x_q*y_q*lambda + q_add*x_p*x_p*x_q*y_p*lambda - q_add*x_p*x_q*y_p*x_r*lambda - q_add*x_p*x_q*y_q*x_r*lambda - q_add*x_p*x_q*y_p*y_p - q_add*x_p*x_q*y_p*y_q - q_add*x_p*x_q*y_p*y_r - q_add*x_p*x_q*y_q*y_r,prime-field-montgomery,element,specialized,p255_bls12_381_scalar,256,8,0x73eda753299d7d483339d80809a1d80553bda402fffe5bfeffffffff00000001,16,65536,8,6,8,2,10,whole-run,fixed,triton-sumcheck-prime-field-montgomery-element-layout-specialized-points,145.151,12.274,0.000,0.000000,0.000,12.274,ok,cuda-sumcheck-prime-field-montgomery-element-layout-specialized-points,14.6734,10.4029,0,0,0,10.4029,ok,true,97729813563668,97729813563668,1.179863,,experiments/h100/sweep/cases/zk_complete_add_6_bw256_r16.log
zk_complete_add_6,q_add*x_p*x_p*x_q*y_q*lambda + q_add*x_p*x_p*x_q*y_p*lambda - q_add*x_p*x_q*y_p*x_r*lambda - q_add*x_p*x_q*y_q*x_r*lambda - q_add*x_p*x_q*y_p*y_p - q_add*x_p*x_q*y_p*y_q - q_add*x_p*x_q*y_p*y_r - q_add*x_p*x_q*y_q*y_r,prime-field-montgomery,element,specialized,p255_bls12_381_scalar,256,8,0x73eda753299d7d483339d80809a1d80553bda402fffe5bfeffffffff00000001,18,262144,8,6,8,2,10,whole-run,fixed,triton-sumcheck-prime-field-montgomery-element-layout-specialized-points,147.706,16.421,0.000,0.000000,0.000,16.421,ok,cuda-sumcheck-prime-field-montgomery-element-layout-specialized-points,19.3,15.352,0,0,0,15.352,ok,true,111801510711826,111801510711826,1.069633,,experiments/h100/sweep/cases/zk_complete_add_6_bw256_r18.log
zk_complete_add_6,q_add*x_p*x_p*x_q*y_q*lambda + q_add*x_p*x_p*x_q*y_p*lambda - q_add*x_p*x_q*y_p*x_r*lambda - q_add*x_p*x_q*y_q*x_r*lambda - q_add*x_p*x_q*y_p*y_p - q_add*x_p*x_q*y_p*y_q - q_add*x_p*x_q*y_p*y_r - q_add*x_p*x_q*y_q*y_r,prime-field-montgomery,element,specialized,p255_bls12_381_scalar,256,8,0x73eda753299d7d483339d80809a1d80553bda402fffe5bfeffffffff00000001,20,1048576,8,6,8,2,10,whole-run,fixed,triton-sumcheck-prime-field-montgomery-element-layout-specialized-points,163.157,25.906,0.000,0.000000,0.000,25.906,ok,cuda-sumcheck-prime-field-montgomery-element-layout-specialized-points,31.9018,27.8161,0,0,0,27.8161,ok,true,127702151872698,127702151872698,0.931331,,experiments/h100/sweep/cases/zk_complete_add_6_bw256_r20.log
zk_complete_add_6,q_add*x_p*x_p*x_q*y_q*lambda + q_add*x_p*x_p*x_q*y_p*lambda - q_add*x_p*x_q*y_p*x_r*lambda - q_add*x_p*x_q*y_q*x_r*lambda - q_add*x_p*x_q*y_p*y_p - q_add*x_p*x_q*y_p*y_q - q_add*x_p*x_q*y_p*y_r - q_add*x_p*x_q*y_q*y_r,prime-field-montgomery,element,specialized,p255_bls12_381_scalar,256,8,0x73eda753299d7d483339d80809a1d80553bda402fffe5bfeffffffff00000001,22,4194304,8,6,8,2,10,whole-run,fixed,triton-sumcheck-prime-field-montgomery-element-layout-specialized-points,189.538,60.306,0.000,0.000000,0.000,60.306,ok,cuda-sumcheck-prime-field-montgomery-element-layout-specialized-points,76.8647,72.8972,0,0,0,72.8972,ok,true,136453822904269,136453822904269,0.827275,,experiments/h100/sweep/cases/zk_complete_add_6_bw256_r22.log
zk_complete_add_6,q_add*x_p*x_p*x_q*y_q*lambda + q_add*x_p*x_p*x_q*y_p*lambda - q_add*x_p*x_q*y_p*x_r*lambda - q_add*x_p*x_q*y_q*x_r*lambda - q_add*x_p*x_q*y_p*y_p - q_add*x_p*x_q*y_p*y_q - q_add*x_p*x_q*y_p*y_r - q_add*x_p*x_q*y_q*y_r,prime-field-montgomery,element,specialized,p255_bls12_381_scalar,256,8,0x73eda753299d7d483339d80809a1d80553bda402fffe5bfeffffffff00000001,24,16777216,8,6,8,2,10,whole-run,fixed,triton-sumcheck-prime-field-montgomery-element-layout-specialized-points,323.377,190.970,0.000,0.000000,0.000,190.970,ok,cuda-sumcheck-prime-field-montgomery-element-layout-specialized-points,258.402,254.74,0,0,0,254.74,ok,true,151263839095356,151263839095356,0.749666,,experiments/h100/sweep/cases/zk_complete_add_6_bw256_r24.log
zk_complete_add_6,q_add*x_p*x_p*x_q*y_q*lambda + q_add*x_p*x_p*x_q*y_p*lambda - q_add*x_p*x_q*y_p*x_r*lambda - q_add*x_p*x_q*y_q*x_r*lambda - q_add*x_p*x_q*y_p*y_p - q_add*x_p*x_q*y_p*y_q - q_add*x_p*x_q*y_p*y_r - q_add*x_p*x_q*y_q*y_r,prime-field-montgomery,element,specialized,p255_bls12_381_scalar,256,8,0x73eda753299d7d483339d80809a1d80553bda402fffe5bfeffffffff00000001,26,67108864,8,6,8,2,10,whole-run,fixed,triton-sumcheck-prime-field-montgomery-element-layout-specialized-points,859.564,701.095,0.000,0.000000,0.000,701.095,ok,cuda-sumcheck-prime-field-montgomery-element-layout-specialized-points,954.975,951.488,0,0,0,951.488,ok,true,162039945774460,162039945774460,0.736841,,experiments/h100/sweep/cases/zk_complete_add_6_bw256_r26.log
zk_complete_add_6,q_add*x_p*x_p*x_q*y_q*lambda + q_add*x_p*x_p*x_q*y_p*lambda - q_add*x_p*x_q*y_p*x_r*lambda - q_add*x_p*x_q*y_q*x_r*lambda - q_add*x_p*x_q*y_p*y_p - q_add*x_p*x_q*y_p*y_q - q_add*x_p*x_q*y_p*y_r - q_add*x_p*x_q*y_q*y_r,prime-field-montgomery,element,specialized,,256,,,28,268435456,8,6,8,2,10,whole-run,fixed,,,,,,,,skipped,,,,,,,,skipped,skipped,,,,returncode=1,experiments/h100/sweep/cases/zk_complete_add_6_bw256_r28.log
zk_complete_add_7,q_add*x_r - q_add*x_q - q_add*x_p*x_r*beta + q_add*x_p*x_q*beta,prime-field-montgomery,element,specialized,p32_2^32_minus_5,32,1,0xfffffffb,14,16384,5,4,4,2,10,whole-run,fixed,triton-sumcheck-prime-field-montgomery-element-layout-specialized-points,32.915,3.187,0.000,0.000000,0.000,3.187,ok,cuda-sumcheck-prime-field-montgomery-element-layout-specialized-points,2.19283,1.86982,0,0,0,1.86982,ok,true,2034891719822,2034891719822,1.704442,,experiments/h100/sweep/cases/zk_complete_add_7_bw32_r14.log
zk_complete_add_7,q_add*x_r - q_add*x_q - q_add*x_p*x_r*beta + q_add*x_p*x_q*beta,prime-field-montgomery,element,specialized,p32_2^32_minus_5,32,1,0xfffffffb,16,65536,5,4,4,2,10,whole-run,fixed,triton-sumcheck-prime-field-montgomery-element-layout-specialized-points,33.674,4.169,0.000,0.000000,0.000,4.169,ok,cuda-sumcheck-prime-field-montgomery-element-layout-specialized-points,2.79296,2.48768,0,0,0,2.48768,ok,true,2172632219225,2172632219225,1.675859,,experiments/h100/sweep/cases/zk_complete_add_7_bw32_r16.log
zk_complete_add_7,q_add*x_r - q_add*x_q - q_add*x_p*x_r*beta + q_add*x_p*x_q*beta,prime-field-montgomery,element,specialized,p32_2^32_minus_5,32,1,0xfffffffb,18,262144,5,4,4,2,10,whole-run,fixed,triton-sumcheck-prime-field-montgomery-element-layout-specialized-points,35.249,5.363,0.000,0.000000,0.000,5.363,ok,cuda-sumcheck-prime-field-montgomery-element-layout-specialized-points,2.69984,2.39885,0,0,0,2.39885,ok,true,2573258479233,2573258479233,2.235655,,experiments/h100/sweep/cases/zk_complete_add_7_bw32_r18.log
zk_complete_add_7,q_add*x_r - q_add*x_q - q_add*x_p*x_r*beta + q_add*x_p*x_q*beta,prime-field-montgomery,element,specialized,p32_2^32_minus_5,32,1,0xfffffffb,20,1048576,5,4,4,2,10,whole-run,fixed,triton-sumcheck-prime-field-montgomery-element-layout-specialized-points,36.605,6.798,0.000,0.000000,0.000,6.798,ok,cuda-sumcheck-prime-field-montgomery-element-layout-specialized-points,3.26003,2.89706,0,0,0,2.89706,ok,true,2693989604514,2693989604514,2.346517,,experiments/h100/sweep/cases/zk_complete_add_7_bw32_r20.log
zk_complete_add_7,q_add*x_r - q_add*x_q - q_add*x_p*x_r*beta + q_add*x_p*x_q*beta,prime-field-montgomery,element,specialized,p32_2^32_minus_5,32,1,0xfffffffb,22,4194304,5,4,4,2,10,whole-run,fixed,triton-sumcheck-prime-field-montgomery-element-layout-specialized-points,38.371,8.822,0.000,0.000000,0.000,8.822,ok,cuda-sumcheck-prime-field-montgomery-element-layout-specialized-points,4.12829,3.83504,0,0,0,3.83504,ok,true,2988758291324,2988758291324,2.300367,,experiments/h100/sweep/cases/zk_complete_add_7_bw32_r22.log
zk_complete_add_7,q_add*x_r - q_add*x_q - q_add*x_p*x_r*beta + q_add*x_p*x_q*beta,prime-field-montgomery,element,specialized,p32_2^32_minus_5,32,1,0xfffffffb,24,16777216,5,4,4,2,10,whole-run,fixed,triton-sumcheck-prime-field-montgomery-element-layout-specialized-points,73.618,20.740,0.000,0.000000,0.000,20.740,ok,cuda-sumcheck-prime-field-montgomery-element-layout-specialized-points,6.37318,6.12502,0,0,0,6.12502,ok,true,3229523613953,3229523613953,3.386111,,experiments/h100/sweep/cases/zk_complete_add_7_bw32_r24.log
zk_complete_add_7,q_add*x_r - q_add*x_q - q_add*x_p*x_r*beta + q_add*x_p*x_q*beta,prime-field-montgomery,element,specialized,p32_2^32_minus_5,32,1,0xfffffffb,26,67108864,5,4,4,2,10,whole-run,fixed,triton-sumcheck-prime-field-montgomery-element-layout-specialized-points,93.491,42.055,0.000,0.000000,0.000,42.055,ok,cuda-sumcheck-prime-field-montgomery-element-layout-specialized-points,13.8119,13.4904,0,0,0,13.4904,ok,true,3809575414749,3809575414749,3.117402,,experiments/h100/sweep/cases/zk_complete_add_7_bw32_r26.log
zk_complete_add_7,q_add*x_r - q_add*x_q - q_add*x_p*x_r*beta + q_add*x_p*x_q*beta,prime-field-montgomery,element,specialized,p32_2^32_minus_5,32,1,0xfffffffb,28,268435456,5,4,4,2,10,whole-run,fixed,triton-sumcheck-prime-field-montgomery-element-layout-specialized-points,175.935,124.202,0.000,0.000000,0.000,124.202,ok,cuda-sumcheck-prime-field-montgomery-element-layout-specialized-points,41.6476,41.4504,0,0,0,41.4504,ok,true,3820541626746,3820541626746,2.996401,,experiments/h100/sweep/cases/zk_complete_add_7_bw32_r28.log
zk_complete_add_7,q_add*x_r - q_add*x_q - q_add*x_p*x_r*beta + q_add*x_p*x_q*beta,prime-field-montgomery,element,specialized,p64_goldilocks,64,2,0xffffffff00000001,14,16384,5,4,4,2,10,whole-run,fixed,triton-sumcheck-prime-field-montgomery-element-layout-specialized-points,61.641,5.402,0.000,0.000000,0.000,5.402,ok,cuda-sumcheck-prime-field-montgomery-element-layout-specialized-points,2.00774,1.71133,0,0,0,1.71133,ok,true,5673203275285,5673203275285,3.156609,,experiments/h100/sweep/cases/zk_complete_add_7_bw64_r14.log
zk_complete_add_7,q_add*x_r - q_add*x_q - q_add*x_p*x_r*beta + q_add*x_p*x_q*beta,prime-field-montgomery,element,specialized,p64_goldilocks,64,2,0xffffffff00000001,16,65536,5,4,4,2,10,whole-run,fixed,triton-sumcheck-prime-field-montgomery-element-layout-specialized-points,62.322,7.226,0.000,0.000000,0.000,7.226,ok,cuda-sumcheck-prime-field-montgomery-element-layout-specialized-points,2.424,2.13104,0,0,0,2.13104,ok,true,6344118157169,6344118157169,3.390833,,experiments/h100/sweep/cases/zk_complete_add_7_bw64_r16.log
zk_complete_add_7,q_add*x_r - q_add*x_q - q_add*x_p*x_r*beta + q_add*x_p*x_q*beta,prime-field-montgomery,element,specialized,p64_goldilocks,64,2,0xffffffff00000001,18,262144,5,4,4,2,10,whole-run,fixed,triton-sumcheck-prime-field-montgomery-element-layout-specialized-points,65.245,9.441,0.000,0.000000,0.000,9.441,ok,cuda-sumcheck-prime-field-montgomery-element-layout-specialized-points,2.83587,2.52221,0,0,0,2.52221,ok,true,7586800119743,7586800119743,3.743146,,experiments/h100/sweep/cases/zk_complete_add_7_bw64_r18.log
zk_complete_add_7,q_add*x_r - q_add*x_q - q_add*x_p*x_r*beta + q_add*x_p*x_q*beta,prime-field-montgomery,element,specialized,p64_goldilocks,64,2,0xffffffff00000001,20,1048576,5,4,4,2,10,whole-run,fixed,triton-sumcheck-prime-field-montgomery-element-layout-specialized-points,67.776,11.825,0.000,0.000000,0.000,11.825,ok,cuda-sumcheck-prime-field-montgomery-element-layout-specialized-points,4.79712,4.22288,0,0,0,4.22288,ok,true,8468862849707,8468862849707,2.800222,,experiments/h100/sweep/cases/zk_complete_add_7_bw64_r20.log
zk_complete_add_7,q_add*x_r - q_add*x_q - q_add*x_p*x_r*beta + q_add*x_p*x_q*beta,prime-field-montgomery,element,specialized,p64_goldilocks,64,2,0xffffffff00000001,22,4194304,5,4,4,2,10,whole-run,fixed,triton-sumcheck-prime-field-montgomery-element-layout-specialized-points,70.171,15.074,0.000,0.000000,0.000,15.074,ok,cuda-sumcheck-prime-field-montgomery-element-layout-specialized-points,5.0377,4.76864,0,0,0,4.76864,ok,true,9645652376542,9645652376542,3.161069,,experiments/h100/sweep/cases/zk_complete_add_7_bw64_r22.log
zk_complete_add_7,q_add*x_r - q_add*x_q - q_add*x_p*x_r*beta + q_add*x_p*x_q*beta,prime-field-montgomery,element,specialized,p64_goldilocks,64,2,0xffffffff00000001,24,16777216,5,4,4,2,10,whole-run,fixed,triton-sumcheck-prime-field-montgomery-element-layout-specialized-points,75.898,21.813,0.000,0.000000,0.000,21.813,ok,cuda-sumcheck-prime-field-montgomery-element-layout-specialized-points,9.27277,8.99056,0,0,0,8.99056,ok,true,10460992284873,10460992284873,2.426211,,experiments/h100/sweep/cases/zk_complete_add_7_bw64_r24.log
zk_complete_add_7,q_add*x_r - q_add*x_q - q_add*x_p*x_r*beta + q_add*x_p*x_q*beta,prime-field-montgomery,element,specialized,p64_goldilocks,64,2,0xffffffff00000001,26,67108864,5,4,4,2,10,whole-run,fixed,triton-sumcheck-prime-field-montgomery-element-layout-specialized-points,100.772,47.177,0.000,0.000000,0.000,47.177,ok,cuda-sumcheck-prime-field-montgomery-element-layout-specialized-points,23.8729,23.7239,0,0,0,23.7239,ok,true,10722365125056,10722365125056,1.988585,,experiments/h100/sweep/cases/zk_complete_add_7_bw64_r26.log
zk_complete_add_7,q_add*x_r - q_add*x_q - q_add*x_p*x_r*beta + q_add*x_p*x_q*beta,prime-field-montgomery,element,specialized,p64_goldilocks,64,2,0xffffffff00000001,28,268435456,5,4,4,2,10,whole-run,fixed,triton-sumcheck-prime-field-montgomery-element-layout-specialized-points,199.681,147.874,0.000,0.000000,0.000,147.874,ok,cuda-sumcheck-prime-field-montgomery-element-layout-specialized-points,82.3346,83.1843,0,0,0,83.1843,ok,true,11417964607582,11417964607582,1.777667,,experiments/h100/sweep/cases/zk_complete_add_7_bw64_r28.log
zk_complete_add_7,q_add*x_r - q_add*x_q - q_add*x_p*x_r*beta + q_add*x_p*x_q*beta,prime-field-montgomery,element,specialized,p128_mersenne_2^127_minus_1,128,4,0x7fffffffffffffffffffffffffffffff,14,16384,5,4,4,2,10,whole-run,fixed,triton-sumcheck-prime-field-montgomery-element-layout-specialized-points,37.757,3.268,0.000,0.000000,0.000,3.268,ok,cuda-sumcheck-prime-field-montgomery-element-layout-specialized-points,2.29862,1.83821,0,0,0,1.83821,ok,true,12260456006123,12260456006123,1.777816,,experiments/h100/sweep/cases/zk_complete_add_7_bw128_r14.log
zk_complete_add_7,q_add*x_r - q_add*x_q - q_add*x_p*x_r*beta + q_add*x_p*x_q*beta,prime-field-montgomery,element,specialized,p128_mersenne_2^127_minus_1,128,4,0x7fffffffffffffffffffffffffffffff,16,65536,5,4,4,2,10,whole-run,fixed,triton-sumcheck-prime-field-montgomery-element-layout-specialized-points,38.242,4.276,0.000,0.000000,0.000,4.276,ok,cuda-sumcheck-prime-field-montgomery-element-layout-specialized-points,2.68621,2.26544,0,0,0,2.26544,ok,true,14187752250711,14187752250711,1.887492,,experiments/h100/sweep/cases/zk_complete_add_7_bw128_r16.log
zk_complete_add_7,q_add*x_r - q_add*x_q - q_add*x_p*x_r*beta + q_add*x_p*x_q*beta,prime-field-montgomery,element,specialized,p128_mersenne_2^127_minus_1,128,4,0x7fffffffffffffffffffffffffffffff,18,262144,5,4,4,2,10,whole-run,fixed,triton-sumcheck-prime-field-montgomery-element-layout-specialized-points,74.899,9.275,0.000,0.000000,0.000,9.275,ok,cuda-sumcheck-prime-field-montgomery-element-layout-specialized-points,3.20557,2.77136,0,0,0,2.77136,ok,true,17298230590979,17298230590979,3.346732,,experiments/h100/sweep/cases/zk_complete_add_7_bw128_r18.log
zk_complete_add_7,q_add*x_r - q_add*x_q - q_add*x_p*x_r*beta + q_add*x_p*x_q*beta,prime-field-montgomery,element,specialized,p128_mersenne_2^127_minus_1,128,4,0x7fffffffffffffffffffffffffffffff,20,1048576,5,4,4,2,10,whole-run,fixed,triton-sumcheck-prime-field-montgomery-element-layout-specialized-points,72.525,12.046,0.000,0.000000,0.000,12.046,ok,cuda-sumcheck-prime-field-montgomery-element-layout-specialized-points,4.32906,3.91888,0,0,0,3.91888,ok,true,22557764587774,22557764587774,3.073837,,experiments/h100/sweep/cases/zk_complete_add_7_bw128_r20.log
zk_complete_add_7,q_add*x_r - q_add*x_q - q_add*x_p*x_r*beta + q_add*x_p*x_q*beta,prime-field-montgomery,element,specialized,p128_mersenne_2^127_minus_1,128,4,0x7fffffffffffffffffffffffffffffff,22,4194304,5,4,4,2,10,whole-run,fixed,triton-sumcheck-prime-field-montgomery-element-layout-specialized-points,75.589,15.570,0.000,0.000000,0.000,15.570,ok,cuda-sumcheck-prime-field-montgomery-element-layout-specialized-points,6.89123,6.45334,0,0,0,6.45334,ok,true,24772510013771,24772510013771,2.412704,,experiments/h100/sweep/cases/zk_complete_add_7_bw128_r22.log
zk_complete_add_7,q_add*x_r - q_add*x_q - q_add*x_p*x_r*beta + q_add*x_p*x_q*beta,prime-field-montgomery,element,specialized,p128_mersenne_2^127_minus_1,128,4,0x7fffffffffffffffffffffffffffffff,24,16777216,5,4,4,2,10,whole-run,fixed,triton-sumcheck-prime-field-montgomery-element-layout-specialized-points,87.776,28.757,0.000,0.000000,0.000,28.757,ok,cuda-sumcheck-prime-field-montgomery-element-layout-specialized-points,15.4473,14.9682,0,0,0,14.9682,ok,true,27407170465337,27407170465337,1.921206,,experiments/h100/sweep/cases/zk_complete_add_7_bw128_r24.log
zk_complete_add_7,q_add*x_r - q_add*x_q - q_add*x_p*x_r*beta + q_add*x_p*x_q*beta,prime-field-montgomery,element,specialized,p128_mersenne_2^127_minus_1,128,4,0x7fffffffffffffffffffffffffffffff,26,67108864,5,4,4,2,10,whole-run,fixed,triton-sumcheck-prime-field-montgomery-element-layout-specialized-points,134.956,78.215,0.000,0.000000,0.000,78.215,ok,cuda-sumcheck-prime-field-montgomery-element-layout-specialized-points,48.0219,47.568,0,0,0,47.568,ok,true,28291550435941,28291550435941,1.644278,,experiments/h100/sweep/cases/zk_complete_add_7_bw128_r26.log
zk_complete_add_7,q_add*x_r - q_add*x_q - q_add*x_p*x_r*beta + q_add*x_p*x_q*beta,prime-field-montgomery,element,specialized,p128_mersenne_2^127_minus_1,128,4,0x7fffffffffffffffffffffffffffffff,28,268435456,5,4,4,2,10,whole-run,fixed,triton-sumcheck-prime-field-montgomery-element-layout-specialized-points,327.765,271.308,0.000,0.000000,0.000,271.308,ok,cuda-sumcheck-prime-field-montgomery-element-layout-specialized-points,176.907,182.474,0,0,0,182.474,ok,true,29758454218935,29758454218935,1.486831,,experiments/h100/sweep/cases/zk_complete_add_7_bw128_r28.log
zk_complete_add_7,q_add*x_r - q_add*x_q - q_add*x_p*x_r*beta + q_add*x_p*x_q*beta,prime-field-montgomery,element,specialized,p255_bls12_381_scalar,256,8,0x73eda753299d7d483339d80809a1d80553bda402fffe5bfeffffffff00000001,14,16384,5,4,4,2,10,whole-run,fixed,triton-sumcheck-prime-field-montgomery-element-layout-specialized-points,81.675,5.775,0.000,0.000000,0.000,5.775,ok,cuda-sumcheck-prime-field-montgomery-element-layout-specialized-points,3.7671,2.6687,0,0,0,2.6687,ok,true,64721918569490,64721918569490,2.163975,,experiments/h100/sweep/cases/zk_complete_add_7_bw256_r14.log
zk_complete_add_7,q_add*x_r - q_add*x_q - q_add*x_p*x_r*beta + q_add*x_p*x_q*beta,prime-field-montgomery,element,specialized,p255_bls12_381_scalar,256,8,0x73eda753299d7d483339d80809a1d80553bda402fffe5bfeffffffff00000001,16,65536,5,4,4,2,10,whole-run,fixed,triton-sumcheck-prime-field-montgomery-element-layout-specialized-points,82.436,7.777,0.000,0.000000,0.000,7.777,ok,cuda-sumcheck-prime-field-montgomery-element-layout-specialized-points,4.36499,3.30669,0,0,0,3.30669,ok,true,71667032844355,71667032844355,2.351899,,experiments/h100/sweep/cases/zk_complete_add_7_bw256_r16.log
zk_complete_add_7,q_add*x_r - q_add*x_q - q_add*x_p*x_r*beta + q_add*x_p*x_q*beta,prime-field-montgomery,element,specialized,p255_bls12_381_scalar,256,8,0x73eda753299d7d483339d80809a1d80553bda402fffe5bfeffffffff00000001,18,262144,5,4,4,2,10,whole-run,fixed,triton-sumcheck-prime-field-montgomery-element-layout-specialized-points,86.202,9.984,0.000,0.000000,0.000,9.984,ok,cuda-sumcheck-prime-field-montgomery-element-layout-specialized-points,5.53622,4.49024,0,0,0,4.49024,ok,true,80032519064251,80032519064251,2.223489,,experiments/h100/sweep/cases/zk_complete_add_7_bw256_r18.log
zk_complete_add_7,q_add*x_r - q_add*x_q - q_add*x_p*x_r*beta + q_add*x_p*x_q*beta,prime-field-montgomery,element,specialized,p255_bls12_381_scalar,256,8,0x73eda753299d7d483339d80809a1d80553bda402fffe5bfeffffffff00000001,20,1048576,5,4,4,2,10,whole-run,fixed,triton-sumcheck-prime-field-montgomery-element-layout-specialized-points,87.625,13.205,0.000,0.000000,0.000,13.205,ok,cuda-sumcheck-prime-field-montgomery-element-layout-specialized-points,8.35098,7.27427,0,0,0,7.27427,ok,true,86072749519367,86072749519367,1.815302,,experiments/h100/sweep/cases/zk_complete_add_7_bw256_r20.log
zk_complete_add_7,q_add*x_r - q_add*x_q - q_add*x_p*x_r*beta + q_add*x_p*x_q*beta,prime-field-montgomery,element,specialized,p255_bls12_381_scalar,256,8,0x73eda753299d7d483339d80809a1d80553bda402fffe5bfeffffffff00000001,22,4194304,5,4,4,2,10,whole-run,fixed,triton-sumcheck-prime-field-montgomery-element-layout-specialized-points,97.789,23.441,0.000,0.000000,0.000,23.441,ok,cuda-sumcheck-prime-field-montgomery-element-layout-specialized-points,17.5195,16.1595,0,0,0,16.1595,ok,true,100819326577736,100819326577736,1.450602,,experiments/h100/sweep/cases/zk_complete_add_7_bw256_r22.log
zk_complete_add_7,q_add*x_r - q_add*x_q - q_add*x_p*x_r*beta + q_add*x_p*x_q*beta,prime-field-montgomery,element,specialized,p255_bls12_381_scalar,256,8,0x73eda753299d7d483339d80809a1d80553bda402fffe5bfeffffffff00000001,24,16777216,5,4,4,2,10,whole-run,fixed,triton-sumcheck-prime-field-montgomery-element-layout-specialized-points,132.463,60.594,0.000,0.000000,0.000,60.594,ok,cuda-sumcheck-prime-field-montgomery-element-layout-specialized-points,50.337,49.1556,0,0,0,49.1556,ok,true,107743887149652,107743887149652,1.232698,,experiments/h100/sweep/cases/zk_complete_add_7_bw256_r24.log
zk_complete_add_7,q_add*x_r - q_add*x_q - q_add*x_p*x_r*beta + q_add*x_p*x_q*beta,prime-field-montgomery,element,specialized,p255_bls12_381_scalar,256,8,0x73eda753299d7d483339d80809a1d80553bda402fffe5bfeffffffff00000001,26,67108864,5,4,4,2,10,whole-run,fixed,triton-sumcheck-prime-field-montgomery-element-layout-specialized-points,279.739,206.297,0.000,0.000000,0.000,206.297,ok,cuda-sumcheck-prime-field-montgomery-element-layout-specialized-points,184.175,180.657,0,0,0,180.657,ok,true,115022369023562,115022369023562,1.141926,,experiments/h100/sweep/cases/zk_complete_add_7_bw256_r26.log
zk_complete_add_7,q_add*x_r - q_add*x_q - q_add*x_p*x_r*beta + q_add*x_p*x_q*beta,prime-field-montgomery,element,specialized,,256,,,28,268435456,5,4,4,2,10,whole-run,fixed,,,,,,,,skipped,,,,,,,,skipped,skipped,,,,returncode=1,experiments/h100/sweep/cases/zk_complete_add_7_bw256_r28.log
zk_complete_add_8,q_add*y_r - q_add*y_q - q_add*x_p*y_r*beta + q_add*x_p*y_q*beta,prime-field-montgomery,element,specialized,p32_2^32_minus_5,32,1,0xfffffffb,14,16384,5,4,4,2,10,whole-run,fixed,triton-sumcheck-prime-field-montgomery-element-layout-specialized-points,59.819,5.403,0.000,0.000000,0.000,5.403,ok,cuda-sumcheck-prime-field-montgomery-element-layout-specialized-points,1.8496,1.61408,0,0,0,1.61408,ok,true,2034891719822,2034891719822,3.347418,,experiments/h100/sweep/cases/zk_complete_add_8_bw32_r14.log
zk_complete_add_8,q_add*y_r - q_add*y_q - q_add*x_p*y_r*beta + q_add*x_p*y_q*beta,prime-field-montgomery,element,specialized,p32_2^32_minus_5,32,1,0xfffffffb,16,65536,5,4,4,2,10,whole-run,fixed,triton-sumcheck-prime-field-montgomery-element-layout-specialized-points,61.099,7.223,0.000,0.000000,0.000,7.223,ok,cuda-sumcheck-prime-field-montgomery-element-layout-specialized-points,2.21501,2.00182,0,0,0,2.00182,ok,true,2172632219225,2172632219225,3.608217,,experiments/h100/sweep/cases/zk_complete_add_8_bw32_r16.log
zk_complete_add_8,q_add*y_r - q_add*y_q - q_add*x_p*y_r*beta + q_add*x_p*y_q*beta,prime-field-montgomery,element,specialized,p32_2^32_minus_5,32,1,0xfffffffb,18,262144,5,4,4,2,10,whole-run,fixed,triton-sumcheck-prime-field-montgomery-element-layout-specialized-points,63.688,9.293,0.000,0.000000,0.000,9.293,ok,cuda-sumcheck-prime-field-montgomery-element-layout-specialized-points,2.67923,2.37382,0,0,0,2.37382,ok,true,2573258479233,2573258479233,3.914787,,experiments/h100/sweep/cases/zk_complete_add_8_bw32_r18.log
zk_complete_add_8,q_add*y_r - q_add*y_q - q_add*x_p*y_r*beta + q_add*x_p*y_q*beta,prime-field-montgomery,element,specialized,p32_2^32_minus_5,32,1,0xfffffffb,20,1048576,5,4,4,2,10,whole-run,fixed,triton-sumcheck-prime-field-montgomery-element-layout-specialized-points,71.645,12.986,0.000,0.000000,0.000,12.986,ok,cuda-sumcheck-prime-field-montgomery-element-layout-specialized-points,3.20416,2.87581,0,0,0,2.87581,ok,true,2693989604514,2693989604514,4.515597,,experiments/h100/sweep/cases/zk_complete_add_8_bw32_r20.log
zk_complete_add_8,q_add*y_r - q_add*y_q - q_add*x_p*y_r*beta + q_add*x_p*y_q*beta,prime-field-montgomery,element,specialized,p32_2^32_minus_5,32,1,0xfffffffb,22,4194304,5,4,4,2,10,whole-run,fixed,triton-sumcheck-prime-field-montgomery-element-layout-specialized-points,69.130,14.957,0.000,0.000000,0.000,14.957,ok,cuda-sumcheck-prime-field-montgomery-element-layout-specialized-points,4.07302,3.81008,0,0,0,3.81008,ok,true,2988758291324,2988758291324,3.925639,,experiments/h100/sweep/cases/zk_complete_add_8_bw32_r22.log
zk_complete_add_8,q_add*y_r - q_add*y_q - q_add*x_p*y_r*beta + q_add*x_p*y_q*beta,prime-field-montgomery,element,specialized,p32_2^32_minus_5,32,1,0xfffffffb,24,16777216,5,4,4,2,10,whole-run,fixed,triton-sumcheck-prime-field-montgomery-element-layout-specialized-points,73.264,20.538,0.000,0.000000,0.000,20.538,ok,cuda-sumcheck-prime-field-montgomery-element-layout-specialized-points,6.37405,6.13389,0,0,0,6.13389,ok,true,3229523613953,3229523613953,3.348283,,experiments/h100/sweep/cases/zk_complete_add_8_bw32_r24.log
zk_complete_add_8,q_add*y_r - q_add*y_q - q_add*x_p*y_r*beta + q_add*x_p*y_q*beta,prime-field-montgomery,element,specialized,p32_2^32_minus_5,32,1,0xfffffffb,26,67108864,5,4,4,2,10,whole-run,fixed,triton-sumcheck-prime-field-montgomery-element-layout-specialized-points,66.238,35.467,0.000,0.000000,0.000,35.467,ok,cuda-sumcheck-prime-field-montgomery-element-layout-specialized-points,13.6366,13.4306,0,0,0,13.4306,ok,true,3809575414749,3809575414749,2.640761,,experiments/h100/sweep/cases/zk_complete_add_8_bw32_r26.log
zk_complete_add_8,q_add*y_r - q_add*y_q - q_add*x_p*y_r*beta + q_add*x_p*y_q*beta,prime-field-montgomery,element,specialized,p32_2^32_minus_5,32,1,0xfffffffb,28,268435456,5,4,4,2,10,whole-run,fixed,triton-sumcheck-prime-field-montgomery-element-layout-specialized-points,180.302,125.079,0.000,0.000000,0.000,125.079,ok,cuda-sumcheck-prime-field-montgomery-element-layout-specialized-points,41.4349,41.3215,0,0,0,41.3215,ok,true,3820541626746,3820541626746,3.026971,,experiments/h100/sweep/cases/zk_complete_add_8_bw32_r28.log
zk_complete_add_8,q_add*y_r - q_add*y_q - q_add*x_p*y_r*beta + q_add*x_p*y_q*beta,prime-field-montgomery,element,specialized,p64_goldilocks,64,2,0xffffffff00000001,14,16384,5,4,4,2,10,whole-run,fixed,triton-sumcheck-prime-field-montgomery-element-layout-specialized-points,66.485,6.003,0.000,0.000000,0.000,6.003,ok,cuda-sumcheck-prime-field-montgomery-element-layout-specialized-points,2.58042,2.18842,0,0,0,2.18842,ok,true,5673203275285,5673203275285,2.743075,,experiments/h100/sweep/cases/zk_complete_add_8_bw64_r14.log
zk_complete_add_8,q_add*y_r - q_add*y_q - q_add*x_p*y_r*beta + q_add*x_p*y_q*beta,prime-field-montgomery,element,specialized,p64_goldilocks,64,2,0xffffffff00000001,16,65536,5,4,4,2,10,whole-run,fixed,triton-sumcheck-prime-field-montgomery-element-layout-specialized-points,62.901,7.282,0.000,0.000000,0.000,7.282,ok,cuda-sumcheck-prime-field-montgomery-element-layout-specialized-points,2.3761,2.10154,0,0,0,2.10154,ok,true,6344118157169,6344118157169,3.465078,,experiments/h100/sweep/cases/zk_complete_add_8_bw64_r16.log
zk_complete_add_8,q_add*y_r - q_add*y_q - q_add*x_p*y_r*beta + q_add*x_p*y_q*beta,prime-field-montgomery,element,specialized,p64_goldilocks,64,2,0xffffffff00000001,18,262144,5,4,4,2,10,whole-run,fixed,triton-sumcheck-prime-field-montgomery-element-layout-specialized-points,70.915,9.511,0.000,0.000000,0.000,9.511,ok,cuda-sumcheck-prime-field-montgomery-element-layout-specialized-points,2.84678,2.5231,0,0,0,2.5231,ok,true,7586800119743,7586800119743,3.769569,,experiments/h100/sweep/cases/zk_complete_add_8_bw64_r18.log
zk_complete_add_8,q_add*y_r - q_add*y_q - q_add*x_p*y_r*beta + q_add*x_p*y_q*beta,prime-field-montgomery,element,specialized,p64_goldilocks,64,2,0xffffffff00000001,20,1048576,5,4,4,2,10,whole-run,fixed,triton-sumcheck-prime-field-montgomery-element-layout-specialized-points,67.476,11.975,0.000,0.000000,0.000,11.975,ok,cuda-sumcheck-prime-field-montgomery-element-layout-specialized-points,3.6496,3.32925,0,0,0,3.32925,ok,true,8468862849707,8468862849707,3.596906,,experiments/h100/sweep/cases/zk_complete_add_8_bw64_r20.log
zk_complete_add_8,q_add*y_r - q_add*y_q - q_add*x_p*y_r*beta + q_add*x_p*y_q*beta,prime-field-montgomery,element,specialized,p64_goldilocks,64,2,0xffffffff00000001,22,4194304,5,4,4,2,10,whole-run,fixed,triton-sumcheck-prime-field-montgomery-element-layout-specialized-points,70.740,15.068,0.000,0.000000,0.000,15.068,ok,cuda-sumcheck-prime-field-montgomery-element-layout-specialized-points,6.17638,5.67978,0,0,0,5.67978,ok,true,9645652376542,9645652376542,2.652920,,experiments/h100/sweep/cases/zk_complete_add_8_bw64_r22.log
zk_complete_add_8,q_add*y_r - q_add*y_q - q_add*x_p*y_r*beta + q_add*x_p*y_q*beta,prime-field-montgomery,element,specialized,p64_goldilocks,64,2,0xffffffff00000001,24,16777216,5,4,4,2,10,whole-run,fixed,triton-sumcheck-prime-field-montgomery-element-layout-specialized-points,76.658,21.953,0.000,0.000000,0.000,21.953,ok,cuda-sumcheck-prime-field-montgomery-element-layout-specialized-points,9.21139,8.95421,0,0,0,8.95421,ok,true,10460992284873,10460992284873,2.451696,,experiments/h100/sweep/cases/zk_complete_add_8_bw64_r24.log
zk_complete_add_8,q_add*y_r - q_add*y_q - q_add*x_p*y_r*beta + q_add*x_p*y_q*beta,prime-field-montgomery,element,specialized,p64_goldilocks,64,2,0xffffffff00000001,26,67108864,5,4,4,2,10,whole-run,fixed,triton-sumcheck-prime-field-montgomery-element-layout-specialized-points,99.404,47.351,0.000,0.000000,0.000,47.351,ok,cuda-sumcheck-prime-field-montgomery-element-layout-specialized-points,23.9689,23.8123,0,0,0,23.8123,ok,true,10722365125056,10722365125056,1.988510,,experiments/h100/sweep/cases/zk_complete_add_8_bw64_r26.log
zk_complete_add_8,q_add*y_r - q_add*y_q - q_add*x_p*y_r*beta + q_add*x_p*y_q*beta,prime-field-montgomery,element,specialized,p64_goldilocks,64,2,0xffffffff00000001,28,268435456,5,4,4,2,10,whole-run,fixed,triton-sumcheck-prime-field-montgomery-element-layout-specialized-points,197.241,147.710,0.000,0.000000,0.000,147.710,ok,cuda-sumcheck-prime-field-montgomery-element-layout-specialized-points,82.1079,82.7572,0,0,0,82.7572,ok,true,11417964607582,11417964607582,1.784860,,experiments/h100/sweep/cases/zk_complete_add_8_bw64_r28.log
zk_complete_add_8,q_add*y_r - q_add*y_q - q_add*x_p*y_r*beta + q_add*x_p*y_q*beta,prime-field-montgomery,element,specialized,p128_mersenne_2^127_minus_1,128,4,0x7fffffffffffffffffffffffffffffff,14,16384,5,4,4,2,10,whole-run,fixed,triton-sumcheck-prime-field-montgomery-element-layout-specialized-points,65.637,5.455,0.000,0.000000,0.000,5.455,ok,cuda-sumcheck-prime-field-montgomery-element-layout-specialized-points,2.90458,2.18262,0,0,0,2.18262,ok,true,12260456006123,12260456006123,2.499290,,experiments/h100/sweep/cases/zk_complete_add_8_bw128_r14.log
zk_complete_add_8,q_add*y_r - q_add*y_q - q_add*x_p*y_r*beta + q_add*x_p*y_q*beta,prime-field-montgomery,element,specialized,p128_mersenne_2^127_minus_1,128,4,0x7fffffffffffffffffffffffffffffff,16,65536,5,4,4,2,10,whole-run,fixed,triton-sumcheck-prime-field-montgomery-element-layout-specialized-points,67.395,7.334,0.000,0.000000,0.000,7.334,ok,cuda-sumcheck-prime-field-montgomery-element-layout-specialized-points,2.7184,2.27475,0,0,0,2.27475,ok,true,14187752250711,14187752250711,3.224091,,experiments/h100/sweep/cases/zk_complete_add_8_bw128_r16.log
zk_complete_add_8,q_add*y_r - q_add*y_q - q_add*x_p*y_r*beta + q_add*x_p*y_q*beta,prime-field-montgomery,element,specialized,p128_mersenne_2^127_minus_1,128,4,0x7fffffffffffffffffffffffffffffff,18,262144,5,4,4,2,10,whole-run,fixed,triton-sumcheck-prime-field-montgomery-element-layout-specialized-points,69.545,9.521,0.000,0.000000,0.000,9.521,ok,cuda-sumcheck-prime-field-montgomery-element-layout-specialized-points,3.14902,2.7592,0,0,0,2.7592,ok,true,17298230590979,17298230590979,3.450638,,experiments/h100/sweep/cases/zk_complete_add_8_bw128_r18.log
zk_complete_add_8,q_add*y_r - q_add*y_q - q_add*x_p*y_r*beta + q_add*x_p*y_q*beta,prime-field-montgomery,element,specialized,p128_mersenne_2^127_minus_1,128,4,0x7fffffffffffffffffffffffffffffff,20,1048576,5,4,4,2,10,whole-run,fixed,triton-sumcheck-prime-field-montgomery-element-layout-specialized-points,72.713,12.131,0.000,0.000000,0.000,12.131,ok,cuda-sumcheck-prime-field-montgomery-element-layout-specialized-points,5.34218,4.41341,0,0,0,4.41341,ok,true,22557764587774,22557764587774,2.748668,,experiments/h100/sweep/cases/zk_complete_add_8_bw128_r20.log
zk_complete_add_8,q_add*y_r - q_add*y_q - q_add*x_p*y_r*beta + q_add*x_p*y_q*beta,prime-field-montgomery,element,specialized,p128_mersenne_2^127_minus_1,128,4,0x7fffffffffffffffffffffffffffffff,22,4194304,5,4,4,2,10,whole-run,fixed,triton-sumcheck-prime-field-montgomery-element-layout-specialized-points,75.485,15.804,0.000,0.000000,0.000,15.804,ok,cuda-sumcheck-prime-field-montgomery-element-layout-specialized-points,6.83939,6.4727,0,0,0,6.4727,ok,true,24772510013771,24772510013771,2.441640,,experiments/h100/sweep/cases/zk_complete_add_8_bw128_r22.log
zk_complete_add_8,q_add*y_r - q_add*y_q - q_add*x_p*y_r*beta + q_add*x_p*y_q*beta,prime-field-montgomery,element,specialized,p128_mersenne_2^127_minus_1,128,4,0x7fffffffffffffffffffffffffffffff,24,16777216,5,4,4,2,10,whole-run,fixed,triton-sumcheck-prime-field-montgomery-element-layout-specialized-points,86.943,28.936,0.000,0.000000,0.000,28.936,ok,cuda-sumcheck-prime-field-montgomery-element-layout-specialized-points,15.5492,15.1358,0,0,0,15.1358,ok,true,27407170465337,27407170465337,1.911759,,experiments/h100/sweep/cases/zk_complete_add_8_bw128_r24.log
zk_complete_add_8,q_add*y_r - q_add*y_q - q_add*x_p*y_r*beta + q_add*x_p*y_q*beta,prime-field-montgomery,element,specialized,p128_mersenne_2^127_minus_1,128,4,0x7fffffffffffffffffffffffffffffff,26,67108864,5,4,4,2,10,whole-run,fixed,triton-sumcheck-prime-field-montgomery-element-layout-specialized-points,134.478,77.903,0.000,0.000000,0.000,77.903,ok,cuda-sumcheck-prime-field-montgomery-element-layout-specialized-points,47.4866,47.0526,0,0,0,47.0526,ok,true,28291550435941,28291550435941,1.655658,,experiments/h100/sweep/cases/zk_complete_add_8_bw128_r26.log
zk_complete_add_8,q_add*y_r - q_add*y_q - q_add*x_p*y_r*beta + q_add*x_p*y_q*beta,prime-field-montgomery,element,specialized,p128_mersenne_2^127_minus_1,128,4,0x7fffffffffffffffffffffffffffffff,28,268435456,5,4,4,2,10,whole-run,fixed,triton-sumcheck-prime-field-montgomery-element-layout-specialized-points,327.565,265.682,0.000,0.000000,0.000,265.682,ok,cuda-sumcheck-prime-field-montgomery-element-layout-specialized-points,175.802,182.408,0,0,0,182.408,ok,true,29758454218935,29758454218935,1.456526,,experiments/h100/sweep/cases/zk_complete_add_8_bw128_r28.log
zk_complete_add_8,q_add*y_r - q_add*y_q - q_add*x_p*y_r*beta + q_add*x_p*y_q*beta,prime-field-montgomery,element,specialized,p255_bls12_381_scalar,256,8,0x73eda753299d7d483339d80809a1d80553bda402fffe5bfeffffffff00000001,14,16384,5,4,4,2,10,whole-run,fixed,triton-sumcheck-prime-field-montgomery-element-layout-specialized-points,80.960,5.761,0.000,0.000000,0.000,5.761,ok,cuda-sumcheck-prime-field-montgomery-element-layout-specialized-points,3.80797,2.70358,0,0,0,2.70358,ok,true,64721918569490,64721918569490,2.130878,,experiments/h100/sweep/cases/zk_complete_add_8_bw256_r14.log
zk_complete_add_8,q_add*y_r - q_add*y_q - q_add*x_p*y_r*beta + q_add*x_p*y_q*beta,prime-field-montgomery,element,specialized,p255_bls12_381_scalar,256,8,0x73eda753299d7d483339d80809a1d80553bda402fffe5bfeffffffff00000001,16,65536,5,4,4,2,10,whole-run,fixed,triton-sumcheck-prime-field-montgomery-element-layout-specialized-points,82.237,7.490,0.000,0.000000,0.000,7.490,ok,cuda-sumcheck-prime-field-montgomery-element-layout-specialized-points,4.3487,3.3281,0,0,0,3.3281,ok,true,71667032844355,71667032844355,2.250533,,experiments/h100/sweep/cases/zk_complete_add_8_bw256_r16.log
zk_complete_add_8,q_add*y_r - q_add*y_q - q_add*x_p*y_r*beta + q_add*x_p*y_q*beta,prime-field-montgomery,element,specialized,p255_bls12_381_scalar,256,8,0x73eda753299d7d483339d80809a1d80553bda402fffe5bfeffffffff00000001,18,262144,5,4,4,2,10,whole-run,fixed,triton-sumcheck-prime-field-montgomery-element-layout-specialized-points,84.747,9.796,0.000,0.000000,0.000,9.796,ok,cuda-sumcheck-prime-field-montgomery-element-layout-specialized-points,5.45296,4.44454,0,0,0,4.44454,ok,true,80032519064251,80032519064251,2.204053,,experiments/h100/sweep/cases/zk_complete_add_8_bw256_r18.log
zk_complete_add_8,q_add*y_r - q_add*y_q - q_add*x_p*y_r*beta + q_add*x_p*y_q*beta,prime-field-montgomery,element,specialized,p255_bls12_381_scalar,256,8,0x73eda753299d7d483339d80809a1d80553bda402fffe5bfeffffffff00000001,20,1048576,5,4,4,2,10,whole-run,fixed,triton-sumcheck-prime-field-montgomery-element-layout-specialized-points,88.515,13.268,0.000,0.000000,0.000,13.268,ok,cuda-sumcheck-prime-field-montgomery-element-layout-specialized-points,8.19789,7.18771,0,0,0,7.18771,ok,true,86072749519367,86072749519367,1.845929,,experiments/h100/sweep/cases/zk_complete_add_8_bw256_r20.log
zk_complete_add_8,q_add*y_r - q_add*y_q - q_add*x_p*y_r*beta + q_add*x_p*y_q*beta,prime-field-montgomery,element,specialized,p255_bls12_381_scalar,256,8,0x73eda753299d7d483339d80809a1d80553bda402fffe5bfeffffffff00000001,22,4194304,5,4,4,2,10,whole-run,fixed,triton-sumcheck-prime-field-montgomery-element-layout-specialized-points,96.290,23.032,0.000,0.000000,0.000,23.032,ok,cuda-sumcheck-prime-field-montgomery-element-layout-specialized-points,16.8893,15.845,0,0,0,15.845,ok,true,100819326577736,100819326577736,1.453582,,experiments/h100/sweep/cases/zk_complete_add_8_bw256_r22.log
zk_complete_add_8,q_add*y_r - q_add*y_q - q_add*x_p*y_r*beta + q_add*x_p*y_q*beta,prime-field-montgomery,element,specialized,p255_bls12_381_scalar,256,8,0x73eda753299d7d483339d80809a1d80553bda402fffe5bfeffffffff00000001,24,16777216,5,4,4,2,10,whole-run,fixed,triton-sumcheck-prime-field-montgomery-element-layout-specialized-points,146.059,60.408,0.000,0.000000,0.000,60.408,ok,cuda-sumcheck-prime-field-montgomery-element-layout-specialized-points,49.4682,48.3781,0,0,0,48.3781,ok,true,107743887149652,107743887149652,1.248664,,experiments/h100/sweep/cases/zk_complete_add_8_bw256_r24.log
zk_complete_add_8,q_add*y_r - q_add*y_q - q_add*x_p*y_r*beta + q_add*x_p*y_q*beta,prime-field-montgomery,element,specialized,p255_bls12_381_scalar,256,8,0x73eda753299d7d483339d80809a1d80553bda402fffe5bfeffffffff00000001,26,67108864,5,4,4,2,10,whole-run,fixed,triton-sumcheck-prime-field-montgomery-element-layout-specialized-points,277.663,206.907,0.000,0.000000,0.000,206.907,ok,cuda-sumcheck-prime-field-montgomery-element-layout-specialized-points,178.453,176.237,0,0,0,176.237,ok,true,115022369023562,115022369023562,1.174027,,experiments/h100/sweep/cases/zk_complete_add_8_bw256_r26.log
zk_complete_add_8,q_add*y_r - q_add*y_q - q_add*x_p*y_r*beta + q_add*x_p*y_q*beta,prime-field-montgomery,element,specialized,,256,,,28,268435456,5,4,4,2,10,whole-run,fixed,,,,,,,,skipped,,,,,,,,skipped,skipped,,,,returncode=1,experiments/h100/sweep/cases/zk_complete_add_8_bw256_r28.log
zk_complete_add_9,q_add*x_r - q_add*x_p - q_add*x_q*x_r*gamma + q_add*x_p*x_q*gamma,prime-field-montgomery,element,specialized,p32_2^32_minus_5,32,1,0xfffffffb,14,16384,5,4,4,2,10,whole-run,fixed,triton-sumcheck-prime-field-montgomery-element-layout-specialized-points,60.511,5.358,0.000,0.000000,0.000,5.358,ok,cuda-sumcheck-prime-field-montgomery-element-layout-specialized-points,1.83677,1.6393,0,0,0,1.6393,ok,true,2034891719822,2034891719822,3.268468,,experiments/h100/sweep/cases/zk_complete_add_9_bw32_r14.log
zk_complete_add_9,q_add*x_r - q_add*x_p - q_add*x_q*x_r*gamma + q_add*x_p*x_q*gamma,prime-field-montgomery,element,specialized,p32_2^32_minus_5,32,1,0xfffffffb,16,65536,5,4,4,2,10,whole-run,fixed,triton-sumcheck-prime-field-montgomery-element-layout-specialized-points,61.088,7.422,0.000,0.000000,0.000,7.422,ok,cuda-sumcheck-prime-field-montgomery-element-layout-specialized-points,2.23472,2.01642,0,0,0,2.01642,ok,true,2172632219225,2172632219225,3.680781,,experiments/h100/sweep/cases/zk_complete_add_9_bw32_r16.log
zk_complete_add_9,q_add*x_r - q_add*x_p - q_add*x_q*x_r*gamma + q_add*x_p*x_q*gamma,prime-field-montgomery,element,specialized,p32_2^32_minus_5,32,1,0xfffffffb,18,262144,5,4,4,2,10,whole-run,fixed,triton-sumcheck-prime-field-montgomery-element-layout-specialized-points,63.343,9.366,0.000,0.000000,0.000,9.366,ok,cuda-sumcheck-prime-field-montgomery-element-layout-specialized-points,2.68816,2.41171,0,0,0,2.41171,ok,true,2573258479233,2573258479233,3.883552,,experiments/h100/sweep/cases/zk_complete_add_9_bw32_r18.log
zk_complete_add_9,q_add*x_r - q_add*x_p - q_add*x_q*x_r*gamma + q_add*x_p*x_q*gamma,prime-field-montgomery,element,specialized,p32_2^32_minus_5,32,1,0xfffffffb,20,1048576,5,4,4,2,10,whole-run,fixed,triton-sumcheck-prime-field-montgomery-element-layout-specialized-points,66.411,11.816,0.000,0.000000,0.000,11.816,ok,cuda-sumcheck-prime-field-montgomery-element-layout-specialized-points,3.20442,2.86842,0,0,0,2.86842,ok,true,2693989604514,2693989604514,4.119341,,experiments/h100/sweep/cases/zk_complete_add_9_bw32_r20.log
zk_complete_add_9,q_add*x_r - q_add*x_p - q_add*x_q*x_r*gamma + q_add*x_p*x_q*gamma,prime-field-montgomery,element,specialized,p32_2^32_minus_5,32,1,0xfffffffb,22,4194304,5,4,4,2,10,whole-run,fixed,triton-sumcheck-prime-field-montgomery-element-layout-specialized-points,69.588,15.094,0.000,0.000000,0.000,15.094,ok,cuda-sumcheck-prime-field-montgomery-element-layout-specialized-points,4.13379,3.7991,0,0,0,3.7991,ok,true,2988758291324,2988758291324,3.973046,,experiments/h100/sweep/cases/zk_complete_add_9_bw32_r22.log
zk_complete_add_9,q_add*x_r - q_add*x_p - q_add*x_q*x_r*gamma + q_add*x_p*x_q*gamma,prime-field-montgomery,element,specialized,p32_2^32_minus_5,32,1,0xfffffffb,24,16777216,5,4,4,2,10,whole-run,fixed,triton-sumcheck-prime-field-montgomery-element-layout-specialized-points,74.165,20.787,0.000,0.000000,0.000,20.787,ok,cuda-sumcheck-prime-field-montgomery-element-layout-specialized-points,6.54246,6.1593,0,0,0,6.1593,ok,true,3229523613953,3229523613953,3.374896,,experiments/h100/sweep/cases/zk_complete_add_9_bw32_r24.log
zk_complete_add_9,q_add*x_r - q_add*x_p - q_add*x_q*x_r*gamma + q_add*x_p*x_q*gamma,prime-field-montgomery,element,specialized,p32_2^32_minus_5,32,1,0xfffffffb,26,67108864,5,4,4,2,10,whole-run,fixed,triton-sumcheck-prime-field-montgomery-element-layout-specialized-points,93.594,41.883,0.000,0.000000,0.000,41.883,ok,cuda-sumcheck-prime-field-montgomery-element-layout-specialized-points,14.0876,13.6989,0,0,0,13.6989,ok,true,3809575414749,3809575414749,3.057399,,experiments/h100/sweep/cases/zk_complete_add_9_bw32_r26.log
zk_complete_add_9,q_add*x_r - q_add*x_p - q_add*x_q*x_r*gamma + q_add*x_p*x_q*gamma,prime-field-montgomery,element,specialized,p32_2^32_minus_5,32,1,0xfffffffb,28,268435456,5,4,4,2,10,whole-run,fixed,triton-sumcheck-prime-field-montgomery-element-layout-specialized-points,174.013,123.292,0.000,0.000000,0.000,123.292,ok,cuda-sumcheck-prime-field-montgomery-element-layout-specialized-points,41.6827,41.4471,0,0,0,41.4471,ok,true,3820541626746,3820541626746,2.974683,,experiments/h100/sweep/cases/zk_complete_add_9_bw32_r28.log
zk_complete_add_9,q_add*x_r - q_add*x_p - q_add*x_q*x_r*gamma + q_add*x_p*x_q*gamma,prime-field-montgomery,element,specialized,p64_goldilocks,64,2,0xffffffff00000001,14,16384,5,4,4,2,10,whole-run,fixed,triton-sumcheck-prime-field-montgomery-element-layout-specialized-points,61.241,5.374,0.000,0.000000,0.000,5.374,ok,cuda-sumcheck-prime-field-montgomery-element-layout-specialized-points,2.00262,1.72422,0,0,0,1.72422,ok,true,5673203275285,5673203275285,3.116772,,experiments/h100/sweep/cases/zk_complete_add_9_bw64_r14.log
zk_complete_add_9,q_add*x_r - q_add*x_p - q_add*x_q*x_r*gamma + q_add*x_p*x_q*gamma,prime-field-montgomery,element,specialized,p64_goldilocks,64,2,0xffffffff00000001,16,65536,5,4,4,2,10,whole-run,fixed,triton-sumcheck-prime-field-montgomery-element-layout-specialized-points,62.369,7.165,0.000,0.000000,0.000,7.165,ok,cuda-sumcheck-prime-field-montgomery-element-layout-specialized-points,2.37981,2.11357,0,0,0,2.11357,ok,true,6344118157169,6344118157169,3.389999,,experiments/h100/sweep/cases/zk_complete_add_9_bw64_r16.log
zk_complete_add_9,q_add*x_r - q_add*x_p - q_add*x_q*x_r*gamma + q_add*x_p*x_q*gamma,prime-field-montgomery,element,specialized,p64_goldilocks,64,2,0xffffffff00000001,18,262144,5,4,4,2,10,whole-run,fixed,triton-sumcheck-prime-field-montgomery-element-layout-specialized-points,64.784,9.365,0.000,0.000000,0.000,9.365,ok,cuda-sumcheck-prime-field-montgomery-element-layout-specialized-points,2.85754,2.53555,0,0,0,2.53555,ok,true,7586800119743,7586800119743,3.693479,,experiments/h100/sweep/cases/zk_complete_add_9_bw64_r18.log
zk_complete_add_9,q_add*x_r - q_add*x_p - q_add*x_q*x_r*gamma + q_add*x_p*x_q*gamma,prime-field-montgomery,element,specialized,p64_goldilocks,64,2,0xffffffff00000001,20,1048576,5,4,4,2,10,whole-run,fixed,triton-sumcheck-prime-field-montgomery-element-layout-specialized-points,67.957,12.262,0.000,0.000000,0.000,12.262,ok,cuda-sumcheck-prime-field-montgomery-element-layout-specialized-points,3.53306,3.27312,0,0,0,3.27312,ok,true,8468862849707,8468862849707,3.746273,,experiments/h100/sweep/cases/zk_complete_add_9_bw64_r20.log
zk_complete_add_9,q_add*x_r - q_add*x_p - q_add*x_q*x_r*gamma + q_add*x_p*x_q*gamma,prime-field-montgomery,element,specialized,p64_goldilocks,64,2,0xffffffff00000001,22,4194304,5,4,4,2,10,whole-run,fixed,triton-sumcheck-prime-field-montgomery-element-layout-specialized-points,70.446,14.834,0.000,0.000000,0.000,14.834,ok,cuda-sumcheck-prime-field-montgomery-element-layout-specialized-points,4.93667,4.62355,0,0,0,4.62355,ok,true,9645652376542,9645652376542,3.208357,,experiments/h100/sweep/cases/zk_complete_add_9_bw64_r22.log
zk_complete_add_9,q_add*x_r - q_add*x_p - q_add*x_q*x_r*gamma + q_add*x_p*x_q*gamma,prime-field-montgomery,element,specialized,p64_goldilocks,64,2,0xffffffff00000001,24,16777216,5,4,4,2,10,whole-run,fixed,triton-sumcheck-prime-field-montgomery-element-layout-specialized-points,76.911,22.231,0.000,0.000000,0.000,22.231,ok,cuda-sumcheck-prime-field-montgomery-element-layout-specialized-points,9.07795,8.77984,0,0,0,8.77984,ok,true,10460992284873,10460992284873,2.532051,,experiments/h100/sweep/cases/zk_complete_add_9_bw64_r24.log
zk_complete_add_9,q_add*x_r - q_add*x_p - q_add*x_q*x_r*gamma + q_add*x_p*x_q*gamma,prime-field-montgomery,element,specialized,p64_goldilocks,64,2,0xffffffff00000001,26,67108864,5,4,4,2,10,whole-run,fixed,triton-sumcheck-prime-field-montgomery-element-layout-specialized-points,100.538,47.664,0.000,0.000000,0.000,47.664,ok,cuda-sumcheck-prime-field-montgomery-element-layout-specialized-points,24.0937,23.9471,0,0,0,23.9471,ok,true,10722365125056,10722365125056,1.990387,,experiments/h100/sweep/cases/zk_complete_add_9_bw64_r26.log
zk_complete_add_9,q_add*x_r - q_add*x_p - q_add*x_q*x_r*gamma + q_add*x_p*x_q*gamma,prime-field-montgomery,element,specialized,p64_goldilocks,64,2,0xffffffff00000001,28,268435456,5,4,4,2,10,whole-run,fixed,triton-sumcheck-prime-field-montgomery-element-layout-specialized-points,198.320,147.815,0.000,0.000000,0.000,147.815,ok,cuda-sumcheck-prime-field-montgomery-element-layout-specialized-points,81.9908,82.7643,0,0,0,82.7643,ok,true,11417964607582,11417964607582,1.785975,,experiments/h100/sweep/cases/zk_complete_add_9_bw64_r28.log
zk_complete_add_9,q_add*x_r - q_add*x_p - q_add*x_q*x_r*gamma + q_add*x_p*x_q*gamma,prime-field-montgomery,element,specialized,p128_mersenne_2^127_minus_1,128,4,0x7fffffffffffffffffffffffffffffff,14,16384,5,4,4,2,10,whole-run,fixed,triton-sumcheck-prime-field-montgomery-element-layout-specialized-points,66.025,5.596,0.000,0.000000,0.000,5.596,ok,cuda-sumcheck-prime-field-montgomery-element-layout-specialized-points,2.26371,1.7992,0,0,0,1.7992,ok,true,12260456006123,12260456006123,3.110271,,experiments/h100/sweep/cases/zk_complete_add_9_bw128_r14.log
zk_complete_add_9,q_add*x_r - q_add*x_p - q_add*x_q*x_r*gamma + q_add*x_p*x_q*gamma,prime-field-montgomery,element,specialized,p128_mersenne_2^127_minus_1,128,4,0x7fffffffffffffffffffffffffffffff,16,65536,5,4,4,2,10,whole-run,fixed,triton-sumcheck-prime-field-montgomery-element-layout-specialized-points,67.791,7.300,0.000,0.000000,0.000,7.300,ok,cuda-sumcheck-prime-field-montgomery-element-layout-specialized-points,2.61856,2.2031,0,0,0,2.2031,ok,true,14187752250711,14187752250711,3.313513,,experiments/h100/sweep/cases/zk_complete_add_9_bw128_r16.log
zk_complete_add_9,q_add*x_r - q_add*x_p - q_add*x_q*x_r*gamma + q_add*x_p*x_q*gamma,prime-field-montgomery,element,specialized,p128_mersenne_2^127_minus_1,128,4,0x7fffffffffffffffffffffffffffffff,18,262144,5,4,4,2,10,whole-run,fixed,triton-sumcheck-prime-field-montgomery-element-layout-specialized-points,69.284,9.478,0.000,0.000000,0.000,9.478,ok,cuda-sumcheck-prime-field-montgomery-element-layout-specialized-points,3.21261,2.76038,0,0,0,2.76038,ok,true,17298230590979,17298230590979,3.433585,,experiments/h100/sweep/cases/zk_complete_add_9_bw128_r18.log
zk_complete_add_9,q_add*x_r - q_add*x_p - q_add*x_q*x_r*gamma + q_add*x_p*x_q*gamma,prime-field-montgomery,element,specialized,p128_mersenne_2^127_minus_1,128,4,0x7fffffffffffffffffffffffffffffff,20,1048576,5,4,4,2,10,whole-run,fixed,triton-sumcheck-prime-field-montgomery-element-layout-specialized-points,72.291,11.970,0.000,0.000000,0.000,11.970,ok,cuda-sumcheck-prime-field-montgomery-element-layout-specialized-points,5.21027,4.50806,0,0,0,4.50806,ok,true,22557764587774,22557764587774,2.655244,,experiments/h100/sweep/cases/zk_complete_add_9_bw128_r20.log
zk_complete_add_9,q_add*x_r - q_add*x_p - q_add*x_q*x_r*gamma + q_add*x_p*x_q*gamma,prime-field-montgomery,element,specialized,p128_mersenne_2^127_minus_1,128,4,0x7fffffffffffffffffffffffffffffff,22,4194304,5,4,4,2,10,whole-run,fixed,triton-sumcheck-prime-field-montgomery-element-layout-specialized-points,75.631,15.901,0.000,0.000000,0.000,15.901,ok,cuda-sumcheck-prime-field-montgomery-element-layout-specialized-points,6.97613,6.57539,0,0,0,6.57539,ok,true,24772510013771,24772510013771,2.418260,,experiments/h100/sweep/cases/zk_complete_add_9_bw128_r22.log
zk_complete_add_9,q_add*x_r - q_add*x_p - q_add*x_q*x_r*gamma + q_add*x_p*x_q*gamma,prime-field-montgomery,element,specialized,p128_mersenne_2^127_minus_1,128,4,0x7fffffffffffffffffffffffffffffff,24,16777216,5,4,4,2,10,whole-run,fixed,triton-sumcheck-prime-field-montgomery-element-layout-specialized-points,87.150,29.191,0.000,0.000000,0.000,29.191,ok,cuda-sumcheck-prime-field-montgomery-element-layout-specialized-points,15.55,15.0868,0,0,0,15.0868,ok,true,27407170465337,27407170465337,1.934870,,experiments/h100/sweep/cases/zk_complete_add_9_bw128_r24.log
zk_complete_add_9,q_add*x_r - q_add*x_p - q_add*x_q*x_r*gamma + q_add*x_p*x_q*gamma,prime-field-montgomery,element,specialized,p128_mersenne_2^127_minus_1,128,4,0x7fffffffffffffffffffffffffffffff,26,67108864,5,4,4,2,10,whole-run,fixed,triton-sumcheck-prime-field-montgomery-element-layout-specialized-points,134.580,77.583,0.000,0.000000,0.000,77.583,ok,cuda-sumcheck-prime-field-montgomery-element-layout-specialized-points,48.4796,47.7774,0,0,0,47.7774,ok,true,28291550435941,28291550435941,1.623843,,experiments/h100/sweep/cases/zk_complete_add_9_bw128_r26.log
zk_complete_add_9,q_add*x_r - q_add*x_p - q_add*x_q*x_r*gamma + q_add*x_p*x_q*gamma,prime-field-montgomery,element,specialized,p128_mersenne_2^127_minus_1,128,4,0x7fffffffffffffffffffffffffffffff,28,268435456,5,4,4,2,10,whole-run,fixed,triton-sumcheck-prime-field-montgomery-element-layout-specialized-points,326.061,266.178,0.000,0.000000,0.000,266.178,ok,cuda-sumcheck-prime-field-montgomery-element-layout-specialized-points,175.811,181.097,0,0,0,181.097,ok,true,29758454218935,29758454218935,1.469809,,experiments/h100/sweep/cases/zk_complete_add_9_bw128_r28.log
zk_complete_add_9,q_add*x_r - q_add*x_p - q_add*x_q*x_r*gamma + q_add*x_p*x_q*gamma,prime-field-montgomery,element,specialized,p255_bls12_381_scalar,256,8,0x73eda753299d7d483339d80809a1d80553bda402fffe5bfeffffffff00000001,14,16384,5,4,4,2,10,whole-run,fixed,triton-sumcheck-prime-field-montgomery-element-layout-specialized-points,53.672,3.800,0.000,0.000000,0.000,3.800,ok,cuda-sumcheck-prime-field-montgomery-element-layout-specialized-points,3.80586,2.71357,0,0,0,2.71357,ok,true,64721918569490,64721918569490,1.400369,,experiments/h100/sweep/cases/zk_complete_add_9_bw256_r14.log
zk_complete_add_9,q_add*x_r - q_add*x_p - q_add*x_q*x_r*gamma + q_add*x_p*x_q*gamma,prime-field-montgomery,element,specialized,p255_bls12_381_scalar,256,8,0x73eda753299d7d483339d80809a1d80553bda402fffe5bfeffffffff00000001,16,65536,5,4,4,2,10,whole-run,fixed,triton-sumcheck-prime-field-montgomery-element-layout-specialized-points,51.138,4.889,0.000,0.000000,0.000,4.889,ok,cuda-sumcheck-prime-field-montgomery-element-layout-specialized-points,4.40109,3.33859,0,0,0,3.33859,ok,true,71667032844355,71667032844355,1.464391,,experiments/h100/sweep/cases/zk_complete_add_9_bw256_r16.log
zk_complete_add_9,q_add*x_r - q_add*x_p - q_add*x_q*x_r*gamma + q_add*x_p*x_q*gamma,prime-field-montgomery,element,specialized,p255_bls12_381_scalar,256,8,0x73eda753299d7d483339d80809a1d80553bda402fffe5bfeffffffff00000001,18,262144,5,4,4,2,10,whole-run,fixed,triton-sumcheck-prime-field-montgomery-element-layout-specialized-points,53.147,6.272,0.000,0.000000,0.000,6.272,ok,cuda-sumcheck-prime-field-montgomery-element-layout-specialized-points,5.00576,4.30589,0,0,0,4.30589,ok,true,80032519064251,80032519064251,1.456609,,experiments/h100/sweep/cases/zk_complete_add_9_bw256_r18.log
zk_complete_add_9,q_add*x_r - q_add*x_p - q_add*x_q*x_r*gamma + q_add*x_p*x_q*gamma,prime-field-montgomery,element,specialized,p255_bls12_381_scalar,256,8,0x73eda753299d7d483339d80809a1d80553bda402fffe5bfeffffffff00000001,20,1048576,5,4,4,2,10,whole-run,fixed,triton-sumcheck-prime-field-montgomery-element-layout-specialized-points,53.732,9.446,0.000,0.000000,0.000,9.446,ok,cuda-sumcheck-prime-field-montgomery-element-layout-specialized-points,8.33606,7.20016,0,0,0,7.20016,ok,true,86072749519367,86072749519367,1.311915,,experiments/h100/sweep/cases/zk_complete_add_9_bw256_r20.log
zk_complete_add_9,q_add*x_r - q_add*x_p - q_add*x_q*x_r*gamma + q_add*x_p*x_q*gamma,prime-field-montgomery,element,specialized,p255_bls12_381_scalar,256,8,0x73eda753299d7d483339d80809a1d80553bda402fffe5bfeffffffff00000001,22,4194304,5,4,4,2,10,whole-run,fixed,triton-sumcheck-prime-field-montgomery-element-layout-specialized-points,98.270,23.506,0.000,0.000000,0.000,23.506,ok,cuda-sumcheck-prime-field-montgomery-element-layout-specialized-points,17.0784,15.8558,0,0,0,15.8558,ok,true,100819326577736,100819326577736,1.482486,,experiments/h100/sweep/cases/zk_complete_add_9_bw256_r22.log
zk_complete_add_9,q_add*x_r - q_add*x_p - q_add*x_q*x_r*gamma + q_add*x_p*x_q*gamma,prime-field-montgomery,element,specialized,p255_bls12_381_scalar,256,8,0x73eda753299d7d483339d80809a1d80553bda402fffe5bfeffffffff00000001,24,16777216,5,4,4,2,10,whole-run,fixed,triton-sumcheck-prime-field-montgomery-element-layout-specialized-points,131.376,60.269,0.000,0.000000,0.000,60.269,ok,cuda-sumcheck-prime-field-montgomery-element-layout-specialized-points,49.4486,48.403,0,0,0,48.403,ok,true,107743887149652,107743887149652,1.245150,,experiments/h100/sweep/cases/zk_complete_add_9_bw256_r24.log
zk_complete_add_9,q_add*x_r - q_add*x_p - q_add*x_q*x_r*gamma + q_add*x_p*x_q*gamma,prime-field-montgomery,element,specialized,p255_bls12_381_scalar,256,8,0x73eda753299d7d483339d80809a1d80553bda402fffe5bfeffffffff00000001,26,67108864,5,4,4,2,10,whole-run,fixed,triton-sumcheck-prime-field-montgomery-element-layout-specialized-points,275.310,204.199,0.000,0.000000,0.000,204.199,ok,cuda-sumcheck-prime-field-montgomery-element-layout-specialized-points,179.547,176.709,0,0,0,176.709,ok,true,115022369023562,115022369023562,1.155566,,experiments/h100/sweep/cases/zk_complete_add_9_bw256_r26.log
zk_complete_add_9,q_add*x_r - q_add*x_p - q_add*x_q*x_r*gamma + q_add*x_p*x_q*gamma,prime-field-montgomery,element,specialized,,256,,,28,268435456,5,4,4,2,10,whole-run,fixed,,,,,,,,skipped,,,,,,,,skipped,skipped,,,,returncode=1,experiments/h100/sweep/cases/zk_complete_add_9_bw256_r28.log
zk_complete_add_10,q_add*y_r - q_add*y_p - q_add*x_q*y_r*gamma + q_add*x_q*y_p*gamma,prime-field-montgomery,element,specialized,p32_2^32_minus_5,32,1,0xfffffffb,14,16384,5,4,4,2,10,whole-run,fixed,triton-sumcheck-prime-field-montgomery-element-layout-specialized-points,59.009,5.327,0.000,0.000000,0.000,5.327,ok,cuda-sumcheck-prime-field-montgomery-element-layout-specialized-points,1.84077,1.61782,0,0,0,1.61782,ok,true,2034891719822,2034891719822,3.292703,,experiments/h100/sweep/cases/zk_complete_add_10_bw32_r14.log
zk_complete_add_10,q_add*y_r - q_add*y_p - q_add*x_q*y_r*gamma + q_add*x_q*y_p*gamma,prime-field-montgomery,element,specialized,p32_2^32_minus_5,32,1,0xfffffffb,16,65536,5,4,4,2,10,whole-run,fixed,triton-sumcheck-prime-field-montgomery-element-layout-specialized-points,61.238,7.142,0.000,0.000000,0.000,7.142,ok,cuda-sumcheck-prime-field-montgomery-element-layout-specialized-points,2.3087,2.0119,0,0,0,2.0119,ok,true,2172632219225,2172632219225,3.549878,,experiments/h100/sweep/cases/zk_complete_add_10_bw32_r16.log
zk_complete_add_10,q_add*y_r - q_add*y_p - q_add*x_q*y_r*gamma + q_add*x_q*y_p*gamma,prime-field-montgomery,element,specialized,p32_2^32_minus_5,32,1,0xfffffffb,18,262144,5,4,4,2,10,whole-run,fixed,triton-sumcheck-prime-field-montgomery-element-layout-specialized-points,62.942,9.174,0.000,0.000000,0.000,9.174,ok,cuda-sumcheck-prime-field-montgomery-element-layout-specialized-points,2.69635,2.40464,0,0,0,2.40464,ok,true,2573258479233,2573258479233,3.815124,,experiments/h100/sweep/cases/zk_complete_add_10_bw32_r18.log
zk_complete_add_10,q_add*y_r - q_add*y_p - q_add*x_q*y_r*gamma + q_add*x_q*y_p*gamma,prime-field-montgomery,element,specialized,p32_2^32_minus_5,32,1,0xfffffffb,20,1048576,5,4,4,2,10,whole-run,fixed,triton-sumcheck-prime-field-montgomery-element-layout-specialized-points,65.999,12.067,0.000,0.000000,0.000,12.067,ok,cuda-sumcheck-prime-field-montgomery-element-layout-specialized-points,3.1425,2.93699,0,0,0,2.93699,ok,true,2693989604514,2693989604514,4.108628,,experiments/h100/sweep/cases/zk_complete_add_10_bw32_r20.log
zk_complete_add_10,q_add*y_r - q_add*y_p - q_add*x_q*y_r*gamma + q_add*x_q*y_p*gamma,prime-field-montgomery,element,specialized,p32_2^32_minus_5,32,1,0xfffffffb,22,4194304,5,4,4,2,10,whole-run,fixed,triton-sumcheck-prime-field-montgomery-element-layout-specialized-points,68.568,14.516,0.000,0.000000,0.000,14.516,ok,cuda-sumcheck-prime-field-montgomery-element-layout-specialized-points,4.07245,3.79827,0,0,0,3.79827,ok,true,2988758291324,2988758291324,3.821740,,experiments/h100/sweep/cases/zk_complete_add_10_bw32_r22.log
zk_complete_add_10,q_add*y_r - q_add*y_p - q_add*x_q*y_r*gamma + q_add*x_q*y_p*gamma,prime-field-montgomery,element,specialized,p32_2^32_minus_5,32,1,0xfffffffb,24,16777216,5,4,4,2,10,whole-run,fixed,triton-sumcheck-prime-field-montgomery-element-layout-specialized-points,73.650,20.810,0.000,0.000000,0.000,20.810,ok,cuda-sumcheck-prime-field-montgomery-element-layout-specialized-points,6.40352,6.1545,0,0,0,6.1545,ok,true,3229523613953,3229523613953,3.381266,,experiments/h100/sweep/cases/zk_complete_add_10_bw32_r24.log
zk_complete_add_10,q_add*y_r - q_add*y_p - q_add*x_q*y_r*gamma + q_add*x_q*y_p*gamma,prime-field-montgomery,element,specialized,p32_2^32_minus_5,32,1,0xfffffffb,26,67108864,5,4,4,2,10,whole-run,fixed,triton-sumcheck-prime-field-montgomery-element-layout-specialized-points,93.314,41.950,0.000,0.000000,0.000,41.950,ok,cuda-sumcheck-prime-field-montgomery-element-layout-specialized-points,13.7529,13.4462,0,0,0,13.4462,ok,true,3809575414749,3809575414749,3.119841,,experiments/h100/sweep/cases/zk_complete_add_10_bw32_r26.log
zk_complete_add_10,q_add*y_r - q_add*y_p - q_add*x_q*y_r*gamma + q_add*x_q*y_p*gamma,prime-field-montgomery,element,specialized,p32_2^32_minus_5,32,1,0xfffffffb,28,268435456,5,4,4,2,10,whole-run,fixed,triton-sumcheck-prime-field-montgomery-element-layout-specialized-points,177.431,124.774,0.000,0.000000,0.000,124.774,ok,cuda-sumcheck-prime-field-montgomery-element-layout-specialized-points,41.6501,41.4424,0,0,0,41.4424,ok,true,3820541626746,3820541626746,3.010781,,experiments/h100/sweep/cases/zk_complete_add_10_bw32_r28.log
zk_complete_add_10,q_add*y_r - q_add*y_p - q_add*x_q*y_r*gamma + q_add*x_q*y_p*gamma,prime-field-montgomery,element,specialized,p64_goldilocks,64,2,0xffffffff00000001,14,16384,5,4,4,2,10,whole-run,fixed,triton-sumcheck-prime-field-montgomery-element-layout-specialized-points,61.432,5.354,0.000,0.000000,0.000,5.354,ok,cuda-sumcheck-prime-field-montgomery-element-layout-specialized-points,1.99808,1.74285,0,0,0,1.74285,ok,true,5673203275285,5673203275285,3.071980,,experiments/h100/sweep/cases/zk_complete_add_10_bw64_r14.log
zk_complete_add_10,q_add*y_r - q_add*y_p - q_add*x_q*y_r*gamma + q_add*x_q*y_p*gamma,prime-field-montgomery,element,specialized,p64_goldilocks,64,2,0xffffffff00000001,16,65536,5,4,4,2,10,whole-run,fixed,triton-sumcheck-prime-field-montgomery-element-layout-specialized-points,62.824,7.272,0.000,0.000000,0.000,7.272,ok,cuda-sumcheck-prime-field-montgomery-element-layout-specialized-points,2.40979,2.12432,0,0,0,2.12432,ok,true,6344118157169,6344118157169,3.423213,,experiments/h100/sweep/cases/zk_complete_add_10_bw64_r16.log
zk_complete_add_10,q_add*y_r - q_add*y_p - q_add*x_q*y_r*gamma + q_add*x_q*y_p*gamma,prime-field-montgomery,element,specialized,p64_goldilocks,64,2,0xffffffff00000001,18,262144,5,4,4,2,10,whole-run,fixed,triton-sumcheck-prime-field-montgomery-element-layout-specialized-points,64.163,9.338,0.000,0.000000,0.000,9.338,ok,cuda-sumcheck-prime-field-montgomery-element-layout-specialized-points,2.84045,2.50995,0,0,0,2.50995,ok,true,7586800119743,7586800119743,3.720393,,experiments/h100/sweep/cases/zk_complete_add_10_bw64_r18.log
zk_complete_add_10,q_add*y_r - q_add*y_p - q_add*x_q*y_r*gamma + q_add*x_q*y_p*gamma,prime-field-montgomery,element,specialized,p64_goldilocks,64,2,0xffffffff00000001,20,1048576,5,4,4,2,10,whole-run,fixed,triton-sumcheck-prime-field-montgomery-element-layout-specialized-points,67.837,11.914,0.000,0.000000,0.000,11.914,ok,cuda-sumcheck-prime-field-montgomery-element-layout-specialized-points,3.49939,3.20016,0,0,0,3.20016,ok,true,8468862849707,8468862849707,3.722939,,experiments/h100/sweep/cases/zk_complete_add_10_bw64_r20.log
zk_complete_add_10,q_add*y_r - q_add*y_p - q_add*x_q*y_r*gamma + q_add*x_q*y_p*gamma,prime-field-montgomery,element,specialized,p64_goldilocks,64,2,0xffffffff00000001,22,4194304,5,4,4,2,10,whole-run,fixed,triton-sumcheck-prime-field-montgomery-element-layout-specialized-points,71.208,15.170,0.000,0.000000,0.000,15.170,ok,cuda-sumcheck-prime-field-montgomery-element-layout-specialized-points,4.99757,4.7385,0,0,0,4.7385,ok,true,9645652376542,9645652376542,3.201435,,experiments/h100/sweep/cases/zk_complete_add_10_bw64_r22.log
zk_complete_add_10,q_add*y_r - q_add*y_p - q_add*x_q*y_r*gamma + q_add*x_q*y_p*gamma,prime-field-montgomery,element,specialized,p64_goldilocks,64,2,0xffffffff00000001,24,16777216,5,4,4,2,10,whole-run,fixed,triton-sumcheck-prime-field-montgomery-element-layout-specialized-points,76.786,22.151,0.000,0.000000,0.000,22.151,ok,cuda-sumcheck-prime-field-montgomery-element-layout-specialized-points,9.08438,8.80163,0,0,0,8.80163,ok,true,10460992284873,10460992284873,2.516693,,experiments/h100/sweep/cases/zk_complete_add_10_bw64_r24.log
zk_complete_add_10,q_add*y_r - q_add*y_p - q_add*x_q*y_r*gamma + q_add*x_q*y_p*gamma,prime-field-montgomery,element,specialized,p64_goldilocks,64,2,0xffffffff00000001,26,67108864,5,4,4,2,10,whole-run,fixed,triton-sumcheck-prime-field-montgomery-element-layout-specialized-points,100.396,47.230,0.000,0.000000,0.000,47.230,ok,cuda-sumcheck-prime-field-montgomery-element-layout-specialized-points,24.0802,23.9431,0,0,0,23.9431,ok,true,10722365125056,10722365125056,1.972593,,experiments/h100/sweep/cases/zk_complete_add_10_bw64_r26.log
zk_complete_add_10,q_add*y_r - q_add*y_p - q_add*x_q*y_r*gamma + q_add*x_q*y_p*gamma,prime-field-montgomery,element,specialized,p64_goldilocks,64,2,0xffffffff00000001,28,268435456,5,4,4,2,10,whole-run,fixed,triton-sumcheck-prime-field-montgomery-element-layout-specialized-points,198.337,148.032,0.000,0.000000,0.000,148.032,ok,cuda-sumcheck-prime-field-montgomery-element-layout-specialized-points,81.9899,82.8007,0,0,0,82.8007,ok,true,11417964607582,11417964607582,1.787811,,experiments/h100/sweep/cases/zk_complete_add_10_bw64_r28.log
zk_complete_add_10,q_add*y_r - q_add*y_p - q_add*x_q*y_r*gamma + q_add*x_q*y_p*gamma,prime-field-montgomery,element,specialized,p128_mersenne_2^127_minus_1,128,4,0x7fffffffffffffffffffffffffffffff,14,16384,5,4,4,2,10,whole-run,fixed,triton-sumcheck-prime-field-montgomery-element-layout-specialized-points,37.520,3.340,0.000,0.000000,0.000,3.340,ok,cuda-sumcheck-prime-field-montgomery-element-layout-specialized-points,2.26842,1.82125,0,0,0,1.82125,ok,true,12260456006123,12260456006123,1.833905,,experiments/h100/sweep/cases/zk_complete_add_10_bw128_r14.log
zk_complete_add_10,q_add*y_r - q_add*y_p - q_add*x_q*y_r*gamma + q_add*x_q*y_p*gamma,prime-field-montgomery,element,specialized,p128_mersenne_2^127_minus_1,128,4,0x7fffffffffffffffffffffffffffffff,16,65536,5,4,4,2,10,whole-run,fixed,triton-sumcheck-prime-field-montgomery-element-layout-specialized-points,38.788,4.398,0.000,0.000000,0.000,4.398,ok,cuda-sumcheck-prime-field-montgomery-element-layout-specialized-points,2.62118,2.19398,0,0,0,2.19398,ok,true,14187752250711,14187752250711,2.004576,,experiments/h100/sweep/cases/zk_complete_add_10_bw128_r16.log
zk_complete_add_10,q_add*y_r - q_add*y_p - q_add*x_q*y_r*gamma + q_add*x_q*y_p*gamma,prime-field-montgomery,element,specialized,p128_mersenne_2^127_minus_1,128,4,0x7fffffffffffffffffffffffffffffff,18,262144,5,4,4,2,10,whole-run,fixed,triton-sumcheck-prime-field-montgomery-element-layout-specialized-points,40.327,5.477,0.000,0.000000,0.000,5.477,ok,cuda-sumcheck-prime-field-montgomery-element-layout-specialized-points,3.31584,2.8559,0,0,0,2.8559,ok,true,17298230590979,17298230590979,1.917784,,experiments/h100/sweep/cases/zk_complete_add_10_bw128_r18.log
zk_complete_add_10,q_add*y_r - q_add*y_p - q_add*x_q*y_r*gamma + q_add*x_q*y_p*gamma,prime-field-montgomery,element,specialized,p128_mersenne_2^127_minus_1,128,4,0x7fffffffffffffffffffffffffffffff,20,1048576,5,4,4,2,10,whole-run,fixed,triton-sumcheck-prime-field-montgomery-element-layout-specialized-points,41.189,7.080,0.000,0.000000,0.000,7.080,ok,cuda-sumcheck-prime-field-montgomery-element-layout-specialized-points,4.25318,3.85808,0,0,0,3.85808,ok,true,22557764587774,22557764587774,1.835110,,experiments/h100/sweep/cases/zk_complete_add_10_bw128_r20.log
zk_complete_add_10,q_add*y_r - q_add*y_p - q_add*x_q*y_r*gamma + q_add*x_q*y_p*gamma,prime-field-montgomery,element,specialized,p128_mersenne_2^127_minus_1,128,4,0x7fffffffffffffffffffffffffffffff,22,4194304,5,4,4,2,10,whole-run,fixed,triton-sumcheck-prime-field-montgomery-element-layout-specialized-points,44.135,10.628,0.000,0.000000,0.000,10.628,ok,cuda-sumcheck-prime-field-montgomery-element-layout-specialized-points,6.85037,6.45654,0,0,0,6.45654,ok,true,24772510013771,24772510013771,1.646083,,experiments/h100/sweep/cases/zk_complete_add_10_bw128_r22.log
zk_complete_add_10,q_add*y_r - q_add*y_p - q_add*x_q*y_r*gamma + q_add*x_q*y_p*gamma,prime-field-montgomery,element,specialized,p128_mersenne_2^127_minus_1,128,4,0x7fffffffffffffffffffffffffffffff,24,16777216,5,4,4,2,10,whole-run,fixed,triton-sumcheck-prime-field-montgomery-element-layout-specialized-points,57.343,23.816,0.000,0.000000,0.000,23.816,ok,cuda-sumcheck-prime-field-montgomery-element-layout-specialized-points,15.6835,15.1635,0,0,0,15.1635,ok,true,27407170465337,27407170465337,1.570614,,experiments/h100/sweep/cases/zk_complete_add_10_bw128_r24.log
zk_complete_add_10,q_add*y_r - q_add*y_p - q_add*x_q*y_r*gamma + q_add*x_q*y_p*gamma,prime-field-montgomery,element,specialized,p128_mersenne_2^127_minus_1,128,4,0x7fffffffffffffffffffffffffffffff,26,67108864,5,4,4,2,10,whole-run,fixed,triton-sumcheck-prime-field-montgomery-element-layout-specialized-points,135.290,78.059,0.000,0.000000,0.000,78.059,ok,cuda-sumcheck-prime-field-montgomery-element-layout-specialized-points,48.7301,47.411,0,0,0,47.411,ok,true,28291550435941,28291550435941,1.646432,,experiments/h100/sweep/cases/zk_complete_add_10_bw128_r26.log
zk_complete_add_10,q_add*y_r - q_add*y_p - q_add*x_q*y_r*gamma + q_add*x_q*y_p*gamma,prime-field-montgomery,element,specialized,p128_mersenne_2^127_minus_1,128,4,0x7fffffffffffffffffffffffffffffff,28,268435456,5,4,4,2,10,whole-run,fixed,triton-sumcheck-prime-field-montgomery-element-layout-specialized-points,325.802,266.136,0.000,0.000000,0.000,266.136,ok,cuda-sumcheck-prime-field-montgomery-element-layout-specialized-points,175.692,182.736,0,0,0,182.736,ok,true,29758454218935,29758454218935,1.456396,,experiments/h100/sweep/cases/zk_complete_add_10_bw128_r28.log
zk_complete_add_10,q_add*y_r - q_add*y_p - q_add*x_q*y_r*gamma + q_add*x_q*y_p*gamma,prime-field-montgomery,element,specialized,p255_bls12_381_scalar,256,8,0x73eda753299d7d483339d80809a1d80553bda402fffe5bfeffffffff00000001,14,16384,5,4,4,2,10,whole-run,fixed,triton-sumcheck-prime-field-montgomery-element-layout-specialized-points,81.701,5.803,0.000,0.000000,0.000,5.803,ok,cuda-sumcheck-prime-field-montgomery-element-layout-specialized-points,3.75514,2.67184,0,0,0,2.67184,ok,true,64721918569490,64721918569490,2.171911,,experiments/h100/sweep/cases/zk_complete_add_10_bw256_r14.log
zk_complete_add_10,q_add*y_r - q_add*y_p - q_add*x_q*y_r*gamma + q_add*x_q*y_p*gamma,prime-field-montgomery,element,specialized,p255_bls12_381_scalar,256,8,0x73eda753299d7d483339d80809a1d80553bda402fffe5bfeffffffff00000001,16,65536,5,4,4,2,10,whole-run,fixed,triton-sumcheck-prime-field-montgomery-element-layout-specialized-points,83.604,7.866,0.000,0.000000,0.000,7.866,ok,cuda-sumcheck-prime-field-montgomery-element-layout-specialized-points,4.40774,3.31904,0,0,0,3.31904,ok,true,71667032844355,71667032844355,2.369962,,experiments/h100/sweep/cases/zk_complete_add_10_bw256_r16.log
zk_complete_add_10,q_add*y_r - q_add*y_p - q_add*x_q*y_r*gamma + q_add*x_q*y_p*gamma,prime-field-montgomery,element,specialized,p255_bls12_381_scalar,256,8,0x73eda753299d7d483339d80809a1d80553bda402fffe5bfeffffffff00000001,18,262144,5,4,4,2,10,whole-run,fixed,triton-sumcheck-prime-field-montgomery-element-layout-specialized-points,86.089,9.935,0.000,0.000000,0.000,9.935,ok,cuda-sumcheck-prime-field-montgomery-element-layout-specialized-points,5.49514,4.5016,0,0,0,4.5016,ok,true,80032519064251,80032519064251,2.206993,,experiments/h100/sweep/cases/zk_complete_add_10_bw256_r18.log
zk_complete_add_10,q_add*y_r - q_add*y_p - q_add*x_q*y_r*gamma + q_add*x_q*y_p*gamma,prime-field-montgomery,element,specialized,p255_bls12_381_scalar,256,8,0x73eda753299d7d483339d80809a1d80553bda402fffe5bfeffffffff00000001,20,1048576,5,4,4,2,10,whole-run,fixed,triton-sumcheck-prime-field-montgomery-element-layout-specialized-points,87.640,13.197,0.000,0.000000,0.000,13.197,ok,cuda-sumcheck-prime-field-montgomery-element-layout-specialized-points,8.21494,7.1751,0,0,0,7.1751,ok,true,86072749519367,86072749519367,1.839278,,experiments/h100/sweep/cases/zk_complete_add_10_bw256_r20.log
zk_complete_add_10,q_add*y_r - q_add*y_p - q_add*x_q*y_r*gamma + q_add*x_q*y_p*gamma,prime-field-montgomery,element,specialized,p255_bls12_381_scalar,256,8,0x73eda753299d7d483339d80809a1d80553bda402fffe5bfeffffffff00000001,22,4194304,5,4,4,2,10,whole-run,fixed,triton-sumcheck-prime-field-montgomery-element-layout-specialized-points,98.336,23.274,0.000,0.000000,0.000,23.274,ok,cuda-sumcheck-prime-field-montgomery-element-layout-specialized-points,17.0008,15.9817,0,0,0,15.9817,ok,true,100819326577736,100819326577736,1.456291,,experiments/h100/sweep/cases/zk_complete_add_10_bw256_r22.log
zk_complete_add_10,q_add*y_r - q_add*y_p - q_add*x_q*y_r*gamma + q_add*x_q*y_p*gamma,prime-field-montgomery,element,specialized,p255_bls12_381_scalar,256,8,0x73eda753299d7d483339d80809a1d80553bda402fffe5bfeffffffff00000001,24,16777216,5,4,4,2,10,whole-run,fixed,triton-sumcheck-prime-field-montgomery-element-layout-specialized-points,132.959,60.478,0.000,0.000000,0.000,60.478,ok,cuda-sumcheck-prime-field-montgomery-element-layout-specialized-points,49.1731,48.0346,0,0,0,48.0346,ok,true,107743887149652,107743887149652,1.259051,,experiments/h100/sweep/cases/zk_complete_add_10_bw256_r24.log
zk_complete_add_10,q_add*y_r - q_add*y_p - q_add*x_q*y_r*gamma + q_add*x_q*y_p*gamma,prime-field-montgomery,element,specialized,p255_bls12_381_scalar,256,8,0x73eda753299d7d483339d80809a1d80553bda402fffe5bfeffffffff00000001,26,67108864,5,4,4,2,10,whole-run,fixed,triton-sumcheck-prime-field-montgomery-element-layout-specialized-points,245.792,203.714,0.000,0.000000,0.000,203.714,ok,cuda-sumcheck-prime-field-montgomery-element-layout-specialized-points,179.252,177.306,0,0,0,177.306,ok,true,115022369023562,115022369023562,1.148940,,experiments/h100/sweep/cases/zk_complete_add_10_bw256_r26.log
zk_complete_add_10,q_add*y_r - q_add*y_p - q_add*x_q*y_r*gamma + q_add*x_q*y_p*gamma,prime-field-montgomery,element,specialized,,256,,,28,268435456,5,4,4,2,10,whole-run,fixed,,,,,,,,skipped,,,,,,,,skipped,skipped,,,,returncode=1,experiments/h100/sweep/cases/zk_complete_add_10_bw256_r28.log
zk_complete_add_11,q_add*x_r - q_add*x_q*x_r*alpha + q_add*x_p*x_r*alpha - q_add*y_q*x_r*delta - q_add*y_p*x_r*delta,prime-field-montgomery,element,specialized,p32_2^32_minus_5,32,1,0xfffffffb,14,16384,8,4,5,2,10,whole-run,fixed,triton-sumcheck-prime-field-montgomery-element-layout-specialized-points,59.538,5.358,0.000,0.000000,0.000,5.358,ok,cuda-sumcheck-prime-field-montgomery-element-layout-specialized-points,1.8649,1.61632,0,0,0,1.61632,ok,true,2282866075022,2282866075022,3.314938,,experiments/h100/sweep/cases/zk_complete_add_11_bw32_r14.log
zk_complete_add_11,q_add*x_r - q_add*x_q*x_r*alpha + q_add*x_p*x_r*alpha - q_add*y_q*x_r*delta - q_add*y_p*x_r*delta,prime-field-montgomery,element,specialized,p32_2^32_minus_5,32,1,0xfffffffb,16,65536,8,4,5,2,10,whole-run,fixed,triton-sumcheck-prime-field-montgomery-element-layout-specialized-points,61.434,7.180,0.000,0.000000,0.000,7.180,ok,cuda-sumcheck-prime-field-montgomery-element-layout-specialized-points,2.24941,2.02454,0,0,0,2.02454,ok,true,2359158299771,2359158299771,3.546485,,experiments/h100/sweep/cases/zk_complete_add_11_bw32_r16.log
zk_complete_add_11,q_add*x_r - q_add*x_q*x_r*alpha + q_add*x_p*x_r*alpha - q_add*y_q*x_r*delta - q_add*y_p*x_r*delta,prime-field-montgomery,element,specialized,p32_2^32_minus_5,32,1,0xfffffffb,18,262144,8,4,5,2,10,whole-run,fixed,triton-sumcheck-prime-field-montgomery-element-layout-specialized-points,64.428,9.353,0.000,0.000000,0.000,9.353,ok,cuda-sumcheck-prime-field-montgomery-element-layout-specialized-points,2.71715,2.39008,0,0,0,2.39008,ok,true,2485816987446,2485816987446,3.913258,,experiments/h100/sweep/cases/zk_complete_add_11_bw32_r18.log
zk_complete_add_11,q_add*x_r - q_add*x_q*x_r*alpha + q_add*x_p*x_r*alpha - q_add*y_q*x_r*delta - q_add*y_p*x_r*delta,prime-field-montgomery,element,specialized,p32_2^32_minus_5,32,1,0xfffffffb,20,1048576,8,4,5,2,10,whole-run,fixed,triton-sumcheck-prime-field-montgomery-element-layout-specialized-points,66.701,12.025,0.000,0.000000,0.000,12.025,ok,cuda-sumcheck-prime-field-montgomery-element-layout-specialized-points,3.34022,3.0065,0,0,0,3.0065,ok,true,2698065176560,2698065176560,3.999667,,experiments/h100/sweep/cases/zk_complete_add_11_bw32_r20.log
zk_complete_add_11,q_add*x_r - q_add*x_q*x_r*alpha + q_add*x_p*x_r*alpha - q_add*y_q*x_r*delta - q_add*y_p*x_r*delta,prime-field-montgomery,element,specialized,p32_2^32_minus_5,32,1,0xfffffffb,22,4194304,8,4,5,2,10,whole-run,fixed,triton-sumcheck-prime-field-montgomery-element-layout-specialized-points,70.019,15.278,0.000,0.000000,0.000,15.278,ok,cuda-sumcheck-prime-field-montgomery-element-layout-specialized-points,4.45398,4.12886,0,0,0,4.12886,ok,true,3131899343976,3131899343976,3.700295,,experiments/h100/sweep/cases/zk_complete_add_11_bw32_r22.log
zk_complete_add_11,q_add*x_r - q_add*x_q*x_r*alpha + q_add*x_p*x_r*alpha - q_add*y_q*x_r*delta - q_add*y_p*x_r*delta,prime-field-montgomery,element,specialized,p32_2^32_minus_5,32,1,0xfffffffb,24,16777216,8,4,5,2,10,whole-run,fixed,triton-sumcheck-prime-field-montgomery-element-layout-specialized-points,75.055,21.896,0.000,0.000000,0.000,21.896,ok,cuda-sumcheck-prime-field-montgomery-element-layout-specialized-points,7.77667,7.5232,0,0,0,7.5232,ok,true,3499519030657,3499519030657,2.910464,,experiments/h100/sweep/cases/zk_complete_add_11_bw32_r24.log
zk_complete_add_11,q_add*x_r - q_add*x_q*x_r*alpha + q_add*x_p*x_r*alpha - q_add*y_q*x_r*delta - q_add*y_p*x_r*delta,prime-field-montgomery,element,specialized,p32_2^32_minus_5,32,1,0xfffffffb,26,67108864,8,4,5,2,10,whole-run,fixed,triton-sumcheck-prime-field-montgomery-element-layout-specialized-points,97.512,45.967,0.000,0.000000,0.000,45.967,ok,cuda-sumcheck-prime-field-montgomery-element-layout-specialized-points,19.3312,19.0121,0,0,0,19.0121,ok,true,3709760280057,3709760280057,2.417776,,experiments/h100/sweep/cases/zk_complete_add_11_bw32_r26.log
zk_complete_add_11,q_add*x_r - q_add*x_q*x_r*alpha + q_add*x_p*x_r*alpha - q_add*y_q*x_r*delta - q_add*y_p*x_r*delta,prime-field-montgomery,element,specialized,p32_2^32_minus_5,32,1,0xfffffffb,28,268435456,8,4,5,2,10,whole-run,fixed,triton-sumcheck-prime-field-montgomery-element-layout-specialized-points,238.800,140.508,0.000,0.000000,0.000,140.508,ok,cuda-sumcheck-prime-field-montgomery-element-layout-specialized-points,63.4167,63.2698,0,0,0,63.2698,ok,true,3796796820596,3796796820596,2.220775,,experiments/h100/sweep/cases/zk_complete_add_11_bw32_r28.log
zk_complete_add_11,q_add*x_r - q_add*x_q*x_r*alpha + q_add*x_p*x_r*alpha - q_add*y_q*x_r*delta - q_add*y_p*x_r*delta,prime-field-montgomery,element,specialized,p64_goldilocks,64,2,0xffffffff00000001,14,16384,8,4,5,2,10,whole-run,fixed,triton-sumcheck-prime-field-montgomery-element-layout-specialized-points,62.981,5.446,0.000,0.000000,0.000,5.446,ok,cuda-sumcheck-prime-field-montgomery-element-layout-specialized-points,2.06874,1.74256,0,0,0,1.74256,ok,true,5847683850424,5847683850424,3.125287,,experiments/h100/sweep/cases/zk_complete_add_11_bw64_r14.log
zk_complete_add_11,q_add*x_r - q_add*x_q*x_r*alpha + q_add*x_p*x_r*alpha - q_add*y_q*x_r*delta - q_add*y_p*x_r*delta,prime-field-montgomery,element,specialized,p64_goldilocks,64,2,0xffffffff00000001,16,65536,8,4,5,2,10,whole-run,fixed,triton-sumcheck-prime-field-montgomery-element-layout-specialized-points,65.242,7.323,0.000,0.000000,0.000,7.323,ok,cuda-sumcheck-prime-field-montgomery-element-layout-specialized-points,2.46205,2.13376,0,0,0,2.13376,ok,true,6671481681605,6671481681605,3.431970,,experiments/h100/sweep/cases/zk_complete_add_11_bw64_r16.log
zk_complete_add_11,q_add*x_r - q_add*x_q*x_r*alpha + q_add*x_p*x_r*alpha - q_add*y_q*x_r*delta - q_add*y_p*x_r*delta,prime-field-montgomery,element,specialized,p64_goldilocks,64,2,0xffffffff00000001,18,262144,8,4,5,2,10,whole-run,fixed,triton-sumcheck-prime-field-montgomery-element-layout-specialized-points,66.640,9.299,0.000,0.000000,0.000,9.299,ok,cuda-sumcheck-prime-field-montgomery-element-layout-specialized-points,2.97027,2.62352,0,0,0,2.62352,ok,true,7406646980928,7406646980928,3.544475,,experiments/h100/sweep/cases/zk_complete_add_11_bw64_r18.log
zk_complete_add_11,q_add*x_r - q_add*x_q*x_r*alpha + q_add*x_p*x_r*alpha - q_add*y_q*x_r*delta - q_add*y_p*x_r*delta,prime-field-montgomery,element,specialized,p64_goldilocks,64,2,0xffffffff00000001,20,1048576,8,4,5,2,10,whole-run,fixed,triton-sumcheck-prime-field-montgomery-element-layout-specialized-points,69.583,11.894,0.000,0.000000,0.000,11.894,ok,cuda-sumcheck-prime-field-montgomery-element-layout-specialized-points,3.88464,3.60362,0,0,0,3.60362,ok,true,8563451426192,8563451426192,3.300570,,experiments/h100/sweep/cases/zk_complete_add_11_bw64_r20.log
zk_complete_add_11,q_add*x_r - q_add*x_q*x_r*alpha + q_add*x_p*x_r*alpha - q_add*y_q*x_r*delta - q_add*y_p*x_r*delta,prime-field-montgomery,element,specialized,p64_goldilocks,64,2,0xffffffff00000001,22,4194304,8,4,5,2,10,whole-run,fixed,triton-sumcheck-prime-field-montgomery-element-layout-specialized-points,71.787,15.205,0.000,0.000000,0.000,15.205,ok,cuda-sumcheck-prime-field-montgomery-element-layout-specialized-points,5.80992,5.52147,0,0,0,5.52147,ok,true,9701232910616,9701232910616,2.753796,,experiments/h100/sweep/cases/zk_complete_add_11_bw64_r22.log
zk_complete_add_11,q_add*x_r - q_add*x_q*x_r*alpha + q_add*x_p*x_r*alpha - q_add*y_q*x_r*delta - q_add*y_p*x_r*delta,prime-field-montgomery,element,specialized,p64_goldilocks,64,2,0xffffffff00000001,24,16777216,8,4,5,2,10,whole-run,fixed,triton-sumcheck-prime-field-montgomery-element-layout-specialized-points,80.096,24.210,0.000,0.000000,0.000,24.210,ok,cuda-sumcheck-prime-field-montgomery-element-layout-specialized-points,12.3107,12.0414,0,0,0,12.0414,ok,true,10163569000663,10163569000663,2.010564,,experiments/h100/sweep/cases/zk_complete_add_11_bw64_r24.log
zk_complete_add_11,q_add*x_r - q_add*x_q*x_r*alpha + q_add*x_p*x_r*alpha - q_add*y_q*x_r*delta - q_add*y_p*x_r*delta,prime-field-montgomery,element,specialized,p64_goldilocks,64,2,0xffffffff00000001,26,67108864,8,4,5,2,10,whole-run,fixed,triton-sumcheck-prime-field-montgomery-element-layout-specialized-points,111.966,57.799,0.000,0.000000,0.000,57.799,ok,cuda-sumcheck-prime-field-montgomery-element-layout-specialized-points,35.9946,36.2968,0,0,0,36.2968,ok,true,10857144132354,10857144132354,1.592399,,experiments/h100/sweep/cases/zk_complete_add_11_bw64_r26.log
zk_complete_add_11,q_add*x_r - q_add*x_q*x_r*alpha + q_add*x_p*x_r*alpha - q_add*y_q*x_r*delta - q_add*y_p*x_r*delta,prime-field-montgomery,element,specialized,p64_goldilocks,64,2,0xffffffff00000001,28,268435456,8,4,5,2,10,whole-run,fixed,triton-sumcheck-prime-field-montgomery-element-layout-specialized-points,244.804,197.783,0.000,0.000000,0.000,197.783,ok,cuda-sumcheck-prime-field-montgomery-element-layout-specialized-points,131.894,135.519,0,0,0,135.519,ok,true,11918194328092,11918194328092,1.459448,,experiments/h100/sweep/cases/zk_complete_add_11_bw64_r28.log
zk_complete_add_11,q_add*x_r - q_add*x_q*x_r*alpha + q_add*x_p*x_r*alpha - q_add*y_q*x_r*delta - q_add*y_p*x_r*delta,prime-field-montgomery,element,specialized,p128_mersenne_2^127_minus_1,128,4,0x7fffffffffffffffffffffffffffffff,14,16384,8,4,5,2,10,whole-run,fixed,triton-sumcheck-prime-field-montgomery-element-layout-specialized-points,41.428,3.456,0.000,0.000000,0.000,3.456,ok,cuda-sumcheck-prime-field-montgomery-element-layout-specialized-points,2.57869,1.9887,0,0,0,1.9887,ok,true,14953352120226,14953352120226,1.737819,,experiments/h100/sweep/cases/zk_complete_add_11_bw128_r14.log
zk_complete_add_11,q_add*x_r - q_add*x_q*x_r*alpha + q_add*x_p*x_r*alpha - q_add*y_q*x_r*delta - q_add*y_p*x_r*delta,prime-field-montgomery,element,specialized,p128_mersenne_2^127_minus_1,128,4,0x7fffffffffffffffffffffffffffffff,16,65536,8,4,5,2,10,whole-run,fixed,triton-sumcheck-prime-field-montgomery-element-layout-specialized-points,43.717,4.589,0.000,0.000000,0.000,4.589,ok,cuda-sumcheck-prime-field-montgomery-element-layout-specialized-points,3.12317,2.4945,0,0,0,2.4945,ok,true,18019726162685,18019726162685,1.839647,,experiments/h100/sweep/cases/zk_complete_add_11_bw128_r16.log
zk_complete_add_11,q_add*x_r - q_add*x_q*x_r*alpha + q_add*x_p*x_r*alpha - q_add*y_q*x_r*delta - q_add*y_p*x_r*delta,prime-field-montgomery,element,specialized,p128_mersenne_2^127_minus_1,128,4,0x7fffffffffffffffffffffffffffffff,18,262144,8,4,5,2,10,whole-run,fixed,triton-sumcheck-prime-field-montgomery-element-layout-specialized-points,44.411,5.733,0.000,0.000000,0.000,5.733,ok,cuda-sumcheck-prime-field-montgomery-element-layout-specialized-points,3.8143,3.19619,0,0,0,3.19619,ok,true,19188741394316,19188741394316,1.793698,,experiments/h100/sweep/cases/zk_complete_add_11_bw128_r18.log
zk_complete_add_11,q_add*x_r - q_add*x_q*x_r*alpha + q_add*x_p*x_r*alpha - q_add*y_q*x_r*delta - q_add*y_p*x_r*delta,prime-field-montgomery,element,specialized,p128_mersenne_2^127_minus_1,128,4,0x7fffffffffffffffffffffffffffffff,20,1048576,8,4,5,2,10,whole-run,fixed,triton-sumcheck-prime-field-montgomery-element-layout-specialized-points,45.803,7.697,0.000,0.000000,0.000,7.697,ok,cuda-sumcheck-prime-field-montgomery-element-layout-specialized-points,5.31114,4.71469,0,0,0,4.71469,ok,true,22959872013910,22959872013910,1.632557,,experiments/h100/sweep/cases/zk_complete_add_11_bw128_r20.log
zk_complete_add_11,q_add*x_r - q_add*x_q*x_r*alpha + q_add*x_p*x_r*alpha - q_add*y_q*x_r*delta - q_add*y_p*x_r*delta,prime-field-montgomery,element,specialized,p128_mersenne_2^127_minus_1,128,4,0x7fffffffffffffffffffffffffffffff,22,4194304,8,4,5,2,10,whole-run,fixed,triton-sumcheck-prime-field-montgomery-element-layout-specialized-points,53.067,13.071,0.000,0.000000,0.000,13.071,ok,cuda-sumcheck-prime-field-montgomery-element-layout-specialized-points,9.38803,8.71021,0,0,0,8.71021,ok,true,24966081889398,24966081889398,1.500653,,experiments/h100/sweep/cases/zk_complete_add_11_bw128_r22.log
zk_complete_add_11,q_add*x_r - q_add*x_q*x_r*alpha + q_add*x_p*x_r*alpha - q_add*y_q*x_r*delta - q_add*y_p*x_r*delta,prime-field-montgomery,element,specialized,p128_mersenne_2^127_minus_1,128,4,0x7fffffffffffffffffffffffffffffff,24,16777216,8,4,5,2,10,whole-run,fixed,triton-sumcheck-prime-field-montgomery-element-layout-specialized-points,70.070,32.850,0.000,0.000000,0.000,32.850,ok,cuda-sumcheck-prime-field-montgomery-element-layout-specialized-points,23.9066,22.9772,0,0,0,22.9772,ok,true,27195504089156,27195504089156,1.429678,,experiments/h100/sweep/cases/zk_complete_add_11_bw128_r24.log
zk_complete_add_11,q_add*x_r - q_add*x_q*x_r*alpha + q_add*x_p*x_r*alpha - q_add*y_q*x_r*delta - q_add*y_p*x_r*delta,prime-field-montgomery,element,specialized,p128_mersenne_2^127_minus_1,128,4,0x7fffffffffffffffffffffffffffffff,26,67108864,8,4,5,2,10,whole-run,fixed,triton-sumcheck-prime-field-montgomery-element-layout-specialized-points,145.085,108.906,0.000,0.000000,0.000,108.906,ok,cuda-sumcheck-prime-field-montgomery-element-layout-specialized-points,78.8987,78.2186,0,0,0,78.2186,ok,true,29078779172183,29078779172183,1.392329,,experiments/h100/sweep/cases/zk_complete_add_11_bw128_r26.log
zk_complete_add_11,q_add*x_r - q_add*x_q*x_r*alpha + q_add*x_p*x_r*alpha - q_add*y_q*x_r*delta - q_add*y_p*x_r*delta,prime-field-montgomery,element,specialized,,128,,,28,268435456,8,4,5,2,10,whole-run,fixed,,,,,,,,skipped,,,,,,,,skipped,skipped,,,,returncode=1,experiments/h100/sweep/cases/zk_complete_add_11_bw128_r28.log
zk_complete_add_11,q_add*x_r - q_add*x_q*x_r*alpha + q_add*x_p*x_r*alpha - q_add*y_q*x_r*delta - q_add*y_p*x_r*delta,prime-field-montgomery,element,specialized,p255_bls12_381_scalar,256,8,0x73eda753299d7d483339d80809a1d80553bda402fffe5bfeffffffff00000001,14,16384,8,4,5,2,10,whole-run,fixed,triton-sumcheck-prime-field-montgomery-element-layout-specialized-points,61.932,4.680,0.000,0.000000,0.000,4.680,ok,cuda-sumcheck-prime-field-montgomery-element-layout-specialized-points,5.27869,3.67034,0,0,0,3.67034,ok,true,62956770791525,62956770791525,1.275086,,experiments/h100/sweep/cases/zk_complete_add_11_bw256_r14.log
zk_complete_add_11,q_add*x_r - q_add*x_q*x_r*alpha + q_add*x_p*x_r*alpha - q_add*y_q*x_r*delta - q_add*y_p*x_r*delta,prime-field-montgomery,element,specialized,p255_bls12_381_scalar,256,8,0x73eda753299d7d483339d80809a1d80553bda402fffe5bfeffffffff00000001,16,65536,8,4,5,2,10,whole-run,fixed,triton-sumcheck-prime-field-montgomery-element-layout-specialized-points,100.394,8.327,0.000,0.000000,0.000,8.327,ok,cuda-sumcheck-prime-field-montgomery-element-layout-specialized-points,6.01827,4.45069,0,0,0,4.45069,ok,true,70762978740454,70762978740454,1.870946,,experiments/h100/sweep/cases/zk_complete_add_11_bw256_r16.log
zk_complete_add_11,q_add*x_r - q_add*x_q*x_r*alpha + q_add*x_p*x_r*alpha - q_add*y_q*x_r*delta - q_add*y_p*x_r*delta,prime-field-montgomery,element,specialized,p255_bls12_381_scalar,256,8,0x73eda753299d7d483339d80809a1d80553bda402fffe5bfeffffffff00000001,18,262144,8,4,5,2,10,whole-run,fixed,triton-sumcheck-prime-field-montgomery-element-layout-specialized-points,68.330,8.331,0.000,0.000000,0.000,8.331,ok,cuda-sumcheck-prime-field-montgomery-element-layout-specialized-points,7.36365,6.33027,0,0,0,6.33027,ok,true,77049406967767,77049406967767,1.316058,,experiments/h100/sweep/cases/zk_complete_add_11_bw256_r18.log
zk_complete_add_11,q_add*x_r - q_add*x_q*x_r*alpha + q_add*x_p*x_r*alpha - q_add*y_q*x_r*delta - q_add*y_p*x_r*delta,prime-field-montgomery,element,specialized,p255_bls12_381_scalar,256,8,0x73eda753299d7d483339d80809a1d80553bda402fffe5bfeffffffff00000001,20,1048576,8,4,5,2,10,whole-run,fixed,triton-sumcheck-prime-field-montgomery-element-layout-specialized-points,70.657,14.195,0.000,0.000000,0.000,14.195,ok,cuda-sumcheck-prime-field-montgomery-element-layout-specialized-points,13.6088,11.5557,0,0,0,11.5557,ok,true,86279251806969,86279251806969,1.228398,,experiments/h100/sweep/cases/zk_complete_add_11_bw256_r20.log
zk_complete_add_11,q_add*x_r - q_add*x_q*x_r*alpha + q_add*x_p*x_r*alpha - q_add*y_q*x_r*delta - q_add*y_p*x_r*delta,prime-field-montgomery,element,specialized,p255_bls12_381_scalar,256,8,0x73eda753299d7d483339d80809a1d80553bda402fffe5bfeffffffff00000001,22,4194304,8,4,5,2,10,whole-run,fixed,triton-sumcheck-prime-field-montgomery-element-layout-specialized-points,128.105,38.789,0.000,0.000000,0.000,38.789,ok,cuda-sumcheck-prime-field-montgomery-element-layout-specialized-points,29.6894,28.3077,0,0,0,28.3077,ok,true,95160275634970,95160275634970,1.370263,,experiments/h100/sweep/cases/zk_complete_add_11_bw256_r22.log
zk_complete_add_11,q_add*x_r - q_add*x_q*x_r*alpha + q_add*x_p*x_r*alpha - q_add*y_q*x_r*delta - q_add*y_p*x_r*delta,prime-field-montgomery,element,specialized,p255_bls12_381_scalar,256,8,0x73eda753299d7d483339d80809a1d80553bda402fffe5bfeffffffff00000001,24,16777216,8,4,5,2,10,whole-run,fixed,triton-sumcheck-prime-field-montgomery-element-layout-specialized-points,210.951,121.558,0.000,0.000000,0.000,121.558,ok,cuda-sumcheck-prime-field-montgomery-element-layout-specialized-points,95.2229,93.8642,0,0,0,93.8642,ok,true,104209935896092,104209935896092,1.295041,,experiments/h100/sweep/cases/zk_complete_add_11_bw256_r24.log
zk_complete_add_11,q_add*x_r - q_add*x_q*x_r*alpha + q_add*x_p*x_r*alpha - q_add*y_q*x_r*delta - q_add*y_p*x_r*delta,prime-field-montgomery,element,specialized,p255_bls12_381_scalar,256,8,0x73eda753299d7d483339d80809a1d80553bda402fffe5bfeffffffff00000001,26,67108864,8,4,5,2,10,whole-run,fixed,triton-sumcheck-prime-field-montgomery-element-layout-specialized-points,535.874,444.874,0.000,0.000000,0.000,444.874,ok,cuda-sumcheck-prime-field-montgomery-element-layout-specialized-points,351.023,346.704,0,0,0,346.704,ok,true,118405546766377,118405546766377,1.283152,,experiments/h100/sweep/cases/zk_complete_add_11_bw256_r26.log
zk_complete_add_11,q_add*x_r - q_add*x_q*x_r*alpha + q_add*x_p*x_r*alpha - q_add*y_q*x_r*delta - q_add*y_p*x_r*delta,prime-field-montgomery,element,specialized,,256,,,28,268435456,8,4,5,2,10,whole-run,fixed,,,,,,,,skipped,,,,,,,,skipped,skipped,,,,returncode=1,experiments/h100/sweep/cases/zk_complete_add_11_bw256_r28.log
zk_complete_add_12,q_add*y_r - q_add*x_q*y_r*alpha + q_add*x_p*y_r*alpha - q_add*y_q*y_r*delta - q_add*y_p*y_r*delta,prime-field-montgomery,element,specialized,p32_2^32_minus_5,32,1,0xfffffffb,14,16384,8,4,5,2,10,whole-run,fixed,triton-sumcheck-prime-field-montgomery-element-layout-specialized-points,34.574,3.078,0.000,0.000000,0.000,3.078,ok,cuda-sumcheck-prime-field-montgomery-element-layout-specialized-points,1.78989,1.58701,0,0,0,1.58701,ok,true,2282866075022,2282866075022,1.939496,,experiments/h100/sweep/cases/zk_complete_add_12_bw32_r14.log
zk_complete_add_12,q_add*y_r - q_add*x_q*y_r*alpha + q_add*x_p*y_r*alpha - q_add*y_q*y_r*delta - q_add*y_p*y_r*delta,prime-field-montgomery,element,specialized,p32_2^32_minus_5,32,1,0xfffffffb,16,65536,8,4,5,2,10,whole-run,fixed,triton-sumcheck-prime-field-montgomery-element-layout-specialized-points,36.190,4.186,0.000,0.000000,0.000,4.186,ok,cuda-sumcheck-prime-field-montgomery-element-layout-specialized-points,2.24893,2.02755,0,0,0,2.02755,ok,true,2359158299771,2359158299771,2.064561,,experiments/h100/sweep/cases/zk_complete_add_12_bw32_r16.log
zk_complete_add_12,q_add*y_r - q_add*x_q*y_r*alpha + q_add*x_p*y_r*alpha - q_add*y_q*y_r*delta - q_add*y_p*y_r*delta,prime-field-montgomery,element,specialized,p32_2^32_minus_5,32,1,0xfffffffb,18,262144,8,4,5,2,10,whole-run,fixed,triton-sumcheck-prime-field-montgomery-element-layout-specialized-points,36.322,5.438,0.000,0.000000,0.000,5.438,ok,cuda-sumcheck-prime-field-montgomery-element-layout-specialized-points,2.6945,2.40253,0,0,0,2.40253,ok,true,2485816987446,2485816987446,2.263447,,experiments/h100/sweep/cases/zk_complete_add_12_bw32_r18.log
zk_complete_add_12,q_add*y_r - q_add*x_q*y_r*alpha + q_add*x_p*y_r*alpha - q_add*y_q*y_r*delta - q_add*y_p*y_r*delta,prime-field-montgomery,element,specialized,p32_2^32_minus_5,32,1,0xfffffffb,20,1048576,8,4,5,2,10,whole-run,fixed,triton-sumcheck-prime-field-montgomery-element-layout-specialized-points,66.779,11.848,0.000,0.000000,0.000,11.848,ok,cuda-sumcheck-prime-field-montgomery-element-layout-specialized-points,3.24682,2.96202,0,0,0,2.96202,ok,true,2698065176560,2698065176560,3.999973,,experiments/h100/sweep/cases/zk_complete_add_12_bw32_r20.log
zk_complete_add_12,q_add*y_r - q_add*x_q*y_r*alpha + q_add*x_p*y_r*alpha - q_add*y_q*y_r*delta - q_add*y_p*y_r*delta,prime-field-montgomery,element,specialized,p32_2^32_minus_5,32,1,0xfffffffb,22,4194304,8,4,5,2,10,whole-run,fixed,triton-sumcheck-prime-field-montgomery-element-layout-specialized-points,69.023,14.727,0.000,0.000000,0.000,14.727,ok,cuda-sumcheck-prime-field-montgomery-element-layout-specialized-points,4.30794,4.06714,0,0,0,4.06714,ok,true,3131899343976,3131899343976,3.620972,,experiments/h100/sweep/cases/zk_complete_add_12_bw32_r22.log
zk_complete_add_12,q_add*y_r - q_add*x_q*y_r*alpha + q_add*x_p*y_r*alpha - q_add*y_q*y_r*delta - q_add*y_p*y_r*delta,prime-field-montgomery,element,specialized,p32_2^32_minus_5,32,1,0xfffffffb,24,16777216,8,4,5,2,10,whole-run,fixed,triton-sumcheck-prime-field-montgomery-element-layout-specialized-points,74.789,21.594,0.000,0.000000,0.000,21.594,ok,cuda-sumcheck-prime-field-montgomery-element-layout-specialized-points,7.6656,7.38493,0,0,0,7.38493,ok,true,3499519030657,3499519030657,2.924063,,experiments/h100/sweep/cases/zk_complete_add_12_bw32_r24.log
zk_complete_add_12,q_add*y_r - q_add*x_q*y_r*alpha + q_add*x_p*y_r*alpha - q_add*y_q*y_r*delta - q_add*y_p*y_r*delta,prime-field-montgomery,element,specialized,p32_2^32_minus_5,32,1,0xfffffffb,26,67108864,8,4,5,2,10,whole-run,fixed,triton-sumcheck-prime-field-montgomery-element-layout-specialized-points,96.687,45.238,0.000,0.000000,0.000,45.238,ok,cuda-sumcheck-prime-field-montgomery-element-layout-specialized-points,19.1777,18.8884,0,0,0,18.8884,ok,true,3709760280057,3709760280057,2.395015,,experiments/h100/sweep/cases/zk_complete_add_12_bw32_r26.log
zk_complete_add_12,q_add*y_r - q_add*x_q*y_r*alpha + q_add*x_p*y_r*alpha - q_add*y_q*y_r*delta - q_add*y_p*y_r*delta,prime-field-montgomery,element,specialized,p32_2^32_minus_5,32,1,0xfffffffb,28,268435456,8,4,5,2,10,whole-run,fixed,triton-sumcheck-prime-field-montgomery-element-layout-specialized-points,163.869,134.503,0.000,0.000000,0.000,134.503,ok,cuda-sumcheck-prime-field-montgomery-element-layout-specialized-points,63.5064,63.357,0,0,0,63.357,ok,true,3796796820596,3796796820596,2.122938,,experiments/h100/sweep/cases/zk_complete_add_12_bw32_r28.log
zk_complete_add_12,q_add*y_r - q_add*x_q*y_r*alpha + q_add*x_p*y_r*alpha - q_add*y_q*y_r*delta - q_add*y_p*y_r*delta,prime-field-montgomery,element,specialized,p64_goldilocks,64,2,0xffffffff00000001,14,16384,8,4,5,2,10,whole-run,fixed,triton-sumcheck-prime-field-montgomery-element-layout-specialized-points,35.284,3.360,0.000,0.000000,0.000,3.360,ok,cuda-sumcheck-prime-field-montgomery-element-layout-specialized-points,2.11581,1.80141,0,0,0,1.80141,ok,true,5847683850424,5847683850424,1.865206,,experiments/h100/sweep/cases/zk_complete_add_12_bw64_r14.log
zk_complete_add_12,q_add*y_r - q_add*x_q*y_r*alpha + q_add*x_p*y_r*alpha - q_add*y_q*y_r*delta - q_add*y_p*y_r*delta,prime-field-montgomery,element,specialized,p64_goldilocks,64,2,0xffffffff00000001,16,65536,8,4,5,2,10,whole-run,fixed,triton-sumcheck-prime-field-montgomery-element-layout-specialized-points,65.325,7.263,0.000,0.000000,0.000,7.263,ok,cuda-sumcheck-prime-field-montgomery-element-layout-specialized-points,2.45702,2.12086,0,0,0,2.12086,ok,true,6671481681605,6671481681605,3.424554,,experiments/h100/sweep/cases/zk_complete_add_12_bw64_r16.log
zk_complete_add_12,q_add*y_r - q_add*x_q*y_r*alpha + q_add*x_p*y_r*alpha - q_add*y_q*y_r*delta - q_add*y_p*y_r*delta,prime-field-montgomery,element,specialized,p64_goldilocks,64,2,0xffffffff00000001,18,262144,8,4,5,2,10,whole-run,fixed,triton-sumcheck-prime-field-montgomery-element-layout-specialized-points,66.917,9.508,0.000,0.000000,0.000,9.508,ok,cuda-sumcheck-prime-field-montgomery-element-layout-specialized-points,3.01424,2.71162,0,0,0,2.71162,ok,true,7406646980928,7406646980928,3.506391,,experiments/h100/sweep/cases/zk_complete_add_12_bw64_r18.log
zk_complete_add_12,q_add*y_r - q_add*x_q*y_r*alpha + q_add*x_p*y_r*alpha - q_add*y_q*y_r*delta - q_add*y_p*y_r*delta,prime-field-montgomery,element,specialized,p64_goldilocks,64,2,0xffffffff00000001,20,1048576,8,4,5,2,10,whole-run,fixed,triton-sumcheck-prime-field-montgomery-element-layout-specialized-points,69.541,11.907,0.000,0.000000,0.000,11.907,ok,cuda-sumcheck-prime-field-montgomery-element-layout-specialized-points,3.78634,3.46835,0,0,0,3.46835,ok,true,8563451426192,8563451426192,3.433045,,experiments/h100/sweep/cases/zk_complete_add_12_bw64_r20.log
zk_complete_add_12,q_add*y_r - q_add*x_q*y_r*alpha + q_add*x_p*y_r*alpha - q_add*y_q*y_r*delta - q_add*y_p*y_r*delta,prime-field-montgomery,element,specialized,p64_goldilocks,64,2,0xffffffff00000001,22,4194304,8,4,5,2,10,whole-run,fixed,triton-sumcheck-prime-field-montgomery-element-layout-specialized-points,72.482,15.037,0.000,0.000000,0.000,15.037,ok,cuda-sumcheck-prime-field-montgomery-element-layout-specialized-points,5.90202,5.68467,0,0,0,5.68467,ok,true,9701232910616,9701232910616,2.645184,,experiments/h100/sweep/cases/zk_complete_add_12_bw64_r22.log
zk_complete_add_12,q_add*y_r - q_add*x_q*y_r*alpha + q_add*x_p*y_r*alpha - q_add*y_q*y_r*delta - q_add*y_p*y_r*delta,prime-field-montgomery,element,specialized,p64_goldilocks,64,2,0xffffffff00000001,24,16777216,8,4,5,2,10,whole-run,fixed,triton-sumcheck-prime-field-montgomery-element-layout-specialized-points,80.287,24.135,0.000,0.000000,0.000,24.135,ok,cuda-sumcheck-prime-field-montgomery-element-layout-specialized-points,12.2197,11.9492,0,0,0,11.9492,ok,true,10163569000663,10163569000663,2.019800,,experiments/h100/sweep/cases/zk_complete_add_12_bw64_r24.log
zk_complete_add_12,q_add*y_r - q_add*x_q*y_r*alpha + q_add*x_p*y_r*alpha - q_add*y_q*y_r*delta - q_add*y_p*y_r*delta,prime-field-montgomery,element,specialized,p64_goldilocks,64,2,0xffffffff00000001,26,67108864,8,4,5,2,10,whole-run,fixed,triton-sumcheck-prime-field-montgomery-element-layout-specialized-points,112.239,57.807,0.000,0.000000,0.000,57.807,ok,cuda-sumcheck-prime-field-montgomery-element-layout-specialized-points,36.0803,36.2771,0,0,0,36.2771,ok,true,10857144132354,10857144132354,1.593485,,experiments/h100/sweep/cases/zk_complete_add_12_bw64_r26.log
zk_complete_add_12,q_add*y_r - q_add*x_q*y_r*alpha + q_add*x_p*y_r*alpha - q_add*y_q*y_r*delta - q_add*y_p*y_r*delta,prime-field-montgomery,element,specialized,p64_goldilocks,64,2,0xffffffff00000001,28,268435456,8,4,5,2,10,whole-run,fixed,triton-sumcheck-prime-field-montgomery-element-layout-specialized-points,244.461,196.920,0.000,0.000000,0.000,196.920,ok,cuda-sumcheck-prime-field-montgomery-element-layout-specialized-points,132.173,136.583,0,0,0,136.583,ok,true,11918194328092,11918194328092,1.441761,,experiments/h100/sweep/cases/zk_complete_add_12_bw64_r28.log
zk_complete_add_12,q_add*y_r - q_add*x_q*y_r*alpha + q_add*x_p*y_r*alpha - q_add*y_q*y_r*delta - q_add*y_p*y_r*delta,prime-field-montgomery,element,specialized,p128_mersenne_2^127_minus_1,128,4,0x7fffffffffffffffffffffffffffffff,14,16384,8,4,5,2,10,whole-run,fixed,triton-sumcheck-prime-field-montgomery-element-layout-specialized-points,71.051,5.459,0.000,0.000000,0.000,5.459,ok,cuda-sumcheck-prime-field-montgomery-element-layout-specialized-points,2.5024,2.00534,0,0,0,2.00534,ok,true,14953352120226,14953352120226,2.722232,,experiments/h100/sweep/cases/zk_complete_add_12_bw128_r14.log
zk_complete_add_12,q_add*y_r - q_add*x_q*y_r*alpha + q_add*x_p*y_r*alpha - q_add*y_q*y_r*delta - q_add*y_p*y_r*delta,prime-field-montgomery,element,specialized,p128_mersenne_2^127_minus_1,128,4,0x7fffffffffffffffffffffffffffffff,16,65536,8,4,5,2,10,whole-run,fixed,triton-sumcheck-prime-field-montgomery-element-layout-specialized-points,72.904,7.308,0.000,0.000000,0.000,7.308,ok,cuda-sumcheck-prime-field-montgomery-element-layout-specialized-points,3.06195,2.48672,0,0,0,2.48672,ok,true,18019726162685,18019726162685,2.938811,,experiments/h100/sweep/cases/zk_complete_add_12_bw128_r16.log
zk_complete_add_12,q_add*y_r - q_add*x_q*y_r*alpha + q_add*x_p*y_r*alpha - q_add*y_q*y_r*delta - q_add*y_p*y_r*delta,prime-field-montgomery,element,specialized,p128_mersenne_2^127_minus_1,128,4,0x7fffffffffffffffffffffffffffffff,18,262144,8,4,5,2,10,whole-run,fixed,triton-sumcheck-prime-field-montgomery-element-layout-specialized-points,75.008,9.472,0.000,0.000000,0.000,9.472,ok,cuda-sumcheck-prime-field-montgomery-element-layout-specialized-points,3.44736,3.05552,0,0,0,3.05552,ok,true,19188741394316,19188741394316,3.099963,,experiments/h100/sweep/cases/zk_complete_add_12_bw128_r18.log
zk_complete_add_12,q_add*y_r - q_add*x_q*y_r*alpha + q_add*x_p*y_r*alpha - q_add*y_q*y_r*delta - q_add*y_p*y_r*delta,prime-field-montgomery,element,specialized,p128_mersenne_2^127_minus_1,128,4,0x7fffffffffffffffffffffffffffffff,20,1048576,8,4,5,2,10,whole-run,fixed,triton-sumcheck-prime-field-montgomery-element-layout-specialized-points,78.231,12.126,0.000,0.000000,0.000,12.126,ok,cuda-sumcheck-prime-field-montgomery-element-layout-specialized-points,5.24278,4.64397,0,0,0,4.64397,ok,true,22959872013910,22959872013910,2.611128,,experiments/h100/sweep/cases/zk_complete_add_12_bw128_r20.log
zk_complete_add_12,q_add*y_r - q_add*x_q*y_r*alpha + q_add*x_p*y_r*alpha - q_add*y_q*y_r*delta - q_add*y_p*y_r*delta,prime-field-montgomery,element,specialized,p128_mersenne_2^127_minus_1,128,4,0x7fffffffffffffffffffffffffffffff,22,4194304,8,4,5,2,10,whole-run,fixed,triton-sumcheck-prime-field-montgomery-element-layout-specialized-points,82.720,17.541,0.000,0.000000,0.000,17.541,ok,cuda-sumcheck-prime-field-montgomery-element-layout-specialized-points,9.41827,8.83923,0,0,0,8.83923,ok,true,24966081889398,24966081889398,1.984449,,experiments/h100/sweep/cases/zk_complete_add_12_bw128_r22.log
zk_complete_add_12,q_add*y_r - q_add*x_q*y_r*alpha + q_add*x_p*y_r*alpha - q_add*y_q*y_r*delta - q_add*y_p*y_r*delta,prime-field-montgomery,element,specialized,p128_mersenne_2^127_minus_1,128,4,0x7fffffffffffffffffffffffffffffff,24,16777216,8,4,5,2,10,whole-run,fixed,triton-sumcheck-prime-field-montgomery-element-layout-specialized-points,101.273,37.824,0.000,0.000000,0.000,37.824,ok,cuda-sumcheck-prime-field-montgomery-element-layout-specialized-points,23.5582,22.9618,0,0,0,22.9618,ok,true,27195504089156,27195504089156,1.647258,,experiments/h100/sweep/cases/zk_complete_add_12_bw128_r24.log
zk_complete_add_12,q_add*y_r - q_add*x_q*y_r*alpha + q_add*x_p*y_r*alpha - q_add*y_q*y_r*delta - q_add*y_p*y_r*delta,prime-field-montgomery,element,specialized,p128_mersenne_2^127_minus_1,128,4,0x7fffffffffffffffffffffffffffffff,26,67108864,8,4,5,2,10,whole-run,fixed,triton-sumcheck-prime-field-montgomery-element-layout-specialized-points,174.604,112.966,0.000,0.000000,0.000,112.966,ok,cuda-sumcheck-prime-field-montgomery-element-layout-specialized-points,78.3418,77.7149,0,0,0,77.7149,ok,true,29078779172183,29078779172183,1.453595,,experiments/h100/sweep/cases/zk_complete_add_12_bw128_r26.log
zk_complete_add_12,q_add*y_r - q_add*x_q*y_r*alpha + q_add*x_p*y_r*alpha - q_add*y_q*y_r*delta - q_add*y_p*y_r*delta,prime-field-montgomery,element,specialized,,128,,,28,268435456,8,4,5,2,10,whole-run,fixed,,,,,,,,skipped,,,,,,,,skipped,skipped,,,,returncode=1,experiments/h100/sweep/cases/zk_complete_add_12_bw128_r28.log
zk_complete_add_12,q_add*y_r - q_add*x_q*y_r*alpha + q_add*x_p*y_r*alpha - q_add*y_q*y_r*delta - q_add*y_p*y_r*delta,prime-field-montgomery,element,specialized,p255_bls12_381_scalar,256,8,0x73eda753299d7d483339d80809a1d80553bda402fffe5bfeffffffff00000001,14,16384,8,4,5,2,10,whole-run,fixed,triton-sumcheck-prime-field-montgomery-element-layout-specialized-points,62.529,4.734,0.000,0.000000,0.000,4.734,ok,cuda-sumcheck-prime-field-montgomery-element-layout-specialized-points,5.22909,3.63494,0,0,0,3.63494,ok,true,62956770791525,62956770791525,1.302360,,experiments/h100/sweep/cases/zk_complete_add_12_bw256_r14.log
zk_complete_add_12,q_add*y_r - q_add*x_q*y_r*alpha + q_add*x_p*y_r*alpha - q_add*y_q*y_r*delta - q_add*y_p*y_r*delta,prime-field-montgomery,element,specialized,p255_bls12_381_scalar,256,8,0x73eda753299d7d483339d80809a1d80553bda402fffe5bfeffffffff00000001,16,65536,8,4,5,2,10,whole-run,fixed,triton-sumcheck-prime-field-montgomery-element-layout-specialized-points,64.242,5.736,0.000,0.000000,0.000,5.736,ok,cuda-sumcheck-prime-field-montgomery-element-layout-specialized-points,6.0233,4.48714,0,0,0,4.48714,ok,true,70762978740454,70762978740454,1.278320,,experiments/h100/sweep/cases/zk_complete_add_12_bw256_r16.log
zk_complete_add_12,q_add*y_r - q_add*x_q*y_r*alpha + q_add*x_p*y_r*alpha - q_add*y_q*y_r*delta - q_add*y_p*y_r*delta,prime-field-montgomery,element,specialized,p255_bls12_381_scalar,256,8,0x73eda753299d7d483339d80809a1d80553bda402fffe5bfeffffffff00000001,18,262144,8,4,5,2,10,whole-run,fixed,triton-sumcheck-prime-field-montgomery-element-layout-specialized-points,101.617,10.821,0.000,0.000000,0.000,10.821,ok,cuda-sumcheck-prime-field-montgomery-element-layout-specialized-points,7.94701,6.41766,0,0,0,6.41766,ok,true,77049406967767,77049406967767,1.686129,,experiments/h100/sweep/cases/zk_complete_add_12_bw256_r18.log
zk_complete_add_12,q_add*y_r - q_add*x_q*y_r*alpha + q_add*x_p*y_r*alpha - q_add*y_q*y_r*delta - q_add*y_p*y_r*delta,prime-field-montgomery,element,specialized,p255_bls12_381_scalar,256,8,0x73eda753299d7d483339d80809a1d80553bda402fffe5bfeffffffff00000001,20,1048576,8,4,5,2,10,whole-run,fixed,triton-sumcheck-prime-field-montgomery-element-layout-specialized-points,106.542,17.008,0.000,0.000000,0.000,17.008,ok,cuda-sumcheck-prime-field-montgomery-element-layout-specialized-points,12.976,11.4308,0,0,0,11.4308,ok,true,86279251806969,86279251806969,1.487910,,experiments/h100/sweep/cases/zk_complete_add_12_bw256_r20.log
zk_complete_add_12,q_add*y_r - q_add*x_q*y_r*alpha + q_add*x_p*y_r*alpha - q_add*y_q*y_r*delta - q_add*y_p*y_r*delta,prime-field-montgomery,element,specialized,p255_bls12_381_scalar,256,8,0x73eda753299d7d483339d80809a1d80553bda402fffe5bfeffffffff00000001,22,4194304,8,4,5,2,10,whole-run,fixed,triton-sumcheck-prime-field-montgomery-element-layout-specialized-points,127.763,38.703,0.000,0.000000,0.000,38.703,ok,cuda-sumcheck-prime-field-montgomery-element-layout-specialized-points,29.834,28.2028,0,0,0,28.2028,ok,true,95160275634970,95160275634970,1.372311,,experiments/h100/sweep/cases/zk_complete_add_12_bw256_r22.log
zk_complete_add_12,q_add*y_r - q_add*x_q*y_r*alpha + q_add*x_p*y_r*alpha - q_add*y_q*y_r*delta - q_add*y_p*y_r*delta,prime-field-montgomery,element,specialized,p255_bls12_381_scalar,256,8,0x73eda753299d7d483339d80809a1d80553bda402fffe5bfeffffffff00000001,24,16777216,8,4,5,2,10,whole-run,fixed,triton-sumcheck-prime-field-montgomery-element-layout-specialized-points,210.071,121.558,0.000,0.000000,0.000,121.558,ok,cuda-sumcheck-prime-field-montgomery-element-layout-specialized-points,95.4653,93.6748,0,0,0,93.6748,ok,true,104209935896092,104209935896092,1.297660,,experiments/h100/sweep/cases/zk_complete_add_12_bw256_r24.log
zk_complete_add_12,q_add*y_r - q_add*x_q*y_r*alpha + q_add*x_p*y_r*alpha - q_add*y_q*y_r*delta - q_add*y_p*y_r*delta,prime-field-montgomery,element,specialized,p255_bls12_381_scalar,256,8,0x73eda753299d7d483339d80809a1d80553bda402fffe5bfeffffffff00000001,26,67108864,8,4,5,2,10,whole-run,fixed,triton-sumcheck-prime-field-montgomery-element-layout-specialized-points,497.921,442.770,0.000,0.000000,0.000,442.770,ok,cuda-sumcheck-prime-field-montgomery-element-layout-specialized-points,352.285,346.094,0,0,0,346.094,ok,true,118405546766377,118405546766377,1.279335,,experiments/h100/sweep/cases/zk_complete_add_12_bw256_r26.log
zk_complete_add_12,q_add*y_r - q_add*x_q*y_r*alpha + q_add*x_p*y_r*alpha - q_add*y_q*y_r*delta - q_add*y_p*y_r*delta,prime-field-montgomery,element,specialized,,256,,,28,268435456,8,4,5,2,10,whole-run,fixed,,,,,,,,skipped,,,,,,,,skipped,skipped,,,,returncode=1,experiments/h100/sweep/cases/zk_complete_add_12_bw256_r28.log
zk_vanilla_zerocheck_hp,qL*w1*fz1 + qR*w2*fz1 + qM*w1*w2*fz1 - qO*w3*fz1 + qC*fz1,prime-field-montgomery,element,specialized,p32_2^32_minus_5,32,1,0xfffffffb,14,16384,9,4,5,2,10,whole-run,fixed,triton-sumcheck-prime-field-montgomery-element-layout-specialized-points,59.954,5.408,0.000,0.000000,0.000,5.408,ok,cuda-sumcheck-prime-field-montgomery-element-layout-specialized-points,1.83568,1.62019,0,0,0,1.62019,ok,true,1950570306620,1950570306620,3.337880,,experiments/h100/sweep/cases/zk_vanilla_zerocheck_hp_bw32_r14.log
zk_vanilla_zerocheck_hp,qL*w1*fz1 + qR*w2*fz1 + qM*w1*w2*fz1 - qO*w3*fz1 + qC*fz1,prime-field-montgomery,element,specialized,p32_2^32_minus_5,32,1,0xfffffffb,16,65536,9,4,5,2,10,whole-run,fixed,triton-sumcheck-prime-field-montgomery-element-layout-specialized-points,61.914,7.195,0.000,0.000000,0.000,7.195,ok,cuda-sumcheck-prime-field-montgomery-element-layout-specialized-points,2.24771,2.00458,0,0,0,2.00458,ok,true,2498299398270,2498299398270,3.589281,,experiments/h100/sweep/cases/zk_vanilla_zerocheck_hp_bw32_r16.log
zk_vanilla_zerocheck_hp,qL*w1*fz1 + qR*w2*fz1 + qM*w1*w2*fz1 - qO*w3*fz1 + qC*fz1,prime-field-montgomery,element,specialized,p32_2^32_minus_5,32,1,0xfffffffb,18,262144,9,4,5,2,10,whole-run,fixed,triton-sumcheck-prime-field-montgomery-element-layout-specialized-points,64.473,9.414,0.000,0.000000,0.000,9.414,ok,cuda-sumcheck-prime-field-montgomery-element-layout-specialized-points,2.72173,2.40198,0,0,0,2.40198,ok,true,2480587646667,2480587646667,3.919267,,experiments/h100/sweep/cases/zk_vanilla_zerocheck_hp_bw32_r18.log
zk_vanilla_zerocheck_hp,qL*w1*fz1 + qR*w2*fz1 + qM*w1*w2*fz1 - qO*w3*fz1 + qC*fz1,prime-field-montgomery,element,specialized,p32_2^32_minus_5,32,1,0xfffffffb,20,1048576,9,4,5,2,10,whole-run,fixed,triton-sumcheck-prime-field-montgomery-element-layout-specialized-points,67.148,11.915,0.000,0.000000,0.000,11.915,ok,cuda-sumcheck-prime-field-montgomery-element-layout-specialized-points,3.27661,2.96381,0,0,0,2.96381,ok,true,2781495850887,2781495850887,4.020163,,experiments/h100/sweep/cases/zk_vanilla_zerocheck_hp_bw32_r20.log
zk_vanilla_zerocheck_hp,qL*w1*fz1 + qR*w2*fz1 + qM*w1*w2*fz1 - qO*w3*fz1 + qC*fz1,prime-field-montgomery,element,specialized,p32_2^32_minus_5,32,1,0xfffffffb,22,4194304,9,4,5,2,10,whole-run,fixed,triton-sumcheck-prime-field-montgomery-element-layout-specialized-points,78.248,14.999,0.000,0.000000,0.000,14.999,ok,cuda-sumcheck-prime-field-montgomery-element-layout-specialized-points,4.53488,4.22714,0,0,0,4.22714,ok,true,3263362760385,3263362760385,3.548262,,experiments/h100/sweep/cases/zk_vanilla_zerocheck_hp_bw32_r22.log
zk_vanilla_zerocheck_hp,qL*w1*fz1 + qR*w2*fz1 + qM*w1*w2*fz1 - qO*w3*fz1 + qC*fz1,prime-field-montgomery,element,specialized,p32_2^32_minus_5,32,1,0xfffffffb,24,16777216,9,4,5,2,10,whole-run,fixed,triton-sumcheck-prime-field-montgomery-element-layout-specialized-points,75.197,21.488,0.000,0.000000,0.000,21.488,ok,cuda-sumcheck-prime-field-montgomery-element-layout-specialized-points,8.08982,7.83014,0,0,0,7.83014,ok,true,3477169748299,3477169748299,2.744268,,experiments/h100/sweep/cases/zk_vanilla_zerocheck_hp_bw32_r24.log
zk_vanilla_zerocheck_hp,qL*w1*fz1 + qR*w2*fz1 + qM*w1*w2*fz1 - qO*w3*fz1 + qC*fz1,prime-field-montgomery,element,specialized,p32_2^32_minus_5,32,1,0xfffffffb,26,67108864,9,4,5,2,10,whole-run,fixed,triton-sumcheck-prime-field-montgomery-element-layout-specialized-points,98.929,46.433,0.000,0.000000,0.000,46.433,ok,cuda-sumcheck-prime-field-montgomery-element-layout-specialized-points,20.9596,20.646,0,0,0,20.646,ok,true,3416320475308,3416320475308,2.249007,,experiments/h100/sweep/cases/zk_vanilla_zerocheck_hp_bw32_r26.log
zk_vanilla_zerocheck_hp,qL*w1*fz1 + qR*w2*fz1 + qM*w1*w2*fz1 - qO*w3*fz1 + qC*fz1,prime-field-montgomery,element,specialized,p32_2^32_minus_5,32,1,0xfffffffb,28,268435456,9,4,5,2,10,whole-run,fixed,triton-sumcheck-prime-field-montgomery-element-layout-specialized-points,192.136,142.351,0.000,0.000000,0.000,142.351,ok,cuda-sumcheck-prime-field-montgomery-element-layout-specialized-points,70.664,70.4404,0,0,0,70.4404,ok,false,3925287620956,4081837965894,2.020872,,experiments/h100/sweep/cases/zk_vanilla_zerocheck_hp_bw32_r28.log
zk_vanilla_zerocheck_hp,qL*w1*fz1 + qR*w2*fz1 + qM*w1*w2*fz1 - qO*w3*fz1 + qC*fz1,prime-field-montgomery,element,specialized,p64_goldilocks,64,2,0xffffffff00000001,14,16384,9,4,5,2,10,whole-run,fixed,triton-sumcheck-prime-field-montgomery-element-layout-specialized-points,35.117,3.263,0.000,0.000000,0.000,3.263,ok,cuda-sumcheck-prime-field-montgomery-element-layout-specialized-points,2.05648,1.74992,0,0,0,1.74992,ok,true,5524530001952,5524530001952,1.864657,,experiments/h100/sweep/cases/zk_vanilla_zerocheck_hp_bw64_r14.log
zk_vanilla_zerocheck_hp,qL*w1*fz1 + qR*w2*fz1 + qM*w1*w2*fz1 - qO*w3*fz1 + qC*fz1,prime-field-montgomery,element,specialized,p64_goldilocks,64,2,0xffffffff00000001,16,65536,9,4,5,2,10,whole-run,fixed,triton-sumcheck-prime-field-montgomery-element-layout-specialized-points,64.599,7.076,0.000,0.000000,0.000,7.076,ok,cuda-sumcheck-prime-field-montgomery-element-layout-specialized-points,2.4729,2.1576,0,0,0,2.1576,ok,true,6528902938831,6528902938831,3.279570,,experiments/h100/sweep/cases/zk_vanilla_zerocheck_hp_bw64_r16.log
zk_vanilla_zerocheck_hp,qL*w1*fz1 + qR*w2*fz1 + qM*w1*w2*fz1 - qO*w3*fz1 + qC*fz1,prime-field-montgomery,element,specialized,p64_goldilocks,64,2,0xffffffff00000001,18,262144,9,4,5,2,10,whole-run,fixed,triton-sumcheck-prime-field-montgomery-element-layout-specialized-points,66.012,9.382,0.000,0.000000,0.000,9.382,ok,cuda-sumcheck-prime-field-montgomery-element-layout-specialized-points,2.93645,2.64493,0,0,0,2.64493,ok,true,7487263228302,7487263228302,3.547164,,experiments/h100/sweep/cases/zk_vanilla_zerocheck_hp_bw64_r18.log
zk_vanilla_zerocheck_hp,qL*w1*fz1 + qR*w2*fz1 + qM*w1*w2*fz1 - qO*w3*fz1 + qC*fz1,prime-field-montgomery,element,specialized,p64_goldilocks,64,2,0xffffffff00000001,20,1048576,9,4,5,2,10,whole-run,fixed,triton-sumcheck-prime-field-montgomery-element-layout-specialized-points,69.032,12.164,0.000,0.000000,0.000,12.164,ok,cuda-sumcheck-prime-field-montgomery-element-layout-specialized-points,3.84973,3.60573,0,0,0,3.60573,ok,true,8595375830444,8595375830444,3.373519,,experiments/h100/sweep/cases/zk_vanilla_zerocheck_hp_bw64_r20.log
zk_vanilla_zerocheck_hp,qL*w1*fz1 + qR*w2*fz1 + qM*w1*w2*fz1 - qO*w3*fz1 + qC*fz1,prime-field-montgomery,element,specialized,p64_goldilocks,64,2,0xffffffff00000001,22,4194304,9,4,5,2,10,whole-run,fixed,triton-sumcheck-prime-field-montgomery-element-layout-specialized-points,72.368,15.084,0.000,0.000000,0.000,15.084,ok,cuda-sumcheck-prime-field-montgomery-element-layout-specialized-points,6.05402,5.79706,0,0,0,5.79706,ok,true,8690093380033,8690093380033,2.602009,,experiments/h100/sweep/cases/zk_vanilla_zerocheck_hp_bw64_r22.log
zk_vanilla_zerocheck_hp,qL*w1*fz1 + qR*w2*fz1 + qM*w1*w2*fz1 - qO*w3*fz1 + qC*fz1,prime-field-montgomery,element,specialized,p64_goldilocks,64,2,0xffffffff00000001,24,16777216,9,4,5,2,10,whole-run,fixed,triton-sumcheck-prime-field-montgomery-element-layout-specialized-points,79.940,24.413,0.000,0.000000,0.000,24.413,ok,cuda-sumcheck-prime-field-montgomery-element-layout-specialized-points,13.0495,12.7634,0,0,0,12.7634,ok,true,10364566672174,10364566672174,1.912735,,experiments/h100/sweep/cases/zk_vanilla_zerocheck_hp_bw64_r24.log
zk_vanilla_zerocheck_hp,qL*w1*fz1 + qR*w2*fz1 + qM*w1*w2*fz1 - qO*w3*fz1 + qC*fz1,prime-field-montgomery,element,specialized,p64_goldilocks,64,2,0xffffffff00000001,26,67108864,9,4,5,2,10,whole-run,fixed,triton-sumcheck-prime-field-montgomery-element-layout-specialized-points,112.549,58.212,0.000,0.000000,0.000,58.212,ok,cuda-sumcheck-prime-field-montgomery-element-layout-specialized-points,38.7284,38.8361,0,0,0,38.8361,ok,true,11626708441725,11626708441725,1.498915,,experiments/h100/sweep/cases/zk_vanilla_zerocheck_hp_bw64_r26.log
zk_vanilla_zerocheck_hp,qL*w1*fz1 + qR*w2*fz1 + qM*w1*w2*fz1 - qO*w3*fz1 + qC*fz1,prime-field-montgomery,element,specialized,p64_goldilocks,64,2,0xffffffff00000001,28,268435456,9,4,5,2,10,whole-run,fixed,triton-sumcheck-prime-field-montgomery-element-layout-specialized-points,244.933,198.721,0.000,0.000000,0.000,198.721,ok,cuda-sumcheck-prime-field-montgomery-element-layout-specialized-points,141.166,144.016,0,0,0,144.016,ok,false,12138997023517,11502908106742,1.379854,,experiments/h100/sweep/cases/zk_vanilla_zerocheck_hp_bw64_r28.log
zk_vanilla_zerocheck_hp,qL*w1*fz1 + qR*w2*fz1 + qM*w1*w2*fz1 - qO*w3*fz1 + qC*fz1,prime-field-montgomery,element,specialized,p128_mersenne_2^127_minus_1,128,4,0x7fffffffffffffffffffffffffffffff,14,16384,9,4,5,2,10,whole-run,fixed,triton-sumcheck-prime-field-montgomery-element-layout-specialized-points,40.503,3.378,0.000,0.000000,0.000,3.378,ok,cuda-sumcheck-prime-field-montgomery-element-layout-specialized-points,2.47139,1.92218,0,0,0,1.92218,ok,true,15526345339323,15526345339323,1.757380,,experiments/h100/sweep/cases/zk_vanilla_zerocheck_hp_bw128_r14.log
zk_vanilla_zerocheck_hp,qL*w1*fz1 + qR*w2*fz1 + qM*w1*w2*fz1 - qO*w3*fz1 + qC*fz1,prime-field-montgomery,element,specialized,p128_mersenne_2^127_minus_1,128,4,0x7fffffffffffffffffffffffffffffff,16,65536,9,4,5,2,10,whole-run,fixed,triton-sumcheck-prime-field-montgomery-element-layout-specialized-points,41.394,4.469,0.000,0.000000,0.000,4.469,ok,cuda-sumcheck-prime-field-montgomery-element-layout-specialized-points,2.99149,2.41238,0,0,0,2.41238,ok,true,18155590736036,18155590736036,1.852527,,experiments/h100/sweep/cases/zk_vanilla_zerocheck_hp_bw128_r16.log
zk_vanilla_zerocheck_hp,qL*w1*fz1 + qR*w2*fz1 + qM*w1*w2*fz1 - qO*w3*fz1 + qC*fz1,prime-field-montgomery,element,specialized,p128_mersenne_2^127_minus_1,128,4,0x7fffffffffffffffffffffffffffffff,18,262144,9,4,5,2,10,whole-run,fixed,triton-sumcheck-prime-field-montgomery-element-layout-specialized-points,42.969,6.228,0.000,0.000000,0.000,6.228,ok,cuda-sumcheck-prime-field-montgomery-element-layout-specialized-points,3.63059,3.1248,0,0,0,3.1248,ok,true,20124772919836,20124772919836,1.993088,,experiments/h100/sweep/cases/zk_vanilla_zerocheck_hp_bw128_r18.log
zk_vanilla_zerocheck_hp,qL*w1*fz1 + qR*w2*fz1 + qM*w1*w2*fz1 - qO*w3*fz1 + qC*fz1,prime-field-montgomery,element,specialized,p128_mersenne_2^127_minus_1,128,4,0x7fffffffffffffffffffffffffffffff,20,1048576,9,4,5,2,10,whole-run,fixed,triton-sumcheck-prime-field-montgomery-element-layout-specialized-points,44.085,7.565,0.000,0.000000,0.000,7.565,ok,cuda-sumcheck-prime-field-montgomery-element-layout-specialized-points,5.02355,4.52723,0,0,0,4.52723,ok,true,23254252951917,23254252951917,1.671000,,experiments/h100/sweep/cases/zk_vanilla_zerocheck_hp_bw128_r20.log
zk_vanilla_zerocheck_hp,qL*w1*fz1 + qR*w2*fz1 + qM*w1*w2*fz1 - qO*w3*fz1 + qC*fz1,prime-field-montgomery,element,specialized,p128_mersenne_2^127_minus_1,128,4,0x7fffffffffffffffffffffffffffffff,22,4194304,9,4,5,2,10,whole-run,fixed,triton-sumcheck-prime-field-montgomery-element-layout-specialized-points,49.312,13.150,0.000,0.000000,0.000,13.150,ok,cuda-sumcheck-prime-field-montgomery-element-layout-specialized-points,9.11142,8.57859,0,0,0,8.57859,ok,true,25463466550769,25463466550769,1.532886,,experiments/h100/sweep/cases/zk_vanilla_zerocheck_hp_bw128_r22.log
zk_vanilla_zerocheck_hp,qL*w1*fz1 + qR*w2*fz1 + qM*w1*w2*fz1 - qO*w3*fz1 + qC*fz1,prime-field-montgomery,element,specialized,p128_mersenne_2^127_minus_1,128,4,0x7fffffffffffffffffffffffffffffff,24,16777216,9,4,5,2,10,whole-run,fixed,triton-sumcheck-prime-field-montgomery-element-layout-specialized-points,72.148,33.034,0.000,0.000000,0.000,33.034,ok,cuda-sumcheck-prime-field-montgomery-element-layout-specialized-points,23.2868,22.7544,0,0,0,22.7544,ok,true,26498814534127,26498814534127,1.451763,,experiments/h100/sweep/cases/zk_vanilla_zerocheck_hp_bw128_r24.log
zk_vanilla_zerocheck_hp,qL*w1*fz1 + qR*w2*fz1 + qM*w1*w2*fz1 - qO*w3*fz1 + qC*fz1,prime-field-montgomery,element,specialized,p128_mersenne_2^127_minus_1,128,4,0x7fffffffffffffffffffffffffffffff,26,67108864,9,4,5,2,10,whole-run,fixed,triton-sumcheck-prime-field-montgomery-element-layout-specialized-points,182.911,109.341,0.000,0.000000,0.000,109.341,ok,cuda-sumcheck-prime-field-montgomery-element-layout-specialized-points,78.3027,77.5385,0,0,0,77.5385,ok,true,29405350505544,29405350505544,1.410151,,experiments/h100/sweep/cases/zk_vanilla_zerocheck_hp_bw128_r26.log
zk_vanilla_zerocheck_hp,qL*w1*fz1 + qR*w2*fz1 + qM*w1*w2*fz1 - qO*w3*fz1 + qC*fz1,prime-field-montgomery,element,specialized,,128,,,28,268435456,9,4,5,2,10,whole-run,fixed,,,,,,,,skipped,,,,,,,,skipped,skipped,,,,returncode=1,experiments/h100/sweep/cases/zk_vanilla_zerocheck_hp_bw128_r28.log
zk_vanilla_zerocheck_hp,qL*w1*fz1 + qR*w2*fz1 + qM*w1*w2*fz1 - qO*w3*fz1 + qC*fz1,prime-field-montgomery,element,specialized,p255_bls12_381_scalar,256,8,0x73eda753299d7d483339d80809a1d80553bda402fffe5bfeffffffff00000001,14,16384,9,4,5,2,10,whole-run,fixed,triton-sumcheck-prime-field-montgomery-element-layout-specialized-points,56.244,4.401,0.000,0.000000,0.000,4.401,ok,cuda-sumcheck-prime-field-montgomery-element-layout-specialized-points,4.74723,3.30643,0,0,0,3.30643,ok,true,62964241086292,62964241086292,1.331043,,experiments/h100/sweep/cases/zk_vanilla_zerocheck_hp_bw256_r14.log
zk_vanilla_zerocheck_hp,qL*w1*fz1 + qR*w2*fz1 + qM*w1*w2*fz1 - qO*w3*fz1 + qC*fz1,prime-field-montgomery,element,specialized,p255_bls12_381_scalar,256,8,0x73eda753299d7d483339d80809a1d80553bda402fffe5bfeffffffff00000001,16,65536,9,4,5,2,10,whole-run,fixed,triton-sumcheck-prime-field-montgomery-element-layout-specialized-points,57.496,5.440,0.000,0.000000,0.000,5.440,ok,cuda-sumcheck-prime-field-montgomery-element-layout-specialized-points,5.40909,4.01789,0,0,0,4.01789,ok,true,69135770525718,69135770525718,1.353944,,experiments/h100/sweep/cases/zk_vanilla_zerocheck_hp_bw256_r16.log
zk_vanilla_zerocheck_hp,qL*w1*fz1 + qR*w2*fz1 + qM*w1*w2*fz1 - qO*w3*fz1 + qC*fz1,prime-field-montgomery,element,specialized,p255_bls12_381_scalar,256,8,0x73eda753299d7d483339d80809a1d80553bda402fffe5bfeffffffff00000001,18,262144,9,4,5,2,10,whole-run,fixed,triton-sumcheck-prime-field-montgomery-element-layout-specialized-points,58.639,7.350,0.000,0.000000,0.000,7.350,ok,cuda-sumcheck-prime-field-montgomery-element-layout-specialized-points,7.19078,5.90029,0,0,0,5.90029,ok,true,75750258704952,75750258704952,1.245701,,experiments/h100/sweep/cases/zk_vanilla_zerocheck_hp_bw256_r18.log
zk_vanilla_zerocheck_hp,qL*w1*fz1 + qR*w2*fz1 + qM*w1*w2*fz1 - qO*w3*fz1 + qC*fz1,prime-field-montgomery,element,specialized,p255_bls12_381_scalar,256,8,0x73eda753299d7d483339d80809a1d80553bda402fffe5bfeffffffff00000001,20,1048576,9,4,5,2,10,whole-run,fixed,triton-sumcheck-prime-field-montgomery-element-layout-specialized-points,155.611,15.488,0.000,0.000000,0.000,15.488,ok,cuda-sumcheck-prime-field-montgomery-element-layout-specialized-points,11.9998,10.6304,0,0,0,10.6304,ok,true,86811450915475,86811450915475,1.456954,,experiments/h100/sweep/cases/zk_vanilla_zerocheck_hp_bw256_r20.log
zk_vanilla_zerocheck_hp,qL*w1*fz1 + qR*w2*fz1 + qM*w1*w2*fz1 - qO*w3*fz1 + qC*fz1,prime-field-montgomery,element,specialized,p255_bls12_381_scalar,256,8,0x73eda753299d7d483339d80809a1d80553bda402fffe5bfeffffffff00000001,22,4194304,9,4,5,2,10,whole-run,fixed,triton-sumcheck-prime-field-montgomery-element-layout-specialized-points,114.965,33.342,0.000,0.000000,0.000,33.342,ok,cuda-sumcheck-prime-field-montgomery-element-layout-specialized-points,27.9556,26.643,0,0,0,26.643,ok,true,96398863637362,96398863637362,1.251436,,experiments/h100/sweep/cases/zk_vanilla_zerocheck_hp_bw256_r22.log
zk_vanilla_zerocheck_hp,qL*w1*fz1 + qR*w2*fz1 + qM*w1*w2*fz1 - qO*w3*fz1 + qC*fz1,prime-field-montgomery,element,specialized,p255_bls12_381_scalar,256,8,0x73eda753299d7d483339d80809a1d80553bda402fffe5bfeffffffff00000001,24,16777216,9,4,5,2,10,whole-run,fixed,triton-sumcheck-prime-field-montgomery-element-layout-specialized-points,190.842,100.022,0.000,0.000000,0.000,100.022,ok,cuda-sumcheck-prime-field-montgomery-element-layout-specialized-points,89.8456,88.6885,0,0,0,88.6885,ok,true,106449597796035,106449597796035,1.127790,,experiments/h100/sweep/cases/zk_vanilla_zerocheck_hp_bw256_r24.log
zk_vanilla_zerocheck_hp,qL*w1*fz1 + qR*w2*fz1 + qM*w1*w2*fz1 - qO*w3*fz1 + qC*fz1,prime-field-montgomery,element,specialized,p255_bls12_381_scalar,256,8,0x73eda753299d7d483339d80809a1d80553bda402fffe5bfeffffffff00000001,26,67108864,9,4,5,2,10,whole-run,fixed,triton-sumcheck-prime-field-montgomery-element-layout-specialized-points,441.115,359.214,0.000,0.000000,0.000,359.214,ok,cuda-sumcheck-prime-field-montgomery-element-layout-specialized-points,341.615,335.747,0,0,0,335.747,ok,true,115397992157617,115397992157617,1.069895,,experiments/h100/sweep/cases/zk_vanilla_zerocheck_hp_bw256_r26.log
zk_vanilla_zerocheck_hp,qL*w1*fz1 + qR*w2*fz1 + qM*w1*w2*fz1 - qO*w3*fz1 + qC*fz1,prime-field-montgomery,element,specialized,,256,,,28,268435456,9,4,5,2,10,whole-run,fixed,,,,,,,,skipped,,,,,,,,skipped,skipped,,,,returncode=1,experiments/h100/sweep/cases/zk_vanilla_zerocheck_hp_bw256_r28.log
zk_vanilla_permcheck_hp,pi*fz2 - p1*p2*fz2 + 7*phi*D1*D2*D3*fz2 - 7*N1*N2*N3*fz2,prime-field-montgomery,element,specialized,p32_2^32_minus_5,32,1,0xfffffffb,14,16384,11,5,4,2,10,whole-run,fixed,triton-sumcheck-prime-field-montgomery-element-layout-specialized-points,63.930,6.385,0.000,0.000000,0.000,6.385,ok,cuda-sumcheck-prime-field-montgomery-element-layout-specialized-points,2.22112,1.98422,0,0,0,1.98422,ok,true,2272361141232,2272361141232,3.217889,,experiments/h100/sweep/cases/zk_vanilla_permcheck_hp_bw32_r14.log
zk_vanilla_permcheck_hp,pi*fz2 - p1*p2*fz2 + 7*phi*D1*D2*D3*fz2 - 7*N1*N2*N3*fz2,prime-field-montgomery,element,specialized,p32_2^32_minus_5,32,1,0xfffffffb,16,65536,11,5,4,2,10,whole-run,fixed,triton-sumcheck-prime-field-montgomery-element-layout-specialized-points,66.299,8.559,0.000,0.000000,0.000,8.559,ok,cuda-sumcheck-prime-field-montgomery-element-layout-specialized-points,2.69984,2.3943,0,0,0,2.3943,ok,true,2844573498897,2844573498897,3.574740,,experiments/h100/sweep/cases/zk_vanilla_permcheck_hp_bw32_r16.log
zk_vanilla_permcheck_hp,pi*fz2 - p1*p2*fz2 + 7*phi*D1*D2*D3*fz2 - 7*N1*N2*N3*fz2,prime-field-montgomery,element,specialized,p32_2^32_minus_5,32,1,0xfffffffb,18,262144,11,5,4,2,10,whole-run,fixed,triton-sumcheck-prime-field-montgomery-element-layout-specialized-points,69.347,11.600,0.000,0.000000,0.000,11.600,ok,cuda-sumcheck-prime-field-montgomery-element-layout-specialized-points,3.22218,2.88682,0,0,0,2.88682,ok,true,3040214502507,3040214502507,4.018262,,experiments/h100/sweep/cases/zk_vanilla_permcheck_hp_bw32_r18.log
zk_vanilla_permcheck_hp,pi*fz2 - p1*p2*fz2 + 7*phi*D1*D2*D3*fz2 - 7*N1*N2*N3*fz2,prime-field-montgomery,element,specialized,p32_2^32_minus_5,32,1,0xfffffffb,20,1048576,11,5,4,2,10,whole-run,fixed,triton-sumcheck-prime-field-montgomery-element-layout-specialized-points,76.554,16.041,0.000,0.000000,0.000,16.041,ok,cuda-sumcheck-prime-field-montgomery-element-layout-specialized-points,3.99357,3.63968,0,0,0,3.63968,ok,true,3649621384734,3649621384734,4.407256,,experiments/h100/sweep/cases/zk_vanilla_permcheck_hp_bw32_r20.log
zk_vanilla_permcheck_hp,pi*fz2 - p1*p2*fz2 + 7*phi*D1*D2*D3*fz2 - 7*N1*N2*N3*fz2,prime-field-montgomery,element,specialized,p32_2^32_minus_5,32,1,0xfffffffb,22,4194304,11,5,4,2,10,whole-run,fixed,triton-sumcheck-prime-field-montgomery-element-layout-specialized-points,76.256,17.819,0.000,0.000000,0.000,17.819,ok,cuda-sumcheck-prime-field-montgomery-element-layout-specialized-points,5.64298,5.31136,0,0,0,5.31136,ok,true,3827975597602,3827975597602,3.354885,,experiments/h100/sweep/cases/zk_vanilla_permcheck_hp_bw32_r22.log
zk_vanilla_permcheck_hp,pi*fz2 - p1*p2*fz2 + 7*phi*D1*D2*D3*fz2 - 7*N1*N2*N3*fz2,prime-field-montgomery,element,specialized,p32_2^32_minus_5,32,1,0xfffffffb,24,16777216,11,5,4,2,10,whole-run,fixed,triton-sumcheck-prime-field-montgomery-element-layout-specialized-points,82.871,26.319,0.000,0.000000,0.000,26.319,ok,cuda-sumcheck-prime-field-montgomery-element-layout-specialized-points,10.5522,10.2932,0,0,0,10.2932,ok,true,4304122550195,4304122550195,2.556931,,experiments/h100/sweep/cases/zk_vanilla_permcheck_hp_bw32_r24.log
zk_vanilla_permcheck_hp,pi*fz2 - p1*p2*fz2 + 7*phi*D1*D2*D3*fz2 - 7*N1*N2*N3*fz2,prime-field-montgomery,element,specialized,p32_2^32_minus_5,32,1,0xfffffffb,26,67108864,11,5,4,2,10,whole-run,fixed,triton-sumcheck-prime-field-montgomery-element-layout-specialized-points,113.777,58.704,0.000,0.000000,0.000,58.704,ok,cuda-sumcheck-prime-field-montgomery-element-layout-specialized-points,28.4805,28.1682,0,0,0,28.1682,ok,true,4739022443649,4739022443649,2.084052,,experiments/h100/sweep/cases/zk_vanilla_permcheck_hp_bw32_r26.log
zk_vanilla_permcheck_hp,pi*fz2 - p1*p2*fz2 + 7*phi*D1*D2*D3*fz2 - 7*N1*N2*N3*fz2,prime-field-montgomery,element,specialized,,32,,,28,268435456,11,5,4,2,10,whole-run,fixed,,,,,,,,skipped,,,,,,,,skipped,skipped,,,,returncode=1,experiments/h100/sweep/cases/zk_vanilla_permcheck_hp_bw32_r28.log
zk_vanilla_permcheck_hp,pi*fz2 - p1*p2*fz2 + 7*phi*D1*D2*D3*fz2 - 7*N1*N2*N3*fz2,prime-field-montgomery,element,specialized,p64_goldilocks,64,2,0xffffffff00000001,14,16384,11,5,4,2,10,whole-run,fixed,triton-sumcheck-prime-field-montgomery-element-layout-specialized-points,78.599,7.071,0.000,0.000000,0.000,7.071,ok,cuda-sumcheck-prime-field-montgomery-element-layout-specialized-points,2.57878,2.15658,0,0,0,2.15658,ok,true,7732743940558,7732743940558,3.278803,,experiments/h100/sweep/cases/zk_vanilla_permcheck_hp_bw64_r14.log
zk_vanilla_permcheck_hp,pi*fz2 - p1*p2*fz2 + 7*phi*D1*D2*D3*fz2 - 7*N1*N2*N3*fz2,prime-field-montgomery,element,specialized,p64_goldilocks,64,2,0xffffffff00000001,16,65536,11,5,4,2,10,whole-run,fixed,triton-sumcheck-prime-field-montgomery-element-layout-specialized-points,71.030,8.595,0.000,0.000000,0.000,8.595,ok,cuda-sumcheck-prime-field-montgomery-element-layout-specialized-points,3.13779,2.70544,0,0,0,2.70544,ok,true,8091538305240,8091538305240,3.176932,,experiments/h100/sweep/cases/zk_vanilla_permcheck_hp_bw64_r16.log
zk_vanilla_permcheck_hp,pi*fz2 - p1*p2*fz2 + 7*phi*D1*D2*D3*fz2 - 7*N1*N2*N3*fz2,prime-field-montgomery,element,specialized,p64_goldilocks,64,2,0xffffffff00000001,18,262144,11,5,4,2,10,whole-run,fixed,triton-sumcheck-prime-field-montgomery-element-layout-specialized-points,73.065,11.076,0.000,0.000000,0.000,11.076,ok,cuda-sumcheck-prime-field-montgomery-element-layout-specialized-points,3.62218,3.44659,0,0,0,3.44659,ok,true,9069205122159,9069205122159,3.213611,,experiments/h100/sweep/cases/zk_vanilla_permcheck_hp_bw64_r18.log
zk_vanilla_permcheck_hp,pi*fz2 - p1*p2*fz2 + 7*phi*D1*D2*D3*fz2 - 7*N1*N2*N3*fz2,prime-field-montgomery,element,specialized,p64_goldilocks,64,2,0xffffffff00000001,20,1048576,11,5,4,2,10,whole-run,fixed,triton-sumcheck-prime-field-montgomery-element-layout-specialized-points,75.681,14.434,0.000,0.000000,0.000,14.434,ok,cuda-sumcheck-prime-field-montgomery-element-layout-specialized-points,4.9121,4.54275,0,0,0,4.54275,ok,true,10282883281385,10282883281385,3.177371,,experiments/h100/sweep/cases/zk_vanilla_permcheck_hp_bw64_r20.log
zk_vanilla_permcheck_hp,pi*fz2 - p1*p2*fz2 + 7*phi*D1*D2*D3*fz2 - 7*N1*N2*N3*fz2,prime-field-montgomery,element,specialized,p64_goldilocks,64,2,0xffffffff00000001,22,4194304,11,5,4,2,10,whole-run,fixed,triton-sumcheck-prime-field-montgomery-element-layout-specialized-points,79.760,18.563,0.000,0.000000,0.000,18.563,ok,cuda-sumcheck-prime-field-montgomery-element-layout-specialized-points,7.92003,7.52138,0,0,0,7.52138,ok,true,10981800915735,10981800915735,2.468031,,experiments/h100/sweep/cases/zk_vanilla_permcheck_hp_bw64_r22.log
zk_vanilla_permcheck_hp,pi*fz2 - p1*p2*fz2 + 7*phi*D1*D2*D3*fz2 - 7*N1*N2*N3*fz2,prime-field-montgomery,element,specialized,p64_goldilocks,64,2,0xffffffff00000001,24,16777216,11,5,4,2,10,whole-run,fixed,triton-sumcheck-prime-field-montgomery-element-layout-specialized-points,91.900,31.238,0.000,0.000000,0.000,31.238,ok,cuda-sumcheck-prime-field-montgomery-element-layout-specialized-points,17.8783,17.5031,0,0,0,17.5031,ok,true,12355352525776,12355352525776,1.784712,,experiments/h100/sweep/cases/zk_vanilla_permcheck_hp_bw64_r24.log
zk_vanilla_permcheck_hp,pi*fz2 - p1*p2*fz2 + 7*phi*D1*D2*D3*fz2 - 7*N1*N2*N3*fz2,prime-field-montgomery,element,specialized,p64_goldilocks,64,2,0xffffffff00000001,26,67108864,11,5,4,2,10,whole-run,fixed,triton-sumcheck-prime-field-montgomery-element-layout-specialized-points,136.986,79.089,0.000,0.000000,0.000,79.089,ok,cuda-sumcheck-prime-field-montgomery-element-layout-specialized-points,54.9408,55.0644,0,0,0,55.0644,ok,true,12336291771895,12336291771895,1.436300,,experiments/h100/sweep/cases/zk_vanilla_permcheck_hp_bw64_r26.log
zk_vanilla_permcheck_hp,pi*fz2 - p1*p2*fz2 + 7*phi*D1*D2*D3*fz2 - 7*N1*N2*N3*fz2,prime-field-montgomery,element,specialized,p64_goldilocks,64,2,0xffffffff00000001,28,268435456,11,5,4,2,10,whole-run,fixed,triton-sumcheck-prime-field-montgomery-element-layout-specialized-points,327.509,278.216,0.000,0.000000,0.000,278.216,ok,cuda-sumcheck-prime-field-montgomery-element-layout-specialized-points,204.784,210.347,0,0,0,210.347,ok,true,14493999785707,14493999785707,1.322653,,experiments/h100/sweep/cases/zk_vanilla_permcheck_hp_bw64_r28.log
zk_vanilla_permcheck_hp,pi*fz2 - p1*p2*fz2 + 7*phi*D1*D2*D3*fz2 - 7*N1*N2*N3*fz2,prime-field-montgomery,element,specialized,p128_mersenne_2^127_minus_1,128,4,0x7fffffffffffffffffffffffffffffff,14,16384,11,5,4,2,10,whole-run,fixed,triton-sumcheck-prime-field-montgomery-element-layout-specialized-points,79.774,6.622,0.000,0.000000,0.000,6.622,ok,cuda-sumcheck-prime-field-montgomery-element-layout-specialized-points,3.54973,2.64026,0,0,0,2.64026,ok,true,18663118028633,18663118028633,2.508086,,experiments/h100/sweep/cases/zk_vanilla_permcheck_hp_bw128_r14.log
zk_vanilla_permcheck_hp,pi*fz2 - p1*p2*fz2 + 7*phi*D1*D2*D3*fz2 - 7*N1*N2*N3*fz2,prime-field-montgomery,element,specialized,p128_mersenne_2^127_minus_1,128,4,0x7fffffffffffffffffffffffffffffff,16,65536,11,5,4,2,10,whole-run,fixed,triton-sumcheck-prime-field-montgomery-element-layout-specialized-points,80.588,8.612,0.000,0.000000,0.000,8.612,ok,cuda-sumcheck-prime-field-montgomery-element-layout-specialized-points,4.14765,3.19091,0,0,0,3.19091,ok,true,22851421026668,22851421026668,2.698917,,experiments/h100/sweep/cases/zk_vanilla_permcheck_hp_bw128_r16.log
zk_vanilla_permcheck_hp,pi*fz2 - p1*p2*fz2 + 7*phi*D1*D2*D3*fz2 - 7*N1*N2*N3*fz2,prime-field-montgomery,element,specialized,p128_mersenne_2^127_minus_1,128,4,0x7fffffffffffffffffffffffffffffff,18,262144,11,5,4,2,10,whole-run,fixed,triton-sumcheck-prime-field-montgomery-element-layout-specialized-points,83.530,11.323,0.000,0.000000,0.000,11.323,ok,cuda-sumcheck-prime-field-montgomery-element-layout-specialized-points,5.02416,4.11334,0,0,0,4.11334,ok,true,24560265676687,24560265676687,2.752751,,experiments/h100/sweep/cases/zk_vanilla_permcheck_hp_bw128_r18.log
zk_vanilla_permcheck_hp,pi*fz2 - p1*p2*fz2 + 7*phi*D1*D2*D3*fz2 - 7*N1*N2*N3*fz2,prime-field-montgomery,element,specialized,p128_mersenne_2^127_minus_1,128,4,0x7fffffffffffffffffffffffffffffff,20,1048576,11,5,4,2,10,whole-run,fixed,triton-sumcheck-prime-field-montgomery-element-layout-specialized-points,86.993,14.945,0.000,0.000000,0.000,14.945,ok,cuda-sumcheck-prime-field-montgomery-element-layout-specialized-points,7.12771,6.21277,0,0,0,6.21277,ok,true,25715036641788,25715036641788,2.405529,,experiments/h100/sweep/cases/zk_vanilla_permcheck_hp_bw128_r20.log
zk_vanilla_permcheck_hp,pi*fz2 - p1*p2*fz2 + 7*phi*D1*D2*D3*fz2 - 7*N1*N2*N3*fz2,prime-field-montgomery,element,specialized,p128_mersenne_2^127_minus_1,128,4,0x7fffffffffffffffffffffffffffffff,22,4194304,11,5,4,2,10,whole-run,fixed,triton-sumcheck-prime-field-montgomery-element-layout-specialized-points,94.328,23.159,0.000,0.000000,0.000,23.159,ok,cuda-sumcheck-prime-field-montgomery-element-layout-specialized-points,12.9208,12.02,0,0,0,12.02,ok,true,29592131441873,29592131441873,1.926705,,experiments/h100/sweep/cases/zk_vanilla_permcheck_hp_bw128_r22.log
zk_vanilla_permcheck_hp,pi*fz2 - p1*p2*fz2 + 7*phi*D1*D2*D3*fz2 - 7*N1*N2*N3*fz2,prime-field-montgomery,element,specialized,p128_mersenne_2^127_minus_1,128,4,0x7fffffffffffffffffffffffffffffff,24,16777216,11,5,4,2,10,whole-run,fixed,triton-sumcheck-prime-field-montgomery-element-layout-specialized-points,123.195,51.992,0.000,0.000000,0.000,51.992,ok,cuda-sumcheck-prime-field-montgomery-element-layout-specialized-points,32.9727,32.0155,0,0,0,32.0155,ok,true,33177847440426,33177847440426,1.623963,,experiments/h100/sweep/cases/zk_vanilla_permcheck_hp_bw128_r24.log
zk_vanilla_permcheck_hp,pi*fz2 - p1*p2*fz2 + 7*phi*D1*D2*D3*fz2 - 7*N1*N2*N3*fz2,prime-field-montgomery,element,specialized,p128_mersenne_2^127_minus_1,128,4,0x7fffffffffffffffffffffffffffffff,26,67108864,11,5,4,2,10,whole-run,fixed,triton-sumcheck-prime-field-montgomery-element-layout-specialized-points,235.298,165.684,0.000,0.000000,0.000,165.684,ok,cuda-sumcheck-prime-field-montgomery-element-layout-specialized-points,111.637,109.723,0,0,0,109.723,ok,true,34929863856459,34929863856459,1.510021,,experiments/h100/sweep/cases/zk_vanilla_permcheck_hp_bw128_r26.log
zk_vanilla_permcheck_hp,pi*fz2 - p1*p2*fz2 + 7*phi*D1*D2*D3*fz2 - 7*N1*N2*N3*fz2,prime-field-montgomery,element,specialized,,128,,,28,268435456,11,5,4,2,10,whole-run,fixed,,,,,,,,skipped,,,,,,,,skipped,skipped,,,,returncode=1,experiments/h100/sweep/cases/zk_vanilla_permcheck_hp_bw128_r28.log
zk_vanilla_permcheck_hp,pi*fz2 - p1*p2*fz2 + 7*phi*D1*D2*D3*fz2 - 7*N1*N2*N3*fz2,prime-field-montgomery,element,specialized,p255_bls12_381_scalar,256,8,0x73eda753299d7d483339d80809a1d80553bda402fffe5bfeffffffff00000001,14,16384,11,5,4,2,10,whole-run,fixed,triton-sumcheck-prime-field-montgomery-element-layout-specialized-points,113.531,7.813,0.000,0.000000,0.000,7.813,ok,cuda-sumcheck-prime-field-montgomery-element-layout-specialized-points,6.39203,4.5353,0,0,0,4.5353,ok,true,70683089240075,70683089240075,1.722709,,experiments/h100/sweep/cases/zk_vanilla_permcheck_hp_bw256_r14.log
zk_vanilla_permcheck_hp,pi*fz2 - p1*p2*fz2 + 7*phi*D1*D2*D3*fz2 - 7*N1*N2*N3*fz2,prime-field-montgomery,element,specialized,p255_bls12_381_scalar,256,8,0x73eda753299d7d483339d80809a1d80553bda402fffe5bfeffffffff00000001,16,65536,11,5,4,2,10,whole-run,fixed,triton-sumcheck-prime-field-montgomery-element-layout-specialized-points,113.861,9.879,0.000,0.000000,0.000,9.879,ok,cuda-sumcheck-prime-field-montgomery-element-layout-specialized-points,7.44656,5.59382,0,0,0,5.59382,ok,true,86241582229634,86241582229634,1.766056,,experiments/h100/sweep/cases/zk_vanilla_permcheck_hp_bw256_r16.log
zk_vanilla_permcheck_hp,pi*fz2 - p1*p2*fz2 + 7*phi*D1*D2*D3*fz2 - 7*N1*N2*N3*fz2,prime-field-montgomery,element,specialized,p255_bls12_381_scalar,256,8,0x73eda753299d7d483339d80809a1d80553bda402fffe5bfeffffffff00000001,18,262144,11,5,4,2,10,whole-run,fixed,triton-sumcheck-prime-field-montgomery-element-layout-specialized-points,117.388,13.332,0.000,0.000000,0.000,13.332,ok,cuda-sumcheck-prime-field-montgomery-element-layout-specialized-points,10.07,8.212,0,0,0,8.212,ok,true,94649007904906,94649007904906,1.623478,,experiments/h100/sweep/cases/zk_vanilla_permcheck_hp_bw256_r18.log
zk_vanilla_permcheck_hp,pi*fz2 - p1*p2*fz2 + 7*phi*D1*D2*D3*fz2 - 7*N1*N2*N3*fz2,prime-field-montgomery,element,specialized,p255_bls12_381_scalar,256,8,0x73eda753299d7d483339d80809a1d80553bda402fffe5bfeffffffff00000001,20,1048576,11,5,4,2,10,whole-run,fixed,triton-sumcheck-prime-field-montgomery-element-layout-specialized-points,127.249,22.026,0.000,0.000000,0.000,22.026,ok,cuda-sumcheck-prime-field-montgomery-element-layout-specialized-points,17.479,15.5386,0,0,0,15.5386,ok,true,105379977019668,105379977019668,1.417502,,experiments/h100/sweep/cases/zk_vanilla_permcheck_hp_bw256_r20.log
zk_vanilla_permcheck_hp,pi*fz2 - p1*p2*fz2 + 7*phi*D1*D2*D3*fz2 - 7*N1*N2*N3*fz2,prime-field-montgomery,element,specialized,p255_bls12_381_scalar,256,8,0x73eda753299d7d483339d80809a1d80553bda402fffe5bfeffffffff00000001,22,4194304,11,5,4,2,10,whole-run,fixed,triton-sumcheck-prime-field-montgomery-element-layout-specialized-points,111.357,48.103,0.000,0.000000,0.000,48.103,ok,cuda-sumcheck-prime-field-montgomery-element-layout-specialized-points,44.3757,42.4909,0,0,0,42.4909,ok,true,115639817497035,115639817497035,1.132078,,experiments/h100/sweep/cases/zk_vanilla_permcheck_hp_bw256_r22.log
zk_vanilla_permcheck_hp,pi*fz2 - p1*p2*fz2 + 7*phi*D1*D2*D3*fz2 - 7*N1*N2*N3*fz2,prime-field-montgomery,element,specialized,p255_bls12_381_scalar,256,8,0x73eda753299d7d483339d80809a1d80553bda402fffe5bfeffffffff00000001,24,16777216,11,5,4,2,10,whole-run,fixed,triton-sumcheck-prime-field-montgomery-element-layout-specialized-points,268.896,166.093,0.000,0.000000,0.000,166.093,ok,cuda-sumcheck-prime-field-montgomery-element-layout-specialized-points,146.522,144.603,0,0,0,144.603,ok,true,125514718366453,125514718366453,1.148614,,experiments/h100/sweep/cases/zk_vanilla_permcheck_hp_bw256_r24.log
zk_vanilla_permcheck_hp,pi*fz2 - p1*p2*fz2 + 7*phi*D1*D2*D3*fz2 - 7*N1*N2*N3*fz2,prime-field-montgomery,element,specialized,p255_bls12_381_scalar,256,8,0x73eda753299d7d483339d80809a1d80553bda402fffe5bfeffffffff00000001,26,67108864,11,5,4,2,10,whole-run,fixed,triton-sumcheck-prime-field-montgomery-element-layout-specialized-points,729.644,612.533,0.000,0.000000,0.000,612.533,ok,cuda-sumcheck-prime-field-montgomery-element-layout-specialized-points,564.649,562.699,0,0,0,562.699,ok,true,133583605644853,133583605644853,1.088562,,experiments/h100/sweep/cases/zk_vanilla_permcheck_hp_bw256_r26.log
zk_vanilla_permcheck_hp,pi*fz2 - p1*p2*fz2 + 7*phi*D1*D2*D3*fz2 - 7*N1*N2*N3*fz2,prime-field-montgomery,element,specialized,,256,,,28,268435456,11,5,4,2,10,whole-run,fixed,,,,,,,,skipped,,,,,,,,skipped,skipped,,,,returncode=1,experiments/h100/sweep/cases/zk_vanilla_permcheck_hp_bw256_r28.log
zk_jellyfish_zerocheck_hp,qL*w1*fz + qR*w2*fz + qM*w1*w2*fz - qO*w3*fz + q1*w1*fz + q2*w2*fz + q3*w3*fz + q4*w4*fz - qO*w5*fz + qM1*w1*w2*fz + qM2*w3*w4*fz + qH1*w1*w1*w1*w1*w1*fz + qH2*w2*w2*w2*w2*w2*fz + qH3*w3*w3*w3*w3*w3*fz + qH4*w4*w4*w4*w4*w4*fz + qECC*w1*w2*w3*w4*fz + qc*fz,prime-field-montgomery,element,specialized,p32_2^32_minus_5,32,1,0xfffffffb,14,16384,22,7,17,2,10,whole-run,fixed,triton-sumcheck-prime-field-montgomery-element-layout-specialized-points,81.627,8.201,0.000,0.000000,0.000,8.201,ok,cuda-sumcheck-prime-field-montgomery-element-layout-specialized-points,3.22621,2.78819,0,0,0,2.78819,ok,true,2823215150314,2823215150314,2.941335,,experiments/h100/sweep/cases/zk_jellyfish_zerocheck_hp_bw32_r14.log
zk_jellyfish_zerocheck_hp,qL*w1*fz + qR*w2*fz + qM*w1*w2*fz - qO*w3*fz + q1*w1*fz + q2*w2*fz + q3*w3*fz + q4*w4*fz - qO*w5*fz + qM1*w1*w2*fz + qM2*w3*w4*fz + qH1*w1*w1*w1*w1*w1*fz + qH2*w2*w2*w2*w2*w2*fz + qH3*w3*w3*w3*w3*w3*fz + qH4*w4*w4*w4*w4*w4*fz + qECC*w1*w2*w3*w4*fz + qc*fz,prime-field-montgomery,element,specialized,p32_2^32_minus_5,32,1,0xfffffffb,16,65536,22,7,17,2,10,whole-run,fixed,triton-sumcheck-prime-field-montgomery-element-layout-specialized-points,86.365,11.173,0.000,0.000000,0.000,11.173,ok,cuda-sumcheck-prime-field-montgomery-element-layout-specialized-points,3.88218,3.36992,0,0,0,3.36992,ok,true,3425196206978,3425196206978,3.315509,,experiments/h100/sweep/cases/zk_jellyfish_zerocheck_hp_bw32_r16.log
zk_jellyfish_zerocheck_hp,qL*w1*fz + qR*w2*fz + qM*w1*w2*fz - qO*w3*fz + q1*w1*fz + q2*w2*fz + q3*w3*fz + q4*w4*fz - qO*w5*fz + qM1*w1*w2*fz + qM2*w3*w4*fz + qH1*w1*w1*w1*w1*w1*fz + qH2*w2*w2*w2*w2*w2*fz + qH3*w3*w3*w3*w3*w3*fz + qH4*w4*w4*w4*w4*w4*fz + qECC*w1*w2*w3*w4*fz + qc*fz,prime-field-montgomery,element,specialized,p32_2^32_minus_5,32,1,0xfffffffb,18,262144,22,7,17,2,10,whole-run,fixed,triton-sumcheck-prime-field-montgomery-element-layout-specialized-points,89.781,15.181,0.000,0.000000,0.000,15.181,ok,cuda-sumcheck-prime-field-montgomery-element-layout-specialized-points,4.6905,4.22214,0,0,0,4.22214,ok,true,3886855567270,3886855567270,3.595570,,experiments/h100/sweep/cases/zk_jellyfish_zerocheck_hp_bw32_r18.log
zk_jellyfish_zerocheck_hp,qL*w1*fz + qR*w2*fz + qM*w1*w2*fz - qO*w3*fz + q1*w1*fz + q2*w2*fz + q3*w3*fz + q4*w4*fz - qO*w5*fz + qM1*w1*w2*fz + qM2*w3*w4*fz + qH1*w1*w1*w1*w1*w1*fz + qH2*w2*w2*w2*w2*w2*fz + qH3*w3*w3*w3*w3*w3*fz + qH4*w4*w4*w4*w4*w4*fz + qECC*w1*w2*w3*w4*fz + qc*fz,prime-field-montgomery,element,specialized,p32_2^32_minus_5,32,1,0xfffffffb,20,1048576,22,7,17,2,10,whole-run,fixed,triton-sumcheck-prime-field-montgomery-element-layout-specialized-points,93.204,19.331,0.000,0.000000,0.000,19.331,ok,cuda-sumcheck-prime-field-montgomery-element-layout-specialized-points,6.23238,5.80099,0,0,0,5.80099,ok,true,4455850897641,4455850897641,3.332362,,experiments/h100/sweep/cases/zk_jellyfish_zerocheck_hp_bw32_r20.log
zk_jellyfish_zerocheck_hp,qL*w1*fz + qR*w2*fz + qM*w1*w2*fz - qO*w3*fz + q1*w1*fz + q2*w2*fz + q3*w3*fz + q4*w4*fz - qO*w5*fz + qM1*w1*w2*fz + qM2*w3*w4*fz + qH1*w1*w1*w1*w1*w1*fz + qH2*w2*w2*w2*w2*w2*fz + qH3*w3*w3*w3*w3*w3*fz + qH4*w4*w4*w4*w4*w4*fz + qECC*w1*w2*w3*w4*fz + qc*fz,prime-field-montgomery,element,specialized,p32_2^32_minus_5,32,1,0xfffffffb,22,4194304,22,7,17,2,10,whole-run,fixed,triton-sumcheck-prime-field-montgomery-element-layout-specialized-points,61.320,16.501,0.000,0.000000,0.000,16.501,ok,cuda-sumcheck-prime-field-montgomery-element-layout-specialized-points,10.2023,9.77206,0,0,0,9.77206,ok,true,5014171901635,5014171901635,1.688590,,experiments/h100/sweep/cases/zk_jellyfish_zerocheck_hp_bw32_r22.log
zk_jellyfish_zerocheck_hp,qL*w1*fz + qR*w2*fz + qM*w1*w2*fz - qO*w3*fz + q1*w1*fz + q2*w2*fz + q3*w3*fz + q4*w4*fz - qO*w5*fz + qM1*w1*w2*fz + qM2*w3*w4*fz + qH1*w1*w1*w1*w1*w1*fz + qH2*w2*w2*w2*w2*w2*fz + qH3*w3*w3*w3*w3*w3*fz + qH4*w4*w4*w4*w4*w4*fz + qECC*w1*w2*w3*w4*fz + qc*fz,prime-field-montgomery,element,specialized,p32_2^32_minus_5,32,1,0xfffffffb,24,16777216,22,7,17,2,10,whole-run,fixed,triton-sumcheck-prime-field-montgomery-element-layout-specialized-points,128.861,45.692,0.000,0.000000,0.000,45.692,ok,cuda-sumcheck-prime-field-montgomery-element-layout-specialized-points,22.642,22.2128,0,0,0,22.2128,ok,true,5521674021669,5521674021669,2.057012,,experiments/h100/sweep/cases/zk_jellyfish_zerocheck_hp_bw32_r24.log
zk_jellyfish_zerocheck_hp,qL*w1*fz + qR*w2*fz + qM*w1*w2*fz - qO*w3*fz + q1*w1*fz + q2*w2*fz + q3*w3*fz + q4*w4*fz - qO*w5*fz + qM1*w1*w2*fz + qM2*w3*w4*fz + qH1*w1*w1*w1*w1*w1*fz + qH2*w2*w2*w2*w2*w2*fz + qH3*w3*w3*w3*w3*w3*fz + qH4*w4*w4*w4*w4*w4*fz + qECC*w1*w2*w3*w4*fz + qc*fz,prime-field-montgomery,element,specialized,p32_2^32_minus_5,32,1,0xfffffffb,26,67108864,22,7,17,2,10,whole-run,fixed,triton-sumcheck-prime-field-montgomery-element-layout-specialized-points,182.077,115.052,0.000,0.000000,0.000,115.052,ok,cuda-sumcheck-prime-field-montgomery-element-layout-specialized-points,70.4061,71.1184,0,0,0,71.1184,ok,true,5898448727639,5898448727639,1.617753,,experiments/h100/sweep/cases/zk_jellyfish_zerocheck_hp_bw32_r26.log
zk_jellyfish_zerocheck_hp,qL*w1*fz + qR*w2*fz + qM*w1*w2*fz - qO*w3*fz + q1*w1*fz + q2*w2*fz + q3*w3*fz + q4*w4*fz - qO*w5*fz + qM1*w1*w2*fz + qM2*w3*w4*fz + qH1*w1*w1*w1*w1*w1*fz + qH2*w2*w2*w2*w2*w2*fz + qH3*w3*w3*w3*w3*w3*fz + qH4*w4*w4*w4*w4*w4*fz + qECC*w1*w2*w3*w4*fz + qc*fz,prime-field-montgomery,element,specialized,,32,,,28,268435456,22,7,17,2,10,whole-run,fixed,,,,,,,,skipped,,,,,,,,skipped,skipped,,,,returncode=1,experiments/h100/sweep/cases/zk_jellyfish_zerocheck_hp_bw32_r28.log
zk_jellyfish_zerocheck_hp,qL*w1*fz + qR*w2*fz + qM*w1*w2*fz - qO*w3*fz + q1*w1*fz + q2*w2*fz + q3*w3*fz + q4*w4*fz - qO*w5*fz + qM1*w1*w2*fz + qM2*w3*w4*fz + qH1*w1*w1*w1*w1*w1*fz + qH2*w2*w2*w2*w2*w2*fz + qH3*w3*w3*w3*w3*w3*fz + qH4*w4*w4*w4*w4*w4*fz + qECC*w1*w2*w3*w4*fz + qc*fz,prime-field-montgomery,element,specialized,p64_goldilocks,64,2,0xffffffff00000001,14,16384,22,7,17,2,10,whole-run,fixed,triton-sumcheck-prime-field-montgomery-element-layout-specialized-points,96.915,8.724,0.000,0.000000,0.000,8.724,ok,cuda-sumcheck-prime-field-montgomery-element-layout-specialized-points,5.27978,3.94278,0,0,0,3.94278,ok,true,9635345457894,9635345457894,2.212652,,experiments/h100/sweep/cases/zk_jellyfish_zerocheck_hp_bw64_r14.log
zk_jellyfish_zerocheck_hp,qL*w1*fz + qR*w2*fz + qM*w1*w2*fz - qO*w3*fz + q1*w1*fz + q2*w2*fz + q3*w3*fz + q4*w4*fz - qO*w5*fz + qM1*w1*w2*fz + qM2*w3*w4*fz + qH1*w1*w1*w1*w1*w1*fz + qH2*w2*w2*w2*w2*w2*fz + qH3*w3*w3*w3*w3*w3*fz + qH4*w4*w4*w4*w4*w4*fz + qECC*w1*w2*w3*w4*fz + qc*fz,prime-field-montgomery,element,specialized,p64_goldilocks,64,2,0xffffffff00000001,16,65536,22,7,17,2,10,whole-run,fixed,triton-sumcheck-prime-field-montgomery-element-layout-specialized-points,99.951,11.493,0.000,0.000000,0.000,11.493,ok,cuda-sumcheck-prime-field-montgomery-element-layout-specialized-points,6.13107,4.76291,0,0,0,4.76291,ok,true,10380823898445,10380823898445,2.413021,,experiments/h100/sweep/cases/zk_jellyfish_zerocheck_hp_bw64_r16.log
zk_jellyfish_zerocheck_hp,qL*w1*fz + qR*w2*fz + qM*w1*w2*fz - qO*w3*fz + q1*w1*fz + q2*w2*fz + q3*w3*fz + q4*w4*fz - qO*w5*fz + qM1*w1*w2*fz + qM2*w3*w4*fz + qH1*w1*w1*w1*w1*w1*fz + qH2*w2*w2*w2*w2*w2*fz + qH3*w3*w3*w3*w3*w3*fz + qH4*w4*w4*w4*w4*w4*fz + qECC*w1*w2*w3*w4*fz + qc*fz,prime-field-montgomery,element,specialized,p64_goldilocks,64,2,0xffffffff00000001,18,262144,22,7,17,2,10,whole-run,fixed,triton-sumcheck-prime-field-montgomery-element-layout-specialized-points,103.607,15.261,0.000,0.000000,0.000,15.261,ok,cuda-sumcheck-prime-field-montgomery-element-layout-specialized-points,6.86966,6.01917,0,0,0,6.01917,ok,true,12675677375712,12675677375712,2.535399,,experiments/h100/sweep/cases/zk_jellyfish_zerocheck_hp_bw64_r18.log
zk_jellyfish_zerocheck_hp,qL*w1*fz + qR*w2*fz + qM*w1*w2*fz - qO*w3*fz + q1*w1*fz + q2*w2*fz + q3*w3*fz + q4*w4*fz - qO*w5*fz + qM1*w1*w2*fz + qM2*w3*w4*fz + qH1*w1*w1*w1*w1*w1*fz + qH2*w2*w2*w2*w2*w2*fz + qH3*w3*w3*w3*w3*w3*fz + qH4*w4*w4*w4*w4*w4*fz + qECC*w1*w2*w3*w4*fz + qc*fz,prime-field-montgomery,element,specialized,p64_goldilocks,64,2,0xffffffff00000001,20,1048576,22,7,17,2,10,whole-run,fixed,triton-sumcheck-prime-field-montgomery-element-layout-specialized-points,108.250,19.173,0.000,0.000000,0.000,19.173,ok,cuda-sumcheck-prime-field-montgomery-element-layout-specialized-points,10.8077,9.51194,0,0,0,9.51194,ok,true,12979805585500,12979805585500,2.015677,,experiments/h100/sweep/cases/zk_jellyfish_zerocheck_hp_bw64_r20.log
zk_jellyfish_zerocheck_hp,qL*w1*fz + qR*w2*fz + qM*w1*w2*fz - qO*w3*fz + q1*w1*fz + q2*w2*fz + q3*w3*fz + q4*w4*fz - qO*w5*fz + qM1*w1*w2*fz + qM2*w3*w4*fz + qH1*w1*w1*w1*w1*w1*fz + qH2*w2*w2*w2*w2*w2*fz + qH3*w3*w3*w3*w3*w3*fz + qH4*w4*w4*w4*w4*w4*fz + qECC*w1*w2*w3*w4*fz + qc*fz,prime-field-montgomery,element,specialized,p64_goldilocks,64,2,0xffffffff00000001,22,4194304,22,7,17,2,10,whole-run,fixed,triton-sumcheck-prime-field-montgomery-element-layout-specialized-points,139.982,33.718,0.000,0.000000,0.000,33.718,ok,cuda-sumcheck-prime-field-montgomery-element-layout-specialized-points,22.0754,20.4201,0,0,0,20.4201,ok,true,14140140380678,14140140380678,1.651216,,experiments/h100/sweep/cases/zk_jellyfish_zerocheck_hp_bw64_r22.log
zk_jellyfish_zerocheck_hp,qL*w1*fz + qR*w2*fz + qM*w1*w2*fz - qO*w3*fz + q1*w1*fz + q2*w2*fz + q3*w3*fz + q4*w4*fz - qO*w5*fz + qM1*w1*w2*fz + qM2*w3*w4*fz + qH1*w1*w1*w1*w1*w1*fz + qH2*w2*w2*w2*w2*w2*fz + qH3*w3*w3*w3*w3*w3*fz + qH4*w4*w4*w4*w4*w4*fz + qECC*w1*w2*w3*w4*fz + qc*fz,prime-field-montgomery,element,specialized,p64_goldilocks,64,2,0xffffffff00000001,24,16777216,22,7,17,2,10,whole-run,fixed,triton-sumcheck-prime-field-montgomery-element-layout-specialized-points,161.690,75.467,0.000,0.000000,0.000,75.467,ok,cuda-sumcheck-prime-field-montgomery-element-layout-specialized-points,58.8329,57.527,0,0,0,57.527,ok,true,16234202295701,16234202295701,1.311854,,experiments/h100/sweep/cases/zk_jellyfish_zerocheck_hp_bw64_r24.log
zk_jellyfish_zerocheck_hp,qL*w1*fz + qR*w2*fz + qM*w1*w2*fz - qO*w3*fz + q1*w1*fz + q2*w2*fz + q3*w3*fz + q4*w4*fz - qO*w5*fz + qM1*w1*w2*fz + qM2*w3*w4*fz + qH1*w1*w1*w1*w1*w1*fz + qH2*w2*w2*w2*w2*w2*fz + qH3*w3*w3*w3*w3*w3*fz + qH4*w4*w4*w4*w4*w4*fz + qECC*w1*w2*w3*w4*fz + qc*fz,prime-field-montgomery,element,specialized,p64_goldilocks,64,2,0xffffffff00000001,26,67108864,22,7,17,2,10,whole-run,fixed,triton-sumcheck-prime-field-montgomery-element-layout-specialized-points,333.375,245.941,0.000,0.000000,0.000,245.941,ok,cuda-sumcheck-prime-field-montgomery-element-layout-specialized-points,208.992,205.29,0,0,0,205.29,ok,true,17964226537127,17964226537127,1.198017,,experiments/h100/sweep/cases/zk_jellyfish_zerocheck_hp_bw64_r26.log
zk_jellyfish_zerocheck_hp,qL*w1*fz + qR*w2*fz + qM*w1*w2*fz - qO*w3*fz + q1*w1*fz + q2*w2*fz + q3*w3*fz + q4*w4*fz - qO*w5*fz + qM1*w1*w2*fz + qM2*w3*w4*fz + qH1*w1*w1*w1*w1*w1*fz + qH2*w2*w2*w2*w2*w2*fz + qH3*w3*w3*w3*w3*w3*fz + qH4*w4*w4*w4*w4*w4*fz + qECC*w1*w2*w3*w4*fz + qc*fz,prime-field-montgomery,element,specialized,,64,,,28,268435456,22,7,17,2,10,whole-run,fixed,,,,,,,,skipped,,,,,,,,skipped,skipped,,,,returncode=1,experiments/h100/sweep/cases/zk_jellyfish_zerocheck_hp_bw64_r28.log
zk_jellyfish_zerocheck_hp,qL*w1*fz + qR*w2*fz + qM*w1*w2*fz - qO*w3*fz + q1*w1*fz + q2*w2*fz + q3*w3*fz + q4*w4*fz - qO*w5*fz + qM1*w1*w2*fz + qM2*w3*w4*fz + qH1*w1*w1*w1*w1*w1*fz + qH2*w2*w2*w2*w2*w2*fz + qH3*w3*w3*w3*w3*w3*fz + qH4*w4*w4*w4*w4*w4*fz + qECC*w1*w2*w3*w4*fz + qc*fz,prime-field-montgomery,element,specialized,p128_mersenne_2^127_minus_1,128,4,0x7fffffffffffffffffffffffffffffff,14,16384,22,7,17,2,10,whole-run,fixed,triton-sumcheck-prime-field-montgomery-element-layout-specialized-points,107.633,8.202,0.000,0.000000,0.000,8.202,ok,cuda-sumcheck-prime-field-montgomery-element-layout-specialized-points,10.5088,7.3833,0,0,0,7.3833,ok,true,25043643122628,25043643122628,1.110885,,experiments/h100/sweep/cases/zk_jellyfish_zerocheck_hp_bw128_r14.log
zk_jellyfish_zerocheck_hp,qL*w1*fz + qR*w2*fz + qM*w1*w2*fz - qO*w3*fz + q1*w1*fz + q2*w2*fz + q3*w3*fz + q4*w4*fz - qO*w5*fz + qM1*w1*w2*fz + qM2*w3*w4*fz + qH1*w1*w1*w1*w1*w1*fz + qH2*w2*w2*w2*w2*w2*fz + qH3*w3*w3*w3*w3*w3*fz + qH4*w4*w4*w4*w4*w4*fz + qECC*w1*w2*w3*w4*fz + qc*fz,prime-field-montgomery,element,specialized,p128_mersenne_2^127_minus_1,128,4,0x7fffffffffffffffffffffffffffffff,16,65536,22,7,17,2,10,whole-run,fixed,triton-sumcheck-prime-field-montgomery-element-layout-specialized-points,102.353,9.874,0.000,0.000000,0.000,9.874,ok,cuda-sumcheck-prime-field-montgomery-element-layout-specialized-points,12.2274,9.11459,0,0,0,9.11459,ok,true,27449386871322,27449386871322,1.083318,,experiments/h100/sweep/cases/zk_jellyfish_zerocheck_hp_bw128_r16.log
zk_jellyfish_zerocheck_hp,qL*w1*fz + qR*w2*fz + qM*w1*w2*fz - qO*w3*fz + q1*w1*fz + q2*w2*fz + q3*w3*fz + q4*w4*fz - qO*w5*fz + qM1*w1*w2*fz + qM2*w3*w4*fz + qH1*w1*w1*w1*w1*w1*fz + qH2*w2*w2*w2*w2*w2*fz + qH3*w3*w3*w3*w3*w3*fz + qH4*w4*w4*w4*w4*w4*fz + qECC*w1*w2*w3*w4*fz + qc*fz,prime-field-montgomery,element,specialized,p128_mersenne_2^127_minus_1,128,4,0x7fffffffffffffffffffffffffffffff,18,262144,22,7,17,2,10,whole-run,fixed,triton-sumcheck-prime-field-montgomery-element-layout-specialized-points,166.676,18.523,0.000,0.000000,0.000,18.523,ok,cuda-sumcheck-prime-field-montgomery-element-layout-specialized-points,16.5655,13.5294,0,0,0,13.5294,ok,true,32437158443469,32437158443469,1.369092,,experiments/h100/sweep/cases/zk_jellyfish_zerocheck_hp_bw128_r18.log
zk_jellyfish_zerocheck_hp,qL*w1*fz + qR*w2*fz + qM*w1*w2*fz - qO*w3*fz + q1*w1*fz + q2*w2*fz + q3*w3*fz + q4*w4*fz - qO*w5*fz + qM1*w1*w2*fz + qM2*w3*w4*fz + qH1*w1*w1*w1*w1*w1*fz + qH2*w2*w2*w2*w2*w2*fz + qH3*w3*w3*w3*w3*w3*fz + qH4*w4*w4*w4*w4*w4*fz + qECC*w1*w2*w3*w4*fz + qc*fz,prime-field-montgomery,element,specialized,p128_mersenne_2^127_minus_1,128,4,0x7fffffffffffffffffffffffffffffff,20,1048576,22,7,17,2,10,whole-run,fixed,triton-sumcheck-prime-field-montgomery-element-layout-specialized-points,175.372,31.325,0.000,0.000000,0.000,31.325,ok,cuda-sumcheck-prime-field-montgomery-element-layout-specialized-points,30.2161,27.2225,0,0,0,27.2225,ok,true,36290264185734,36290264185734,1.150703,,experiments/h100/sweep/cases/zk_jellyfish_zerocheck_hp_bw128_r20.log
zk_jellyfish_zerocheck_hp,qL*w1*fz + qR*w2*fz + qM*w1*w2*fz - qO*w3*fz + q1*w1*fz + q2*w2*fz + q3*w3*fz + q4*w4*fz - qO*w5*fz + qM1*w1*w2*fz + qM2*w3*w4*fz + qH1*w1*w1*w1*w1*w1*fz + qH2*w2*w2*w2*w2*w2*fz + qH3*w3*w3*w3*w3*w3*fz + qH4*w4*w4*w4*w4*w4*fz + qECC*w1*w2*w3*w4*fz + qc*fz,prime-field-montgomery,element,specialized,p128_mersenne_2^127_minus_1,128,4,0x7fffffffffffffffffffffffffffffff,22,4194304,22,7,17,2,10,whole-run,fixed,triton-sumcheck-prime-field-montgomery-element-layout-specialized-points,219.380,78.712,0.000,0.000000,0.000,78.712,ok,cuda-sumcheck-prime-field-montgomery-element-layout-specialized-points,78.3827,75.2942,0,0,0,75.2942,ok,true,39081794519690,39081794519690,1.045393,,experiments/h100/sweep/cases/zk_jellyfish_zerocheck_hp_bw128_r22.log
zk_jellyfish_zerocheck_hp,qL*w1*fz + qR*w2*fz + qM*w1*w2*fz - qO*w3*fz + q1*w1*fz + q2*w2*fz + q3*w3*fz + q4*w4*fz - qO*w5*fz + qM1*w1*w2*fz + qM2*w3*w4*fz + qH1*w1*w1*w1*w1*w1*fz + qH2*w2*w2*w2*w2*w2*fz + qH3*w3*w3*w3*w3*w3*fz + qH4*w4*w4*w4*w4*w4*fz + qECC*w1*w2*w3*w4*fz + qc*fz,prime-field-montgomery,element,specialized,p128_mersenne_2^127_minus_1,128,4,0x7fffffffffffffffffffffffffffffff,24,16777216,22,7,17,2,10,whole-run,fixed,triton-sumcheck-prime-field-montgomery-element-layout-specialized-points,397.682,260.711,0.000,0.000000,0.000,260.711,ok,cuda-sumcheck-prime-field-montgomery-element-layout-specialized-points,280.053,277.395,0,0,0,277.395,ok,true,42962542106276,42962542106276,0.939855,,experiments/h100/sweep/cases/zk_jellyfish_zerocheck_hp_bw128_r24.log
zk_jellyfish_zerocheck_hp,qL*w1*fz + qR*w2*fz + qM*w1*w2*fz - qO*w3*fz + q1*w1*fz + q2*w2*fz + q3*w3*fz + q4*w4*fz - qO*w5*fz + qM1*w1*w2*fz + qM2*w3*w4*fz + qH1*w1*w1*w1*w1*w1*fz + qH2*w2*w2*w2*w2*w2*fz + qH3*w3*w3*w3*w3*w3*fz + qH4*w4*w4*w4*w4*w4*fz + qECC*w1*w2*w3*w4*fz + qc*fz,prime-field-montgomery,element,specialized,p128_mersenne_2^127_minus_1,128,4,0x7fffffffffffffffffffffffffffffff,26,67108864,22,7,17,2,10,whole-run,fixed,triton-sumcheck-prime-field-montgomery-element-layout-specialized-points,1121.656,975.627,0.000,0.000000,0.000,975.627,ok,cuda-sumcheck-prime-field-montgomery-element-layout-specialized-points,1084.06,1080.5,0,0,0,1080.5,ok,true,45100032574545,45100032574545,0.902940,,experiments/h100/sweep/cases/zk_jellyfish_zerocheck_hp_bw128_r26.log
zk_jellyfish_zerocheck_hp,qL*w1*fz + qR*w2*fz + qM*w1*w2*fz - qO*w3*fz + q1*w1*fz + q2*w2*fz + q3*w3*fz + q4*w4*fz - qO*w5*fz + qM1*w1*w2*fz + qM2*w3*w4*fz + qH1*w1*w1*w1*w1*w1*fz + qH2*w2*w2*w2*w2*w2*fz + qH3*w3*w3*w3*w3*w3*fz + qH4*w4*w4*w4*w4*w4*fz + qECC*w1*w2*w3*w4*fz + qc*fz,prime-field-montgomery,element,specialized,,128,,,28,268435456,22,7,17,2,10,whole-run,fixed,,,,,,,,skipped,,,,,,,,skipped,skipped,,,,returncode=1,experiments/h100/sweep/cases/zk_jellyfish_zerocheck_hp_bw128_r28.log
zk_jellyfish_zerocheck_hp,qL*w1*fz + qR*w2*fz + qM*w1*w2*fz - qO*w3*fz + q1*w1*fz + q2*w2*fz + q3*w3*fz + q4*w4*fz - qO*w5*fz + qM1*w1*w2*fz + qM2*w3*w4*fz + qH1*w1*w1*w1*w1*w1*fz + qH2*w2*w2*w2*w2*w2*fz + qH3*w3*w3*w3*w3*w3*fz + qH4*w4*w4*w4*w4*w4*fz + qECC*w1*w2*w3*w4*fz + qc*fz,prime-field-montgomery,element,specialized,,256,,,14,16384,22,7,17,2,10,whole-run,fixed,,,,,,,,skipped,,,,,,,,skipped,skipped,,,,timeout after 1800s,experiments/h100/sweep/cases/zk_jellyfish_zerocheck_hp_bw256_r14.log
zk_jellyfish_zerocheck_hp,qL*w1*fz + qR*w2*fz + qM*w1*w2*fz - qO*w3*fz + q1*w1*fz + q2*w2*fz + q3*w3*fz + q4*w4*fz - qO*w5*fz + qM1*w1*w2*fz + qM2*w3*w4*fz + qH1*w1*w1*w1*w1*w1*fz + qH2*w2*w2*w2*w2*w2*fz + qH3*w3*w3*w3*w3*w3*fz + qH4*w4*w4*w4*w4*w4*fz + qECC*w1*w2*w3*w4*fz + qc*fz,prime-field-montgomery,element,specialized,,256,,,16,65536,22,7,17,2,10,whole-run,fixed,,,,,,,,skipped,,,,,,,,skipped,skipped,,,,timeout after 1800s,experiments/h100/sweep/cases/zk_jellyfish_zerocheck_hp_bw256_r16.log
zk_jellyfish_zerocheck_hp,qL*w1*fz + qR*w2*fz + qM*w1*w2*fz - qO*w3*fz + q1*w1*fz + q2*w2*fz + q3*w3*fz + q4*w4*fz - qO*w5*fz + qM1*w1*w2*fz + qM2*w3*w4*fz + qH1*w1*w1*w1*w1*w1*fz + qH2*w2*w2*w2*w2*w2*fz + qH3*w3*w3*w3*w3*w3*fz + qH4*w4*w4*w4*w4*w4*fz + qECC*w1*w2*w3*w4*fz + qc*fz,prime-field-montgomery,element,specialized,,256,,,18,262144,22,7,17,2,10,whole-run,fixed,,,,,,,,skipped,,,,,,,,skipped,skipped,,,,timeout after 1800s,experiments/h100/sweep/cases/zk_jellyfish_zerocheck_hp_bw256_r18.log
zk_jellyfish_zerocheck_hp,qL*w1*fz + qR*w2*fz + qM*w1*w2*fz - qO*w3*fz + q1*w1*fz + q2*w2*fz + q3*w3*fz + q4*w4*fz - qO*w5*fz + qM1*w1*w2*fz + qM2*w3*w4*fz + qH1*w1*w1*w1*w1*w1*fz + qH2*w2*w2*w2*w2*w2*fz + qH3*w3*w3*w3*w3*w3*fz + qH4*w4*w4*w4*w4*w4*fz + qECC*w1*w2*w3*w4*fz + qc*fz,prime-field-montgomery,element,specialized,,256,,,20,1048576,22,7,17,2,10,whole-run,fixed,,,,,,,,skipped,,,,,,,,skipped,skipped,,,,timeout after 1800s,experiments/h100/sweep/cases/zk_jellyfish_zerocheck_hp_bw256_r20.log
zk_jellyfish_zerocheck_hp,qL*w1*fz + qR*w2*fz + qM*w1*w2*fz - qO*w3*fz + q1*w1*fz + q2*w2*fz + q3*w3*fz + q4*w4*fz - qO*w5*fz + qM1*w1*w2*fz + qM2*w3*w4*fz + qH1*w1*w1*w1*w1*w1*fz + qH2*w2*w2*w2*w2*w2*fz + qH3*w3*w3*w3*w3*w3*fz + qH4*w4*w4*w4*w4*w4*fz + qECC*w1*w2*w3*w4*fz + qc*fz,prime-field-montgomery,element,specialized,,256,,,22,4194304,22,7,17,2,10,whole-run,fixed,,,,,,,,skipped,,,,,,,,skipped,skipped,,,,timeout after 1800s,experiments/h100/sweep/cases/zk_jellyfish_zerocheck_hp_bw256_r22.log
zk_jellyfish_zerocheck_hp,qL*w1*fz + qR*w2*fz + qM*w1*w2*fz - qO*w3*fz + q1*w1*fz + q2*w2*fz + q3*w3*fz + q4*w4*fz - qO*w5*fz + qM1*w1*w2*fz + qM2*w3*w4*fz + qH1*w1*w1*w1*w1*w1*fz + qH2*w2*w2*w2*w2*w2*fz + qH3*w3*w3*w3*w3*w3*fz + qH4*w4*w4*w4*w4*w4*fz + qECC*w1*w2*w3*w4*fz + qc*fz,prime-field-montgomery,element,specialized,,256,,,24,16777216,22,7,17,2,10,whole-run,fixed,,,,,,,,skipped,,,,,,,,skipped,skipped,,,,timeout after 1800s,experiments/h100/sweep/cases/zk_jellyfish_zerocheck_hp_bw256_r24.log
zk_jellyfish_zerocheck_hp,qL*w1*fz + qR*w2*fz + qM*w1*w2*fz - qO*w3*fz + q1*w1*fz + q2*w2*fz + q3*w3*fz + q4*w4*fz - qO*w5*fz + qM1*w1*w2*fz + qM2*w3*w4*fz + qH1*w1*w1*w1*w1*w1*fz + qH2*w2*w2*w2*w2*w2*fz + qH3*w3*w3*w3*w3*w3*fz + qH4*w4*w4*w4*w4*w4*fz + qECC*w1*w2*w3*w4*fz + qc*fz,prime-field-montgomery,element,specialized,,256,,,26,67108864,22,7,17,2,10,whole-run,fixed,,,,,,,,skipped,,,,,,,,skipped,skipped,,,,returncode=1,experiments/h100/sweep/cases/zk_jellyfish_zerocheck_hp_bw256_r26.log
zk_jellyfish_zerocheck_hp,qL*w1*fz + qR*w2*fz + qM*w1*w2*fz - qO*w3*fz + q1*w1*fz + q2*w2*fz + q3*w3*fz + q4*w4*fz - qO*w5*fz + qM1*w1*w2*fz + qM2*w3*w4*fz + qH1*w1*w1*w1*w1*w1*fz + qH2*w2*w2*w2*w2*w2*fz + qH3*w3*w3*w3*w3*w3*fz + qH4*w4*w4*w4*w4*w4*fz + qECC*w1*w2*w3*w4*fz + qc*fz,prime-field-montgomery,element,specialized,,256,,,28,268435456,22,7,17,2,10,whole-run,fixed,,,,,,,,skipped,,,,,,,,skipped,skipped,,,,returncode=1,experiments/h100/sweep/cases/zk_jellyfish_zerocheck_hp_bw256_r28.log
zk_jellyfish_permcheck_hp,pi*fz - p1*p2*fz + 7*phi*D1*D2*D3*D4*D5*fz - 7*N1*N2*N3*N4*N5*fz,prime-field-montgomery,element,specialized,p32_2^32_minus_5,32,1,0xfffffffb,14,16384,15,7,4,2,10,whole-run,fixed,triton-sumcheck-prime-field-montgomery-element-layout-specialized-points,43.028,4.826,0.000,0.000000,0.000,4.826,ok,cuda-sumcheck-prime-field-montgomery-element-layout-specialized-points,3.00541,2.63571,0,0,0,2.63571,ok,true,3038540680682,3038540680682,1.831006,,experiments/h100/sweep/cases/zk_jellyfish_permcheck_hp_bw32_r14.log
zk_jellyfish_permcheck_hp,pi*fz - p1*p2*fz + 7*phi*D1*D2*D3*D4*D5*fz - 7*N1*N2*N3*N4*N5*fz,prime-field-montgomery,element,specialized,p32_2^32_minus_5,32,1,0xfffffffb,16,65536,15,7,4,2,10,whole-run,fixed,triton-sumcheck-prime-field-montgomery-element-layout-specialized-points,43.678,6.461,0.000,0.000000,0.000,6.461,ok,cuda-sumcheck-prime-field-montgomery-element-layout-specialized-points,3.6393,3.21165,0,0,0,3.21165,ok,true,3607764786145,3607764786145,2.011739,,experiments/h100/sweep/cases/zk_jellyfish_permcheck_hp_bw32_r16.log
zk_jellyfish_permcheck_hp,pi*fz - p1*p2*fz + 7*phi*D1*D2*D3*D4*D5*fz - 7*N1*N2*N3*N4*N5*fz,prime-field-montgomery,element,specialized,p32_2^32_minus_5,32,1,0xfffffffb,18,262144,15,7,4,2,10,whole-run,fixed,triton-sumcheck-prime-field-montgomery-element-layout-specialized-points,79.609,14.735,0.000,0.000000,0.000,14.735,ok,cuda-sumcheck-prime-field-montgomery-element-layout-specialized-points,4.39347,3.89136,0,0,0,3.89136,ok,true,4164843840404,4164843840404,3.786594,,experiments/h100/sweep/cases/zk_jellyfish_permcheck_hp_bw32_r18.log
zk_jellyfish_permcheck_hp,pi*fz - p1*p2*fz + 7*phi*D1*D2*D3*D4*D5*fz - 7*N1*N2*N3*N4*N5*fz,prime-field-montgomery,element,specialized,p32_2^32_minus_5,32,1,0xfffffffb,20,1048576,15,7,4,2,10,whole-run,fixed,triton-sumcheck-prime-field-montgomery-element-layout-specialized-points,85.139,18.983,0.000,0.000000,0.000,18.983,ok,cuda-sumcheck-prime-field-montgomery-element-layout-specialized-points,5.5065,5.10701,0,0,0,5.10701,ok,true,4469485076667,4469485076667,3.717048,,experiments/h100/sweep/cases/zk_jellyfish_permcheck_hp_bw32_r20.log
zk_jellyfish_permcheck_hp,pi*fz - p1*p2*fz + 7*phi*D1*D2*D3*D4*D5*fz - 7*N1*N2*N3*N4*N5*fz,prime-field-montgomery,element,specialized,p32_2^32_minus_5,32,1,0xfffffffb,22,4194304,15,7,4,2,10,whole-run,fixed,triton-sumcheck-prime-field-montgomery-element-layout-specialized-points,89.411,23.591,0.000,0.000000,0.000,23.591,ok,cuda-sumcheck-prime-field-montgomery-element-layout-specialized-points,8.26486,7.828,0,0,0,7.828,ok,true,5088345158793,5088345158793,3.013669,,experiments/h100/sweep/cases/zk_jellyfish_permcheck_hp_bw32_r22.log
zk_jellyfish_permcheck_hp,pi*fz - p1*p2*fz + 7*phi*D1*D2*D3*D4*D5*fz - 7*N1*N2*N3*N4*N5*fz,prime-field-montgomery,element,specialized,p32_2^32_minus_5,32,1,0xfffffffb,24,16777216,15,7,4,2,10,whole-run,fixed,triton-sumcheck-prime-field-montgomery-element-layout-specialized-points,102.752,37.172,0.000,0.000000,0.000,37.172,ok,cuda-sumcheck-prime-field-montgomery-element-layout-specialized-points,16.5266,16.2042,0,0,0,16.2042,ok,true,5423422964271,5423422964271,2.293973,,experiments/h100/sweep/cases/zk_jellyfish_permcheck_hp_bw32_r24.log
zk_jellyfish_permcheck_hp,pi*fz - p1*p2*fz + 7*phi*D1*D2*D3*D4*D5*fz - 7*N1*N2*N3*N4*N5*fz,prime-field-montgomery,element,specialized,p32_2^32_minus_5,32,1,0xfffffffb,26,67108864,15,7,4,2,10,whole-run,fixed,triton-sumcheck-prime-field-montgomery-element-layout-specialized-points,147.834,85.726,0.000,0.000000,0.000,85.726,ok,cuda-sumcheck-prime-field-montgomery-element-layout-specialized-points,47.41,47.2045,0,0,0,47.2045,ok,true,5946919357457,5946919357457,1.816056,,experiments/h100/sweep/cases/zk_jellyfish_permcheck_hp_bw32_r26.log
zk_jellyfish_permcheck_hp,pi*fz - p1*p2*fz + 7*phi*D1*D2*D3*D4*D5*fz - 7*N1*N2*N3*N4*N5*fz,prime-field-montgomery,element,specialized,,32,,,28,268435456,15,7,4,2,10,whole-run,fixed,,,,,,,,skipped,,,,,,,,skipped,skipped,,,,returncode=1,experiments/h100/sweep/cases/zk_jellyfish_permcheck_hp_bw32_r28.log
zk_jellyfish_permcheck_hp,pi*fz - p1*p2*fz + 7*phi*D1*D2*D3*D4*D5*fz - 7*N1*N2*N3*N4*N5*fz,prime-field-montgomery,element,specialized,p64_goldilocks,64,2,0xffffffff00000001,14,16384,15,7,4,2,10,whole-run,fixed,triton-sumcheck-prime-field-montgomery-element-layout-specialized-points,82.536,8.209,0.000,0.000000,0.000,8.209,ok,cuda-sumcheck-prime-field-montgomery-element-layout-specialized-points,3.87398,3.17248,0,0,0,3.17248,ok,true,9848259468086,9848259468086,2.587566,,experiments/h100/sweep/cases/zk_jellyfish_permcheck_hp_bw64_r14.log
zk_jellyfish_permcheck_hp,pi*fz - p1*p2*fz + 7*phi*D1*D2*D3*D4*D5*fz - 7*N1*N2*N3*N4*N5*fz,prime-field-montgomery,element,specialized,p64_goldilocks,64,2,0xffffffff00000001,16,65536,15,7,4,2,10,whole-run,fixed,triton-sumcheck-prime-field-montgomery-element-layout-specialized-points,85.118,11.244,0.000,0.000000,0.000,11.244,ok,cuda-sumcheck-prime-field-montgomery-element-layout-specialized-points,4.67366,3.97085,0,0,0,3.97085,ok,true,10144292711527,10144292711527,2.831636,,experiments/h100/sweep/cases/zk_jellyfish_permcheck_hp_bw64_r16.log
zk_jellyfish_permcheck_hp,pi*fz - p1*p2*fz + 7*phi*D1*D2*D3*D4*D5*fz - 7*N1*N2*N3*N4*N5*fz,prime-field-montgomery,element,specialized,p64_goldilocks,64,2,0xffffffff00000001,18,262144,15,7,4,2,10,whole-run,fixed,triton-sumcheck-prime-field-montgomery-element-layout-specialized-points,88.902,14.750,0.000,0.000000,0.000,14.750,ok,cuda-sumcheck-prime-field-montgomery-element-layout-specialized-points,5.55946,4.89043,0,0,0,4.89043,ok,true,12251166593419,12251166593419,3.016095,,experiments/h100/sweep/cases/zk_jellyfish_permcheck_hp_bw64_r18.log
zk_jellyfish_permcheck_hp,pi*fz - p1*p2*fz + 7*phi*D1*D2*D3*D4*D5*fz - 7*N1*N2*N3*N4*N5*fz,prime-field-montgomery,element,specialized,p64_goldilocks,64,2,0xffffffff00000001,20,1048576,15,7,4,2,10,whole-run,fixed,triton-sumcheck-prime-field-montgomery-element-layout-specialized-points,91.890,18.749,0.000,0.000000,0.000,18.749,ok,cuda-sumcheck-prime-field-montgomery-element-layout-specialized-points,7.49226,6.83277,0,0,0,6.83277,ok,true,13188211435815,13188211435815,2.743982,,experiments/h100/sweep/cases/zk_jellyfish_permcheck_hp_bw64_r20.log
zk_jellyfish_permcheck_hp,pi*fz - p1*p2*fz + 7*phi*D1*D2*D3*D4*D5*fz - 7*N1*N2*N3*N4*N5*fz,prime-field-montgomery,element,specialized,p64_goldilocks,64,2,0xffffffff00000001,22,4194304,15,7,4,2,10,whole-run,fixed,triton-sumcheck-prime-field-montgomery-element-layout-specialized-points,98.707,25.462,0.000,0.000000,0.000,25.462,ok,cuda-sumcheck-prime-field-montgomery-element-layout-specialized-points,12.7158,12.0733,0,0,0,12.0733,ok,true,14893023102763,14893023102763,2.108951,,experiments/h100/sweep/cases/zk_jellyfish_permcheck_hp_bw64_r22.log
zk_jellyfish_permcheck_hp,pi*fz - p1*p2*fz + 7*phi*D1*D2*D3*D4*D5*fz - 7*N1*N2*N3*N4*N5*fz,prime-field-montgomery,element,specialized,p64_goldilocks,64,2,0xffffffff00000001,24,16777216,15,7,4,2,10,whole-run,fixed,triton-sumcheck-prime-field-montgomery-element-layout-specialized-points,120.917,48.534,0.000,0.000000,0.000,48.534,ok,cuda-sumcheck-prime-field-montgomery-element-layout-specialized-points,30.0359,29.4793,0,0,0,29.4793,ok,true,16524395014608,16524395014608,1.646376,,experiments/h100/sweep/cases/zk_jellyfish_permcheck_hp_bw64_r24.log
zk_jellyfish_permcheck_hp,pi*fz - p1*p2*fz + 7*phi*D1*D2*D3*D4*D5*fz - 7*N1*N2*N3*N4*N5*fz,prime-field-montgomery,element,specialized,p64_goldilocks,64,2,0xffffffff00000001,26,67108864,15,7,4,2,10,whole-run,fixed,triton-sumcheck-prime-field-montgomery-element-layout-specialized-points,204.338,135.937,0.000,0.000000,0.000,135.937,ok,cuda-sumcheck-prime-field-montgomery-element-layout-specialized-points,97.7674,99.7465,0,0,0,99.7465,ok,true,17503020467140,17503020467140,1.362825,,experiments/h100/sweep/cases/zk_jellyfish_permcheck_hp_bw64_r26.log
zk_jellyfish_permcheck_hp,pi*fz - p1*p2*fz + 7*phi*D1*D2*D3*D4*D5*fz - 7*N1*N2*N3*N4*N5*fz,prime-field-montgomery,element,specialized,,64,,,28,268435456,15,7,4,2,10,whole-run,fixed,,,,,,,,skipped,,,,,,,,skipped,skipped,,,,returncode=1,experiments/h100/sweep/cases/zk_jellyfish_permcheck_hp_bw64_r28.log
zk_jellyfish_permcheck_hp,pi*fz - p1*p2*fz + 7*phi*D1*D2*D3*D4*D5*fz - 7*N1*N2*N3*N4*N5*fz,prime-field-montgomery,element,specialized,p128_mersenne_2^127_minus_1,128,4,0x7fffffffffffffffffffffffffffffff,14,16384,15,7,4,2,10,whole-run,fixed,triton-sumcheck-prime-field-montgomery-element-layout-specialized-points,99.461,8.921,0.000,0.000000,0.000,8.921,ok,cuda-sumcheck-prime-field-montgomery-element-layout-specialized-points,5.6833,4.15398,0,0,0,4.15398,ok,true,24320270181376,24320270181376,2.147579,,experiments/h100/sweep/cases/zk_jellyfish_permcheck_hp_bw128_r14.log
zk_jellyfish_permcheck_hp,pi*fz - p1*p2*fz + 7*phi*D1*D2*D3*D4*D5*fz - 7*N1*N2*N3*N4*N5*fz,prime-field-montgomery,element,specialized,p128_mersenne_2^127_minus_1,128,4,0x7fffffffffffffffffffffffffffffff,16,65536,15,7,4,2,10,whole-run,fixed,triton-sumcheck-prime-field-montgomery-element-layout-specialized-points,105.073,11.861,0.000,0.000000,0.000,11.861,ok,cuda-sumcheck-prime-field-montgomery-element-layout-specialized-points,6.54544,5.00816,0,0,0,5.00816,ok,true,29557530134080,29557530134080,2.368335,,experiments/h100/sweep/cases/zk_jellyfish_permcheck_hp_bw128_r16.log
zk_jellyfish_permcheck_hp,pi*fz - p1*p2*fz + 7*phi*D1*D2*D3*D4*D5*fz - 7*N1*N2*N3*N4*N5*fz,prime-field-montgomery,element,specialized,p128_mersenne_2^127_minus_1,128,4,0x7fffffffffffffffffffffffffffffff,18,262144,15,7,4,2,10,whole-run,fixed,triton-sumcheck-prime-field-montgomery-element-layout-specialized-points,108.240,15.310,0.000,0.000000,0.000,15.310,ok,cuda-sumcheck-prime-field-montgomery-element-layout-specialized-points,8.12019,6.60474,0,0,0,6.60474,ok,true,32796138600446,32796138600446,2.318032,,experiments/h100/sweep/cases/zk_jellyfish_permcheck_hp_bw128_r18.log
zk_jellyfish_permcheck_hp,pi*fz - p1*p2*fz + 7*phi*D1*D2*D3*D4*D5*fz - 7*N1*N2*N3*N4*N5*fz,prime-field-montgomery,element,specialized,p128_mersenne_2^127_minus_1,128,4,0x7fffffffffffffffffffffffffffffff,20,1048576,15,7,4,2,10,whole-run,fixed,triton-sumcheck-prime-field-montgomery-element-layout-specialized-points,112.617,20.639,0.000,0.000000,0.000,20.639,ok,cuda-sumcheck-prime-field-montgomery-element-layout-specialized-points,11.9539,10.5193,0,0,0,10.5193,ok,true,35601074222428,35601074222428,1.962013,,experiments/h100/sweep/cases/zk_jellyfish_permcheck_hp_bw128_r20.log
zk_jellyfish_permcheck_hp,pi*fz - p1*p2*fz + 7*phi*D1*D2*D3*D4*D5*fz - 7*N1*N2*N3*N4*N5*fz,prime-field-montgomery,element,specialized,p128_mersenne_2^127_minus_1,128,4,0x7fffffffffffffffffffffffffffffff,22,4194304,15,7,4,2,10,whole-run,fixed,triton-sumcheck-prime-field-montgomery-element-layout-specialized-points,126.573,36.166,0.000,0.000000,0.000,36.166,ok,cuda-sumcheck-prime-field-montgomery-element-layout-specialized-points,24.5628,23.0325,0,0,0,23.0325,ok,true,39738028629364,39738028629364,1.570216,,experiments/h100/sweep/cases/zk_jellyfish_permcheck_hp_bw128_r22.log
zk_jellyfish_permcheck_hp,pi*fz - p1*p2*fz + 7*phi*D1*D2*D3*D4*D5*fz - 7*N1*N2*N3*N4*N5*fz,prime-field-montgomery,element,specialized,p128_mersenne_2^127_minus_1,128,4,0x7fffffffffffffffffffffffffffffff,24,16777216,15,7,4,2,10,whole-run,fixed,triton-sumcheck-prime-field-montgomery-element-layout-specialized-points,212.228,92.442,0.000,0.000000,0.000,92.442,ok,cuda-sumcheck-prime-field-montgomery-element-layout-specialized-points,70.3847,68.9151,0,0,0,68.9151,ok,true,42414045373349,42414045373349,1.341390,,experiments/h100/sweep/cases/zk_jellyfish_permcheck_hp_bw128_r24.log
zk_jellyfish_permcheck_hp,pi*fz - p1*p2*fz + 7*phi*D1*D2*D3*D4*D5*fz - 7*N1*N2*N3*N4*N5*fz,prime-field-montgomery,element,specialized,p128_mersenne_2^127_minus_1,128,4,0x7fffffffffffffffffffffffffffffff,26,67108864,15,7,4,2,10,whole-run,fixed,triton-sumcheck-prime-field-montgomery-element-layout-specialized-points,405.058,308.131,0.000,0.000000,0.000,308.131,ok,cuda-sumcheck-prime-field-montgomery-element-layout-specialized-points,258.226,245.86,0,0,0,245.86,ok,true,46033492769966,46033492769966,1.253278,,experiments/h100/sweep/cases/zk_jellyfish_permcheck_hp_bw128_r26.log
zk_jellyfish_permcheck_hp,pi*fz - p1*p2*fz + 7*phi*D1*D2*D3*D4*D5*fz - 7*N1*N2*N3*N4*N5*fz,prime-field-montgomery,element,specialized,,128,,,28,268435456,15,7,4,2,10,whole-run,fixed,,,,,,,,skipped,,,,,,,,skipped,skipped,,,,returncode=1,experiments/h100/sweep/cases/zk_jellyfish_permcheck_hp_bw128_r28.log
zk_jellyfish_permcheck_hp,pi*fz - p1*p2*fz + 7*phi*D1*D2*D3*D4*D5*fz - 7*N1*N2*N3*N4*N5*fz,prime-field-montgomery,element,specialized,p255_bls12_381_scalar,256,8,0x73eda753299d7d483339d80809a1d80553bda402fffe5bfeffffffff00000001,14,16384,15,7,4,2,10,whole-run,fixed,triton-sumcheck-prime-field-montgomery-element-layout-specialized-points,115.932,9.256,0.000,0.000000,0.000,9.256,ok,cuda-sumcheck-prime-field-montgomery-element-layout-specialized-points,11.4207,7.99322,0,0,0,7.99322,ok,true,100495326642841,100495326642841,1.157981,,experiments/h100/sweep/cases/zk_jellyfish_permcheck_hp_bw256_r14.log
zk_jellyfish_permcheck_hp,pi*fz - p1*p2*fz + 7*phi*D1*D2*D3*D4*D5*fz - 7*N1*N2*N3*N4*N5*fz,prime-field-montgomery,element,specialized,p255_bls12_381_scalar,256,8,0x73eda753299d7d483339d80809a1d80553bda402fffe5bfeffffffff00000001,16,65536,15,7,4,2,10,whole-run,fixed,triton-sumcheck-prime-field-montgomery-element-layout-specialized-points,118.448,12.474,0.000,0.000000,0.000,12.474,ok,cuda-sumcheck-prime-field-montgomery-element-layout-specialized-points,12.0792,10.124,0,0,0,10.124,ok,true,112702504106491,112702504106491,1.232122,,experiments/h100/sweep/cases/zk_jellyfish_permcheck_hp_bw256_r16.log
zk_jellyfish_permcheck_hp,pi*fz - p1*p2*fz + 7*phi*D1*D2*D3*D4*D5*fz - 7*N1*N2*N3*N4*N5*fz,prime-field-montgomery,element,specialized,p255_bls12_381_scalar,256,8,0x73eda753299d7d483339d80809a1d80553bda402fffe5bfeffffffff00000001,18,262144,15,7,4,2,10,whole-run,fixed,triton-sumcheck-prime-field-montgomery-element-layout-specialized-points,172.841,21.901,0.000,0.000000,0.000,21.901,ok,cuda-sumcheck-prime-field-montgomery-element-layout-specialized-points,18.9292,15.4659,0,0,0,15.4659,ok,true,129097695424685,129097695424685,1.416083,,experiments/h100/sweep/cases/zk_jellyfish_permcheck_hp_bw256_r18.log
zk_jellyfish_permcheck_hp,pi*fz - p1*p2*fz + 7*phi*D1*D2*D3*D4*D5*fz - 7*N1*N2*N3*N4*N5*fz,prime-field-montgomery,element,specialized,p255_bls12_381_scalar,256,8,0x73eda753299d7d483339d80809a1d80553bda402fffe5bfeffffffff00000001,20,1048576,15,7,4,2,10,whole-run,fixed,triton-sumcheck-prime-field-montgomery-element-layout-specialized-points,197.704,42.580,0.000,0.000000,0.000,42.580,ok,cuda-sumcheck-prime-field-montgomery-element-layout-specialized-points,36.2311,34.1412,0,0,0,34.1412,ok,true,144017082122277,144017082122277,1.247174,,experiments/h100/sweep/cases/zk_jellyfish_permcheck_hp_bw256_r20.log
zk_jellyfish_permcheck_hp,pi*fz - p1*p2*fz + 7*phi*D1*D2*D3*D4*D5*fz - 7*N1*N2*N3*N4*N5*fz,prime-field-montgomery,element,specialized,p255_bls12_381_scalar,256,8,0x73eda753299d7d483339d80809a1d80553bda402fffe5bfeffffffff00000001,22,4194304,15,7,4,2,10,whole-run,fixed,triton-sumcheck-prime-field-montgomery-element-layout-specialized-points,268.196,117.934,0.000,0.000000,0.000,117.934,ok,cuda-sumcheck-prime-field-montgomery-element-layout-specialized-points,111.127,107.775,0,0,0,107.775,ok,true,154700686106837,154700686106837,1.094261,,experiments/h100/sweep/cases/zk_jellyfish_permcheck_hp_bw256_r22.log
zk_jellyfish_permcheck_hp,pi*fz - p1*p2*fz + 7*phi*D1*D2*D3*D4*D5*fz - 7*N1*N2*N3*N4*N5*fz,prime-field-montgomery,element,specialized,p255_bls12_381_scalar,256,8,0x73eda753299d7d483339d80809a1d80553bda402fffe5bfeffffffff00000001,24,16777216,15,7,4,2,10,whole-run,fixed,triton-sumcheck-prime-field-montgomery-element-layout-specialized-points,505.339,404.675,0.000,0.000000,0.000,404.675,ok,cuda-sumcheck-prime-field-montgomery-element-layout-specialized-points,389.597,387.123,0,0,0,387.123,ok,true,166766272294648,166766272294648,1.045340,,experiments/h100/sweep/cases/zk_jellyfish_permcheck_hp_bw256_r24.log
zk_jellyfish_permcheck_hp,pi*fz - p1*p2*fz + 7*phi*D1*D2*D3*D4*D5*fz - 7*N1*N2*N3*N4*N5*fz,prime-field-montgomery,element,specialized,,256,,,26,67108864,15,7,4,2,10,whole-run,fixed,,,,,,,,skipped,,,,,,,,skipped,skipped,,,,returncode=1,experiments/h100/sweep/cases/zk_jellyfish_permcheck_hp_bw256_r26.log
zk_jellyfish_permcheck_hp,pi*fz - p1*p2*fz + 7*phi*D1*D2*D3*D4*D5*fz - 7*N1*N2*N3*N4*N5*fz,prime-field-montgomery,element,specialized,,256,,,28,268435456,15,7,4,2,10,whole-run,fixed,,,,,,,,skipped,,,,,,,,skipped,skipped,,,,returncode=1,experiments/h100/sweep/cases/zk_jellyfish_permcheck_hp_bw256_r28.log
zk_opencheck,y1*k1 + y2*k2 + y3*k3 + y4*k4 + y5*k5 + y6*k6,prime-field-montgomery,element,specialized,p32_2^32_minus_5,32,1,0xfffffffb,14,16384,12,2,6,2,10,whole-run,fixed,triton-sumcheck-prime-field-montgomery-element-layout-specialized-points,53.104,3.514,0.000,0.000000,0.000,3.514,ok,cuda-sumcheck-prime-field-montgomery-element-layout-specialized-points,1.18134,0.965536,0,0,0,0.965536,ok,true,1262833058942,1262833058942,3.639429,,experiments/h100/sweep/cases/zk_opencheck_bw32_r14.log
zk_opencheck,y1*k1 + y2*k2 + y3*k3 + y4*k4 + y5*k5 + y6*k6,prime-field-montgomery,element,specialized,p32_2^32_minus_5,32,1,0xfffffffb,16,65536,12,2,6,2,10,whole-run,fixed,triton-sumcheck-prime-field-montgomery-element-layout-specialized-points,54.177,4.556,0.000,0.000000,0.000,4.556,ok,cuda-sumcheck-prime-field-montgomery-element-layout-specialized-points,1.39328,1.20922,0,0,0,1.20922,ok,true,1232564667737,1232564667737,3.767718,,experiments/h100/sweep/cases/zk_opencheck_bw32_r16.log
zk_opencheck,y1*k1 + y2*k2 + y3*k3 + y4*k4 + y5*k5 + y6*k6,prime-field-montgomery,element,specialized,p32_2^32_minus_5,32,1,0xfffffffb,18,262144,12,2,6,2,10,whole-run,fixed,triton-sumcheck-prime-field-montgomery-element-layout-specialized-points,54.927,5.827,0.000,0.000000,0.000,5.827,ok,cuda-sumcheck-prime-field-montgomery-element-layout-specialized-points,1.7992,1.53472,0,0,0,1.53472,ok,true,1515483297588,1515483297588,3.796784,,experiments/h100/sweep/cases/zk_opencheck_bw32_r18.log
zk_opencheck,y1*k1 + y2*k2 + y3*k3 + y4*k4 + y5*k5 + y6*k6,prime-field-montgomery,element,specialized,p32_2^32_minus_5,32,1,0xfffffffb,20,1048576,12,2,6,2,10,whole-run,fixed,triton-sumcheck-prime-field-montgomery-element-layout-specialized-points,57.341,7.472,0.000,0.000000,0.000,7.472,ok,cuda-sumcheck-prime-field-montgomery-element-layout-specialized-points,2.97299,2.79674,0,0,0,2.79674,ok,true,1745741771670,1745741771670,2.671682,,experiments/h100/sweep/cases/zk_opencheck_bw32_r20.log
zk_opencheck,y1*k1 + y2*k2 + y3*k3 + y4*k4 + y5*k5 + y6*k6,prime-field-montgomery,element,specialized,p32_2^32_minus_5,32,1,0xfffffffb,22,4194304,12,2,6,2,10,whole-run,fixed,triton-sumcheck-prime-field-montgomery-element-layout-specialized-points,59.067,9.144,0.000,0.000000,0.000,9.144,ok,cuda-sumcheck-prime-field-montgomery-element-layout-specialized-points,3.14115,2.93606,0,0,0,2.93606,ok,true,1677483160366,1677483160366,3.114378,,experiments/h100/sweep/cases/zk_opencheck_bw32_r22.log
zk_opencheck,y1*k1 + y2*k2 + y3*k3 + y4*k4 + y5*k5 + y6*k6,prime-field-montgomery,element,specialized,p32_2^32_minus_5,32,1,0xfffffffb,24,16777216,12,2,6,2,10,whole-run,fixed,triton-sumcheck-prime-field-montgomery-element-layout-specialized-points,62.415,13.684,0.000,0.000000,0.000,13.684,ok,cuda-sumcheck-prime-field-montgomery-element-layout-specialized-points,6.30989,6.12189,0,0,0,6.12189,ok,true,2100535341255,2100535341255,2.235257,,experiments/h100/sweep/cases/zk_opencheck_bw32_r24.log
zk_opencheck,y1*k1 + y2*k2 + y3*k3 + y4*k4 + y5*k5 + y6*k6,prime-field-montgomery,element,specialized,p32_2^32_minus_5,32,1,0xfffffffb,26,67108864,12,2,6,2,10,whole-run,fixed,triton-sumcheck-prime-field-montgomery-element-layout-specialized-points,76.307,29.656,0.000,0.000000,0.000,29.656,ok,cuda-sumcheck-prime-field-montgomery-element-layout-specialized-points,18.045,17.8311,0,0,0,17.8311,ok,true,2306713193538,2306713193538,1.663162,,experiments/h100/sweep/cases/zk_opencheck_bw32_r26.log
zk_opencheck,y1*k1 + y2*k2 + y3*k3 + y4*k4 + y5*k5 + y6*k6,prime-field-montgomery,element,specialized,,32,,,28,268435456,12,2,6,2,10,whole-run,fixed,,,,,,,,skipped,,,,,,,,skipped,skipped,,,,returncode=1,experiments/h100/sweep/cases/zk_opencheck_bw32_r28.log
zk_opencheck,y1*k1 + y2*k2 + y3*k3 + y4*k4 + y5*k5 + y6*k6,prime-field-montgomery,element,specialized,p64_goldilocks,64,2,0xffffffff00000001,14,16384,12,2,6,2,10,whole-run,fixed,triton-sumcheck-prime-field-montgomery-element-layout-specialized-points,54.254,3.461,0.000,0.000000,0.000,3.461,ok,cuda-sumcheck-prime-field-montgomery-element-layout-specialized-points,1.25347,1.04941,0,0,0,1.04941,ok,true,3480229742626,3480229742626,3.298044,,experiments/h100/sweep/cases/zk_opencheck_bw64_r14.log
zk_opencheck,y1*k1 + y2*k2 + y3*k3 + y4*k4 + y5*k5 + y6*k6,prime-field-montgomery,element,specialized,p64_goldilocks,64,2,0xffffffff00000001,16,65536,12,2,6,2,10,whole-run,fixed,triton-sumcheck-prime-field-montgomery-element-layout-specialized-points,55.302,4.534,0.000,0.000000,0.000,4.534,ok,cuda-sumcheck-prime-field-montgomery-element-layout-specialized-points,1.49136,1.29958,0,0,0,1.29958,ok,true,4159848355624,4159848355624,3.488819,,experiments/h100/sweep/cases/zk_opencheck_bw64_r16.log
zk_opencheck,y1*k1 + y2*k2 + y3*k3 + y4*k4 + y5*k5 + y6*k6,prime-field-montgomery,element,specialized,p64_goldilocks,64,2,0xffffffff00000001,18,262144,12,2,6,2,10,whole-run,fixed,triton-sumcheck-prime-field-montgomery-element-layout-specialized-points,56.573,5.868,0.000,0.000000,0.000,5.868,ok,cuda-sumcheck-prime-field-montgomery-element-layout-specialized-points,1.8057,1.6129,0,0,0,1.6129,ok,true,4387027810490,4387027810490,3.638167,,experiments/h100/sweep/cases/zk_opencheck_bw64_r18.log
zk_opencheck,y1*k1 + y2*k2 + y3*k3 + y4*k4 + y5*k5 + y6*k6,prime-field-montgomery,element,specialized,p64_goldilocks,64,2,0xffffffff00000001,20,1048576,12,2,6,2,10,whole-run,fixed,triton-sumcheck-prime-field-montgomery-element-layout-specialized-points,58.629,7.749,0.000,0.000000,0.000,7.749,ok,cuda-sumcheck-prime-field-montgomery-element-layout-specialized-points,2.4184,2.26266,0,0,0,2.26266,ok,true,4661775753583,4661775753583,3.424730,,experiments/h100/sweep/cases/zk_opencheck_bw64_r20.log
zk_opencheck,y1*k1 + y2*k2 + y3*k3 + y4*k4 + y5*k5 + y6*k6,prime-field-montgomery,element,specialized,p64_goldilocks,64,2,0xffffffff00000001,22,4194304,12,2,6,2,10,whole-run,fixed,triton-sumcheck-prime-field-montgomery-element-layout-specialized-points,60.847,9.709,0.000,0.000000,0.000,9.709,ok,cuda-sumcheck-prime-field-montgomery-element-layout-specialized-points,4.17024,4.02234,0,0,0,4.02234,ok,true,5791359821910,5791359821910,2.413769,,experiments/h100/sweep/cases/zk_opencheck_bw64_r22.log
zk_opencheck,y1*k1 + y2*k2 + y3*k3 + y4*k4 + y5*k5 + y6*k6,prime-field-montgomery,element,specialized,p64_goldilocks,64,2,0xffffffff00000001,24,16777216,12,2,6,2,10,whole-run,fixed,triton-sumcheck-prime-field-montgomery-element-layout-specialized-points,65.285,15.871,0.000,0.000000,0.000,15.871,ok,cuda-sumcheck-prime-field-montgomery-element-layout-specialized-points,10.0534,9.87958,0,0,0,9.87958,ok,true,6247610036291,6247610036291,1.606445,,experiments/h100/sweep/cases/zk_opencheck_bw64_r24.log
zk_opencheck,y1*k1 + y2*k2 + y3*k3 + y4*k4 + y5*k5 + y6*k6,prime-field-montgomery,element,specialized,p64_goldilocks,64,2,0xffffffff00000001,26,67108864,12,2,6,2,10,whole-run,fixed,triton-sumcheck-prime-field-montgomery-element-layout-specialized-points,88.148,39.529,0.000,0.000000,0.000,39.529,ok,cuda-sumcheck-prime-field-montgomery-element-layout-specialized-points,32.7731,33.0654,0,0,0,33.0654,ok,true,5533862466535,5533862466535,1.195479,,experiments/h100/sweep/cases/zk_opencheck_bw64_r26.log
zk_opencheck,y1*k1 + y2*k2 + y3*k3 + y4*k4 + y5*k5 + y6*k6,prime-field-montgomery,element,specialized,,64,,,28,268435456,12,2,6,2,10,whole-run,fixed,,,,,,,,skipped,,,,,,,,skipped,skipped,,,,returncode=1,experiments/h100/sweep/cases/zk_opencheck_bw64_r28.log
zk_opencheck,y1*k1 + y2*k2 + y3*k3 + y4*k4 + y5*k5 + y6*k6,prime-field-montgomery,element,specialized,p128_mersenne_2^127_minus_1,128,4,0x7fffffffffffffffffffffffffffffff,14,16384,12,2,6,2,10,whole-run,fixed,triton-sumcheck-prime-field-montgomery-element-layout-specialized-points,57.432,3.517,0.000,0.000000,0.000,3.517,ok,cuda-sumcheck-prime-field-montgomery-element-layout-specialized-points,1.40339,1.10566,0,0,0,1.10566,ok,true,3576456072072,3576456072072,3.180906,,experiments/h100/sweep/cases/zk_opencheck_bw128_r14.log
zk_opencheck,y1*k1 + y2*k2 + y3*k3 + y4*k4 + y5*k5 + y6*k6,prime-field-montgomery,element,specialized,p128_mersenne_2^127_minus_1,128,4,0x7fffffffffffffffffffffffffffffff,16,65536,12,2,6,2,10,whole-run,fixed,triton-sumcheck-prime-field-montgomery-element-layout-specialized-points,58.350,4.568,0.000,0.000000,0.000,4.568,ok,cuda-sumcheck-prime-field-montgomery-element-layout-specialized-points,1.63514,1.35574,0,0,0,1.35574,ok,true,4361471618634,4361471618634,3.369378,,experiments/h100/sweep/cases/zk_opencheck_bw128_r16.log
zk_opencheck,y1*k1 + y2*k2 + y3*k3 + y4*k4 + y5*k5 + y6*k6,prime-field-montgomery,element,specialized,p128_mersenne_2^127_minus_1,128,4,0x7fffffffffffffffffffffffffffffff,18,262144,12,2,6,2,10,whole-run,fixed,triton-sumcheck-prime-field-montgomery-element-layout-specialized-points,60.397,6.074,0.000,0.000000,0.000,6.074,ok,cuda-sumcheck-prime-field-montgomery-element-layout-specialized-points,2.08749,1.83165,0,0,0,1.83165,ok,true,4608918468024,4608918468024,3.316136,,experiments/h100/sweep/cases/zk_opencheck_bw128_r18.log
zk_opencheck,y1*k1 + y2*k2 + y3*k3 + y4*k4 + y5*k5 + y6*k6,prime-field-montgomery,element,specialized,p128_mersenne_2^127_minus_1,128,4,0x7fffffffffffffffffffffffffffffff,20,1048576,12,2,6,2,10,whole-run,fixed,triton-sumcheck-prime-field-montgomery-element-layout-specialized-points,61.508,7.585,0.000,0.000000,0.000,7.585,ok,cuda-sumcheck-prime-field-montgomery-element-layout-specialized-points,3.08192,2.82499,0,0,0,2.82499,ok,true,5106931756277,5106931756277,2.684965,,experiments/h100/sweep/cases/zk_opencheck_bw128_r20.log
zk_opencheck,y1*k1 + y2*k2 + y3*k3 + y4*k4 + y5*k5 + y6*k6,prime-field-montgomery,element,specialized,p128_mersenne_2^127_minus_1,128,4,0x7fffffffffffffffffffffffffffffff,22,4194304,12,2,6,2,10,whole-run,fixed,triton-sumcheck-prime-field-montgomery-element-layout-specialized-points,64.811,11.037,0.000,0.000000,0.000,11.037,ok,cuda-sumcheck-prime-field-montgomery-element-layout-specialized-points,6.28838,6.03466,0,0,0,6.03466,ok,true,7560217535702,7560217535702,1.828935,,experiments/h100/sweep/cases/zk_opencheck_bw128_r22.log
zk_opencheck,y1*k1 + y2*k2 + y3*k3 + y4*k4 + y5*k5 + y6*k6,prime-field-montgomery,element,specialized,p128_mersenne_2^127_minus_1,128,4,0x7fffffffffffffffffffffffffffffff,24,16777216,12,2,6,2,10,whole-run,fixed,triton-sumcheck-prime-field-montgomery-element-layout-specialized-points,76.108,23.922,0.000,0.000000,0.000,23.922,ok,cuda-sumcheck-prime-field-montgomery-element-layout-specialized-points,18.4279,18.0152,0,0,0,18.0152,ok,true,9905643653789,9905643653789,1.327879,,experiments/h100/sweep/cases/zk_opencheck_bw128_r24.log
zk_opencheck,y1*k1 + y2*k2 + y3*k3 + y4*k4 + y5*k5 + y6*k6,prime-field-montgomery,element,specialized,p128_mersenne_2^127_minus_1,128,4,0x7fffffffffffffffffffffffffffffff,26,67108864,12,2,6,2,10,whole-run,fixed,triton-sumcheck-prime-field-montgomery-element-layout-specialized-points,124.095,73.202,0.000,0.000000,0.000,73.202,ok,cuda-sumcheck-prime-field-montgomery-element-layout-specialized-points,63.0834,62.7764,0,0,0,62.7764,ok,true,9926000954441,9926000954441,1.166075,,experiments/h100/sweep/cases/zk_opencheck_bw128_r26.log
zk_opencheck,y1*k1 + y2*k2 + y3*k3 + y4*k4 + y5*k5 + y6*k6,prime-field-montgomery,element,specialized,,128,,,28,268435456,12,2,6,2,10,whole-run,fixed,,,,,,,,skipped,,,,,,,,skipped,skipped,,,,returncode=1,experiments/h100/sweep/cases/zk_opencheck_bw128_r28.log
zk_opencheck,y1*k1 + y2*k2 + y3*k3 + y4*k4 + y5*k5 + y6*k6,prime-field-montgomery,element,specialized,p255_bls12_381_scalar,256,8,0x73eda753299d7d483339d80809a1d80553bda402fffe5bfeffffffff00000001,14,16384,12,2,6,2,10,whole-run,fixed,triton-sumcheck-prime-field-montgomery-element-layout-specialized-points,66.328,3.729,0.000,0.000000,0.000,3.729,ok,cuda-sumcheck-prime-field-montgomery-element-layout-specialized-points,2.05309,1.53939,0,0,0,1.53939,ok,true,37548486492218,37548486492218,2.422388,,experiments/h100/sweep/cases/zk_opencheck_bw256_r14.log
zk_opencheck,y1*k1 + y2*k2 + y3*k3 + y4*k4 + y5*k5 + y6*k6,prime-field-montgomery,element,specialized,p255_bls12_381_scalar,256,8,0x73eda753299d7d483339d80809a1d80553bda402fffe5bfeffffffff00000001,16,65536,12,2,6,2,10,whole-run,fixed,triton-sumcheck-prime-field-montgomery-element-layout-specialized-points,67.018,4.846,0.000,0.000000,0.000,4.846,ok,cuda-sumcheck-prime-field-montgomery-element-layout-specialized-points,2.45472,1.96858,0,0,0,1.96858,ok,true,46031421589816,46031421589816,2.461673,,experiments/h100/sweep/cases/zk_opencheck_bw256_r16.log
zk_opencheck,y1*k1 + y2*k2 + y3*k3 + y4*k4 + y5*k5 + y6*k6,prime-field-montgomery,element,specialized,p255_bls12_381_scalar,256,8,0x73eda753299d7d483339d80809a1d80553bda402fffe5bfeffffffff00000001,18,262144,12,2,6,2,10,whole-run,fixed,triton-sumcheck-prime-field-montgomery-element-layout-specialized-points,68.695,6.224,0.000,0.000000,0.000,6.224,ok,cuda-sumcheck-prime-field-montgomery-element-layout-specialized-points,3.76605,3.06742,0,0,0,3.06742,ok,true,47452072406856,47452072406856,2.029067,,experiments/h100/sweep/cases/zk_opencheck_bw256_r18.log
zk_opencheck,y1*k1 + y2*k2 + y3*k3 + y4*k4 + y5*k5 + y6*k6,prime-field-montgomery,element,specialized,p255_bls12_381_scalar,256,8,0x73eda753299d7d483339d80809a1d80553bda402fffe5bfeffffffff00000001,20,1048576,12,2,6,2,10,whole-run,fixed,triton-sumcheck-prime-field-montgomery-element-layout-specialized-points,71.919,9.264,0.000,0.000000,0.000,9.264,ok,cuda-sumcheck-prime-field-montgomery-element-layout-specialized-points,5.54534,5.05997,0,0,0,5.05997,ok,true,53045358594397,53045358594397,1.830841,,experiments/h100/sweep/cases/zk_opencheck_bw256_r20.log
zk_opencheck,y1*k1 + y2*k2 + y3*k3 + y4*k4 + y5*k5 + y6*k6,prime-field-montgomery,element,specialized,p255_bls12_381_scalar,256,8,0x73eda753299d7d483339d80809a1d80553bda402fffe5bfeffffffff00000001,22,4194304,12,2,6,2,10,whole-run,fixed,triton-sumcheck-prime-field-montgomery-element-layout-specialized-points,80.662,19.331,0.000,0.000000,0.000,19.331,ok,cuda-sumcheck-prime-field-montgomery-element-layout-specialized-points,13.0873,12.6156,0,0,0,12.6156,ok,true,59807961700097,59807961700097,1.532309,,experiments/h100/sweep/cases/zk_opencheck_bw256_r22.log
zk_opencheck,y1*k1 + y2*k2 + y3*k3 + y4*k4 + y5*k5 + y6*k6,prime-field-montgomery,element,specialized,p255_bls12_381_scalar,256,8,0x73eda753299d7d483339d80809a1d80553bda402fffe5bfeffffffff00000001,24,16777216,12,2,6,2,10,whole-run,fixed,triton-sumcheck-prime-field-montgomery-element-layout-specialized-points,116.199,56.291,0.000,0.000000,0.000,56.291,ok,cuda-sumcheck-prime-field-montgomery-element-layout-specialized-points,41.6809,41.7047,0,0,0,41.7047,ok,true,67243387918005,67243387918005,1.349752,,experiments/h100/sweep/cases/zk_opencheck_bw256_r24.log
zk_opencheck,y1*k1 + y2*k2 + y3*k3 + y4*k4 + y5*k5 + y6*k6,prime-field-montgomery,element,specialized,p255_bls12_381_scalar,256,8,0x73eda753299d7d483339d80809a1d80553bda402fffe5bfeffffffff00000001,26,67108864,12,2,6,2,10,whole-run,fixed,triton-sumcheck-prime-field-montgomery-element-layout-specialized-points,264.203,206.796,0.000,0.000000,0.000,206.796,ok,cuda-sumcheck-prime-field-montgomery-element-layout-specialized-points,159.144,164.631,0,0,0,164.631,ok,true,71597515821585,71597515821585,1.256118,,experiments/h100/sweep/cases/zk_opencheck_bw256_r26.log
zk_opencheck,y1*k1 + y2*k2 + y3*k3 + y4*k4 + y5*k5 + y6*k6,prime-field-montgomery,element,specialized,,256,,,28,268435456,12,2,6,2,10,whole-run,fixed,,,,,,,,skipped,,,,,,,,skipped,skipped,,,,returncode=1,experiments/h100/sweep/cases/zk_opencheck_bw256_r28.log
