workload,polynomial,arithmetic,layout,point_mode,field,bit_width,limbs,modulus_hex,rounds,N,vars,degree,terms,warmups,repeats,timing_mode,challenge_mode,triton_backend,triton_first_ms,triton_median_ms,triton_eval_median_ms,triton_challenge_median_ms,triton_fold_median_ms,triton_total_median_ms,triton_status,cuda_backend,cuda_first_ms,cuda_median_ms,cuda_eval_median_ms,cuda_challenge_median_ms,cuda_fold_median_ms,cuda_total_median_ms,cuda_status,checksum_match,triton_checksum,cuda_checksum,cuda_speedup_vs_triton,skip_reason,log_path
zk_verifiable_asics,qadd*a + qadd*b + qmul*a*b,prime-field-montgomery,element,specialized,p32_2^32_minus_5,32,1,0xfffffffb,14,16384,4,3,3,2,10,whole-run,fixed,triton-sumcheck-prime-field-montgomery-element-layout-specialized-points-treduce,161.023,4.635,0.000,0.000000,0.000,4.635,ok,cuda-sumcheck-prime-field-montgomery-element-layout-specialized-points,1.48138,1.24506,0,0,0,1.24506,ok,true,1599485407520,1599485407520,3.722712,,experiments/h100/sweep_treduce/cases/zk_verifiable_asics_bw32_r14.log
zk_verifiable_asics,qadd*a + qadd*b + qmul*a*b,prime-field-montgomery,element,specialized,p32_2^32_minus_5,32,1,0xfffffffb,16,65536,4,3,3,2,10,whole-run,fixed,triton-sumcheck-prime-field-montgomery-element-layout-specialized-points-treduce,63.071,6.816,0.000,0.000000,0.000,6.816,ok,cuda-sumcheck-prime-field-montgomery-element-layout-specialized-points,2.23853,1.98365,0,0,0,1.98365,ok,true,1624484952285,1624484952285,3.436090,,experiments/h100/sweep_treduce/cases/zk_verifiable_asics_bw32_r16.log
zk_verifiable_asics,qadd*a + qadd*b + qmul*a*b,prime-field-montgomery,element,specialized,p32_2^32_minus_5,32,1,0xfffffffb,18,262144,4,3,3,2,10,whole-run,fixed,triton-sumcheck-prime-field-montgomery-element-layout-specialized-points-treduce,59.865,8.001,0.000,0.000000,0.000,8.001,ok,cuda-sumcheck-prime-field-montgomery-element-layout-specialized-points,2.16275,1.92147,0,0,0,1.92147,ok,true,2146078888343,2146078888343,4.163999,,experiments/h100/sweep_treduce/cases/zk_verifiable_asics_bw32_r18.log
zk_verifiable_asics,qadd*a + qadd*b + qmul*a*b,prime-field-montgomery,element,specialized,p32_2^32_minus_5,32,1,0xfffffffb,20,1048576,4,3,3,2,10,whole-run,fixed,triton-sumcheck-prime-field-montgomery-element-layout-specialized-points-treduce,62.130,10.342,0.000,0.000000,0.000,10.342,ok,cuda-sumcheck-prime-field-montgomery-element-layout-specialized-points,2.54669,2.29293,0,0,0,2.29293,ok,true,2470931911396,2470931911396,4.510386,,experiments/h100/sweep_treduce/cases/zk_verifiable_asics_bw32_r20.log
zk_verifiable_asics,qadd*a + qadd*b + qmul*a*b,prime-field-montgomery,element,specialized,p32_2^32_minus_5,32,1,0xfffffffb,22,4194304,4,3,3,2,10,whole-run,fixed,triton-sumcheck-prime-field-montgomery-element-layout-specialized-points-treduce,64.052,12.526,0.000,0.000000,0.000,12.526,ok,cuda-sumcheck-prime-field-montgomery-element-layout-specialized-points,3.18835,2.94102,0,0,0,2.94102,ok,true,2157693522283,2157693522283,4.259067,,experiments/h100/sweep_treduce/cases/zk_verifiable_asics_bw32_r22.log
zk_verifiable_asics,qadd*a + qadd*b + qmul*a*b,prime-field-montgomery,element,specialized,p32_2^32_minus_5,32,1,0xfffffffb,24,16777216,4,3,3,2,10,whole-run,fixed,triton-sumcheck-prime-field-montgomery-element-layout-specialized-points-treduce,66.841,15.246,0.000,0.000000,0.000,15.246,ok,cuda-sumcheck-prime-field-montgomery-element-layout-specialized-points,4.76189,4.5801,0,0,0,4.5801,ok,true,2375914940126,2375914940126,3.328748,,experiments/h100/sweep_treduce/cases/zk_verifiable_asics_bw32_r24.log
zk_verifiable_asics,qadd*a + qadd*b + qmul*a*b,prime-field-montgomery,element,specialized,p32_2^32_minus_5,32,1,0xfffffffb,26,67108864,4,3,3,2,10,whole-run,fixed,triton-sumcheck-prime-field-montgomery-element-layout-specialized-points-treduce,71.171,20.466,0.000,0.000000,0.000,20.466,ok,cuda-sumcheck-prime-field-montgomery-element-layout-specialized-points,11.1542,10.6754,0,0,0,10.6754,ok,true,2831931003447,2831931003447,1.917118,,experiments/h100/sweep_treduce/cases/zk_verifiable_asics_bw32_r26.log
zk_verifiable_asics,qadd*a + qadd*b + qmul*a*b,prime-field-montgomery,element,specialized,p32_2^32_minus_5,32,1,0xfffffffb,28,268435456,4,3,3,2,10,whole-run,fixed,triton-sumcheck-prime-field-montgomery-element-layout-specialized-points-treduce,89.489,40.246,0.000,0.000000,0.000,40.246,ok,cuda-sumcheck-prime-field-montgomery-element-layout-specialized-points,29.0258,28.7535,0,0,0,28.7535,ok,true,3232649452617,3232649452617,1.399690,,experiments/h100/sweep_treduce/cases/zk_verifiable_asics_bw32_r28.log
zk_verifiable_asics,qadd*a + qadd*b + qmul*a*b,prime-field-montgomery,element,specialized,p64_goldilocks,64,2,0xffffffff00000001,14,16384,4,3,3,2,10,whole-run,fixed,triton-sumcheck-prime-field-montgomery-element-layout-specialized-points-treduce,280.686,4.776,0.000,0.000000,0.000,4.776,ok,cuda-sumcheck-prime-field-montgomery-element-layout-specialized-points,1.60835,1.36237,0,0,0,1.36237,ok,true,5168600605142,5168600605142,3.505656,,experiments/h100/sweep_treduce/cases/zk_verifiable_asics_bw64_r14.log
zk_verifiable_asics,qadd*a + qadd*b + qmul*a*b,prime-field-montgomery,element,specialized,p64_goldilocks,64,2,0xffffffff00000001,16,65536,4,3,3,2,10,whole-run,fixed,triton-sumcheck-prime-field-montgomery-element-layout-specialized-points-treduce,58.758,6.121,0.000,0.000000,0.000,6.121,ok,cuda-sumcheck-prime-field-montgomery-element-layout-specialized-points,2.63782,2.27453,0,0,0,2.27453,ok,true,5266499962100,5266499962100,2.691105,,experiments/h100/sweep_treduce/cases/zk_verifiable_asics_bw64_r16.log
zk_verifiable_asics,qadd*a + qadd*b + qmul*a*b,prime-field-montgomery,element,specialized,p64_goldilocks,64,2,0xffffffff00000001,18,262144,4,3,3,2,10,whole-run,fixed,triton-sumcheck-prime-field-montgomery-element-layout-specialized-points-treduce,61.851,8.053,0.000,0.000000,0.000,8.053,ok,cuda-sumcheck-prime-field-montgomery-element-layout-specialized-points,2.3839,2.06467,0,0,0,2.06467,ok,true,5362643442442,5362643442442,3.900381,,experiments/h100/sweep_treduce/cases/zk_verifiable_asics_bw64_r18.log
zk_verifiable_asics,qadd*a + qadd*b + qmul*a*b,prime-field-montgomery,element,specialized,p64_goldilocks,64,2,0xffffffff00000001,20,1048576,4,3,3,2,10,whole-run,fixed,triton-sumcheck-prime-field-montgomery-element-layout-specialized-points-treduce,68.632,11.362,0.000,0.000000,0.000,11.362,ok,cuda-sumcheck-prime-field-montgomery-element-layout-specialized-points,2.83501,2.54182,0,0,0,2.54182,ok,true,6966115824785,6966115824785,4.470025,,experiments/h100/sweep_treduce/cases/zk_verifiable_asics_bw64_r20.log
zk_verifiable_asics,qadd*a + qadd*b + qmul*a*b,prime-field-montgomery,element,specialized,p64_goldilocks,64,2,0xffffffff00000001,22,4194304,4,3,3,2,10,whole-run,fixed,triton-sumcheck-prime-field-montgomery-element-layout-specialized-points-treduce,71.920,14.140,0.000,0.000000,0.000,14.140,ok,cuda-sumcheck-prime-field-montgomery-element-layout-specialized-points,3.59354,3.42237,0,0,0,3.42237,ok,true,7467867648761,7467867648761,4.131640,,experiments/h100/sweep_treduce/cases/zk_verifiable_asics_bw64_r22.log
zk_verifiable_asics,qadd*a + qadd*b + qmul*a*b,prime-field-montgomery,element,specialized,p64_goldilocks,64,2,0xffffffff00000001,24,16777216,4,3,3,2,10,whole-run,fixed,triton-sumcheck-prime-field-montgomery-element-layout-specialized-points-treduce,67.748,15.998,0.000,0.000000,0.000,15.998,ok,cuda-sumcheck-prime-field-montgomery-element-layout-specialized-points,6.52259,6.27318,0,0,0,6.27318,ok,true,7771122337472,7771122337472,2.550222,,experiments/h100/sweep_treduce/cases/zk_verifiable_asics_bw64_r24.log
zk_verifiable_asics,qadd*a + qadd*b + qmul*a*b,prime-field-montgomery,element,specialized,p64_goldilocks,64,2,0xffffffff00000001,26,67108864,4,3,3,2,10,whole-run,fixed,triton-sumcheck-prime-field-montgomery-element-layout-specialized-points-treduce,77.218,26.245,0.000,0.000000,0.000,26.245,ok,cuda-sumcheck-prime-field-montgomery-element-layout-specialized-points,16.1981,15.9797,0,0,0,15.9797,ok,true,8978389378478,8978389378478,1.642396,,experiments/h100/sweep_treduce/cases/zk_verifiable_asics_bw64_r26.log
zk_verifiable_asics,qadd*a + qadd*b + qmul*a*b,prime-field-montgomery,element,specialized,p64_goldilocks,64,2,0xffffffff00000001,28,268435456,4,3,3,2,10,whole-run,fixed,triton-sumcheck-prime-field-montgomery-element-layout-specialized-points-treduce,115.599,67.324,0.000,0.000000,0.000,67.324,ok,cuda-sumcheck-prime-field-montgomery-element-layout-specialized-points,53.6184,53.79,0,0,0,53.79,ok,true,9431506424483,9431506424483,1.251608,,experiments/h100/sweep_treduce/cases/zk_verifiable_asics_bw64_r28.log
zk_verifiable_asics,qadd*a + qadd*b + qmul*a*b,prime-field-montgomery,element,specialized,p128_mersenne_2^127_minus_1,128,4,0x7fffffffffffffffffffffffffffffff,14,16384,4,3,3,2,10,whole-run,fixed,triton-sumcheck-prime-field-montgomery-element-layout-specialized-points-treduce,591.614,4.741,0.000,0.000000,0.000,4.741,ok,cuda-sumcheck-prime-field-montgomery-element-layout-specialized-points,1.71523,1.41853,0,0,0,1.41853,ok,true,8144309251624,8144309251624,3.342192,,experiments/h100/sweep_treduce/cases/zk_verifiable_asics_bw128_r14.log
zk_verifiable_asics,qadd*a + qadd*b + qmul*a*b,prime-field-montgomery,element,specialized,p128_mersenne_2^127_minus_1,128,4,0x7fffffffffffffffffffffffffffffff,16,65536,4,3,3,2,10,whole-run,fixed,triton-sumcheck-prime-field-montgomery-element-layout-specialized-points-treduce,60.937,6.068,0.000,0.000000,0.000,6.068,ok,cuda-sumcheck-prime-field-montgomery-element-layout-specialized-points,2.02506,1.71603,0,0,0,1.71603,ok,true,10784965232717,10784965232717,3.536069,,experiments/h100/sweep_treduce/cases/zk_verifiable_asics_bw128_r16.log
zk_verifiable_asics,qadd*a + qadd*b + qmul*a*b,prime-field-montgomery,element,specialized,p128_mersenne_2^127_minus_1,128,4,0x7fffffffffffffffffffffffffffffff,18,262144,4,3,3,2,10,whole-run,fixed,triton-sumcheck-prime-field-montgomery-element-layout-specialized-points-treduce,62.254,7.919,0.000,0.000000,0.000,7.919,ok,cuda-sumcheck-prime-field-montgomery-element-layout-specialized-points,2.4231,2.14349,0,0,0,2.14349,ok,true,12197865013282,12197865013282,3.694442,,experiments/h100/sweep_treduce/cases/zk_verifiable_asics_bw128_r18.log
zk_verifiable_asics,qadd*a + qadd*b + qmul*a*b,prime-field-montgomery,element,specialized,p128_mersenne_2^127_minus_1,128,4,0x7fffffffffffffffffffffffffffffff,20,1048576,4,3,3,2,10,whole-run,fixed,triton-sumcheck-prime-field-montgomery-element-layout-specialized-points-treduce,65.335,10.176,0.000,0.000000,0.000,10.176,ok,cuda-sumcheck-prime-field-montgomery-element-layout-specialized-points,3.10938,2.84973,0,0,0,2.84973,ok,true,14094248855128,14094248855128,3.570865,,experiments/h100/sweep_treduce/cases/zk_verifiable_asics_bw128_r20.log
zk_verifiable_asics,qadd*a + qadd*b + qmul*a*b,prime-field-montgomery,element,specialized,p128_mersenne_2^127_minus_1,128,4,0x7fffffffffffffffffffffffffffffff,22,4194304,4,3,3,2,10,whole-run,fixed,triton-sumcheck-prime-field-montgomery-element-layout-specialized-points-treduce,67.379,12.821,0.000,0.000000,0.000,12.821,ok,cuda-sumcheck-prime-field-montgomery-element-layout-specialized-points,4.7857,4.51555,0,0,0,4.51555,ok,true,16141337263311,16141337263311,2.839300,,experiments/h100/sweep_treduce/cases/zk_verifiable_asics_bw128_r22.log
zk_verifiable_asics,qadd*a + qadd*b + qmul*a*b,prime-field-montgomery,element,specialized,p128_mersenne_2^127_minus_1,128,4,0x7fffffffffffffffffffffffffffffff,24,16777216,4,3,3,2,10,whole-run,fixed,triton-sumcheck-prime-field-montgomery-element-layout-specialized-points-treduce,73.076,19.028,0.000,0.000000,0.000,19.028,ok,cuda-sumcheck-prime-field-montgomery-element-layout-specialized-points,9.9527,9.68554,0,0,0,9.68554,ok,true,20554208068290,20554208068290,1.964578,,experiments/h100/sweep_treduce/cases/zk_verifiable_asics_bw128_r24.log
zk_verifiable_asics,qadd*a + qadd*b + qmul*a*b,prime-field-montgomery,element,specialized,p128_mersenne_2^127_minus_1,128,4,0x7fffffffffffffffffffffffffffffff,26,67108864,4,3,3,2,10,whole-run,fixed,triton-sumcheck-prime-field-montgomery-element-layout-specialized-points-treduce,94.011,41.649,0.000,0.000000,0.000,41.649,ok,cuda-sumcheck-prime-field-montgomery-element-layout-specialized-points,28.8654,28.6588,0,0,0,28.6588,ok,true,22642076559258,22642076559258,1.453271,,experiments/h100/sweep_treduce/cases/zk_verifiable_asics_bw128_r26.log
zk_verifiable_asics,qadd*a + qadd*b + qmul*a*b,prime-field-montgomery,element,specialized,p128_mersenne_2^127_minus_1,128,4,0x7fffffffffffffffffffffffffffffff,28,268435456,4,3,3,2,10,whole-run,fixed,triton-sumcheck-prime-field-montgomery-element-layout-specialized-points-treduce,181.758,131.730,0.000,0.000000,0.000,131.730,ok,cuda-sumcheck-prime-field-montgomery-element-layout-specialized-points,102.858,104.247,0,0,0,104.247,ok,true,23995087662702,23995087662702,1.263633,,experiments/h100/sweep_treduce/cases/zk_verifiable_asics_bw128_r28.log
zk_verifiable_asics,qadd*a + qadd*b + qmul*a*b,prime-field-montgomery,element,specialized,p255_bls12_381_scalar,256,8,0x73eda753299d7d483339d80809a1d80553bda402fffe5bfeffffffff00000001,14,16384,4,3,3,2,10,whole-run,fixed,triton-sumcheck-prime-field-montgomery-element-layout-specialized-points-treduce,2468.819,2.920,0.000,0.000000,0.000,2.920,ok,cuda-sumcheck-prime-field-montgomery-element-layout-specialized-points,2.21309,1.67635,0,0,0,1.67635,ok,true,47415430552295,47415430552295,1.741880,,experiments/h100/sweep_treduce/cases/zk_verifiable_asics_bw256_r14.log
zk_verifiable_asics,qadd*a + qadd*b + qmul*a*b,prime-field-montgomery,element,specialized,p255_bls12_381_scalar,256,8,0x73eda753299d7d483339d80809a1d80553bda402fffe5bfeffffffff00000001,16,65536,4,3,3,2,10,whole-run,fixed,triton-sumcheck-prime-field-montgomery-element-layout-specialized-points-treduce,38.028,3.696,0.000,0.000000,0.000,3.696,ok,cuda-sumcheck-prime-field-montgomery-element-layout-specialized-points,2.66931,2.12301,0,0,0,2.12301,ok,true,59790763300346,59790763300346,1.740924,,experiments/h100/sweep_treduce/cases/zk_verifiable_asics_bw256_r16.log
zk_verifiable_asics,qadd*a + qadd*b + qmul*a*b,prime-field-montgomery,element,specialized,p255_bls12_381_scalar,256,8,0x73eda753299d7d483339d80809a1d80553bda402fffe5bfeffffffff00000001,18,262144,4,3,3,2,10,whole-run,fixed,triton-sumcheck-prime-field-montgomery-element-layout-specialized-points-treduce,40.803,5.382,0.000,0.000000,0.000,5.382,ok,cuda-sumcheck-prime-field-montgomery-element-layout-specialized-points,3.33613,2.81606,0,0,0,2.81606,ok,true,64454544819704,64454544819704,1.911181,,experiments/h100/sweep_treduce/cases/zk_verifiable_asics_bw256_r18.log
zk_verifiable_asics,qadd*a + qadd*b + qmul*a*b,prime-field-montgomery,element,specialized,p255_bls12_381_scalar,256,8,0x73eda753299d7d483339d80809a1d80553bda402fffe5bfeffffffff00000001,20,1048576,4,3,3,2,10,whole-run,fixed,triton-sumcheck-prime-field-montgomery-element-layout-specialized-points-treduce,41.632,6.400,0.000,0.000000,0.000,6.400,ok,cuda-sumcheck-prime-field-montgomery-element-layout-specialized-points,4.76547,4.2953,0,0,0,4.2953,ok,true,70416093270679,70416093270679,1.490001,,experiments/h100/sweep_treduce/cases/zk_verifiable_asics_bw256_r20.log
zk_verifiable_asics,qadd*a + qadd*b + qmul*a*b,prime-field-montgomery,element,specialized,p255_bls12_381_scalar,256,8,0x73eda753299d7d483339d80809a1d80553bda402fffe5bfeffffffff00000001,22,4194304,4,3,3,2,10,whole-run,fixed,triton-sumcheck-prime-field-montgomery-element-layout-specialized-points-treduce,45.586,11.181,0.000,0.000000,0.000,11.181,ok,cuda-sumcheck-prime-field-montgomery-element-layout-specialized-points,9.2984,8.79472,0,0,0,8.79472,ok,true,79426890959858,79426890959858,1.271331,,experiments/h100/sweep_treduce/cases/zk_verifiable_asics_bw256_r22.log
zk_verifiable_asics,qadd*a + qadd*b + qmul*a*b,prime-field-montgomery,element,specialized,p255_bls12_381_scalar,256,8,0x73eda753299d7d483339d80809a1d80553bda402fffe5bfeffffffff00000001,24,16777216,4,3,3,2,10,whole-run,fixed,triton-sumcheck-prime-field-montgomery-element-layout-specialized-points-treduce,92.448,32.064,0.000,0.000000,0.000,32.064,ok,cuda-sumcheck-prime-field-montgomery-element-layout-specialized-points,25.6228,24.9709,0,0,0,24.9709,ok,true,84370170378416,84370170378416,1.284055,,experiments/h100/sweep_treduce/cases/zk_verifiable_asics_bw256_r24.log
zk_verifiable_asics,qadd*a + qadd*b + qmul*a*b,prime-field-montgomery,element,specialized,p255_bls12_381_scalar,256,8,0x73eda753299d7d483339d80809a1d80553bda402fffe5bfeffffffff00000001,26,67108864,4,3,3,2,10,whole-run,fixed,triton-sumcheck-prime-field-montgomery-element-layout-specialized-points-treduce,155.875,100.548,0.000,0.000000,0.000,100.548,ok,cuda-sumcheck-prime-field-montgomery-element-layout-specialized-points,86.6088,88.3411,0,0,0,88.3411,ok,true,94693997208616,94693997208616,1.138179,,experiments/h100/sweep_treduce/cases/zk_verifiable_asics_bw256_r26.log
zk_verifiable_asics,qadd*a + qadd*b + qmul*a*b,prime-field-montgomery,element,specialized,,256,,,28,268435456,4,3,3,2,10,whole-run,fixed,,,,,,,,skipped,,,,,,,,skipped,skipped,,,,returncode=1,experiments/h100/sweep_treduce/cases/zk_verifiable_asics_bw256_r28.log
zk_spartan_1,A*B*fz - C*fz,prime-field-montgomery,element,specialized,p32_2^32_minus_5,32,1,0xfffffffb,14,16384,4,3,2,2,10,whole-run,fixed,triton-sumcheck-prime-field-montgomery-element-layout-specialized-points-treduce,30.280,2.596,0.000,0.000000,0.000,2.596,ok,cuda-sumcheck-prime-field-montgomery-element-layout-specialized-points,1.4929,1.27069,0,0,0,1.27069,ok,true,1477766398095,1477766398095,2.042985,,experiments/h100/sweep_treduce/cases/zk_spartan_1_bw32_r14.log
zk_spartan_1,A*B*fz - C*fz,prime-field-montgomery,element,specialized,p32_2^32_minus_5,32,1,0xfffffffb,16,65536,4,3,2,2,10,whole-run,fixed,triton-sumcheck-prime-field-montgomery-element-layout-specialized-points-treduce,31.010,3.480,0.000,0.000000,0.000,3.480,ok,cuda-sumcheck-prime-field-montgomery-element-layout-specialized-points,1.71821,1.60595,0,0,0,1.60595,ok,true,1905336595565,1905336595565,2.166942,,experiments/h100/sweep_treduce/cases/zk_spartan_1_bw32_r16.log
zk_spartan_1,A*B*fz - C*fz,prime-field-montgomery,element,specialized,p32_2^32_minus_5,32,1,0xfffffffb,18,262144,4,3,2,2,10,whole-run,fixed,triton-sumcheck-prime-field-montgomery-element-layout-specialized-points-treduce,32.318,4.638,0.000,0.000000,0.000,4.638,ok,cuda-sumcheck-prime-field-montgomery-element-layout-specialized-points,2.28099,2.02435,0,0,0,2.02435,ok,true,1957882379778,1957882379778,2.291106,,experiments/h100/sweep_treduce/cases/zk_spartan_1_bw32_r18.log
zk_spartan_1,A*B*fz - C*fz,prime-field-montgomery,element,specialized,p32_2^32_minus_5,32,1,0xfffffffb,20,1048576,4,3,2,2,10,whole-run,fixed,triton-sumcheck-prime-field-montgomery-element-layout-specialized-points-treduce,38.888,5.683,0.000,0.000000,0.000,5.683,ok,cuda-sumcheck-prime-field-montgomery-element-layout-specialized-points,2.6457,2.33126,0,0,0,2.33126,ok,true,2007652687482,2007652687482,2.437738,,experiments/h100/sweep_treduce/cases/zk_spartan_1_bw32_r20.log
zk_spartan_1,A*B*fz - C*fz,prime-field-montgomery,element,specialized,p32_2^32_minus_5,32,1,0xfffffffb,22,4194304,4,3,2,2,10,whole-run,fixed,triton-sumcheck-prime-field-montgomery-element-layout-specialized-points-treduce,63.729,12.530,0.000,0.000000,0.000,12.530,ok,cuda-sumcheck-prime-field-montgomery-element-layout-specialized-points,3.408,3.14557,0,0,0,3.14557,ok,true,2714238789457,2714238789457,3.983380,,experiments/h100/sweep_treduce/cases/zk_spartan_1_bw32_r22.log
zk_spartan_1,A*B*fz - C*fz,prime-field-montgomery,element,specialized,p32_2^32_minus_5,32,1,0xfffffffb,24,16777216,4,3,2,2,10,whole-run,fixed,triton-sumcheck-prime-field-montgomery-element-layout-specialized-points-treduce,66.779,15.232,0.000,0.000000,0.000,15.232,ok,cuda-sumcheck-prime-field-montgomery-element-layout-specialized-points,4.79261,4.58346,0,0,0,4.58346,ok,true,2665082991298,2665082991298,3.323254,,experiments/h100/sweep_treduce/cases/zk_spartan_1_bw32_r24.log
zk_spartan_1,A*B*fz - C*fz,prime-field-montgomery,element,specialized,p32_2^32_minus_5,32,1,0xfffffffb,26,67108864,4,3,2,2,10,whole-run,fixed,triton-sumcheck-prime-field-montgomery-element-layout-specialized-points-treduce,71.145,20.544,0.000,0.000000,0.000,20.544,ok,cuda-sumcheck-prime-field-montgomery-element-layout-specialized-points,9.85466,9.65027,0,0,0,9.65027,ok,true,3074634201561,3074634201561,2.128852,,experiments/h100/sweep_treduce/cases/zk_spartan_1_bw32_r26.log
zk_spartan_1,A*B*fz - C*fz,prime-field-montgomery,element,specialized,p32_2^32_minus_5,32,1,0xfffffffb,28,268435456,4,3,2,2,10,whole-run,fixed,triton-sumcheck-prime-field-montgomery-element-layout-specialized-points-treduce,93.379,41.613,0.000,0.000000,0.000,41.613,ok,cuda-sumcheck-prime-field-montgomery-element-layout-specialized-points,29.0228,28.7459,0,0,0,28.7459,ok,true,3092314978714,3092314978714,1.447615,,experiments/h100/sweep_treduce/cases/zk_spartan_1_bw32_r28.log
zk_spartan_1,A*B*fz - C*fz,prime-field-montgomery,element,specialized,p64_goldilocks,64,2,0xffffffff00000001,14,16384,4,3,2,2,10,whole-run,fixed,triton-sumcheck-prime-field-montgomery-element-layout-specialized-points-treduce,56.561,4.700,0.000,0.000000,0.000,4.700,ok,cuda-sumcheck-prime-field-montgomery-element-layout-specialized-points,1.57216,1.35286,0,0,0,1.35286,ok,true,4717296978706,4717296978706,3.474121,,experiments/h100/sweep_treduce/cases/zk_spartan_1_bw64_r14.log
zk_spartan_1,A*B*fz - C*fz,prime-field-montgomery,element,specialized,p64_goldilocks,64,2,0xffffffff00000001,16,65536,4,3,2,2,10,whole-run,fixed,triton-sumcheck-prime-field-montgomery-element-layout-specialized-points-treduce,58.265,6.132,0.000,0.000000,0.000,6.132,ok,cuda-sumcheck-prime-field-montgomery-element-layout-specialized-points,1.97664,1.73539,0,0,0,1.73539,ok,true,5337415839002,5337415839002,3.533500,,experiments/h100/sweep_treduce/cases/zk_spartan_1_bw64_r16.log
zk_spartan_1,A*B*fz - C*fz,prime-field-montgomery,element,specialized,p64_goldilocks,64,2,0xffffffff00000001,18,262144,4,3,2,2,10,whole-run,fixed,triton-sumcheck-prime-field-montgomery-element-layout-specialized-points-treduce,60.311,8.071,0.000,0.000000,0.000,8.071,ok,cuda-sumcheck-prime-field-montgomery-element-layout-specialized-points,2.27821,2.0328,0,0,0,2.0328,ok,true,5289239999069,5289239999069,3.970386,,experiments/h100/sweep_treduce/cases/zk_spartan_1_bw64_r18.log
zk_spartan_1,A*B*fz - C*fz,prime-field-montgomery,element,specialized,p64_goldilocks,64,2,0xffffffff00000001,20,1048576,4,3,2,2,10,whole-run,fixed,triton-sumcheck-prime-field-montgomery-element-layout-specialized-points-treduce,61.656,10.101,0.000,0.000000,0.000,10.101,ok,cuda-sumcheck-prime-field-montgomery-element-layout-specialized-points,2.72154,2.46592,0,0,0,2.46592,ok,true,6499552916311,6499552916311,4.096240,,experiments/h100/sweep_treduce/cases/zk_spartan_1_bw64_r20.log
zk_spartan_1,A*B*fz - C*fz,prime-field-montgomery,element,specialized,p64_goldilocks,64,2,0xffffffff00000001,22,4194304,4,3,2,2,10,whole-run,fixed,triton-sumcheck-prime-field-montgomery-element-layout-specialized-points-treduce,64.444,12.440,0.000,0.000000,0.000,12.440,ok,cuda-sumcheck-prime-field-montgomery-element-layout-specialized-points,3.67555,3.44858,0,0,0,3.44858,ok,true,7272512769002,7272512769002,3.607282,,experiments/h100/sweep_treduce/cases/zk_spartan_1_bw64_r22.log
zk_spartan_1,A*B*fz - C*fz,prime-field-montgomery,element,specialized,p64_goldilocks,64,2,0xffffffff00000001,24,16777216,4,3,2,2,10,whole-run,fixed,triton-sumcheck-prime-field-montgomery-element-layout-specialized-points-treduce,68.302,16.111,0.000,0.000000,0.000,16.111,ok,cuda-sumcheck-prime-field-montgomery-element-layout-specialized-points,6.21024,6.07946,0,0,0,6.07946,ok,true,8272498815204,8272498815204,2.650071,,experiments/h100/sweep_treduce/cases/zk_spartan_1_bw64_r24.log
zk_spartan_1,A*B*fz - C*fz,prime-field-montgomery,element,specialized,p64_goldilocks,64,2,0xffffffff00000001,26,67108864,4,3,2,2,10,whole-run,fixed,triton-sumcheck-prime-field-montgomery-element-layout-specialized-points-treduce,76.594,25.915,0.000,0.000000,0.000,25.915,ok,cuda-sumcheck-prime-field-montgomery-element-layout-specialized-points,16.1303,15.9143,0,0,0,15.9143,ok,true,8542683234098,8542683234098,1.628410,,experiments/h100/sweep_treduce/cases/zk_spartan_1_bw64_r26.log
zk_spartan_1,A*B*fz - C*fz,prime-field-montgomery,element,specialized,p64_goldilocks,64,2,0xffffffff00000001,28,268435456,4,3,2,2,10,whole-run,fixed,triton-sumcheck-prime-field-montgomery-element-layout-specialized-points-treduce,112.980,64.947,0.000,0.000000,0.000,64.947,ok,cuda-sumcheck-prime-field-montgomery-element-layout-specialized-points,53.0533,52.926,0,0,0,52.926,ok,true,9425057453019,9425057453019,1.227128,,experiments/h100/sweep_treduce/cases/zk_spartan_1_bw64_r28.log
zk_spartan_1,A*B*fz - C*fz,prime-field-montgomery,element,specialized,p128_mersenne_2^127_minus_1,128,4,0x7fffffffffffffffffffffffffffffff,14,16384,4,3,2,2,10,whole-run,fixed,triton-sumcheck-prime-field-montgomery-element-layout-specialized-points-treduce,58.762,4.578,0.000,0.000000,0.000,4.578,ok,cuda-sumcheck-prime-field-montgomery-element-layout-specialized-points,1.64813,1.37923,0,0,0,1.37923,ok,true,7798679442879,7798679442879,3.319243,,experiments/h100/sweep_treduce/cases/zk_spartan_1_bw128_r14.log
zk_spartan_1,A*B*fz - C*fz,prime-field-montgomery,element,specialized,p128_mersenne_2^127_minus_1,128,4,0x7fffffffffffffffffffffffffffffff,16,65536,4,3,2,2,10,whole-run,fixed,triton-sumcheck-prime-field-montgomery-element-layout-specialized-points-treduce,59.966,6.133,0.000,0.000000,0.000,6.133,ok,cuda-sumcheck-prime-field-montgomery-element-layout-specialized-points,1.9607,1.70483,0,0,0,1.70483,ok,true,11135324990296,11135324990296,3.597426,,experiments/h100/sweep_treduce/cases/zk_spartan_1_bw128_r16.log
zk_spartan_1,A*B*fz - C*fz,prime-field-montgomery,element,specialized,p128_mersenne_2^127_minus_1,128,4,0x7fffffffffffffffffffffffffffffff,18,262144,4,3,2,2,10,whole-run,fixed,triton-sumcheck-prime-field-montgomery-element-layout-specialized-points-treduce,62.503,8.091,0.000,0.000000,0.000,8.091,ok,cuda-sumcheck-prime-field-montgomery-element-layout-specialized-points,2.40294,2.10666,0,0,0,2.10666,ok,true,12272703038115,12272703038115,3.840677,,experiments/h100/sweep_treduce/cases/zk_spartan_1_bw128_r18.log
zk_spartan_1,A*B*fz - C*fz,prime-field-montgomery,element,specialized,p128_mersenne_2^127_minus_1,128,4,0x7fffffffffffffffffffffffffffffff,20,1048576,4,3,2,2,10,whole-run,fixed,triton-sumcheck-prime-field-montgomery-element-layout-specialized-points-treduce,65.345,10.242,0.000,0.000000,0.000,10.242,ok,cuda-sumcheck-prime-field-montgomery-element-layout-specialized-points,3.03526,2.8119,0,0,0,2.8119,ok,true,13368168265751,13368168265751,3.642377,,experiments/h100/sweep_treduce/cases/zk_spartan_1_bw128_r20.log
zk_spartan_1,A*B*fz - C*fz,prime-field-montgomery,element,specialized,p128_mersenne_2^127_minus_1,128,4,0x7fffffffffffffffffffffffffffffff,22,4194304,4,3,2,2,10,whole-run,fixed,triton-sumcheck-prime-field-montgomery-element-layout-specialized-points-treduce,67.134,12.629,0.000,0.000000,0.000,12.629,ok,cuda-sumcheck-prime-field-montgomery-element-layout-specialized-points,4.62118,4.36554,0,0,0,4.36554,ok,true,15307976045193,15307976045193,2.892884,,experiments/h100/sweep_treduce/cases/zk_spartan_1_bw128_r22.log
zk_spartan_1,A*B*fz - C*fz,prime-field-montgomery,element,specialized,p128_mersenne_2^127_minus_1,128,4,0x7fffffffffffffffffffffffffffffff,24,16777216,4,3,2,2,10,whole-run,fixed,triton-sumcheck-prime-field-montgomery-element-layout-specialized-points-treduce,71.846,18.391,0.000,0.000000,0.000,18.391,ok,cuda-sumcheck-prime-field-montgomery-element-layout-specialized-points,9.63824,9.40419,0,0,0,9.40419,ok,true,20046572502658,20046572502658,1.955618,,experiments/h100/sweep_treduce/cases/zk_spartan_1_bw128_r24.log
zk_spartan_1,A*B*fz - C*fz,prime-field-montgomery,element,specialized,p128_mersenne_2^127_minus_1,128,4,0x7fffffffffffffffffffffffffffffff,26,67108864,4,3,2,2,10,whole-run,fixed,triton-sumcheck-prime-field-montgomery-element-layout-specialized-points-treduce,90.441,39.433,0.000,0.000000,0.000,39.433,ok,cuda-sumcheck-prime-field-montgomery-element-layout-specialized-points,28.4183,28.1408,0,0,0,28.1408,ok,true,22409352254185,22409352254185,1.401275,,experiments/h100/sweep_treduce/cases/zk_spartan_1_bw128_r26.log
zk_spartan_1,A*B*fz - C*fz,prime-field-montgomery,element,specialized,p128_mersenne_2^127_minus_1,128,4,0x7fffffffffffffffffffffffffffffff,28,268435456,4,3,2,2,10,whole-run,fixed,triton-sumcheck-prime-field-montgomery-element-layout-specialized-points-treduce,173.010,122.601,0.000,0.000000,0.000,122.601,ok,cuda-sumcheck-prime-field-montgomery-element-layout-specialized-points,101.952,101.743,0,0,0,101.743,ok,true,23951239905437,23951239905437,1.205007,,experiments/h100/sweep_treduce/cases/zk_spartan_1_bw128_r28.log
zk_spartan_1,A*B*fz - C*fz,prime-field-montgomery,element,specialized,p255_bls12_381_scalar,256,8,0x73eda753299d7d483339d80809a1d80553bda402fffe5bfeffffffff00000001,14,16384,4,3,2,2,10,whole-run,fixed,triton-sumcheck-prime-field-montgomery-element-layout-specialized-points-treduce,41.066,2.776,0.000,0.000000,0.000,2.776,ok,cuda-sumcheck-prime-field-montgomery-element-layout-specialized-points,2.05178,1.5775,0,0,0,1.5775,ok,true,47792807030865,47792807030865,1.759746,,experiments/h100/sweep_treduce/cases/zk_spartan_1_bw256_r14.log
zk_spartan_1,A*B*fz - C*fz,prime-field-montgomery,element,specialized,p255_bls12_381_scalar,256,8,0x73eda753299d7d483339d80809a1d80553bda402fffe5bfeffffffff00000001,16,65536,4,3,2,2,10,whole-run,fixed,triton-sumcheck-prime-field-montgomery-element-layout-specialized-points-treduce,38.871,3.599,0.000,0.000000,0.000,3.599,ok,cuda-sumcheck-prime-field-montgomery-element-layout-specialized-points,2.45277,2.0232,0,0,0,2.0232,ok,true,56369938536483,56369938536483,1.778865,,experiments/h100/sweep_treduce/cases/zk_spartan_1_bw256_r16.log
zk_spartan_1,A*B*fz - C*fz,prime-field-montgomery,element,specialized,p255_bls12_381_scalar,256,8,0x73eda753299d7d483339d80809a1d80553bda402fffe5bfeffffffff00000001,18,262144,4,3,2,2,10,whole-run,fixed,triton-sumcheck-prime-field-montgomery-element-layout-specialized-points-treduce,38.113,4.624,0.000,0.000000,0.000,4.624,ok,cuda-sumcheck-prime-field-montgomery-element-layout-specialized-points,3.09488,2.64634,0,0,0,2.64634,ok,true,66496136948956,66496136948956,1.747319,,experiments/h100/sweep_treduce/cases/zk_spartan_1_bw256_r18.log
zk_spartan_1,A*B*fz - C*fz,prime-field-montgomery,element,specialized,p255_bls12_381_scalar,256,8,0x73eda753299d7d483339d80809a1d80553bda402fffe5bfeffffffff00000001,20,1048576,4,3,2,2,10,whole-run,fixed,triton-sumcheck-prime-field-montgomery-element-layout-specialized-points-treduce,70.484,10.344,0.000,0.000000,0.000,10.344,ok,cuda-sumcheck-prime-field-montgomery-element-layout-specialized-points,4.37078,3.96371,0,0,0,3.96371,ok,true,74004653088340,74004653088340,2.609676,,experiments/h100/sweep_treduce/cases/zk_spartan_1_bw256_r20.log
zk_spartan_1,A*B*fz - C*fz,prime-field-montgomery,element,specialized,p255_bls12_381_scalar,256,8,0x73eda753299d7d483339d80809a1d80553bda402fffe5bfeffffffff00000001,22,4194304,4,3,2,2,10,whole-run,fixed,triton-sumcheck-prime-field-montgomery-element-layout-specialized-points-treduce,74.100,14.540,0.000,0.000000,0.000,14.540,ok,cuda-sumcheck-prime-field-montgomery-element-layout-specialized-points,8.11712,7.67226,0,0,0,7.67226,ok,true,78339251462199,78339251462199,1.895139,,experiments/h100/sweep_treduce/cases/zk_spartan_1_bw256_r22.log
zk_spartan_1,A*B*fz - C*fz,prime-field-montgomery,element,specialized,p255_bls12_381_scalar,256,8,0x73eda753299d7d483339d80809a1d80553bda402fffe5bfeffffffff00000001,24,16777216,4,3,2,2,10,whole-run,fixed,triton-sumcheck-prime-field-montgomery-element-layout-specialized-points-treduce,87.376,28.838,0.000,0.000000,0.000,28.838,ok,cuda-sumcheck-prime-field-montgomery-element-layout-specialized-points,21.0891,20.7271,0,0,0,20.7271,ok,true,87464484524547,87464484524547,1.391319,,experiments/h100/sweep_treduce/cases/zk_spartan_1_bw256_r24.log
zk_spartan_1,A*B*fz - C*fz,prime-field-montgomery,element,specialized,p255_bls12_381_scalar,256,8,0x73eda753299d7d483339d80809a1d80553bda402fffe5bfeffffffff00000001,26,67108864,4,3,2,2,10,whole-run,fixed,triton-sumcheck-prime-field-montgomery-element-layout-specialized-points-treduce,139.998,87.528,0.000,0.000000,0.000,87.528,ok,cuda-sumcheck-prime-field-montgomery-element-layout-specialized-points,71.7314,74.3938,0,0,0,74.3938,ok,true,90216883790761,90216883790761,1.176550,,experiments/h100/sweep_treduce/cases/zk_spartan_1_bw256_r26.log
zk_spartan_1,A*B*fz - C*fz,prime-field-montgomery,element,specialized,,256,,,28,268435456,4,3,2,2,10,whole-run,fixed,,,,,,,,skipped,,,,,,,,skipped,skipped,,,,returncode=1,experiments/h100/sweep_treduce/cases/zk_spartan_1_bw256_r28.log
zk_spartan_2,ABC*Z,prime-field-montgomery,element,specialized,p32_2^32_minus_5,32,1,0xfffffffb,14,16384,2,2,1,2,10,whole-run,fixed,triton-sumcheck-prime-field-montgomery-element-layout-specialized-points-treduce,205.532,3.521,0.000,0.000000,0.000,3.521,ok,cuda-sumcheck-prime-field-montgomery-element-layout-specialized-points,1.09366,0.930944,0,0,0,0.930944,ok,true,1111993635675,1111993635675,3.782182,,experiments/h100/sweep_treduce/cases/zk_spartan_2_bw32_r14.log
zk_spartan_2,ABC*Z,prime-field-montgomery,element,specialized,p32_2^32_minus_5,32,1,0xfffffffb,16,65536,2,2,1,2,10,whole-run,fixed,triton-sumcheck-prime-field-montgomery-element-layout-specialized-points-treduce,54.140,4.677,0.000,0.000000,0.000,4.677,ok,cuda-sumcheck-prime-field-montgomery-element-layout-specialized-points,1.35248,1.17715,0,0,0,1.17715,ok,true,1361729925127,1361729925127,3.973156,,experiments/h100/sweep_treduce/cases/zk_spartan_2_bw32_r16.log
zk_spartan_2,ABC*Z,prime-field-montgomery,element,specialized,p32_2^32_minus_5,32,1,0xfffffffb,18,262144,2,2,1,2,10,whole-run,fixed,triton-sumcheck-prime-field-montgomery-element-layout-specialized-points-treduce,55.708,5.984,0.000,0.000000,0.000,5.984,ok,cuda-sumcheck-prime-field-montgomery-element-layout-specialized-points,1.61037,1.38038,0,0,0,1.38038,ok,true,1490532018144,1490532018144,4.335038,,experiments/h100/sweep_treduce/cases/zk_spartan_2_bw32_r18.log
zk_spartan_2,ABC*Z,prime-field-montgomery,element,specialized,p32_2^32_minus_5,32,1,0xfffffffb,20,1048576,2,2,1,2,10,whole-run,fixed,triton-sumcheck-prime-field-montgomery-element-layout-specialized-points-treduce,57.166,7.716,0.000,0.000000,0.000,7.716,ok,cuda-sumcheck-prime-field-montgomery-element-layout-specialized-points,2.05648,1.79306,0,0,0,1.79306,ok,true,1740042488314,1740042488314,4.303258,,experiments/h100/sweep_treduce/cases/zk_spartan_2_bw32_r20.log
zk_spartan_2,ABC*Z,prime-field-montgomery,element,specialized,p32_2^32_minus_5,32,1,0xfffffffb,22,4194304,2,2,1,2,10,whole-run,fixed,triton-sumcheck-prime-field-montgomery-element-layout-specialized-points-treduce,59.835,9.461,0.000,0.000000,0.000,9.461,ok,cuda-sumcheck-prime-field-montgomery-element-layout-specialized-points,2.36275,2.1319,0,0,0,2.1319,ok,true,1669120794822,1669120794822,4.437825,,experiments/h100/sweep_treduce/cases/zk_spartan_2_bw32_r22.log
zk_spartan_2,ABC*Z,prime-field-montgomery,element,specialized,p32_2^32_minus_5,32,1,0xfffffffb,24,16777216,2,2,1,2,10,whole-run,fixed,triton-sumcheck-prime-field-montgomery-element-layout-specialized-points-treduce,65.896,11.307,0.000,0.000000,0.000,11.307,ok,cuda-sumcheck-prime-field-montgomery-element-layout-specialized-points,3.12653,2.89165,0,0,0,2.89165,ok,true,1869762121240,1869762121240,3.910224,,experiments/h100/sweep_treduce/cases/zk_spartan_2_bw32_r24.log
zk_spartan_2,ABC*Z,prime-field-montgomery,element,specialized,p32_2^32_minus_5,32,1,0xfffffffb,26,67108864,2,2,1,2,10,whole-run,fixed,triton-sumcheck-prime-field-montgomery-element-layout-specialized-points-treduce,63.501,14.208,0.000,0.000000,0.000,14.208,ok,cuda-sumcheck-prime-field-montgomery-element-layout-specialized-points,5.41904,5.23555,0,0,0,5.23555,ok,true,2405274213901,2405274213901,2.713755,,experiments/h100/sweep_treduce/cases/zk_spartan_2_bw32_r26.log
zk_spartan_2,ABC*Z,prime-field-montgomery,element,specialized,p32_2^32_minus_5,32,1,0xfffffffb,28,268435456,2,2,1,2,10,whole-run,fixed,triton-sumcheck-prime-field-montgomery-element-layout-specialized-points-treduce,70.935,22.571,0.000,0.000000,0.000,22.571,ok,cuda-sumcheck-prime-field-montgomery-element-layout-specialized-points,13.4837,13.273,0,0,0,13.273,ok,true,2217284708262,2217284708262,1.700520,,experiments/h100/sweep_treduce/cases/zk_spartan_2_bw32_r28.log
zk_spartan_2,ABC*Z,prime-field-montgomery,element,specialized,p64_goldilocks,64,2,0xffffffff00000001,14,16384,2,2,1,2,10,whole-run,fixed,triton-sumcheck-prime-field-montgomery-element-layout-specialized-points-treduce,281.136,3.519,0.000,0.000000,0.000,3.519,ok,cuda-sumcheck-prime-field-montgomery-element-layout-specialized-points,1.21808,1.01987,0,0,0,1.01987,ok,true,3154924965829,3154924965829,3.450440,,experiments/h100/sweep_treduce/cases/zk_spartan_2_bw64_r14.log
zk_spartan_2,ABC*Z,prime-field-montgomery,element,specialized,p64_goldilocks,64,2,0xffffffff00000001,16,65536,2,2,1,2,10,whole-run,fixed,triton-sumcheck-prime-field-montgomery-element-layout-specialized-points-treduce,54.548,4.720,0.000,0.000000,0.000,4.720,ok,cuda-sumcheck-prime-field-montgomery-element-layout-specialized-points,1.51539,1.31075,0,0,0,1.31075,ok,true,3821433327062,3821433327062,3.600992,,experiments/h100/sweep_treduce/cases/zk_spartan_2_bw64_r16.log
zk_spartan_2,ABC*Z,prime-field-montgomery,element,specialized,p64_goldilocks,64,2,0xffffffff00000001,18,262144,2,2,1,2,10,whole-run,fixed,triton-sumcheck-prime-field-montgomery-element-layout-specialized-points-treduce,55.765,5.987,0.000,0.000000,0.000,5.987,ok,cuda-sumcheck-prime-field-montgomery-element-layout-specialized-points,1.81555,1.59046,0,0,0,1.59046,ok,true,4804161355214,4804161355214,3.764320,,experiments/h100/sweep_treduce/cases/zk_spartan_2_bw64_r18.log
zk_spartan_2,ABC*Z,prime-field-montgomery,element,specialized,p64_goldilocks,64,2,0xffffffff00000001,20,1048576,2,2,1,2,10,whole-run,fixed,triton-sumcheck-prime-field-montgomery-element-layout-specialized-points-treduce,57.844,7.727,0.000,0.000000,0.000,7.727,ok,cuda-sumcheck-prime-field-montgomery-element-layout-specialized-points,2.06656,1.83968,0,0,0,1.83968,ok,true,5233438702336,5233438702336,4.200187,,experiments/h100/sweep_treduce/cases/zk_spartan_2_bw64_r20.log
zk_spartan_2,ABC*Z,prime-field-montgomery,element,specialized,p64_goldilocks,64,2,0xffffffff00000001,22,4194304,2,2,1,2,10,whole-run,fixed,triton-sumcheck-prime-field-montgomery-element-layout-specialized-points-treduce,59.000,9.492,0.000,0.000000,0.000,9.492,ok,cuda-sumcheck-prime-field-montgomery-element-layout-specialized-points,2.58166,2.38371,0,0,0,2.38371,ok,true,6504307318457,6504307318457,3.982028,,experiments/h100/sweep_treduce/cases/zk_spartan_2_bw64_r22.log
zk_spartan_2,ABC*Z,prime-field-montgomery,element,specialized,p64_goldilocks,64,2,0xffffffff00000001,24,16777216,2,2,1,2,10,whole-run,fixed,triton-sumcheck-prime-field-montgomery-element-layout-specialized-points-treduce,61.770,11.714,0.000,0.000000,0.000,11.714,ok,cuda-sumcheck-prime-field-montgomery-element-layout-specialized-points,3.84282,3.65264,0,0,0,3.65264,ok,true,6504999094607,6504999094607,3.206995,,experiments/h100/sweep_treduce/cases/zk_spartan_2_bw64_r24.log
zk_spartan_2,ABC*Z,prime-field-montgomery,element,specialized,p64_goldilocks,64,2,0xffffffff00000001,26,67108864,2,2,1,2,10,whole-run,fixed,triton-sumcheck-prime-field-montgomery-element-layout-specialized-points-treduce,65.294,16.080,0.000,0.000000,0.000,16.080,ok,cuda-sumcheck-prime-field-montgomery-element-layout-specialized-points,7.98522,7.77645,0,0,0,7.77645,ok,true,6597163029223,6597163029223,2.067782,,experiments/h100/sweep_treduce/cases/zk_spartan_2_bw64_r26.log
zk_spartan_2,ABC*Z,prime-field-montgomery,element,specialized,p64_goldilocks,64,2,0xffffffff00000001,28,268435456,2,2,1,2,10,whole-run,fixed,triton-sumcheck-prime-field-montgomery-element-layout-specialized-points-treduce,81.438,31.831,0.000,0.000000,0.000,31.831,ok,cuda-sumcheck-prime-field-montgomery-element-layout-specialized-points,23.5132,23.3574,0,0,0,23.3574,ok,true,7254201067425,7254201067425,1.362780,,experiments/h100/sweep_treduce/cases/zk_spartan_2_bw64_r28.log
zk_spartan_2,ABC*Z,prime-field-montgomery,element,specialized,p128_mersenne_2^127_minus_1,128,4,0x7fffffffffffffffffffffffffffffff,14,16384,2,2,1,2,10,whole-run,fixed,triton-sumcheck-prime-field-montgomery-element-layout-specialized-points-treduce,589.877,3.609,0.000,0.000000,0.000,3.609,ok,cuda-sumcheck-prime-field-montgomery-element-layout-specialized-points,1.20896,1.02,0,0,0,1.02,ok,true,3433157688766,3433157688766,3.538235,,experiments/h100/sweep_treduce/cases/zk_spartan_2_bw128_r14.log
zk_spartan_2,ABC*Z,prime-field-montgomery,element,specialized,p128_mersenne_2^127_minus_1,128,4,0x7fffffffffffffffffffffffffffffff,16,65536,2,2,1,2,10,whole-run,fixed,triton-sumcheck-prime-field-montgomery-element-layout-specialized-points-treduce,55.484,4.699,0.000,0.000000,0.000,4.699,ok,cuda-sumcheck-prime-field-montgomery-element-layout-specialized-points,1.46432,1.28285,0,0,0,1.28285,ok,true,4049074650790,4049074650790,3.662938,,experiments/h100/sweep_treduce/cases/zk_spartan_2_bw128_r16.log
zk_spartan_2,ABC*Z,prime-field-montgomery,element,specialized,p128_mersenne_2^127_minus_1,128,4,0x7fffffffffffffffffffffffffffffff,18,262144,2,2,1,2,10,whole-run,fixed,triton-sumcheck-prime-field-montgomery-element-layout-specialized-points-treduce,56.581,6.063,0.000,0.000000,0.000,6.063,ok,cuda-sumcheck-prime-field-montgomery-element-layout-specialized-points,1.74925,1.54336,0,0,0,1.54336,ok,true,4173046407829,4173046407829,3.928442,,experiments/h100/sweep_treduce/cases/zk_spartan_2_bw128_r18.log
zk_spartan_2,ABC*Z,prime-field-montgomery,element,specialized,p128_mersenne_2^127_minus_1,128,4,0x7fffffffffffffffffffffffffffffff,20,1048576,2,2,1,2,10,whole-run,fixed,triton-sumcheck-prime-field-montgomery-element-layout-specialized-points-treduce,58.461,7.755,0.000,0.000000,0.000,7.755,ok,cuda-sumcheck-prime-field-montgomery-element-layout-specialized-points,2.09437,1.94195,0,0,0,1.94195,ok,true,5005602144972,5005602144972,3.993409,,experiments/h100/sweep_treduce/cases/zk_spartan_2_bw128_r20.log
zk_spartan_2,ABC*Z,prime-field-montgomery,element,specialized,p128_mersenne_2^127_minus_1,128,4,0x7fffffffffffffffffffffffffffffff,22,4194304,2,2,1,2,10,whole-run,fixed,triton-sumcheck-prime-field-montgomery-element-layout-specialized-points-treduce,60.657,9.811,0.000,0.000000,0.000,9.811,ok,cuda-sumcheck-prime-field-montgomery-element-layout-specialized-points,2.83776,2.64323,0,0,0,2.64323,ok,true,6980247682538,6980247682538,3.711747,,experiments/h100/sweep_treduce/cases/zk_spartan_2_bw128_r22.log
zk_spartan_2,ABC*Z,prime-field-montgomery,element,specialized,p128_mersenne_2^127_minus_1,128,4,0x7fffffffffffffffffffffffffffffff,24,16777216,2,2,1,2,10,whole-run,fixed,triton-sumcheck-prime-field-montgomery-element-layout-specialized-points-treduce,61.922,12.140,0.000,0.000000,0.000,12.140,ok,cuda-sumcheck-prime-field-montgomery-element-layout-specialized-points,5.13363,4.94918,0,0,0,4.94918,ok,true,9679948174702,9679948174702,2.452932,,experiments/h100/sweep_treduce/cases/zk_spartan_2_bw128_r24.log
zk_spartan_2,ABC*Z,prime-field-montgomery,element,specialized,p128_mersenne_2^127_minus_1,128,4,0x7fffffffffffffffffffffffffffffff,26,67108864,2,2,1,2,10,whole-run,fixed,triton-sumcheck-prime-field-montgomery-element-layout-specialized-points-treduce,69.863,20.865,0.000,0.000000,0.000,20.865,ok,cuda-sumcheck-prime-field-montgomery-element-layout-specialized-points,13.0836,12.8724,0,0,0,12.8724,ok,true,11286961838802,11286961838802,1.620910,,experiments/h100/sweep_treduce/cases/zk_spartan_2_bw128_r26.log
zk_spartan_2,ABC*Z,prime-field-montgomery,element,specialized,p128_mersenne_2^127_minus_1,128,4,0x7fffffffffffffffffffffffffffffff,28,268435456,2,2,1,2,10,whole-run,fixed,triton-sumcheck-prime-field-montgomery-element-layout-specialized-points-treduce,101.410,54.052,0.000,0.000000,0.000,54.052,ok,cuda-sumcheck-prime-field-montgomery-element-layout-specialized-points,43.4962,43.2964,0,0,0,43.2964,ok,true,15071102667647,15071102667647,1.248418,,experiments/h100/sweep_treduce/cases/zk_spartan_2_bw128_r28.log
zk_spartan_2,ABC*Z,prime-field-montgomery,element,specialized,p255_bls12_381_scalar,256,8,0x73eda753299d7d483339d80809a1d80553bda402fffe5bfeffffffff00000001,14,16384,2,2,1,2,10,whole-run,fixed,triton-sumcheck-prime-field-montgomery-element-layout-specialized-points-treduce,2937.429,2.104,0.000,0.000000,0.000,2.104,ok,cuda-sumcheck-prime-field-montgomery-element-layout-specialized-points,1.36614,1.12541,0,0,0,1.12541,ok,true,35920410883539,35920410883539,1.869541,,experiments/h100/sweep_treduce/cases/zk_spartan_2_bw256_r14.log
zk_spartan_2,ABC*Z,prime-field-montgomery,element,specialized,p255_bls12_381_scalar,256,8,0x73eda753299d7d483339d80809a1d80553bda402fffe5bfeffffffff00000001,16,65536,2,2,1,2,10,whole-run,fixed,triton-sumcheck-prime-field-montgomery-element-layout-specialized-points-treduce,32.273,2.752,0.000,0.000000,0.000,2.752,ok,cuda-sumcheck-prime-field-montgomery-element-layout-specialized-points,1.58336,1.3696,0,0,0,1.3696,ok,true,44029419221463,44029419221463,2.009346,,experiments/h100/sweep_treduce/cases/zk_spartan_2_bw256_r16.log
zk_spartan_2,ABC*Z,prime-field-montgomery,element,specialized,p255_bls12_381_scalar,256,8,0x73eda753299d7d483339d80809a1d80553bda402fffe5bfeffffffff00000001,18,262144,2,2,1,2,10,whole-run,fixed,triton-sumcheck-prime-field-montgomery-element-layout-specialized-points-treduce,32.892,3.562,0.000,0.000000,0.000,3.562,ok,cuda-sumcheck-prime-field-montgomery-element-layout-specialized-points,1.99728,1.77773,0,0,0,1.77773,ok,true,46920386098300,46920386098300,2.003679,,experiments/h100/sweep_treduce/cases/zk_spartan_2_bw256_r18.log
zk_spartan_2,ABC*Z,prime-field-montgomery,element,specialized,p255_bls12_381_scalar,256,8,0x73eda753299d7d483339d80809a1d80553bda402fffe5bfeffffffff00000001,20,1048576,2,2,1,2,10,whole-run,fixed,triton-sumcheck-prime-field-montgomery-element-layout-specialized-points-treduce,33.767,4.599,0.000,0.000000,0.000,4.599,ok,cuda-sumcheck-prime-field-montgomery-element-layout-specialized-points,2.60954,2.40966,0,0,0,2.40966,ok,true,52403202760155,52403202760155,1.908568,,experiments/h100/sweep_treduce/cases/zk_spartan_2_bw256_r20.log
zk_spartan_2,ABC*Z,prime-field-montgomery,element,specialized,p255_bls12_381_scalar,256,8,0x73eda753299d7d483339d80809a1d80553bda402fffe5bfeffffffff00000001,22,4194304,2,2,1,2,10,whole-run,fixed,triton-sumcheck-prime-field-montgomery-element-layout-specialized-points-treduce,62.879,9.841,0.000,0.000000,0.000,9.841,ok,cuda-sumcheck-prime-field-montgomery-element-layout-specialized-points,4.07302,3.88803,0,0,0,3.88803,ok,true,60498654243950,60498654243950,2.531102,,experiments/h100/sweep_treduce/cases/zk_spartan_2_bw256_r22.log
zk_spartan_2,ABC*Z,prime-field-montgomery,element,specialized,p255_bls12_381_scalar,256,8,0x73eda753299d7d483339d80809a1d80553bda402fffe5bfeffffffff00000001,24,16777216,2,2,1,2,10,whole-run,fixed,triton-sumcheck-prime-field-montgomery-element-layout-specialized-points-treduce,67.607,15.285,0.000,0.000000,0.000,15.285,ok,cuda-sumcheck-prime-field-montgomery-element-layout-specialized-points,8.92029,8.7495,0,0,0,8.7495,ok,true,62247910145291,62247910145291,1.746957,,experiments/h100/sweep_treduce/cases/zk_spartan_2_bw256_r24.log
zk_spartan_2,ABC*Z,prime-field-montgomery,element,specialized,p255_bls12_381_scalar,256,8,0x73eda753299d7d483339d80809a1d80553bda402fffe5bfeffffffff00000001,26,67108864,2,2,1,2,10,whole-run,fixed,triton-sumcheck-prime-field-montgomery-element-layout-specialized-points-treduce,86.240,36.376,0.000,0.000000,0.000,36.376,ok,cuda-sumcheck-prime-field-montgomery-element-layout-specialized-points,27.2416,27.5115,0,0,0,27.5115,ok,true,68715809920550,68715809920550,1.322211,,experiments/h100/sweep_treduce/cases/zk_spartan_2_bw256_r26.log
zk_spartan_2,ABC*Z,prime-field-montgomery,element,specialized,p255_bls12_381_scalar,256,8,0x73eda753299d7d483339d80809a1d80553bda402fffe5bfeffffffff00000001,28,268435456,2,2,1,2,10,whole-run,fixed,triton-sumcheck-prime-field-montgomery-element-layout-specialized-points-treduce,169.428,127.403,0.000,0.000000,0.000,127.403,ok,cuda-sumcheck-prime-field-montgomery-element-layout-specialized-points,101.067,109.459,0,0,0,109.459,ok,true,74979165578551,74979165578551,1.163934,,experiments/h100/sweep_treduce/cases/zk_spartan_2_bw256_r28.log
zk_witness_non_id,q_non-id-point*y*y - q_non-id-point*x*x*x - 5*q_non-id-point,prime-field-montgomery,element,specialized,p32_2^32_minus_5,32,1,0xfffffffb,14,16384,3,4,3,2,10,whole-run,fixed,triton-sumcheck-prime-field-montgomery-element-layout-specialized-points-treduce,147.537,3.219,0.000,0.000000,0.000,3.219,ok,cuda-sumcheck-prime-field-montgomery-element-layout-specialized-points,1.78483,1.58144,0,0,0,1.58144,ok,true,1755004342988,1755004342988,2.035487,,experiments/h100/sweep_treduce/cases/zk_witness_non_id_bw32_r14.log
zk_witness_non_id,q_non-id-point*y*y - q_non-id-point*x*x*x - 5*q_non-id-point,prime-field-montgomery,element,specialized,p32_2^32_minus_5,32,1,0xfffffffb,16,65536,3,4,3,2,10,whole-run,fixed,triton-sumcheck-prime-field-montgomery-element-layout-specialized-points-treduce,33.073,4.257,0.000,0.000000,0.000,4.257,ok,cuda-sumcheck-prime-field-montgomery-element-layout-specialized-points,2.23043,2.01638,0,0,0,2.01638,ok,true,2442268854103,2442268854103,2.111209,,experiments/h100/sweep_treduce/cases/zk_witness_non_id_bw32_r16.log
zk_witness_non_id,q_non-id-point*y*y - q_non-id-point*x*x*x - 5*q_non-id-point,prime-field-montgomery,element,specialized,p32_2^32_minus_5,32,1,0xfffffffb,18,262144,3,4,3,2,10,whole-run,fixed,triton-sumcheck-prime-field-montgomery-element-layout-specialized-points-treduce,63.936,9.930,0.000,0.000000,0.000,9.930,ok,cuda-sumcheck-prime-field-montgomery-element-layout-specialized-points,2.68582,2.37562,0,0,0,2.37562,ok,true,2462027502636,2462027502636,4.179961,,experiments/h100/sweep_treduce/cases/zk_witness_non_id_bw32_r18.log
zk_witness_non_id,q_non-id-point*y*y - q_non-id-point*x*x*x - 5*q_non-id-point,prime-field-montgomery,element,specialized,p32_2^32_minus_5,32,1,0xfffffffb,20,1048576,3,4,3,2,10,whole-run,fixed,triton-sumcheck-prime-field-montgomery-element-layout-specialized-points-treduce,66.294,12.484,0.000,0.000000,0.000,12.484,ok,cuda-sumcheck-prime-field-montgomery-element-layout-specialized-points,3.24842,2.88074,0,0,0,2.88074,ok,true,2669918320433,2669918320433,4.333609,,experiments/h100/sweep_treduce/cases/zk_witness_non_id_bw32_r20.log
zk_witness_non_id,q_non-id-point*y*y - q_non-id-point*x*x*x - 5*q_non-id-point,prime-field-montgomery,element,specialized,p32_2^32_minus_5,32,1,0xfffffffb,22,4194304,3,4,3,2,10,whole-run,fixed,triton-sumcheck-prime-field-montgomery-element-layout-specialized-points-treduce,69.046,15.318,0.000,0.000000,0.000,15.318,ok,cuda-sumcheck-prime-field-montgomery-element-layout-specialized-points,3.81693,3.6248,0,0,0,3.6248,ok,true,3172342266730,3172342266730,4.225888,,experiments/h100/sweep_treduce/cases/zk_witness_non_id_bw32_r22.log
zk_witness_non_id,q_non-id-point*y*y - q_non-id-point*x*x*x - 5*q_non-id-point,prime-field-montgomery,element,specialized,p32_2^32_minus_5,32,1,0xfffffffb,24,16777216,3,4,3,2,10,whole-run,fixed,triton-sumcheck-prime-field-montgomery-element-layout-specialized-points-treduce,72.876,18.657,0.000,0.000000,0.000,18.657,ok,cuda-sumcheck-prime-field-montgomery-element-layout-specialized-points,5.51187,5.25546,0,0,0,5.25546,ok,true,3593444755342,3593444755342,3.550022,,experiments/h100/sweep_treduce/cases/zk_witness_non_id_bw32_r24.log
zk_witness_non_id,q_non-id-point*y*y - q_non-id-point*x*x*x - 5*q_non-id-point,prime-field-montgomery,element,specialized,p32_2^32_minus_5,32,1,0xfffffffb,26,67108864,3,4,3,2,10,whole-run,fixed,triton-sumcheck-prime-field-montgomery-element-layout-specialized-points-treduce,78.107,24.879,0.000,0.000000,0.000,24.879,ok,cuda-sumcheck-prime-field-montgomery-element-layout-specialized-points,10.426,10.1693,0,0,0,10.1693,ok,true,3745763859188,3745763859188,2.446481,,experiments/h100/sweep_treduce/cases/zk_witness_non_id_bw32_r26.log
zk_witness_non_id,q_non-id-point*y*y - q_non-id-point*x*x*x - 5*q_non-id-point,prime-field-montgomery,element,specialized,p32_2^32_minus_5,32,1,0xfffffffb,28,268435456,3,4,3,2,10,whole-run,fixed,triton-sumcheck-prime-field-montgomery-element-layout-specialized-points-treduce,97.253,45.419,0.000,0.000000,0.000,45.419,ok,cuda-sumcheck-prime-field-montgomery-element-layout-specialized-points,27.9113,28.0311,0,0,0,28.0311,ok,true,3726647597010,3726647597010,1.620307,,experiments/h100/sweep_treduce/cases/zk_witness_non_id_bw32_r28.log
zk_witness_non_id,q_non-id-point*y*y - q_non-id-point*x*x*x - 5*q_non-id-point,prime-field-montgomery,element,specialized,p64_goldilocks,64,2,0xffffffff00000001,14,16384,3,4,3,2,10,whole-run,fixed,triton-sumcheck-prime-field-montgomery-element-layout-specialized-points-treduce,291.059,5.994,0.000,0.000000,0.000,5.994,ok,cuda-sumcheck-prime-field-montgomery-element-layout-specialized-points,1.94189,1.66422,0,0,0,1.66422,ok,true,5981691282710,5981691282710,3.601687,,experiments/h100/sweep_treduce/cases/zk_witness_non_id_bw64_r14.log
zk_witness_non_id,q_non-id-point*y*y - q_non-id-point*x*x*x - 5*q_non-id-point,prime-field-montgomery,element,specialized,p64_goldilocks,64,2,0xffffffff00000001,16,65536,3,4,3,2,10,whole-run,fixed,triton-sumcheck-prime-field-montgomery-element-layout-specialized-points-treduce,61.925,7.489,0.000,0.000000,0.000,7.489,ok,cuda-sumcheck-prime-field-montgomery-element-layout-specialized-points,2.37018,2.10458,0,0,0,2.10458,ok,true,6699477192486,6699477192486,3.558430,,experiments/h100/sweep_treduce/cases/zk_witness_non_id_bw64_r16.log
zk_witness_non_id,q_non-id-point*y*y - q_non-id-point*x*x*x - 5*q_non-id-point,prime-field-montgomery,element,specialized,p64_goldilocks,64,2,0xffffffff00000001,18,262144,3,4,3,2,10,whole-run,fixed,triton-sumcheck-prime-field-montgomery-element-layout-specialized-points-treduce,85.526,9.652,0.000,0.000000,0.000,9.652,ok,cuda-sumcheck-prime-field-montgomery-element-layout-specialized-points,2.80499,2.47616,0,0,0,2.47616,ok,true,7653663462913,7653663462913,3.897971,,experiments/h100/sweep_treduce/cases/zk_witness_non_id_bw64_r18.log
zk_witness_non_id,q_non-id-point*y*y - q_non-id-point*x*x*x - 5*q_non-id-point,prime-field-montgomery,element,specialized,p64_goldilocks,64,2,0xffffffff00000001,20,1048576,3,4,3,2,10,whole-run,fixed,triton-sumcheck-prime-field-montgomery-element-layout-specialized-points-treduce,67.585,12.311,0.000,0.000000,0.000,12.311,ok,cuda-sumcheck-prime-field-montgomery-element-layout-specialized-points,3.4327,3.12358,0,0,0,3.12358,ok,true,8837614898671,8837614898671,3.941311,,experiments/h100/sweep_treduce/cases/zk_witness_non_id_bw64_r20.log
zk_witness_non_id,q_non-id-point*y*y - q_non-id-point*x*x*x - 5*q_non-id-point,prime-field-montgomery,element,specialized,p64_goldilocks,64,2,0xffffffff00000001,22,4194304,3,4,3,2,10,whole-run,fixed,triton-sumcheck-prime-field-montgomery-element-layout-specialized-points-treduce,70.808,15.603,0.000,0.000000,0.000,15.603,ok,cuda-sumcheck-prime-field-montgomery-element-layout-specialized-points,4.53549,4.26726,0,0,0,4.26726,ok,true,9230055891459,9230055891459,3.656445,,experiments/h100/sweep_treduce/cases/zk_witness_non_id_bw64_r22.log
zk_witness_non_id,q_non-id-point*y*y - q_non-id-point*x*x*x - 5*q_non-id-point,prime-field-montgomery,element,specialized,p64_goldilocks,64,2,0xffffffff00000001,24,16777216,3,4,3,2,10,whole-run,fixed,triton-sumcheck-prime-field-montgomery-element-layout-specialized-points-treduce,73.977,19.283,0.000,0.000000,0.000,19.283,ok,cuda-sumcheck-prime-field-montgomery-element-layout-specialized-points,7.43034,7.15795,0,0,0,7.15795,ok,true,10793160124422,10793160124422,2.693928,,experiments/h100/sweep_treduce/cases/zk_witness_non_id_bw64_r24.log
zk_witness_non_id,q_non-id-point*y*y - q_non-id-point*x*x*x - 5*q_non-id-point,prime-field-montgomery,element,specialized,p64_goldilocks,64,2,0xffffffff00000001,26,67108864,3,4,3,2,10,whole-run,fixed,triton-sumcheck-prime-field-montgomery-element-layout-specialized-points-treduce,84.986,31.212,0.000,0.000000,0.000,31.212,ok,cuda-sumcheck-prime-field-montgomery-element-layout-specialized-points,17.3749,17.0731,0,0,0,17.0731,ok,true,10470993542893,10470993542893,1.828139,,experiments/h100/sweep_treduce/cases/zk_witness_non_id_bw64_r26.log
zk_witness_non_id,q_non-id-point*y*y - q_non-id-point*x*x*x - 5*q_non-id-point,prime-field-montgomery,element,specialized,p64_goldilocks,64,2,0xffffffff00000001,28,268435456,3,4,3,2,10,whole-run,fixed,triton-sumcheck-prime-field-montgomery-element-layout-specialized-points-treduce,127.209,76.928,0.000,0.000000,0.000,76.928,ok,cuda-sumcheck-prime-field-montgomery-element-layout-specialized-points,55.1623,57.3855,0,0,0,57.3855,ok,true,12238175874626,12238175874626,1.340548,,experiments/h100/sweep_treduce/cases/zk_witness_non_id_bw64_r28.log
zk_witness_non_id,q_non-id-point*y*y - q_non-id-point*x*x*x - 5*q_non-id-point,prime-field-montgomery,element,specialized,p128_mersenne_2^127_minus_1,128,4,0x7fffffffffffffffffffffffffffffff,14,16384,3,4,3,2,10,whole-run,fixed,triton-sumcheck-prime-field-montgomery-element-layout-specialized-points-treduce,570.781,5.879,0.000,0.000000,0.000,5.879,ok,cuda-sumcheck-prime-field-montgomery-element-layout-specialized-points,2.19805,1.80806,0,0,0,1.80806,ok,true,15659785126310,15659785126310,3.251551,,experiments/h100/sweep_treduce/cases/zk_witness_non_id_bw128_r14.log
zk_witness_non_id,q_non-id-point*y*y - q_non-id-point*x*x*x - 5*q_non-id-point,prime-field-montgomery,element,specialized,p128_mersenne_2^127_minus_1,128,4,0x7fffffffffffffffffffffffffffffff,16,65536,3,4,3,2,10,whole-run,fixed,triton-sumcheck-prime-field-montgomery-element-layout-specialized-points-treduce,65.982,7.464,0.000,0.000000,0.000,7.464,ok,cuda-sumcheck-prime-field-montgomery-element-layout-specialized-points,2.54262,2.18813,0,0,0,2.18813,ok,true,18637895452501,18637895452501,3.411132,,experiments/h100/sweep_treduce/cases/zk_witness_non_id_bw128_r16.log
zk_witness_non_id,q_non-id-point*y*y - q_non-id-point*x*x*x - 5*q_non-id-point,prime-field-montgomery,element,specialized,p128_mersenne_2^127_minus_1,128,4,0x7fffffffffffffffffffffffffffffff,18,262144,3,4,3,2,10,whole-run,fixed,triton-sumcheck-prime-field-montgomery-element-layout-specialized-points-treduce,67.976,9.701,0.000,0.000000,0.000,9.701,ok,cuda-sumcheck-prime-field-montgomery-element-layout-specialized-points,3.15315,2.78589,0,0,0,2.78589,ok,true,18977310861938,18977310861938,3.482191,,experiments/h100/sweep_treduce/cases/zk_witness_non_id_bw128_r18.log
zk_witness_non_id,q_non-id-point*y*y - q_non-id-point*x*x*x - 5*q_non-id-point,prime-field-montgomery,element,specialized,p128_mersenne_2^127_minus_1,128,4,0x7fffffffffffffffffffffffffffffff,20,1048576,3,4,3,2,10,whole-run,fixed,triton-sumcheck-prime-field-montgomery-element-layout-specialized-points-treduce,70.576,12.277,0.000,0.000000,0.000,12.277,ok,cuda-sumcheck-prime-field-montgomery-element-layout-specialized-points,3.96432,3.66726,0,0,0,3.66726,ok,true,22584957196373,22584957196373,3.347731,,experiments/h100/sweep_treduce/cases/zk_witness_non_id_bw128_r20.log
zk_witness_non_id,q_non-id-point*y*y - q_non-id-point*x*x*x - 5*q_non-id-point,prime-field-montgomery,element,specialized,p128_mersenne_2^127_minus_1,128,4,0x7fffffffffffffffffffffffffffffff,22,4194304,3,4,3,2,10,whole-run,fixed,triton-sumcheck-prime-field-montgomery-element-layout-specialized-points-treduce,73.873,15.653,0.000,0.000000,0.000,15.653,ok,cuda-sumcheck-prime-field-montgomery-element-layout-specialized-points,5.87738,5.63821,0,0,0,5.63821,ok,true,24041776741697,24041776741697,2.776236,,experiments/h100/sweep_treduce/cases/zk_witness_non_id_bw128_r22.log
zk_witness_non_id,q_non-id-point*y*y - q_non-id-point*x*x*x - 5*q_non-id-point,prime-field-montgomery,element,specialized,p128_mersenne_2^127_minus_1,128,4,0x7fffffffffffffffffffffffffffffff,24,16777216,3,4,3,2,10,whole-run,fixed,triton-sumcheck-prime-field-montgomery-element-layout-specialized-points-treduce,79.768,23.352,0.000,0.000000,0.000,23.352,ok,cuda-sumcheck-prime-field-montgomery-element-layout-specialized-points,11.8393,11.5617,0,0,0,11.5617,ok,true,25462566673024,25462566673024,2.019772,,experiments/h100/sweep_treduce/cases/zk_witness_non_id_bw128_r24.log
zk_witness_non_id,q_non-id-point*y*y - q_non-id-point*x*x*x - 5*q_non-id-point,prime-field-montgomery,element,specialized,p128_mersenne_2^127_minus_1,128,4,0x7fffffffffffffffffffffffffffffff,26,67108864,3,4,3,2,10,whole-run,fixed,triton-sumcheck-prime-field-montgomery-element-layout-specialized-points-treduce,108.254,52.985,0.000,0.000000,0.000,52.985,ok,cuda-sumcheck-prime-field-montgomery-element-layout-specialized-points,33.342,32.9296,0,0,0,32.9296,ok,true,29454821838026,29454821838026,1.609039,,experiments/h100/sweep_treduce/cases/zk_witness_non_id_bw128_r26.log
zk_witness_non_id,q_non-id-point*y*y - q_non-id-point*x*x*x - 5*q_non-id-point,prime-field-montgomery,element,specialized,p128_mersenne_2^127_minus_1,128,4,0x7fffffffffffffffffffffffffffffff,28,268435456,3,4,3,2,10,whole-run,fixed,triton-sumcheck-prime-field-montgomery-element-layout-specialized-points-treduce,222.835,168.539,0.000,0.000000,0.000,168.539,ok,cuda-sumcheck-prime-field-montgomery-element-layout-specialized-points,117.792,120.481,0,0,0,120.481,ok,true,32287955919752,32287955919752,1.398884,,experiments/h100/sweep_treduce/cases/zk_witness_non_id_bw128_r28.log
zk_witness_non_id,q_non-id-point*y*y - q_non-id-point*x*x*x - 5*q_non-id-point,prime-field-montgomery,element,specialized,p255_bls12_381_scalar,256,8,0x73eda753299d7d483339d80809a1d80553bda402fffe5bfeffffffff00000001,14,16384,3,4,3,2,10,whole-run,fixed,triton-sumcheck-prime-field-montgomery-element-layout-specialized-points-treduce,2023.769,3.559,0.000,0.000000,0.000,3.559,ok,cuda-sumcheck-prime-field-montgomery-element-layout-specialized-points,3.19082,2.25392,0,0,0,2.25392,ok,true,62685755827500,62685755827500,1.579027,,experiments/h100/sweep_treduce/cases/zk_witness_non_id_bw256_r14.log
zk_witness_non_id,q_non-id-point*y*y - q_non-id-point*x*x*x - 5*q_non-id-point,prime-field-montgomery,element,specialized,p255_bls12_381_scalar,256,8,0x73eda753299d7d483339d80809a1d80553bda402fffe5bfeffffffff00000001,16,65536,3,4,3,2,10,whole-run,fixed,triton-sumcheck-prime-field-montgomery-element-layout-specialized-points-treduce,44.100,4.604,0.000,0.000000,0.000,4.604,ok,cuda-sumcheck-prime-field-montgomery-element-layout-specialized-points,3.69306,2.7576,0,0,0,2.7576,ok,true,72317547246789,72317547246789,1.669568,,experiments/h100/sweep_treduce/cases/zk_witness_non_id_bw256_r16.log
zk_witness_non_id,q_non-id-point*y*y - q_non-id-point*x*x*x - 5*q_non-id-point,prime-field-montgomery,element,specialized,p255_bls12_381_scalar,256,8,0x73eda753299d7d483339d80809a1d80553bda402fffe5bfeffffffff00000001,18,262144,3,4,3,2,10,whole-run,fixed,triton-sumcheck-prime-field-montgomery-element-layout-specialized-points-treduce,45.214,5.844,0.000,0.000000,0.000,5.844,ok,cuda-sumcheck-prime-field-montgomery-element-layout-specialized-points,4.51213,3.67594,0,0,0,3.67594,ok,true,72177475223958,72177475223958,1.589797,,experiments/h100/sweep_treduce/cases/zk_witness_non_id_bw256_r18.log
zk_witness_non_id,q_non-id-point*y*y - q_non-id-point*x*x*x - 5*q_non-id-point,prime-field-montgomery,element,specialized,p255_bls12_381_scalar,256,8,0x73eda753299d7d483339d80809a1d80553bda402fffe5bfeffffffff00000001,20,1048576,3,4,3,2,10,whole-run,fixed,triton-sumcheck-prime-field-montgomery-element-layout-specialized-points-treduce,79.870,12.541,0.000,0.000000,0.000,12.541,ok,cuda-sumcheck-prime-field-montgomery-element-layout-specialized-points,6.59322,5.68182,0,0,0,5.68182,ok,true,84612521577818,84612521577818,2.207215,,experiments/h100/sweep_treduce/cases/zk_witness_non_id_bw256_r20.log
zk_witness_non_id,q_non-id-point*y*y - q_non-id-point*x*x*x - 5*q_non-id-point,prime-field-montgomery,element,specialized,p255_bls12_381_scalar,256,8,0x73eda753299d7d483339d80809a1d80553bda402fffe5bfeffffffff00000001,22,4194304,3,4,3,2,10,whole-run,fixed,triton-sumcheck-prime-field-montgomery-element-layout-specialized-points-treduce,87.688,19.067,0.000,0.000000,0.000,19.067,ok,cuda-sumcheck-prime-field-montgomery-element-layout-specialized-points,12.2199,11.3859,0,0,0,11.3859,ok,true,95954458946112,95954458946112,1.674615,,experiments/h100/sweep_treduce/cases/zk_witness_non_id_bw256_r22.log
zk_witness_non_id,q_non-id-point*y*y - q_non-id-point*x*x*x - 5*q_non-id-point,prime-field-montgomery,element,specialized,p255_bls12_381_scalar,256,8,0x73eda753299d7d483339d80809a1d80553bda402fffe5bfeffffffff00000001,24,16777216,3,4,3,2,10,whole-run,fixed,triton-sumcheck-prime-field-montgomery-element-layout-specialized-points-treduce,106.920,41.587,0.000,0.000000,0.000,41.587,ok,cuda-sumcheck-prime-field-montgomery-element-layout-specialized-points,33.532,32.2273,0,0,0,32.2273,ok,true,104363571574743,104363571574743,1.290428,,experiments/h100/sweep_treduce/cases/zk_witness_non_id_bw256_r24.log
zk_witness_non_id,q_non-id-point*y*y - q_non-id-point*x*x*x - 5*q_non-id-point,prime-field-montgomery,element,specialized,p255_bls12_381_scalar,256,8,0x73eda753299d7d483339d80809a1d80553bda402fffe5bfeffffffff00000001,26,67108864,3,4,3,2,10,whole-run,fixed,triton-sumcheck-prime-field-montgomery-element-layout-specialized-points-treduce,194.421,130.335,0.000,0.000000,0.000,130.335,ok,cuda-sumcheck-prime-field-montgomery-element-layout-specialized-points,115.267,115.412,0,0,0,115.412,ok,true,111039871206407,111039871206407,1.129302,,experiments/h100/sweep_treduce/cases/zk_witness_non_id_bw256_r26.log
zk_witness_non_id,q_non-id-point*y*y - q_non-id-point*x*x*x - 5*q_non-id-point,prime-field-montgomery,element,specialized,p255_bls12_381_scalar,256,8,0x73eda753299d7d483339d80809a1d80553bda402fffe5bfeffffffff00000001,28,268435456,3,4,3,2,10,whole-run,fixed,triton-sumcheck-prime-field-montgomery-element-layout-specialized-points-treduce,516.932,488.787,0.000,0.000000,0.000,488.787,ok,cuda-sumcheck-prime-field-montgomery-element-layout-specialized-points,445.455,455.577,0,0,0,455.577,ok,true,127183176437733,127183176437733,1.072897,,experiments/h100/sweep_treduce/cases/zk_witness_non_id_bw256_r28.log
zk_witness_id_point_1,q_point*x*y*y - q_point*x*x*x*x - 5*q_point*x,prime-field-montgomery,element,specialized,p32_2^32_minus_5,32,1,0xfffffffb,14,16384,3,5,3,2,10,whole-run,fixed,triton-sumcheck-prime-field-montgomery-element-layout-specialized-points-treduce,61.599,6.597,0.000,0.000000,0.000,6.597,ok,cuda-sumcheck-prime-field-montgomery-element-layout-specialized-points,2.19069,1.94755,0,0,0,1.94755,ok,true,2331461279251,2331461279251,3.387333,,experiments/h100/sweep_treduce/cases/zk_witness_id_point_1_bw32_r14.log
zk_witness_id_point_1,q_point*x*y*y - q_point*x*x*x*x - 5*q_point*x,prime-field-montgomery,element,specialized,p32_2^32_minus_5,32,1,0xfffffffb,16,65536,3,5,3,2,10,whole-run,fixed,triton-sumcheck-prime-field-montgomery-element-layout-specialized-points-treduce,64.471,8.693,0.000,0.000000,0.000,8.693,ok,cuda-sumcheck-prime-field-montgomery-element-layout-specialized-points,2.77459,2.4536,0,0,0,2.4536,ok,true,2368611366173,2368611366173,3.542957,,experiments/h100/sweep_treduce/cases/zk_witness_id_point_1_bw32_r16.log
zk_witness_id_point_1,q_point*x*y*y - q_point*x*x*x*x - 5*q_point*x,prime-field-montgomery,element,specialized,p32_2^32_minus_5,32,1,0xfffffffb,18,262144,3,5,3,2,10,whole-run,fixed,triton-sumcheck-prime-field-montgomery-element-layout-specialized-points-treduce,66.759,11.714,0.000,0.000000,0.000,11.714,ok,cuda-sumcheck-prime-field-montgomery-element-layout-specialized-points,3.1743,2.86083,0,0,0,2.86083,ok,true,3152591402727,3152591402727,4.094616,,experiments/h100/sweep_treduce/cases/zk_witness_id_point_1_bw32_r18.log
zk_witness_id_point_1,q_point*x*y*y - q_point*x*x*x*x - 5*q_point*x,prime-field-montgomery,element,specialized,p32_2^32_minus_5,32,1,0xfffffffb,20,1048576,3,5,3,2,10,whole-run,fixed,triton-sumcheck-prime-field-montgomery-element-layout-specialized-points-treduce,70.141,14.664,0.000,0.000000,0.000,14.664,ok,cuda-sumcheck-prime-field-montgomery-element-layout-specialized-points,4.03555,3.57581,0,0,0,3.57581,ok,true,3091985749918,3091985749918,4.100889,,experiments/h100/sweep_treduce/cases/zk_witness_id_point_1_bw32_r20.log
zk_witness_id_point_1,q_point*x*y*y - q_point*x*x*x*x - 5*q_point*x,prime-field-montgomery,element,specialized,p32_2^32_minus_5,32,1,0xfffffffb,22,4194304,3,5,3,2,10,whole-run,fixed,triton-sumcheck-prime-field-montgomery-element-layout-specialized-points-treduce,74.601,18.592,0.000,0.000000,0.000,18.592,ok,cuda-sumcheck-prime-field-montgomery-element-layout-specialized-points,4.68128,4.34496,0,0,0,4.34496,ok,true,3442369752159,3442369752159,4.278981,,experiments/h100/sweep_treduce/cases/zk_witness_id_point_1_bw32_r22.log
zk_witness_id_point_1,q_point*x*y*y - q_point*x*x*x*x - 5*q_point*x,prime-field-montgomery,element,specialized,p32_2^32_minus_5,32,1,0xfffffffb,24,16777216,3,5,3,2,10,whole-run,fixed,triton-sumcheck-prime-field-montgomery-element-layout-specialized-points-treduce,78.288,22.300,0.000,0.000000,0.000,22.300,ok,cuda-sumcheck-prime-field-montgomery-element-layout-specialized-points,6.6416,6.33782,0,0,0,6.33782,ok,true,3720441350990,3720441350990,3.518560,,experiments/h100/sweep_treduce/cases/zk_witness_id_point_1_bw32_r24.log
zk_witness_id_point_1,q_point*x*y*y - q_point*x*x*x*x - 5*q_point*x,prime-field-montgomery,element,specialized,p32_2^32_minus_5,32,1,0xfffffffb,26,67108864,3,5,3,2,10,whole-run,fixed,triton-sumcheck-prime-field-montgomery-element-layout-specialized-points-treduce,83.614,29.432,0.000,0.000000,0.000,29.432,ok,cuda-sumcheck-prime-field-montgomery-element-layout-specialized-points,12.5546,12.3486,0,0,0,12.3486,ok,true,3914866168499,3914866168499,2.383428,,experiments/h100/sweep_treduce/cases/zk_witness_id_point_1_bw32_r26.log
zk_witness_id_point_1,q_point*x*y*y - q_point*x*x*x*x - 5*q_point*x,prime-field-montgomery,element,specialized,p32_2^32_minus_5,32,1,0xfffffffb,28,268435456,3,5,3,2,10,whole-run,fixed,triton-sumcheck-prime-field-montgomery-element-layout-specialized-points-treduce,72.934,44.579,0.000,0.000000,0.000,44.579,ok,cuda-sumcheck-prime-field-montgomery-element-layout-specialized-points,33.7112,34.1762,0,0,0,34.1762,ok,true,4443559531034,4443559531034,1.304387,,experiments/h100/sweep_treduce/cases/zk_witness_id_point_1_bw32_r28.log
zk_witness_id_point_1,q_point*x*y*y - q_point*x*x*x*x - 5*q_point*x,prime-field-montgomery,element,specialized,p64_goldilocks,64,2,0xffffffff00000001,14,16384,3,5,3,2,10,whole-run,fixed,triton-sumcheck-prime-field-montgomery-element-layout-specialized-points-treduce,35.983,3.981,0.000,0.000000,0.000,3.981,ok,cuda-sumcheck-prime-field-montgomery-element-layout-specialized-points,2.32413,2.02624,0,0,0,2.02624,ok,true,7161295169340,7161295169340,1.964723,,experiments/h100/sweep_treduce/cases/zk_witness_id_point_1_bw64_r14.log
zk_witness_id_point_1,q_point*x*y*y - q_point*x*x*x*x - 5*q_point*x,prime-field-montgomery,element,specialized,p64_goldilocks,64,2,0xffffffff00000001,16,65536,3,5,3,2,10,whole-run,fixed,triton-sumcheck-prime-field-montgomery-element-layout-specialized-points-treduce,65.966,8.757,0.000,0.000000,0.000,8.757,ok,cuda-sumcheck-prime-field-montgomery-element-layout-specialized-points,2.78134,2.45683,0,0,0,2.45683,ok,true,8527248594540,8527248594540,3.564349,,experiments/h100/sweep_treduce/cases/zk_witness_id_point_1_bw64_r16.log
zk_witness_id_point_1,q_point*x*y*y - q_point*x*x*x*x - 5*q_point*x,prime-field-montgomery,element,specialized,p64_goldilocks,64,2,0xffffffff00000001,18,262144,3,5,3,2,10,whole-run,fixed,triton-sumcheck-prime-field-montgomery-element-layout-specialized-points-treduce,69.054,11.833,0.000,0.000000,0.000,11.833,ok,cuda-sumcheck-prime-field-montgomery-element-layout-specialized-points,3.38998,3.04851,0,0,0,3.04851,ok,true,9123523377228,9123523377228,3.881568,,experiments/h100/sweep_treduce/cases/zk_witness_id_point_1_bw64_r18.log
zk_witness_id_point_1,q_point*x*y*y - q_point*x*x*x*x - 5*q_point*x,prime-field-montgomery,element,specialized,p64_goldilocks,64,2,0xffffffff00000001,20,1048576,3,5,3,2,10,whole-run,fixed,triton-sumcheck-prime-field-montgomery-element-layout-specialized-points-treduce,72.059,14.454,0.000,0.000000,0.000,14.454,ok,cuda-sumcheck-prime-field-montgomery-element-layout-specialized-points,4.01107,3.69856,0,0,0,3.69856,ok,true,9860885170318,9860885170318,3.908007,,experiments/h100/sweep_treduce/cases/zk_witness_id_point_1_bw64_r20.log
zk_witness_id_point_1,q_point*x*y*y - q_point*x*x*x*x - 5*q_point*x,prime-field-montgomery,element,specialized,p64_goldilocks,64,2,0xffffffff00000001,22,4194304,3,5,3,2,10,whole-run,fixed,triton-sumcheck-prime-field-montgomery-element-layout-specialized-points-treduce,76.194,18.677,0.000,0.000000,0.000,18.677,ok,cuda-sumcheck-prime-field-montgomery-element-layout-specialized-points,5.41478,5.1007,0,0,0,5.1007,ok,true,11166434880107,11166434880107,3.661654,,experiments/h100/sweep_treduce/cases/zk_witness_id_point_1_bw64_r22.log
zk_witness_id_point_1,q_point*x*y*y - q_point*x*x*x*x - 5*q_point*x,prime-field-montgomery,element,specialized,p64_goldilocks,64,2,0xffffffff00000001,24,16777216,3,5,3,2,10,whole-run,fixed,triton-sumcheck-prime-field-montgomery-element-layout-specialized-points-treduce,79.286,22.957,0.000,0.000000,0.000,22.957,ok,cuda-sumcheck-prime-field-montgomery-element-layout-specialized-points,9.14042,8.82512,0,0,0,8.82512,ok,true,11895734284772,11895734284772,2.601324,,experiments/h100/sweep_treduce/cases/zk_witness_id_point_1_bw64_r24.log
zk_witness_id_point_1,q_point*x*y*y - q_point*x*x*x*x - 5*q_point*x,prime-field-montgomery,element,specialized,p64_goldilocks,64,2,0xffffffff00000001,26,67108864,3,5,3,2,10,whole-run,fixed,triton-sumcheck-prime-field-montgomery-element-layout-specialized-points-treduce,94.507,38.789,0.000,0.000000,0.000,38.789,ok,cuda-sumcheck-prime-field-montgomery-element-layout-specialized-points,21.7099,21.5031,0,0,0,21.5031,ok,true,12463196017714,12463196017714,1.803879,,experiments/h100/sweep_treduce/cases/zk_witness_id_point_1_bw64_r26.log
zk_witness_id_point_1,q_point*x*y*y - q_point*x*x*x*x - 5*q_point*x,prime-field-montgomery,element,specialized,p64_goldilocks,64,2,0xffffffff00000001,28,268435456,3,5,3,2,10,whole-run,fixed,triton-sumcheck-prime-field-montgomery-element-layout-specialized-points-treduce,150.549,97.984,0.000,0.000000,0.000,97.984,ok,cuda-sumcheck-prime-field-montgomery-element-layout-specialized-points,71.2738,74.3373,0,0,0,74.3373,ok,true,14310738931021,14310738931021,1.318100,,experiments/h100/sweep_treduce/cases/zk_witness_id_point_1_bw64_r28.log
zk_witness_id_point_1,q_point*x*y*y - q_point*x*x*x*x - 5*q_point*x,prime-field-montgomery,element,specialized,p128_mersenne_2^127_minus_1,128,4,0x7fffffffffffffffffffffffffffffff,14,16384,3,5,3,2,10,whole-run,fixed,triton-sumcheck-prime-field-montgomery-element-layout-specialized-points-treduce,69.357,6.683,0.000,0.000000,0.000,6.683,ok,cuda-sumcheck-prime-field-montgomery-element-layout-specialized-points,2.68758,2.18534,0,0,0,2.18534,ok,true,17839246345141,17839246345141,3.058105,,experiments/h100/sweep_treduce/cases/zk_witness_id_point_1_bw128_r14.log
zk_witness_id_point_1,q_point*x*y*y - q_point*x*x*x*x - 5*q_point*x,prime-field-montgomery,element,specialized,p128_mersenne_2^127_minus_1,128,4,0x7fffffffffffffffffffffffffffffff,16,65536,3,5,3,2,10,whole-run,fixed,triton-sumcheck-prime-field-montgomery-element-layout-specialized-points-treduce,71.471,8.921,0.000,0.000000,0.000,8.921,ok,cuda-sumcheck-prime-field-montgomery-element-layout-specialized-points,3.19539,2.74362,0,0,0,2.74362,ok,true,20303122931416,20303122931416,3.251544,,experiments/h100/sweep_treduce/cases/zk_witness_id_point_1_bw128_r16.log
zk_witness_id_point_1,q_point*x*y*y - q_point*x*x*x*x - 5*q_point*x,prime-field-montgomery,element,specialized,p128_mersenne_2^127_minus_1,128,4,0x7fffffffffffffffffffffffffffffff,18,262144,3,5,3,2,10,whole-run,fixed,triton-sumcheck-prime-field-montgomery-element-layout-specialized-points-treduce,74.998,11.880,0.000,0.000000,0.000,11.880,ok,cuda-sumcheck-prime-field-montgomery-element-layout-specialized-points,3.83757,3.37203,0,0,0,3.37203,ok,true,24077474631041,24077474631041,3.523100,,experiments/h100/sweep_treduce/cases/zk_witness_id_point_1_bw128_r18.log
zk_witness_id_point_1,q_point*x*y*y - q_point*x*x*x*x - 5*q_point*x,prime-field-montgomery,element,specialized,p128_mersenne_2^127_minus_1,128,4,0x7fffffffffffffffffffffffffffffff,20,1048576,3,5,3,2,10,whole-run,fixed,triton-sumcheck-prime-field-montgomery-element-layout-specialized-points-treduce,78.506,14.877,0.000,0.000000,0.000,14.877,ok,cuda-sumcheck-prime-field-montgomery-element-layout-specialized-points,4.89024,4.44515,0,0,0,4.44515,ok,true,27727245744861,27727245744861,3.346794,,experiments/h100/sweep_treduce/cases/zk_witness_id_point_1_bw128_r20.log
zk_witness_id_point_1,q_point*x*y*y - q_point*x*x*x*x - 5*q_point*x,prime-field-montgomery,element,specialized,p128_mersenne_2^127_minus_1,128,4,0x7fffffffffffffffffffffffffffffff,22,4194304,3,5,3,2,10,whole-run,fixed,triton-sumcheck-prime-field-montgomery-element-layout-specialized-points-treduce,81.899,18.822,0.000,0.000000,0.000,18.822,ok,cuda-sumcheck-prime-field-montgomery-element-layout-specialized-points,7.2935,6.90874,0,0,0,6.90874,ok,true,29435074950450,29435074950450,2.724375,,experiments/h100/sweep_treduce/cases/zk_witness_id_point_1_bw128_r22.log
zk_witness_id_point_1,q_point*x*y*y - q_point*x*x*x*x - 5*q_point*x,prime-field-montgomery,element,specialized,p128_mersenne_2^127_minus_1,128,4,0x7fffffffffffffffffffffffffffffff,24,16777216,3,5,3,2,10,whole-run,fixed,triton-sumcheck-prime-field-montgomery-element-layout-specialized-points-treduce,90.668,29.299,0.000,0.000000,0.000,29.299,ok,cuda-sumcheck-prime-field-montgomery-element-layout-specialized-points,15.3171,14.9477,0,0,0,14.9477,ok,true,31367254987445,31367254987445,1.960101,,experiments/h100/sweep_treduce/cases/zk_witness_id_point_1_bw128_r24.log
zk_witness_id_point_1,q_point*x*y*y - q_point*x*x*x*x - 5*q_point*x,prime-field-montgomery,element,specialized,p128_mersenne_2^127_minus_1,128,4,0x7fffffffffffffffffffffffffffffff,26,67108864,3,5,3,2,10,whole-run,fixed,triton-sumcheck-prime-field-montgomery-element-layout-specialized-points-treduce,126.314,67.850,0.000,0.000000,0.000,67.850,ok,cuda-sumcheck-prime-field-montgomery-element-layout-specialized-points,44.2659,43.9105,0,0,0,43.9105,ok,true,35332055469672,35332055469672,1.545189,,experiments/h100/sweep_treduce/cases/zk_witness_id_point_1_bw128_r26.log
zk_witness_id_point_1,q_point*x*y*y - q_point*x*x*x*x - 5*q_point*x,prime-field-montgomery,element,specialized,p128_mersenne_2^127_minus_1,128,4,0x7fffffffffffffffffffffffffffffff,28,268435456,3,5,3,2,10,whole-run,fixed,triton-sumcheck-prime-field-montgomery-element-layout-specialized-points-treduce,277.900,216.493,0.000,0.000000,0.000,216.493,ok,cuda-sumcheck-prime-field-montgomery-element-layout-specialized-points,158.358,164.253,0,0,0,164.253,ok,true,36449267293634,36449267293634,1.318046,,experiments/h100/sweep_treduce/cases/zk_witness_id_point_1_bw128_r28.log
zk_witness_id_point_1,q_point*x*y*y - q_point*x*x*x*x - 5*q_point*x,prime-field-montgomery,element,specialized,p255_bls12_381_scalar,256,8,0x73eda753299d7d483339d80809a1d80553bda402fffe5bfeffffffff00000001,14,16384,3,5,3,2,10,whole-run,fixed,triton-sumcheck-prime-field-montgomery-element-layout-specialized-points-treduce,58.770,4.915,0.000,0.000000,0.000,4.915,ok,cuda-sumcheck-prime-field-montgomery-element-layout-specialized-points,4.07565,2.87853,0,0,0,2.87853,ok,true,76320948114541,76320948114541,1.707469,,experiments/h100/sweep_treduce/cases/zk_witness_id_point_1_bw256_r14.log
zk_witness_id_point_1,q_point*x*y*y - q_point*x*x*x*x - 5*q_point*x,prime-field-montgomery,element,specialized,p255_bls12_381_scalar,256,8,0x73eda753299d7d483339d80809a1d80553bda402fffe5bfeffffffff00000001,16,65536,3,5,3,2,10,whole-run,fixed,triton-sumcheck-prime-field-montgomery-element-layout-specialized-points-treduce,50.680,5.671,0.000,0.000000,0.000,5.671,ok,cuda-sumcheck-prime-field-montgomery-element-layout-specialized-points,4.67178,3.5063,0,0,0,3.5063,ok,true,84798169036776,84798169036776,1.617374,,experiments/h100/sweep_treduce/cases/zk_witness_id_point_1_bw256_r16.log
zk_witness_id_point_1,q_point*x*y*y - q_point*x*x*x*x - 5*q_point*x,prime-field-montgomery,element,specialized,p255_bls12_381_scalar,256,8,0x73eda753299d7d483339d80809a1d80553bda402fffe5bfeffffffff00000001,18,262144,3,5,3,2,10,whole-run,fixed,triton-sumcheck-prime-field-montgomery-element-layout-specialized-points-treduce,53.037,7.271,0.000,0.000000,0.000,7.271,ok,cuda-sumcheck-prime-field-montgomery-element-layout-specialized-points,5.86582,4.68362,0,0,0,4.68362,ok,true,95405386834303,95405386834303,1.552432,,experiments/h100/sweep_treduce/cases/zk_witness_id_point_1_bw256_r18.log
zk_witness_id_point_1,q_point*x*y*y - q_point*x*x*x*x - 5*q_point*x,prime-field-montgomery,element,specialized,p255_bls12_381_scalar,256,8,0x73eda753299d7d483339d80809a1d80553bda402fffe5bfeffffffff00000001,20,1048576,3,5,3,2,10,whole-run,fixed,triton-sumcheck-prime-field-montgomery-element-layout-specialized-points-treduce,92.114,15.207,0.000,0.000000,0.000,15.207,ok,cuda-sumcheck-prime-field-montgomery-element-layout-specialized-points,8.43488,7.33725,0,0,0,7.33725,ok,true,106131664884986,106131664884986,2.072575,,experiments/h100/sweep_treduce/cases/zk_witness_id_point_1_bw256_r20.log
zk_witness_id_point_1,q_point*x*y*y - q_point*x*x*x*x - 5*q_point*x,prime-field-montgomery,element,specialized,p255_bls12_381_scalar,256,8,0x73eda753299d7d483339d80809a1d80553bda402fffe5bfeffffffff00000001,22,4194304,3,5,3,2,10,whole-run,fixed,triton-sumcheck-prime-field-montgomery-element-layout-specialized-points-treduce,100.690,24.122,0.000,0.000000,0.000,24.122,ok,cuda-sumcheck-prime-field-montgomery-element-layout-specialized-points,16.961,15.7836,0,0,0,15.7836,ok,true,111606466909236,111606466909236,1.528295,,experiments/h100/sweep_treduce/cases/zk_witness_id_point_1_bw256_r22.log
zk_witness_id_point_1,q_point*x*y*y - q_point*x*x*x*x - 5*q_point*x,prime-field-montgomery,element,specialized,p255_bls12_381_scalar,256,8,0x73eda753299d7d483339d80809a1d80553bda402fffe5bfeffffffff00000001,24,16777216,3,5,3,2,10,whole-run,fixed,triton-sumcheck-prime-field-montgomery-element-layout-specialized-points-treduce,130.940,56.643,0.000,0.000000,0.000,56.643,ok,cuda-sumcheck-prime-field-montgomery-element-layout-specialized-points,47.5788,46.4828,0,0,0,46.4828,ok,true,125589484436936,125589484436936,1.218580,,experiments/h100/sweep_treduce/cases/zk_witness_id_point_1_bw256_r24.log
zk_witness_id_point_1,q_point*x*y*y - q_point*x*x*x*x - 5*q_point*x,prime-field-montgomery,element,specialized,p255_bls12_381_scalar,256,8,0x73eda753299d7d483339d80809a1d80553bda402fffe5bfeffffffff00000001,26,67108864,3,5,3,2,10,whole-run,fixed,triton-sumcheck-prime-field-montgomery-element-layout-specialized-points-treduce,255.066,180.798,0.000,0.000000,0.000,180.798,ok,cuda-sumcheck-prime-field-montgomery-element-layout-specialized-points,167.617,166.427,0,0,0,166.427,ok,true,135086588786487,135086588786487,1.086350,,experiments/h100/sweep_treduce/cases/zk_witness_id_point_1_bw256_r26.log
zk_witness_id_point_1,q_point*x*y*y - q_point*x*x*x*x - 5*q_point*x,prime-field-montgomery,element,specialized,p255_bls12_381_scalar,256,8,0x73eda753299d7d483339d80809a1d80553bda402fffe5bfeffffffff00000001,28,268435456,3,5,3,2,10,whole-run,fixed,triton-sumcheck-prime-field-montgomery-element-layout-specialized-points-treduce,721.088,681.843,0.000,0.000000,0.000,681.843,ok,cuda-sumcheck-prime-field-montgomery-element-layout-specialized-points,654.475,655.878,0,0,0,655.878,ok,true,150841935925343,150841935925343,1.039588,,experiments/h100/sweep_treduce/cases/zk_witness_id_point_1_bw256_r28.log
zk_witness_id_point_2,q_point*y*y*y - q_point*y*x*x*x - 5*q_point*y,prime-field-montgomery,element,specialized,p32_2^32_minus_5,32,1,0xfffffffb,14,16384,3,5,3,2,10,whole-run,fixed,triton-sumcheck-prime-field-montgomery-element-layout-specialized-points-treduce,62.014,6.680,0.000,0.000000,0.000,6.680,ok,cuda-sumcheck-prime-field-montgomery-element-layout-specialized-points,2.09546,1.95594,0,0,0,1.95594,ok,true,2470311863240,2470311863240,3.415238,,experiments/h100/sweep_treduce/cases/zk_witness_id_point_2_bw32_r14.log
zk_witness_id_point_2,q_point*y*y*y - q_point*y*x*x*x - 5*q_point*y,prime-field-montgomery,element,specialized,p32_2^32_minus_5,32,1,0xfffffffb,16,65536,3,5,3,2,10,whole-run,fixed,triton-sumcheck-prime-field-montgomery-element-layout-specialized-points-treduce,63.945,8.644,0.000,0.000000,0.000,8.644,ok,cuda-sumcheck-prime-field-montgomery-element-layout-specialized-points,2.6649,2.41075,0,0,0,2.41075,ok,true,2494264718075,2494264718075,3.585606,,experiments/h100/sweep_treduce/cases/zk_witness_id_point_2_bw32_r16.log
zk_witness_id_point_2,q_point*y*y*y - q_point*y*x*x*x - 5*q_point*y,prime-field-montgomery,element,specialized,p32_2^32_minus_5,32,1,0xfffffffb,18,262144,3,5,3,2,10,whole-run,fixed,triton-sumcheck-prime-field-montgomery-element-layout-specialized-points-treduce,67.252,11.832,0.000,0.000000,0.000,11.832,ok,cuda-sumcheck-prime-field-montgomery-element-layout-specialized-points,3.2169,2.91779,0,0,0,2.91779,ok,true,2910125123126,2910125123126,4.055124,,experiments/h100/sweep_treduce/cases/zk_witness_id_point_2_bw32_r18.log
zk_witness_id_point_2,q_point*y*y*y - q_point*y*x*x*x - 5*q_point*y,prime-field-montgomery,element,specialized,p32_2^32_minus_5,32,1,0xfffffffb,20,1048576,3,5,3,2,10,whole-run,fixed,triton-sumcheck-prime-field-montgomery-element-layout-specialized-points-treduce,70.264,14.704,0.000,0.000000,0.000,14.704,ok,cuda-sumcheck-prime-field-montgomery-element-layout-specialized-points,3.83648,3.49059,0,0,0,3.49059,ok,true,3109515453980,3109515453980,4.212468,,experiments/h100/sweep_treduce/cases/zk_witness_id_point_2_bw32_r20.log
zk_witness_id_point_2,q_point*y*y*y - q_point*y*x*x*x - 5*q_point*y,prime-field-montgomery,element,specialized,p32_2^32_minus_5,32,1,0xfffffffb,22,4194304,3,5,3,2,10,whole-run,fixed,triton-sumcheck-prime-field-montgomery-element-layout-specialized-points-treduce,74.044,18.020,0.000,0.000000,0.000,18.020,ok,cuda-sumcheck-prime-field-montgomery-element-layout-specialized-points,4.74448,4.43786,0,0,0,4.43786,ok,true,3363912579781,3363912579781,4.060516,,experiments/h100/sweep_treduce/cases/zk_witness_id_point_2_bw32_r22.log
zk_witness_id_point_2,q_point*y*y*y - q_point*y*x*x*x - 5*q_point*y,prime-field-montgomery,element,specialized,p32_2^32_minus_5,32,1,0xfffffffb,24,16777216,3,5,3,2,10,whole-run,fixed,triton-sumcheck-prime-field-montgomery-element-layout-specialized-points-treduce,77.905,22.419,0.000,0.000000,0.000,22.419,ok,cuda-sumcheck-prime-field-montgomery-element-layout-specialized-points,6.7447,6.44384,0,0,0,6.44384,ok,true,3851959711782,3851959711782,3.479137,,experiments/h100/sweep_treduce/cases/zk_witness_id_point_2_bw32_r24.log
zk_witness_id_point_2,q_point*y*y*y - q_point*y*x*x*x - 5*q_point*y,prime-field-montgomery,element,specialized,p32_2^32_minus_5,32,1,0xfffffffb,26,67108864,3,5,3,2,10,whole-run,fixed,triton-sumcheck-prime-field-montgomery-element-layout-specialized-points-treduce,49.078,19.880,0.000,0.000000,0.000,19.880,ok,cuda-sumcheck-prime-field-montgomery-element-layout-specialized-points,12.5657,12.2836,0,0,0,12.2836,ok,true,4325586615376,4325586615376,1.618418,,experiments/h100/sweep_treduce/cases/zk_witness_id_point_2_bw32_r26.log
zk_witness_id_point_2,q_point*y*y*y - q_point*y*x*x*x - 5*q_point*y,prime-field-montgomery,element,specialized,p32_2^32_minus_5,32,1,0xfffffffb,28,268435456,3,5,3,2,10,whole-run,fixed,triton-sumcheck-prime-field-montgomery-element-layout-specialized-points-treduce,108.072,54.600,0.000,0.000000,0.000,54.600,ok,cuda-sumcheck-prime-field-montgomery-element-layout-specialized-points,33.7912,34.4369,0,0,0,34.4369,ok,true,4732508534104,4732508534104,1.585509,,experiments/h100/sweep_treduce/cases/zk_witness_id_point_2_bw32_r28.log
zk_witness_id_point_2,q_point*y*y*y - q_point*y*x*x*x - 5*q_point*y,prime-field-montgomery,element,specialized,p64_goldilocks,64,2,0xffffffff00000001,14,16384,3,5,3,2,10,whole-run,fixed,triton-sumcheck-prime-field-montgomery-element-layout-specialized-points-treduce,64.163,6.627,0.000,0.000000,0.000,6.627,ok,cuda-sumcheck-prime-field-montgomery-element-layout-specialized-points,2.40509,2.10102,0,0,0,2.10102,ok,true,7281523154464,7281523154464,3.154182,,experiments/h100/sweep_treduce/cases/zk_witness_id_point_2_bw64_r14.log
zk_witness_id_point_2,q_point*y*y*y - q_point*y*x*x*x - 5*q_point*y,prime-field-montgomery,element,specialized,p64_goldilocks,64,2,0xffffffff00000001,16,65536,3,5,3,2,10,whole-run,fixed,triton-sumcheck-prime-field-montgomery-element-layout-specialized-points-treduce,67.105,8.831,0.000,0.000000,0.000,8.831,ok,cuda-sumcheck-prime-field-montgomery-element-layout-specialized-points,2.80678,2.5191,0,0,0,2.5191,ok,true,7318791787307,7318791787307,3.505617,,experiments/h100/sweep_treduce/cases/zk_witness_id_point_2_bw64_r16.log
zk_witness_id_point_2,q_point*y*y*y - q_point*y*x*x*x - 5*q_point*y,prime-field-montgomery,element,specialized,p64_goldilocks,64,2,0xffffffff00000001,18,262144,3,5,3,2,10,whole-run,fixed,triton-sumcheck-prime-field-montgomery-element-layout-specialized-points-treduce,70.557,11.878,0.000,0.000000,0.000,11.878,ok,cuda-sumcheck-prime-field-montgomery-element-layout-specialized-points,3.35203,2.97597,0,0,0,2.97597,ok,true,9324305661801,9324305661801,3.991304,,experiments/h100/sweep_treduce/cases/zk_witness_id_point_2_bw64_r18.log
zk_witness_id_point_2,q_point*y*y*y - q_point*y*x*x*x - 5*q_point*y,prime-field-montgomery,element,specialized,p64_goldilocks,64,2,0xffffffff00000001,20,1048576,3,5,3,2,10,whole-run,fixed,triton-sumcheck-prime-field-montgomery-element-layout-specialized-points-treduce,73.048,14.886,0.000,0.000000,0.000,14.886,ok,cuda-sumcheck-prime-field-montgomery-element-layout-specialized-points,4.04285,3.71648,0,0,0,3.71648,ok,true,9585981798042,9585981798042,4.005403,,experiments/h100/sweep_treduce/cases/zk_witness_id_point_2_bw64_r20.log
zk_witness_id_point_2,q_point*y*y*y - q_point*y*x*x*x - 5*q_point*y,prime-field-montgomery,element,specialized,p64_goldilocks,64,2,0xffffffff00000001,22,4194304,3,5,3,2,10,whole-run,fixed,triton-sumcheck-prime-field-montgomery-element-layout-specialized-points-treduce,75.643,18.336,0.000,0.000000,0.000,18.336,ok,cuda-sumcheck-prime-field-montgomery-element-layout-specialized-points,5.56323,5.23494,0,0,0,5.23494,ok,true,10931166736451,10931166736451,3.502619,,experiments/h100/sweep_treduce/cases/zk_witness_id_point_2_bw64_r22.log
zk_witness_id_point_2,q_point*y*y*y - q_point*y*x*x*x - 5*q_point*y,prime-field-montgomery,element,specialized,p64_goldilocks,64,2,0xffffffff00000001,24,16777216,3,5,3,2,10,whole-run,fixed,triton-sumcheck-prime-field-montgomery-element-layout-specialized-points-treduce,80.390,22.986,0.000,0.000000,0.000,22.986,ok,cuda-sumcheck-prime-field-montgomery-element-layout-specialized-points,9.32842,9.06566,0,0,0,9.06566,ok,true,11294584566590,11294584566590,2.535502,,experiments/h100/sweep_treduce/cases/zk_witness_id_point_2_bw64_r24.log
zk_witness_id_point_2,q_point*y*y*y - q_point*y*x*x*x - 5*q_point*y,prime-field-montgomery,element,specialized,p64_goldilocks,64,2,0xffffffff00000001,26,67108864,3,5,3,2,10,whole-run,fixed,triton-sumcheck-prime-field-montgomery-element-layout-specialized-points-treduce,94.023,38.286,0.000,0.000000,0.000,38.286,ok,cuda-sumcheck-prime-field-montgomery-element-layout-specialized-points,21.9821,21.7979,0,0,0,21.7979,ok,true,12869311158938,12869311158938,1.756408,,experiments/h100/sweep_treduce/cases/zk_witness_id_point_2_bw64_r26.log
zk_witness_id_point_2,q_point*y*y*y - q_point*y*x*x*x - 5*q_point*y,prime-field-montgomery,element,specialized,p64_goldilocks,64,2,0xffffffff00000001,28,268435456,3,5,3,2,10,whole-run,fixed,triton-sumcheck-prime-field-montgomery-element-layout-specialized-points-treduce,149.588,97.270,0.000,0.000000,0.000,97.270,ok,cuda-sumcheck-prime-field-montgomery-element-layout-specialized-points,71.8824,74.7248,0,0,0,74.7248,ok,true,14269556335697,14269556335697,1.301710,,experiments/h100/sweep_treduce/cases/zk_witness_id_point_2_bw64_r28.log
zk_witness_id_point_2,q_point*y*y*y - q_point*y*x*x*x - 5*q_point*y,prime-field-montgomery,element,specialized,p128_mersenne_2^127_minus_1,128,4,0x7fffffffffffffffffffffffffffffff,14,16384,3,5,3,2,10,whole-run,fixed,triton-sumcheck-prime-field-montgomery-element-layout-specialized-points-treduce,69.164,6.748,0.000,0.000000,0.000,6.748,ok,cuda-sumcheck-prime-field-montgomery-element-layout-specialized-points,2.67878,2.2047,0,0,0,2.2047,ok,true,19205521511306,19205521511306,3.060734,,experiments/h100/sweep_treduce/cases/zk_witness_id_point_2_bw128_r14.log
zk_witness_id_point_2,q_point*y*y*y - q_point*y*x*x*x - 5*q_point*y,prime-field-montgomery,element,specialized,p128_mersenne_2^127_minus_1,128,4,0x7fffffffffffffffffffffffffffffff,16,65536,3,5,3,2,10,whole-run,fixed,triton-sumcheck-prime-field-montgomery-element-layout-specialized-points-treduce,70.593,8.878,0.000,0.000000,0.000,8.878,ok,cuda-sumcheck-prime-field-montgomery-element-layout-specialized-points,3.17814,2.69235,0,0,0,2.69235,ok,true,21995430715284,21995430715284,3.297491,,experiments/h100/sweep_treduce/cases/zk_witness_id_point_2_bw128_r16.log
zk_witness_id_point_2,q_point*y*y*y - q_point*y*x*x*x - 5*q_point*y,prime-field-montgomery,element,specialized,p128_mersenne_2^127_minus_1,128,4,0x7fffffffffffffffffffffffffffffff,18,262144,3,5,3,2,10,whole-run,fixed,triton-sumcheck-prime-field-montgomery-element-layout-specialized-points-treduce,73.493,11.769,0.000,0.000000,0.000,11.769,ok,cuda-sumcheck-prime-field-montgomery-element-layout-specialized-points,3.79904,3.33658,0,0,0,3.33658,ok,true,23670602815678,23670602815678,3.527264,,experiments/h100/sweep_treduce/cases/zk_witness_id_point_2_bw128_r18.log
zk_witness_id_point_2,q_point*y*y*y - q_point*y*x*x*x - 5*q_point*y,prime-field-montgomery,element,specialized,p128_mersenne_2^127_minus_1,128,4,0x7fffffffffffffffffffffffffffffff,20,1048576,3,5,3,2,10,whole-run,fixed,triton-sumcheck-prime-field-montgomery-element-layout-specialized-points-treduce,76.259,14.709,0.000,0.000000,0.000,14.709,ok,cuda-sumcheck-prime-field-montgomery-element-layout-specialized-points,4.76237,4.35082,0,0,0,4.35082,ok,true,27532783452863,27532783452863,3.380742,,experiments/h100/sweep_treduce/cases/zk_witness_id_point_2_bw128_r20.log
zk_witness_id_point_2,q_point*y*y*y - q_point*y*x*x*x - 5*q_point*y,prime-field-montgomery,element,specialized,p128_mersenne_2^127_minus_1,128,4,0x7fffffffffffffffffffffffffffffff,22,4194304,3,5,3,2,10,whole-run,fixed,triton-sumcheck-prime-field-montgomery-element-layout-specialized-points-treduce,80.409,18.764,0.000,0.000000,0.000,18.764,ok,cuda-sumcheck-prime-field-montgomery-element-layout-specialized-points,7.23952,6.86394,0,0,0,6.86394,ok,true,29838181579544,29838181579544,2.733707,,experiments/h100/sweep_treduce/cases/zk_witness_id_point_2_bw128_r22.log
zk_witness_id_point_2,q_point*y*y*y - q_point*y*x*x*x - 5*q_point*y,prime-field-montgomery,element,specialized,p128_mersenne_2^127_minus_1,128,4,0x7fffffffffffffffffffffffffffffff,24,16777216,3,5,3,2,10,whole-run,fixed,triton-sumcheck-prime-field-montgomery-element-layout-specialized-points-treduce,88.848,29.234,0.000,0.000000,0.000,29.234,ok,cuda-sumcheck-prime-field-montgomery-element-layout-specialized-points,15.1661,14.8494,0,0,0,14.8494,ok,true,31726170853377,31726170853377,1.968699,,experiments/h100/sweep_treduce/cases/zk_witness_id_point_2_bw128_r24.log
zk_witness_id_point_2,q_point*y*y*y - q_point*y*x*x*x - 5*q_point*y,prime-field-montgomery,element,specialized,p128_mersenne_2^127_minus_1,128,4,0x7fffffffffffffffffffffffffffffff,26,67108864,3,5,3,2,10,whole-run,fixed,triton-sumcheck-prime-field-montgomery-element-layout-specialized-points-treduce,126.669,68.109,0.000,0.000000,0.000,68.109,ok,cuda-sumcheck-prime-field-montgomery-element-layout-specialized-points,44.5292,44.1664,0,0,0,44.1664,ok,true,34027455793136,34027455793136,1.542100,,experiments/h100/sweep_treduce/cases/zk_witness_id_point_2_bw128_r26.log
zk_witness_id_point_2,q_point*y*y*y - q_point*y*x*x*x - 5*q_point*y,prime-field-montgomery,element,specialized,p128_mersenne_2^127_minus_1,128,4,0x7fffffffffffffffffffffffffffffff,28,268435456,3,5,3,2,10,whole-run,fixed,triton-sumcheck-prime-field-montgomery-element-layout-specialized-points-treduce,244.179,211.764,0.000,0.000000,0.000,211.764,ok,cuda-sumcheck-prime-field-montgomery-element-layout-specialized-points,158.412,165.459,0,0,0,165.459,ok,true,38940316726987,38940316726987,1.279858,,experiments/h100/sweep_treduce/cases/zk_witness_id_point_2_bw128_r28.log
zk_witness_id_point_2,q_point*y*y*y - q_point*y*x*x*x - 5*q_point*y,prime-field-montgomery,element,specialized,p255_bls12_381_scalar,256,8,0x73eda753299d7d483339d80809a1d80553bda402fffe5bfeffffffff00000001,14,16384,3,5,3,2,10,whole-run,fixed,triton-sumcheck-prime-field-montgomery-element-layout-specialized-points-treduce,84.160,6.887,0.000,0.000000,0.000,6.887,ok,cuda-sumcheck-prime-field-montgomery-element-layout-specialized-points,4.02963,2.86237,0,0,0,2.86237,ok,true,76571622313901,76571622313901,2.406048,,experiments/h100/sweep_treduce/cases/zk_witness_id_point_2_bw256_r14.log
zk_witness_id_point_2,q_point*y*y*y - q_point*y*x*x*x - 5*q_point*y,prime-field-montgomery,element,specialized,p255_bls12_381_scalar,256,8,0x73eda753299d7d483339d80809a1d80553bda402fffe5bfeffffffff00000001,16,65536,3,5,3,2,10,whole-run,fixed,triton-sumcheck-prime-field-montgomery-element-layout-specialized-points-treduce,51.370,5.692,0.000,0.000000,0.000,5.692,ok,cuda-sumcheck-prime-field-montgomery-element-layout-specialized-points,4.19251,3.46032,0,0,0,3.46032,ok,true,84652737322023,84652737322023,1.644935,,experiments/h100/sweep_treduce/cases/zk_witness_id_point_2_bw256_r16.log
zk_witness_id_point_2,q_point*y*y*y - q_point*y*x*x*x - 5*q_point*y,prime-field-montgomery,element,specialized,p255_bls12_381_scalar,256,8,0x73eda753299d7d483339d80809a1d80553bda402fffe5bfeffffffff00000001,18,262144,3,5,3,2,10,whole-run,fixed,triton-sumcheck-prime-field-montgomery-element-layout-specialized-points-treduce,53.133,7.248,0.000,0.000000,0.000,7.248,ok,cuda-sumcheck-prime-field-montgomery-element-layout-specialized-points,5.85635,4.6337,0,0,0,4.6337,ok,true,94372017204582,94372017204582,1.564193,,experiments/h100/sweep_treduce/cases/zk_witness_id_point_2_bw256_r18.log
zk_witness_id_point_2,q_point*y*y*y - q_point*y*x*x*x - 5*q_point*y,prime-field-montgomery,element,specialized,p255_bls12_381_scalar,256,8,0x73eda753299d7d483339d80809a1d80553bda402fffe5bfeffffffff00000001,20,1048576,3,5,3,2,10,whole-run,fixed,triton-sumcheck-prime-field-montgomery-element-layout-specialized-points-treduce,55.226,10.124,0.000,0.000000,0.000,10.124,ok,cuda-sumcheck-prime-field-montgomery-element-layout-specialized-points,8.55789,7.35046,0,0,0,7.35046,ok,true,107171530653798,107171530653798,1.377329,,experiments/h100/sweep_treduce/cases/zk_witness_id_point_2_bw256_r20.log
zk_witness_id_point_2,q_point*y*y*y - q_point*y*x*x*x - 5*q_point*y,prime-field-montgomery,element,specialized,p255_bls12_381_scalar,256,8,0x73eda753299d7d483339d80809a1d80553bda402fffe5bfeffffffff00000001,22,4194304,3,5,3,2,10,whole-run,fixed,triton-sumcheck-prime-field-montgomery-element-layout-specialized-points-treduce,99.567,24.076,0.000,0.000000,0.000,24.076,ok,cuda-sumcheck-prime-field-montgomery-element-layout-specialized-points,16.918,15.7769,0,0,0,15.7769,ok,true,113398594155769,113398594155769,1.526029,,experiments/h100/sweep_treduce/cases/zk_witness_id_point_2_bw256_r22.log
zk_witness_id_point_2,q_point*y*y*y - q_point*y*x*x*x - 5*q_point*y,prime-field-montgomery,element,specialized,p255_bls12_381_scalar,256,8,0x73eda753299d7d483339d80809a1d80553bda402fffe5bfeffffffff00000001,24,16777216,3,5,3,2,10,whole-run,fixed,triton-sumcheck-prime-field-montgomery-element-layout-specialized-points-treduce,130.307,56.227,0.000,0.000000,0.000,56.227,ok,cuda-sumcheck-prime-field-montgomery-element-layout-specialized-points,47.9312,46.058,0,0,0,46.058,ok,true,127868686581545,127868686581545,1.220787,,experiments/h100/sweep_treduce/cases/zk_witness_id_point_2_bw256_r24.log
zk_witness_id_point_2,q_point*y*y*y - q_point*y*x*x*x - 5*q_point*y,prime-field-montgomery,element,specialized,p255_bls12_381_scalar,256,8,0x73eda753299d7d483339d80809a1d80553bda402fffe5bfeffffffff00000001,26,67108864,3,5,3,2,10,whole-run,fixed,triton-sumcheck-prime-field-montgomery-element-layout-specialized-points-treduce,254.554,181.927,0.000,0.000000,0.000,181.927,ok,cuda-sumcheck-prime-field-montgomery-element-layout-specialized-points,168.864,167.822,0,0,0,167.822,ok,true,136468816260101,136468816260101,1.084047,,experiments/h100/sweep_treduce/cases/zk_witness_id_point_2_bw256_r26.log
zk_witness_id_point_2,q_point*y*y*y - q_point*y*x*x*x - 5*q_point*y,prime-field-montgomery,element,specialized,p255_bls12_381_scalar,256,8,0x73eda753299d7d483339d80809a1d80553bda402fffe5bfeffffffff00000001,28,268435456,3,5,3,2,10,whole-run,fixed,triton-sumcheck-prime-field-montgomery-element-layout-specialized-points-treduce,759.326,680.699,0.000,0.000000,0.000,680.699,ok,cuda-sumcheck-prime-field-montgomery-element-layout-specialized-points,652.173,653.881,0,0,0,653.881,ok,true,144794623553359,144794623553359,1.041014,,experiments/h100/sweep_treduce/cases/zk_witness_id_point_2_bw256_r28.log
zk_incomplete_add_1,q_add-incomplete*x_r*x_p*x_p - 2*q_add-incomplete*x_r*x_p*x_q + q_add-incomplete*x_r*x_q*x_q + q_add-incomplete*x_q*x_p*x_p - 2*q_add-incomplete*x_q*x_q*x_p + q_add-incomplete*x_q*x_q*x_q + q_add-incomplete*x_p*x_p*x_p - 2*q_add-incomplete*x_p*x_p*x_q + q_add-incomplete*x_p*x_q*x_q - q_add-incomplete*y_p*y_p + 2*q_add-incomplete*y_p*y_q - q_add-incomplete*y_q*y_q,prime-field-montgomery,element,specialized,p32_2^32_minus_5,32,1,0xfffffffb,14,16384,6,4,12,2,10,whole-run,fixed,triton-sumcheck-prime-field-montgomery-element-layout-specialized-points-treduce,214.812,5.645,0.000,0.000000,0.000,5.645,ok,cuda-sumcheck-prime-field-montgomery-element-layout-specialized-points,1.90899,1.65078,0,0,0,1.65078,ok,true,1896994074690,1896994074690,3.419596,,experiments/h100/sweep_treduce/cases/zk_incomplete_add_1_bw32_r14.log
zk_incomplete_add_1,q_add-incomplete*x_r*x_p*x_p - 2*q_add-incomplete*x_r*x_p*x_q + q_add-incomplete*x_r*x_q*x_q + q_add-incomplete*x_q*x_p*x_p - 2*q_add-incomplete*x_q*x_q*x_p + q_add-incomplete*x_q*x_q*x_q + q_add-incomplete*x_p*x_p*x_p - 2*q_add-incomplete*x_p*x_p*x_q + q_add-incomplete*x_p*x_q*x_q - q_add-incomplete*y_p*y_p + 2*q_add-incomplete*y_p*y_q - q_add-incomplete*y_q*y_q,prime-field-montgomery,element,specialized,p32_2^32_minus_5,32,1,0xfffffffb,16,65536,6,4,12,2,10,whole-run,fixed,triton-sumcheck-prime-field-montgomery-element-layout-specialized-points-treduce,62.953,7.488,0.000,0.000000,0.000,7.488,ok,cuda-sumcheck-prime-field-montgomery-element-layout-specialized-points,2.34403,2.06042,0,0,0,2.06042,ok,true,2221325793128,2221325793128,3.634211,,experiments/h100/sweep_treduce/cases/zk_incomplete_add_1_bw32_r16.log
zk_incomplete_add_1,q_add-incomplete*x_r*x_p*x_p - 2*q_add-incomplete*x_r*x_p*x_q + q_add-incomplete*x_r*x_q*x_q + q_add-incomplete*x_q*x_p*x_p - 2*q_add-incomplete*x_q*x_q*x_p + q_add-incomplete*x_q*x_q*x_q + q_add-incomplete*x_p*x_p*x_p - 2*q_add-incomplete*x_p*x_p*x_q + q_add-incomplete*x_p*x_q*x_q - q_add-incomplete*y_p*y_p + 2*q_add-incomplete*y_p*y_q - q_add-incomplete*y_q*y_q,prime-field-montgomery,element,specialized,p32_2^32_minus_5,32,1,0xfffffffb,18,262144,6,4,12,2,10,whole-run,fixed,triton-sumcheck-prime-field-montgomery-element-layout-specialized-points-treduce,65.860,9.739,0.000,0.000000,0.000,9.739,ok,cuda-sumcheck-prime-field-montgomery-element-layout-specialized-points,2.7976,2.45142,0,0,0,2.45142,ok,true,2476990351030,2476990351030,3.972799,,experiments/h100/sweep_treduce/cases/zk_incomplete_add_1_bw32_r18.log
zk_incomplete_add_1,q_add-incomplete*x_r*x_p*x_p - 2*q_add-incomplete*x_r*x_p*x_q + q_add-incomplete*x_r*x_q*x_q + q_add-incomplete*x_q*x_p*x_p - 2*q_add-incomplete*x_q*x_q*x_p + q_add-incomplete*x_q*x_q*x_q + q_add-incomplete*x_p*x_p*x_p - 2*q_add-incomplete*x_p*x_p*x_q + q_add-incomplete*x_p*x_q*x_q - q_add-incomplete*y_p*y_p + 2*q_add-incomplete*y_p*y_q - q_add-incomplete*y_q*y_q,prime-field-montgomery,element,specialized,p32_2^32_minus_5,32,1,0xfffffffb,20,1048576,6,4,12,2,10,whole-run,fixed,triton-sumcheck-prime-field-montgomery-element-layout-specialized-points-treduce,67.936,12.215,0.000,0.000000,0.000,12.215,ok,cuda-sumcheck-prime-field-montgomery-element-layout-specialized-points,3.4495,3.10474,0,0,0,3.10474,ok,true,2813974012564,2813974012564,3.934307,,experiments/h100/sweep_treduce/cases/zk_incomplete_add_1_bw32_r20.log
zk_incomplete_add_1,q_add-incomplete*x_r*x_p*x_p - 2*q_add-incomplete*x_r*x_p*x_q + q_add-incomplete*x_r*x_q*x_q + q_add-incomplete*x_q*x_p*x_p - 2*q_add-incomplete*x_q*x_q*x_p + q_add-incomplete*x_q*x_q*x_q + q_add-incomplete*x_p*x_p*x_p - 2*q_add-incomplete*x_p*x_p*x_q + q_add-incomplete*x_p*x_q*x_q - q_add-incomplete*y_p*y_p + 2*q_add-incomplete*y_p*y_q - q_add-incomplete*y_q*y_q,prime-field-montgomery,element,specialized,p32_2^32_minus_5,32,1,0xfffffffb,22,4194304,6,4,12,2,10,whole-run,fixed,triton-sumcheck-prime-field-montgomery-element-layout-specialized-points-treduce,70.791,15.098,0.000,0.000000,0.000,15.098,ok,cuda-sumcheck-prime-field-montgomery-element-layout-specialized-points,4.49568,4.22397,0,0,0,4.22397,ok,true,3059165787704,3059165787704,3.574363,,experiments/h100/sweep_treduce/cases/zk_incomplete_add_1_bw32_r22.log
zk_incomplete_add_1,q_add-incomplete*x_r*x_p*x_p - 2*q_add-incomplete*x_r*x_p*x_q + q_add-incomplete*x_r*x_q*x_q + q_add-incomplete*x_q*x_p*x_p - 2*q_add-incomplete*x_q*x_q*x_p + q_add-incomplete*x_q*x_q*x_q + q_add-incomplete*x_p*x_p*x_p - 2*q_add-incomplete*x_p*x_p*x_q + q_add-incomplete*x_p*x_q*x_q - q_add-incomplete*y_p*y_p + 2*q_add-incomplete*y_p*y_q - q_add-incomplete*y_q*y_q,prime-field-montgomery,element,specialized,p32_2^32_minus_5,32,1,0xfffffffb,24,16777216,6,4,12,2,10,whole-run,fixed,triton-sumcheck-prime-field-montgomery-element-layout-specialized-points-treduce,74.073,18.842,0.000,0.000000,0.000,18.842,ok,cuda-sumcheck-prime-field-montgomery-element-layout-specialized-points,7.48144,7.18762,0,0,0,7.18762,ok,true,3221761232391,3221761232391,2.621452,,experiments/h100/sweep_treduce/cases/zk_incomplete_add_1_bw32_r24.log
zk_incomplete_add_1,q_add-incomplete*x_r*x_p*x_p - 2*q_add-incomplete*x_r*x_p*x_q + q_add-incomplete*x_r*x_q*x_q + q_add-incomplete*x_q*x_p*x_p - 2*q_add-incomplete*x_q*x_q*x_p + q_add-incomplete*x_q*x_q*x_q + q_add-incomplete*x_p*x_p*x_p - 2*q_add-incomplete*x_p*x_p*x_q + q_add-incomplete*x_p*x_q*x_q - q_add-incomplete*y_p*y_p + 2*q_add-incomplete*y_p*y_q - q_add-incomplete*y_q*y_q,prime-field-montgomery,element,specialized,p32_2^32_minus_5,32,1,0xfffffffb,26,67108864,6,4,12,2,10,whole-run,fixed,triton-sumcheck-prime-field-montgomery-element-layout-specialized-points-treduce,84.368,30.480,0.000,0.000000,0.000,30.480,ok,cuda-sumcheck-prime-field-montgomery-element-layout-specialized-points,17.9663,17.6598,0,0,0,17.6598,ok,true,3290215414590,3290215414590,1.725954,,experiments/h100/sweep_treduce/cases/zk_incomplete_add_1_bw32_r26.log
zk_incomplete_add_1,q_add-incomplete*x_r*x_p*x_p - 2*q_add-incomplete*x_r*x_p*x_q + q_add-incomplete*x_r*x_q*x_q + q_add-incomplete*x_q*x_p*x_p - 2*q_add-incomplete*x_q*x_q*x_p + q_add-incomplete*x_q*x_q*x_q + q_add-incomplete*x_p*x_p*x_p - 2*q_add-incomplete*x_p*x_p*x_q + q_add-incomplete*x_p*x_q*x_q - q_add-incomplete*y_p*y_p + 2*q_add-incomplete*y_p*y_q - q_add-incomplete*y_q*y_q,prime-field-montgomery,element,specialized,p32_2^32_minus_5,32,1,0xfffffffb,28,268435456,6,4,12,2,10,whole-run,fixed,triton-sumcheck-prime-field-montgomery-element-layout-specialized-points-treduce,126.125,76.455,0.000,0.000000,0.000,76.455,ok,cuda-sumcheck-prime-field-montgomery-element-layout-specialized-points,58.1132,61.1342,0,0,0,61.1342,ok,true,3778236726095,3778236726095,1.250609,,experiments/h100/sweep_treduce/cases/zk_incomplete_add_1_bw32_r28.log
zk_incomplete_add_1,q_add-incomplete*x_r*x_p*x_p - 2*q_add-incomplete*x_r*x_p*x_q + q_add-incomplete*x_r*x_q*x_q + q_add-incomplete*x_q*x_p*x_p - 2*q_add-incomplete*x_q*x_q*x_p + q_add-incomplete*x_q*x_q*x_q + q_add-incomplete*x_p*x_p*x_p - 2*q_add-incomplete*x_p*x_p*x_q + q_add-incomplete*x_p*x_q*x_q - q_add-incomplete*y_p*y_p + 2*q_add-incomplete*y_p*y_q - q_add-incomplete*y_q*y_q,prime-field-montgomery,element,specialized,p64_goldilocks,64,2,0xffffffff00000001,14,16384,6,4,12,2,10,whole-run,fixed,triton-sumcheck-prime-field-montgomery-element-layout-specialized-points-treduce,295.531,5.650,0.000,0.000000,0.000,5.650,ok,cuda-sumcheck-prime-field-montgomery-element-layout-specialized-points,2.25696,1.84016,0,0,0,1.84016,ok,true,5667479436684,5667479436684,3.070385,,experiments/h100/sweep_treduce/cases/zk_incomplete_add_1_bw64_r14.log
zk_incomplete_add_1,q_add-incomplete*x_r*x_p*x_p - 2*q_add-incomplete*x_r*x_p*x_q + q_add-incomplete*x_r*x_q*x_q + q_add-incomplete*x_q*x_p*x_p - 2*q_add-incomplete*x_q*x_q*x_p + q_add-incomplete*x_q*x_q*x_q + q_add-incomplete*x_p*x_p*x_p - 2*q_add-incomplete*x_p*x_p*x_q + q_add-incomplete*x_p*x_q*x_q - q_add-incomplete*y_p*y_p + 2*q_add-incomplete*y_p*y_q - q_add-incomplete*y_q*y_q,prime-field-montgomery,element,specialized,p64_goldilocks,64,2,0xffffffff00000001,16,65536,6,4,12,2,10,whole-run,fixed,triton-sumcheck-prime-field-montgomery-element-layout-specialized-points-treduce,67.848,7.353,0.000,0.000000,0.000,7.353,ok,cuda-sumcheck-prime-field-montgomery-element-layout-specialized-points,2.60714,2.19642,0,0,0,2.19642,ok,true,6328425073256,6328425073256,3.347720,,experiments/h100/sweep_treduce/cases/zk_incomplete_add_1_bw64_r16.log
zk_incomplete_add_1,q_add-incomplete*x_r*x_p*x_p - 2*q_add-incomplete*x_r*x_p*x_q + q_add-incomplete*x_r*x_q*x_q + q_add-incomplete*x_q*x_p*x_p - 2*q_add-incomplete*x_q*x_q*x_p + q_add-incomplete*x_q*x_q*x_q + q_add-incomplete*x_p*x_p*x_p - 2*q_add-incomplete*x_p*x_p*x_q + q_add-incomplete*x_p*x_q*x_q - q_add-incomplete*y_p*y_p + 2*q_add-incomplete*y_p*y_q - q_add-incomplete*y_q*y_q,prime-field-montgomery,element,specialized,p64_goldilocks,64,2,0xffffffff00000001,18,262144,6,4,12,2,10,whole-run,fixed,triton-sumcheck-prime-field-montgomery-element-layout-specialized-points-treduce,69.902,9.834,0.000,0.000000,0.000,9.834,ok,cuda-sumcheck-prime-field-montgomery-element-layout-specialized-points,3.15526,2.77174,0,0,0,2.77174,ok,true,8054475079482,8054475079482,3.547952,,experiments/h100/sweep_treduce/cases/zk_incomplete_add_1_bw64_r18.log
zk_incomplete_add_1,q_add-incomplete*x_r*x_p*x_p - 2*q_add-incomplete*x_r*x_p*x_q + q_add-incomplete*x_r*x_q*x_q + q_add-incomplete*x_q*x_p*x_p - 2*q_add-incomplete*x_q*x_q*x_p + q_add-incomplete*x_q*x_q*x_q + q_add-incomplete*x_p*x_p*x_p - 2*q_add-incomplete*x_p*x_p*x_q + q_add-incomplete*x_p*x_q*x_q - q_add-incomplete*y_p*y_p + 2*q_add-incomplete*y_p*y_q - q_add-incomplete*y_q*y_q,prime-field-montgomery,element,specialized,p64_goldilocks,64,2,0xffffffff00000001,20,1048576,6,4,12,2,10,whole-run,fixed,triton-sumcheck-prime-field-montgomery-element-layout-specialized-points-treduce,73.417,12.673,0.000,0.000000,0.000,12.673,ok,cuda-sumcheck-prime-field-montgomery-element-layout-specialized-points,4.20758,3.7592,0,0,0,3.7592,ok,true,8438506256349,8438506256349,3.371196,,experiments/h100/sweep_treduce/cases/zk_incomplete_add_1_bw64_r20.log
zk_incomplete_add_1,q_add-incomplete*x_r*x_p*x_p - 2*q_add-incomplete*x_r*x_p*x_q + q_add-incomplete*x_r*x_q*x_q + q_add-incomplete*x_q*x_p*x_p - 2*q_add-incomplete*x_q*x_q*x_p + q_add-incomplete*x_q*x_q*x_q + q_add-incomplete*x_p*x_p*x_p - 2*q_add-incomplete*x_p*x_p*x_q + q_add-incomplete*x_p*x_q*x_q - q_add-incomplete*y_p*y_p + 2*q_add-incomplete*y_p*y_q - q_add-incomplete*y_q*y_q,prime-field-montgomery,element,specialized,p64_goldilocks,64,2,0xffffffff00000001,22,4194304,6,4,12,2,10,whole-run,fixed,triton-sumcheck-prime-field-montgomery-element-layout-specialized-points-treduce,74.542,15.177,0.000,0.000000,0.000,15.177,ok,cuda-sumcheck-prime-field-montgomery-element-layout-specialized-points,6.29168,5.99245,0,0,0,5.99245,ok,true,8449328286581,8449328286581,2.532687,,experiments/h100/sweep_treduce/cases/zk_incomplete_add_1_bw64_r22.log
zk_incomplete_add_1,q_add-incomplete*x_r*x_p*x_p - 2*q_add-incomplete*x_r*x_p*x_q + q_add-incomplete*x_r*x_q*x_q + q_add-incomplete*x_q*x_p*x_p - 2*q_add-incomplete*x_q*x_q*x_p + q_add-incomplete*x_q*x_q*x_q + q_add-incomplete*x_p*x_p*x_p - 2*q_add-incomplete*x_p*x_p*x_q + q_add-incomplete*x_p*x_q*x_q - q_add-incomplete*y_p*y_p + 2*q_add-incomplete*y_p*y_q - q_add-incomplete*y_q*y_q,prime-field-montgomery,element,specialized,p64_goldilocks,64,2,0xffffffff00000001,24,16777216,6,4,12,2,10,whole-run,fixed,triton-sumcheck-prime-field-montgomery-element-layout-specialized-points-treduce,82.377,23.579,0.000,0.000000,0.000,23.579,ok,cuda-sumcheck-prime-field-montgomery-element-layout-specialized-points,14.6204,14.1163,0,0,0,14.1163,ok,true,10199697462175,10199697462175,1.670339,,experiments/h100/sweep_treduce/cases/zk_incomplete_add_1_bw64_r24.log
zk_incomplete_add_1,q_add-incomplete*x_r*x_p*x_p - 2*q_add-incomplete*x_r*x_p*x_q + q_add-incomplete*x_r*x_q*x_q + q_add-incomplete*x_q*x_p*x_p - 2*q_add-incomplete*x_q*x_q*x_p + q_add-incomplete*x_q*x_q*x_q + q_add-incomplete*x_p*x_p*x_p - 2*q_add-incomplete*x_p*x_p*x_q + q_add-incomplete*x_p*x_q*x_q - q_add-incomplete*y_p*y_p + 2*q_add-incomplete*y_p*y_q - q_add-incomplete*y_q*y_q,prime-field-montgomery,element,specialized,p64_goldilocks,64,2,0xffffffff00000001,26,67108864,6,4,12,2,10,whole-run,fixed,triton-sumcheck-prime-field-montgomery-element-layout-specialized-points-treduce,111.074,53.897,0.000,0.000000,0.000,53.897,ok,cuda-sumcheck-prime-field-montgomery-element-layout-specialized-points,44.8197,44.6772,0,0,0,44.6772,ok,true,10348822210194,10348822210194,1.206365,,experiments/h100/sweep_treduce/cases/zk_incomplete_add_1_bw64_r26.log
zk_incomplete_add_1,q_add-incomplete*x_r*x_p*x_p - 2*q_add-incomplete*x_r*x_p*x_q + q_add-incomplete*x_r*x_q*x_q + q_add-incomplete*x_q*x_p*x_p - 2*q_add-incomplete*x_q*x_q*x_p + q_add-incomplete*x_q*x_q*x_q + q_add-incomplete*x_p*x_p*x_p - 2*q_add-incomplete*x_p*x_p*x_q + q_add-incomplete*x_p*x_q*x_q - q_add-incomplete*y_p*y_p + 2*q_add-incomplete*y_p*y_q - q_add-incomplete*y_q*y_q,prime-field-montgomery,element,specialized,p64_goldilocks,64,2,0xffffffff00000001,28,268435456,6,4,12,2,10,whole-run,fixed,triton-sumcheck-prime-field-montgomery-element-layout-specialized-points-treduce,229.873,177.575,0.000,0.000000,0.000,177.575,ok,cuda-sumcheck-prime-field-montgomery-element-layout-specialized-points,165.927,175.436,0,0,0,175.436,ok,true,11353339242479,11353339242479,1.012192,,experiments/h100/sweep_treduce/cases/zk_incomplete_add_1_bw64_r28.log
zk_incomplete_add_1,q_add-incomplete*x_r*x_p*x_p - 2*q_add-incomplete*x_r*x_p*x_q + q_add-incomplete*x_r*x_q*x_q + q_add-incomplete*x_q*x_p*x_p - 2*q_add-incomplete*x_q*x_q*x_p + q_add-incomplete*x_q*x_q*x_q + q_add-incomplete*x_p*x_p*x_p - 2*q_add-incomplete*x_p*x_p*x_q + q_add-incomplete*x_p*x_q*x_q - q_add-incomplete*y_p*y_p + 2*q_add-incomplete*y_p*y_q - q_add-incomplete*y_q*y_q,prime-field-montgomery,element,specialized,p128_mersenne_2^127_minus_1,128,4,0x7fffffffffffffffffffffffffffffff,14,16384,6,4,12,2,10,whole-run,fixed,triton-sumcheck-prime-field-montgomery-element-layout-specialized-points-treduce,609.981,5.747,0.000,0.000000,0.000,5.747,ok,cuda-sumcheck-prime-field-montgomery-element-layout-specialized-points,3.63043,2.53242,0,0,0,2.53242,ok,true,8149799997898,8149799997898,2.269371,,experiments/h100/sweep_treduce/cases/zk_incomplete_add_1_bw128_r14.log
zk_incomplete_add_1,q_add-incomplete*x_r*x_p*x_p - 2*q_add-incomplete*x_r*x_p*x_q + q_add-incomplete*x_r*x_q*x_q + q_add-incomplete*x_q*x_p*x_p - 2*q_add-incomplete*x_q*x_q*x_p + q_add-incomplete*x_q*x_q*x_q + q_add-incomplete*x_p*x_p*x_p - 2*q_add-incomplete*x_p*x_p*x_q + q_add-incomplete*x_p*x_q*x_q - q_add-incomplete*y_p*y_p + 2*q_add-incomplete*y_p*y_q - q_add-incomplete*y_q*y_q,prime-field-montgomery,element,specialized,p128_mersenne_2^127_minus_1,128,4,0x7fffffffffffffffffffffffffffffff,16,65536,6,4,12,2,10,whole-run,fixed,triton-sumcheck-prime-field-montgomery-element-layout-specialized-points-treduce,77.719,7.628,0.000,0.000000,0.000,7.628,ok,cuda-sumcheck-prime-field-montgomery-element-layout-specialized-points,4.17395,3.06096,0,0,0,3.06096,ok,true,13317398050281,13317398050281,2.492029,,experiments/h100/sweep_treduce/cases/zk_incomplete_add_1_bw128_r16.log
zk_incomplete_add_1,q_add-incomplete*x_r*x_p*x_p - 2*q_add-incomplete*x_r*x_p*x_q + q_add-incomplete*x_r*x_q*x_q + q_add-incomplete*x_q*x_p*x_p - 2*q_add-incomplete*x_q*x_q*x_p + q_add-incomplete*x_q*x_q*x_q + q_add-incomplete*x_p*x_p*x_p - 2*q_add-incomplete*x_p*x_p*x_q + q_add-incomplete*x_p*x_q*x_q - q_add-incomplete*y_p*y_p + 2*q_add-incomplete*y_p*y_q - q_add-incomplete*y_q*y_q,prime-field-montgomery,element,specialized,p128_mersenne_2^127_minus_1,128,4,0x7fffffffffffffffffffffffffffffff,18,262144,6,4,12,2,10,whole-run,fixed,triton-sumcheck-prime-field-montgomery-element-layout-specialized-points-treduce,83.349,9.771,0.000,0.000000,0.000,9.771,ok,cuda-sumcheck-prime-field-montgomery-element-layout-specialized-points,4.60438,3.89443,0,0,0,3.89443,ok,true,14674396552608,14674396552608,2.508968,,experiments/h100/sweep_treduce/cases/zk_incomplete_add_1_bw128_r18.log
zk_incomplete_add_1,q_add-incomplete*x_r*x_p*x_p - 2*q_add-incomplete*x_r*x_p*x_q + q_add-incomplete*x_r*x_q*x_q + q_add-incomplete*x_q*x_p*x_p - 2*q_add-incomplete*x_q*x_q*x_p + q_add-incomplete*x_q*x_q*x_q + q_add-incomplete*x_p*x_p*x_p - 2*q_add-incomplete*x_p*x_p*x_q + q_add-incomplete*x_p*x_q*x_q - q_add-incomplete*y_p*y_p + 2*q_add-incomplete*y_p*y_q - q_add-incomplete*y_q*y_q,prime-field-montgomery,element,specialized,p128_mersenne_2^127_minus_1,128,4,0x7fffffffffffffffffffffffffffffff,20,1048576,6,4,12,2,10,whole-run,fixed,triton-sumcheck-prime-field-montgomery-element-layout-specialized-points-treduce,82.409,12.471,0.000,0.000000,0.000,12.471,ok,cuda-sumcheck-prime-field-montgomery-element-layout-specialized-points,7.08202,6.06406,0,0,0,6.06406,ok,true,17045383114643,17045383114643,2.056543,,experiments/h100/sweep_treduce/cases/zk_incomplete_add_1_bw128_r20.log
zk_incomplete_add_1,q_add-incomplete*x_r*x_p*x_p - 2*q_add-incomplete*x_r*x_p*x_q + q_add-incomplete*x_r*x_q*x_q + q_add-incomplete*x_q*x_p*x_p - 2*q_add-incomplete*x_q*x_q*x_p + q_add-incomplete*x_q*x_q*x_q + q_add-incomplete*x_p*x_p*x_p - 2*q_add-incomplete*x_p*x_p*x_q + q_add-incomplete*x_p*x_q*x_q - q_add-incomplete*y_p*y_p + 2*q_add-incomplete*y_p*y_q - q_add-incomplete*y_q*y_q,prime-field-montgomery,element,specialized,p128_mersenne_2^127_minus_1,128,4,0x7fffffffffffffffffffffffffffffff,22,4194304,6,4,12,2,10,whole-run,fixed,triton-sumcheck-prime-field-montgomery-element-layout-specialized-points-treduce,87.028,19.145,0.000,0.000000,0.000,19.145,ok,cuda-sumcheck-prime-field-montgomery-element-layout-specialized-points,13.6222,12.4481,0,0,0,12.4481,ok,true,18886491033657,18886491033657,1.537986,,experiments/h100/sweep_treduce/cases/zk_incomplete_add_1_bw128_r22.log
zk_incomplete_add_1,q_add-incomplete*x_r*x_p*x_p - 2*q_add-incomplete*x_r*x_p*x_q + q_add-incomplete*x_r*x_q*x_q + q_add-incomplete*x_q*x_p*x_p - 2*q_add-incomplete*x_q*x_q*x_p + q_add-incomplete*x_q*x_q*x_q + q_add-incomplete*x_p*x_p*x_p - 2*q_add-incomplete*x_p*x_p*x_q + q_add-incomplete*x_p*x_q*x_q - q_add-incomplete*y_p*y_p + 2*q_add-incomplete*y_p*y_q - q_add-incomplete*y_q*y_q,prime-field-montgomery,element,specialized,p128_mersenne_2^127_minus_1,128,4,0x7fffffffffffffffffffffffffffffff,24,16777216,6,4,12,2,10,whole-run,fixed,triton-sumcheck-prime-field-montgomery-element-layout-specialized-points-treduce,110.697,42.925,0.000,0.000000,0.000,42.925,ok,cuda-sumcheck-prime-field-montgomery-element-layout-specialized-points,37.421,35.9075,0,0,0,35.9075,ok,true,22050954045640,22050954045640,1.195433,,experiments/h100/sweep_treduce/cases/zk_incomplete_add_1_bw128_r24.log
zk_incomplete_add_1,q_add-incomplete*x_r*x_p*x_p - 2*q_add-incomplete*x_r*x_p*x_q + q_add-incomplete*x_r*x_q*x_q + q_add-incomplete*x_q*x_p*x_p - 2*q_add-incomplete*x_q*x_q*x_p + q_add-incomplete*x_q*x_q*x_q + q_add-incomplete*x_p*x_p*x_p - 2*q_add-incomplete*x_p*x_p*x_q + q_add-incomplete*x_p*x_q*x_q - q_add-incomplete*y_p*y_p + 2*q_add-incomplete*y_p*y_q - q_add-incomplete*y_q*y_q,prime-field-montgomery,element,specialized,p128_mersenne_2^127_minus_1,128,4,0x7fffffffffffffffffffffffffffffff,26,67108864,6,4,12,2,10,whole-run,fixed,triton-sumcheck-prime-field-montgomery-element-layout-specialized-points-treduce,200.703,134.739,0.000,0.000000,0.000,134.739,ok,cuda-sumcheck-prime-field-montgomery-element-layout-specialized-points,130.099,129.025,0,0,0,129.025,ok,true,25287288062881,25287288062881,1.044286,,experiments/h100/sweep_treduce/cases/zk_incomplete_add_1_bw128_r26.log
zk_incomplete_add_1,q_add-incomplete*x_r*x_p*x_p - 2*q_add-incomplete*x_r*x_p*x_q + q_add-incomplete*x_r*x_q*x_q + q_add-incomplete*x_q*x_p*x_p - 2*q_add-incomplete*x_q*x_q*x_p + q_add-incomplete*x_q*x_q*x_q + q_add-incomplete*x_p*x_p*x_p - 2*q_add-incomplete*x_p*x_p*x_q + q_add-incomplete*x_p*x_q*x_q - q_add-incomplete*y_p*y_p + 2*q_add-incomplete*y_p*y_q - q_add-incomplete*y_q*y_q,prime-field-montgomery,element,specialized,p128_mersenne_2^127_minus_1,128,4,0x7fffffffffffffffffffffffffffffff,28,268435456,6,4,12,2,10,whole-run,fixed,triton-sumcheck-prime-field-montgomery-element-layout-specialized-points-treduce,564.071,493.324,0.000,0.000000,0.000,493.324,ok,cuda-sumcheck-prime-field-montgomery-element-layout-specialized-points,498.661,497.233,0,0,0,497.233,ok,true,28204105143136,28204105143136,0.992138,,experiments/h100/sweep_treduce/cases/zk_incomplete_add_1_bw128_r28.log
zk_incomplete_add_1,q_add-incomplete*x_r*x_p*x_p - 2*q_add-incomplete*x_r*x_p*x_q + q_add-incomplete*x_r*x_q*x_q + q_add-incomplete*x_q*x_p*x_p - 2*q_add-incomplete*x_q*x_q*x_p + q_add-incomplete*x_q*x_q*x_q + q_add-incomplete*x_p*x_p*x_p - 2*q_add-incomplete*x_p*x_p*x_q + q_add-incomplete*x_p*x_q*x_q - q_add-incomplete*y_p*y_p + 2*q_add-incomplete*y_p*y_q - q_add-incomplete*y_q*y_q,prime-field-montgomery,element,specialized,p255_bls12_381_scalar,256,8,0x73eda753299d7d483339d80809a1d80553bda402fffe5bfeffffffff00000001,14,16384,6,4,12,2,10,whole-run,fixed,triton-sumcheck-prime-field-montgomery-element-layout-specialized-points-treduce,2984.559,7.864,0.000,0.000000,0.000,7.864,ok,cuda-sumcheck-prime-field-montgomery-element-layout-specialized-points,7.37123,5.62496,0,0,0,5.62496,ok,true,60598591232764,60598591232764,1.398054,,experiments/h100/sweep_treduce/cases/zk_incomplete_add_1_bw256_r14.log
zk_incomplete_add_1,q_add-incomplete*x_r*x_p*x_p - 2*q_add-incomplete*x_r*x_p*x_q + q_add-incomplete*x_r*x_q*x_q + q_add-incomplete*x_q*x_p*x_p - 2*q_add-incomplete*x_q*x_q*x_p + q_add-incomplete*x_q*x_q*x_q + q_add-incomplete*x_p*x_p*x_p - 2*q_add-incomplete*x_p*x_p*x_q + q_add-incomplete*x_p*x_q*x_q - q_add-incomplete*y_p*y_p + 2*q_add-incomplete*y_p*y_q - q_add-incomplete*y_q*y_q,prime-field-montgomery,element,specialized,p255_bls12_381_scalar,256,8,0x73eda753299d7d483339d80809a1d80553bda402fffe5bfeffffffff00000001,16,65536,6,4,12,2,10,whole-run,fixed,triton-sumcheck-prime-field-montgomery-element-layout-specialized-points-treduce,77.202,6.933,0.000,0.000000,0.000,6.933,ok,cuda-sumcheck-prime-field-montgomery-element-layout-specialized-points,9.41962,6.74086,0,0,0,6.74086,ok,true,70569187516659,70569187516659,1.028504,,experiments/h100/sweep_treduce/cases/zk_incomplete_add_1_bw256_r16.log
zk_incomplete_add_1,q_add-incomplete*x_r*x_p*x_p - 2*q_add-incomplete*x_r*x_p*x_q + q_add-incomplete*x_r*x_q*x_q + q_add-incomplete*x_q*x_p*x_p - 2*q_add-incomplete*x_q*x_q*x_p + q_add-incomplete*x_q*x_q*x_q + q_add-incomplete*x_p*x_p*x_p - 2*q_add-incomplete*x_p*x_p*x_q + q_add-incomplete*x_p*x_q*x_q - q_add-incomplete*y_p*y_p + 2*q_add-incomplete*y_p*y_q - q_add-incomplete*y_q*y_q,prime-field-montgomery,element,specialized,p255_bls12_381_scalar,256,8,0x73eda753299d7d483339d80809a1d80553bda402fffe5bfeffffffff00000001,18,262144,6,4,12,2,10,whole-run,fixed,triton-sumcheck-prime-field-montgomery-element-layout-specialized-points-treduce,80.721,9.749,0.000,0.000000,0.000,9.749,ok,cuda-sumcheck-prime-field-montgomery-element-layout-specialized-points,12.5335,9.90224,0,0,0,9.90224,ok,true,78124433506951,78124433506951,0.984525,,experiments/h100/sweep_treduce/cases/zk_incomplete_add_1_bw256_r18.log
zk_incomplete_add_1,q_add-incomplete*x_r*x_p*x_p - 2*q_add-incomplete*x_r*x_p*x_q + q_add-incomplete*x_r*x_q*x_q + q_add-incomplete*x_q*x_p*x_p - 2*q_add-incomplete*x_q*x_q*x_p + q_add-incomplete*x_q*x_q*x_q + q_add-incomplete*x_p*x_p*x_p - 2*q_add-incomplete*x_p*x_p*x_q + q_add-incomplete*x_p*x_q*x_q - q_add-incomplete*y_p*y_p + 2*q_add-incomplete*y_p*y_q - q_add-incomplete*y_q*y_q,prime-field-montgomery,element,specialized,p255_bls12_381_scalar,256,8,0x73eda753299d7d483339d80809a1d80553bda402fffe5bfeffffffff00000001,20,1048576,6,4,12,2,10,whole-run,fixed,triton-sumcheck-prime-field-montgomery-element-layout-specialized-points-treduce,85.550,16.617,0.000,0.000000,0.000,16.617,ok,cuda-sumcheck-prime-field-montgomery-element-layout-specialized-points,19.7441,17.1074,0,0,0,17.1074,ok,true,86774623712127,86774623712127,0.971334,,experiments/h100/sweep_treduce/cases/zk_incomplete_add_1_bw256_r20.log
zk_incomplete_add_1,q_add-incomplete*x_r*x_p*x_p - 2*q_add-incomplete*x_r*x_p*x_q + q_add-incomplete*x_r*x_q*x_q + q_add-incomplete*x_q*x_p*x_p - 2*q_add-incomplete*x_q*x_q*x_p + q_add-incomplete*x_q*x_q*x_q + q_add-incomplete*x_p*x_p*x_p - 2*q_add-incomplete*x_p*x_p*x_q + q_add-incomplete*x_p*x_q*x_q - q_add-incomplete*y_p*y_p + 2*q_add-incomplete*y_p*y_q - q_add-incomplete*y_q*y_q,prime-field-montgomery,element,specialized,p255_bls12_381_scalar,256,8,0x73eda753299d7d483339d80809a1d80553bda402fffe5bfeffffffff00000001,22,4194304,6,4,12,2,10,whole-run,fixed,triton-sumcheck-prime-field-montgomery-element-layout-specialized-points-treduce,109.871,40.059,0.000,0.000000,0.000,40.059,ok,cuda-sumcheck-prime-field-montgomery-element-layout-specialized-points,44.6966,42.0373,0,0,0,42.0373,ok,true,99561833414940,99561833414940,0.952939,,experiments/h100/sweep_treduce/cases/zk_incomplete_add_1_bw256_r22.log
zk_incomplete_add_1,q_add-incomplete*x_r*x_p*x_p - 2*q_add-incomplete*x_r*x_p*x_q + q_add-incomplete*x_r*x_q*x_q + q_add-incomplete*x_q*x_p*x_p - 2*q_add-incomplete*x_q*x_q*x_p + q_add-incomplete*x_q*x_q*x_q + q_add-incomplete*x_p*x_p*x_p - 2*q_add-incomplete*x_p*x_p*x_q + q_add-incomplete*x_p*x_q*x_q - q_add-incomplete*y_p*y_p + 2*q_add-incomplete*y_p*y_q - q_add-incomplete*y_q*y_q,prime-field-montgomery,element,specialized,p255_bls12_381_scalar,256,8,0x73eda753299d7d483339d80809a1d80553bda402fffe5bfeffffffff00000001,24,16777216,6,4,12,2,10,whole-run,fixed,triton-sumcheck-prime-field-montgomery-element-layout-specialized-points-treduce,197.537,129.043,0.000,0.000000,0.000,129.043,ok,cuda-sumcheck-prime-field-montgomery-element-layout-specialized-points,139.023,136.404,0,0,0,136.404,ok,true,104637545035400,104637545035400,0.946035,,experiments/h100/sweep_treduce/cases/zk_incomplete_add_1_bw256_r24.log
zk_incomplete_add_1,q_add-incomplete*x_r*x_p*x_p - 2*q_add-incomplete*x_r*x_p*x_q + q_add-incomplete*x_r*x_q*x_q + q_add-incomplete*x_q*x_p*x_p - 2*q_add-incomplete*x_q*x_q*x_p + q_add-incomplete*x_q*x_q*x_q + q_add-incomplete*x_p*x_p*x_p - 2*q_add-incomplete*x_p*x_p*x_q + q_add-incomplete*x_p*x_q*x_q - q_add-incomplete*y_p*y_p + 2*q_add-incomplete*y_p*y_q - q_add-incomplete*y_q*y_q,prime-field-montgomery,element,specialized,p255_bls12_381_scalar,256,8,0x73eda753299d7d483339d80809a1d80553bda402fffe5bfeffffffff00000001,26,67108864,6,4,12,2,10,whole-run,fixed,triton-sumcheck-prime-field-montgomery-element-layout-specialized-points-treduce,592.006,479.627,0.000,0.000000,0.000,479.627,ok,cuda-sumcheck-prime-field-montgomery-element-layout-specialized-points,517.16,510.939,0,0,0,510.939,ok,true,113611566622619,113611566622619,0.938717,,experiments/h100/sweep_treduce/cases/zk_incomplete_add_1_bw256_r26.log
zk_incomplete_add_1,q_add-incomplete*x_r*x_p*x_p - 2*q_add-incomplete*x_r*x_p*x_q + q_add-incomplete*x_r*x_q*x_q + q_add-incomplete*x_q*x_p*x_p - 2*q_add-incomplete*x_q*x_q*x_p + q_add-incomplete*x_q*x_q*x_q + q_add-incomplete*x_p*x_p*x_p - 2*q_add-incomplete*x_p*x_p*x_q + q_add-incomplete*x_p*x_q*x_q - q_add-incomplete*y_p*y_p + 2*q_add-incomplete*y_p*y_q - q_add-incomplete*y_q*y_q,prime-field-montgomery,element,specialized,,256,,,28,268435456,6,4,12,2,10,whole-run,fixed,,,,,,,,skipped,,,,,,,,skipped,skipped,,,,returncode=1,experiments/h100/sweep_treduce/cases/zk_incomplete_add_1_bw256_r28.log
zk_incomplete_add_2,q_add-incomplete*y_r*x_p - q_add-incomplete*y_r*x_q + q_add-incomplete*y_q*x_p - q_add-incomplete*y_q*x_q - q_add-incomplete*y_p*x_q + q_add-incomplete*y_p*x_r - q_add-incomplete*y_q*x_r + q_add-incomplete*y_q*x_q,prime-field-montgomery,element,specialized,p32_2^32_minus_5,32,1,0xfffffffb,14,16384,7,3,8,2,10,whole-run,fixed,triton-sumcheck-prime-field-montgomery-element-layout-specialized-points-treduce,209.369,4.579,0.000,0.000000,0.000,4.579,ok,cuda-sumcheck-prime-field-montgomery-element-layout-specialized-points,1.50416,1.30349,0,0,0,1.30349,ok,true,1475903705757,1475903705757,3.512877,,experiments/h100/sweep_treduce/cases/zk_incomplete_add_2_bw32_r14.log
zk_incomplete_add_2,q_add-incomplete*y_r*x_p - q_add-incomplete*y_r*x_q + q_add-incomplete*y_q*x_p - q_add-incomplete*y_q*x_q - q_add-incomplete*y_p*x_q + q_add-incomplete*y_p*x_r - q_add-incomplete*y_q*x_r + q_add-incomplete*y_q*x_q,prime-field-montgomery,element,specialized,p32_2^32_minus_5,32,1,0xfffffffb,16,65536,7,3,8,2,10,whole-run,fixed,triton-sumcheck-prime-field-montgomery-element-layout-specialized-points-treduce,58.185,6.079,0.000,0.000000,0.000,6.079,ok,cuda-sumcheck-prime-field-montgomery-element-layout-specialized-points,1.82787,1.63274,0,0,0,1.63274,ok,true,1802634547025,1802634547025,3.723189,,experiments/h100/sweep_treduce/cases/zk_incomplete_add_2_bw32_r16.log
zk_incomplete_add_2,q_add-incomplete*y_r*x_p - q_add-incomplete*y_r*x_q + q_add-incomplete*y_q*x_p - q_add-incomplete*y_q*x_q - q_add-incomplete*y_p*x_q + q_add-incomplete*y_p*x_r - q_add-incomplete*y_q*x_r + q_add-incomplete*y_q*x_q,prime-field-montgomery,element,specialized,p32_2^32_minus_5,32,1,0xfffffffb,18,262144,7,3,8,2,10,whole-run,fixed,triton-sumcheck-prime-field-montgomery-element-layout-specialized-points-treduce,59.493,7.802,0.000,0.000000,0.000,7.802,ok,cuda-sumcheck-prime-field-montgomery-element-layout-specialized-points,2.16858,1.94061,0,0,0,1.94061,ok,true,2069781033268,2069781033268,4.020385,,experiments/h100/sweep_treduce/cases/zk_incomplete_add_2_bw32_r18.log
zk_incomplete_add_2,q_add-incomplete*y_r*x_p - q_add-incomplete*y_r*x_q + q_add-incomplete*y_q*x_p - q_add-incomplete*y_q*x_q - q_add-incomplete*y_p*x_q + q_add-incomplete*y_p*x_r - q_add-incomplete*y_q*x_r + q_add-incomplete*y_q*x_q,prime-field-montgomery,element,specialized,p32_2^32_minus_5,32,1,0xfffffffb,20,1048576,7,3,8,2,10,whole-run,fixed,triton-sumcheck-prime-field-montgomery-element-layout-specialized-points-treduce,61.813,10.080,0.000,0.000000,0.000,10.080,ok,cuda-sumcheck-prime-field-montgomery-element-layout-specialized-points,2.68694,2.41747,0,0,0,2.41747,ok,true,2175579345134,2175579345134,4.169648,,experiments/h100/sweep_treduce/cases/zk_incomplete_add_2_bw32_r20.log
zk_incomplete_add_2,q_add-incomplete*y_r*x_p - q_add-incomplete*y_r*x_q + q_add-incomplete*y_q*x_p - q_add-incomplete*y_q*x_q - q_add-incomplete*y_p*x_q + q_add-incomplete*y_p*x_r - q_add-incomplete*y_q*x_r + q_add-incomplete*y_q*x_q,prime-field-montgomery,element,specialized,p32_2^32_minus_5,32,1,0xfffffffb,22,4194304,7,3,8,2,10,whole-run,fixed,triton-sumcheck-prime-field-montgomery-element-layout-specialized-points-treduce,64.533,12.494,0.000,0.000000,0.000,12.494,ok,cuda-sumcheck-prime-field-montgomery-element-layout-specialized-points,3.55238,3.31898,0,0,0,3.31898,ok,true,2699488923664,2699488923664,3.764410,,experiments/h100/sweep_treduce/cases/zk_incomplete_add_2_bw32_r22.log
zk_incomplete_add_2,q_add-incomplete*y_r*x_p - q_add-incomplete*y_r*x_q + q_add-incomplete*y_q*x_p - q_add-incomplete*y_q*x_q - q_add-incomplete*y_p*x_q + q_add-incomplete*y_p*x_r - q_add-incomplete*y_q*x_r + q_add-incomplete*y_q*x_q,prime-field-montgomery,element,specialized,p32_2^32_minus_5,32,1,0xfffffffb,24,16777216,7,3,8,2,10,whole-run,fixed,triton-sumcheck-prime-field-montgomery-element-layout-specialized-points-treduce,67.500,15.686,0.000,0.000000,0.000,15.686,ok,cuda-sumcheck-prime-field-montgomery-element-layout-specialized-points,6.04016,5.78147,0,0,0,5.78147,ok,true,2656691004669,2656691004669,2.713151,,experiments/h100/sweep_treduce/cases/zk_incomplete_add_2_bw32_r24.log
zk_incomplete_add_2,q_add-incomplete*y_r*x_p - q_add-incomplete*y_r*x_q + q_add-incomplete*y_q*x_p - q_add-incomplete*y_q*x_q - q_add-incomplete*y_p*x_q + q_add-incomplete*y_p*x_r - q_add-incomplete*y_q*x_r + q_add-incomplete*y_q*x_q,prime-field-montgomery,element,specialized,p32_2^32_minus_5,32,1,0xfffffffb,26,67108864,7,3,8,2,10,whole-run,fixed,triton-sumcheck-prime-field-montgomery-element-layout-specialized-points-treduce,75.678,24.574,0.000,0.000000,0.000,24.574,ok,cuda-sumcheck-prime-field-montgomery-element-layout-specialized-points,14.6005,14.3474,0,0,0,14.3474,ok,true,3227232149063,3227232149063,1.712784,,experiments/h100/sweep_treduce/cases/zk_incomplete_add_2_bw32_r26.log
zk_incomplete_add_2,q_add-incomplete*y_r*x_p - q_add-incomplete*y_r*x_q + q_add-incomplete*y_q*x_p - q_add-incomplete*y_q*x_q - q_add-incomplete*y_p*x_q + q_add-incomplete*y_p*x_r - q_add-incomplete*y_q*x_r + q_add-incomplete*y_q*x_q,prime-field-montgomery,element,specialized,p32_2^32_minus_5,32,1,0xfffffffb,28,268435456,7,3,8,2,10,whole-run,fixed,triton-sumcheck-prime-field-montgomery-element-layout-specialized-points-treduce,106.402,58.210,0.000,0.000000,0.000,58.210,ok,cuda-sumcheck-prime-field-montgomery-element-layout-specialized-points,47.3924,47.265,0,0,0,47.265,ok,true,3226796434433,3226796434433,1.231567,,experiments/h100/sweep_treduce/cases/zk_incomplete_add_2_bw32_r28.log
zk_incomplete_add_2,q_add-incomplete*y_r*x_p - q_add-incomplete*y_r*x_q + q_add-incomplete*y_q*x_p - q_add-incomplete*y_q*x_q - q_add-incomplete*y_p*x_q + q_add-incomplete*y_p*x_r - q_add-incomplete*y_q*x_r + q_add-incomplete*y_q*x_q,prime-field-montgomery,element,specialized,p64_goldilocks,64,2,0xffffffff00000001,14,16384,7,3,8,2,10,whole-run,fixed,triton-sumcheck-prime-field-montgomery-element-layout-specialized-points-treduce,286.668,4.563,0.000,0.000000,0.000,4.563,ok,cuda-sumcheck-prime-field-montgomery-element-layout-specialized-points,1.67104,1.39555,0,0,0,1.39555,ok,true,5063240167570,5063240167570,3.269679,,experiments/h100/sweep_treduce/cases/zk_incomplete_add_2_bw64_r14.log
zk_incomplete_add_2,q_add-incomplete*y_r*x_p - q_add-incomplete*y_r*x_q + q_add-incomplete*y_q*x_p - q_add-incomplete*y_q*x_q - q_add-incomplete*y_p*x_q + q_add-incomplete*y_p*x_r - q_add-incomplete*y_q*x_r + q_add-incomplete*y_q*x_q,prime-field-montgomery,element,specialized,p64_goldilocks,64,2,0xffffffff00000001,16,65536,7,3,8,2,10,whole-run,fixed,triton-sumcheck-prime-field-montgomery-element-layout-specialized-points-treduce,60.278,6.150,0.000,0.000000,0.000,6.150,ok,cuda-sumcheck-prime-field-montgomery-element-layout-specialized-points,1.98605,1.71395,0,0,0,1.71395,ok,true,5190217277531,5190217277531,3.588203,,experiments/h100/sweep_treduce/cases/zk_incomplete_add_2_bw64_r16.log
zk_incomplete_add_2,q_add-incomplete*y_r*x_p - q_add-incomplete*y_r*x_q + q_add-incomplete*y_q*x_p - q_add-incomplete*y_q*x_q - q_add-incomplete*y_p*x_q + q_add-incomplete*y_p*x_r - q_add-incomplete*y_q*x_r + q_add-incomplete*y_q*x_q,prime-field-montgomery,element,specialized,p64_goldilocks,64,2,0xffffffff00000001,18,262144,7,3,8,2,10,whole-run,fixed,triton-sumcheck-prime-field-montgomery-element-layout-specialized-points-treduce,61.887,7.984,0.000,0.000000,0.000,7.984,ok,cuda-sumcheck-prime-field-montgomery-element-layout-specialized-points,2.4088,2.16653,0,0,0,2.16653,ok,true,5548738242723,5548738242723,3.685156,,experiments/h100/sweep_treduce/cases/zk_incomplete_add_2_bw64_r18.log
zk_incomplete_add_2,q_add-incomplete*y_r*x_p - q_add-incomplete*y_r*x_q + q_add-incomplete*y_q*x_p - q_add-incomplete*y_q*x_q - q_add-incomplete*y_p*x_q + q_add-incomplete*y_p*x_r - q_add-incomplete*y_q*x_r + q_add-incomplete*y_q*x_q,prime-field-montgomery,element,specialized,p64_goldilocks,64,2,0xffffffff00000001,20,1048576,7,3,8,2,10,whole-run,fixed,triton-sumcheck-prime-field-montgomery-element-layout-specialized-points-treduce,64.125,10.123,0.000,0.000000,0.000,10.123,ok,cuda-sumcheck-prime-field-montgomery-element-layout-specialized-points,3.03795,2.75952,0,0,0,2.75952,ok,true,7058066187523,7058066187523,3.668392,,experiments/h100/sweep_treduce/cases/zk_incomplete_add_2_bw64_r20.log
zk_incomplete_add_2,q_add-incomplete*y_r*x_p - q_add-incomplete*y_r*x_q + q_add-incomplete*y_q*x_p - q_add-incomplete*y_q*x_q - q_add-incomplete*y_p*x_q + q_add-incomplete*y_p*x_r - q_add-incomplete*y_q*x_r + q_add-incomplete*y_q*x_q,prime-field-montgomery,element,specialized,p64_goldilocks,64,2,0xffffffff00000001,22,4194304,7,3,8,2,10,whole-run,fixed,triton-sumcheck-prime-field-montgomery-element-layout-specialized-points-treduce,66.691,13.098,0.000,0.000000,0.000,13.098,ok,cuda-sumcheck-prime-field-montgomery-element-layout-specialized-points,4.49283,4.2959,0,0,0,4.2959,ok,true,7402501928497,7402501928497,3.048954,,experiments/h100/sweep_treduce/cases/zk_incomplete_add_2_bw64_r22.log
zk_incomplete_add_2,q_add-incomplete*y_r*x_p - q_add-incomplete*y_r*x_q + q_add-incomplete*y_q*x_p - q_add-incomplete*y_q*x_q - q_add-incomplete*y_p*x_q + q_add-incomplete*y_p*x_r - q_add-incomplete*y_q*x_r + q_add-incomplete*y_q*x_q,prime-field-montgomery,element,specialized,p64_goldilocks,64,2,0xffffffff00000001,24,16777216,7,3,8,2,10,whole-run,fixed,triton-sumcheck-prime-field-montgomery-element-layout-specialized-points-treduce,70.627,17.466,0.000,0.000000,0.000,17.466,ok,cuda-sumcheck-prime-field-montgomery-element-layout-specialized-points,9.2208,8.95702,0,0,0,8.95702,ok,true,8484710180167,8484710180167,1.949979,,experiments/h100/sweep_treduce/cases/zk_incomplete_add_2_bw64_r24.log
zk_incomplete_add_2,q_add-incomplete*y_r*x_p - q_add-incomplete*y_r*x_q + q_add-incomplete*y_q*x_p - q_add-incomplete*y_q*x_q - q_add-incomplete*y_p*x_q + q_add-incomplete*y_p*x_r - q_add-incomplete*y_q*x_r + q_add-incomplete*y_q*x_q,prime-field-montgomery,element,specialized,p64_goldilocks,64,2,0xffffffff00000001,26,67108864,7,3,8,2,10,whole-run,fixed,triton-sumcheck-prime-field-montgomery-element-layout-specialized-points-treduce,86.640,35.743,0.000,0.000000,0.000,35.743,ok,cuda-sumcheck-prime-field-montgomery-element-layout-specialized-points,26.5264,26.5244,0,0,0,26.5244,ok,true,8717039409754,8717039409754,1.347552,,experiments/h100/sweep_treduce/cases/zk_incomplete_add_2_bw64_r26.log
zk_incomplete_add_2,q_add-incomplete*y_r*x_p - q_add-incomplete*y_r*x_q + q_add-incomplete*y_q*x_p - q_add-incomplete*y_q*x_q - q_add-incomplete*y_p*x_q + q_add-incomplete*y_p*x_r - q_add-incomplete*y_q*x_r + q_add-incomplete*y_q*x_q,prime-field-montgomery,element,specialized,p64_goldilocks,64,2,0xffffffff00000001,28,268435456,7,3,8,2,10,whole-run,fixed,triton-sumcheck-prime-field-montgomery-element-layout-specialized-points-treduce,158.641,111.909,0.000,0.000000,0.000,111.909,ok,cuda-sumcheck-prime-field-montgomery-element-layout-specialized-points,95.077,100.535,0,0,0,100.535,ok,true,9223533275619,9223533275619,1.113135,,experiments/h100/sweep_treduce/cases/zk_incomplete_add_2_bw64_r28.log
zk_incomplete_add_2,q_add-incomplete*y_r*x_p - q_add-incomplete*y_r*x_q + q_add-incomplete*y_q*x_p - q_add-incomplete*y_q*x_q - q_add-incomplete*y_p*x_q + q_add-incomplete*y_p*x_r - q_add-incomplete*y_q*x_r + q_add-incomplete*y_q*x_q,prime-field-montgomery,element,specialized,p128_mersenne_2^127_minus_1,128,4,0x7fffffffffffffffffffffffffffffff,14,16384,7,3,8,2,10,whole-run,fixed,triton-sumcheck-prime-field-montgomery-element-layout-specialized-points-treduce,545.851,4.661,0.000,0.000000,0.000,4.661,ok,cuda-sumcheck-prime-field-montgomery-element-layout-specialized-points,1.99418,1.49843,0,0,0,1.49843,ok,true,20345484478540,20345484478540,3.110589,,experiments/h100/sweep_treduce/cases/zk_incomplete_add_2_bw128_r14.log
zk_incomplete_add_2,q_add-incomplete*y_r*x_p - q_add-incomplete*y_r*x_q + q_add-incomplete*y_q*x_p - q_add-incomplete*y_q*x_q - q_add-incomplete*y_p*x_q + q_add-incomplete*y_p*x_r - q_add-incomplete*y_q*x_r + q_add-incomplete*y_q*x_q,prime-field-montgomery,element,specialized,p128_mersenne_2^127_minus_1,128,4,0x7fffffffffffffffffffffffffffffff,16,65536,7,3,8,2,10,whole-run,fixed,triton-sumcheck-prime-field-montgomery-element-layout-specialized-points-treduce,64.963,6.135,0.000,0.000000,0.000,6.135,ok,cuda-sumcheck-prime-field-montgomery-element-layout-specialized-points,2.37626,1.88963,0,0,0,1.88963,ok,true,22021799201571,22021799201571,3.246667,,experiments/h100/sweep_treduce/cases/zk_incomplete_add_2_bw128_r16.log
zk_incomplete_add_2,q_add-incomplete*y_r*x_p - q_add-incomplete*y_r*x_q + q_add-incomplete*y_q*x_p - q_add-incomplete*y_q*x_q - q_add-incomplete*y_p*x_q + q_add-incomplete*y_p*x_r - q_add-incomplete*y_q*x_r + q_add-incomplete*y_q*x_q,prime-field-montgomery,element,specialized,p128_mersenne_2^127_minus_1,128,4,0x7fffffffffffffffffffffffffffffff,18,262144,7,3,8,2,10,whole-run,fixed,triton-sumcheck-prime-field-montgomery-element-layout-specialized-points-treduce,67.576,7.970,0.000,0.000000,0.000,7.970,ok,cuda-sumcheck-prime-field-montgomery-element-layout-specialized-points,2.90189,2.42509,0,0,0,2.42509,ok,true,23731428474546,23731428474546,3.286476,,experiments/h100/sweep_treduce/cases/zk_incomplete_add_2_bw128_r18.log
zk_incomplete_add_2,q_add-incomplete*y_r*x_p - q_add-incomplete*y_r*x_q + q_add-incomplete*y_q*x_p - q_add-incomplete*y_q*x_q - q_add-incomplete*y_p*x_q + q_add-incomplete*y_p*x_r - q_add-incomplete*y_q*x_r + q_add-incomplete*y_q*x_q,prime-field-montgomery,element,specialized,p128_mersenne_2^127_minus_1,128,4,0x7fffffffffffffffffffffffffffffff,20,1048576,7,3,8,2,10,whole-run,fixed,triton-sumcheck-prime-field-montgomery-element-layout-specialized-points-treduce,69.245,10.400,0.000,0.000000,0.000,10.400,ok,cuda-sumcheck-prime-field-montgomery-element-layout-specialized-points,3.90787,3.47088,0,0,0,3.47088,ok,true,24714018976478,24714018976478,2.996358,,experiments/h100/sweep_treduce/cases/zk_incomplete_add_2_bw128_r20.log
zk_incomplete_add_2,q_add-incomplete*y_r*x_p - q_add-incomplete*y_r*x_q + q_add-incomplete*y_q*x_p - q_add-incomplete*y_q*x_q - q_add-incomplete*y_p*x_q + q_add-incomplete*y_p*x_r - q_add-incomplete*y_q*x_r + q_add-incomplete*y_q*x_q,prime-field-montgomery,element,specialized,p128_mersenne_2^127_minus_1,128,4,0x7fffffffffffffffffffffffffffffff,22,4194304,7,3,8,2,10,whole-run,fixed,triton-sumcheck-prime-field-montgomery-element-layout-specialized-points-treduce,73.828,13.598,0.000,0.000000,0.000,13.598,ok,cuda-sumcheck-prime-field-montgomery-element-layout-specialized-points,7.04211,6.61232,0,0,0,6.61232,ok,true,25599534664041,25599534664041,2.056464,,experiments/h100/sweep_treduce/cases/zk_incomplete_add_2_bw128_r22.log
zk_incomplete_add_2,q_add-incomplete*y_r*x_p - q_add-incomplete*y_r*x_q + q_add-incomplete*y_q*x_p - q_add-incomplete*y_q*x_q - q_add-incomplete*y_p*x_q + q_add-incomplete*y_p*x_r - q_add-incomplete*y_q*x_r + q_add-incomplete*y_q*x_q,prime-field-montgomery,element,specialized,p128_mersenne_2^127_minus_1,128,4,0x7fffffffffffffffffffffffffffffff,24,16777216,7,3,8,2,10,whole-run,fixed,triton-sumcheck-prime-field-montgomery-element-layout-specialized-points-treduce,83.507,25.042,0.000,0.000000,0.000,25.042,ok,cuda-sumcheck-prime-field-montgomery-element-layout-specialized-points,17.5658,17.0859,0,0,0,17.0859,ok,true,26776702859257,26776702859257,1.465653,,experiments/h100/sweep_treduce/cases/zk_incomplete_add_2_bw128_r24.log
zk_incomplete_add_2,q_add-incomplete*y_r*x_p - q_add-incomplete*y_r*x_q + q_add-incomplete*y_q*x_p - q_add-incomplete*y_q*x_q - q_add-incomplete*y_p*x_q + q_add-incomplete*y_p*x_r - q_add-incomplete*y_q*x_r + q_add-incomplete*y_q*x_q,prime-field-montgomery,element,specialized,p128_mersenne_2^127_minus_1,128,4,0x7fffffffffffffffffffffffffffffff,26,67108864,7,3,8,2,10,whole-run,fixed,triton-sumcheck-prime-field-montgomery-element-layout-specialized-points-treduce,123.831,67.859,0.000,0.000000,0.000,67.859,ok,cuda-sumcheck-prime-field-montgomery-element-layout-specialized-points,57.4235,56.9935,0,0,0,56.9935,ok,true,29651709585758,29651709585758,1.190645,,experiments/h100/sweep_treduce/cases/zk_incomplete_add_2_bw128_r26.log
zk_incomplete_add_2,q_add-incomplete*y_r*x_p - q_add-incomplete*y_r*x_q + q_add-incomplete*y_q*x_p - q_add-incomplete*y_q*x_q - q_add-incomplete*y_p*x_q + q_add-incomplete*y_p*x_r - q_add-incomplete*y_q*x_r + q_add-incomplete*y_q*x_q,prime-field-montgomery,element,specialized,,128,,,28,268435456,7,3,8,2,10,whole-run,fixed,,,,,,,,skipped,,,,,,,,skipped,skipped,,,,returncode=1,experiments/h100/sweep_treduce/cases/zk_incomplete_add_2_bw128_r28.log
zk_incomplete_add_2,q_add-incomplete*y_r*x_p - q_add-incomplete*y_r*x_q + q_add-incomplete*y_q*x_p - q_add-incomplete*y_q*x_q - q_add-incomplete*y_p*x_q + q_add-incomplete*y_p*x_r - q_add-incomplete*y_q*x_r + q_add-incomplete*y_q*x_q,prime-field-montgomery,element,specialized,p255_bls12_381_scalar,256,8,0x73eda753299d7d483339d80809a1d80553bda402fffe5bfeffffffff00000001,14,16384,7,3,8,2,10,whole-run,fixed,triton-sumcheck-prime-field-montgomery-element-layout-specialized-points-treduce,3101.506,6.819,0.000,0.000000,0.000,6.819,ok,cuda-sumcheck-prime-field-montgomery-element-layout-specialized-points,4.04464,2.75206,0,0,0,2.75206,ok,true,50237089022133,50237089022133,2.477780,,experiments/h100/sweep_treduce/cases/zk_incomplete_add_2_bw256_r14.log
zk_incomplete_add_2,q_add-incomplete*y_r*x_p - q_add-incomplete*y_r*x_q + q_add-incomplete*y_q*x_p - q_add-incomplete*y_q*x_q - q_add-incomplete*y_p*x_q + q_add-incomplete*y_p*x_r - q_add-incomplete*y_q*x_r + q_add-incomplete*y_q*x_q,prime-field-montgomery,element,specialized,p255_bls12_381_scalar,256,8,0x73eda753299d7d483339d80809a1d80553bda402fffe5bfeffffffff00000001,16,65536,7,3,8,2,10,whole-run,fixed,triton-sumcheck-prime-field-montgomery-element-layout-specialized-points-treduce,47.853,4.279,0.000,0.000000,0.000,4.279,ok,cuda-sumcheck-prime-field-montgomery-element-layout-specialized-points,4.57536,3.34685,0,0,0,3.34685,ok,true,57860795383755,57860795383755,1.278516,,experiments/h100/sweep_treduce/cases/zk_incomplete_add_2_bw256_r16.log
zk_incomplete_add_2,q_add-incomplete*y_r*x_p - q_add-incomplete*y_r*x_q + q_add-incomplete*y_q*x_p - q_add-incomplete*y_q*x_q - q_add-incomplete*y_p*x_q + q_add-incomplete*y_p*x_r - q_add-incomplete*y_q*x_r + q_add-incomplete*y_q*x_q,prime-field-montgomery,element,specialized,p255_bls12_381_scalar,256,8,0x73eda753299d7d483339d80809a1d80553bda402fffe5bfeffffffff00000001,18,262144,7,3,8,2,10,whole-run,fixed,triton-sumcheck-prime-field-montgomery-element-layout-specialized-points-treduce,49.637,5.530,0.000,0.000000,0.000,5.530,ok,cuda-sumcheck-prime-field-montgomery-element-layout-specialized-points,5.93568,4.74509,0,0,0,4.74509,ok,true,64002240322007,64002240322007,1.165415,,experiments/h100/sweep_treduce/cases/zk_incomplete_add_2_bw256_r18.log
zk_incomplete_add_2,q_add-incomplete*y_r*x_p - q_add-incomplete*y_r*x_q + q_add-incomplete*y_q*x_p - q_add-incomplete*y_q*x_q - q_add-incomplete*y_p*x_q + q_add-incomplete*y_p*x_r - q_add-incomplete*y_q*x_r + q_add-incomplete*y_q*x_q,prime-field-montgomery,element,specialized,p255_bls12_381_scalar,256,8,0x73eda753299d7d483339d80809a1d80553bda402fffe5bfeffffffff00000001,20,1048576,7,3,8,2,10,whole-run,fixed,triton-sumcheck-prime-field-montgomery-element-layout-specialized-points-treduce,52.199,8.886,0.000,0.000000,0.000,8.886,ok,cuda-sumcheck-prime-field-montgomery-element-layout-specialized-points,9.40042,8.16557,0,0,0,8.16557,ok,true,70232109488970,70232109488970,1.088228,,experiments/h100/sweep_treduce/cases/zk_incomplete_add_2_bw256_r20.log
zk_incomplete_add_2,q_add-incomplete*y_r*x_p - q_add-incomplete*y_r*x_q + q_add-incomplete*y_q*x_p - q_add-incomplete*y_q*x_q - q_add-incomplete*y_p*x_q + q_add-incomplete*y_p*x_r - q_add-incomplete*y_q*x_r + q_add-incomplete*y_q*x_q,prime-field-montgomery,element,specialized,p255_bls12_381_scalar,256,8,0x73eda753299d7d483339d80809a1d80553bda402fffe5bfeffffffff00000001,22,4194304,7,3,8,2,10,whole-run,fixed,triton-sumcheck-prime-field-montgomery-element-layout-specialized-points-treduce,62.892,20.760,0.000,0.000000,0.000,20.760,ok,cuda-sumcheck-prime-field-montgomery-element-layout-specialized-points,20.5384,19.315,0,0,0,19.315,ok,true,76659979359522,76659979359522,1.074812,,experiments/h100/sweep_treduce/cases/zk_incomplete_add_2_bw256_r22.log
zk_incomplete_add_2,q_add-incomplete*y_r*x_p - q_add-incomplete*y_r*x_q + q_add-incomplete*y_q*x_p - q_add-incomplete*y_q*x_q - q_add-incomplete*y_p*x_q + q_add-incomplete*y_p*x_r - q_add-incomplete*y_q*x_r + q_add-incomplete*y_q*x_q,prime-field-montgomery,element,specialized,p255_bls12_381_scalar,256,8,0x73eda753299d7d483339d80809a1d80553bda402fffe5bfeffffffff00000001,24,16777216,7,3,8,2,10,whole-run,fixed,triton-sumcheck-prime-field-montgomery-element-layout-specialized-points-treduce,137.686,66.978,0.000,0.000000,0.000,66.978,ok,cuda-sumcheck-prime-field-montgomery-element-layout-specialized-points,63.888,62.6445,0,0,0,62.6445,ok,true,86882634873749,86882634873749,1.069176,,experiments/h100/sweep_treduce/cases/zk_incomplete_add_2_bw256_r24.log
zk_incomplete_add_2,q_add-incomplete*y_r*x_p - q_add-incomplete*y_r*x_q + q_add-incomplete*y_q*x_p - q_add-incomplete*y_q*x_q - q_add-incomplete*y_p*x_q + q_add-incomplete*y_p*x_r - q_add-incomplete*y_q*x_r + q_add-incomplete*y_q*x_q,prime-field-montgomery,element,specialized,p255_bls12_381_scalar,256,8,0x73eda753299d7d483339d80809a1d80553bda402fffe5bfeffffffff00000001,26,67108864,7,3,8,2,10,whole-run,fixed,triton-sumcheck-prime-field-montgomery-element-layout-specialized-points-treduce,309.395,239.961,0.000,0.000000,0.000,239.961,ok,cuda-sumcheck-prime-field-montgomery-element-layout-specialized-points,239.858,231.627,0,0,0,231.627,ok,true,92915666596363,92915666596363,1.035980,,experiments/h100/sweep_treduce/cases/zk_incomplete_add_2_bw256_r26.log
zk_incomplete_add_2,q_add-incomplete*y_r*x_p - q_add-incomplete*y_r*x_q + q_add-incomplete*y_q*x_p - q_add-incomplete*y_q*x_q - q_add-incomplete*y_p*x_q + q_add-incomplete*y_p*x_r - q_add-incomplete*y_q*x_r + q_add-incomplete*y_q*x_q,prime-field-montgomery,element,specialized,,256,,,28,268435456,7,3,8,2,10,whole-run,fixed,,,,,,,,skipped,,,,,,,,skipped,skipped,,,,returncode=1,experiments/h100/sweep_treduce/cases/zk_incomplete_add_2_bw256_r28.log
zk_complete_add_1,q_add*x_q*x_q*lambda - 2*q_add*x_q*x_p*lambda + q_add*x_p*x_p*lambda - q_add*x_q*y_q + q_add*x_q*y_p + q_add*x_p*y_q - q_add*x_p*y_p,prime-field-montgomery,element,specialized,p32_2^32_minus_5,32,1,0xfffffffb,14,16384,6,4,7,2,10,whole-run,fixed,triton-sumcheck-prime-field-montgomery-element-layout-specialized-points-treduce,32.644,3.221,0.000,0.000000,0.000,3.221,ok,cuda-sumcheck-prime-field-montgomery-element-layout-specialized-points,1.86019,1.6304,0,0,0,1.6304,ok,true,1821460795193,1821460795193,1.975589,,experiments/h100/sweep_treduce/cases/zk_complete_add_1_bw32_r14.log
zk_complete_add_1,q_add*x_q*x_q*lambda - 2*q_add*x_q*x_p*lambda + q_add*x_p*x_p*lambda - q_add*x_q*y_q + q_add*x_q*y_p + q_add*x_p*y_q - q_add*x_p*y_p,prime-field-montgomery,element,specialized,p32_2^32_minus_5,32,1,0xfffffffb,16,65536,6,4,7,2,10,whole-run,fixed,triton-sumcheck-prime-field-montgomery-element-layout-specialized-points-treduce,61.371,7.431,0.000,0.000000,0.000,7.431,ok,cuda-sumcheck-prime-field-montgomery-element-layout-specialized-points,2.14147,1.99898,0,0,0,1.99898,ok,true,2282449042640,2282449042640,3.717396,,experiments/h100/sweep_treduce/cases/zk_complete_add_1_bw32_r16.log
zk_complete_add_1,q_add*x_q*x_q*lambda - 2*q_add*x_q*x_p*lambda + q_add*x_p*x_p*lambda - q_add*x_q*y_q + q_add*x_q*y_p + q_add*x_p*y_q - q_add*x_p*y_p,prime-field-montgomery,element,specialized,p32_2^32_minus_5,32,1,0xfffffffb,18,262144,6,4,7,2,10,whole-run,fixed,triton-sumcheck-prime-field-montgomery-element-layout-specialized-points-treduce,63.982,9.614,0.000,0.000000,0.000,9.614,ok,cuda-sumcheck-prime-field-montgomery-element-layout-specialized-points,2.71818,2.4097,0,0,0,2.4097,ok,true,2777791206502,2777791206502,3.989708,,experiments/h100/sweep_treduce/cases/zk_complete_add_1_bw32_r18.log
zk_complete_add_1,q_add*x_q*x_q*lambda - 2*q_add*x_q*x_p*lambda + q_add*x_p*x_p*lambda - q_add*x_q*y_q + q_add*x_q*y_p + q_add*x_p*y_q - q_add*x_p*y_p,prime-field-montgomery,element,specialized,p32_2^32_minus_5,32,1,0xfffffffb,20,1048576,6,4,7,2,10,whole-run,fixed,triton-sumcheck-prime-field-montgomery-element-layout-specialized-points-treduce,66.936,12.201,0.000,0.000000,0.000,12.201,ok,cuda-sumcheck-prime-field-montgomery-element-layout-specialized-points,3.25491,2.95622,0,0,0,2.95622,ok,true,2485472501538,2485472501538,4.127230,,experiments/h100/sweep_treduce/cases/zk_complete_add_1_bw32_r20.log
zk_complete_add_1,q_add*x_q*x_q*lambda - 2*q_add*x_q*x_p*lambda + q_add*x_p*x_p*lambda - q_add*x_q*y_q + q_add*x_q*y_p + q_add*x_p*y_q - q_add*x_p*y_p,prime-field-montgomery,element,specialized,p32_2^32_minus_5,32,1,0xfffffffb,22,4194304,6,4,7,2,10,whole-run,fixed,triton-sumcheck-prime-field-montgomery-element-layout-specialized-points-treduce,70.173,15.323,0.000,0.000000,0.000,15.323,ok,cuda-sumcheck-prime-field-montgomery-element-layout-specialized-points,4.30928,4.00592,0,0,0,4.00592,ok,true,3234688708615,3234688708615,3.825089,,experiments/h100/sweep_treduce/cases/zk_complete_add_1_bw32_r22.log
zk_complete_add_1,q_add*x_q*x_q*lambda - 2*q_add*x_q*x_p*lambda + q_add*x_p*x_p*lambda - q_add*x_q*y_q + q_add*x_q*y_p + q_add*x_p*y_q - q_add*x_p*y_p,prime-field-montgomery,element,specialized,p32_2^32_minus_5,32,1,0xfffffffb,24,16777216,6,4,7,2,10,whole-run,fixed,triton-sumcheck-prime-field-montgomery-element-layout-specialized-points-treduce,73.050,18.598,0.000,0.000000,0.000,18.598,ok,cuda-sumcheck-prime-field-montgomery-element-layout-specialized-points,6.88768,6.63747,0,0,0,6.63747,ok,true,3265539512898,3265539512898,2.801971,,experiments/h100/sweep_treduce/cases/zk_complete_add_1_bw32_r24.log
zk_complete_add_1,q_add*x_q*x_q*lambda - 2*q_add*x_q*x_p*lambda + q_add*x_p*x_p*lambda - q_add*x_q*y_q + q_add*x_q*y_p + q_add*x_p*y_q - q_add*x_p*y_p,prime-field-montgomery,element,specialized,p32_2^32_minus_5,32,1,0xfffffffb,26,67108864,6,4,7,2,10,whole-run,fixed,triton-sumcheck-prime-field-montgomery-element-layout-specialized-points-treduce,81.860,28.575,0.000,0.000000,0.000,28.575,ok,cuda-sumcheck-prime-field-montgomery-element-layout-specialized-points,15.6463,15.3367,0,0,0,15.3367,ok,true,3690453319293,3690453319293,1.863178,,experiments/h100/sweep_treduce/cases/zk_complete_add_1_bw32_r26.log
zk_complete_add_1,q_add*x_q*x_q*lambda - 2*q_add*x_q*x_p*lambda + q_add*x_p*x_p*lambda - q_add*x_q*y_q + q_add*x_q*y_p + q_add*x_p*y_q - q_add*x_p*y_p,prime-field-montgomery,element,specialized,p32_2^32_minus_5,32,1,0xfffffffb,28,268435456,6,4,7,2,10,whole-run,fixed,triton-sumcheck-prime-field-montgomery-element-layout-specialized-points-treduce,114.893,65.508,0.000,0.000000,0.000,65.508,ok,cuda-sumcheck-prime-field-montgomery-element-layout-specialized-points,49.1855,49.1553,0,0,0,49.1553,ok,true,4009268392064,4009268392064,1.332674,,experiments/h100/sweep_treduce/cases/zk_complete_add_1_bw32_r28.log
zk_complete_add_1,q_add*x_q*x_q*lambda - 2*q_add*x_q*x_p*lambda + q_add*x_p*x_p*lambda - q_add*x_q*y_q + q_add*x_q*y_p + q_add*x_p*y_q - q_add*x_p*y_p,prime-field-montgomery,element,specialized,p64_goldilocks,64,2,0xffffffff00000001,14,16384,6,4,7,2,10,whole-run,fixed,triton-sumcheck-prime-field-montgomery-element-layout-specialized-points-treduce,62.396,5.505,0.000,0.000000,0.000,5.505,ok,cuda-sumcheck-prime-field-montgomery-element-layout-specialized-points,2.06272,1.72877,0,0,0,1.72877,ok,true,5924044064627,5924044064627,3.184345,,experiments/h100/sweep_treduce/cases/zk_complete_add_1_bw64_r14.log
zk_complete_add_1,q_add*x_q*x_q*lambda - 2*q_add*x_q*x_p*lambda + q_add*x_p*x_p*lambda - q_add*x_q*y_q + q_add*x_q*y_p + q_add*x_p*y_q - q_add*x_p*y_p,prime-field-montgomery,element,specialized,p64_goldilocks,64,2,0xffffffff00000001,16,65536,6,4,7,2,10,whole-run,fixed,triton-sumcheck-prime-field-montgomery-element-layout-specialized-points-treduce,64.518,7.452,0.000,0.000000,0.000,7.452,ok,cuda-sumcheck-prime-field-montgomery-element-layout-specialized-points,2.47402,2.16096,0,0,0,2.16096,ok,true,6617720230602,6617720230602,3.448467,,experiments/h100/sweep_treduce/cases/zk_complete_add_1_bw64_r16.log
zk_complete_add_1,q_add*x_q*x_q*lambda - 2*q_add*x_q*x_p*lambda + q_add*x_p*x_p*lambda - q_add*x_q*y_q + q_add*x_q*y_p + q_add*x_p*y_q - q_add*x_p*y_p,prime-field-montgomery,element,specialized,p64_goldilocks,64,2,0xffffffff00000001,18,262144,6,4,7,2,10,whole-run,fixed,triton-sumcheck-prime-field-montgomery-element-layout-specialized-points-treduce,66.516,9.712,0.000,0.000000,0.000,9.712,ok,cuda-sumcheck-prime-field-montgomery-element-layout-specialized-points,3.00995,2.68506,0,0,0,2.68506,ok,true,7872813306969,7872813306969,3.617051,,experiments/h100/sweep_treduce/cases/zk_complete_add_1_bw64_r18.log
zk_complete_add_1,q_add*x_q*x_q*lambda - 2*q_add*x_q*x_p*lambda + q_add*x_p*x_p*lambda - q_add*x_q*y_q + q_add*x_q*y_p + q_add*x_p*y_q - q_add*x_p*y_p,prime-field-montgomery,element,specialized,p64_goldilocks,64,2,0xffffffff00000001,20,1048576,6,4,7,2,10,whole-run,fixed,triton-sumcheck-prime-field-montgomery-element-layout-specialized-points-treduce,69.430,12.449,0.000,0.000000,0.000,12.449,ok,cuda-sumcheck-prime-field-montgomery-element-layout-specialized-points,3.67795,3.38035,0,0,0,3.38035,ok,true,8564660564720,8564660564720,3.682755,,experiments/h100/sweep_treduce/cases/zk_complete_add_1_bw64_r20.log
zk_complete_add_1,q_add*x_q*x_q*lambda - 2*q_add*x_q*x_p*lambda + q_add*x_p*x_p*lambda - q_add*x_q*y_q + q_add*x_q*y_p + q_add*x_p*y_q - q_add*x_p*y_p,prime-field-montgomery,element,specialized,p64_goldilocks,64,2,0xffffffff00000001,22,4194304,6,4,7,2,10,whole-run,fixed,triton-sumcheck-prime-field-montgomery-element-layout-specialized-points-treduce,72.137,15.262,0.000,0.000000,0.000,15.262,ok,cuda-sumcheck-prime-field-montgomery-element-layout-specialized-points,5.50749,5.27475,0,0,0,5.27475,ok,true,8960185335829,8960185335829,2.893407,,experiments/h100/sweep_treduce/cases/zk_complete_add_1_bw64_r22.log
zk_complete_add_1,q_add*x_q*x_q*lambda - 2*q_add*x_q*x_p*lambda + q_add*x_p*x_p*lambda - q_add*x_q*y_q + q_add*x_q*y_p + q_add*x_p*y_q - q_add*x_p*y_p,prime-field-montgomery,element,specialized,p64_goldilocks,64,2,0xffffffff00000001,24,16777216,6,4,7,2,10,whole-run,fixed,triton-sumcheck-prime-field-montgomery-element-layout-specialized-points-treduce,76.969,21.113,0.000,0.000000,0.000,21.113,ok,cuda-sumcheck-prime-field-montgomery-element-layout-specialized-points,10.8776,10.576,0,0,0,10.576,ok,true,9914299387018,9914299387018,1.996312,,experiments/h100/sweep_treduce/cases/zk_complete_add_1_bw64_r24.log
zk_complete_add_1,q_add*x_q*x_q*lambda - 2*q_add*x_q*x_p*lambda + q_add*x_p*x_p*lambda - q_add*x_q*y_q + q_add*x_q*y_p + q_add*x_p*y_q - q_add*x_p*y_p,prime-field-montgomery,element,specialized,p64_goldilocks,64,2,0xffffffff00000001,26,67108864,6,4,7,2,10,whole-run,fixed,triton-sumcheck-prime-field-montgomery-element-layout-specialized-points-treduce,96.698,42.686,0.000,0.000000,0.000,42.686,ok,cuda-sumcheck-prime-field-montgomery-element-layout-specialized-points,29.712,30.4535,0,0,0,30.4535,ok,true,11013420608203,11013420608203,1.401678,,experiments/h100/sweep_treduce/cases/zk_complete_add_1_bw64_r26.log
zk_complete_add_1,q_add*x_q*x_q*lambda - 2*q_add*x_q*x_p*lambda + q_add*x_p*x_p*lambda - q_add*x_q*y_q + q_add*x_q*y_p + q_add*x_p*y_q - q_add*x_p*y_p,prime-field-montgomery,element,specialized,p64_goldilocks,64,2,0xffffffff00000001,28,268435456,6,4,7,2,10,whole-run,fixed,triton-sumcheck-prime-field-montgomery-element-layout-specialized-points-treduce,181.257,131.964,0.000,0.000000,0.000,131.964,ok,cuda-sumcheck-prime-field-montgomery-element-layout-specialized-points,109.189,118.774,0,0,0,118.774,ok,true,11430301870533,11430301870533,1.111051,,experiments/h100/sweep_treduce/cases/zk_complete_add_1_bw64_r28.log
zk_complete_add_1,q_add*x_q*x_q*lambda - 2*q_add*x_q*x_p*lambda + q_add*x_p*x_p*lambda - q_add*x_q*y_q + q_add*x_q*y_p + q_add*x_p*y_q - q_add*x_p*y_p,prime-field-montgomery,element,specialized,p128_mersenne_2^127_minus_1,128,4,0x7fffffffffffffffffffffffffffffff,14,16384,6,4,7,2,10,whole-run,fixed,triton-sumcheck-prime-field-montgomery-element-layout-specialized-points-treduce,40.059,3.323,0.000,0.000000,0.000,3.323,ok,cuda-sumcheck-prime-field-montgomery-element-layout-specialized-points,2.51651,1.85987,0,0,0,1.85987,ok,true,8894711486778,8894711486778,1.786684,,experiments/h100/sweep_treduce/cases/zk_complete_add_1_bw128_r14.log
zk_complete_add_1,q_add*x_q*x_q*lambda - 2*q_add*x_q*x_p*lambda + q_add*x_p*x_p*lambda - q_add*x_q*y_q + q_add*x_q*y_p + q_add*x_p*y_q - q_add*x_p*y_p,prime-field-montgomery,element,specialized,p128_mersenne_2^127_minus_1,128,4,0x7fffffffffffffffffffffffffffffff,16,65536,6,4,7,2,10,whole-run,fixed,triton-sumcheck-prime-field-montgomery-element-layout-specialized-points-treduce,40.744,4.288,0.000,0.000000,0.000,4.288,ok,cuda-sumcheck-prime-field-montgomery-element-layout-specialized-points,2.9217,2.33194,0,0,0,2.33194,ok,true,12975113614424,12975113614424,1.838812,,experiments/h100/sweep_treduce/cases/zk_complete_add_1_bw128_r16.log
zk_complete_add_1,q_add*x_q*x_q*lambda - 2*q_add*x_q*x_p*lambda + q_add*x_p*x_p*lambda - q_add*x_q*y_q + q_add*x_q*y_p + q_add*x_p*y_q - q_add*x_p*y_p,prime-field-montgomery,element,specialized,p128_mersenne_2^127_minus_1,128,4,0x7fffffffffffffffffffffffffffffff,18,262144,6,4,7,2,10,whole-run,fixed,triton-sumcheck-prime-field-montgomery-element-layout-specialized-points-treduce,42.216,5.542,0.000,0.000000,0.000,5.542,ok,cuda-sumcheck-prime-field-montgomery-element-layout-specialized-points,3.6224,3.0177,0,0,0,3.0177,ok,true,14896595497147,14896595497147,1.836498,,experiments/h100/sweep_treduce/cases/zk_complete_add_1_bw128_r18.log
zk_complete_add_1,q_add*x_q*x_q*lambda - 2*q_add*x_q*x_p*lambda + q_add*x_p*x_p*lambda - q_add*x_q*y_q + q_add*x_q*y_p + q_add*x_p*y_q - q_add*x_p*y_p,prime-field-montgomery,element,specialized,p128_mersenne_2^127_minus_1,128,4,0x7fffffffffffffffffffffffffffffff,20,1048576,6,4,7,2,10,whole-run,fixed,triton-sumcheck-prime-field-montgomery-element-layout-specialized-points-treduce,43.475,7.235,0.000,0.000000,0.000,7.235,ok,cuda-sumcheck-prime-field-montgomery-element-layout-specialized-points,4.80992,4.28243,0,0,0,4.28243,ok,true,16860889858930,16860889858930,1.689461,,experiments/h100/sweep_treduce/cases/zk_complete_add_1_bw128_r20.log
zk_complete_add_1,q_add*x_q*x_q*lambda - 2*q_add*x_q*x_p*lambda + q_add*x_p*x_p*lambda - q_add*x_q*y_q + q_add*x_q*y_p + q_add*x_p*y_q - q_add*x_p*y_p,prime-field-montgomery,element,specialized,p128_mersenne_2^127_minus_1,128,4,0x7fffffffffffffffffffffffffffffff,22,4194304,6,4,7,2,10,whole-run,fixed,triton-sumcheck-prime-field-montgomery-element-layout-specialized-points-treduce,47.209,11.752,0.000,0.000000,0.000,11.752,ok,cuda-sumcheck-prime-field-montgomery-element-layout-specialized-points,8.71002,8.0671,0,0,0,8.0671,ok,true,18806281986154,18806281986154,1.456781,,experiments/h100/sweep_treduce/cases/zk_complete_add_1_bw128_r22.log
zk_complete_add_1,q_add*x_q*x_q*lambda - 2*q_add*x_q*x_p*lambda + q_add*x_p*x_p*lambda - q_add*x_q*y_q + q_add*x_q*y_p + q_add*x_p*y_q - q_add*x_p*y_p,prime-field-montgomery,element,specialized,p128_mersenne_2^127_minus_1,128,4,0x7fffffffffffffffffffffffffffffff,24,16777216,6,4,7,2,10,whole-run,fixed,triton-sumcheck-prime-field-montgomery-element-layout-specialized-points-treduce,61.471,26.497,0.000,0.000000,0.000,26.497,ok,cuda-sumcheck-prime-field-montgomery-element-layout-specialized-points,21.7789,20.649,0,0,0,20.649,ok,true,23090970745336,23090970745336,1.283210,,experiments/h100/sweep_treduce/cases/zk_complete_add_1_bw128_r24.log
zk_complete_add_1,q_add*x_q*x_q*lambda - 2*q_add*x_q*x_p*lambda + q_add*x_p*x_p*lambda - q_add*x_q*y_q + q_add*x_q*y_p + q_add*x_p*y_q - q_add*x_p*y_p,prime-field-montgomery,element,specialized,p128_mersenne_2^127_minus_1,128,4,0x7fffffffffffffffffffffffffffffff,26,67108864,6,4,7,2,10,whole-run,fixed,triton-sumcheck-prime-field-montgomery-element-layout-specialized-points-treduce,149.604,89.110,0.000,0.000000,0.000,89.110,ok,cuda-sumcheck-prime-field-montgomery-element-layout-specialized-points,70.6033,69.9243,0,0,0,69.9243,ok,true,25690845217570,25690845217570,1.274378,,experiments/h100/sweep_treduce/cases/zk_complete_add_1_bw128_r26.log
zk_complete_add_1,q_add*x_q*x_q*lambda - 2*q_add*x_q*x_p*lambda + q_add*x_p*x_p*lambda - q_add*x_q*y_q + q_add*x_q*y_p + q_add*x_p*y_q - q_add*x_p*y_p,prime-field-montgomery,element,specialized,p128_mersenne_2^127_minus_1,128,4,0x7fffffffffffffffffffffffffffffff,28,268435456,6,4,7,2,10,whole-run,fixed,triton-sumcheck-prime-field-montgomery-element-layout-specialized-points-treduce,375.466,313.442,0.000,0.000000,0.000,313.442,ok,cuda-sumcheck-prime-field-montgomery-element-layout-specialized-points,265.589,268.512,0,0,0,268.512,ok,true,28007514848235,28007514848235,1.167330,,experiments/h100/sweep_treduce/cases/zk_complete_add_1_bw128_r28.log
zk_complete_add_1,q_add*x_q*x_q*lambda - 2*q_add*x_q*x_p*lambda + q_add*x_p*x_p*lambda - q_add*x_q*y_q + q_add*x_q*y_p + q_add*x_p*y_q - q_add*x_p*y_p,prime-field-montgomery,element,specialized,p255_bls12_381_scalar,256,8,0x73eda753299d7d483339d80809a1d80553bda402fffe5bfeffffffff00000001,14,16384,6,4,7,2,10,whole-run,fixed,triton-sumcheck-prime-field-montgomery-element-layout-specialized-points-treduce,56.822,4.860,0.000,0.000000,0.000,4.860,ok,cuda-sumcheck-prime-field-montgomery-element-layout-specialized-points,5.11133,3.54701,0,0,0,3.54701,ok,true,57996518703695,57996518703695,1.370168,,experiments/h100/sweep_treduce/cases/zk_complete_add_1_bw256_r14.log
zk_complete_add_1,q_add*x_q*x_q*lambda - 2*q_add*x_q*x_p*lambda + q_add*x_p*x_p*lambda - q_add*x_q*y_q + q_add*x_q*y_p + q_add*x_p*y_q - q_add*x_p*y_p,prime-field-montgomery,element,specialized,p255_bls12_381_scalar,256,8,0x73eda753299d7d483339d80809a1d80553bda402fffe5bfeffffffff00000001,16,65536,6,4,7,2,10,whole-run,fixed,triton-sumcheck-prime-field-montgomery-element-layout-specialized-points-treduce,57.655,5.431,0.000,0.000000,0.000,5.431,ok,cuda-sumcheck-prime-field-montgomery-element-layout-specialized-points,5.82704,4.33078,0,0,0,4.33078,ok,true,70140589766208,70140589766208,1.254047,,experiments/h100/sweep_treduce/cases/zk_complete_add_1_bw256_r16.log
zk_complete_add_1,q_add*x_q*x_q*lambda - 2*q_add*x_q*x_p*lambda + q_add*x_p*x_p*lambda - q_add*x_q*y_q + q_add*x_q*y_p + q_add*x_p*y_q - q_add*x_p*y_p,prime-field-montgomery,element,specialized,p255_bls12_381_scalar,256,8,0x73eda753299d7d483339d80809a1d80553bda402fffe5bfeffffffff00000001,18,262144,6,4,7,2,10,whole-run,fixed,triton-sumcheck-prime-field-montgomery-element-layout-specialized-points-treduce,59.751,7.285,0.000,0.000000,0.000,7.285,ok,cuda-sumcheck-prime-field-montgomery-element-layout-specialized-points,7.6672,6.15302,0,0,0,6.15302,ok,true,77740439228127,77740439228127,1.183971,,experiments/h100/sweep_treduce/cases/zk_complete_add_1_bw256_r18.log
zk_complete_add_1,q_add*x_q*x_q*lambda - 2*q_add*x_q*x_p*lambda + q_add*x_p*x_p*lambda - q_add*x_q*y_q + q_add*x_q*y_p + q_add*x_p*y_q - q_add*x_p*y_p,prime-field-montgomery,element,specialized,p255_bls12_381_scalar,256,8,0x73eda753299d7d483339d80809a1d80553bda402fffe5bfeffffffff00000001,20,1048576,6,4,7,2,10,whole-run,fixed,triton-sumcheck-prime-field-montgomery-element-layout-specialized-points-treduce,98.309,14.995,0.000,0.000000,0.000,14.995,ok,cuda-sumcheck-prime-field-montgomery-element-layout-specialized-points,11.9527,10.4038,0,0,0,10.4038,ok,true,89052187468088,89052187468088,1.441300,,experiments/h100/sweep_treduce/cases/zk_complete_add_1_bw256_r20.log
zk_complete_add_1,q_add*x_q*x_q*lambda - 2*q_add*x_q*x_p*lambda + q_add*x_p*x_p*lambda - q_add*x_q*y_q + q_add*x_q*y_p + q_add*x_p*y_q - q_add*x_p*y_p,prime-field-montgomery,element,specialized,p255_bls12_381_scalar,256,8,0x73eda753299d7d483339d80809a1d80553bda402fffe5bfeffffffff00000001,22,4194304,6,4,7,2,10,whole-run,fixed,triton-sumcheck-prime-field-montgomery-element-layout-specialized-points-treduce,110.861,28.996,0.000,0.000000,0.000,28.996,ok,cuda-sumcheck-prime-field-montgomery-element-layout-specialized-points,26.9139,25.3915,0,0,0,25.3915,ok,true,96665956790949,96665956790949,1.141957,,experiments/h100/sweep_treduce/cases/zk_complete_add_1_bw256_r22.log
zk_complete_add_1,q_add*x_q*x_q*lambda - 2*q_add*x_q*x_p*lambda + q_add*x_p*x_p*lambda - q_add*x_q*y_q + q_add*x_q*y_p + q_add*x_p*y_q - q_add*x_p*y_p,prime-field-montgomery,element,specialized,p255_bls12_381_scalar,256,8,0x73eda753299d7d483339d80809a1d80553bda402fffe5bfeffffffff00000001,24,16777216,6,4,7,2,10,whole-run,fixed,triton-sumcheck-prime-field-montgomery-element-layout-specialized-points-treduce,164.463,82.285,0.000,0.000000,0.000,82.285,ok,cuda-sumcheck-prime-field-montgomery-element-layout-specialized-points,84.0673,82.372,0,0,0,82.372,ok,true,108117630662951,108117630662951,0.998944,,experiments/h100/sweep_treduce/cases/zk_complete_add_1_bw256_r24.log
zk_complete_add_1,q_add*x_q*x_q*lambda - 2*q_add*x_q*x_p*lambda + q_add*x_p*x_p*lambda - q_add*x_q*y_q + q_add*x_q*y_p + q_add*x_p*y_q - q_add*x_p*y_p,prime-field-montgomery,element,specialized,p255_bls12_381_scalar,256,8,0x73eda753299d7d483339d80809a1d80553bda402fffe5bfeffffffff00000001,26,67108864,6,4,7,2,10,whole-run,fixed,triton-sumcheck-prime-field-montgomery-element-layout-specialized-points-treduce,423.921,288.269,0.000,0.000000,0.000,288.269,ok,cuda-sumcheck-prime-field-montgomery-element-layout-specialized-points,313.97,309.541,0,0,0,309.541,ok,true,116131405668291,116131405668291,0.931279,,experiments/h100/sweep_treduce/cases/zk_complete_add_1_bw256_r26.log
zk_complete_add_1,q_add*x_q*x_q*lambda - 2*q_add*x_q*x_p*lambda + q_add*x_p*x_p*lambda - q_add*x_q*y_q + q_add*x_q*y_p + q_add*x_p*y_q - q_add*x_p*y_p,prime-field-montgomery,element,specialized,,256,,,28,268435456,6,4,7,2,10,whole-run,fixed,,,,,,,,skipped,,,,,,,,skipped,skipped,,,,returncode=1,experiments/h100/sweep_treduce/cases/zk_complete_add_1_bw256_r28.log
zk_complete_add_2,2*q_add*y_p*lambda - 3*q_add*x_p*x_p - 2*q_add*x_q*y_p*lambda*alpha + 3*q_add*x_q*x_p*x_p*alpha + 2*q_add*x_p*y_p*lambda*alpha - 3*q_add*x_p*x_p*x_p*alpha,prime-field-montgomery,element,specialized,p32_2^32_minus_5,32,1,0xfffffffb,14,16384,6,5,6,2,10,whole-run,fixed,triton-sumcheck-prime-field-montgomery-element-layout-specialized-points-treduce,35.043,3.763,0.000,0.000000,0.000,3.763,ok,cuda-sumcheck-prime-field-montgomery-element-layout-specialized-points,2.23638,1.99395,0,0,0,1.99395,ok,true,2311986769469,2311986769469,1.887209,,experiments/h100/sweep_treduce/cases/zk_complete_add_2_bw32_r14.log
zk_complete_add_2,2*q_add*y_p*lambda - 3*q_add*x_p*x_p - 2*q_add*x_q*y_p*lambda*alpha + 3*q_add*x_q*x_p*x_p*alpha + 2*q_add*x_p*y_p*lambda*alpha - 3*q_add*x_p*x_p*x_p*alpha,prime-field-montgomery,element,specialized,p32_2^32_minus_5,32,1,0xfffffffb,16,65536,6,5,6,2,10,whole-run,fixed,triton-sumcheck-prime-field-montgomery-element-layout-specialized-points-treduce,36.722,5.158,0.000,0.000000,0.000,5.158,ok,cuda-sumcheck-prime-field-montgomery-element-layout-specialized-points,2.73203,2.39507,0,0,0,2.39507,ok,true,2514561558548,2514561558548,2.153591,,experiments/h100/sweep_treduce/cases/zk_complete_add_2_bw32_r16.log
zk_complete_add_2,2*q_add*y_p*lambda - 3*q_add*x_p*x_p - 2*q_add*x_q*y_p*lambda*alpha + 3*q_add*x_q*x_p*x_p*alpha + 2*q_add*x_p*y_p*lambda*alpha - 3*q_add*x_p*x_p*x_p*alpha,prime-field-montgomery,element,specialized,p32_2^32_minus_5,32,1,0xfffffffb,18,262144,6,5,6,2,10,whole-run,fixed,triton-sumcheck-prime-field-montgomery-element-layout-specialized-points-treduce,38.137,6.526,0.000,0.000000,0.000,6.526,ok,cuda-sumcheck-prime-field-montgomery-element-layout-specialized-points,3.36794,2.98944,0,0,0,2.98944,ok,true,3109936549057,3109936549057,2.183018,,experiments/h100/sweep_treduce/cases/zk_complete_add_2_bw32_r18.log
zk_complete_add_2,2*q_add*y_p*lambda - 3*q_add*x_p*x_p - 2*q_add*x_q*y_p*lambda*alpha + 3*q_add*x_q*x_p*x_p*alpha + 2*q_add*x_p*y_p*lambda*alpha - 3*q_add*x_p*x_p*x_p*alpha,prime-field-montgomery,element,specialized,p32_2^32_minus_5,32,1,0xfffffffb,20,1048576,6,5,6,2,10,whole-run,fixed,triton-sumcheck-prime-field-montgomery-element-layout-specialized-points-treduce,41.610,8.435,0.000,0.000000,0.000,8.435,ok,cuda-sumcheck-prime-field-montgomery-element-layout-specialized-points,3.95126,3.60269,0,0,0,3.60269,ok,true,3120232100830,3120232100830,2.341306,,experiments/h100/sweep_treduce/cases/zk_complete_add_2_bw32_r20.log
zk_complete_add_2,2*q_add*y_p*lambda - 3*q_add*x_p*x_p - 2*q_add*x_q*y_p*lambda*alpha + 3*q_add*x_q*x_p*x_p*alpha + 2*q_add*x_p*y_p*lambda*alpha - 3*q_add*x_p*x_p*x_p*alpha,prime-field-montgomery,element,specialized,p32_2^32_minus_5,32,1,0xfffffffb,22,4194304,6,5,6,2,10,whole-run,fixed,triton-sumcheck-prime-field-montgomery-element-layout-specialized-points-treduce,41.854,10.250,0.000,0.000000,0.000,10.250,ok,cuda-sumcheck-prime-field-montgomery-element-layout-specialized-points,5.18362,4.80365,0,0,0,4.80365,ok,true,3742729134846,3742729134846,2.133794,,experiments/h100/sweep_treduce/cases/zk_complete_add_2_bw32_r22.log
zk_complete_add_2,2*q_add*y_p*lambda - 3*q_add*x_p*x_p - 2*q_add*x_q*y_p*lambda*alpha + 3*q_add*x_q*x_p*x_p*alpha + 2*q_add*x_p*y_p*lambda*alpha - 3*q_add*x_p*x_p*x_p*alpha,prime-field-montgomery,element,specialized,p32_2^32_minus_5,32,1,0xfffffffb,24,16777216,6,5,6,2,10,whole-run,fixed,triton-sumcheck-prime-field-montgomery-element-layout-specialized-points-treduce,78.851,22.421,0.000,0.000000,0.000,22.421,ok,cuda-sumcheck-prime-field-montgomery-element-layout-specialized-points,8.4712,8.17456,0,0,0,8.17456,ok,true,3889061788664,3889061788664,2.742778,,experiments/h100/sweep_treduce/cases/zk_complete_add_2_bw32_r24.log
zk_complete_add_2,2*q_add*y_p*lambda - 3*q_add*x_p*x_p - 2*q_add*x_q*y_p*lambda*alpha + 3*q_add*x_q*x_p*x_p*alpha + 2*q_add*x_p*y_p*lambda*alpha - 3*q_add*x_p*x_p*x_p*alpha,prime-field-montgomery,element,specialized,p32_2^32_minus_5,32,1,0xfffffffb,26,67108864,6,5,6,2,10,whole-run,fixed,triton-sumcheck-prime-field-montgomery-element-layout-specialized-points-treduce,90.490,35.253,0.000,0.000000,0.000,35.253,ok,cuda-sumcheck-prime-field-montgomery-element-layout-specialized-points,19.3907,19.0785,0,0,0,19.0785,ok,true,4384259090276,4384259090276,1.847787,,experiments/h100/sweep_treduce/cases/zk_complete_add_2_bw32_r26.log
zk_complete_add_2,2*q_add*y_p*lambda - 3*q_add*x_p*x_p - 2*q_add*x_q*y_p*lambda*alpha + 3*q_add*x_q*x_p*x_p*alpha + 2*q_add*x_p*y_p*lambda*alpha - 3*q_add*x_p*x_p*x_p*alpha,prime-field-montgomery,element,specialized,p32_2^32_minus_5,32,1,0xfffffffb,28,268435456,6,5,6,2,10,whole-run,fixed,triton-sumcheck-prime-field-montgomery-element-layout-specialized-points-treduce,137.170,84.532,0.000,0.000000,0.000,84.532,ok,cuda-sumcheck-prime-field-montgomery-element-layout-specialized-points,61.3366,63.5415,0,0,0,63.5415,ok,true,5025699657927,5025699657927,1.330343,,experiments/h100/sweep_treduce/cases/zk_complete_add_2_bw32_r28.log
zk_complete_add_2,2*q_add*y_p*lambda - 3*q_add*x_p*x_p - 2*q_add*x_q*y_p*lambda*alpha + 3*q_add*x_q*x_p*x_p*alpha + 2*q_add*x_p*y_p*lambda*alpha - 3*q_add*x_p*x_p*x_p*alpha,prime-field-montgomery,element,specialized,p64_goldilocks,64,2,0xffffffff00000001,14,16384,6,5,6,2,10,whole-run,fixed,triton-sumcheck-prime-field-montgomery-element-layout-specialized-points-treduce,68.424,6.532,0.000,0.000000,0.000,6.532,ok,cuda-sumcheck-prime-field-montgomery-element-layout-specialized-points,2.59133,2.18646,0,0,0,2.18646,ok,true,6899663920825,6899663920825,2.987477,,experiments/h100/sweep_treduce/cases/zk_complete_add_2_bw64_r14.log
zk_complete_add_2,2*q_add*y_p*lambda - 3*q_add*x_p*x_p - 2*q_add*x_q*y_p*lambda*alpha + 3*q_add*x_q*x_p*x_p*alpha + 2*q_add*x_p*y_p*lambda*alpha - 3*q_add*x_p*x_p*x_p*alpha,prime-field-montgomery,element,specialized,p64_goldilocks,64,2,0xffffffff00000001,16,65536,6,5,6,2,10,whole-run,fixed,triton-sumcheck-prime-field-montgomery-element-layout-specialized-points-treduce,71.165,8.968,0.000,0.000000,0.000,8.968,ok,cuda-sumcheck-prime-field-montgomery-element-layout-specialized-points,3.03088,2.67414,0,0,0,2.67414,ok,true,8140035570771,8140035570771,3.353602,,experiments/h100/sweep_treduce/cases/zk_complete_add_2_bw64_r16.log
zk_complete_add_2,2*q_add*y_p*lambda - 3*q_add*x_p*x_p - 2*q_add*x_q*y_p*lambda*alpha + 3*q_add*x_q*x_p*x_p*alpha + 2*q_add*x_p*y_p*lambda*alpha - 3*q_add*x_p*x_p*x_p*alpha,prime-field-montgomery,element,specialized,p64_goldilocks,64,2,0xffffffff00000001,18,262144,6,5,6,2,10,whole-run,fixed,triton-sumcheck-prime-field-montgomery-element-layout-specialized-points-treduce,73.636,11.690,0.000,0.000000,0.000,11.690,ok,cuda-sumcheck-prime-field-montgomery-element-layout-specialized-points,3.57792,3.18586,0,0,0,3.18586,ok,true,8989146129483,8989146129483,3.669339,,experiments/h100/sweep_treduce/cases/zk_complete_add_2_bw64_r18.log
zk_complete_add_2,2*q_add*y_p*lambda - 3*q_add*x_p*x_p - 2*q_add*x_q*y_p*lambda*alpha + 3*q_add*x_q*x_p*x_p*alpha + 2*q_add*x_p*y_p*lambda*alpha - 3*q_add*x_p*x_p*x_p*alpha,prime-field-montgomery,element,specialized,p64_goldilocks,64,2,0xffffffff00000001,20,1048576,6,5,6,2,10,whole-run,fixed,triton-sumcheck-prime-field-montgomery-element-layout-specialized-points-treduce,76.568,14.720,0.000,0.000000,0.000,14.720,ok,cuda-sumcheck-prime-field-montgomery-element-layout-specialized-points,4.68896,4.32653,0,0,0,4.32653,ok,true,10437560870269,10437560870269,3.402265,,experiments/h100/sweep_treduce/cases/zk_complete_add_2_bw64_r20.log
zk_complete_add_2,2*q_add*y_p*lambda - 3*q_add*x_p*x_p - 2*q_add*x_q*y_p*lambda*alpha + 3*q_add*x_q*x_p*x_p*alpha + 2*q_add*x_p*y_p*lambda*alpha - 3*q_add*x_p*x_p*x_p*alpha,prime-field-montgomery,element,specialized,p64_goldilocks,64,2,0xffffffff00000001,22,4194304,6,5,6,2,10,whole-run,fixed,triton-sumcheck-prime-field-montgomery-element-layout-specialized-points-treduce,80.320,18.533,0.000,0.000000,0.000,18.533,ok,cuda-sumcheck-prime-field-montgomery-element-layout-specialized-points,7.04454,6.71549,0,0,0,6.71549,ok,true,11300707749851,11300707749851,2.759739,,experiments/h100/sweep_treduce/cases/zk_complete_add_2_bw64_r22.log
zk_complete_add_2,2*q_add*y_p*lambda - 3*q_add*x_p*x_p - 2*q_add*x_q*y_p*lambda*alpha + 3*q_add*x_q*x_p*x_p*alpha + 2*q_add*x_p*y_p*lambda*alpha - 3*q_add*x_p*x_p*x_p*alpha,prime-field-montgomery,element,specialized,p64_goldilocks,64,2,0xffffffff00000001,24,16777216,6,5,6,2,10,whole-run,fixed,triton-sumcheck-prime-field-montgomery-element-layout-specialized-points-treduce,87.337,26.900,0.000,0.000000,0.000,26.900,ok,cuda-sumcheck-prime-field-montgomery-element-layout-specialized-points,14.744,14.4566,0,0,0,14.4566,ok,true,11783329039638,11783329039638,1.860742,,experiments/h100/sweep_treduce/cases/zk_complete_add_2_bw64_r24.log
zk_complete_add_2,2*q_add*y_p*lambda - 3*q_add*x_p*x_p - 2*q_add*x_q*y_p*lambda*alpha + 3*q_add*x_q*x_p*x_p*alpha + 2*q_add*x_p*y_p*lambda*alpha - 3*q_add*x_p*x_p*x_p*alpha,prime-field-montgomery,element,specialized,p64_goldilocks,64,2,0xffffffff00000001,26,67108864,6,5,6,2,10,whole-run,fixed,triton-sumcheck-prime-field-montgomery-element-layout-specialized-points-treduce,118.351,58.523,0.000,0.000000,0.000,58.523,ok,cuda-sumcheck-prime-field-montgomery-element-layout-specialized-points,42.8629,43.2849,0,0,0,43.2849,ok,true,13101296564044,13101296564044,1.352042,,experiments/h100/sweep_treduce/cases/zk_complete_add_2_bw64_r26.log
zk_complete_add_2,2*q_add*y_p*lambda - 3*q_add*x_p*x_p - 2*q_add*x_q*y_p*lambda*alpha + 3*q_add*x_q*x_p*x_p*alpha + 2*q_add*x_p*y_p*lambda*alpha - 3*q_add*x_p*x_p*x_p*alpha,prime-field-montgomery,element,specialized,p64_goldilocks,64,2,0xffffffff00000001,28,268435456,6,5,6,2,10,whole-run,fixed,triton-sumcheck-prime-field-montgomery-element-layout-specialized-points-treduce,241.662,187.707,0.000,0.000000,0.000,187.707,ok,cuda-sumcheck-prime-field-montgomery-element-layout-specialized-points,158.199,169.072,0,0,0,169.072,ok,true,13212675969090,13212675969090,1.110219,,experiments/h100/sweep_treduce/cases/zk_complete_add_2_bw64_r28.log
zk_complete_add_2,2*q_add*y_p*lambda - 3*q_add*x_p*x_p - 2*q_add*x_q*y_p*lambda*alpha + 3*q_add*x_q*x_p*x_p*alpha + 2*q_add*x_p*y_p*lambda*alpha - 3*q_add*x_p*x_p*x_p*alpha,prime-field-montgomery,element,specialized,p128_mersenne_2^127_minus_1,128,4,0x7fffffffffffffffffffffffffffffff,14,16384,6,5,6,2,10,whole-run,fixed,triton-sumcheck-prime-field-montgomery-element-layout-specialized-points-treduce,46.863,4.175,0.000,0.000000,0.000,4.175,ok,cuda-sumcheck-prime-field-montgomery-element-layout-specialized-points,3.70813,2.64694,0,0,0,2.64694,ok,true,18353972630513,18353972630513,1.577293,,experiments/h100/sweep_treduce/cases/zk_complete_add_2_bw128_r14.log
zk_complete_add_2,2*q_add*y_p*lambda - 3*q_add*x_p*x_p - 2*q_add*x_q*y_p*lambda*alpha + 3*q_add*x_q*x_p*x_p*alpha + 2*q_add*x_p*y_p*lambda*alpha - 3*q_add*x_p*x_p*x_p*alpha,prime-field-montgomery,element,specialized,p128_mersenne_2^127_minus_1,128,4,0x7fffffffffffffffffffffffffffffff,16,65536,6,5,6,2,10,whole-run,fixed,triton-sumcheck-prime-field-montgomery-element-layout-specialized-points-treduce,81.455,8.980,0.000,0.000000,0.000,8.980,ok,cuda-sumcheck-prime-field-montgomery-element-layout-specialized-points,4.28973,3.2623,0,0,0,3.2623,ok,true,21131633611062,21131633611062,2.752659,,experiments/h100/sweep_treduce/cases/zk_complete_add_2_bw128_r16.log
zk_complete_add_2,2*q_add*y_p*lambda - 3*q_add*x_p*x_p - 2*q_add*x_q*y_p*lambda*alpha + 3*q_add*x_q*x_p*x_p*alpha + 2*q_add*x_p*y_p*lambda*alpha - 3*q_add*x_p*x_p*x_p*alpha,prime-field-montgomery,element,specialized,p128_mersenne_2^127_minus_1,128,4,0x7fffffffffffffffffffffffffffffff,18,262144,6,5,6,2,10,whole-run,fixed,triton-sumcheck-prime-field-montgomery-element-layout-specialized-points-treduce,84.140,11.742,0.000,0.000000,0.000,11.742,ok,cuda-sumcheck-prime-field-montgomery-element-layout-specialized-points,5.08061,4.07552,0,0,0,4.07552,ok,true,24390322774896,24390322774896,2.881105,,experiments/h100/sweep_treduce/cases/zk_complete_add_2_bw128_r18.log
zk_complete_add_2,2*q_add*y_p*lambda - 3*q_add*x_p*x_p - 2*q_add*x_q*y_p*lambda*alpha + 3*q_add*x_q*x_p*x_p*alpha + 2*q_add*x_p*y_p*lambda*alpha - 3*q_add*x_p*x_p*x_p*alpha,prime-field-montgomery,element,specialized,p128_mersenne_2^127_minus_1,128,4,0x7fffffffffffffffffffffffffffffff,20,1048576,6,5,6,2,10,whole-run,fixed,triton-sumcheck-prime-field-montgomery-element-layout-specialized-points-treduce,89.019,15.328,0.000,0.000000,0.000,15.328,ok,cuda-sumcheck-prime-field-montgomery-element-layout-specialized-points,7.22864,6.12726,0,0,0,6.12726,ok,true,26400039507855,26400039507855,2.501608,,experiments/h100/sweep_treduce/cases/zk_complete_add_2_bw128_r20.log
zk_complete_add_2,2*q_add*y_p*lambda - 3*q_add*x_p*x_p - 2*q_add*x_q*y_p*lambda*alpha + 3*q_add*x_q*x_p*x_p*alpha + 2*q_add*x_p*y_p*lambda*alpha - 3*q_add*x_p*x_p*x_p*alpha,prime-field-montgomery,element,specialized,p128_mersenne_2^127_minus_1,128,4,0x7fffffffffffffffffffffffffffffff,22,4194304,6,5,6,2,10,whole-run,fixed,triton-sumcheck-prime-field-montgomery-element-layout-specialized-points-treduce,92.938,21.358,0.000,0.000000,0.000,21.358,ok,cuda-sumcheck-prime-field-montgomery-element-layout-specialized-points,12.8394,11.8671,0,0,0,11.8671,ok,true,30061543046041,30061543046041,1.799766,,experiments/h100/sweep_treduce/cases/zk_complete_add_2_bw128_r22.log
zk_complete_add_2,2*q_add*y_p*lambda - 3*q_add*x_p*x_p - 2*q_add*x_q*y_p*lambda*alpha + 3*q_add*x_q*x_p*x_p*alpha + 2*q_add*x_p*y_p*lambda*alpha - 3*q_add*x_p*x_p*x_p*alpha,prime-field-montgomery,element,specialized,p128_mersenne_2^127_minus_1,128,4,0x7fffffffffffffffffffffffffffffff,24,16777216,6,5,6,2,10,whole-run,fixed,triton-sumcheck-prime-field-montgomery-element-layout-specialized-points-treduce,114.075,44.563,0.000,0.000000,0.000,44.563,ok,cuda-sumcheck-prime-field-montgomery-element-layout-specialized-points,33.6555,32.7189,0,0,0,32.7189,ok,true,31908048759158,31908048759158,1.361996,,experiments/h100/sweep_treduce/cases/zk_complete_add_2_bw128_r24.log
zk_complete_add_2,2*q_add*y_p*lambda - 3*q_add*x_p*x_p - 2*q_add*x_q*y_p*lambda*alpha + 3*q_add*x_q*x_p*x_p*alpha + 2*q_add*x_p*y_p*lambda*alpha - 3*q_add*x_p*x_p*x_p*alpha,prime-field-montgomery,element,specialized,p128_mersenne_2^127_minus_1,128,4,0x7fffffffffffffffffffffffffffffff,26,67108864,6,5,6,2,10,whole-run,fixed,triton-sumcheck-prime-field-montgomery-element-layout-specialized-points-treduce,167.300,127.922,0.000,0.000000,0.000,127.922,ok,cuda-sumcheck-prime-field-montgomery-element-layout-specialized-points,115.189,113.082,0,0,0,113.082,ok,true,34192760741100,34192760741100,1.131232,,experiments/h100/sweep_treduce/cases/zk_complete_add_2_bw128_r26.log
zk_complete_add_2,2*q_add*y_p*lambda - 3*q_add*x_p*x_p - 2*q_add*x_q*y_p*lambda*alpha + 3*q_add*x_q*x_p*x_p*alpha + 2*q_add*x_p*y_p*lambda*alpha - 3*q_add*x_p*x_p*x_p*alpha,prime-field-montgomery,element,specialized,p128_mersenne_2^127_minus_1,128,4,0x7fffffffffffffffffffffffffffffff,28,268435456,6,5,6,2,10,whole-run,fixed,triton-sumcheck-prime-field-montgomery-element-layout-specialized-points-treduce,556.601,481.114,0.000,0.000000,0.000,481.114,ok,cuda-sumcheck-prime-field-montgomery-element-layout-specialized-points,430.743,429.442,0,0,0,429.442,ok,true,37689283770801,37689283770801,1.120324,,experiments/h100/sweep_treduce/cases/zk_complete_add_2_bw128_r28.log
zk_complete_add_2,2*q_add*y_p*lambda - 3*q_add*x_p*x_p - 2*q_add*x_q*y_p*lambda*alpha + 3*q_add*x_q*x_p*x_p*alpha + 2*q_add*x_p*y_p*lambda*alpha - 3*q_add*x_p*x_p*x_p*alpha,prime-field-montgomery,element,specialized,p255_bls12_381_scalar,256,8,0x73eda753299d7d483339d80809a1d80553bda402fffe5bfeffffffff00000001,14,16384,6,5,6,2,10,whole-run,fixed,triton-sumcheck-prime-field-montgomery-element-layout-specialized-points-treduce,118.337,8.180,0.000,0.000000,0.000,8.180,ok,cuda-sumcheck-prime-field-montgomery-element-layout-specialized-points,6.75574,5.25805,0,0,0,5.25805,ok,true,74624248839335,74624248839335,1.555710,,experiments/h100/sweep_treduce/cases/zk_complete_add_2_bw256_r14.log
zk_complete_add_2,2*q_add*y_p*lambda - 3*q_add*x_p*x_p - 2*q_add*x_q*y_p*lambda*alpha + 3*q_add*x_q*x_p*x_p*alpha + 2*q_add*x_p*y_p*lambda*alpha - 3*q_add*x_p*x_p*x_p*alpha,prime-field-montgomery,element,specialized,p255_bls12_381_scalar,256,8,0x73eda753299d7d483339d80809a1d80553bda402fffe5bfeffffffff00000001,16,65536,6,5,6,2,10,whole-run,fixed,triton-sumcheck-prime-field-montgomery-element-layout-specialized-points-treduce,121.646,10.448,0.000,0.000000,0.000,10.448,ok,cuda-sumcheck-prime-field-montgomery-element-layout-specialized-points,8.7375,6.35126,0,0,0,6.35126,ok,true,83103942471017,83103942471017,1.645028,,experiments/h100/sweep_treduce/cases/zk_complete_add_2_bw256_r16.log
zk_complete_add_2,2*q_add*y_p*lambda - 3*q_add*x_p*x_p - 2*q_add*x_q*y_p*lambda*alpha + 3*q_add*x_q*x_p*x_p*alpha + 2*q_add*x_p*y_p*lambda*alpha - 3*q_add*x_p*x_p*x_p*alpha,prime-field-montgomery,element,specialized,p255_bls12_381_scalar,256,8,0x73eda753299d7d483339d80809a1d80553bda402fffe5bfeffffffff00000001,18,262144,6,5,6,2,10,whole-run,fixed,triton-sumcheck-prime-field-montgomery-element-layout-specialized-points-treduce,121.467,13.208,0.000,0.000000,0.000,13.208,ok,cuda-sumcheck-prime-field-montgomery-element-layout-specialized-points,10.4456,8.96429,0,0,0,8.96429,ok,true,97478495718266,97478495718266,1.473402,,experiments/h100/sweep_treduce/cases/zk_complete_add_2_bw256_r18.log
zk_complete_add_2,2*q_add*y_p*lambda - 3*q_add*x_p*x_p - 2*q_add*x_q*y_p*lambda*alpha + 3*q_add*x_q*x_p*x_p*alpha + 2*q_add*x_p*y_p*lambda*alpha - 3*q_add*x_p*x_p*x_p*alpha,prime-field-montgomery,element,specialized,p255_bls12_381_scalar,256,8,0x73eda753299d7d483339d80809a1d80553bda402fffe5bfeffffffff00000001,20,1048576,6,5,6,2,10,whole-run,fixed,triton-sumcheck-prime-field-montgomery-element-layout-specialized-points-treduce,130.678,19.852,0.000,0.000000,0.000,19.852,ok,cuda-sumcheck-prime-field-montgomery-element-layout-specialized-points,18.158,15.7905,0,0,0,15.7905,ok,true,103057991298509,103057991298509,1.257212,,experiments/h100/sweep_treduce/cases/zk_complete_add_2_bw256_r20.log
zk_complete_add_2,2*q_add*y_p*lambda - 3*q_add*x_p*x_p - 2*q_add*x_q*y_p*lambda*alpha + 3*q_add*x_q*x_p*x_p*alpha + 2*q_add*x_p*y_p*lambda*alpha - 3*q_add*x_p*x_p*x_p*alpha,prime-field-montgomery,element,specialized,p255_bls12_381_scalar,256,8,0x73eda753299d7d483339d80809a1d80553bda402fffe5bfeffffffff00000001,22,4194304,6,5,6,2,10,whole-run,fixed,triton-sumcheck-prime-field-montgomery-element-layout-specialized-points-treduce,149.671,42.085,0.000,0.000000,0.000,42.085,ok,cuda-sumcheck-prime-field-montgomery-element-layout-specialized-points,41.0226,38.661,0,0,0,38.661,ok,true,114473208254587,114473208254587,1.088565,,experiments/h100/sweep_treduce/cases/zk_complete_add_2_bw256_r22.log
zk_complete_add_2,2*q_add*y_p*lambda - 3*q_add*x_p*x_p - 2*q_add*x_q*y_p*lambda*alpha + 3*q_add*x_q*x_p*x_p*alpha + 2*q_add*x_p*y_p*lambda*alpha - 3*q_add*x_p*x_p*x_p*alpha,prime-field-montgomery,element,specialized,p255_bls12_381_scalar,256,8,0x73eda753299d7d483339d80809a1d80553bda402fffe5bfeffffffff00000001,24,16777216,6,5,6,2,10,whole-run,fixed,triton-sumcheck-prime-field-montgomery-element-layout-specialized-points-treduce,231.297,126.257,0.000,0.000000,0.000,126.257,ok,cuda-sumcheck-prime-field-montgomery-element-layout-specialized-points,128.03,126.676,0,0,0,126.676,ok,true,130119393826630,130119393826630,0.996692,,experiments/h100/sweep_treduce/cases/zk_complete_add_2_bw256_r24.log
zk_complete_add_2,2*q_add*y_p*lambda - 3*q_add*x_p*x_p - 2*q_add*x_q*y_p*lambda*alpha + 3*q_add*x_q*x_p*x_p*alpha + 2*q_add*x_p*y_p*lambda*alpha - 3*q_add*x_p*x_p*x_p*alpha,prime-field-montgomery,element,specialized,p255_bls12_381_scalar,256,8,0x73eda753299d7d483339d80809a1d80553bda402fffe5bfeffffffff00000001,26,67108864,6,5,6,2,10,whole-run,fixed,triton-sumcheck-prime-field-montgomery-element-layout-specialized-points-treduce,517.426,453.968,0.000,0.000000,0.000,453.968,ok,cuda-sumcheck-prime-field-montgomery-element-layout-specialized-points,481.133,476.178,0,0,0,476.178,ok,true,140202653152965,140202653152965,0.953358,,experiments/h100/sweep_treduce/cases/zk_complete_add_2_bw256_r26.log
zk_complete_add_2,2*q_add*y_p*lambda - 3*q_add*x_p*x_p - 2*q_add*x_q*y_p*lambda*alpha + 3*q_add*x_q*x_p*x_p*alpha + 2*q_add*x_p*y_p*lambda*alpha - 3*q_add*x_p*x_p*x_p*alpha,prime-field-montgomery,element,specialized,,256,,,28,268435456,6,5,6,2,10,whole-run,fixed,,,,,,,,skipped,,,,,,,,skipped,skipped,,,,returncode=1,experiments/h100/sweep_treduce/cases/zk_complete_add_2_bw256_r28.log
zk_complete_add_3,q_add*x_p*x_q*x_q*lambda*lambda - q_add*x_p*x_q*x_q*x_q - q_add*x_p*x_q*x_q*x_r - q_add*x_p*x_p*x_q*x_q - q_add*x_p*x_p*x_q*lambda*lambda + q_add*x_p*x_p*x_p*x_q + q_add*x_p*x_p*x_q*x_r + q_add*x_p*x_p*x_q*x_q,prime-field-montgomery,element,specialized,p32_2^32_minus_5,32,1,0xfffffffb,14,16384,5,6,8,2,10,whole-run,fixed,triton-sumcheck-prime-field-montgomery-element-layout-specialized-points-treduce,226.976,7.773,0.000,0.000000,0.000,7.773,ok,cuda-sumcheck-prime-field-montgomery-element-layout-specialized-points,2.59018,2.29072,0,0,0,2.29072,ok,true,2862121006446,2862121006446,3.393256,,experiments/h100/sweep_treduce/cases/zk_complete_add_3_bw32_r14.log
zk_complete_add_3,q_add*x_p*x_q*x_q*lambda*lambda - q_add*x_p*x_q*x_q*x_q - q_add*x_p*x_q*x_q*x_r - q_add*x_p*x_p*x_q*x_q - q_add*x_p*x_p*x_q*lambda*lambda + q_add*x_p*x_p*x_p*x_q + q_add*x_p*x_p*x_q*x_r + q_add*x_p*x_p*x_q*x_q,prime-field-montgomery,element,specialized,p32_2^32_minus_5,32,1,0xfffffffb,16,65536,5,6,8,2,10,whole-run,fixed,triton-sumcheck-prime-field-montgomery-element-layout-specialized-points-treduce,69.097,10.399,0.000,0.000000,0.000,10.399,ok,cuda-sumcheck-prime-field-montgomery-element-layout-specialized-points,3.1145,2.74653,0,0,0,2.74653,ok,true,2848653561533,2848653561533,3.786232,,experiments/h100/sweep_treduce/cases/zk_complete_add_3_bw32_r16.log
zk_complete_add_3,q_add*x_p*x_q*x_q*lambda*lambda - q_add*x_p*x_q*x_q*x_q - q_add*x_p*x_q*x_q*x_r - q_add*x_p*x_p*x_q*x_q - q_add*x_p*x_p*x_q*lambda*lambda + q_add*x_p*x_p*x_p*x_q + q_add*x_p*x_p*x_q*x_r + q_add*x_p*x_p*x_q*x_q,prime-field-montgomery,element,specialized,p32_2^32_minus_5,32,1,0xfffffffb,18,262144,5,6,8,2,10,whole-run,fixed,triton-sumcheck-prime-field-montgomery-element-layout-specialized-points-treduce,72.457,13.437,0.000,0.000000,0.000,13.437,ok,cuda-sumcheck-prime-field-montgomery-element-layout-specialized-points,3.74918,3.33754,0,0,0,3.33754,ok,true,3567736231150,3567736231150,4.026019,,experiments/h100/sweep_treduce/cases/zk_complete_add_3_bw32_r18.log
zk_complete_add_3,q_add*x_p*x_q*x_q*lambda*lambda - q_add*x_p*x_q*x_q*x_q - q_add*x_p*x_q*x_q*x_r - q_add*x_p*x_p*x_q*x_q - q_add*x_p*x_p*x_q*lambda*lambda + q_add*x_p*x_p*x_p*x_q + q_add*x_p*x_p*x_q*x_r + q_add*x_p*x_p*x_q*x_q,prime-field-montgomery,element,specialized,p32_2^32_minus_5,32,1,0xfffffffb,20,1048576,5,6,8,2,10,whole-run,fixed,triton-sumcheck-prime-field-montgomery-element-layout-specialized-points-treduce,76.760,17.641,0.000,0.000000,0.000,17.641,ok,cuda-sumcheck-prime-field-montgomery-element-layout-specialized-points,4.5264,4.12144,0,0,0,4.12144,ok,true,3866217322591,3866217322591,4.280300,,experiments/h100/sweep_treduce/cases/zk_complete_add_3_bw32_r20.log
zk_complete_add_3,q_add*x_p*x_q*x_q*lambda*lambda - q_add*x_p*x_q*x_q*x_q - q_add*x_p*x_q*x_q*x_r - q_add*x_p*x_p*x_q*x_q - q_add*x_p*x_p*x_q*lambda*lambda + q_add*x_p*x_p*x_p*x_q + q_add*x_p*x_p*x_q*x_r + q_add*x_p*x_p*x_q*x_q,prime-field-montgomery,element,specialized,p32_2^32_minus_5,32,1,0xfffffffb,22,4194304,5,6,8,2,10,whole-run,fixed,triton-sumcheck-prime-field-montgomery-element-layout-specialized-points-treduce,81.368,21.569,0.000,0.000000,0.000,21.569,ok,cuda-sumcheck-prime-field-montgomery-element-layout-specialized-points,5.86912,5.46752,0,0,0,5.46752,ok,true,4099413798753,4099413798753,3.944933,,experiments/h100/sweep_treduce/cases/zk_complete_add_3_bw32_r22.log
zk_complete_add_3,q_add*x_p*x_q*x_q*lambda*lambda - q_add*x_p*x_q*x_q*x_q - q_add*x_p*x_q*x_q*x_r - q_add*x_p*x_p*x_q*x_q - q_add*x_p*x_p*x_q*lambda*lambda + q_add*x_p*x_p*x_p*x_q + q_add*x_p*x_p*x_q*x_r + q_add*x_p*x_p*x_q*x_q,prime-field-montgomery,element,specialized,p32_2^32_minus_5,32,1,0xfffffffb,24,16777216,5,6,8,2,10,whole-run,fixed,triton-sumcheck-prime-field-montgomery-element-layout-specialized-points-treduce,86.808,26.237,0.000,0.000000,0.000,26.237,ok,cuda-sumcheck-prime-field-montgomery-element-layout-specialized-points,9.22909,8.89222,0,0,0,8.89222,ok,true,4496078752126,4496078752126,2.950557,,experiments/h100/sweep_treduce/cases/zk_complete_add_3_bw32_r24.log
zk_complete_add_3,q_add*x_p*x_q*x_q*lambda*lambda - q_add*x_p*x_q*x_q*x_q - q_add*x_p*x_q*x_q*x_r - q_add*x_p*x_p*x_q*x_q - q_add*x_p*x_p*x_q*lambda*lambda + q_add*x_p*x_p*x_p*x_q + q_add*x_p*x_p*x_q*x_r + q_add*x_p*x_p*x_q*x_q,prime-field-montgomery,element,specialized,p32_2^32_minus_5,32,1,0xfffffffb,26,67108864,5,6,8,2,10,whole-run,fixed,triton-sumcheck-prime-field-montgomery-element-layout-specialized-points-treduce,97.446,39.085,0.000,0.000000,0.000,39.085,ok,cuda-sumcheck-prime-field-montgomery-element-layout-specialized-points,19.987,19.7377,0,0,0,19.7377,ok,true,5116907679325,5116907679325,1.980221,,experiments/h100/sweep_treduce/cases/zk_complete_add_3_bw32_r26.log
zk_complete_add_3,q_add*x_p*x_q*x_q*lambda*lambda - q_add*x_p*x_q*x_q*x_q - q_add*x_p*x_q*x_q*x_r - q_add*x_p*x_p*x_q*x_q - q_add*x_p*x_p*x_q*lambda*lambda + q_add*x_p*x_p*x_p*x_q + q_add*x_p*x_p*x_q*x_r + q_add*x_p*x_p*x_q*x_q,prime-field-montgomery,element,specialized,p32_2^32_minus_5,32,1,0xfffffffb,28,268435456,5,6,8,2,10,whole-run,fixed,triton-sumcheck-prime-field-montgomery-element-layout-specialized-points-treduce,141.605,87.134,0.000,0.000000,0.000,87.134,ok,cuda-sumcheck-prime-field-montgomery-element-layout-specialized-points,61.5252,63.1778,0,0,0,63.1778,ok,true,5021912013898,5021912013898,1.379187,,experiments/h100/sweep_treduce/cases/zk_complete_add_3_bw32_r28.log
zk_complete_add_3,q_add*x_p*x_q*x_q*lambda*lambda - q_add*x_p*x_q*x_q*x_q - q_add*x_p*x_q*x_q*x_r - q_add*x_p*x_p*x_q*x_q - q_add*x_p*x_p*x_q*lambda*lambda + q_add*x_p*x_p*x_p*x_q + q_add*x_p*x_p*x_q*x_r + q_add*x_p*x_p*x_q*x_q,prime-field-montgomery,element,specialized,p64_goldilocks,64,2,0xffffffff00000001,14,16384,5,6,8,2,10,whole-run,fixed,triton-sumcheck-prime-field-montgomery-element-layout-specialized-points-treduce,300.103,7.706,0.000,0.000000,0.000,7.706,ok,cuda-sumcheck-prime-field-montgomery-element-layout-specialized-points,3.07069,2.50915,0,0,0,2.50915,ok,true,7833199395112,7833199395112,3.071160,,experiments/h100/sweep_treduce/cases/zk_complete_add_3_bw64_r14.log
zk_complete_add_3,q_add*x_p*x_q*x_q*lambda*lambda - q_add*x_p*x_q*x_q*x_q - q_add*x_p*x_q*x_q*x_r - q_add*x_p*x_p*x_q*x_q - q_add*x_p*x_p*x_q*lambda*lambda + q_add*x_p*x_p*x_p*x_q + q_add*x_p*x_p*x_q*x_r + q_add*x_p*x_p*x_q*x_q,prime-field-montgomery,element,specialized,p64_goldilocks,64,2,0xffffffff00000001,16,65536,5,6,8,2,10,whole-run,fixed,triton-sumcheck-prime-field-montgomery-element-layout-specialized-points-treduce,73.849,10.424,0.000,0.000000,0.000,10.424,ok,cuda-sumcheck-prime-field-montgomery-element-layout-specialized-points,3.5913,3.07962,0,0,0,3.07962,ok,true,9691694050584,9691694050584,3.384833,,experiments/h100/sweep_treduce/cases/zk_complete_add_3_bw64_r16.log
zk_complete_add_3,q_add*x_p*x_q*x_q*lambda*lambda - q_add*x_p*x_q*x_q*x_q - q_add*x_p*x_q*x_q*x_r - q_add*x_p*x_p*x_q*x_q - q_add*x_p*x_p*x_q*lambda*lambda + q_add*x_p*x_p*x_p*x_q + q_add*x_p*x_p*x_q*x_r + q_add*x_p*x_p*x_q*x_q,prime-field-montgomery,element,specialized,p64_goldilocks,64,2,0xffffffff00000001,18,262144,5,6,8,2,10,whole-run,fixed,triton-sumcheck-prime-field-montgomery-element-layout-specialized-points-treduce,77.073,13.420,0.000,0.000000,0.000,13.420,ok,cuda-sumcheck-prime-field-montgomery-element-layout-specialized-points,4.31824,3.83411,0,0,0,3.83411,ok,true,11349267643376,11349267643376,3.500160,,experiments/h100/sweep_treduce/cases/zk_complete_add_3_bw64_r18.log
zk_complete_add_3,q_add*x_p*x_q*x_q*lambda*lambda - q_add*x_p*x_q*x_q*x_q - q_add*x_p*x_q*x_q*x_r - q_add*x_p*x_p*x_q*x_q - q_add*x_p*x_p*x_q*lambda*lambda + q_add*x_p*x_p*x_p*x_q + q_add*x_p*x_p*x_q*x_r + q_add*x_p*x_p*x_q*x_q,prime-field-montgomery,element,specialized,p64_goldilocks,64,2,0xffffffff00000001,20,1048576,5,6,8,2,10,whole-run,fixed,triton-sumcheck-prime-field-montgomery-element-layout-specialized-points-treduce,83.126,17.125,0.000,0.000000,0.000,17.125,ok,cuda-sumcheck-prime-field-montgomery-element-layout-specialized-points,5.60435,5.14349,0,0,0,5.14349,ok,true,11707574445021,11707574445021,3.329451,,experiments/h100/sweep_treduce/cases/zk_complete_add_3_bw64_r20.log
zk_complete_add_3,q_add*x_p*x_q*x_q*lambda*lambda - q_add*x_p*x_q*x_q*x_q - q_add*x_p*x_q*x_q*x_r - q_add*x_p*x_p*x_q*x_q - q_add*x_p*x_p*x_q*lambda*lambda + q_add*x_p*x_p*x_p*x_q + q_add*x_p*x_p*x_q*x_r + q_add*x_p*x_p*x_q*x_q,prime-field-montgomery,element,specialized,p64_goldilocks,64,2,0xffffffff00000001,22,4194304,5,6,8,2,10,whole-run,fixed,triton-sumcheck-prime-field-montgomery-element-layout-specialized-points-treduce,84.862,21.454,0.000,0.000000,0.000,21.454,ok,cuda-sumcheck-prime-field-montgomery-element-layout-specialized-points,9.06093,8.57792,0,0,0,8.57792,ok,true,12927710177148,12927710177148,2.501073,,experiments/h100/sweep_treduce/cases/zk_complete_add_3_bw64_r22.log
zk_complete_add_3,q_add*x_p*x_q*x_q*lambda*lambda - q_add*x_p*x_q*x_q*x_q - q_add*x_p*x_q*x_q*x_r - q_add*x_p*x_p*x_q*x_q - q_add*x_p*x_p*x_q*lambda*lambda + q_add*x_p*x_p*x_p*x_q + q_add*x_p*x_p*x_q*x_r + q_add*x_p*x_p*x_q*x_q,prime-field-montgomery,element,specialized,p64_goldilocks,64,2,0xffffffff00000001,24,16777216,5,6,8,2,10,whole-run,fixed,triton-sumcheck-prime-field-montgomery-element-layout-specialized-points-treduce,92.994,30.088,0.000,0.000000,0.000,30.088,ok,cuda-sumcheck-prime-field-montgomery-element-layout-specialized-points,19.5843,19.2311,0,0,0,19.2311,ok,true,14369441442772,14369441442772,1.564549,,experiments/h100/sweep_treduce/cases/zk_complete_add_3_bw64_r24.log
zk_complete_add_3,q_add*x_p*x_q*x_q*lambda*lambda - q_add*x_p*x_q*x_q*x_q - q_add*x_p*x_q*x_q*x_r - q_add*x_p*x_p*x_q*x_q - q_add*x_p*x_p*x_q*lambda*lambda + q_add*x_p*x_p*x_p*x_q + q_add*x_p*x_p*x_q*x_r + q_add*x_p*x_p*x_q*x_q,prime-field-montgomery,element,specialized,p64_goldilocks,64,2,0xffffffff00000001,26,67108864,5,6,8,2,10,whole-run,fixed,triton-sumcheck-prime-field-montgomery-element-layout-specialized-points-treduce,121.562,60.865,0.000,0.000000,0.000,60.865,ok,cuda-sumcheck-prime-field-montgomery-element-layout-specialized-points,59.2039,58.7161,0,0,0,58.7161,ok,true,15836362024756,15836362024756,1.036598,,experiments/h100/sweep_treduce/cases/zk_complete_add_3_bw64_r26.log
zk_complete_add_3,q_add*x_p*x_q*x_q*lambda*lambda - q_add*x_p*x_q*x_q*x_q - q_add*x_p*x_q*x_q*x_r - q_add*x_p*x_p*x_q*x_q - q_add*x_p*x_p*x_q*lambda*lambda + q_add*x_p*x_p*x_p*x_q + q_add*x_p*x_p*x_q*x_r + q_add*x_p*x_p*x_q*x_q,prime-field-montgomery,element,specialized,p64_goldilocks,64,2,0xffffffff00000001,28,268435456,5,6,8,2,10,whole-run,fixed,triton-sumcheck-prime-field-montgomery-element-layout-specialized-points-treduce,243.466,187.965,0.000,0.000000,0.000,187.965,ok,cuda-sumcheck-prime-field-montgomery-element-layout-specialized-points,216.994,225.57,0,0,0,225.57,ok,true,15851002772371,15851002772371,0.833289,,experiments/h100/sweep_treduce/cases/zk_complete_add_3_bw64_r28.log
zk_complete_add_3,q_add*x_p*x_q*x_q*lambda*lambda - q_add*x_p*x_q*x_q*x_q - q_add*x_p*x_q*x_q*x_r - q_add*x_p*x_p*x_q*x_q - q_add*x_p*x_p*x_q*lambda*lambda + q_add*x_p*x_p*x_p*x_q + q_add*x_p*x_p*x_q*x_r + q_add*x_p*x_p*x_q*x_q,prime-field-montgomery,element,specialized,p128_mersenne_2^127_minus_1,128,4,0x7fffffffffffffffffffffffffffffff,14,16384,5,6,8,2,10,whole-run,fixed,triton-sumcheck-prime-field-montgomery-element-layout-specialized-points-treduce,378.706,4.736,0.000,0.000000,0.000,4.736,ok,cuda-sumcheck-prime-field-montgomery-element-layout-specialized-points,4.9345,3.56054,0,0,0,3.56054,ok,true,22651562390834,22651562390834,1.330135,,experiments/h100/sweep_treduce/cases/zk_complete_add_3_bw128_r14.log
zk_complete_add_3,q_add*x_p*x_q*x_q*lambda*lambda - q_add*x_p*x_q*x_q*x_q - q_add*x_p*x_q*x_q*x_r - q_add*x_p*x_p*x_q*x_q - q_add*x_p*x_p*x_q*lambda*lambda + q_add*x_p*x_p*x_p*x_q + q_add*x_p*x_p*x_q*x_r + q_add*x_p*x_p*x_q*x_q,prime-field-montgomery,element,specialized,p128_mersenne_2^127_minus_1,128,4,0x7fffffffffffffffffffffffffffffff,16,65536,5,6,8,2,10,whole-run,fixed,triton-sumcheck-prime-field-montgomery-element-layout-specialized-points-treduce,50.869,6.052,0.000,0.000000,0.000,6.052,ok,cuda-sumcheck-prime-field-montgomery-element-layout-specialized-points,5.17699,4.2272,0,0,0,4.2272,ok,true,24711322735060,24711322735060,1.431681,,experiments/h100/sweep_treduce/cases/zk_complete_add_3_bw128_r16.log
zk_complete_add_3,q_add*x_p*x_q*x_q*lambda*lambda - q_add*x_p*x_q*x_q*x_q - q_add*x_p*x_q*x_q*x_r - q_add*x_p*x_p*x_q*x_q - q_add*x_p*x_p*x_q*lambda*lambda + q_add*x_p*x_p*x_p*x_q + q_add*x_p*x_p*x_q*x_r + q_add*x_p*x_p*x_q*x_q,prime-field-montgomery,element,specialized,p128_mersenne_2^127_minus_1,128,4,0x7fffffffffffffffffffffffffffffff,18,262144,5,6,8,2,10,whole-run,fixed,triton-sumcheck-prime-field-montgomery-element-layout-specialized-points-treduce,103.867,14.985,0.000,0.000000,0.000,14.985,ok,cuda-sumcheck-prime-field-montgomery-element-layout-specialized-points,7.85635,6.06557,0,0,0,6.06557,ok,true,28148013762687,28148013762687,2.470502,,experiments/h100/sweep_treduce/cases/zk_complete_add_3_bw128_r18.log
zk_complete_add_3,q_add*x_p*x_q*x_q*lambda*lambda - q_add*x_p*x_q*x_q*x_q - q_add*x_p*x_q*x_q*x_r - q_add*x_p*x_p*x_q*x_q - q_add*x_p*x_p*x_q*lambda*lambda + q_add*x_p*x_p*x_p*x_q + q_add*x_p*x_p*x_q*x_r + q_add*x_p*x_p*x_q*x_q,prime-field-montgomery,element,specialized,p128_mersenne_2^127_minus_1,128,4,0x7fffffffffffffffffffffffffffffff,20,1048576,5,6,8,2,10,whole-run,fixed,triton-sumcheck-prime-field-montgomery-element-layout-specialized-points-treduce,106.931,19.116,0.000,0.000000,0.000,19.116,ok,cuda-sumcheck-prime-field-montgomery-element-layout-specialized-points,10.6705,8.88682,0,0,0,8.88682,ok,true,31076179841122,31076179841122,2.151051,,experiments/h100/sweep_treduce/cases/zk_complete_add_3_bw128_r20.log
zk_complete_add_3,q_add*x_p*x_q*x_q*lambda*lambda - q_add*x_p*x_q*x_q*x_q - q_add*x_p*x_q*x_q*x_r - q_add*x_p*x_p*x_q*x_q - q_add*x_p*x_p*x_q*lambda*lambda + q_add*x_p*x_p*x_p*x_q + q_add*x_p*x_p*x_q*x_r + q_add*x_p*x_p*x_q*x_q,prime-field-montgomery,element,specialized,p128_mersenne_2^127_minus_1,128,4,0x7fffffffffffffffffffffffffffffff,22,4194304,5,6,8,2,10,whole-run,fixed,triton-sumcheck-prime-field-montgomery-element-layout-specialized-points-treduce,98.229,23.857,0.000,0.000000,0.000,23.857,ok,cuda-sumcheck-prime-field-montgomery-element-layout-specialized-points,18.3908,16.9855,0,0,0,16.9855,ok,true,34065180485349,34065180485349,1.404551,,experiments/h100/sweep_treduce/cases/zk_complete_add_3_bw128_r22.log
zk_complete_add_3,q_add*x_p*x_q*x_q*lambda*lambda - q_add*x_p*x_q*x_q*x_q - q_add*x_p*x_q*x_q*x_r - q_add*x_p*x_p*x_q*x_q - q_add*x_p*x_p*x_q*lambda*lambda + q_add*x_p*x_p*x_p*x_q + q_add*x_p*x_p*x_q*x_r + q_add*x_p*x_p*x_q*x_q,prime-field-montgomery,element,specialized,p128_mersenne_2^127_minus_1,128,4,0x7fffffffffffffffffffffffffffffff,24,16777216,5,6,8,2,10,whole-run,fixed,triton-sumcheck-prime-field-montgomery-element-layout-specialized-points-treduce,120.483,46.973,0.000,0.000000,0.000,46.973,ok,cuda-sumcheck-prime-field-montgomery-element-layout-specialized-points,51.5373,49.6716,0,0,0,49.6716,ok,true,37354257394376,37354257394376,0.945671,,experiments/h100/sweep_treduce/cases/zk_complete_add_3_bw128_r24.log
zk_complete_add_3,q_add*x_p*x_q*x_q*lambda*lambda - q_add*x_p*x_q*x_q*x_q - q_add*x_p*x_q*x_q*x_r - q_add*x_p*x_p*x_q*x_q - q_add*x_p*x_p*x_q*lambda*lambda + q_add*x_p*x_p*x_p*x_q + q_add*x_p*x_p*x_q*x_r + q_add*x_p*x_p*x_q*x_q,prime-field-montgomery,element,specialized,p128_mersenne_2^127_minus_1,128,4,0x7fffffffffffffffffffffffffffffff,26,67108864,5,6,8,2,10,whole-run,fixed,triton-sumcheck-prime-field-montgomery-element-layout-specialized-points-treduce,206.563,135.181,0.000,0.000000,0.000,135.181,ok,cuda-sumcheck-prime-field-montgomery-element-layout-specialized-points,176.003,174.285,0,0,0,174.285,ok,true,39721094411791,39721094411791,0.775632,,experiments/h100/sweep_treduce/cases/zk_complete_add_3_bw128_r26.log
zk_complete_add_3,q_add*x_p*x_q*x_q*lambda*lambda - q_add*x_p*x_q*x_q*x_q - q_add*x_p*x_q*x_q*x_r - q_add*x_p*x_p*x_q*x_q - q_add*x_p*x_p*x_q*lambda*lambda + q_add*x_p*x_p*x_p*x_q + q_add*x_p*x_p*x_q*x_r + q_add*x_p*x_p*x_q*x_q,prime-field-montgomery,element,specialized,p128_mersenne_2^127_minus_1,128,4,0x7fffffffffffffffffffffffffffffff,28,268435456,5,6,8,2,10,whole-run,fixed,triton-sumcheck-prime-field-montgomery-element-layout-specialized-points-treduce,553.011,473.226,0.000,0.000000,0.000,473.226,ok,cuda-sumcheck-prime-field-montgomery-element-layout-specialized-points,745.789,671.173,0,0,0,671.173,ok,true,43650485430734,43650485430734,0.705073,,experiments/h100/sweep_treduce/cases/zk_complete_add_3_bw128_r28.log
zk_complete_add_3,q_add*x_p*x_q*x_q*lambda*lambda - q_add*x_p*x_q*x_q*x_q - q_add*x_p*x_q*x_q*x_r - q_add*x_p*x_p*x_q*x_q - q_add*x_p*x_p*x_q*lambda*lambda + q_add*x_p*x_p*x_p*x_q + q_add*x_p*x_p*x_q*x_r + q_add*x_p*x_p*x_q*x_q,prime-field-montgomery,element,specialized,p255_bls12_381_scalar,256,8,0x73eda753299d7d483339d80809a1d80553bda402fffe5bfeffffffff00000001,14,16384,5,6,8,2,10,whole-run,fixed,triton-sumcheck-prime-field-montgomery-element-layout-specialized-points-treduce,3064.127,6.545,0.000,0.000000,0.000,6.545,ok,cuda-sumcheck-prime-field-montgomery-element-layout-specialized-points,12.0613,8.1105,0,0,0,8.1105,ok,true,88797481737848,88797481737848,0.806979,,experiments/h100/sweep_treduce/cases/zk_complete_add_3_bw256_r14.log
zk_complete_add_3,q_add*x_p*x_q*x_q*lambda*lambda - q_add*x_p*x_q*x_q*x_q - q_add*x_p*x_q*x_q*x_r - q_add*x_p*x_p*x_q*x_q - q_add*x_p*x_p*x_q*lambda*lambda + q_add*x_p*x_p*x_p*x_q + q_add*x_p*x_p*x_q*x_r + q_add*x_p*x_p*x_q*x_q,prime-field-montgomery,element,specialized,p255_bls12_381_scalar,256,8,0x73eda753299d7d483339d80809a1d80553bda402fffe5bfeffffffff00000001,16,65536,5,6,8,2,10,whole-run,fixed,triton-sumcheck-prime-field-montgomery-element-layout-specialized-points-treduce,126.298,11.953,0.000,0.000000,0.000,11.953,ok,cuda-sumcheck-prime-field-montgomery-element-layout-specialized-points,13.3826,9.53747,0,0,0,9.53747,ok,true,101734610166202,101734610166202,1.253267,,experiments/h100/sweep_treduce/cases/zk_complete_add_3_bw256_r16.log
zk_complete_add_3,q_add*x_p*x_q*x_q*lambda*lambda - q_add*x_p*x_q*x_q*x_q - q_add*x_p*x_q*x_q*x_r - q_add*x_p*x_p*x_q*x_q - q_add*x_p*x_p*x_q*lambda*lambda + q_add*x_p*x_p*x_p*x_q + q_add*x_p*x_p*x_q*x_r + q_add*x_p*x_p*x_q*x_q,prime-field-montgomery,element,specialized,p255_bls12_381_scalar,256,8,0x73eda753299d7d483339d80809a1d80553bda402fffe5bfeffffffff00000001,18,262144,5,6,8,2,10,whole-run,fixed,triton-sumcheck-prime-field-montgomery-element-layout-specialized-points-treduce,130.551,15.046,0.000,0.000000,0.000,15.046,ok,cuda-sumcheck-prime-field-montgomery-element-layout-specialized-points,17.6971,13.8893,0,0,0,13.8893,ok,true,114214903014043,114214903014043,1.083280,,experiments/h100/sweep_treduce/cases/zk_complete_add_3_bw256_r18.log
zk_complete_add_3,q_add*x_p*x_q*x_q*lambda*lambda - q_add*x_p*x_q*x_q*x_q - q_add*x_p*x_q*x_q*x_r - q_add*x_p*x_p*x_q*x_q - q_add*x_p*x_p*x_q*lambda*lambda + q_add*x_p*x_p*x_p*x_q + q_add*x_p*x_p*x_q*x_r + q_add*x_p*x_p*x_q*x_q,prime-field-montgomery,element,specialized,p255_bls12_381_scalar,256,8,0x73eda753299d7d483339d80809a1d80553bda402fffe5bfeffffffff00000001,20,1048576,5,6,8,2,10,whole-run,fixed,triton-sumcheck-prime-field-montgomery-element-layout-specialized-points-treduce,135.946,21.992,0.000,0.000000,0.000,21.992,ok,cuda-sumcheck-prime-field-montgomery-element-layout-specialized-points,28.0506,23.9754,0,0,0,23.9754,ok,true,120160791891374,120160791891374,0.917274,,experiments/h100/sweep_treduce/cases/zk_complete_add_3_bw256_r20.log
zk_complete_add_3,q_add*x_p*x_q*x_q*lambda*lambda - q_add*x_p*x_q*x_q*x_q - q_add*x_p*x_q*x_q*x_r - q_add*x_p*x_p*x_q*x_q - q_add*x_p*x_p*x_q*lambda*lambda + q_add*x_p*x_p*x_p*x_q + q_add*x_p*x_p*x_q*x_r + q_add*x_p*x_p*x_q*x_q,prime-field-montgomery,element,specialized,p255_bls12_381_scalar,256,8,0x73eda753299d7d483339d80809a1d80553bda402fffe5bfeffffffff00000001,22,4194304,5,6,8,2,10,whole-run,fixed,triton-sumcheck-prime-field-montgomery-element-layout-specialized-points-treduce,158.873,44.094,0.000,0.000000,0.000,44.094,ok,cuda-sumcheck-prime-field-montgomery-element-layout-specialized-points,62.2393,58.3051,0,0,0,58.3051,ok,true,137872374738592,137872374738592,0.756263,,experiments/h100/sweep_treduce/cases/zk_complete_add_3_bw256_r22.log
zk_complete_add_3,q_add*x_p*x_q*x_q*lambda*lambda - q_add*x_p*x_q*x_q*x_q - q_add*x_p*x_q*x_q*x_r - q_add*x_p*x_p*x_q*x_q - q_add*x_p*x_p*x_q*lambda*lambda + q_add*x_p*x_p*x_p*x_q + q_add*x_p*x_p*x_q*x_r + q_add*x_p*x_p*x_q*x_q,prime-field-montgomery,element,specialized,p255_bls12_381_scalar,256,8,0x73eda753299d7d483339d80809a1d80553bda402fffe5bfeffffffff00000001,24,16777216,5,6,8,2,10,whole-run,fixed,triton-sumcheck-prime-field-montgomery-element-layout-specialized-points-treduce,239.328,127.562,0.000,0.000000,0.000,127.562,ok,cuda-sumcheck-prime-field-montgomery-element-layout-specialized-points,192.902,189.273,0,0,0,189.273,ok,true,150367795532500,150367795532500,0.673958,,experiments/h100/sweep_treduce/cases/zk_complete_add_3_bw256_r24.log
zk_complete_add_3,q_add*x_p*x_q*x_q*lambda*lambda - q_add*x_p*x_q*x_q*x_q - q_add*x_p*x_q*x_q*x_r - q_add*x_p*x_p*x_q*x_q - q_add*x_p*x_p*x_q*lambda*lambda + q_add*x_p*x_p*x_p*x_q + q_add*x_p*x_p*x_q*x_r + q_add*x_p*x_p*x_q*x_q,prime-field-montgomery,element,specialized,p255_bls12_381_scalar,256,8,0x73eda753299d7d483339d80809a1d80553bda402fffe5bfeffffffff00000001,26,67108864,5,6,8,2,10,whole-run,fixed,triton-sumcheck-prime-field-montgomery-element-layout-specialized-points-treduce,561.865,448.613,0.000,0.000000,0.000,448.613,ok,cuda-sumcheck-prime-field-montgomery-element-layout-specialized-points,712.797,705.153,0,0,0,705.153,ok,true,159163941599143,159163941599143,0.636192,,experiments/h100/sweep_treduce/cases/zk_complete_add_3_bw256_r26.log
zk_complete_add_3,q_add*x_p*x_q*x_q*lambda*lambda - q_add*x_p*x_q*x_q*x_q - q_add*x_p*x_q*x_q*x_r - q_add*x_p*x_p*x_q*x_q - q_add*x_p*x_p*x_q*lambda*lambda + q_add*x_p*x_p*x_p*x_q + q_add*x_p*x_p*x_q*x_r + q_add*x_p*x_p*x_q*x_q,prime-field-montgomery,element,specialized,,256,,,28,268435456,5,6,8,2,10,whole-run,fixed,,,,,,,,skipped,,,,,,,,skipped,skipped,,,,returncode=1,experiments/h100/sweep_treduce/cases/zk_complete_add_3_bw256_r28.log
zk_complete_add_4,q_add*x_p*x_p*x_q*x_q*lambda - q_add*x_p*x_q*x_q*x_r*lambda - q_add*x_p*x_q*x_q*y_p - q_add*x_p*x_q*x_q*y_r - q_add*x_p*x_p*x_p*x_q*lambda + q_add*x_p*x_p*x_q*x_r*lambda + q_add*x_p*x_p*x_q*y_p + q_add*x_p*x_p*x_q*y_r,prime-field-montgomery,element,specialized,p32_2^32_minus_5,32,1,0xfffffffb,14,16384,7,6,8,2,10,whole-run,fixed,triton-sumcheck-prime-field-montgomery-element-layout-specialized-points-treduce,38.503,4.394,0.000,0.000000,0.000,4.394,ok,cuda-sumcheck-prime-field-montgomery-element-layout-specialized-points,2.58301,2.26118,0,0,0,2.26118,ok,true,2857122032258,2857122032258,1.943233,,experiments/h100/sweep_treduce/cases/zk_complete_add_4_bw32_r14.log
zk_complete_add_4,q_add*x_p*x_p*x_q*x_q*lambda - q_add*x_p*x_q*x_q*x_r*lambda - q_add*x_p*x_q*x_q*y_p - q_add*x_p*x_q*x_q*y_r - q_add*x_p*x_p*x_p*x_q*lambda + q_add*x_p*x_p*x_q*x_r*lambda + q_add*x_p*x_p*x_q*y_p + q_add*x_p*x_p*x_q*y_r,prime-field-montgomery,element,specialized,p32_2^32_minus_5,32,1,0xfffffffb,16,65536,7,6,8,2,10,whole-run,fixed,triton-sumcheck-prime-field-montgomery-element-layout-specialized-points-treduce,39.496,5.914,0.000,0.000000,0.000,5.914,ok,cuda-sumcheck-prime-field-montgomery-element-layout-specialized-points,3.11526,2.7568,0,0,0,2.7568,ok,true,3297125396851,3297125396851,2.145241,,experiments/h100/sweep_treduce/cases/zk_complete_add_4_bw32_r16.log
zk_complete_add_4,q_add*x_p*x_p*x_q*x_q*lambda - q_add*x_p*x_q*x_q*x_r*lambda - q_add*x_p*x_q*x_q*y_p - q_add*x_p*x_q*x_q*y_r - q_add*x_p*x_p*x_p*x_q*lambda + q_add*x_p*x_p*x_q*x_r*lambda + q_add*x_p*x_p*x_q*y_p + q_add*x_p*x_p*x_q*y_r,prime-field-montgomery,element,specialized,p32_2^32_minus_5,32,1,0xfffffffb,18,262144,7,6,8,2,10,whole-run,fixed,triton-sumcheck-prime-field-montgomery-element-layout-specialized-points-treduce,41.415,7.759,0.000,0.000000,0.000,7.759,ok,cuda-sumcheck-prime-field-montgomery-element-layout-specialized-points,3.80157,3.34509,0,0,0,3.34509,ok,true,3492006927812,3492006927812,2.319519,,experiments/h100/sweep_treduce/cases/zk_complete_add_4_bw32_r18.log
zk_complete_add_4,q_add*x_p*x_p*x_q*x_q*lambda - q_add*x_p*x_q*x_q*x_r*lambda - q_add*x_p*x_q*x_q*y_p - q_add*x_p*x_q*x_q*y_r - q_add*x_p*x_p*x_p*x_q*lambda + q_add*x_p*x_p*x_q*x_r*lambda + q_add*x_p*x_p*x_q*y_p + q_add*x_p*x_p*x_q*y_r,prime-field-montgomery,element,specialized,p32_2^32_minus_5,32,1,0xfffffffb,20,1048576,7,6,8,2,10,whole-run,fixed,triton-sumcheck-prime-field-montgomery-element-layout-specialized-points-treduce,42.883,9.765,0.000,0.000000,0.000,9.765,ok,cuda-sumcheck-prime-field-montgomery-element-layout-specialized-points,4.55798,4.20131,0,0,0,4.20131,ok,true,4167880773979,4167880773979,2.324275,,experiments/h100/sweep_treduce/cases/zk_complete_add_4_bw32_r20.log
zk_complete_add_4,q_add*x_p*x_p*x_q*x_q*lambda - q_add*x_p*x_q*x_q*x_r*lambda - q_add*x_p*x_q*x_q*y_p - q_add*x_p*x_q*x_q*y_r - q_add*x_p*x_p*x_p*x_q*lambda + q_add*x_p*x_p*x_q*x_r*lambda + q_add*x_p*x_p*x_q*y_p + q_add*x_p*x_p*x_q*y_r,prime-field-montgomery,element,specialized,p32_2^32_minus_5,32,1,0xfffffffb,22,4194304,7,6,8,2,10,whole-run,fixed,triton-sumcheck-prime-field-montgomery-element-layout-specialized-points-treduce,45.330,12.265,0.000,0.000000,0.000,12.265,ok,cuda-sumcheck-prime-field-montgomery-element-layout-specialized-points,6.0745,5.67478,0,0,0,5.67478,ok,true,4131580475503,4131580475503,2.161317,,experiments/h100/sweep_treduce/cases/zk_complete_add_4_bw32_r22.log
zk_complete_add_4,q_add*x_p*x_p*x_q*x_q*lambda - q_add*x_p*x_q*x_q*x_r*lambda - q_add*x_p*x_q*x_q*y_p - q_add*x_p*x_q*x_q*y_r - q_add*x_p*x_p*x_p*x_q*lambda + q_add*x_p*x_p*x_q*x_r*lambda + q_add*x_p*x_p*x_q*y_p + q_add*x_p*x_p*x_q*y_r,prime-field-montgomery,element,specialized,p32_2^32_minus_5,32,1,0xfffffffb,24,16777216,7,6,8,2,10,whole-run,fixed,triton-sumcheck-prime-field-montgomery-element-layout-specialized-points-treduce,48.932,16.638,0.000,0.000000,0.000,16.638,ok,cuda-sumcheck-prime-field-montgomery-element-layout-specialized-points,10.1449,9.81718,0,0,0,9.81718,ok,true,4757064179244,4757064179244,1.694784,,experiments/h100/sweep_treduce/cases/zk_complete_add_4_bw32_r24.log
zk_complete_add_4,q_add*x_p*x_p*x_q*x_q*lambda - q_add*x_p*x_q*x_q*x_r*lambda - q_add*x_p*x_q*x_q*y_p - q_add*x_p*x_q*x_q*y_r - q_add*x_p*x_p*x_p*x_q*lambda + q_add*x_p*x_p*x_q*x_r*lambda + q_add*x_p*x_p*x_q*y_p + q_add*x_p*x_p*x_q*y_r,prime-field-montgomery,element,specialized,p32_2^32_minus_5,32,1,0xfffffffb,26,67108864,7,6,8,2,10,whole-run,fixed,triton-sumcheck-prime-field-montgomery-element-layout-specialized-points-treduce,100.471,42.421,0.000,0.000000,0.000,42.421,ok,cuda-sumcheck-prime-field-montgomery-element-layout-specialized-points,23.7146,23.7198,0,0,0,23.7198,ok,true,4942562529957,4942562529957,1.788421,,experiments/h100/sweep_treduce/cases/zk_complete_add_4_bw32_r26.log
zk_complete_add_4,q_add*x_p*x_p*x_q*x_q*lambda - q_add*x_p*x_q*x_q*x_r*lambda - q_add*x_p*x_q*x_q*y_p - q_add*x_p*x_q*x_q*y_r - q_add*x_p*x_p*x_p*x_q*lambda + q_add*x_p*x_p*x_q*x_r*lambda + q_add*x_p*x_p*x_q*y_p + q_add*x_p*x_p*x_q*y_r,prime-field-montgomery,element,specialized,p32_2^32_minus_5,32,1,0xfffffffb,28,268435456,7,6,8,2,10,whole-run,fixed,triton-sumcheck-prime-field-montgomery-element-layout-specialized-points-treduce,159.994,104.767,0.000,0.000000,0.000,104.767,ok,cuda-sumcheck-prime-field-montgomery-element-layout-specialized-points,77.9628,79.4686,0,0,0,79.4686,ok,true,5335627553776,5335627553776,1.318345,,experiments/h100/sweep_treduce/cases/zk_complete_add_4_bw32_r28.log
zk_complete_add_4,q_add*x_p*x_p*x_q*x_q*lambda - q_add*x_p*x_q*x_q*x_r*lambda - q_add*x_p*x_q*x_q*y_p - q_add*x_p*x_q*x_q*y_r - q_add*x_p*x_p*x_p*x_q*lambda + q_add*x_p*x_p*x_q*x_r*lambda + q_add*x_p*x_p*x_q*y_p + q_add*x_p*x_p*x_q*y_r,prime-field-montgomery,element,specialized,p64_goldilocks,64,2,0xffffffff00000001,14,16384,7,6,8,2,10,whole-run,fixed,triton-sumcheck-prime-field-montgomery-element-layout-specialized-points-treduce,73.411,7.572,0.000,0.000000,0.000,7.572,ok,cuda-sumcheck-prime-field-montgomery-element-layout-specialized-points,3.11859,2.53232,0,0,0,2.53232,ok,true,8269461084287,8269461084287,2.990143,,experiments/h100/sweep_treduce/cases/zk_complete_add_4_bw64_r14.log
zk_complete_add_4,q_add*x_p*x_p*x_q*x_q*lambda - q_add*x_p*x_q*x_q*x_r*lambda - q_add*x_p*x_q*x_q*y_p - q_add*x_p*x_q*x_q*y_r - q_add*x_p*x_p*x_p*x_q*lambda + q_add*x_p*x_p*x_q*x_r*lambda + q_add*x_p*x_p*x_q*y_p + q_add*x_p*x_p*x_q*y_r,prime-field-montgomery,element,specialized,p64_goldilocks,64,2,0xffffffff00000001,16,65536,7,6,8,2,10,whole-run,fixed,triton-sumcheck-prime-field-montgomery-element-layout-specialized-points-treduce,76.163,10.219,0.000,0.000000,0.000,10.219,ok,cuda-sumcheck-prime-field-montgomery-element-layout-specialized-points,3.82285,3.21869,0,0,0,3.21869,ok,true,9067782558432,9067782558432,3.174894,,experiments/h100/sweep_treduce/cases/zk_complete_add_4_bw64_r16.log
zk_complete_add_4,q_add*x_p*x_p*x_q*x_q*lambda - q_add*x_p*x_q*x_q*x_r*lambda - q_add*x_p*x_q*x_q*y_p - q_add*x_p*x_q*x_q*y_r - q_add*x_p*x_p*x_p*x_q*lambda + q_add*x_p*x_p*x_q*x_r*lambda + q_add*x_p*x_p*x_q*y_p + q_add*x_p*x_p*x_q*y_r,prime-field-montgomery,element,specialized,p64_goldilocks,64,2,0xffffffff00000001,18,262144,7,6,8,2,10,whole-run,fixed,triton-sumcheck-prime-field-montgomery-element-layout-specialized-points-treduce,79.587,13.675,0.000,0.000000,0.000,13.675,ok,cuda-sumcheck-prime-field-montgomery-element-layout-specialized-points,4.59782,3.97949,0,0,0,3.97949,ok,true,10398630913320,10398630913320,3.436370,,experiments/h100/sweep_treduce/cases/zk_complete_add_4_bw64_r18.log
zk_complete_add_4,q_add*x_p*x_p*x_q*x_q*lambda - q_add*x_p*x_q*x_q*x_r*lambda - q_add*x_p*x_q*x_q*y_p - q_add*x_p*x_q*x_q*y_r - q_add*x_p*x_p*x_p*x_q*lambda + q_add*x_p*x_p*x_q*x_r*lambda + q_add*x_p*x_p*x_q*y_p + q_add*x_p*x_p*x_q*y_r,prime-field-montgomery,element,specialized,p64_goldilocks,64,2,0xffffffff00000001,20,1048576,7,6,8,2,10,whole-run,fixed,triton-sumcheck-prime-field-montgomery-element-layout-specialized-points-treduce,82.858,17.111,0.000,0.000000,0.000,17.111,ok,cuda-sumcheck-prime-field-montgomery-element-layout-specialized-points,6.05501,5.43661,0,0,0,5.43661,ok,true,11871175620356,11871175620356,3.147366,,experiments/h100/sweep_treduce/cases/zk_complete_add_4_bw64_r20.log
zk_complete_add_4,q_add*x_p*x_p*x_q*x_q*lambda - q_add*x_p*x_q*x_q*x_r*lambda - q_add*x_p*x_q*x_q*y_p - q_add*x_p*x_q*x_q*y_r - q_add*x_p*x_p*x_p*x_q*lambda + q_add*x_p*x_p*x_q*x_r*lambda + q_add*x_p*x_p*x_q*y_p + q_add*x_p*x_p*x_q*y_r,prime-field-montgomery,element,specialized,p64_goldilocks,64,2,0xffffffff00000001,22,4194304,7,6,8,2,10,whole-run,fixed,triton-sumcheck-prime-field-montgomery-element-layout-specialized-points-treduce,87.174,21.254,0.000,0.000000,0.000,21.254,ok,cuda-sumcheck-prime-field-montgomery-element-layout-specialized-points,9.7969,9.23715,0,0,0,9.23715,ok,true,12771763284514,12771763284514,2.300926,,experiments/h100/sweep_treduce/cases/zk_complete_add_4_bw64_r22.log
zk_complete_add_4,q_add*x_p*x_p*x_q*x_q*lambda - q_add*x_p*x_q*x_q*x_r*lambda - q_add*x_p*x_q*x_q*y_p - q_add*x_p*x_q*x_q*y_r - q_add*x_p*x_p*x_p*x_q*lambda + q_add*x_p*x_p*x_q*x_r*lambda + q_add*x_p*x_p*x_q*y_p + q_add*x_p*x_p*x_q*y_r,prime-field-montgomery,element,specialized,p64_goldilocks,64,2,0xffffffff00000001,24,16777216,7,6,8,2,10,whole-run,fixed,triton-sumcheck-prime-field-montgomery-element-layout-specialized-points-treduce,96.268,32.065,0.000,0.000000,0.000,32.065,ok,cuda-sumcheck-prime-field-montgomery-element-layout-specialized-points,22.3948,21.2253,0,0,0,21.2253,ok,true,14667219991983,14667219991983,1.510697,,experiments/h100/sweep_treduce/cases/zk_complete_add_4_bw64_r24.log
zk_complete_add_4,q_add*x_p*x_p*x_q*x_q*lambda - q_add*x_p*x_q*x_q*x_r*lambda - q_add*x_p*x_q*x_q*y_p - q_add*x_p*x_q*x_q*y_r - q_add*x_p*x_p*x_p*x_q*lambda + q_add*x_p*x_p*x_q*x_r*lambda + q_add*x_p*x_p*x_q*y_p + q_add*x_p*x_p*x_q*y_r,prime-field-montgomery,element,specialized,p64_goldilocks,64,2,0xffffffff00000001,26,67108864,7,6,8,2,10,whole-run,fixed,triton-sumcheck-prime-field-montgomery-element-layout-specialized-points-treduce,132.676,70.990,0.000,0.000000,0.000,70.990,ok,cuda-sumcheck-prime-field-montgomery-element-layout-specialized-points,67.1933,68.0722,0,0,0,68.0722,ok,true,15101932636466,15101932636466,1.042863,,experiments/h100/sweep_treduce/cases/zk_complete_add_4_bw64_r26.log
zk_complete_add_4,q_add*x_p*x_p*x_q*x_q*lambda - q_add*x_p*x_q*x_q*x_r*lambda - q_add*x_p*x_q*x_q*y_p - q_add*x_p*x_q*x_q*y_r - q_add*x_p*x_p*x_p*x_q*lambda + q_add*x_p*x_p*x_q*x_r*lambda + q_add*x_p*x_p*x_q*y_p + q_add*x_p*x_p*x_q*y_r,prime-field-montgomery,element,specialized,p64_goldilocks,64,2,0xffffffff00000001,28,268435456,7,6,8,2,10,whole-run,fixed,triton-sumcheck-prime-field-montgomery-element-layout-specialized-points-treduce,285.666,231.937,0.000,0.000000,0.000,231.937,ok,cuda-sumcheck-prime-field-montgomery-element-layout-specialized-points,254.954,268.245,0,0,0,268.245,ok,true,17179183983975,17179183983975,0.864646,,experiments/h100/sweep_treduce/cases/zk_complete_add_4_bw64_r28.log
zk_complete_add_4,q_add*x_p*x_p*x_q*x_q*lambda - q_add*x_p*x_q*x_q*x_r*lambda - q_add*x_p*x_q*x_q*y_p - q_add*x_p*x_q*x_q*y_r - q_add*x_p*x_p*x_p*x_q*lambda + q_add*x_p*x_p*x_q*x_r*lambda + q_add*x_p*x_p*x_q*y_p + q_add*x_p*x_p*x_q*y_r,prime-field-montgomery,element,specialized,p128_mersenne_2^127_minus_1,128,4,0x7fffffffffffffffffffffffffffffff,14,16384,7,6,8,2,10,whole-run,fixed,triton-sumcheck-prime-field-montgomery-element-layout-specialized-points-treduce,51.920,4.852,0.000,0.000000,0.000,4.852,ok,cuda-sumcheck-prime-field-montgomery-element-layout-specialized-points,5.39258,3.87149,0,0,0,3.87149,ok,true,21714589434746,21714589434746,1.253264,,experiments/h100/sweep_treduce/cases/zk_complete_add_4_bw128_r14.log
zk_complete_add_4,q_add*x_p*x_p*x_q*x_q*lambda - q_add*x_p*x_q*x_q*x_r*lambda - q_add*x_p*x_q*x_q*y_p - q_add*x_p*x_q*x_q*y_r - q_add*x_p*x_p*x_p*x_q*lambda + q_add*x_p*x_p*x_q*x_r*lambda + q_add*x_p*x_p*x_q*y_p + q_add*x_p*x_p*x_q*y_r,prime-field-montgomery,element,specialized,p128_mersenne_2^127_minus_1,128,4,0x7fffffffffffffffffffffffffffffff,16,65536,7,6,8,2,10,whole-run,fixed,triton-sumcheck-prime-field-montgomery-element-layout-specialized-points-treduce,88.219,10.488,0.000,0.000000,0.000,10.488,ok,cuda-sumcheck-prime-field-montgomery-element-layout-specialized-points,6.1711,4.62608,0,0,0,4.62608,ok,true,25396909312606,25396909312606,2.267146,,experiments/h100/sweep_treduce/cases/zk_complete_add_4_bw128_r16.log
zk_complete_add_4,q_add*x_p*x_p*x_q*x_q*lambda - q_add*x_p*x_q*x_q*x_r*lambda - q_add*x_p*x_q*x_q*y_p - q_add*x_p*x_q*x_q*y_r - q_add*x_p*x_p*x_p*x_q*lambda + q_add*x_p*x_p*x_q*x_r*lambda + q_add*x_p*x_p*x_q*y_p + q_add*x_p*x_p*x_q*y_r,prime-field-montgomery,element,specialized,p128_mersenne_2^127_minus_1,128,4,0x7fffffffffffffffffffffffffffffff,18,262144,7,6,8,2,10,whole-run,fixed,triton-sumcheck-prime-field-montgomery-element-layout-specialized-points-treduce,92.282,13.618,0.000,0.000000,0.000,13.618,ok,cuda-sumcheck-prime-field-montgomery-element-layout-specialized-points,7.68147,6.016,0,0,0,6.016,ok,true,28129266629958,28129266629958,2.263630,,experiments/h100/sweep_treduce/cases/zk_complete_add_4_bw128_r18.log
zk_complete_add_4,q_add*x_p*x_p*x_q*x_q*lambda - q_add*x_p*x_q*x_q*x_r*lambda - q_add*x_p*x_q*x_q*y_p - q_add*x_p*x_q*x_q*y_r - q_add*x_p*x_p*x_p*x_q*lambda + q_add*x_p*x_p*x_q*x_r*lambda + q_add*x_p*x_p*x_q*y_p + q_add*x_p*x_p*x_q*y_r,prime-field-montgomery,element,specialized,p128_mersenne_2^127_minus_1,128,4,0x7fffffffffffffffffffffffffffffff,20,1048576,7,6,8,2,10,whole-run,fixed,triton-sumcheck-prime-field-montgomery-element-layout-specialized-points-treduce,112.896,19.422,0.000,0.000000,0.000,19.422,ok,cuda-sumcheck-prime-field-montgomery-element-layout-specialized-points,10.7404,9.27699,0,0,0,9.27699,ok,true,31578472193606,31578472193606,2.093567,,experiments/h100/sweep_treduce/cases/zk_complete_add_4_bw128_r20.log
zk_complete_add_4,q_add*x_p*x_p*x_q*x_q*lambda - q_add*x_p*x_q*x_q*x_r*lambda - q_add*x_p*x_q*x_q*y_p - q_add*x_p*x_q*x_q*y_r - q_add*x_p*x_p*x_p*x_q*lambda + q_add*x_p*x_p*x_q*x_r*lambda + q_add*x_p*x_p*x_q*y_p + q_add*x_p*x_p*x_q*y_r,prime-field-montgomery,element,specialized,p128_mersenne_2^127_minus_1,128,4,0x7fffffffffffffffffffffffffffffff,22,4194304,7,6,8,2,10,whole-run,fixed,triton-sumcheck-prime-field-montgomery-element-layout-specialized-points-treduce,103.024,25.677,0.000,0.000000,0.000,25.677,ok,cuda-sumcheck-prime-field-montgomery-element-layout-specialized-points,20.6198,19.1529,0,0,0,19.1529,ok,true,34926191251601,34926191251601,1.340632,,experiments/h100/sweep_treduce/cases/zk_complete_add_4_bw128_r22.log
zk_complete_add_4,q_add*x_p*x_p*x_q*x_q*lambda - q_add*x_p*x_q*x_q*x_r*lambda - q_add*x_p*x_q*x_q*y_p - q_add*x_p*x_q*x_q*y_r - q_add*x_p*x_p*x_p*x_q*lambda + q_add*x_p*x_p*x_q*x_r*lambda + q_add*x_p*x_p*x_q*y_p + q_add*x_p*x_p*x_q*y_r,prime-field-montgomery,element,specialized,p128_mersenne_2^127_minus_1,128,4,0x7fffffffffffffffffffffffffffffff,24,16777216,7,6,8,2,10,whole-run,fixed,triton-sumcheck-prime-field-montgomery-element-layout-specialized-points-treduce,131.151,54.645,0.000,0.000000,0.000,54.645,ok,cuda-sumcheck-prime-field-montgomery-element-layout-specialized-points,56.79,55.3457,0,0,0,55.3457,ok,true,38710965531381,38710965531381,0.987340,,experiments/h100/sweep_treduce/cases/zk_complete_add_4_bw128_r24.log
zk_complete_add_4,q_add*x_p*x_p*x_q*x_q*lambda - q_add*x_p*x_q*x_q*x_r*lambda - q_add*x_p*x_q*x_q*y_p - q_add*x_p*x_q*x_q*y_r - q_add*x_p*x_p*x_p*x_q*lambda + q_add*x_p*x_p*x_q*x_r*lambda + q_add*x_p*x_p*x_q*y_p + q_add*x_p*x_p*x_q*y_r,prime-field-montgomery,element,specialized,p128_mersenne_2^127_minus_1,128,4,0x7fffffffffffffffffffffffffffffff,26,67108864,7,6,8,2,10,whole-run,fixed,triton-sumcheck-prime-field-montgomery-element-layout-specialized-points-treduce,203.159,159.911,0.000,0.000000,0.000,159.911,ok,cuda-sumcheck-prime-field-montgomery-element-layout-specialized-points,197.48,195.905,0,0,0,195.905,ok,true,40570245305473,40570245305473,0.816268,,experiments/h100/sweep_treduce/cases/zk_complete_add_4_bw128_r26.log
zk_complete_add_4,q_add*x_p*x_p*x_q*x_q*lambda - q_add*x_p*x_q*x_q*x_r*lambda - q_add*x_p*x_q*x_q*y_p - q_add*x_p*x_q*x_q*y_r - q_add*x_p*x_p*x_p*x_q*lambda + q_add*x_p*x_p*x_q*x_r*lambda + q_add*x_p*x_p*x_q*y_p + q_add*x_p*x_p*x_q*y_r,prime-field-montgomery,element,specialized,,128,,,28,268435456,7,6,8,2,10,whole-run,fixed,,,,,,,,skipped,,,,,,,,skipped,skipped,,,,returncode=1,experiments/h100/sweep_treduce/cases/zk_complete_add_4_bw128_r28.log
zk_complete_add_4,q_add*x_p*x_p*x_q*x_q*lambda - q_add*x_p*x_q*x_q*x_r*lambda - q_add*x_p*x_q*x_q*y_p - q_add*x_p*x_q*x_q*y_r - q_add*x_p*x_p*x_p*x_q*lambda + q_add*x_p*x_p*x_q*x_r*lambda + q_add*x_p*x_p*x_q*y_p + q_add*x_p*x_p*x_q*y_r,prime-field-montgomery,element,specialized,p255_bls12_381_scalar,256,8,0x73eda753299d7d483339d80809a1d80553bda402fffe5bfeffffffff00000001,14,16384,7,6,8,2,10,whole-run,fixed,triton-sumcheck-prime-field-montgomery-element-layout-specialized-points-treduce,134.691,9.772,0.000,0.000000,0.000,9.772,ok,cuda-sumcheck-prime-field-montgomery-element-layout-specialized-points,12.9068,8.68205,0,0,0,8.68205,ok,true,85363839205866,85363839205866,1.125541,,experiments/h100/sweep_treduce/cases/zk_complete_add_4_bw256_r14.log
zk_complete_add_4,q_add*x_p*x_p*x_q*x_q*lambda - q_add*x_p*x_q*x_q*x_r*lambda - q_add*x_p*x_q*x_q*y_p - q_add*x_p*x_q*x_q*y_r - q_add*x_p*x_p*x_p*x_q*lambda + q_add*x_p*x_p*x_q*x_r*lambda + q_add*x_p*x_p*x_q*y_p + q_add*x_p*x_p*x_q*y_r,prime-field-montgomery,element,specialized,p255_bls12_381_scalar,256,8,0x73eda753299d7d483339d80809a1d80553bda402fffe5bfeffffffff00000001,16,65536,7,6,8,2,10,whole-run,fixed,triton-sumcheck-prime-field-montgomery-element-layout-specialized-points-treduce,139.580,12.349,0.000,0.000000,0.000,12.349,ok,cuda-sumcheck-prime-field-montgomery-element-layout-specialized-points,14.4916,10.3031,0,0,0,10.3031,ok,true,99402341339652,99402341339652,1.198571,,experiments/h100/sweep_treduce/cases/zk_complete_add_4_bw256_r16.log
zk_complete_add_4,q_add*x_p*x_p*x_q*x_q*lambda - q_add*x_p*x_q*x_q*x_r*lambda - q_add*x_p*x_q*x_q*y_p - q_add*x_p*x_q*x_q*y_r - q_add*x_p*x_p*x_p*x_q*lambda + q_add*x_p*x_p*x_q*x_r*lambda + q_add*x_p*x_p*x_q*y_p + q_add*x_p*x_p*x_q*y_r,prime-field-montgomery,element,specialized,p255_bls12_381_scalar,256,8,0x73eda753299d7d483339d80809a1d80553bda402fffe5bfeffffffff00000001,18,262144,7,6,8,2,10,whole-run,fixed,triton-sumcheck-prime-field-montgomery-element-layout-specialized-points-treduce,142.755,15.861,0.000,0.000000,0.000,15.861,ok,cuda-sumcheck-prime-field-montgomery-element-layout-specialized-points,19.3121,15.1725,0,0,0,15.1725,ok,true,111153967057471,111153967057471,1.045378,,experiments/h100/sweep_treduce/cases/zk_complete_add_4_bw256_r18.log
zk_complete_add_4,q_add*x_p*x_p*x_q*x_q*lambda - q_add*x_p*x_q*x_q*x_r*lambda - q_add*x_p*x_q*x_q*y_p - q_add*x_p*x_q*x_q*y_r - q_add*x_p*x_p*x_p*x_q*lambda + q_add*x_p*x_p*x_q*x_r*lambda + q_add*x_p*x_p*x_q*y_p + q_add*x_p*x_p*x_q*y_r,prime-field-montgomery,element,specialized,p255_bls12_381_scalar,256,8,0x73eda753299d7d483339d80809a1d80553bda402fffe5bfeffffffff00000001,20,1048576,7,6,8,2,10,whole-run,fixed,triton-sumcheck-prime-field-montgomery-element-layout-specialized-points-treduce,153.773,26.142,0.000,0.000000,0.000,26.142,ok,cuda-sumcheck-prime-field-montgomery-element-layout-specialized-points,30.7773,26.614,0,0,0,26.614,ok,true,121398054755575,121398054755575,0.982265,,experiments/h100/sweep_treduce/cases/zk_complete_add_4_bw256_r20.log
zk_complete_add_4,q_add*x_p*x_p*x_q*x_q*lambda - q_add*x_p*x_q*x_q*x_r*lambda - q_add*x_p*x_q*x_q*y_p - q_add*x_p*x_q*x_q*y_r - q_add*x_p*x_p*x_p*x_q*lambda + q_add*x_p*x_p*x_q*x_r*lambda + q_add*x_p*x_p*x_q*y_p + q_add*x_p*x_p*x_q*y_r,prime-field-montgomery,element,specialized,p255_bls12_381_scalar,256,8,0x73eda753299d7d483339d80809a1d80553bda402fffe5bfeffffffff00000001,22,4194304,7,6,8,2,10,whole-run,fixed,triton-sumcheck-prime-field-montgomery-element-layout-specialized-points-treduce,177.788,56.001,0.000,0.000000,0.000,56.001,ok,cuda-sumcheck-prime-field-montgomery-element-layout-specialized-points,74.949,66.3041,0,0,0,66.3041,ok,true,134702806634552,134702806634552,0.844608,,experiments/h100/sweep_treduce/cases/zk_complete_add_4_bw256_r22.log
zk_complete_add_4,q_add*x_p*x_p*x_q*x_q*lambda - q_add*x_p*x_q*x_q*x_r*lambda - q_add*x_p*x_q*x_q*y_p - q_add*x_p*x_q*x_q*y_r - q_add*x_p*x_p*x_p*x_q*lambda + q_add*x_p*x_p*x_q*x_r*lambda + q_add*x_p*x_p*x_q*y_p + q_add*x_p*x_p*x_q*y_r,prime-field-montgomery,element,specialized,p255_bls12_381_scalar,256,8,0x73eda753299d7d483339d80809a1d80553bda402fffe5bfeffffffff00000001,24,16777216,7,6,8,2,10,whole-run,fixed,triton-sumcheck-prime-field-montgomery-element-layout-specialized-points-treduce,296.625,175.109,0.000,0.000000,0.000,175.109,ok,cuda-sumcheck-prime-field-montgomery-element-layout-specialized-points,222.92,218.977,0,0,0,218.977,ok,true,148874151811255,148874151811255,0.799668,,experiments/h100/sweep_treduce/cases/zk_complete_add_4_bw256_r24.log
zk_complete_add_4,q_add*x_p*x_p*x_q*x_q*lambda - q_add*x_p*x_q*x_q*x_r*lambda - q_add*x_p*x_q*x_q*y_p - q_add*x_p*x_q*x_q*y_r - q_add*x_p*x_p*x_p*x_q*lambda + q_add*x_p*x_p*x_q*x_r*lambda + q_add*x_p*x_p*x_q*y_p + q_add*x_p*x_p*x_q*y_r,prime-field-montgomery,element,specialized,p255_bls12_381_scalar,256,8,0x73eda753299d7d483339d80809a1d80553bda402fffe5bfeffffffff00000001,26,67108864,7,6,8,2,10,whole-run,fixed,triton-sumcheck-prime-field-montgomery-element-layout-specialized-points-treduce,718.796,641.663,0.000,0.000000,0.000,641.663,ok,cuda-sumcheck-prime-field-montgomery-element-layout-specialized-points,831.686,819.772,0,0,0,819.772,ok,true,162310316388649,162310316388649,0.782733,,experiments/h100/sweep_treduce/cases/zk_complete_add_4_bw256_r26.log
zk_complete_add_4,q_add*x_p*x_p*x_q*x_q*lambda - q_add*x_p*x_q*x_q*x_r*lambda - q_add*x_p*x_q*x_q*y_p - q_add*x_p*x_q*x_q*y_r - q_add*x_p*x_p*x_p*x_q*lambda + q_add*x_p*x_p*x_q*x_r*lambda + q_add*x_p*x_p*x_q*y_p + q_add*x_p*x_p*x_q*y_r,prime-field-montgomery,element,specialized,,256,,,28,268435456,7,6,8,2,10,whole-run,fixed,,,,,,,,skipped,,,,,,,,skipped,skipped,,,,returncode=1,experiments/h100/sweep_treduce/cases/zk_complete_add_4_bw256_r28.log
zk_complete_add_5,q_add*x_p*x_q*y_q*lambda*lambda + q_add*x_p*x_q*y_p*lambda*lambda - q_add*x_p*x_p*x_q*y_q - q_add*x_p*x_p*x_q*y_p - q_add*x_p*x_q*x_q*y_q - q_add*x_p*x_q*x_q*y_p - q_add*x_p*x_q*y_q*x_r - q_add*x_p*x_q*y_p*x_r,prime-field-montgomery,element,specialized,p32_2^32_minus_5,32,1,0xfffffffb,14,16384,7,6,8,2,10,whole-run,fixed,triton-sumcheck-prime-field-montgomery-element-layout-specialized-points-treduce,37.594,4.458,0.000,0.000000,0.000,4.458,ok,cuda-sumcheck-prime-field-montgomery-element-layout-specialized-points,2.57696,2.2592,0,0,0,2.2592,ok,true,2618948229781,2618948229781,1.973265,,experiments/h100/sweep_treduce/cases/zk_complete_add_5_bw32_r14.log
zk_complete_add_5,q_add*x_p*x_q*y_q*lambda*lambda + q_add*x_p*x_q*y_p*lambda*lambda - q_add*x_p*x_p*x_q*y_q - q_add*x_p*x_p*x_q*y_p - q_add*x_p*x_q*x_q*y_q - q_add*x_p*x_q*x_q*y_p - q_add*x_p*x_q*y_q*x_r - q_add*x_p*x_q*y_p*x_r,prime-field-montgomery,element,specialized,p32_2^32_minus_5,32,1,0xfffffffb,16,65536,7,6,8,2,10,whole-run,fixed,triton-sumcheck-prime-field-montgomery-element-layout-specialized-points-treduce,69.971,10.253,0.000,0.000000,0.000,10.253,ok,cuda-sumcheck-prime-field-montgomery-element-layout-specialized-points,3.24618,2.86826,0,0,0,2.86826,ok,true,3414977369479,3414977369479,3.574641,,experiments/h100/sweep_treduce/cases/zk_complete_add_5_bw32_r16.log
zk_complete_add_5,q_add*x_p*x_q*y_q*lambda*lambda + q_add*x_p*x_q*y_p*lambda*lambda - q_add*x_p*x_p*x_q*y_q - q_add*x_p*x_p*x_q*y_p - q_add*x_p*x_q*x_q*y_q - q_add*x_p*x_q*x_q*y_p - q_add*x_p*x_q*y_q*x_r - q_add*x_p*x_q*y_p*x_r,prime-field-montgomery,element,specialized,p32_2^32_minus_5,32,1,0xfffffffb,18,262144,7,6,8,2,10,whole-run,fixed,triton-sumcheck-prime-field-montgomery-element-layout-specialized-points-treduce,41.186,7.576,0.000,0.000000,0.000,7.576,ok,cuda-sumcheck-prime-field-montgomery-element-layout-specialized-points,3.71779,3.35347,0,0,0,3.35347,ok,true,3364864341735,3364864341735,2.259152,,experiments/h100/sweep_treduce/cases/zk_complete_add_5_bw32_r18.log
zk_complete_add_5,q_add*x_p*x_q*y_q*lambda*lambda + q_add*x_p*x_q*y_p*lambda*lambda - q_add*x_p*x_p*x_q*y_q - q_add*x_p*x_p*x_q*y_p - q_add*x_p*x_q*x_q*y_q - q_add*x_p*x_q*x_q*y_p - q_add*x_p*x_q*y_q*x_r - q_add*x_p*x_q*y_p*x_r,prime-field-montgomery,element,specialized,p32_2^32_minus_5,32,1,0xfffffffb,20,1048576,7,6,8,2,10,whole-run,fixed,triton-sumcheck-prime-field-montgomery-element-layout-specialized-points-treduce,52.260,10.294,0.000,0.000000,0.000,10.294,ok,cuda-sumcheck-prime-field-montgomery-element-layout-specialized-points,5.82928,4.84074,0,0,0,4.84074,ok,true,3580529220502,3580529220502,2.126534,,experiments/h100/sweep_treduce/cases/zk_complete_add_5_bw32_r20.log
zk_complete_add_5,q_add*x_p*x_q*y_q*lambda*lambda + q_add*x_p*x_q*y_p*lambda*lambda - q_add*x_p*x_p*x_q*y_q - q_add*x_p*x_p*x_q*y_p - q_add*x_p*x_q*x_q*y_q - q_add*x_p*x_q*x_q*y_p - q_add*x_p*x_q*y_q*x_r - q_add*x_p*x_q*y_p*x_r,prime-field-montgomery,element,specialized,p32_2^32_minus_5,32,1,0xfffffffb,22,4194304,7,6,8,2,10,whole-run,fixed,triton-sumcheck-prime-field-montgomery-element-layout-specialized-points-treduce,80.295,21.184,0.000,0.000000,0.000,21.184,ok,cuda-sumcheck-prime-field-montgomery-element-layout-specialized-points,6.00848,5.59811,0,0,0,5.59811,ok,true,4560619306958,4560619306958,3.784134,,experiments/h100/sweep_treduce/cases/zk_complete_add_5_bw32_r22.log
zk_complete_add_5,q_add*x_p*x_q*y_q*lambda*lambda + q_add*x_p*x_q*y_p*lambda*lambda - q_add*x_p*x_p*x_q*y_q - q_add*x_p*x_p*x_q*y_p - q_add*x_p*x_q*x_q*y_q - q_add*x_p*x_q*x_q*y_p - q_add*x_p*x_q*y_q*x_r - q_add*x_p*x_q*y_p*x_r,prime-field-montgomery,element,specialized,p32_2^32_minus_5,32,1,0xfffffffb,24,16777216,7,6,8,2,10,whole-run,fixed,triton-sumcheck-prime-field-montgomery-element-layout-specialized-points-treduce,85.632,26.604,0.000,0.000000,0.000,26.604,ok,cuda-sumcheck-prime-field-montgomery-element-layout-specialized-points,9.9896,9.5919,0,0,0,9.5919,ok,true,5152848351495,5152848351495,2.773590,,experiments/h100/sweep_treduce/cases/zk_complete_add_5_bw32_r24.log
zk_complete_add_5,q_add*x_p*x_q*y_q*lambda*lambda + q_add*x_p*x_q*y_p*lambda*lambda - q_add*x_p*x_p*x_q*y_q - q_add*x_p*x_p*x_q*y_p - q_add*x_p*x_q*x_q*y_q - q_add*x_p*x_q*x_q*y_p - q_add*x_p*x_q*y_q*x_r - q_add*x_p*x_q*y_p*x_r,prime-field-montgomery,element,specialized,p32_2^32_minus_5,32,1,0xfffffffb,26,67108864,7,6,8,2,10,whole-run,fixed,triton-sumcheck-prime-field-montgomery-element-layout-specialized-points-treduce,101.005,42.036,0.000,0.000000,0.000,42.036,ok,cuda-sumcheck-prime-field-montgomery-element-layout-specialized-points,25.4212,24.8979,0,0,0,24.8979,ok,true,5376049301740,5376049301740,1.688335,,experiments/h100/sweep_treduce/cases/zk_complete_add_5_bw32_r26.log
zk_complete_add_5,q_add*x_p*x_q*y_q*lambda*lambda + q_add*x_p*x_q*y_p*lambda*lambda - q_add*x_p*x_p*x_q*y_q - q_add*x_p*x_p*x_q*y_p - q_add*x_p*x_q*x_q*y_q - q_add*x_p*x_q*x_q*y_p - q_add*x_p*x_q*y_q*x_r - q_add*x_p*x_q*y_p*x_r,prime-field-montgomery,element,specialized,p32_2^32_minus_5,32,1,0xfffffffb,28,268435456,7,6,8,2,10,whole-run,fixed,triton-sumcheck-prime-field-montgomery-element-layout-specialized-points-treduce,158.022,106.024,0.000,0.000000,0.000,106.024,ok,cuda-sumcheck-prime-field-montgomery-element-layout-specialized-points,76.3576,77.794,0,0,0,77.794,ok,true,5285422529946,5285422529946,1.362881,,experiments/h100/sweep_treduce/cases/zk_complete_add_5_bw32_r28.log
zk_complete_add_5,q_add*x_p*x_q*y_q*lambda*lambda + q_add*x_p*x_q*y_p*lambda*lambda - q_add*x_p*x_p*x_q*y_q - q_add*x_p*x_p*x_q*y_p - q_add*x_p*x_q*x_q*y_q - q_add*x_p*x_q*x_q*y_p - q_add*x_p*x_q*y_q*x_r - q_add*x_p*x_q*y_p*x_r,prime-field-montgomery,element,specialized,p64_goldilocks,64,2,0xffffffff00000001,14,16384,7,6,8,2,10,whole-run,fixed,triton-sumcheck-prime-field-montgomery-element-layout-specialized-points-treduce,72.732,7.555,0.000,0.000000,0.000,7.555,ok,cuda-sumcheck-prime-field-montgomery-element-layout-specialized-points,3.11178,2.56221,0,0,0,2.56221,ok,true,8395187864882,8395187864882,2.948626,,experiments/h100/sweep_treduce/cases/zk_complete_add_5_bw64_r14.log
zk_complete_add_5,q_add*x_p*x_q*y_q*lambda*lambda + q_add*x_p*x_q*y_p*lambda*lambda - q_add*x_p*x_p*x_q*y_q - q_add*x_p*x_p*x_q*y_p - q_add*x_p*x_q*x_q*y_q - q_add*x_p*x_q*x_q*y_p - q_add*x_p*x_q*y_q*x_r - q_add*x_p*x_q*y_p*x_r,prime-field-montgomery,element,specialized,p64_goldilocks,64,2,0xffffffff00000001,16,65536,7,6,8,2,10,whole-run,fixed,triton-sumcheck-prime-field-montgomery-element-layout-specialized-points-treduce,75.293,10.241,0.000,0.000000,0.000,10.241,ok,cuda-sumcheck-prime-field-montgomery-element-layout-specialized-points,3.75267,3.19414,0,0,0,3.19414,ok,true,10070046576304,10070046576304,3.206184,,experiments/h100/sweep_treduce/cases/zk_complete_add_5_bw64_r16.log
zk_complete_add_5,q_add*x_p*x_q*y_q*lambda*lambda + q_add*x_p*x_q*y_p*lambda*lambda - q_add*x_p*x_p*x_q*y_q - q_add*x_p*x_p*x_q*y_p - q_add*x_p*x_q*x_q*y_q - q_add*x_p*x_q*x_q*y_p - q_add*x_p*x_q*y_q*x_r - q_add*x_p*x_q*y_p*x_r,prime-field-montgomery,element,specialized,p64_goldilocks,64,2,0xffffffff00000001,18,262144,7,6,8,2,10,whole-run,fixed,triton-sumcheck-prime-field-montgomery-element-layout-specialized-points-treduce,78.564,13.476,0.000,0.000000,0.000,13.476,ok,cuda-sumcheck-prime-field-montgomery-element-layout-specialized-points,4.4247,3.88512,0,0,0,3.88512,ok,true,10342706563358,10342706563358,3.468619,,experiments/h100/sweep_treduce/cases/zk_complete_add_5_bw64_r18.log
zk_complete_add_5,q_add*x_p*x_q*y_q*lambda*lambda + q_add*x_p*x_q*y_p*lambda*lambda - q_add*x_p*x_p*x_q*y_q - q_add*x_p*x_p*x_q*y_p - q_add*x_p*x_q*x_q*y_q - q_add*x_p*x_q*x_q*y_p - q_add*x_p*x_q*y_q*x_r - q_add*x_p*x_q*y_p*x_r,prime-field-montgomery,element,specialized,p64_goldilocks,64,2,0xffffffff00000001,20,1048576,7,6,8,2,10,whole-run,fixed,triton-sumcheck-prime-field-montgomery-element-layout-specialized-points-treduce,81.564,17.248,0.000,0.000000,0.000,17.248,ok,cuda-sumcheck-prime-field-montgomery-element-layout-specialized-points,5.76653,5.22838,0,0,0,5.22838,ok,true,11516748301552,11516748301552,3.298919,,experiments/h100/sweep_treduce/cases/zk_complete_add_5_bw64_r20.log
zk_complete_add_5,q_add*x_p*x_q*y_q*lambda*lambda + q_add*x_p*x_q*y_p*lambda*lambda - q_add*x_p*x_p*x_q*y_q - q_add*x_p*x_p*x_q*y_p - q_add*x_p*x_q*x_q*y_q - q_add*x_p*x_q*x_q*y_p - q_add*x_p*x_q*y_q*x_r - q_add*x_p*x_q*y_p*x_r,prime-field-montgomery,element,specialized,p64_goldilocks,64,2,0xffffffff00000001,22,4194304,7,6,8,2,10,whole-run,fixed,triton-sumcheck-prime-field-montgomery-element-layout-specialized-points-treduce,96.133,24.124,0.000,0.000000,0.000,24.124,ok,cuda-sumcheck-prime-field-montgomery-element-layout-specialized-points,9.27664,8.73469,0,0,0,8.73469,ok,true,13163891691002,13163891691002,2.761861,,experiments/h100/sweep_treduce/cases/zk_complete_add_5_bw64_r22.log
zk_complete_add_5,q_add*x_p*x_q*y_q*lambda*lambda + q_add*x_p*x_q*y_p*lambda*lambda - q_add*x_p*x_p*x_q*y_q - q_add*x_p*x_p*x_q*y_p - q_add*x_p*x_q*x_q*y_q - q_add*x_p*x_q*x_q*y_p - q_add*x_p*x_q*y_q*x_r - q_add*x_p*x_q*y_p*x_r,prime-field-montgomery,element,specialized,p64_goldilocks,64,2,0xffffffff00000001,24,16777216,7,6,8,2,10,whole-run,fixed,triton-sumcheck-prime-field-montgomery-element-layout-specialized-points-treduce,95.621,31.590,0.000,0.000000,0.000,31.590,ok,cuda-sumcheck-prime-field-montgomery-element-layout-specialized-points,20.7773,20.3466,0,0,0,20.3466,ok,true,14619221144788,14619221144788,1.552594,,experiments/h100/sweep_treduce/cases/zk_complete_add_5_bw64_r24.log
zk_complete_add_5,q_add*x_p*x_q*y_q*lambda*lambda + q_add*x_p*x_q*y_p*lambda*lambda - q_add*x_p*x_p*x_q*y_q - q_add*x_p*x_p*x_q*y_p - q_add*x_p*x_q*x_q*y_q - q_add*x_p*x_q*x_q*y_p - q_add*x_p*x_q*y_q*x_r - q_add*x_p*x_q*y_p*x_r,prime-field-montgomery,element,specialized,p64_goldilocks,64,2,0xffffffff00000001,26,67108864,7,6,8,2,10,whole-run,fixed,triton-sumcheck-prime-field-montgomery-element-layout-specialized-points-treduce,131.800,69.836,0.000,0.000000,0.000,69.836,ok,cuda-sumcheck-prime-field-montgomery-element-layout-specialized-points,63.7027,64.6665,0,0,0,64.6665,ok,true,15556009458548,15556009458548,1.079941,,experiments/h100/sweep_treduce/cases/zk_complete_add_5_bw64_r26.log
zk_complete_add_5,q_add*x_p*x_q*y_q*lambda*lambda + q_add*x_p*x_q*y_p*lambda*lambda - q_add*x_p*x_p*x_q*y_q - q_add*x_p*x_p*x_q*y_p - q_add*x_p*x_q*x_q*y_q - q_add*x_p*x_q*x_q*y_p - q_add*x_p*x_q*y_q*x_r - q_add*x_p*x_q*y_p*x_r,prime-field-montgomery,element,specialized,p64_goldilocks,64,2,0xffffffff00000001,28,268435456,7,6,8,2,10,whole-run,fixed,triton-sumcheck-prime-field-montgomery-element-layout-specialized-points-treduce,279.866,225.857,0.000,0.000000,0.000,225.857,ok,cuda-sumcheck-prime-field-montgomery-element-layout-specialized-points,241.881,254.301,0,0,0,254.301,ok,true,15672764344484,15672764344484,0.888148,,experiments/h100/sweep_treduce/cases/zk_complete_add_5_bw64_r28.log
zk_complete_add_5,q_add*x_p*x_q*y_q*lambda*lambda + q_add*x_p*x_q*y_p*lambda*lambda - q_add*x_p*x_p*x_q*y_q - q_add*x_p*x_p*x_q*y_p - q_add*x_p*x_q*x_q*y_q - q_add*x_p*x_q*x_q*y_p - q_add*x_p*x_q*y_q*x_r - q_add*x_p*x_q*y_p*x_r,prime-field-montgomery,element,specialized,p128_mersenne_2^127_minus_1,128,4,0x7fffffffffffffffffffffffffffffff,14,16384,7,6,8,2,10,whole-run,fixed,triton-sumcheck-prime-field-montgomery-element-layout-specialized-points-treduce,85.507,7.768,0.000,0.000000,0.000,7.768,ok,cuda-sumcheck-prime-field-montgomery-element-layout-specialized-points,5.17078,3.72029,0,0,0,3.72029,ok,true,22347721338319,22347721338319,2.088009,,experiments/h100/sweep_treduce/cases/zk_complete_add_5_bw128_r14.log
zk_complete_add_5,q_add*x_p*x_q*y_q*lambda*lambda + q_add*x_p*x_q*y_p*lambda*lambda - q_add*x_p*x_p*x_q*y_q - q_add*x_p*x_p*x_q*y_p - q_add*x_p*x_q*x_q*y_q - q_add*x_p*x_q*x_q*y_p - q_add*x_p*x_q*y_q*x_r - q_add*x_p*x_q*y_p*x_r,prime-field-montgomery,element,specialized,p128_mersenne_2^127_minus_1,128,4,0x7fffffffffffffffffffffffffffffff,16,65536,7,6,8,2,10,whole-run,fixed,triton-sumcheck-prime-field-montgomery-element-layout-specialized-points-treduce,88.071,10.318,0.000,0.000000,0.000,10.318,ok,cuda-sumcheck-prime-field-montgomery-element-layout-specialized-points,6.03789,4.55043,0,0,0,4.55043,ok,true,24457069148317,24457069148317,2.267478,,experiments/h100/sweep_treduce/cases/zk_complete_add_5_bw128_r16.log
zk_complete_add_5,q_add*x_p*x_q*y_q*lambda*lambda + q_add*x_p*x_q*y_p*lambda*lambda - q_add*x_p*x_p*x_q*y_q - q_add*x_p*x_p*x_q*y_p - q_add*x_p*x_q*x_q*y_q - q_add*x_p*x_q*x_q*y_p - q_add*x_p*x_q*y_q*x_r - q_add*x_p*x_q*y_p*x_r,prime-field-montgomery,element,specialized,p128_mersenne_2^127_minus_1,128,4,0x7fffffffffffffffffffffffffffffff,18,262144,7,6,8,2,10,whole-run,fixed,triton-sumcheck-prime-field-montgomery-element-layout-specialized-points-treduce,91.528,13.782,0.000,0.000000,0.000,13.782,ok,cuda-sumcheck-prime-field-montgomery-element-layout-specialized-points,7.1945,5.77965,0,0,0,5.77965,ok,true,27416235585102,27416235585102,2.384573,,experiments/h100/sweep_treduce/cases/zk_complete_add_5_bw128_r18.log
zk_complete_add_5,q_add*x_p*x_q*y_q*lambda*lambda + q_add*x_p*x_q*y_p*lambda*lambda - q_add*x_p*x_p*x_q*y_q - q_add*x_p*x_p*x_q*y_p - q_add*x_p*x_q*x_q*y_q - q_add*x_p*x_q*x_q*y_p - q_add*x_p*x_q*y_q*x_r - q_add*x_p*x_q*y_p*x_r,prime-field-montgomery,element,specialized,p128_mersenne_2^127_minus_1,128,4,0x7fffffffffffffffffffffffffffffff,20,1048576,7,6,8,2,10,whole-run,fixed,triton-sumcheck-prime-field-montgomery-element-layout-specialized-points-treduce,95.454,17.657,0.000,0.000000,0.000,17.657,ok,cuda-sumcheck-prime-field-montgomery-element-layout-specialized-points,10.236,8.82611,0,0,0,8.82611,ok,true,31335826549170,31335826549170,2.000542,,experiments/h100/sweep_treduce/cases/zk_complete_add_5_bw128_r20.log
zk_complete_add_5,q_add*x_p*x_q*y_q*lambda*lambda + q_add*x_p*x_q*y_p*lambda*lambda - q_add*x_p*x_p*x_q*y_q - q_add*x_p*x_p*x_q*y_p - q_add*x_p*x_q*x_q*y_q - q_add*x_p*x_q*x_q*y_p - q_add*x_p*x_q*y_q*x_r - q_add*x_p*x_q*y_p*x_r,prime-field-montgomery,element,specialized,p128_mersenne_2^127_minus_1,128,4,0x7fffffffffffffffffffffffffffffff,22,4194304,7,6,8,2,10,whole-run,fixed,triton-sumcheck-prime-field-montgomery-element-layout-specialized-points-treduce,115.241,25.109,0.000,0.000000,0.000,25.109,ok,cuda-sumcheck-prime-field-montgomery-element-layout-specialized-points,19.6428,18.3172,0,0,0,18.3172,ok,true,34729672096938,34729672096938,1.370788,,experiments/h100/sweep_treduce/cases/zk_complete_add_5_bw128_r22.log
zk_complete_add_5,q_add*x_p*x_q*y_q*lambda*lambda + q_add*x_p*x_q*y_p*lambda*lambda - q_add*x_p*x_p*x_q*y_q - q_add*x_p*x_p*x_q*y_p - q_add*x_p*x_q*x_q*y_q - q_add*x_p*x_q*x_q*y_p - q_add*x_p*x_q*y_q*x_r - q_add*x_p*x_q*y_p*x_r,prime-field-montgomery,element,specialized,p128_mersenne_2^127_minus_1,128,4,0x7fffffffffffffffffffffffffffffff,24,16777216,7,6,8,2,10,whole-run,fixed,triton-sumcheck-prime-field-montgomery-element-layout-specialized-points-treduce,127.985,52.985,0.000,0.000000,0.000,52.985,ok,cuda-sumcheck-prime-field-montgomery-element-layout-specialized-points,53.9571,52.5418,0,0,0,52.5418,ok,true,37043555539653,37043555539653,1.008435,,experiments/h100/sweep_treduce/cases/zk_complete_add_5_bw128_r24.log
zk_complete_add_5,q_add*x_p*x_q*y_q*lambda*lambda + q_add*x_p*x_q*y_p*lambda*lambda - q_add*x_p*x_p*x_q*y_q - q_add*x_p*x_p*x_q*y_p - q_add*x_p*x_q*x_q*y_q - q_add*x_p*x_q*x_q*y_p - q_add*x_p*x_q*y_q*x_r - q_add*x_p*x_q*y_p*x_r,prime-field-montgomery,element,specialized,p128_mersenne_2^127_minus_1,128,4,0x7fffffffffffffffffffffffffffffff,26,67108864,7,6,8,2,10,whole-run,fixed,triton-sumcheck-prime-field-montgomery-element-layout-specialized-points-treduce,232.107,159.454,0.000,0.000000,0.000,159.454,ok,cuda-sumcheck-prime-field-montgomery-element-layout-specialized-points,187.639,186.113,0,0,0,186.113,ok,true,41499080803804,41499080803804,0.856759,,experiments/h100/sweep_treduce/cases/zk_complete_add_5_bw128_r26.log
zk_complete_add_5,q_add*x_p*x_q*y_q*lambda*lambda + q_add*x_p*x_q*y_p*lambda*lambda - q_add*x_p*x_p*x_q*y_q - q_add*x_p*x_p*x_q*y_p - q_add*x_p*x_q*x_q*y_q - q_add*x_p*x_q*x_q*y_p - q_add*x_p*x_q*y_q*x_r - q_add*x_p*x_q*y_p*x_r,prime-field-montgomery,element,specialized,,128,,,28,268435456,7,6,8,2,10,whole-run,fixed,,,,,,,,skipped,,,,,,,,skipped,skipped,,,,returncode=1,experiments/h100/sweep_treduce/cases/zk_complete_add_5_bw128_r28.log
zk_complete_add_5,q_add*x_p*x_q*y_q*lambda*lambda + q_add*x_p*x_q*y_p*lambda*lambda - q_add*x_p*x_p*x_q*y_q - q_add*x_p*x_p*x_q*y_p - q_add*x_p*x_q*x_q*y_q - q_add*x_p*x_q*x_q*y_p - q_add*x_p*x_q*y_q*x_r - q_add*x_p*x_q*y_p*x_r,prime-field-montgomery,element,specialized,p255_bls12_381_scalar,256,8,0x73eda753299d7d483339d80809a1d80553bda402fffe5bfeffffffff00000001,14,16384,7,6,8,2,10,whole-run,fixed,triton-sumcheck-prime-field-montgomery-element-layout-specialized-points-treduce,133.953,9.595,0.000,0.000000,0.000,9.595,ok,cuda-sumcheck-prime-field-montgomery-element-layout-specialized-points,12.3192,8.33958,0,0,0,8.33958,ok,true,87497088361527,87497088361527,1.150538,,experiments/h100/sweep_treduce/cases/zk_complete_add_5_bw256_r14.log
zk_complete_add_5,q_add*x_p*x_q*y_q*lambda*lambda + q_add*x_p*x_q*y_p*lambda*lambda - q_add*x_p*x_p*x_q*y_q - q_add*x_p*x_p*x_q*y_p - q_add*x_p*x_q*x_q*y_q - q_add*x_p*x_q*x_q*y_p - q_add*x_p*x_q*y_q*x_r - q_add*x_p*x_q*y_p*x_r,prime-field-montgomery,element,specialized,p255_bls12_381_scalar,256,8,0x73eda753299d7d483339d80809a1d80553bda402fffe5bfeffffffff00000001,16,65536,7,6,8,2,10,whole-run,fixed,triton-sumcheck-prime-field-montgomery-element-layout-specialized-points-treduce,134.944,12.163,0.000,0.000000,0.000,12.163,ok,cuda-sumcheck-prime-field-montgomery-element-layout-specialized-points,13.7944,9.91354,0,0,0,9.91354,ok,true,96997994124720,96997994124720,1.226908,,experiments/h100/sweep_treduce/cases/zk_complete_add_5_bw256_r16.log
zk_complete_add_5,q_add*x_p*x_q*y_q*lambda*lambda + q_add*x_p*x_q*y_p*lambda*lambda - q_add*x_p*x_p*x_q*y_q - q_add*x_p*x_p*x_q*y_p - q_add*x_p*x_q*x_q*y_q - q_add*x_p*x_q*x_q*y_p - q_add*x_p*x_q*y_q*x_r - q_add*x_p*x_q*y_p*x_r,prime-field-montgomery,element,specialized,p255_bls12_381_scalar,256,8,0x73eda753299d7d483339d80809a1d80553bda402fffe5bfeffffffff00000001,18,262144,7,6,8,2,10,whole-run,fixed,triton-sumcheck-prime-field-montgomery-element-layout-specialized-points-treduce,137.425,15.574,0.000,0.000000,0.000,15.574,ok,cuda-sumcheck-prime-field-montgomery-element-layout-specialized-points,16.7864,14.3081,0,0,0,14.3081,ok,true,109980672794889,109980672794889,1.088474,,experiments/h100/sweep_treduce/cases/zk_complete_add_5_bw256_r18.log
zk_complete_add_5,q_add*x_p*x_q*y_q*lambda*lambda + q_add*x_p*x_q*y_p*lambda*lambda - q_add*x_p*x_p*x_q*y_q - q_add*x_p*x_p*x_q*y_p - q_add*x_p*x_q*x_q*y_q - q_add*x_p*x_q*x_q*y_p - q_add*x_p*x_q*y_q*x_r - q_add*x_p*x_q*y_p*x_r,prime-field-montgomery,element,specialized,p255_bls12_381_scalar,256,8,0x73eda753299d7d483339d80809a1d80553bda402fffe5bfeffffffff00000001,20,1048576,7,6,8,2,10,whole-run,fixed,triton-sumcheck-prime-field-montgomery-element-layout-specialized-points-treduce,148.126,24.467,0.000,0.000000,0.000,24.467,ok,cuda-sumcheck-prime-field-montgomery-element-layout-specialized-points,27.9165,25.3923,0,0,0,25.3923,ok,true,123320185658891,123320185658891,0.963560,,experiments/h100/sweep_treduce/cases/zk_complete_add_5_bw256_r20.log
zk_complete_add_5,q_add*x_p*x_q*y_q*lambda*lambda + q_add*x_p*x_q*y_p*lambda*lambda - q_add*x_p*x_p*x_q*y_q - q_add*x_p*x_p*x_q*y_p - q_add*x_p*x_q*x_q*y_q - q_add*x_p*x_q*x_q*y_p - q_add*x_p*x_q*y_q*x_r - q_add*x_p*x_q*y_p*x_r,prime-field-montgomery,element,specialized,p255_bls12_381_scalar,256,8,0x73eda753299d7d483339d80809a1d80553bda402fffe5bfeffffffff00000001,22,4194304,7,6,8,2,10,whole-run,fixed,triton-sumcheck-prime-field-montgomery-element-layout-specialized-points-treduce,173.142,54.059,0.000,0.000000,0.000,54.059,ok,cuda-sumcheck-prime-field-montgomery-element-layout-specialized-points,68.6681,64.8122,0,0,0,64.8122,ok,true,135911975834440,135911975834440,0.834087,,experiments/h100/sweep_treduce/cases/zk_complete_add_5_bw256_r22.log
zk_complete_add_5,q_add*x_p*x_q*y_q*lambda*lambda + q_add*x_p*x_q*y_p*lambda*lambda - q_add*x_p*x_p*x_q*y_q - q_add*x_p*x_p*x_q*y_p - q_add*x_p*x_q*x_q*y_q - q_add*x_p*x_q*x_q*y_p - q_add*x_p*x_q*y_q*x_r - q_add*x_p*x_q*y_p*x_r,prime-field-montgomery,element,specialized,p255_bls12_381_scalar,256,8,0x73eda753299d7d483339d80809a1d80553bda402fffe5bfeffffffff00000001,24,16777216,7,6,8,2,10,whole-run,fixed,triton-sumcheck-prime-field-montgomery-element-layout-specialized-points-treduce,285.808,167.069,0.000,0.000000,0.000,167.069,ok,cuda-sumcheck-prime-field-montgomery-element-layout-specialized-points,219.765,216.206,0,0,0,216.206,ok,true,146425248442876,146425248442876,0.772731,,experiments/h100/sweep_treduce/cases/zk_complete_add_5_bw256_r24.log
zk_complete_add_5,q_add*x_p*x_q*y_q*lambda*lambda + q_add*x_p*x_q*y_p*lambda*lambda - q_add*x_p*x_p*x_q*y_q - q_add*x_p*x_p*x_q*y_p - q_add*x_p*x_q*x_q*y_q - q_add*x_p*x_q*x_q*y_p - q_add*x_p*x_q*y_q*x_r - q_add*x_p*x_q*y_p*x_r,prime-field-montgomery,element,specialized,p255_bls12_381_scalar,256,8,0x73eda753299d7d483339d80809a1d80553bda402fffe5bfeffffffff00000001,26,67108864,7,6,8,2,10,whole-run,fixed,triton-sumcheck-prime-field-montgomery-element-layout-specialized-points-treduce,719.290,613.311,0.000,0.000000,0.000,613.311,ok,cuda-sumcheck-prime-field-montgomery-element-layout-specialized-points,817.632,811.722,0,0,0,811.722,ok,true,161138619619848,161138619619848,0.755568,,experiments/h100/sweep_treduce/cases/zk_complete_add_5_bw256_r26.log
zk_complete_add_5,q_add*x_p*x_q*y_q*lambda*lambda + q_add*x_p*x_q*y_p*lambda*lambda - q_add*x_p*x_p*x_q*y_q - q_add*x_p*x_p*x_q*y_p - q_add*x_p*x_q*x_q*y_q - q_add*x_p*x_q*x_q*y_p - q_add*x_p*x_q*y_q*x_r - q_add*x_p*x_q*y_p*x_r,prime-field-montgomery,element,specialized,,256,,,28,268435456,7,6,8,2,10,whole-run,fixed,,,,,,,,skipped,,,,,,,,skipped,skipped,,,,returncode=1,experiments/h100/sweep_treduce/cases/zk_complete_add_5_bw256_r28.log
zk_complete_add_6,q_add*x_p*x_p*x_q*y_q*lambda + q_add*x_p*x_p*x_q*y_p*lambda - q_add*x_p*x_q*y_p*x_r*lambda - q_add*x_p*x_q*y_q*x_r*lambda - q_add*x_p*x_q*y_p*y_p - q_add*x_p*x_q*y_p*y_q - q_add*x_p*x_q*y_p*y_r - q_add*x_p*x_q*y_q*y_r,prime-field-montgomery,element,specialized,p32_2^32_minus_5,32,1,0xfffffffb,14,16384,8,6,8,2,10,whole-run,fixed,triton-sumcheck-prime-field-montgomery-element-layout-specialized-points-treduce,154.012,4.477,0.000,0.000000,0.000,4.477,ok,cuda-sumcheck-prime-field-montgomery-element-layout-specialized-points,2.59536,2.29574,0,0,0,2.29574,ok,true,2732034355063,2732034355063,1.950134,,experiments/h100/sweep_treduce/cases/zk_complete_add_6_bw32_r14.log
zk_complete_add_6,q_add*x_p*x_p*x_q*y_q*lambda + q_add*x_p*x_p*x_q*y_p*lambda - q_add*x_p*x_q*y_p*x_r*lambda - q_add*x_p*x_q*y_q*x_r*lambda - q_add*x_p*x_q*y_p*y_p - q_add*x_p*x_q*y_p*y_q - q_add*x_p*x_q*y_p*y_r - q_add*x_p*x_q*y_q*y_r,prime-field-montgomery,element,specialized,p32_2^32_minus_5,32,1,0xfffffffb,16,65536,8,6,8,2,10,whole-run,fixed,triton-sumcheck-prime-field-montgomery-element-layout-specialized-points-treduce,39.088,5.949,0.000,0.000000,0.000,5.949,ok,cuda-sumcheck-prime-field-montgomery-element-layout-specialized-points,3.22829,2.77734,0,0,0,2.77734,ok,true,3165230624907,3165230624907,2.141978,,experiments/h100/sweep_treduce/cases/zk_complete_add_6_bw32_r16.log
zk_complete_add_6,q_add*x_p*x_p*x_q*y_q*lambda + q_add*x_p*x_p*x_q*y_p*lambda - q_add*x_p*x_q*y_p*x_r*lambda - q_add*x_p*x_q*y_q*x_r*lambda - q_add*x_p*x_q*y_p*y_p - q_add*x_p*x_q*y_p*y_q - q_add*x_p*x_q*y_p*y_r - q_add*x_p*x_q*y_q*y_r,prime-field-montgomery,element,specialized,p32_2^32_minus_5,32,1,0xfffffffb,18,262144,8,6,8,2,10,whole-run,fixed,triton-sumcheck-prime-field-montgomery-element-layout-specialized-points-treduce,40.783,7.661,0.000,0.000000,0.000,7.661,ok,cuda-sumcheck-prime-field-montgomery-element-layout-specialized-points,3.75075,3.3199,0,0,0,3.3199,ok,true,3524664918177,3524664918177,2.307600,,experiments/h100/sweep_treduce/cases/zk_complete_add_6_bw32_r18.log
zk_complete_add_6,q_add*x_p*x_p*x_q*y_q*lambda + q_add*x_p*x_p*x_q*y_p*lambda - q_add*x_p*x_q*y_p*x_r*lambda - q_add*x_p*x_q*y_q*x_r*lambda - q_add*x_p*x_q*y_p*y_p - q_add*x_p*x_q*y_p*y_q - q_add*x_p*x_q*y_p*y_r - q_add*x_p*x_q*y_q*y_r,prime-field-montgomery,element,specialized,p32_2^32_minus_5,32,1,0xfffffffb,20,1048576,8,6,8,2,10,whole-run,fixed,triton-sumcheck-prime-field-montgomery-element-layout-specialized-points-treduce,78.082,17.462,0.000,0.000000,0.000,17.462,ok,cuda-sumcheck-prime-field-montgomery-element-layout-specialized-points,4.54515,4.12384,0,0,0,4.12384,ok,true,3965831004005,3965831004005,4.234403,,experiments/h100/sweep_treduce/cases/zk_complete_add_6_bw32_r20.log
zk_complete_add_6,q_add*x_p*x_p*x_q*y_q*lambda + q_add*x_p*x_p*x_q*y_p*lambda - q_add*x_p*x_q*y_p*x_r*lambda - q_add*x_p*x_q*y_q*x_r*lambda - q_add*x_p*x_q*y_p*y_p - q_add*x_p*x_q*y_p*y_q - q_add*x_p*x_q*y_p*y_r - q_add*x_p*x_q*y_q*y_r,prime-field-montgomery,element,specialized,p32_2^32_minus_5,32,1,0xfffffffb,22,4194304,8,6,8,2,10,whole-run,fixed,triton-sumcheck-prime-field-montgomery-element-layout-specialized-points-treduce,81.094,21.087,0.000,0.000000,0.000,21.087,ok,cuda-sumcheck-prime-field-montgomery-element-layout-specialized-points,6.20778,5.83904,0,0,0,5.83904,ok,true,4218207864195,4218207864195,3.611381,,experiments/h100/sweep_treduce/cases/zk_complete_add_6_bw32_r22.log
zk_complete_add_6,q_add*x_p*x_p*x_q*y_q*lambda + q_add*x_p*x_p*x_q*y_p*lambda - q_add*x_p*x_q*y_p*x_r*lambda - q_add*x_p*x_q*y_q*x_r*lambda - q_add*x_p*x_q*y_p*y_p - q_add*x_p*x_q*y_p*y_q - q_add*x_p*x_q*y_p*y_r - q_add*x_p*x_q*y_q*y_r,prime-field-montgomery,element,specialized,p32_2^32_minus_5,32,1,0xfffffffb,24,16777216,8,6,8,2,10,whole-run,fixed,triton-sumcheck-prime-field-montgomery-element-layout-specialized-points-treduce,86.728,27.320,0.000,0.000000,0.000,27.320,ok,cuda-sumcheck-prime-field-montgomery-element-layout-specialized-points,10.6621,10.3064,0,0,0,10.3064,ok,true,4596271812704,4596271812704,2.650780,,experiments/h100/sweep_treduce/cases/zk_complete_add_6_bw32_r24.log
zk_complete_add_6,q_add*x_p*x_p*x_q*y_q*lambda + q_add*x_p*x_p*x_q*y_p*lambda - q_add*x_p*x_q*y_p*x_r*lambda - q_add*x_p*x_q*y_q*x_r*lambda - q_add*x_p*x_q*y_p*y_p - q_add*x_p*x_q*y_p*y_q - q_add*x_p*x_q*y_p*y_r - q_add*x_p*x_q*y_q*y_r,prime-field-montgomery,element,specialized,p32_2^32_minus_5,32,1,0xfffffffb,26,67108864,8,6,8,2,10,whole-run,fixed,triton-sumcheck-prime-field-montgomery-element-layout-specialized-points-treduce,101.857,44.433,0.000,0.000000,0.000,44.433,ok,cuda-sumcheck-prime-field-montgomery-element-layout-specialized-points,25.5848,25.4333,0,0,0,25.4333,ok,true,4670927661413,4670927661413,1.747040,,experiments/h100/sweep_treduce/cases/zk_complete_add_6_bw32_r26.log
zk_complete_add_6,q_add*x_p*x_p*x_q*y_q*lambda + q_add*x_p*x_p*x_q*y_p*lambda - q_add*x_p*x_q*y_p*x_r*lambda - q_add*x_p*x_q*y_q*x_r*lambda - q_add*x_p*x_q*y_p*y_p - q_add*x_p*x_q*y_p*y_q - q_add*x_p*x_q*y_p*y_r - q_add*x_p*x_q*y_q*y_r,prime-field-montgomery,element,specialized,p32_2^32_minus_5,32,1,0xfffffffb,28,268435456,8,6,8,2,10,whole-run,fixed,triton-sumcheck-prime-field-montgomery-element-layout-specialized-points-treduce,167.534,112.608,0.000,0.000000,0.000,112.608,ok,cuda-sumcheck-prime-field-montgomery-element-layout-specialized-points,84.9933,86.5448,0,0,0,86.5448,ok,true,5407386445409,5407386445409,1.301153,,experiments/h100/sweep_treduce/cases/zk_complete_add_6_bw32_r28.log
zk_complete_add_6,q_add*x_p*x_p*x_q*y_q*lambda + q_add*x_p*x_p*x_q*y_p*lambda - q_add*x_p*x_q*y_p*x_r*lambda - q_add*x_p*x_q*y_q*x_r*lambda - q_add*x_p*x_q*y_p*y_p - q_add*x_p*x_q*y_p*y_q - q_add*x_p*x_q*y_p*y_r - q_add*x_p*x_q*y_q*y_r,prime-field-montgomery,element,specialized,p64_goldilocks,64,2,0xffffffff00000001,14,16384,8,6,8,2,10,whole-run,fixed,triton-sumcheck-prime-field-montgomery-element-layout-specialized-points-treduce,303.961,7.815,0.000,0.000000,0.000,7.815,ok,cuda-sumcheck-prime-field-montgomery-element-layout-specialized-points,3.18182,2.57862,0,0,0,2.57862,ok,true,8071796398614,8071796398614,3.030691,,experiments/h100/sweep_treduce/cases/zk_complete_add_6_bw64_r14.log
zk_complete_add_6,q_add*x_p*x_p*x_q*y_q*lambda + q_add*x_p*x_p*x_q*y_p*lambda - q_add*x_p*x_q*y_p*x_r*lambda - q_add*x_p*x_q*y_q*x_r*lambda - q_add*x_p*x_q*y_p*y_p - q_add*x_p*x_q*y_p*y_q - q_add*x_p*x_q*y_p*y_r - q_add*x_p*x_q*y_q*y_r,prime-field-montgomery,element,specialized,p64_goldilocks,64,2,0xffffffff00000001,16,65536,8,6,8,2,10,whole-run,fixed,triton-sumcheck-prime-field-montgomery-element-layout-specialized-points-treduce,76.588,10.276,0.000,0.000000,0.000,10.276,ok,cuda-sumcheck-prime-field-montgomery-element-layout-specialized-points,3.77878,3.16208,0,0,0,3.16208,ok,true,9188997486136,9188997486136,3.249760,,experiments/h100/sweep_treduce/cases/zk_complete_add_6_bw64_r16.log
zk_complete_add_6,q_add*x_p*x_p*x_q*y_q*lambda + q_add*x_p*x_p*x_q*y_p*lambda - q_add*x_p*x_q*y_p*x_r*lambda - q_add*x_p*x_q*y_q*x_r*lambda - q_add*x_p*x_q*y_p*y_p - q_add*x_p*x_q*y_p*y_q - q_add*x_p*x_q*y_p*y_r - q_add*x_p*x_q*y_q*y_r,prime-field-montgomery,element,specialized,p64_goldilocks,64,2,0xffffffff00000001,18,262144,8,6,8,2,10,whole-run,fixed,triton-sumcheck-prime-field-montgomery-element-layout-specialized-points-treduce,79.470,13.602,0.000,0.000000,0.000,13.602,ok,cuda-sumcheck-prime-field-montgomery-element-layout-specialized-points,4.63549,3.9896,0,0,0,3.9896,ok,true,10966450254344,10966450254344,3.409364,,experiments/h100/sweep_treduce/cases/zk_complete_add_6_bw64_r18.log
zk_complete_add_6,q_add*x_p*x_p*x_q*y_q*lambda + q_add*x_p*x_p*x_q*y_p*lambda - q_add*x_p*x_q*y_p*x_r*lambda - q_add*x_p*x_q*y_q*x_r*lambda - q_add*x_p*x_q*y_p*y_p - q_add*x_p*x_q*y_p*y_q - q_add*x_p*x_q*y_p*y_r - q_add*x_p*x_q*y_q*y_r,prime-field-montgomery,element,specialized,p64_goldilocks,64,2,0xffffffff00000001,20,1048576,8,6,8,2,10,whole-run,fixed,triton-sumcheck-prime-field-montgomery-element-layout-specialized-points-treduce,84.006,17.325,0.000,0.000000,0.000,17.325,ok,cuda-sumcheck-prime-field-montgomery-element-layout-specialized-points,6.01808,5.43264,0,0,0,5.43264,ok,true,11910253914364,11910253914364,3.189057,,experiments/h100/sweep_treduce/cases/zk_complete_add_6_bw64_r20.log
zk_complete_add_6,q_add*x_p*x_p*x_q*y_q*lambda + q_add*x_p*x_p*x_q*y_p*lambda - q_add*x_p*x_q*y_p*x_r*lambda - q_add*x_p*x_q*y_q*x_r*lambda - q_add*x_p*x_q*y_p*y_p - q_add*x_p*x_q*y_p*y_q - q_add*x_p*x_q*y_p*y_r - q_add*x_p*x_q*y_q*y_r,prime-field-montgomery,element,specialized,p64_goldilocks,64,2,0xffffffff00000001,22,4194304,8,6,8,2,10,whole-run,fixed,triton-sumcheck-prime-field-montgomery-element-layout-specialized-points-treduce,89.738,22.326,0.000,0.000000,0.000,22.326,ok,cuda-sumcheck-prime-field-montgomery-element-layout-specialized-points,9.95619,9.38698,0,0,0,9.38698,ok,true,13325553290634,13325553290634,2.378401,,experiments/h100/sweep_treduce/cases/zk_complete_add_6_bw64_r22.log
zk_complete_add_6,q_add*x_p*x_p*x_q*y_q*lambda + q_add*x_p*x_p*x_q*y_p*lambda - q_add*x_p*x_q*y_p*x_r*lambda - q_add*x_p*x_q*y_q*x_r*lambda - q_add*x_p*x_q*y_p*y_p - q_add*x_p*x_q*y_p*y_q - q_add*x_p*x_q*y_p*y_r - q_add*x_p*x_q*y_q*y_r,prime-field-montgomery,element,specialized,p64_goldilocks,64,2,0xffffffff00000001,24,16777216,8,6,8,2,10,whole-run,fixed,triton-sumcheck-prime-field-montgomery-element-layout-specialized-points-treduce,97.496,33.018,0.000,0.000000,0.000,33.018,ok,cuda-sumcheck-prime-field-montgomery-element-layout-specialized-points,22.5761,21.6958,0,0,0,21.6958,ok,true,14322881746485,14322881746485,1.521861,,experiments/h100/sweep_treduce/cases/zk_complete_add_6_bw64_r24.log
zk_complete_add_6,q_add*x_p*x_p*x_q*y_q*lambda + q_add*x_p*x_p*x_q*y_p*lambda - q_add*x_p*x_q*y_p*x_r*lambda - q_add*x_p*x_q*y_q*x_r*lambda - q_add*x_p*x_q*y_p*y_p - q_add*x_p*x_q*y_p*y_q - q_add*x_p*x_q*y_p*y_r - q_add*x_p*x_q*y_q*y_r,prime-field-montgomery,element,specialized,p64_goldilocks,64,2,0xffffffff00000001,26,67108864,8,6,8,2,10,whole-run,fixed,triton-sumcheck-prime-field-montgomery-element-layout-specialized-points-treduce,100.623,66.638,0.000,0.000000,0.000,66.638,ok,cuda-sumcheck-prime-field-montgomery-element-layout-specialized-points,69.7724,70.2675,0,0,0,70.2675,ok,true,14512861747540,14512861747540,0.948347,,experiments/h100/sweep_treduce/cases/zk_complete_add_6_bw64_r26.log
zk_complete_add_6,q_add*x_p*x_p*x_q*y_q*lambda + q_add*x_p*x_p*x_q*y_p*lambda - q_add*x_p*x_q*y_p*x_r*lambda - q_add*x_p*x_q*y_q*x_r*lambda - q_add*x_p*x_q*y_p*y_p - q_add*x_p*x_q*y_p*y_q - q_add*x_p*x_q*y_p*y_r - q_add*x_p*x_q*y_q*y_r,prime-field-montgomery,element,specialized,p64_goldilocks,64,2,0xffffffff00000001,28,268435456,8,6,8,2,10,whole-run,fixed,triton-sumcheck-prime-field-montgomery-element-layout-specialized-points-treduce,270.641,247.276,0.000,0.000000,0.000,247.276,ok,cuda-sumcheck-prime-field-montgomery-element-layout-specialized-points,265.884,279.131,0,0,0,279.131,ok,true,17209631480548,17209631480548,0.885878,,experiments/h100/sweep_treduce/cases/zk_complete_add_6_bw64_r28.log
zk_complete_add_6,q_add*x_p*x_p*x_q*y_q*lambda + q_add*x_p*x_p*x_q*y_p*lambda - q_add*x_p*x_q*y_p*x_r*lambda - q_add*x_p*x_q*y_q*x_r*lambda - q_add*x_p*x_q*y_p*y_p - q_add*x_p*x_q*y_p*y_q - q_add*x_p*x_q*y_p*y_r - q_add*x_p*x_q*y_q*y_r,prime-field-montgomery,element,specialized,p128_mersenne_2^127_minus_1,128,4,0x7fffffffffffffffffffffffffffffff,14,16384,8,6,8,2,10,whole-run,fixed,triton-sumcheck-prime-field-montgomery-element-layout-specialized-points-treduce,618.035,7.823,0.000,0.000000,0.000,7.823,ok,cuda-sumcheck-prime-field-montgomery-element-layout-specialized-points,5.44541,3.94682,0,0,0,3.94682,ok,true,21412066203099,21412066203099,1.982102,,experiments/h100/sweep_treduce/cases/zk_complete_add_6_bw128_r14.log
zk_complete_add_6,q_add*x_p*x_p*x_q*y_q*lambda + q_add*x_p*x_p*x_q*y_p*lambda - q_add*x_p*x_q*y_p*x_r*lambda - q_add*x_p*x_q*y_q*x_r*lambda - q_add*x_p*x_q*y_p*y_p - q_add*x_p*x_q*y_p*y_q - q_add*x_p*x_q*y_p*y_r - q_add*x_p*x_q*y_q*y_r,prime-field-montgomery,element,specialized,p128_mersenne_2^127_minus_1,128,4,0x7fffffffffffffffffffffffffffffff,16,65536,8,6,8,2,10,whole-run,fixed,triton-sumcheck-prime-field-montgomery-element-layout-specialized-points-treduce,53.155,6.322,0.000,0.000000,0.000,6.322,ok,cuda-sumcheck-prime-field-montgomery-element-layout-specialized-points,5.46797,4.46134,0,0,0,4.46134,ok,true,25361767609581,25361767609581,1.417063,,experiments/h100/sweep_treduce/cases/zk_complete_add_6_bw128_r16.log
zk_complete_add_6,q_add*x_p*x_p*x_q*y_q*lambda + q_add*x_p*x_p*x_q*y_p*lambda - q_add*x_p*x_q*y_p*x_r*lambda - q_add*x_p*x_q*y_q*x_r*lambda - q_add*x_p*x_q*y_p*y_p - q_add*x_p*x_q*y_p*y_q - q_add*x_p*x_q*y_p*y_r - q_add*x_p*x_q*y_q*y_r,prime-field-montgomery,element,specialized,p128_mersenne_2^127_minus_1,128,4,0x7fffffffffffffffffffffffffffffff,18,262144,8,6,8,2,10,whole-run,fixed,triton-sumcheck-prime-field-montgomery-element-layout-specialized-points-treduce,54.373,8.136,0.000,0.000000,0.000,8.136,ok,cuda-sumcheck-prime-field-montgomery-element-layout-specialized-points,6.76989,5.84899,0,0,0,5.84899,ok,true,27862136254225,27862136254225,1.391009,,experiments/h100/sweep_treduce/cases/zk_complete_add_6_bw128_r18.log
zk_complete_add_6,q_add*x_p*x_p*x_q*y_q*lambda + q_add*x_p*x_p*x_q*y_p*lambda - q_add*x_p*x_q*y_p*x_r*lambda - q_add*x_p*x_q*y_q*x_r*lambda - q_add*x_p*x_q*y_p*y_p - q_add*x_p*x_q*y_p*y_q - q_add*x_p*x_q*y_p*y_r - q_add*x_p*x_q*y_q*y_r,prime-field-montgomery,element,specialized,p128_mersenne_2^127_minus_1,128,4,0x7fffffffffffffffffffffffffffffff,20,1048576,8,6,8,2,10,whole-run,fixed,triton-sumcheck-prime-field-montgomery-element-layout-specialized-points-treduce,56.933,11.005,0.000,0.000000,0.000,11.005,ok,cuda-sumcheck-prime-field-montgomery-element-layout-specialized-points,10.1356,9.14733,0,0,0,9.14733,ok,true,32765236585601,32765236585601,1.203083,,experiments/h100/sweep_treduce/cases/zk_complete_add_6_bw128_r20.log
zk_complete_add_6,q_add*x_p*x_p*x_q*y_q*lambda + q_add*x_p*x_p*x_q*y_p*lambda - q_add*x_p*x_q*y_p*x_r*lambda - q_add*x_p*x_q*y_q*x_r*lambda - q_add*x_p*x_q*y_p*y_p - q_add*x_p*x_q*y_p*y_q - q_add*x_p*x_q*y_p*y_r - q_add*x_p*x_q*y_q*y_r,prime-field-montgomery,element,specialized,p128_mersenne_2^127_minus_1,128,4,0x7fffffffffffffffffffffffffffffff,22,4194304,8,6,8,2,10,whole-run,fixed,triton-sumcheck-prime-field-montgomery-element-layout-specialized-points-treduce,102.536,25.787,0.000,0.000000,0.000,25.787,ok,cuda-sumcheck-prime-field-montgomery-element-layout-specialized-points,21.034,19.3458,0,0,0,19.3458,ok,true,33382113506443,33382113506443,1.332951,,experiments/h100/sweep_treduce/cases/zk_complete_add_6_bw128_r22.log
zk_complete_add_6,q_add*x_p*x_p*x_q*y_q*lambda + q_add*x_p*x_p*x_q*y_p*lambda - q_add*x_p*x_q*y_p*x_r*lambda - q_add*x_p*x_q*y_q*x_r*lambda - q_add*x_p*x_q*y_p*y_p - q_add*x_p*x_q*y_p*y_q - q_add*x_p*x_q*y_p*y_r - q_add*x_p*x_q*y_q*y_r,prime-field-montgomery,element,specialized,p128_mersenne_2^127_minus_1,128,4,0x7fffffffffffffffffffffffffffffff,24,16777216,8,6,8,2,10,whole-run,fixed,triton-sumcheck-prime-field-montgomery-element-layout-specialized-points-treduce,130.671,56.671,0.000,0.000000,0.000,56.671,ok,cuda-sumcheck-prime-field-montgomery-element-layout-specialized-points,58.5411,56.8439,0,0,0,56.8439,ok,true,38021855810549,38021855810549,0.996958,,experiments/h100/sweep_treduce/cases/zk_complete_add_6_bw128_r24.log
zk_complete_add_6,q_add*x_p*x_p*x_q*y_q*lambda + q_add*x_p*x_p*x_q*y_p*lambda - q_add*x_p*x_q*y_p*x_r*lambda - q_add*x_p*x_q*y_q*x_r*lambda - q_add*x_p*x_q*y_p*y_p - q_add*x_p*x_q*y_p*y_q - q_add*x_p*x_q*y_p*y_r - q_add*x_p*x_q*y_q*y_r,prime-field-montgomery,element,specialized,p128_mersenne_2^127_minus_1,128,4,0x7fffffffffffffffffffffffffffffff,26,67108864,8,6,8,2,10,whole-run,fixed,triton-sumcheck-prime-field-montgomery-element-layout-specialized-points-treduce,246.842,173.097,0.000,0.000000,0.000,173.097,ok,cuda-sumcheck-prime-field-montgomery-element-layout-specialized-points,202.181,200.697,0,0,0,200.697,ok,true,41597288433272,41597288433272,0.862479,,experiments/h100/sweep_treduce/cases/zk_complete_add_6_bw128_r26.log
zk_complete_add_6,q_add*x_p*x_p*x_q*y_q*lambda + q_add*x_p*x_p*x_q*y_p*lambda - q_add*x_p*x_q*y_p*x_r*lambda - q_add*x_p*x_q*y_q*x_r*lambda - q_add*x_p*x_q*y_p*y_p - q_add*x_p*x_q*y_p*y_q - q_add*x_p*x_q*y_p*y_r - q_add*x_p*x_q*y_q*y_r,prime-field-montgomery,element,specialized,,128,,,28,268435456,8,6,8,2,10,whole-run,fixed,,,,,,,,skipped,,,,,,,,skipped,skipped,,,,returncode=1,experiments/h100/sweep_treduce/cases/zk_complete_add_6_bw128_r28.log
zk_complete_add_6,q_add*x_p*x_p*x_q*y_q*lambda + q_add*x_p*x_p*x_q*y_p*lambda - q_add*x_p*x_q*y_p*x_r*lambda - q_add*x_p*x_q*y_q*x_r*lambda - q_add*x_p*x_q*y_p*y_p - q_add*x_p*x_q*y_p*y_q - q_add*x_p*x_q*y_p*y_r - q_add*x_p*x_q*y_q*y_r,prime-field-montgomery,element,specialized,p255_bls12_381_scalar,256,8,0x73eda753299d7d483339d80809a1d80553bda402fffe5bfeffffffff00000001,14,16384,8,6,8,2,10,whole-run,fixed,triton-sumcheck-prime-field-montgomery-element-layout-specialized-points-treduce,3358.589,8.421,0.000,0.000000,0.000,8.421,ok,cuda-sumcheck-prime-field-montgomery-element-layout-specialized-points,12.8994,8.74173,0,0,0,8.74173,ok,true,84088931235322,84088931235322,0.963310,,experiments/h100/sweep_treduce/cases/zk_complete_add_6_bw256_r14.log
zk_complete_add_6,q_add*x_p*x_p*x_q*y_q*lambda + q_add*x_p*x_p*x_q*y_p*lambda - q_add*x_p*x_q*y_p*x_r*lambda - q_add*x_p*x_q*y_q*x_r*lambda - q_add*x_p*x_q*y_p*y_p - q_add*x_p*x_q*y_p*y_q - q_add*x_p*x_q*y_p*y_r - q_add*x_p*x_q*y_q*y_r,prime-field-montgomery,element,specialized,p255_bls12_381_scalar,256,8,0x73eda753299d7d483339d80809a1d80553bda402fffe5bfeffffffff00000001,16,65536,8,6,8,2,10,whole-run,fixed,triton-sumcheck-prime-field-montgomery-element-layout-specialized-points-treduce,89.675,8.668,0.000,0.000000,0.000,8.668,ok,cuda-sumcheck-prime-field-montgomery-element-layout-specialized-points,14.6047,10.3321,0,0,0,10.3321,ok,true,97729813563668,97729813563668,0.838939,,experiments/h100/sweep_treduce/cases/zk_complete_add_6_bw256_r16.log
zk_complete_add_6,q_add*x_p*x_p*x_q*y_q*lambda + q_add*x_p*x_p*x_q*y_p*lambda - q_add*x_p*x_q*y_p*x_r*lambda - q_add*x_p*x_q*y_q*x_r*lambda - q_add*x_p*x_q*y_p*y_p - q_add*x_p*x_q*y_p*y_q - q_add*x_p*x_q*y_p*y_r - q_add*x_p*x_q*y_q*y_r,prime-field-montgomery,element,specialized,p255_bls12_381_scalar,256,8,0x73eda753299d7d483339d80809a1d80553bda402fffe5bfeffffffff00000001,18,262144,8,6,8,2,10,whole-run,fixed,triton-sumcheck-prime-field-montgomery-element-layout-specialized-points-treduce,91.722,12.360,0.000,0.000000,0.000,12.360,ok,cuda-sumcheck-prime-field-montgomery-element-layout-specialized-points,19.2485,15.3115,0,0,0,15.3115,ok,true,111801510711826,111801510711826,0.807236,,experiments/h100/sweep_treduce/cases/zk_complete_add_6_bw256_r18.log
zk_complete_add_6,q_add*x_p*x_p*x_q*y_q*lambda + q_add*x_p*x_p*x_q*y_p*lambda - q_add*x_p*x_q*y_p*x_r*lambda - q_add*x_p*x_q*y_q*x_r*lambda - q_add*x_p*x_q*y_p*y_p - q_add*x_p*x_q*y_p*y_q - q_add*x_p*x_q*y_p*y_r - q_add*x_p*x_q*y_q*y_r,prime-field-montgomery,element,specialized,p255_bls12_381_scalar,256,8,0x73eda753299d7d483339d80809a1d80553bda402fffe5bfeffffffff00000001,20,1048576,8,6,8,2,10,whole-run,fixed,triton-sumcheck-prime-field-montgomery-element-layout-specialized-points-treduce,100.793,21.152,0.000,0.000000,0.000,21.152,ok,cuda-sumcheck-prime-field-montgomery-element-layout-specialized-points,31.8375,27.9929,0,0,0,27.9929,ok,true,127702151872698,127702151872698,0.755620,,experiments/h100/sweep_treduce/cases/zk_complete_add_6_bw256_r20.log
zk_complete_add_6,q_add*x_p*x_p*x_q*y_q*lambda + q_add*x_p*x_p*x_q*y_p*lambda - q_add*x_p*x_q*y_p*x_r*lambda - q_add*x_p*x_q*y_q*x_r*lambda - q_add*x_p*x_q*y_p*y_p - q_add*x_p*x_q*y_p*y_q - q_add*x_p*x_q*y_p*y_r - q_add*x_p*x_q*y_q*y_r,prime-field-montgomery,element,specialized,p255_bls12_381_scalar,256,8,0x73eda753299d7d483339d80809a1d80553bda402fffe5bfeffffffff00000001,22,4194304,8,6,8,2,10,whole-run,fixed,triton-sumcheck-prime-field-montgomery-element-layout-specialized-points-treduce,176.833,55.651,0.000,0.000000,0.000,55.651,ok,cuda-sumcheck-prime-field-montgomery-element-layout-specialized-points,76.8706,72.9169,0,0,0,72.9169,ok,true,136453822904269,136453822904269,0.763211,,experiments/h100/sweep_treduce/cases/zk_complete_add_6_bw256_r22.log
zk_complete_add_6,q_add*x_p*x_p*x_q*y_q*lambda + q_add*x_p*x_p*x_q*y_p*lambda - q_add*x_p*x_q*y_p*x_r*lambda - q_add*x_p*x_q*y_q*x_r*lambda - q_add*x_p*x_q*y_p*y_p - q_add*x_p*x_q*y_p*y_q - q_add*x_p*x_q*y_p*y_r - q_add*x_p*x_q*y_q*y_r,prime-field-montgomery,element,specialized,p255_bls12_381_scalar,256,8,0x73eda753299d7d483339d80809a1d80553bda402fffe5bfeffffffff00000001,24,16777216,8,6,8,2,10,whole-run,fixed,triton-sumcheck-prime-field-montgomery-element-layout-specialized-points-treduce,295.886,170.349,0.000,0.000000,0.000,170.349,ok,cuda-sumcheck-prime-field-montgomery-element-layout-specialized-points,258.415,254.858,0,0,0,254.858,ok,true,151263839095356,151263839095356,0.668408,,experiments/h100/sweep_treduce/cases/zk_complete_add_6_bw256_r24.log
zk_complete_add_6,q_add*x_p*x_p*x_q*y_q*lambda + q_add*x_p*x_p*x_q*y_p*lambda - q_add*x_p*x_q*y_p*x_r*lambda - q_add*x_p*x_q*y_q*x_r*lambda - q_add*x_p*x_q*y_p*y_p - q_add*x_p*x_q*y_p*y_q - q_add*x_p*x_q*y_p*y_r - q_add*x_p*x_q*y_q*y_r,prime-field-montgomery,element,specialized,p255_bls12_381_scalar,256,8,0x73eda753299d7d483339d80809a1d80553bda402fffe5bfeffffffff00000001,26,67108864,8,6,8,2,10,whole-run,fixed,triton-sumcheck-prime-field-montgomery-element-layout-specialized-points-treduce,752.056,623.682,0.000,0.000000,0.000,623.682,ok,cuda-sumcheck-prime-field-montgomery-element-layout-specialized-points,955.056,949.782,0,0,0,949.782,ok,true,162039945774460,162039945774460,0.656658,,experiments/h100/sweep_treduce/cases/zk_complete_add_6_bw256_r26.log
zk_complete_add_6,q_add*x_p*x_p*x_q*y_q*lambda + q_add*x_p*x_p*x_q*y_p*lambda - q_add*x_p*x_q*y_p*x_r*lambda - q_add*x_p*x_q*y_q*x_r*lambda - q_add*x_p*x_q*y_p*y_p - q_add*x_p*x_q*y_p*y_q - q_add*x_p*x_q*y_p*y_r - q_add*x_p*x_q*y_q*y_r,prime-field-montgomery,element,specialized,,256,,,28,268435456,8,6,8,2,10,whole-run,fixed,,,,,,,,skipped,,,,,,,,skipped,skipped,,,,returncode=1,experiments/h100/sweep_treduce/cases/zk_complete_add_6_bw256_r28.log
zk_complete_add_7,q_add*x_r - q_add*x_q - q_add*x_p*x_r*beta + q_add*x_p*x_q*beta,prime-field-montgomery,element,specialized,p32_2^32_minus_5,32,1,0xfffffffb,14,16384,5,4,4,2,10,whole-run,fixed,triton-sumcheck-prime-field-montgomery-element-layout-specialized-points-treduce,34.923,3.252,0.000,0.000000,0.000,3.252,ok,cuda-sumcheck-prime-field-montgomery-element-layout-specialized-points,1.82531,1.58317,0,0,0,1.58317,ok,true,2034891719822,2034891719822,2.054107,,experiments/h100/sweep_treduce/cases/zk_complete_add_7_bw32_r14.log
zk_complete_add_7,q_add*x_r - q_add*x_q - q_add*x_p*x_r*beta + q_add*x_p*x_q*beta,prime-field-montgomery,element,specialized,p32_2^32_minus_5,32,1,0xfffffffb,16,65536,5,4,4,2,10,whole-run,fixed,triton-sumcheck-prime-field-montgomery-element-layout-specialized-points-treduce,60.972,7.555,0.000,0.000000,0.000,7.555,ok,cuda-sumcheck-prime-field-montgomery-element-layout-specialized-points,2.21555,1.93194,0,0,0,1.93194,ok,true,2172632219225,2172632219225,3.910577,,experiments/h100/sweep_treduce/cases/zk_complete_add_7_bw32_r16.log
zk_complete_add_7,q_add*x_r - q_add*x_q - q_add*x_p*x_r*beta + q_add*x_p*x_q*beta,prime-field-montgomery,element,specialized,p32_2^32_minus_5,32,1,0xfffffffb,18,262144,5,4,4,2,10,whole-run,fixed,triton-sumcheck-prime-field-montgomery-element-layout-specialized-points-treduce,63.625,10.025,0.000,0.000000,0.000,10.025,ok,cuda-sumcheck-prime-field-montgomery-element-layout-specialized-points,2.70867,2.4137,0,0,0,2.4137,ok,true,2573258479233,2573258479233,4.153374,,experiments/h100/sweep_treduce/cases/zk_complete_add_7_bw32_r18.log
zk_complete_add_7,q_add*x_r - q_add*x_q - q_add*x_p*x_r*beta + q_add*x_p*x_q*beta,prime-field-montgomery,element,specialized,p32_2^32_minus_5,32,1,0xfffffffb,20,1048576,5,4,4,2,10,whole-run,fixed,triton-sumcheck-prime-field-montgomery-element-layout-specialized-points-treduce,66.343,12.442,0.000,0.000000,0.000,12.442,ok,cuda-sumcheck-prime-field-montgomery-element-layout-specialized-points,3.17699,2.8553,0,0,0,2.8553,ok,true,2693989604514,2693989604514,4.357511,,experiments/h100/sweep_treduce/cases/zk_complete_add_7_bw32_r20.log
zk_complete_add_7,q_add*x_r - q_add*x_q - q_add*x_p*x_r*beta + q_add*x_p*x_q*beta,prime-field-montgomery,element,specialized,p32_2^32_minus_5,32,1,0xfffffffb,22,4194304,5,4,4,2,10,whole-run,fixed,triton-sumcheck-prime-field-montgomery-element-layout-specialized-points-treduce,69.666,15.188,0.000,0.000000,0.000,15.188,ok,cuda-sumcheck-prime-field-montgomery-element-layout-specialized-points,4.07168,3.8184,0,0,0,3.8184,ok,true,2988758291324,2988758291324,3.977582,,experiments/h100/sweep_treduce/cases/zk_complete_add_7_bw32_r22.log
zk_complete_add_7,q_add*x_r - q_add*x_q - q_add*x_p*x_r*beta + q_add*x_p*x_q*beta,prime-field-montgomery,element,specialized,p32_2^32_minus_5,32,1,0xfffffffb,24,16777216,5,4,4,2,10,whole-run,fixed,triton-sumcheck-prime-field-montgomery-element-layout-specialized-points-treduce,72.563,18.720,0.000,0.000000,0.000,18.720,ok,cuda-sumcheck-prime-field-montgomery-element-layout-specialized-points,6.3816,6.09242,0,0,0,6.09242,ok,true,3229523613953,3229523613953,3.072671,,experiments/h100/sweep_treduce/cases/zk_complete_add_7_bw32_r24.log
zk_complete_add_7,q_add*x_r - q_add*x_q - q_add*x_p*x_r*beta + q_add*x_p*x_q*beta,prime-field-montgomery,element,specialized,p32_2^32_minus_5,32,1,0xfffffffb,26,67108864,5,4,4,2,10,whole-run,fixed,triton-sumcheck-prime-field-montgomery-element-layout-specialized-points-treduce,78.937,26.500,0.000,0.000000,0.000,26.500,ok,cuda-sumcheck-prime-field-montgomery-element-layout-specialized-points,13.7462,13.3964,0,0,0,13.3964,ok,true,3809575414749,3809575414749,1.978143,,experiments/h100/sweep_treduce/cases/zk_complete_add_7_bw32_r26.log
zk_complete_add_7,q_add*x_r - q_add*x_q - q_add*x_p*x_r*beta + q_add*x_p*x_q*beta,prime-field-montgomery,element,specialized,p32_2^32_minus_5,32,1,0xfffffffb,28,268435456,5,4,4,2,10,whole-run,fixed,triton-sumcheck-prime-field-montgomery-element-layout-specialized-points-treduce,105.885,55.973,0.000,0.000000,0.000,55.973,ok,cuda-sumcheck-prime-field-montgomery-element-layout-specialized-points,41.5739,41.4156,0,0,0,41.4156,ok,true,3820541626746,3820541626746,1.351496,,experiments/h100/sweep_treduce/cases/zk_complete_add_7_bw32_r28.log
zk_complete_add_7,q_add*x_r - q_add*x_q - q_add*x_p*x_r*beta + q_add*x_p*x_q*beta,prime-field-montgomery,element,specialized,p64_goldilocks,64,2,0xffffffff00000001,14,16384,5,4,4,2,10,whole-run,fixed,triton-sumcheck-prime-field-montgomery-element-layout-specialized-points-treduce,60.627,5.606,0.000,0.000000,0.000,5.606,ok,cuda-sumcheck-prime-field-montgomery-element-layout-specialized-points,1.98816,1.72733,0,0,0,1.72733,ok,true,5673203275285,5673203275285,3.245471,,experiments/h100/sweep_treduce/cases/zk_complete_add_7_bw64_r14.log
zk_complete_add_7,q_add*x_r - q_add*x_q - q_add*x_p*x_r*beta + q_add*x_p*x_q*beta,prime-field-montgomery,element,specialized,p64_goldilocks,64,2,0xffffffff00000001,16,65536,5,4,4,2,10,whole-run,fixed,triton-sumcheck-prime-field-montgomery-element-layout-specialized-points-treduce,62.746,7.427,0.000,0.000000,0.000,7.427,ok,cuda-sumcheck-prime-field-montgomery-element-layout-specialized-points,2.20755,2.02842,0,0,0,2.02842,ok,true,6344118157169,6344118157169,3.661471,,experiments/h100/sweep_treduce/cases/zk_complete_add_7_bw64_r16.log
zk_complete_add_7,q_add*x_r - q_add*x_q - q_add*x_p*x_r*beta + q_add*x_p*x_q*beta,prime-field-montgomery,element,specialized,p64_goldilocks,64,2,0xffffffff00000001,18,262144,5,4,4,2,10,whole-run,fixed,triton-sumcheck-prime-field-montgomery-element-layout-specialized-points-treduce,65.772,10.044,0.000,0.000000,0.000,10.044,ok,cuda-sumcheck-prime-field-montgomery-element-layout-specialized-points,2.88538,2.52816,0,0,0,2.52816,ok,true,7586800119743,7586800119743,3.972850,,experiments/h100/sweep_treduce/cases/zk_complete_add_7_bw64_r18.log
zk_complete_add_7,q_add*x_r - q_add*x_q - q_add*x_p*x_r*beta + q_add*x_p*x_q*beta,prime-field-montgomery,element,specialized,p64_goldilocks,64,2,0xffffffff00000001,20,1048576,5,4,4,2,10,whole-run,fixed,triton-sumcheck-prime-field-montgomery-element-layout-specialized-points-treduce,68.046,12.217,0.000,0.000000,0.000,12.217,ok,cuda-sumcheck-prime-field-montgomery-element-layout-specialized-points,3.4833,3.1921,0,0,0,3.1921,ok,true,8468862849707,8468862849707,3.827261,,experiments/h100/sweep_treduce/cases/zk_complete_add_7_bw64_r20.log
zk_complete_add_7,q_add*x_r - q_add*x_q - q_add*x_p*x_r*beta + q_add*x_p*x_q*beta,prime-field-montgomery,element,specialized,p64_goldilocks,64,2,0xffffffff00000001,22,4194304,5,4,4,2,10,whole-run,fixed,triton-sumcheck-prime-field-montgomery-element-layout-specialized-points-treduce,39.522,8.875,0.000,0.000000,0.000,8.875,ok,cuda-sumcheck-prime-field-montgomery-element-layout-specialized-points,5.05216,4.7728,0,0,0,4.7728,ok,true,9645652376542,9645652376542,1.859495,,experiments/h100/sweep_treduce/cases/zk_complete_add_7_bw64_r22.log
zk_complete_add_7,q_add*x_r - q_add*x_q - q_add*x_p*x_r*beta + q_add*x_p*x_q*beta,prime-field-montgomery,element,specialized,p64_goldilocks,64,2,0xffffffff00000001,24,16777216,5,4,4,2,10,whole-run,fixed,triton-sumcheck-prime-field-montgomery-element-layout-specialized-points-treduce,75.756,20.506,0.000,0.000000,0.000,20.506,ok,cuda-sumcheck-prime-field-montgomery-element-layout-specialized-points,9.1103,8.86787,0,0,0,8.86787,ok,true,10460992284873,10460992284873,2.312393,,experiments/h100/sweep_treduce/cases/zk_complete_add_7_bw64_r24.log
zk_complete_add_7,q_add*x_r - q_add*x_q - q_add*x_p*x_r*beta + q_add*x_p*x_q*beta,prime-field-montgomery,element,specialized,p64_goldilocks,64,2,0xffffffff00000001,26,67108864,5,4,4,2,10,whole-run,fixed,triton-sumcheck-prime-field-montgomery-element-layout-specialized-points-treduce,90.021,36.461,0.000,0.000000,0.000,36.461,ok,cuda-sumcheck-prime-field-montgomery-element-layout-specialized-points,24.0361,23.8665,0,0,0,23.8665,ok,true,10722365125056,10722365125056,1.527706,,experiments/h100/sweep_treduce/cases/zk_complete_add_7_bw64_r26.log
zk_complete_add_7,q_add*x_r - q_add*x_q - q_add*x_p*x_r*beta + q_add*x_p*x_q*beta,prime-field-montgomery,element,specialized,p64_goldilocks,64,2,0xffffffff00000001,28,268435456,5,4,4,2,10,whole-run,fixed,triton-sumcheck-prime-field-montgomery-element-layout-specialized-points-treduce,152.345,102.626,0.000,0.000000,0.000,102.626,ok,cuda-sumcheck-prime-field-montgomery-element-layout-specialized-points,82.4863,83.3125,0,0,0,83.3125,ok,true,11417964607582,11417964607582,1.231820,,experiments/h100/sweep_treduce/cases/zk_complete_add_7_bw64_r28.log
zk_complete_add_7,q_add*x_r - q_add*x_q - q_add*x_p*x_r*beta + q_add*x_p*x_q*beta,prime-field-montgomery,element,specialized,p128_mersenne_2^127_minus_1,128,4,0x7fffffffffffffffffffffffffffffff,14,16384,5,4,4,2,10,whole-run,fixed,triton-sumcheck-prime-field-montgomery-element-layout-specialized-points-treduce,37.243,3.311,0.000,0.000000,0.000,3.311,ok,cuda-sumcheck-prime-field-montgomery-element-layout-specialized-points,2.23907,1.79133,0,0,0,1.79133,ok,true,12260456006123,12260456006123,1.848347,,experiments/h100/sweep_treduce/cases/zk_complete_add_7_bw128_r14.log
zk_complete_add_7,q_add*x_r - q_add*x_q - q_add*x_p*x_r*beta + q_add*x_p*x_q*beta,prime-field-montgomery,element,specialized,p128_mersenne_2^127_minus_1,128,4,0x7fffffffffffffffffffffffffffffff,16,65536,5,4,4,2,10,whole-run,fixed,triton-sumcheck-prime-field-montgomery-element-layout-specialized-points-treduce,38.624,4.367,0.000,0.000000,0.000,4.367,ok,cuda-sumcheck-prime-field-montgomery-element-layout-specialized-points,2.71949,2.27085,0,0,0,2.27085,ok,true,14187752250711,14187752250711,1.923068,,experiments/h100/sweep_treduce/cases/zk_complete_add_7_bw128_r16.log
zk_complete_add_7,q_add*x_r - q_add*x_q - q_add*x_p*x_r*beta + q_add*x_p*x_q*beta,prime-field-montgomery,element,specialized,p128_mersenne_2^127_minus_1,128,4,0x7fffffffffffffffffffffffffffffff,18,262144,5,4,4,2,10,whole-run,fixed,triton-sumcheck-prime-field-montgomery-element-layout-specialized-points-treduce,69.466,9.990,0.000,0.000000,0.000,9.990,ok,cuda-sumcheck-prime-field-montgomery-element-layout-specialized-points,3.18061,2.768,0,0,0,2.768,ok,true,17298230590979,17298230590979,3.609104,,experiments/h100/sweep_treduce/cases/zk_complete_add_7_bw128_r18.log
zk_complete_add_7,q_add*x_r - q_add*x_q - q_add*x_p*x_r*beta + q_add*x_p*x_q*beta,prime-field-montgomery,element,specialized,p128_mersenne_2^127_minus_1,128,4,0x7fffffffffffffffffffffffffffffff,20,1048576,5,4,4,2,10,whole-run,fixed,triton-sumcheck-prime-field-montgomery-element-layout-specialized-points-treduce,71.944,12.448,0.000,0.000000,0.000,12.448,ok,cuda-sumcheck-prime-field-montgomery-element-layout-specialized-points,4.32262,3.90726,0,0,0,3.90726,ok,true,22557764587774,22557764587774,3.185864,,experiments/h100/sweep_treduce/cases/zk_complete_add_7_bw128_r20.log
zk_complete_add_7,q_add*x_r - q_add*x_q - q_add*x_p*x_r*beta + q_add*x_p*x_q*beta,prime-field-montgomery,element,specialized,p128_mersenne_2^127_minus_1,128,4,0x7fffffffffffffffffffffffffffffff,22,4194304,5,4,4,2,10,whole-run,fixed,triton-sumcheck-prime-field-montgomery-element-layout-specialized-points-treduce,74.987,15.891,0.000,0.000000,0.000,15.891,ok,cuda-sumcheck-prime-field-montgomery-element-layout-specialized-points,7.04378,6.59834,0,0,0,6.59834,ok,true,24772510013771,24772510013771,2.408333,,experiments/h100/sweep_treduce/cases/zk_complete_add_7_bw128_r22.log
zk_complete_add_7,q_add*x_r - q_add*x_q - q_add*x_p*x_r*beta + q_add*x_p*x_q*beta,prime-field-montgomery,element,specialized,p128_mersenne_2^127_minus_1,128,4,0x7fffffffffffffffffffffffffffffff,24,16777216,5,4,4,2,10,whole-run,fixed,triton-sumcheck-prime-field-montgomery-element-layout-specialized-points-treduce,85.242,26.300,0.000,0.000000,0.000,26.300,ok,cuda-sumcheck-prime-field-montgomery-element-layout-specialized-points,15.6073,15.2041,0,0,0,15.2041,ok,true,27407170465337,27407170465337,1.729797,,experiments/h100/sweep_treduce/cases/zk_complete_add_7_bw128_r24.log
zk_complete_add_7,q_add*x_r - q_add*x_q - q_add*x_p*x_r*beta + q_add*x_p*x_q*beta,prime-field-montgomery,element,specialized,p128_mersenne_2^127_minus_1,128,4,0x7fffffffffffffffffffffffffffffff,26,67108864,5,4,4,2,10,whole-run,fixed,triton-sumcheck-prime-field-montgomery-element-layout-specialized-points-treduce,121.370,65.013,0.000,0.000000,0.000,65.013,ok,cuda-sumcheck-prime-field-montgomery-element-layout-specialized-points,47.4104,47.0456,0,0,0,47.0456,ok,true,28291550435941,28291550435941,1.381915,,experiments/h100/sweep_treduce/cases/zk_complete_add_7_bw128_r26.log
zk_complete_add_7,q_add*x_r - q_add*x_q - q_add*x_p*x_r*beta + q_add*x_p*x_q*beta,prime-field-montgomery,element,specialized,p128_mersenne_2^127_minus_1,128,4,0x7fffffffffffffffffffffffffffffff,28,268435456,5,4,4,2,10,whole-run,fixed,triton-sumcheck-prime-field-montgomery-element-layout-specialized-points-treduce,274.730,218.881,0.000,0.000000,0.000,218.881,ok,cuda-sumcheck-prime-field-montgomery-element-layout-specialized-points,177.05,183.277,0,0,0,183.277,ok,true,29758454218935,29758454218935,1.194263,,experiments/h100/sweep_treduce/cases/zk_complete_add_7_bw128_r28.log
zk_complete_add_7,q_add*x_r - q_add*x_q - q_add*x_p*x_r*beta + q_add*x_p*x_q*beta,prime-field-montgomery,element,specialized,p255_bls12_381_scalar,256,8,0x73eda753299d7d483339d80809a1d80553bda402fffe5bfeffffffff00000001,14,16384,5,4,4,2,10,whole-run,fixed,triton-sumcheck-prime-field-montgomery-element-layout-specialized-points-treduce,48.292,3.761,0.000,0.000000,0.000,3.761,ok,cuda-sumcheck-prime-field-montgomery-element-layout-specialized-points,3.79645,2.70214,0,0,0,2.70214,ok,true,64721918569490,64721918569490,1.391860,,experiments/h100/sweep_treduce/cases/zk_complete_add_7_bw256_r14.log
zk_complete_add_7,q_add*x_r - q_add*x_q - q_add*x_p*x_r*beta + q_add*x_p*x_q*beta,prime-field-montgomery,element,specialized,p255_bls12_381_scalar,256,8,0x73eda753299d7d483339d80809a1d80553bda402fffe5bfeffffffff00000001,16,65536,5,4,4,2,10,whole-run,fixed,triton-sumcheck-prime-field-montgomery-element-layout-specialized-points-treduce,83.175,7.877,0.000,0.000000,0.000,7.877,ok,cuda-sumcheck-prime-field-montgomery-element-layout-specialized-points,4.31213,3.24214,0,0,0,3.24214,ok,true,71667032844355,71667032844355,2.429568,,experiments/h100/sweep_treduce/cases/zk_complete_add_7_bw256_r16.log
zk_complete_add_7,q_add*x_r - q_add*x_q - q_add*x_p*x_r*beta + q_add*x_p*x_q*beta,prime-field-montgomery,element,specialized,p255_bls12_381_scalar,256,8,0x73eda753299d7d483339d80809a1d80553bda402fffe5bfeffffffff00000001,18,262144,5,4,4,2,10,whole-run,fixed,triton-sumcheck-prime-field-montgomery-element-layout-specialized-points-treduce,84.297,10.290,0.000,0.000000,0.000,10.290,ok,cuda-sumcheck-prime-field-montgomery-element-layout-specialized-points,5.52397,4.51683,0,0,0,4.51683,ok,true,80032519064251,80032519064251,2.278146,,experiments/h100/sweep_treduce/cases/zk_complete_add_7_bw256_r18.log
zk_complete_add_7,q_add*x_r - q_add*x_q - q_add*x_p*x_r*beta + q_add*x_p*x_q*beta,prime-field-montgomery,element,specialized,p255_bls12_381_scalar,256,8,0x73eda753299d7d483339d80809a1d80553bda402fffe5bfeffffffff00000001,20,1048576,5,4,4,2,10,whole-run,fixed,triton-sumcheck-prime-field-montgomery-element-layout-specialized-points-treduce,87.586,13.469,0.000,0.000000,0.000,13.469,ok,cuda-sumcheck-prime-field-montgomery-element-layout-specialized-points,8.32954,7.30762,0,0,0,7.30762,ok,true,86072749519367,86072749519367,1.843145,,experiments/h100/sweep_treduce/cases/zk_complete_add_7_bw256_r20.log
zk_complete_add_7,q_add*x_r - q_add*x_q - q_add*x_p*x_r*beta + q_add*x_p*x_q*beta,prime-field-montgomery,element,specialized,p255_bls12_381_scalar,256,8,0x73eda753299d7d483339d80809a1d80553bda402fffe5bfeffffffff00000001,22,4194304,5,4,4,2,10,whole-run,fixed,triton-sumcheck-prime-field-montgomery-element-layout-specialized-points-treduce,95.688,22.329,0.000,0.000000,0.000,22.329,ok,cuda-sumcheck-prime-field-montgomery-element-layout-specialized-points,17.2508,15.9683,0,0,0,15.9683,ok,true,100819326577736,100819326577736,1.398333,,experiments/h100/sweep_treduce/cases/zk_complete_add_7_bw256_r22.log
zk_complete_add_7,q_add*x_r - q_add*x_q - q_add*x_p*x_r*beta + q_add*x_p*x_q*beta,prime-field-montgomery,element,specialized,p255_bls12_381_scalar,256,8,0x73eda753299d7d483339d80809a1d80553bda402fffe5bfeffffffff00000001,24,16777216,5,4,4,2,10,whole-run,fixed,triton-sumcheck-prime-field-montgomery-element-layout-specialized-points-treduce,125.912,55.512,0.000,0.000000,0.000,55.512,ok,cuda-sumcheck-prime-field-montgomery-element-layout-specialized-points,50.3363,48.5874,0,0,0,48.5874,ok,true,107743887149652,107743887149652,1.142518,,experiments/h100/sweep_treduce/cases/zk_complete_add_7_bw256_r24.log
zk_complete_add_7,q_add*x_r - q_add*x_q - q_add*x_p*x_r*beta + q_add*x_p*x_q*beta,prime-field-montgomery,element,specialized,p255_bls12_381_scalar,256,8,0x73eda753299d7d483339d80809a1d80553bda402fffe5bfeffffffff00000001,26,67108864,5,4,4,2,10,whole-run,fixed,triton-sumcheck-prime-field-montgomery-element-layout-specialized-points-treduce,257.175,188.400,0.000,0.000000,0.000,188.400,ok,cuda-sumcheck-prime-field-montgomery-element-layout-specialized-points,183.505,180.064,0,0,0,180.064,ok,true,115022369023562,115022369023562,1.046295,,experiments/h100/sweep_treduce/cases/zk_complete_add_7_bw256_r26.log
zk_complete_add_7,q_add*x_r - q_add*x_q - q_add*x_p*x_r*beta + q_add*x_p*x_q*beta,prime-field-montgomery,element,specialized,,256,,,28,268435456,5,4,4,2,10,whole-run,fixed,,,,,,,,skipped,,,,,,,,skipped,skipped,,,,returncode=1,experiments/h100/sweep_treduce/cases/zk_complete_add_7_bw256_r28.log
zk_complete_add_8,q_add*y_r - q_add*y_q - q_add*x_p*y_r*beta + q_add*x_p*y_q*beta,prime-field-montgomery,element,specialized,p32_2^32_minus_5,32,1,0xfffffffb,14,16384,5,4,4,2,10,whole-run,fixed,triton-sumcheck-prime-field-montgomery-element-layout-specialized-points-treduce,60.393,5.523,0.000,0.000000,0.000,5.523,ok,cuda-sumcheck-prime-field-montgomery-element-layout-specialized-points,1.83549,1.61594,0,0,0,1.61594,ok,true,2034891719822,2034891719822,3.417825,,experiments/h100/sweep_treduce/cases/zk_complete_add_8_bw32_r14.log
zk_complete_add_8,q_add*y_r - q_add*y_q - q_add*x_p*y_r*beta + q_add*x_p*y_q*beta,prime-field-montgomery,element,specialized,p32_2^32_minus_5,32,1,0xfffffffb,16,65536,5,4,4,2,10,whole-run,fixed,triton-sumcheck-prime-field-montgomery-element-layout-specialized-points-treduce,33.268,4.233,0.000,0.000000,0.000,4.233,ok,cuda-sumcheck-prime-field-montgomery-element-layout-specialized-points,2.21018,2.02717,0,0,0,2.02717,ok,true,2172632219225,2172632219225,2.088133,,experiments/h100/sweep_treduce/cases/zk_complete_add_8_bw32_r16.log
zk_complete_add_8,q_add*y_r - q_add*y_q - q_add*x_p*y_r*beta + q_add*x_p*y_q*beta,prime-field-montgomery,element,specialized,p32_2^32_minus_5,32,1,0xfffffffb,18,262144,5,4,4,2,10,whole-run,fixed,triton-sumcheck-prime-field-montgomery-element-layout-specialized-points-treduce,63.751,9.583,0.000,0.000000,0.000,9.583,ok,cuda-sumcheck-prime-field-montgomery-element-layout-specialized-points,2.72752,2.39808,0,0,0,2.39808,ok,true,2573258479233,2573258479233,3.996114,,experiments/h100/sweep_treduce/cases/zk_complete_add_8_bw32_r18.log
zk_complete_add_8,q_add*y_r - q_add*y_q - q_add*x_p*y_r*beta + q_add*x_p*y_q*beta,prime-field-montgomery,element,specialized,p32_2^32_minus_5,32,1,0xfffffffb,20,1048576,5,4,4,2,10,whole-run,fixed,triton-sumcheck-prime-field-montgomery-element-layout-specialized-points-treduce,87.468,12.117,0.000,0.000000,0.000,12.117,ok,cuda-sumcheck-prime-field-montgomery-element-layout-specialized-points,3.25005,2.86339,0,0,0,2.86339,ok,true,2693989604514,2693989604514,4.231697,,experiments/h100/sweep_treduce/cases/zk_complete_add_8_bw32_r20.log
zk_complete_add_8,q_add*y_r - q_add*y_q - q_add*x_p*y_r*beta + q_add*x_p*y_q*beta,prime-field-montgomery,element,specialized,p32_2^32_minus_5,32,1,0xfffffffb,22,4194304,5,4,4,2,10,whole-run,fixed,triton-sumcheck-prime-field-montgomery-element-layout-specialized-points-treduce,68.938,15.503,0.000,0.000000,0.000,15.503,ok,cuda-sumcheck-prime-field-montgomery-element-layout-specialized-points,4.1129,3.80144,0,0,0,3.80144,ok,true,2988758291324,2988758291324,4.078191,,experiments/h100/sweep_treduce/cases/zk_complete_add_8_bw32_r22.log
zk_complete_add_8,q_add*y_r - q_add*y_q - q_add*x_p*y_r*beta + q_add*x_p*y_q*beta,prime-field-montgomery,element,specialized,p32_2^32_minus_5,32,1,0xfffffffb,24,16777216,5,4,4,2,10,whole-run,fixed,triton-sumcheck-prime-field-montgomery-element-layout-specialized-points-treduce,72.536,18.526,0.000,0.000000,0.000,18.526,ok,cuda-sumcheck-prime-field-montgomery-element-layout-specialized-points,6.33926,6.05526,0,0,0,6.05526,ok,true,3229523613953,3229523613953,3.059489,,experiments/h100/sweep_treduce/cases/zk_complete_add_8_bw32_r24.log
zk_complete_add_8,q_add*y_r - q_add*y_q - q_add*x_p*y_r*beta + q_add*x_p*y_q*beta,prime-field-montgomery,element,specialized,p32_2^32_minus_5,32,1,0xfffffffb,26,67108864,5,4,4,2,10,whole-run,fixed,triton-sumcheck-prime-field-montgomery-element-layout-specialized-points-treduce,78.803,26.386,0.000,0.000000,0.000,26.386,ok,cuda-sumcheck-prime-field-montgomery-element-layout-specialized-points,13.7543,13.4538,0,0,0,13.4538,ok,true,3809575414749,3809575414749,1.961230,,experiments/h100/sweep_treduce/cases/zk_complete_add_8_bw32_r26.log
zk_complete_add_8,q_add*y_r - q_add*y_q - q_add*x_p*y_r*beta + q_add*x_p*y_q*beta,prime-field-montgomery,element,specialized,p32_2^32_minus_5,32,1,0xfffffffb,28,268435456,5,4,4,2,10,whole-run,fixed,triton-sumcheck-prime-field-montgomery-element-layout-specialized-points-treduce,106.242,56.218,0.000,0.000000,0.000,56.218,ok,cuda-sumcheck-prime-field-montgomery-element-layout-specialized-points,41.6141,41.4416,0,0,0,41.4416,ok,true,3820541626746,3820541626746,1.356560,,experiments/h100/sweep_treduce/cases/zk_complete_add_8_bw32_r28.log
zk_complete_add_8,q_add*y_r - q_add*y_q - q_add*x_p*y_r*beta + q_add*x_p*y_q*beta,prime-field-montgomery,element,specialized,p64_goldilocks,64,2,0xffffffff00000001,14,16384,5,4,4,2,10,whole-run,fixed,triton-sumcheck-prime-field-montgomery-element-layout-specialized-points-treduce,60.716,5.550,0.000,0.000000,0.000,5.550,ok,cuda-sumcheck-prime-field-montgomery-element-layout-specialized-points,2.02115,1.74698,0,0,0,1.74698,ok,true,5673203275285,5673203275285,3.176911,,experiments/h100/sweep_treduce/cases/zk_complete_add_8_bw64_r14.log
zk_complete_add_8,q_add*y_r - q_add*y_q - q_add*x_p*y_r*beta + q_add*x_p*y_q*beta,prime-field-montgomery,element,specialized,p64_goldilocks,64,2,0xffffffff00000001,16,65536,5,4,4,2,10,whole-run,fixed,triton-sumcheck-prime-field-montgomery-element-layout-specialized-points-treduce,68.176,8.387,0.000,0.000000,0.000,8.387,ok,cuda-sumcheck-prime-field-montgomery-element-layout-specialized-points,2.16979,1.99216,0,0,0,1.99216,ok,true,6344118157169,6344118157169,4.210003,,experiments/h100/sweep_treduce/cases/zk_complete_add_8_bw64_r16.log
zk_complete_add_8,q_add*y_r - q_add*y_q - q_add*x_p*y_r*beta + q_add*x_p*y_q*beta,prime-field-montgomery,element,specialized,p64_goldilocks,64,2,0xffffffff00000001,18,262144,5,4,4,2,10,whole-run,fixed,triton-sumcheck-prime-field-montgomery-element-layout-specialized-points-treduce,65.565,9.716,0.000,0.000000,0.000,9.716,ok,cuda-sumcheck-prime-field-montgomery-element-layout-specialized-points,3.02848,2.67139,0,0,0,2.67139,ok,true,7586800119743,7586800119743,3.637058,,experiments/h100/sweep_treduce/cases/zk_complete_add_8_bw64_r18.log
zk_complete_add_8,q_add*y_r - q_add*y_q - q_add*x_p*y_r*beta + q_add*x_p*y_q*beta,prime-field-montgomery,element,specialized,p64_goldilocks,64,2,0xffffffff00000001,20,1048576,5,4,4,2,10,whole-run,fixed,triton-sumcheck-prime-field-montgomery-element-layout-specialized-points-treduce,37.267,7.029,0.000,0.000000,0.000,7.029,ok,cuda-sumcheck-prime-field-montgomery-element-layout-specialized-points,3.29389,3.10563,0,0,0,3.10563,ok,true,8468862849707,8468862849707,2.263309,,experiments/h100/sweep_treduce/cases/zk_complete_add_8_bw64_r20.log
zk_complete_add_8,q_add*y_r - q_add*y_q - q_add*x_p*y_r*beta + q_add*x_p*y_q*beta,prime-field-montgomery,element,specialized,p64_goldilocks,64,2,0xffffffff00000001,22,4194304,5,4,4,2,10,whole-run,fixed,triton-sumcheck-prime-field-montgomery-element-layout-specialized-points-treduce,71.901,15.461,0.000,0.000000,0.000,15.461,ok,cuda-sumcheck-prime-field-montgomery-element-layout-specialized-points,4.92979,4.90499,0,0,0,4.90499,ok,true,9645652376542,9645652376542,3.152096,,experiments/h100/sweep_treduce/cases/zk_complete_add_8_bw64_r22.log
zk_complete_add_8,q_add*y_r - q_add*y_q - q_add*x_p*y_r*beta + q_add*x_p*y_q*beta,prime-field-montgomery,element,specialized,p64_goldilocks,64,2,0xffffffff00000001,24,16777216,5,4,4,2,10,whole-run,fixed,triton-sumcheck-prime-field-montgomery-element-layout-specialized-points-treduce,74.689,19.889,0.000,0.000000,0.000,19.889,ok,cuda-sumcheck-prime-field-montgomery-element-layout-specialized-points,9.24554,8.84739,0,0,0,8.84739,ok,true,10460992284873,10460992284873,2.248008,,experiments/h100/sweep_treduce/cases/zk_complete_add_8_bw64_r24.log
zk_complete_add_8,q_add*y_r - q_add*y_q - q_add*x_p*y_r*beta + q_add*x_p*y_q*beta,prime-field-montgomery,element,specialized,p64_goldilocks,64,2,0xffffffff00000001,26,67108864,5,4,4,2,10,whole-run,fixed,triton-sumcheck-prime-field-montgomery-element-layout-specialized-points-treduce,91.022,36.458,0.000,0.000000,0.000,36.458,ok,cuda-sumcheck-prime-field-montgomery-element-layout-specialized-points,24.0303,23.7588,0,0,0,23.7588,ok,true,10722365125056,10722365125056,1.534505,,experiments/h100/sweep_treduce/cases/zk_complete_add_8_bw64_r26.log
zk_complete_add_8,q_add*y_r - q_add*y_q - q_add*x_p*y_r*beta + q_add*x_p*y_q*beta,prime-field-montgomery,element,specialized,p64_goldilocks,64,2,0xffffffff00000001,28,268435456,5,4,4,2,10,whole-run,fixed,triton-sumcheck-prime-field-montgomery-element-layout-specialized-points-treduce,151.696,102.588,0.000,0.000000,0.000,102.588,ok,cuda-sumcheck-prime-field-montgomery-element-layout-specialized-points,81.9996,82.8946,0,0,0,82.8946,ok,true,11417964607582,11417964607582,1.237572,,experiments/h100/sweep_treduce/cases/zk_complete_add_8_bw64_r28.log
zk_complete_add_8,q_add*y_r - q_add*y_q - q_add*x_p*y_r*beta + q_add*x_p*y_q*beta,prime-field-montgomery,element,specialized,p128_mersenne_2^127_minus_1,128,4,0x7fffffffffffffffffffffffffffffff,14,16384,5,4,4,2,10,whole-run,fixed,triton-sumcheck-prime-field-montgomery-element-layout-specialized-points-treduce,65.590,5.602,0.000,0.000000,0.000,5.602,ok,cuda-sumcheck-prime-field-montgomery-element-layout-specialized-points,2.3072,1.85475,0,0,0,1.85475,ok,true,12260456006123,12260456006123,3.020353,,experiments/h100/sweep_treduce/cases/zk_complete_add_8_bw128_r14.log
zk_complete_add_8,q_add*y_r - q_add*y_q - q_add*x_p*y_r*beta + q_add*x_p*y_q*beta,prime-field-montgomery,element,specialized,p128_mersenne_2^127_minus_1,128,4,0x7fffffffffffffffffffffffffffffff,16,65536,5,4,4,2,10,whole-run,fixed,triton-sumcheck-prime-field-montgomery-element-layout-specialized-points-treduce,67.182,7.578,0.000,0.000000,0.000,7.578,ok,cuda-sumcheck-prime-field-montgomery-element-layout-specialized-points,2.6839,2.25078,0,0,0,2.25078,ok,true,14187752250711,14187752250711,3.366833,,experiments/h100/sweep_treduce/cases/zk_complete_add_8_bw128_r16.log
zk_complete_add_8,q_add*y_r - q_add*y_q - q_add*x_p*y_r*beta + q_add*x_p*y_q*beta,prime-field-montgomery,element,specialized,p128_mersenne_2^127_minus_1,128,4,0x7fffffffffffffffffffffffffffffff,18,262144,5,4,4,2,10,whole-run,fixed,triton-sumcheck-prime-field-montgomery-element-layout-specialized-points-treduce,69.824,9.689,0.000,0.000000,0.000,9.689,ok,cuda-sumcheck-prime-field-montgomery-element-layout-specialized-points,3.24787,2.83546,0,0,0,2.83546,ok,true,17298230590979,17298230590979,3.417082,,experiments/h100/sweep_treduce/cases/zk_complete_add_8_bw128_r18.log
zk_complete_add_8,q_add*y_r - q_add*y_q - q_add*x_p*y_r*beta + q_add*x_p*y_q*beta,prime-field-montgomery,element,specialized,p128_mersenne_2^127_minus_1,128,4,0x7fffffffffffffffffffffffffffffff,20,1048576,5,4,4,2,10,whole-run,fixed,triton-sumcheck-prime-field-montgomery-element-layout-specialized-points-treduce,72.348,12.453,0.000,0.000000,0.000,12.453,ok,cuda-sumcheck-prime-field-montgomery-element-layout-specialized-points,4.20573,3.8289,0,0,0,3.8289,ok,true,22557764587774,22557764587774,3.252370,,experiments/h100/sweep_treduce/cases/zk_complete_add_8_bw128_r20.log
zk_complete_add_8,q_add*y_r - q_add*y_q - q_add*x_p*y_r*beta + q_add*x_p*y_q*beta,prime-field-montgomery,element,specialized,p128_mersenne_2^127_minus_1,128,4,0x7fffffffffffffffffffffffffffffff,22,4194304,5,4,4,2,10,whole-run,fixed,triton-sumcheck-prime-field-montgomery-element-layout-specialized-points-treduce,75.515,15.891,0.000,0.000000,0.000,15.891,ok,cuda-sumcheck-prime-field-montgomery-element-layout-specialized-points,6.88538,6.50682,0,0,0,6.50682,ok,true,24772510013771,24772510013771,2.442207,,experiments/h100/sweep_treduce/cases/zk_complete_add_8_bw128_r22.log
zk_complete_add_8,q_add*y_r - q_add*y_q - q_add*x_p*y_r*beta + q_add*x_p*y_q*beta,prime-field-montgomery,element,specialized,p128_mersenne_2^127_minus_1,128,4,0x7fffffffffffffffffffffffffffffff,24,16777216,5,4,4,2,10,whole-run,fixed,triton-sumcheck-prime-field-montgomery-element-layout-specialized-points-treduce,85.351,26.233,0.000,0.000000,0.000,26.233,ok,cuda-sumcheck-prime-field-montgomery-element-layout-specialized-points,15.4883,15.0574,0,0,0,15.0574,ok,true,27407170465337,27407170465337,1.742200,,experiments/h100/sweep_treduce/cases/zk_complete_add_8_bw128_r24.log
zk_complete_add_8,q_add*y_r - q_add*y_q - q_add*x_p*y_r*beta + q_add*x_p*y_q*beta,prime-field-montgomery,element,specialized,p128_mersenne_2^127_minus_1,128,4,0x7fffffffffffffffffffffffffffffff,26,67108864,5,4,4,2,10,whole-run,fixed,triton-sumcheck-prime-field-montgomery-element-layout-specialized-points-treduce,122.175,65.319,0.000,0.000000,0.000,65.319,ok,cuda-sumcheck-prime-field-montgomery-element-layout-specialized-points,47.6023,47.1994,0,0,0,47.1994,ok,true,28291550435941,28291550435941,1.383895,,experiments/h100/sweep_treduce/cases/zk_complete_add_8_bw128_r26.log
zk_complete_add_8,q_add*y_r - q_add*y_q - q_add*x_p*y_r*beta + q_add*x_p*y_q*beta,prime-field-montgomery,element,specialized,p128_mersenne_2^127_minus_1,128,4,0x7fffffffffffffffffffffffffffffff,28,268435456,5,4,4,2,10,whole-run,fixed,triton-sumcheck-prime-field-montgomery-element-layout-specialized-points-treduce,275.154,220.325,0.000,0.000000,0.000,220.325,ok,cuda-sumcheck-prime-field-montgomery-element-layout-specialized-points,175.882,182.49,0,0,0,182.49,ok,true,29758454218935,29758454218935,1.207326,,experiments/h100/sweep_treduce/cases/zk_complete_add_8_bw128_r28.log
zk_complete_add_8,q_add*y_r - q_add*y_q - q_add*x_p*y_r*beta + q_add*x_p*y_q*beta,prime-field-montgomery,element,specialized,p255_bls12_381_scalar,256,8,0x73eda753299d7d483339d80809a1d80553bda402fffe5bfeffffffff00000001,14,16384,5,4,4,2,10,whole-run,fixed,triton-sumcheck-prime-field-montgomery-element-layout-specialized-points-treduce,48.228,4.354,0.000,0.000000,0.000,4.354,ok,cuda-sumcheck-prime-field-montgomery-element-layout-specialized-points,3.75811,2.6768,0,0,0,2.6768,ok,true,64721918569490,64721918569490,1.626569,,experiments/h100/sweep_treduce/cases/zk_complete_add_8_bw256_r14.log
zk_complete_add_8,q_add*y_r - q_add*y_q - q_add*x_p*y_r*beta + q_add*x_p*y_q*beta,prime-field-montgomery,element,specialized,p255_bls12_381_scalar,256,8,0x73eda753299d7d483339d80809a1d80553bda402fffe5bfeffffffff00000001,16,65536,5,4,4,2,10,whole-run,fixed,triton-sumcheck-prime-field-montgomery-element-layout-specialized-points-treduce,48.827,4.774,0.000,0.000000,0.000,4.774,ok,cuda-sumcheck-prime-field-montgomery-element-layout-specialized-points,3.95222,3.17325,0,0,0,3.17325,ok,true,71667032844355,71667032844355,1.504451,,experiments/h100/sweep_treduce/cases/zk_complete_add_8_bw256_r16.log
zk_complete_add_8,q_add*y_r - q_add*y_q - q_add*x_p*y_r*beta + q_add*x_p*y_q*beta,prime-field-montgomery,element,specialized,p255_bls12_381_scalar,256,8,0x73eda753299d7d483339d80809a1d80553bda402fffe5bfeffffffff00000001,18,262144,5,4,4,2,10,whole-run,fixed,triton-sumcheck-prime-field-montgomery-element-layout-specialized-points-treduce,49.581,6.223,0.000,0.000000,0.000,6.223,ok,cuda-sumcheck-prime-field-montgomery-element-layout-specialized-points,5.54298,4.4633,0,0,0,4.4633,ok,true,80032519064251,80032519064251,1.394260,,experiments/h100/sweep_treduce/cases/zk_complete_add_8_bw256_r18.log
zk_complete_add_8,q_add*y_r - q_add*y_q - q_add*x_p*y_r*beta + q_add*x_p*y_q*beta,prime-field-montgomery,element,specialized,p255_bls12_381_scalar,256,8,0x73eda753299d7d483339d80809a1d80553bda402fffe5bfeffffffff00000001,20,1048576,5,4,4,2,10,whole-run,fixed,triton-sumcheck-prime-field-montgomery-element-layout-specialized-points-treduce,54.173,9.118,0.000,0.000000,0.000,9.118,ok,cuda-sumcheck-prime-field-montgomery-element-layout-specialized-points,8.29741,7.264,0,0,0,7.264,ok,true,86072749519367,86072749519367,1.255231,,experiments/h100/sweep_treduce/cases/zk_complete_add_8_bw256_r20.log
zk_complete_add_8,q_add*y_r - q_add*y_q - q_add*x_p*y_r*beta + q_add*x_p*y_q*beta,prime-field-montgomery,element,specialized,p255_bls12_381_scalar,256,8,0x73eda753299d7d483339d80809a1d80553bda402fffe5bfeffffffff00000001,22,4194304,5,4,4,2,10,whole-run,fixed,triton-sumcheck-prime-field-montgomery-element-layout-specialized-points-treduce,95.151,22.307,0.000,0.000000,0.000,22.307,ok,cuda-sumcheck-prime-field-montgomery-element-layout-specialized-points,17.1242,15.9688,0,0,0,15.9688,ok,true,100819326577736,100819326577736,1.396911,,experiments/h100/sweep_treduce/cases/zk_complete_add_8_bw256_r22.log
zk_complete_add_8,q_add*y_r - q_add*y_q - q_add*x_p*y_r*beta + q_add*x_p*y_q*beta,prime-field-montgomery,element,specialized,p255_bls12_381_scalar,256,8,0x73eda753299d7d483339d80809a1d80553bda402fffe5bfeffffffff00000001,24,16777216,5,4,4,2,10,whole-run,fixed,triton-sumcheck-prime-field-montgomery-element-layout-specialized-points-treduce,125.638,55.385,0.000,0.000000,0.000,55.385,ok,cuda-sumcheck-prime-field-montgomery-element-layout-specialized-points,49.209,48.0872,0,0,0,48.0872,ok,true,107743887149652,107743887149652,1.151762,,experiments/h100/sweep_treduce/cases/zk_complete_add_8_bw256_r24.log
zk_complete_add_8,q_add*y_r - q_add*y_q - q_add*x_p*y_r*beta + q_add*x_p*y_q*beta,prime-field-montgomery,element,specialized,p255_bls12_381_scalar,256,8,0x73eda753299d7d483339d80809a1d80553bda402fffe5bfeffffffff00000001,26,67108864,5,4,4,2,10,whole-run,fixed,triton-sumcheck-prime-field-montgomery-element-layout-specialized-points-treduce,256.574,186.953,0.000,0.000000,0.000,186.953,ok,cuda-sumcheck-prime-field-montgomery-element-layout-specialized-points,177.296,177.043,0,0,0,177.043,ok,true,115022369023562,115022369023562,1.055975,,experiments/h100/sweep_treduce/cases/zk_complete_add_8_bw256_r26.log
zk_complete_add_8,q_add*y_r - q_add*y_q - q_add*x_p*y_r*beta + q_add*x_p*y_q*beta,prime-field-montgomery,element,specialized,,256,,,28,268435456,5,4,4,2,10,whole-run,fixed,,,,,,,,skipped,,,,,,,,skipped,skipped,,,,returncode=1,experiments/h100/sweep_treduce/cases/zk_complete_add_8_bw256_r28.log
zk_complete_add_9,q_add*x_r - q_add*x_p - q_add*x_q*x_r*gamma + q_add*x_p*x_q*gamma,prime-field-montgomery,element,specialized,p32_2^32_minus_5,32,1,0xfffffffb,14,16384,5,4,4,2,10,whole-run,fixed,triton-sumcheck-prime-field-montgomery-element-layout-specialized-points-treduce,58.490,5.467,0.000,0.000000,0.000,5.467,ok,cuda-sumcheck-prime-field-montgomery-element-layout-specialized-points,1.83405,1.61667,0,0,0,1.61667,ok,true,2034891719822,2034891719822,3.381643,,experiments/h100/sweep_treduce/cases/zk_complete_add_9_bw32_r14.log
zk_complete_add_9,q_add*x_r - q_add*x_p - q_add*x_q*x_r*gamma + q_add*x_p*x_q*gamma,prime-field-montgomery,element,specialized,p32_2^32_minus_5,32,1,0xfffffffb,16,65536,5,4,4,2,10,whole-run,fixed,triton-sumcheck-prime-field-montgomery-element-layout-specialized-points-treduce,33.288,4.415,0.000,0.000000,0.000,4.415,ok,cuda-sumcheck-prime-field-montgomery-element-layout-specialized-points,2.21779,2.02918,0,0,0,2.02918,ok,true,2172632219225,2172632219225,2.175756,,experiments/h100/sweep_treduce/cases/zk_complete_add_9_bw32_r16.log
zk_complete_add_9,q_add*x_r - q_add*x_p - q_add*x_q*x_r*gamma + q_add*x_p*x_q*gamma,prime-field-montgomery,element,specialized,p32_2^32_minus_5,32,1,0xfffffffb,18,262144,5,4,4,2,10,whole-run,fixed,triton-sumcheck-prime-field-montgomery-element-layout-specialized-points-treduce,34.648,5.607,0.000,0.000000,0.000,5.607,ok,cuda-sumcheck-prime-field-montgomery-element-layout-specialized-points,2.69824,2.42502,0,0,0,2.42502,ok,true,2573258479233,2573258479233,2.312146,,experiments/h100/sweep_treduce/cases/zk_complete_add_9_bw32_r18.log
zk_complete_add_9,q_add*x_r - q_add*x_p - q_add*x_q*x_r*gamma + q_add*x_p*x_q*gamma,prime-field-montgomery,element,specialized,p32_2^32_minus_5,32,1,0xfffffffb,20,1048576,5,4,4,2,10,whole-run,fixed,triton-sumcheck-prime-field-montgomery-element-layout-specialized-points-treduce,36.310,7.141,0.000,0.000000,0.000,7.141,ok,cuda-sumcheck-prime-field-montgomery-element-layout-specialized-points,3.26672,2.90928,0,0,0,2.90928,ok,true,2693989604514,2693989604514,2.454559,,experiments/h100/sweep_treduce/cases/zk_complete_add_9_bw32_r20.log
zk_complete_add_9,q_add*x_r - q_add*x_p - q_add*x_q*x_r*gamma + q_add*x_p*x_q*gamma,prime-field-montgomery,element,specialized,p32_2^32_minus_5,32,1,0xfffffffb,22,4194304,5,4,4,2,10,whole-run,fixed,triton-sumcheck-prime-field-montgomery-element-layout-specialized-points-treduce,68.656,15.356,0.000,0.000000,0.000,15.356,ok,cuda-sumcheck-prime-field-montgomery-element-layout-specialized-points,3.9023,3.7351,0,0,0,3.7351,ok,true,2988758291324,2988758291324,4.111269,,experiments/h100/sweep_treduce/cases/zk_complete_add_9_bw32_r22.log
zk_complete_add_9,q_add*x_r - q_add*x_p - q_add*x_q*x_r*gamma + q_add*x_p*x_q*gamma,prime-field-montgomery,element,specialized,p32_2^32_minus_5,32,1,0xfffffffb,24,16777216,5,4,4,2,10,whole-run,fixed,triton-sumcheck-prime-field-montgomery-element-layout-specialized-points-treduce,72.917,18.722,0.000,0.000000,0.000,18.722,ok,cuda-sumcheck-prime-field-montgomery-element-layout-specialized-points,6.33046,6.03462,0,0,0,6.03462,ok,true,3229523613953,3229523613953,3.102432,,experiments/h100/sweep_treduce/cases/zk_complete_add_9_bw32_r24.log
zk_complete_add_9,q_add*x_r - q_add*x_p - q_add*x_q*x_r*gamma + q_add*x_p*x_q*gamma,prime-field-montgomery,element,specialized,p32_2^32_minus_5,32,1,0xfffffffb,26,67108864,5,4,4,2,10,whole-run,fixed,triton-sumcheck-prime-field-montgomery-element-layout-specialized-points-treduce,79.669,26.480,0.000,0.000000,0.000,26.480,ok,cuda-sumcheck-prime-field-montgomery-element-layout-specialized-points,13.663,13.5169,0,0,0,13.5169,ok,true,3809575414749,3809575414749,1.959029,,experiments/h100/sweep_treduce/cases/zk_complete_add_9_bw32_r26.log
zk_complete_add_9,q_add*x_r - q_add*x_p - q_add*x_q*x_r*gamma + q_add*x_p*x_q*gamma,prime-field-montgomery,element,specialized,p32_2^32_minus_5,32,1,0xfffffffb,28,268435456,5,4,4,2,10,whole-run,fixed,triton-sumcheck-prime-field-montgomery-element-layout-specialized-points-treduce,107.338,56.412,0.000,0.000000,0.000,56.412,ok,cuda-sumcheck-prime-field-montgomery-element-layout-specialized-points,41.7981,41.6072,0,0,0,41.6072,ok,true,3820541626746,3820541626746,1.355823,,experiments/h100/sweep_treduce/cases/zk_complete_add_9_bw32_r28.log
zk_complete_add_9,q_add*x_r - q_add*x_p - q_add*x_q*x_r*gamma + q_add*x_p*x_q*gamma,prime-field-montgomery,element,specialized,p64_goldilocks,64,2,0xffffffff00000001,14,16384,5,4,4,2,10,whole-run,fixed,triton-sumcheck-prime-field-montgomery-element-layout-specialized-points-treduce,61.199,5.731,0.000,0.000000,0.000,5.731,ok,cuda-sumcheck-prime-field-montgomery-element-layout-specialized-points,2.53085,2.13376,0,0,0,2.13376,ok,true,5673203275285,5673203275285,2.685869,,experiments/h100/sweep_treduce/cases/zk_complete_add_9_bw64_r14.log
zk_complete_add_9,q_add*x_r - q_add*x_p - q_add*x_q*x_r*gamma + q_add*x_p*x_q*gamma,prime-field-montgomery,element,specialized,p64_goldilocks,64,2,0xffffffff00000001,16,65536,5,4,4,2,10,whole-run,fixed,triton-sumcheck-prime-field-montgomery-element-layout-specialized-points-treduce,62.975,7.630,0.000,0.000000,0.000,7.630,ok,cuda-sumcheck-prime-field-montgomery-element-layout-specialized-points,2.35971,2.08602,0,0,0,2.08602,ok,true,6344118157169,6344118157169,3.657683,,experiments/h100/sweep_treduce/cases/zk_complete_add_9_bw64_r16.log
zk_complete_add_9,q_add*x_r - q_add*x_p - q_add*x_q*x_r*gamma + q_add*x_p*x_q*gamma,prime-field-montgomery,element,specialized,p64_goldilocks,64,2,0xffffffff00000001,18,262144,5,4,4,2,10,whole-run,fixed,triton-sumcheck-prime-field-montgomery-element-layout-specialized-points-treduce,64.994,9.674,0.000,0.000000,0.000,9.674,ok,cuda-sumcheck-prime-field-montgomery-element-layout-specialized-points,2.81418,2.50394,0,0,0,2.50394,ok,true,7586800119743,7586800119743,3.863511,,experiments/h100/sweep_treduce/cases/zk_complete_add_9_bw64_r18.log
zk_complete_add_9,q_add*x_r - q_add*x_p - q_add*x_q*x_r*gamma + q_add*x_p*x_q*gamma,prime-field-montgomery,element,specialized,p64_goldilocks,64,2,0xffffffff00000001,20,1048576,5,4,4,2,10,whole-run,fixed,triton-sumcheck-prime-field-montgomery-element-layout-specialized-points-treduce,68.161,12.466,0.000,0.000000,0.000,12.466,ok,cuda-sumcheck-prime-field-montgomery-element-layout-specialized-points,3.53245,3.27395,0,0,0,3.27395,ok,true,8468862849707,8468862849707,3.807633,,experiments/h100/sweep_treduce/cases/zk_complete_add_9_bw64_r20.log
zk_complete_add_9,q_add*x_r - q_add*x_p - q_add*x_q*x_r*gamma + q_add*x_p*x_q*gamma,prime-field-montgomery,element,specialized,p64_goldilocks,64,2,0xffffffff00000001,22,4194304,5,4,4,2,10,whole-run,fixed,triton-sumcheck-prime-field-montgomery-element-layout-specialized-points-treduce,70.969,15.394,0.000,0.000000,0.000,15.394,ok,cuda-sumcheck-prime-field-montgomery-element-layout-specialized-points,4.92614,4.6327,0,0,0,4.6327,ok,true,9645652376542,9645652376542,3.322900,,experiments/h100/sweep_treduce/cases/zk_complete_add_9_bw64_r22.log
zk_complete_add_9,q_add*x_r - q_add*x_p - q_add*x_q*x_r*gamma + q_add*x_p*x_q*gamma,prime-field-montgomery,element,specialized,p64_goldilocks,64,2,0xffffffff00000001,24,16777216,5,4,4,2,10,whole-run,fixed,triton-sumcheck-prime-field-montgomery-element-layout-specialized-points-treduce,75.347,20.287,0.000,0.000000,0.000,20.287,ok,cuda-sumcheck-prime-field-montgomery-element-layout-specialized-points,9.09408,8.81181,0,0,0,8.81181,ok,true,10460992284873,10460992284873,2.302251,,experiments/h100/sweep_treduce/cases/zk_complete_add_9_bw64_r24.log
zk_complete_add_9,q_add*x_r - q_add*x_p - q_add*x_q*x_r*gamma + q_add*x_p*x_q*gamma,prime-field-montgomery,element,specialized,p64_goldilocks,64,2,0xffffffff00000001,26,67108864,5,4,4,2,10,whole-run,fixed,triton-sumcheck-prime-field-montgomery-element-layout-specialized-points-treduce,90.523,36.619,0.000,0.000000,0.000,36.619,ok,cuda-sumcheck-prime-field-montgomery-element-layout-specialized-points,23.9926,23.8141,0,0,0,23.8141,ok,true,10722365125056,10722365125056,1.537702,,experiments/h100/sweep_treduce/cases/zk_complete_add_9_bw64_r26.log
zk_complete_add_9,q_add*x_r - q_add*x_p - q_add*x_q*x_r*gamma + q_add*x_p*x_q*gamma,prime-field-montgomery,element,specialized,p64_goldilocks,64,2,0xffffffff00000001,28,268435456,5,4,4,2,10,whole-run,fixed,triton-sumcheck-prime-field-montgomery-element-layout-specialized-points-treduce,152.699,103.173,0.000,0.000000,0.000,103.173,ok,cuda-sumcheck-prime-field-montgomery-element-layout-specialized-points,82.335,83.0974,0,0,0,83.0974,ok,true,11417964607582,11417964607582,1.241591,,experiments/h100/sweep_treduce/cases/zk_complete_add_9_bw64_r28.log
zk_complete_add_9,q_add*x_r - q_add*x_p - q_add*x_q*x_r*gamma + q_add*x_p*x_q*gamma,prime-field-montgomery,element,specialized,p128_mersenne_2^127_minus_1,128,4,0x7fffffffffffffffffffffffffffffff,14,16384,5,4,4,2,10,whole-run,fixed,triton-sumcheck-prime-field-montgomery-element-layout-specialized-points-treduce,37.424,3.268,0.000,0.000000,0.000,3.268,ok,cuda-sumcheck-prime-field-montgomery-element-layout-specialized-points,2.27821,1.83936,0,0,0,1.83936,ok,true,12260456006123,12260456006123,1.776705,,experiments/h100/sweep_treduce/cases/zk_complete_add_9_bw128_r14.log
zk_complete_add_9,q_add*x_r - q_add*x_p - q_add*x_q*x_r*gamma + q_add*x_p*x_q*gamma,prime-field-montgomery,element,specialized,p128_mersenne_2^127_minus_1,128,4,0x7fffffffffffffffffffffffffffffff,16,65536,5,4,4,2,10,whole-run,fixed,triton-sumcheck-prime-field-montgomery-element-layout-specialized-points-treduce,67.285,7.645,0.000,0.000000,0.000,7.645,ok,cuda-sumcheck-prime-field-montgomery-element-layout-specialized-points,2.6784,2.1967,0,0,0,2.1967,ok,true,14187752250711,14187752250711,3.480220,,experiments/h100/sweep_treduce/cases/zk_complete_add_9_bw128_r16.log
zk_complete_add_9,q_add*x_r - q_add*x_p - q_add*x_q*x_r*gamma + q_add*x_p*x_q*gamma,prime-field-montgomery,element,specialized,p128_mersenne_2^127_minus_1,128,4,0x7fffffffffffffffffffffffffffffff,18,262144,5,4,4,2,10,whole-run,fixed,triton-sumcheck-prime-field-montgomery-element-layout-specialized-points-treduce,69.884,9.828,0.000,0.000000,0.000,9.828,ok,cuda-sumcheck-prime-field-montgomery-element-layout-specialized-points,4.27322,3.51482,0,0,0,3.51482,ok,true,17298230590979,17298230590979,2.796160,,experiments/h100/sweep_treduce/cases/zk_complete_add_9_bw128_r18.log
zk_complete_add_9,q_add*x_r - q_add*x_p - q_add*x_q*x_r*gamma + q_add*x_p*x_q*gamma,prime-field-montgomery,element,specialized,p128_mersenne_2^127_minus_1,128,4,0x7fffffffffffffffffffffffffffffff,20,1048576,5,4,4,2,10,whole-run,fixed,triton-sumcheck-prime-field-montgomery-element-layout-specialized-points-treduce,71.962,12.376,0.000,0.000000,0.000,12.376,ok,cuda-sumcheck-prime-field-montgomery-element-layout-specialized-points,4.23837,3.8359,0,0,0,3.8359,ok,true,22557764587774,22557764587774,3.226361,,experiments/h100/sweep_treduce/cases/zk_complete_add_9_bw128_r20.log
zk_complete_add_9,q_add*x_r - q_add*x_p - q_add*x_q*x_r*gamma + q_add*x_p*x_q*gamma,prime-field-montgomery,element,specialized,p128_mersenne_2^127_minus_1,128,4,0x7fffffffffffffffffffffffffffffff,22,4194304,5,4,4,2,10,whole-run,fixed,triton-sumcheck-prime-field-montgomery-element-layout-specialized-points-treduce,83.314,17.528,0.000,0.000000,0.000,17.528,ok,cuda-sumcheck-prime-field-montgomery-element-layout-specialized-points,6.8536,6.46362,0,0,0,6.46362,ok,true,24772510013771,24772510013771,2.711793,,experiments/h100/sweep_treduce/cases/zk_complete_add_9_bw128_r22.log
zk_complete_add_9,q_add*x_r - q_add*x_p - q_add*x_q*x_r*gamma + q_add*x_p*x_q*gamma,prime-field-montgomery,element,specialized,p128_mersenne_2^127_minus_1,128,4,0x7fffffffffffffffffffffffffffffff,24,16777216,5,4,4,2,10,whole-run,fixed,triton-sumcheck-prime-field-montgomery-element-layout-specialized-points-treduce,92.188,28.082,0.000,0.000000,0.000,28.082,ok,cuda-sumcheck-prime-field-montgomery-element-layout-specialized-points,15.0292,14.7214,0,0,0,14.7214,ok,true,27407170465337,27407170465337,1.907563,,experiments/h100/sweep_treduce/cases/zk_complete_add_9_bw128_r24.log
zk_complete_add_9,q_add*x_r - q_add*x_p - q_add*x_q*x_r*gamma + q_add*x_p*x_q*gamma,prime-field-montgomery,element,specialized,p128_mersenne_2^127_minus_1,128,4,0x7fffffffffffffffffffffffffffffff,26,67108864,5,4,4,2,10,whole-run,fixed,triton-sumcheck-prime-field-montgomery-element-layout-specialized-points-treduce,130.040,66.575,0.000,0.000000,0.000,66.575,ok,cuda-sumcheck-prime-field-montgomery-element-layout-specialized-points,47.6451,47.2229,0,0,0,47.2229,ok,true,28291550435941,28291550435941,1.409803,,experiments/h100/sweep_treduce/cases/zk_complete_add_9_bw128_r26.log
zk_complete_add_9,q_add*x_r - q_add*x_p - q_add*x_q*x_r*gamma + q_add*x_p*x_q*gamma,prime-field-montgomery,element,specialized,p128_mersenne_2^127_minus_1,128,4,0x7fffffffffffffffffffffffffffffff,28,268435456,5,4,4,2,10,whole-run,fixed,triton-sumcheck-prime-field-montgomery-element-layout-specialized-points-treduce,271.871,216.943,0.000,0.000000,0.000,216.943,ok,cuda-sumcheck-prime-field-montgomery-element-layout-specialized-points,175.983,182.333,0,0,0,182.333,ok,true,29758454218935,29758454218935,1.189818,,experiments/h100/sweep_treduce/cases/zk_complete_add_9_bw128_r28.log
zk_complete_add_9,q_add*x_r - q_add*x_p - q_add*x_q*x_r*gamma + q_add*x_p*x_q*gamma,prime-field-montgomery,element,specialized,p255_bls12_381_scalar,256,8,0x73eda753299d7d483339d80809a1d80553bda402fffe5bfeffffffff00000001,14,16384,5,4,4,2,10,whole-run,fixed,triton-sumcheck-prime-field-montgomery-element-layout-specialized-points-treduce,80.770,6.028,0.000,0.000000,0.000,6.028,ok,cuda-sumcheck-prime-field-montgomery-element-layout-specialized-points,3.84931,2.71296,0,0,0,2.71296,ok,true,64721918569490,64721918569490,2.221927,,experiments/h100/sweep_treduce/cases/zk_complete_add_9_bw256_r14.log
zk_complete_add_9,q_add*x_r - q_add*x_p - q_add*x_q*x_r*gamma + q_add*x_p*x_q*gamma,prime-field-montgomery,element,specialized,p255_bls12_381_scalar,256,8,0x73eda753299d7d483339d80809a1d80553bda402fffe5bfeffffffff00000001,16,65536,5,4,4,2,10,whole-run,fixed,triton-sumcheck-prime-field-montgomery-element-layout-specialized-points-treduce,82.614,8.005,0.000,0.000000,0.000,8.005,ok,cuda-sumcheck-prime-field-montgomery-element-layout-specialized-points,4.40858,3.3191,0,0,0,3.3191,ok,true,71667032844355,71667032844355,2.411798,,experiments/h100/sweep_treduce/cases/zk_complete_add_9_bw256_r16.log
zk_complete_add_9,q_add*x_r - q_add*x_p - q_add*x_q*x_r*gamma + q_add*x_p*x_q*gamma,prime-field-montgomery,element,specialized,p255_bls12_381_scalar,256,8,0x73eda753299d7d483339d80809a1d80553bda402fffe5bfeffffffff00000001,18,262144,5,4,4,2,10,whole-run,fixed,triton-sumcheck-prime-field-montgomery-element-layout-specialized-points-treduce,87.130,10.122,0.000,0.000000,0.000,10.122,ok,cuda-sumcheck-prime-field-montgomery-element-layout-specialized-points,5.5945,4.5273,0,0,0,4.5273,ok,true,80032519064251,80032519064251,2.235770,,experiments/h100/sweep_treduce/cases/zk_complete_add_9_bw256_r18.log
zk_complete_add_9,q_add*x_r - q_add*x_p - q_add*x_q*x_r*gamma + q_add*x_p*x_q*gamma,prime-field-montgomery,element,specialized,p255_bls12_381_scalar,256,8,0x73eda753299d7d483339d80809a1d80553bda402fffe5bfeffffffff00000001,20,1048576,5,4,4,2,10,whole-run,fixed,triton-sumcheck-prime-field-montgomery-element-layout-specialized-points-treduce,86.808,13.249,0.000,0.000000,0.000,13.249,ok,cuda-sumcheck-prime-field-montgomery-element-layout-specialized-points,8.55213,7.48634,0,0,0,7.48634,ok,true,86072749519367,86072749519367,1.769757,,experiments/h100/sweep_treduce/cases/zk_complete_add_9_bw256_r20.log
zk_complete_add_9,q_add*x_r - q_add*x_p - q_add*x_q*x_r*gamma + q_add*x_p*x_q*gamma,prime-field-montgomery,element,specialized,p255_bls12_381_scalar,256,8,0x73eda753299d7d483339d80809a1d80553bda402fffe5bfeffffffff00000001,22,4194304,5,4,4,2,10,whole-run,fixed,triton-sumcheck-prime-field-montgomery-element-layout-specialized-points-treduce,94.744,22.036,0.000,0.000000,0.000,22.036,ok,cuda-sumcheck-prime-field-montgomery-element-layout-specialized-points,17.1599,15.9689,0,0,0,15.9689,ok,true,100819326577736,100819326577736,1.379932,,experiments/h100/sweep_treduce/cases/zk_complete_add_9_bw256_r22.log
zk_complete_add_9,q_add*x_r - q_add*x_p - q_add*x_q*x_r*gamma + q_add*x_p*x_q*gamma,prime-field-montgomery,element,specialized,p255_bls12_381_scalar,256,8,0x73eda753299d7d483339d80809a1d80553bda402fffe5bfeffffffff00000001,24,16777216,5,4,4,2,10,whole-run,fixed,triton-sumcheck-prime-field-montgomery-element-layout-specialized-points-treduce,125.705,55.186,0.000,0.000000,0.000,55.186,ok,cuda-sumcheck-prime-field-montgomery-element-layout-specialized-points,48.9643,47.8798,0,0,0,47.8798,ok,true,107743887149652,107743887149652,1.152595,,experiments/h100/sweep_treduce/cases/zk_complete_add_9_bw256_r24.log
zk_complete_add_9,q_add*x_r - q_add*x_p - q_add*x_q*x_r*gamma + q_add*x_p*x_q*gamma,prime-field-montgomery,element,specialized,p255_bls12_381_scalar,256,8,0x73eda753299d7d483339d80809a1d80553bda402fffe5bfeffffffff00000001,26,67108864,5,4,4,2,10,whole-run,fixed,triton-sumcheck-prime-field-montgomery-element-layout-specialized-points-treduce,253.821,185.351,0.000,0.000000,0.000,185.351,ok,cuda-sumcheck-prime-field-montgomery-element-layout-specialized-points,179.173,176.76,0,0,0,176.76,ok,true,115022369023562,115022369023562,1.048603,,experiments/h100/sweep_treduce/cases/zk_complete_add_9_bw256_r26.log
zk_complete_add_9,q_add*x_r - q_add*x_p - q_add*x_q*x_r*gamma + q_add*x_p*x_q*gamma,prime-field-montgomery,element,specialized,,256,,,28,268435456,5,4,4,2,10,whole-run,fixed,,,,,,,,skipped,,,,,,,,skipped,skipped,,,,returncode=1,experiments/h100/sweep_treduce/cases/zk_complete_add_9_bw256_r28.log
zk_complete_add_10,q_add*y_r - q_add*y_p - q_add*x_q*y_r*gamma + q_add*x_q*y_p*gamma,prime-field-montgomery,element,specialized,p32_2^32_minus_5,32,1,0xfffffffb,14,16384,5,4,4,2,10,whole-run,fixed,triton-sumcheck-prime-field-montgomery-element-layout-specialized-points-treduce,59.315,5.576,0.000,0.000000,0.000,5.576,ok,cuda-sumcheck-prime-field-montgomery-element-layout-specialized-points,1.87126,1.63526,0,0,0,1.63526,ok,true,2034891719822,2034891719822,3.409855,,experiments/h100/sweep_treduce/cases/zk_complete_add_10_bw32_r14.log
zk_complete_add_10,q_add*y_r - q_add*y_p - q_add*x_q*y_r*gamma + q_add*x_q*y_p*gamma,prime-field-montgomery,element,specialized,p32_2^32_minus_5,32,1,0xfffffffb,16,65536,5,4,4,2,10,whole-run,fixed,triton-sumcheck-prime-field-montgomery-element-layout-specialized-points-treduce,60.922,7.339,0.000,0.000000,0.000,7.339,ok,cuda-sumcheck-prime-field-montgomery-element-layout-specialized-points,2.22355,2.02154,0,0,0,2.02154,ok,true,2172632219225,2172632219225,3.630401,,experiments/h100/sweep_treduce/cases/zk_complete_add_10_bw32_r16.log
zk_complete_add_10,q_add*y_r - q_add*y_p - q_add*x_q*y_r*gamma + q_add*x_q*y_p*gamma,prime-field-montgomery,element,specialized,p32_2^32_minus_5,32,1,0xfffffffb,18,262144,5,4,4,2,10,whole-run,fixed,triton-sumcheck-prime-field-montgomery-element-layout-specialized-points-treduce,66.101,9.951,0.000,0.000000,0.000,9.951,ok,cuda-sumcheck-prime-field-montgomery-element-layout-specialized-points,2.67206,2.4056,0,0,0,2.4056,ok,true,2573258479233,2573258479233,4.136598,,experiments/h100/sweep_treduce/cases/zk_complete_add_10_bw32_r18.log
zk_complete_add_10,q_add*y_r - q_add*y_p - q_add*x_q*y_r*gamma + q_add*x_q*y_p*gamma,prime-field-montgomery,element,specialized,p32_2^32_minus_5,32,1,0xfffffffb,20,1048576,5,4,4,2,10,whole-run,fixed,triton-sumcheck-prime-field-montgomery-element-layout-specialized-points-treduce,66.061,12.127,0.000,0.000000,0.000,12.127,ok,cuda-sumcheck-prime-field-montgomery-element-layout-specialized-points,3.26886,2.92483,0,0,0,2.92483,ok,true,2693989604514,2693989604514,4.146224,,experiments/h100/sweep_treduce/cases/zk_complete_add_10_bw32_r20.log
zk_complete_add_10,q_add*y_r - q_add*y_p - q_add*x_q*y_r*gamma + q_add*x_q*y_p*gamma,prime-field-montgomery,element,specialized,p32_2^32_minus_5,32,1,0xfffffffb,22,4194304,5,4,4,2,10,whole-run,fixed,triton-sumcheck-prime-field-montgomery-element-layout-specialized-points-treduce,68.868,15.111,0.000,0.000000,0.000,15.111,ok,cuda-sumcheck-prime-field-montgomery-element-layout-specialized-points,4.07341,3.79818,0,0,0,3.79818,ok,true,2988758291324,2988758291324,3.978484,,experiments/h100/sweep_treduce/cases/zk_complete_add_10_bw32_r22.log
zk_complete_add_10,q_add*y_r - q_add*y_p - q_add*x_q*y_r*gamma + q_add*x_q*y_p*gamma,prime-field-montgomery,element,specialized,p32_2^32_minus_5,32,1,0xfffffffb,24,16777216,5,4,4,2,10,whole-run,fixed,triton-sumcheck-prime-field-montgomery-element-layout-specialized-points-treduce,72.315,18.828,0.000,0.000000,0.000,18.828,ok,cuda-sumcheck-prime-field-montgomery-element-layout-specialized-points,6.41782,6.172,0,0,0,6.172,ok,true,3229523613953,3229523613953,3.050551,,experiments/h100/sweep_treduce/cases/zk_complete_add_10_bw32_r24.log
zk_complete_add_10,q_add*y_r - q_add*y_p - q_add*x_q*y_r*gamma + q_add*x_q*y_p*gamma,prime-field-montgomery,element,specialized,p32_2^32_minus_5,32,1,0xfffffffb,26,67108864,5,4,4,2,10,whole-run,fixed,triton-sumcheck-prime-field-montgomery-element-layout-specialized-points-treduce,79.447,26.591,0.000,0.000000,0.000,26.591,ok,cuda-sumcheck-prime-field-montgomery-element-layout-specialized-points,13.8331,13.4952,0,0,0,13.4952,ok,true,3809575414749,3809575414749,1.970404,,experiments/h100/sweep_treduce/cases/zk_complete_add_10_bw32_r26.log
zk_complete_add_10,q_add*y_r - q_add*y_p - q_add*x_q*y_r*gamma + q_add*x_q*y_p*gamma,prime-field-montgomery,element,specialized,p32_2^32_minus_5,32,1,0xfffffffb,28,268435456,5,4,4,2,10,whole-run,fixed,triton-sumcheck-prime-field-montgomery-element-layout-specialized-points-treduce,106.136,55.775,0.000,0.000000,0.000,55.775,ok,cuda-sumcheck-prime-field-montgomery-element-layout-specialized-points,41.5763,41.4147,0,0,0,41.4147,ok,true,3820541626746,3820541626746,1.346744,,experiments/h100/sweep_treduce/cases/zk_complete_add_10_bw32_r28.log
zk_complete_add_10,q_add*y_r - q_add*y_p - q_add*x_q*y_r*gamma + q_add*x_q*y_p*gamma,prime-field-montgomery,element,specialized,p64_goldilocks,64,2,0xffffffff00000001,14,16384,5,4,4,2,10,whole-run,fixed,triton-sumcheck-prime-field-montgomery-element-layout-specialized-points-treduce,61.210,5.619,0.000,0.000000,0.000,5.619,ok,cuda-sumcheck-prime-field-montgomery-element-layout-specialized-points,2.00035,1.71123,0,0,0,1.71123,ok,true,5673203275285,5673203275285,3.283603,,experiments/h100/sweep_treduce/cases/zk_complete_add_10_bw64_r14.log
zk_complete_add_10,q_add*y_r - q_add*y_p - q_add*x_q*y_r*gamma + q_add*x_q*y_p*gamma,prime-field-montgomery,element,specialized,p64_goldilocks,64,2,0xffffffff00000001,16,65536,5,4,4,2,10,whole-run,fixed,triton-sumcheck-prime-field-montgomery-element-layout-specialized-points-treduce,62.418,7.500,0.000,0.000000,0.000,7.500,ok,cuda-sumcheck-prime-field-montgomery-element-layout-specialized-points,2.40531,2.11056,0,0,0,2.11056,ok,true,6344118157169,6344118157169,3.553559,,experiments/h100/sweep_treduce/cases/zk_complete_add_10_bw64_r16.log
zk_complete_add_10,q_add*y_r - q_add*y_p - q_add*x_q*y_r*gamma + q_add*x_q*y_p*gamma,prime-field-montgomery,element,specialized,p64_goldilocks,64,2,0xffffffff00000001,18,262144,5,4,4,2,10,whole-run,fixed,triton-sumcheck-prime-field-montgomery-element-layout-specialized-points-treduce,65.605,9.812,0.000,0.000000,0.000,9.812,ok,cuda-sumcheck-prime-field-montgomery-element-layout-specialized-points,2.84275,2.51715,0,0,0,2.51715,ok,true,7586800119743,7586800119743,3.898059,,experiments/h100/sweep_treduce/cases/zk_complete_add_10_bw64_r18.log
zk_complete_add_10,q_add*y_r - q_add*y_p - q_add*x_q*y_r*gamma + q_add*x_q*y_p*gamma,prime-field-montgomery,element,specialized,p64_goldilocks,64,2,0xffffffff00000001,20,1048576,5,4,4,2,10,whole-run,fixed,triton-sumcheck-prime-field-montgomery-element-layout-specialized-points-treduce,68.035,12.406,0.000,0.000000,0.000,12.406,ok,cuda-sumcheck-prime-field-montgomery-element-layout-specialized-points,3.50304,3.1991,0,0,0,3.1991,ok,true,8468862849707,8468862849707,3.877966,,experiments/h100/sweep_treduce/cases/zk_complete_add_10_bw64_r20.log
zk_complete_add_10,q_add*y_r - q_add*y_p - q_add*x_q*y_r*gamma + q_add*x_q*y_p*gamma,prime-field-montgomery,element,specialized,p64_goldilocks,64,2,0xffffffff00000001,22,4194304,5,4,4,2,10,whole-run,fixed,triton-sumcheck-prime-field-montgomery-element-layout-specialized-points-treduce,70.781,15.328,0.000,0.000000,0.000,15.328,ok,cuda-sumcheck-prime-field-montgomery-element-layout-specialized-points,6.41152,5.72989,0,0,0,5.72989,ok,true,9645652376542,9645652376542,2.675095,,experiments/h100/sweep_treduce/cases/zk_complete_add_10_bw64_r22.log
zk_complete_add_10,q_add*y_r - q_add*y_p - q_add*x_q*y_r*gamma + q_add*x_q*y_p*gamma,prime-field-montgomery,element,specialized,p64_goldilocks,64,2,0xffffffff00000001,24,16777216,5,4,4,2,10,whole-run,fixed,triton-sumcheck-prime-field-montgomery-element-layout-specialized-points-treduce,83.067,22.675,0.000,0.000000,0.000,22.675,ok,cuda-sumcheck-prime-field-montgomery-element-layout-specialized-points,10.4153,9.88547,0,0,0,9.88547,ok,true,10460992284873,10460992284873,2.293771,,experiments/h100/sweep_treduce/cases/zk_complete_add_10_bw64_r24.log
zk_complete_add_10,q_add*y_r - q_add*y_p - q_add*x_q*y_r*gamma + q_add*x_q*y_p*gamma,prime-field-montgomery,element,specialized,p64_goldilocks,64,2,0xffffffff00000001,26,67108864,5,4,4,2,10,whole-run,fixed,triton-sumcheck-prime-field-montgomery-element-layout-specialized-points-treduce,90.923,36.309,0.000,0.000000,0.000,36.309,ok,cuda-sumcheck-prime-field-montgomery-element-layout-specialized-points,23.9167,23.729,0,0,0,23.729,ok,true,10722365125056,10722365125056,1.530153,,experiments/h100/sweep_treduce/cases/zk_complete_add_10_bw64_r26.log
zk_complete_add_10,q_add*y_r - q_add*y_p - q_add*x_q*y_r*gamma + q_add*x_q*y_p*gamma,prime-field-montgomery,element,specialized,p64_goldilocks,64,2,0xffffffff00000001,28,268435456,5,4,4,2,10,whole-run,fixed,triton-sumcheck-prime-field-montgomery-element-layout-specialized-points-treduce,151.773,102.259,0.000,0.000000,0.000,102.259,ok,cuda-sumcheck-prime-field-montgomery-element-layout-specialized-points,82.2484,83.1029,0,0,0,83.1029,ok,true,11417964607582,11417964607582,1.230511,,experiments/h100/sweep_treduce/cases/zk_complete_add_10_bw64_r28.log
zk_complete_add_10,q_add*y_r - q_add*y_p - q_add*x_q*y_r*gamma + q_add*x_q*y_p*gamma,prime-field-montgomery,element,specialized,p128_mersenne_2^127_minus_1,128,4,0x7fffffffffffffffffffffffffffffff,14,16384,5,4,4,2,10,whole-run,fixed,triton-sumcheck-prime-field-montgomery-element-layout-specialized-points-treduce,65.052,5.593,0.000,0.000000,0.000,5.593,ok,cuda-sumcheck-prime-field-montgomery-element-layout-specialized-points,2.24301,1.79632,0,0,0,1.79632,ok,true,12260456006123,12260456006123,3.113588,,experiments/h100/sweep_treduce/cases/zk_complete_add_10_bw128_r14.log
zk_complete_add_10,q_add*y_r - q_add*y_p - q_add*x_q*y_r*gamma + q_add*x_q*y_p*gamma,prime-field-montgomery,element,specialized,p128_mersenne_2^127_minus_1,128,4,0x7fffffffffffffffffffffffffffffff,16,65536,5,4,4,2,10,whole-run,fixed,triton-sumcheck-prime-field-montgomery-element-layout-specialized-points-treduce,67.899,7.538,0.000,0.000000,0.000,7.538,ok,cuda-sumcheck-prime-field-montgomery-element-layout-specialized-points,2.68806,2.2623,0,0,0,2.2623,ok,true,14187752250711,14187752250711,3.332007,,experiments/h100/sweep_treduce/cases/zk_complete_add_10_bw128_r16.log
zk_complete_add_10,q_add*y_r - q_add*y_p - q_add*x_q*y_r*gamma + q_add*x_q*y_p*gamma,prime-field-montgomery,element,specialized,p128_mersenne_2^127_minus_1,128,4,0x7fffffffffffffffffffffffffffffff,18,262144,5,4,4,2,10,whole-run,fixed,triton-sumcheck-prime-field-montgomery-element-layout-specialized-points-treduce,69.876,9.882,0.000,0.000000,0.000,9.882,ok,cuda-sumcheck-prime-field-montgomery-element-layout-specialized-points,3.18422,2.75878,0,0,0,2.75878,ok,true,17298230590979,17298230590979,3.582018,,experiments/h100/sweep_treduce/cases/zk_complete_add_10_bw128_r18.log
zk_complete_add_10,q_add*y_r - q_add*y_p - q_add*x_q*y_r*gamma + q_add*x_q*y_p*gamma,prime-field-montgomery,element,specialized,p128_mersenne_2^127_minus_1,128,4,0x7fffffffffffffffffffffffffffffff,20,1048576,5,4,4,2,10,whole-run,fixed,triton-sumcheck-prime-field-montgomery-element-layout-specialized-points-treduce,72.574,12.553,0.000,0.000000,0.000,12.553,ok,cuda-sumcheck-prime-field-montgomery-element-layout-specialized-points,4.20726,3.80214,0,0,0,3.80214,ok,true,22557764587774,22557764587774,3.301562,,experiments/h100/sweep_treduce/cases/zk_complete_add_10_bw128_r20.log
zk_complete_add_10,q_add*y_r - q_add*y_p - q_add*x_q*y_r*gamma + q_add*x_q*y_p*gamma,prime-field-montgomery,element,specialized,p128_mersenne_2^127_minus_1,128,4,0x7fffffffffffffffffffffffffffffff,22,4194304,5,4,4,2,10,whole-run,fixed,triton-sumcheck-prime-field-montgomery-element-layout-specialized-points-treduce,75.836,15.794,0.000,0.000000,0.000,15.794,ok,cuda-sumcheck-prime-field-montgomery-element-layout-specialized-points,6.85616,6.47882,0,0,0,6.47882,ok,true,24772510013771,24772510013771,2.437790,,experiments/h100/sweep_treduce/cases/zk_complete_add_10_bw128_r22.log
zk_complete_add_10,q_add*y_r - q_add*y_p - q_add*x_q*y_r*gamma + q_add*x_q*y_p*gamma,prime-field-montgomery,element,specialized,p128_mersenne_2^127_minus_1,128,4,0x7fffffffffffffffffffffffffffffff,24,16777216,5,4,4,2,10,whole-run,fixed,triton-sumcheck-prime-field-montgomery-element-layout-specialized-points-treduce,85.444,26.684,0.000,0.000000,0.000,26.684,ok,cuda-sumcheck-prime-field-montgomery-element-layout-specialized-points,15.535,15.1449,0,0,0,15.1449,ok,true,27407170465337,27407170465337,1.761913,,experiments/h100/sweep_treduce/cases/zk_complete_add_10_bw128_r24.log
zk_complete_add_10,q_add*y_r - q_add*y_p - q_add*x_q*y_r*gamma + q_add*x_q*y_p*gamma,prime-field-montgomery,element,specialized,p128_mersenne_2^127_minus_1,128,4,0x7fffffffffffffffffffffffffffffff,26,67108864,5,4,4,2,10,whole-run,fixed,triton-sumcheck-prime-field-montgomery-element-layout-specialized-points-treduce,122.131,65.179,0.000,0.000000,0.000,65.179,ok,cuda-sumcheck-prime-field-montgomery-element-layout-specialized-points,47.5654,47.1894,0,0,0,47.1894,ok,true,28291550435941,28291550435941,1.381221,,experiments/h100/sweep_treduce/cases/zk_complete_add_10_bw128_r26.log
zk_complete_add_10,q_add*y_r - q_add*y_p - q_add*x_q*y_r*gamma + q_add*x_q*y_p*gamma,prime-field-montgomery,element,specialized,p128_mersenne_2^127_minus_1,128,4,0x7fffffffffffffffffffffffffffffff,28,268435456,5,4,4,2,10,whole-run,fixed,triton-sumcheck-prime-field-montgomery-element-layout-specialized-points-treduce,281.221,222.010,0.000,0.000000,0.000,222.010,ok,cuda-sumcheck-prime-field-montgomery-element-layout-specialized-points,175.586,182.491,0,0,0,182.491,ok,true,29758454218935,29758454218935,1.216553,,experiments/h100/sweep_treduce/cases/zk_complete_add_10_bw128_r28.log
zk_complete_add_10,q_add*y_r - q_add*y_p - q_add*x_q*y_r*gamma + q_add*x_q*y_p*gamma,prime-field-montgomery,element,specialized,p255_bls12_381_scalar,256,8,0x73eda753299d7d483339d80809a1d80553bda402fffe5bfeffffffff00000001,14,16384,5,4,4,2,10,whole-run,fixed,triton-sumcheck-prime-field-montgomery-element-layout-specialized-points-treduce,47.339,3.780,0.000,0.000000,0.000,3.780,ok,cuda-sumcheck-prime-field-montgomery-element-layout-specialized-points,3.78947,2.6727,0,0,0,2.6727,ok,true,64721918569490,64721918569490,1.414300,,experiments/h100/sweep_treduce/cases/zk_complete_add_10_bw256_r14.log
zk_complete_add_10,q_add*y_r - q_add*y_p - q_add*x_q*y_r*gamma + q_add*x_q*y_p*gamma,prime-field-montgomery,element,specialized,p255_bls12_381_scalar,256,8,0x73eda753299d7d483339d80809a1d80553bda402fffe5bfeffffffff00000001,16,65536,5,4,4,2,10,whole-run,fixed,triton-sumcheck-prime-field-montgomery-element-layout-specialized-points-treduce,47.482,4.798,0.000,0.000000,0.000,4.798,ok,cuda-sumcheck-prime-field-montgomery-element-layout-specialized-points,4.34797,3.30122,0,0,0,3.30122,ok,true,71667032844355,71667032844355,1.453402,,experiments/h100/sweep_treduce/cases/zk_complete_add_10_bw256_r16.log
zk_complete_add_10,q_add*y_r - q_add*y_p - q_add*x_q*y_r*gamma + q_add*x_q*y_p*gamma,prime-field-montgomery,element,specialized,p255_bls12_381_scalar,256,8,0x73eda753299d7d483339d80809a1d80553bda402fffe5bfeffffffff00000001,18,262144,5,4,4,2,10,whole-run,fixed,triton-sumcheck-prime-field-montgomery-element-layout-specialized-points-treduce,49.697,6.182,0.000,0.000000,0.000,6.182,ok,cuda-sumcheck-prime-field-montgomery-element-layout-specialized-points,5.56266,4.49424,0,0,0,4.49424,ok,true,80032519064251,80032519064251,1.375538,,experiments/h100/sweep_treduce/cases/zk_complete_add_10_bw256_r18.log
zk_complete_add_10,q_add*y_r - q_add*y_p - q_add*x_q*y_r*gamma + q_add*x_q*y_p*gamma,prime-field-montgomery,element,specialized,p255_bls12_381_scalar,256,8,0x73eda753299d7d483339d80809a1d80553bda402fffe5bfeffffffff00000001,20,1048576,5,4,4,2,10,whole-run,fixed,triton-sumcheck-prime-field-montgomery-element-layout-specialized-points-treduce,52.421,9.027,0.000,0.000000,0.000,9.027,ok,cuda-sumcheck-prime-field-montgomery-element-layout-specialized-points,8.31693,7.24835,0,0,0,7.24835,ok,true,86072749519367,86072749519367,1.245387,,experiments/h100/sweep_treduce/cases/zk_complete_add_10_bw256_r20.log
zk_complete_add_10,q_add*y_r - q_add*y_p - q_add*x_q*y_r*gamma + q_add*x_q*y_p*gamma,prime-field-montgomery,element,specialized,p255_bls12_381_scalar,256,8,0x73eda753299d7d483339d80809a1d80553bda402fffe5bfeffffffff00000001,22,4194304,5,4,4,2,10,whole-run,fixed,triton-sumcheck-prime-field-montgomery-element-layout-specialized-points-treduce,59.885,17.846,0.000,0.000000,0.000,17.846,ok,cuda-sumcheck-prime-field-montgomery-element-layout-specialized-points,17.0057,15.961,0,0,0,15.961,ok,true,100819326577736,100819326577736,1.118100,,experiments/h100/sweep_treduce/cases/zk_complete_add_10_bw256_r22.log
zk_complete_add_10,q_add*y_r - q_add*y_p - q_add*x_q*y_r*gamma + q_add*x_q*y_p*gamma,prime-field-montgomery,element,specialized,p255_bls12_381_scalar,256,8,0x73eda753299d7d483339d80809a1d80553bda402fffe5bfeffffffff00000001,24,16777216,5,4,4,2,10,whole-run,fixed,triton-sumcheck-prime-field-montgomery-element-layout-specialized-points-treduce,125.797,55.552,0.000,0.000000,0.000,55.552,ok,cuda-sumcheck-prime-field-montgomery-element-layout-specialized-points,49.093,48.0196,0,0,0,48.0196,ok,true,107743887149652,107743887149652,1.156861,,experiments/h100/sweep_treduce/cases/zk_complete_add_10_bw256_r24.log
zk_complete_add_10,q_add*y_r - q_add*y_p - q_add*x_q*y_r*gamma + q_add*x_q*y_p*gamma,prime-field-montgomery,element,specialized,p255_bls12_381_scalar,256,8,0x73eda753299d7d483339d80809a1d80553bda402fffe5bfeffffffff00000001,26,67108864,5,4,4,2,10,whole-run,fixed,triton-sumcheck-prime-field-montgomery-element-layout-specialized-points-treduce,255.052,188.051,0.000,0.000000,0.000,188.051,ok,cuda-sumcheck-prime-field-montgomery-element-layout-specialized-points,175.719,176.353,0,0,0,176.353,ok,true,115022369023562,115022369023562,1.066333,,experiments/h100/sweep_treduce/cases/zk_complete_add_10_bw256_r26.log
zk_complete_add_10,q_add*y_r - q_add*y_p - q_add*x_q*y_r*gamma + q_add*x_q*y_p*gamma,prime-field-montgomery,element,specialized,,256,,,28,268435456,5,4,4,2,10,whole-run,fixed,,,,,,,,skipped,,,,,,,,skipped,skipped,,,,returncode=1,experiments/h100/sweep_treduce/cases/zk_complete_add_10_bw256_r28.log
zk_complete_add_11,q_add*x_r - q_add*x_q*x_r*alpha + q_add*x_p*x_r*alpha - q_add*y_q*x_r*delta - q_add*y_p*x_r*delta,prime-field-montgomery,element,specialized,p32_2^32_minus_5,32,1,0xfffffffb,14,16384,8,4,5,2,10,whole-run,fixed,triton-sumcheck-prime-field-montgomery-element-layout-specialized-points-treduce,59.828,5.521,0.000,0.000000,0.000,5.521,ok,cuda-sumcheck-prime-field-montgomery-element-layout-specialized-points,1.84704,1.61722,0,0,0,1.61722,ok,true,2282866075022,2282866075022,3.413883,,experiments/h100/sweep_treduce/cases/zk_complete_add_11_bw32_r14.log
zk_complete_add_11,q_add*x_r - q_add*x_q*x_r*alpha + q_add*x_p*x_r*alpha - q_add*y_q*x_r*delta - q_add*y_p*x_r*delta,prime-field-montgomery,element,specialized,p32_2^32_minus_5,32,1,0xfffffffb,16,65536,8,4,5,2,10,whole-run,fixed,triton-sumcheck-prime-field-montgomery-element-layout-specialized-points-treduce,61.755,7.347,0.000,0.000000,0.000,7.347,ok,cuda-sumcheck-prime-field-montgomery-element-layout-specialized-points,2.25658,2.01661,0,0,0,2.01661,ok,true,2359158299771,2359158299771,3.643243,,experiments/h100/sweep_treduce/cases/zk_complete_add_11_bw32_r16.log
zk_complete_add_11,q_add*x_r - q_add*x_q*x_r*alpha + q_add*x_p*x_r*alpha - q_add*y_q*x_r*delta - q_add*y_p*x_r*delta,prime-field-montgomery,element,specialized,p32_2^32_minus_5,32,1,0xfffffffb,18,262144,8,4,5,2,10,whole-run,fixed,triton-sumcheck-prime-field-montgomery-element-layout-specialized-points-treduce,65.588,9.857,0.000,0.000000,0.000,9.857,ok,cuda-sumcheck-prime-field-montgomery-element-layout-specialized-points,2.76317,2.41565,0,0,0,2.41565,ok,true,2485816987446,2485816987446,4.080475,,experiments/h100/sweep_treduce/cases/zk_complete_add_11_bw32_r18.log
zk_complete_add_11,q_add*x_r - q_add*x_q*x_r*alpha + q_add*x_p*x_r*alpha - q_add*y_q*x_r*delta - q_add*y_p*x_r*delta,prime-field-montgomery,element,specialized,p32_2^32_minus_5,32,1,0xfffffffb,20,1048576,8,4,5,2,10,whole-run,fixed,triton-sumcheck-prime-field-montgomery-element-layout-specialized-points-treduce,66.007,12.230,0.000,0.000000,0.000,12.230,ok,cuda-sumcheck-prime-field-montgomery-element-layout-specialized-points,3.31722,2.98218,0,0,0,2.98218,ok,true,2698065176560,2698065176560,4.101027,,experiments/h100/sweep_treduce/cases/zk_complete_add_11_bw32_r20.log
zk_complete_add_11,q_add*x_r - q_add*x_q*x_r*alpha + q_add*x_p*x_r*alpha - q_add*y_q*x_r*delta - q_add*y_p*x_r*delta,prime-field-montgomery,element,specialized,p32_2^32_minus_5,32,1,0xfffffffb,22,4194304,8,4,5,2,10,whole-run,fixed,triton-sumcheck-prime-field-montgomery-element-layout-specialized-points-treduce,69.286,15.149,0.000,0.000000,0.000,15.149,ok,cuda-sumcheck-prime-field-montgomery-element-layout-specialized-points,4.46022,4.20048,0,0,0,4.20048,ok,true,3131899343976,3131899343976,3.606493,,experiments/h100/sweep_treduce/cases/zk_complete_add_11_bw32_r22.log
zk_complete_add_11,q_add*x_r - q_add*x_q*x_r*alpha + q_add*x_p*x_r*alpha - q_add*y_q*x_r*delta - q_add*y_p*x_r*delta,prime-field-montgomery,element,specialized,p32_2^32_minus_5,32,1,0xfffffffb,24,16777216,8,4,5,2,10,whole-run,fixed,triton-sumcheck-prime-field-montgomery-element-layout-specialized-points-treduce,73.177,19.256,0.000,0.000000,0.000,19.256,ok,cuda-sumcheck-prime-field-montgomery-element-layout-specialized-points,7.68685,7.41373,0,0,0,7.41373,ok,true,3499519030657,3499519030657,2.597343,,experiments/h100/sweep_treduce/cases/zk_complete_add_11_bw32_r24.log
zk_complete_add_11,q_add*x_r - q_add*x_q*x_r*alpha + q_add*x_p*x_r*alpha - q_add*y_q*x_r*delta - q_add*y_p*x_r*delta,prime-field-montgomery,element,specialized,p32_2^32_minus_5,32,1,0xfffffffb,26,67108864,8,4,5,2,10,whole-run,fixed,triton-sumcheck-prime-field-montgomery-element-layout-specialized-points-treduce,84.067,31.093,0.000,0.000000,0.000,31.093,ok,cuda-sumcheck-prime-field-montgomery-element-layout-specialized-points,19.2892,18.9965,0,0,0,18.9965,ok,true,3709760280057,3709760280057,1.636775,,experiments/h100/sweep_treduce/cases/zk_complete_add_11_bw32_r26.log
zk_complete_add_11,q_add*x_r - q_add*x_q*x_r*alpha + q_add*x_p*x_r*alpha - q_add*y_q*x_r*delta - q_add*y_p*x_r*delta,prime-field-montgomery,element,specialized,p32_2^32_minus_5,32,1,0xfffffffb,28,268435456,8,4,5,2,10,whole-run,fixed,triton-sumcheck-prime-field-montgomery-element-layout-specialized-points-treduce,128.667,77.682,0.000,0.000000,0.000,77.682,ok,cuda-sumcheck-prime-field-montgomery-element-layout-specialized-points,63.3457,63.1788,0,0,0,63.1788,ok,true,3796796820596,3796796820596,1.229558,,experiments/h100/sweep_treduce/cases/zk_complete_add_11_bw32_r28.log
zk_complete_add_11,q_add*x_r - q_add*x_q*x_r*alpha + q_add*x_p*x_r*alpha - q_add*y_q*x_r*delta - q_add*y_p*x_r*delta,prime-field-montgomery,element,specialized,p64_goldilocks,64,2,0xffffffff00000001,14,16384,8,4,5,2,10,whole-run,fixed,triton-sumcheck-prime-field-montgomery-element-layout-specialized-points-treduce,63.213,5.614,0.000,0.000000,0.000,5.614,ok,cuda-sumcheck-prime-field-montgomery-element-layout-specialized-points,2.08662,1.78051,0,0,0,1.78051,ok,true,5847683850424,5847683850424,3.153029,,experiments/h100/sweep_treduce/cases/zk_complete_add_11_bw64_r14.log
zk_complete_add_11,q_add*x_r - q_add*x_q*x_r*alpha + q_add*x_p*x_r*alpha - q_add*y_q*x_r*delta - q_add*y_p*x_r*delta,prime-field-montgomery,element,specialized,p64_goldilocks,64,2,0xffffffff00000001,16,65536,8,4,5,2,10,whole-run,fixed,triton-sumcheck-prime-field-montgomery-element-layout-specialized-points-treduce,65.169,7.488,0.000,0.000000,0.000,7.488,ok,cuda-sumcheck-prime-field-montgomery-element-layout-specialized-points,2.47971,2.14621,0,0,0,2.14621,ok,true,6671481681605,6671481681605,3.488941,,experiments/h100/sweep_treduce/cases/zk_complete_add_11_bw64_r16.log
zk_complete_add_11,q_add*x_r - q_add*x_q*x_r*alpha + q_add*x_p*x_r*alpha - q_add*y_q*x_r*delta - q_add*y_p*x_r*delta,prime-field-montgomery,element,specialized,p64_goldilocks,64,2,0xffffffff00000001,18,262144,8,4,5,2,10,whole-run,fixed,triton-sumcheck-prime-field-montgomery-element-layout-specialized-points-treduce,66.734,9.667,0.000,0.000000,0.000,9.667,ok,cuda-sumcheck-prime-field-montgomery-element-layout-specialized-points,2.93363,2.60576,0,0,0,2.60576,ok,true,7406646980928,7406646980928,3.709858,,experiments/h100/sweep_treduce/cases/zk_complete_add_11_bw64_r18.log
zk_complete_add_11,q_add*x_r - q_add*x_q*x_r*alpha + q_add*x_p*x_r*alpha - q_add*y_q*x_r*delta - q_add*y_p*x_r*delta,prime-field-montgomery,element,specialized,p64_goldilocks,64,2,0xffffffff00000001,20,1048576,8,4,5,2,10,whole-run,fixed,triton-sumcheck-prime-field-montgomery-element-layout-specialized-points-treduce,69.861,12.346,0.000,0.000000,0.000,12.346,ok,cuda-sumcheck-prime-field-montgomery-element-layout-specialized-points,3.7968,3.5001,0,0,0,3.5001,ok,true,8563451426192,8563451426192,3.527328,,experiments/h100/sweep_treduce/cases/zk_complete_add_11_bw64_r20.log
zk_complete_add_11,q_add*x_r - q_add*x_q*x_r*alpha + q_add*x_p*x_r*alpha - q_add*y_q*x_r*delta - q_add*y_p*x_r*delta,prime-field-montgomery,element,specialized,p64_goldilocks,64,2,0xffffffff00000001,22,4194304,8,4,5,2,10,whole-run,fixed,triton-sumcheck-prime-field-montgomery-element-layout-specialized-points-treduce,79.997,17.385,0.000,0.000000,0.000,17.385,ok,cuda-sumcheck-prime-field-montgomery-element-layout-specialized-points,5.94538,5.70493,0,0,0,5.70493,ok,true,9701232910616,9701232910616,3.047364,,experiments/h100/sweep_treduce/cases/zk_complete_add_11_bw64_r22.log
zk_complete_add_11,q_add*x_r - q_add*x_q*x_r*alpha + q_add*x_p*x_r*alpha - q_add*y_q*x_r*delta - q_add*y_p*x_r*delta,prime-field-montgomery,element,specialized,p64_goldilocks,64,2,0xffffffff00000001,24,16777216,8,4,5,2,10,whole-run,fixed,triton-sumcheck-prime-field-montgomery-element-layout-specialized-points-treduce,78.100,22.380,0.000,0.000000,0.000,22.380,ok,cuda-sumcheck-prime-field-montgomery-element-layout-specialized-points,12.2699,12.0068,0,0,0,12.0068,ok,true,10163569000663,10163569000663,1.863944,,experiments/h100/sweep_treduce/cases/zk_complete_add_11_bw64_r24.log
zk_complete_add_11,q_add*x_r - q_add*x_q*x_r*alpha + q_add*x_p*x_r*alpha - q_add*y_q*x_r*delta - q_add*y_p*x_r*delta,prime-field-montgomery,element,specialized,p64_goldilocks,64,2,0xffffffff00000001,26,67108864,8,4,5,2,10,whole-run,fixed,triton-sumcheck-prime-field-montgomery-element-layout-specialized-points-treduce,102.745,48.069,0.000,0.000000,0.000,48.069,ok,cuda-sumcheck-prime-field-montgomery-element-layout-specialized-points,36.1144,36.4054,0,0,0,36.4054,ok,true,10857144132354,10857144132354,1.320381,,experiments/h100/sweep_treduce/cases/zk_complete_add_11_bw64_r26.log
zk_complete_add_11,q_add*x_r - q_add*x_q*x_r*alpha + q_add*x_p*x_r*alpha - q_add*y_q*x_r*delta - q_add*y_p*x_r*delta,prime-field-montgomery,element,specialized,p64_goldilocks,64,2,0xffffffff00000001,28,268435456,8,4,5,2,10,whole-run,fixed,triton-sumcheck-prime-field-montgomery-element-layout-specialized-points-treduce,201.269,155.320,0.000,0.000000,0.000,155.320,ok,cuda-sumcheck-prime-field-montgomery-element-layout-specialized-points,131.375,135.613,0,0,0,135.613,ok,true,11918194328092,11918194328092,1.145318,,experiments/h100/sweep_treduce/cases/zk_complete_add_11_bw64_r28.log
zk_complete_add_11,q_add*x_r - q_add*x_q*x_r*alpha + q_add*x_p*x_r*alpha - q_add*y_q*x_r*delta - q_add*y_p*x_r*delta,prime-field-montgomery,element,specialized,p128_mersenne_2^127_minus_1,128,4,0x7fffffffffffffffffffffffffffffff,14,16384,8,4,5,2,10,whole-run,fixed,triton-sumcheck-prime-field-montgomery-element-layout-specialized-points-treduce,69.246,5.686,0.000,0.000000,0.000,5.686,ok,cuda-sumcheck-prime-field-montgomery-element-layout-specialized-points,2.55648,1.98282,0,0,0,1.98282,ok,true,14953352120226,14953352120226,2.867633,,experiments/h100/sweep_treduce/cases/zk_complete_add_11_bw128_r14.log
zk_complete_add_11,q_add*x_r - q_add*x_q*x_r*alpha + q_add*x_p*x_r*alpha - q_add*y_q*x_r*delta - q_add*y_p*x_r*delta,prime-field-montgomery,element,specialized,p128_mersenne_2^127_minus_1,128,4,0x7fffffffffffffffffffffffffffffff,16,65536,8,4,5,2,10,whole-run,fixed,triton-sumcheck-prime-field-montgomery-element-layout-specialized-points-treduce,72.506,7.600,0.000,0.000000,0.000,7.600,ok,cuda-sumcheck-prime-field-montgomery-element-layout-specialized-points,3.05981,2.45568,0,0,0,2.45568,ok,true,18019726162685,18019726162685,3.094866,,experiments/h100/sweep_treduce/cases/zk_complete_add_11_bw128_r16.log
zk_complete_add_11,q_add*x_r - q_add*x_q*x_r*alpha + q_add*x_p*x_r*alpha - q_add*y_q*x_r*delta - q_add*y_p*x_r*delta,prime-field-montgomery,element,specialized,p128_mersenne_2^127_minus_1,128,4,0x7fffffffffffffffffffffffffffffff,18,262144,8,4,5,2,10,whole-run,fixed,triton-sumcheck-prime-field-montgomery-element-layout-specialized-points-treduce,74.450,9.659,0.000,0.000000,0.000,9.659,ok,cuda-sumcheck-prime-field-montgomery-element-layout-specialized-points,3.73261,3.12931,0,0,0,3.12931,ok,true,19188741394316,19188741394316,3.086623,,experiments/h100/sweep_treduce/cases/zk_complete_add_11_bw128_r18.log
zk_complete_add_11,q_add*x_r - q_add*x_q*x_r*alpha + q_add*x_p*x_r*alpha - q_add*y_q*x_r*delta - q_add*y_p*x_r*delta,prime-field-montgomery,element,specialized,p128_mersenne_2^127_minus_1,128,4,0x7fffffffffffffffffffffffffffffff,20,1048576,8,4,5,2,10,whole-run,fixed,triton-sumcheck-prime-field-montgomery-element-layout-specialized-points-treduce,78.131,12.524,0.000,0.000000,0.000,12.524,ok,cuda-sumcheck-prime-field-montgomery-element-layout-specialized-points,5.19984,4.63798,0,0,0,4.63798,ok,true,22959872013910,22959872013910,2.700313,,experiments/h100/sweep_treduce/cases/zk_complete_add_11_bw128_r20.log
zk_complete_add_11,q_add*x_r - q_add*x_q*x_r*alpha + q_add*x_p*x_r*alpha - q_add*y_q*x_r*delta - q_add*y_p*x_r*delta,prime-field-montgomery,element,specialized,p128_mersenne_2^127_minus_1,128,4,0x7fffffffffffffffffffffffffffffff,22,4194304,8,4,5,2,10,whole-run,fixed,triton-sumcheck-prime-field-montgomery-element-layout-specialized-points-treduce,81.721,17.349,0.000,0.000000,0.000,17.349,ok,cuda-sumcheck-prime-field-montgomery-element-layout-specialized-points,9.07088,8.67069,0,0,0,8.67069,ok,true,24966081889398,24966081889398,2.000879,,experiments/h100/sweep_treduce/cases/zk_complete_add_11_bw128_r22.log
zk_complete_add_11,q_add*x_r - q_add*x_q*x_r*alpha + q_add*x_p*x_r*alpha - q_add*y_q*x_r*delta - q_add*y_p*x_r*delta,prime-field-montgomery,element,specialized,p128_mersenne_2^127_minus_1,128,4,0x7fffffffffffffffffffffffffffffff,24,16777216,8,4,5,2,10,whole-run,fixed,triton-sumcheck-prime-field-montgomery-element-layout-specialized-points-treduce,97.651,34.192,0.000,0.000000,0.000,34.192,ok,cuda-sumcheck-prime-field-montgomery-element-layout-specialized-points,23.6817,23.0423,0,0,0,23.0423,ok,true,27195504089156,27195504089156,1.483880,,experiments/h100/sweep_treduce/cases/zk_complete_add_11_bw128_r24.log
zk_complete_add_11,q_add*x_r - q_add*x_q*x_r*alpha + q_add*x_p*x_r*alpha - q_add*y_q*x_r*delta - q_add*y_p*x_r*delta,prime-field-montgomery,element,specialized,p128_mersenne_2^127_minus_1,128,4,0x7fffffffffffffffffffffffffffffff,26,67108864,8,4,5,2,10,whole-run,fixed,triton-sumcheck-prime-field-montgomery-element-layout-specialized-points-treduce,159.859,95.215,0.000,0.000000,0.000,95.215,ok,cuda-sumcheck-prime-field-montgomery-element-layout-specialized-points,78.3664,77.7048,0,0,0,77.7048,ok,true,29078779172183,29078779172183,1.225343,,experiments/h100/sweep_treduce/cases/zk_complete_add_11_bw128_r26.log
zk_complete_add_11,q_add*x_r - q_add*x_q*x_r*alpha + q_add*x_p*x_r*alpha - q_add*y_q*x_r*delta - q_add*y_p*x_r*delta,prime-field-montgomery,element,specialized,,128,,,28,268435456,8,4,5,2,10,whole-run,fixed,,,,,,,,skipped,,,,,,,,skipped,skipped,,,,returncode=1,experiments/h100/sweep_treduce/cases/zk_complete_add_11_bw128_r28.log
zk_complete_add_11,q_add*x_r - q_add*x_q*x_r*alpha + q_add*x_p*x_r*alpha - q_add*y_q*x_r*delta - q_add*y_p*x_r*delta,prime-field-montgomery,element,specialized,p255_bls12_381_scalar,256,8,0x73eda753299d7d483339d80809a1d80553bda402fffe5bfeffffffff00000001,14,16384,8,4,5,2,10,whole-run,fixed,triton-sumcheck-prime-field-montgomery-element-layout-specialized-points-treduce,61.280,4.498,0.000,0.000000,0.000,4.498,ok,cuda-sumcheck-prime-field-montgomery-element-layout-specialized-points,5.19834,3.63078,0,0,0,3.63078,ok,true,62956770791525,62956770791525,1.238852,,experiments/h100/sweep_treduce/cases/zk_complete_add_11_bw256_r14.log
zk_complete_add_11,q_add*x_r - q_add*x_q*x_r*alpha + q_add*x_p*x_r*alpha - q_add*y_q*x_r*delta - q_add*y_p*x_r*delta,prime-field-montgomery,element,specialized,p255_bls12_381_scalar,256,8,0x73eda753299d7d483339d80809a1d80553bda402fffe5bfeffffffff00000001,16,65536,8,4,5,2,10,whole-run,fixed,triton-sumcheck-prime-field-montgomery-element-layout-specialized-points-treduce,60.776,5.711,0.000,0.000000,0.000,5.711,ok,cuda-sumcheck-prime-field-montgomery-element-layout-specialized-points,6.02973,4.46189,0,0,0,4.46189,ok,true,70762978740454,70762978740454,1.279951,,experiments/h100/sweep_treduce/cases/zk_complete_add_11_bw256_r16.log
zk_complete_add_11,q_add*x_r - q_add*x_q*x_r*alpha + q_add*x_p*x_r*alpha - q_add*y_q*x_r*delta - q_add*y_p*x_r*delta,prime-field-montgomery,element,specialized,p255_bls12_381_scalar,256,8,0x73eda753299d7d483339d80809a1d80553bda402fffe5bfeffffffff00000001,18,262144,8,4,5,2,10,whole-run,fixed,triton-sumcheck-prime-field-montgomery-element-layout-specialized-points-treduce,62.461,7.849,0.000,0.000000,0.000,7.849,ok,cuda-sumcheck-prime-field-montgomery-element-layout-specialized-points,7.89834,6.40947,0,0,0,6.40947,ok,true,77049406967767,77049406967767,1.224594,,experiments/h100/sweep_treduce/cases/zk_complete_add_11_bw256_r18.log
zk_complete_add_11,q_add*x_r - q_add*x_q*x_r*alpha + q_add*x_p*x_r*alpha - q_add*y_q*x_r*delta - q_add*y_p*x_r*delta,prime-field-montgomery,element,specialized,p255_bls12_381_scalar,256,8,0x73eda753299d7d483339d80809a1d80553bda402fffe5bfeffffffff00000001,20,1048576,8,4,5,2,10,whole-run,fixed,triton-sumcheck-prime-field-montgomery-element-layout-specialized-points-treduce,66.563,13.862,0.000,0.000000,0.000,13.862,ok,cuda-sumcheck-prime-field-montgomery-element-layout-specialized-points,12.8973,11.3739,0,0,0,11.3739,ok,true,86279251806969,86279251806969,1.218755,,experiments/h100/sweep_treduce/cases/zk_complete_add_11_bw256_r20.log
zk_complete_add_11,q_add*x_r - q_add*x_q*x_r*alpha + q_add*x_p*x_r*alpha - q_add*y_q*x_r*delta - q_add*y_p*x_r*delta,prime-field-montgomery,element,specialized,p255_bls12_381_scalar,256,8,0x73eda753299d7d483339d80809a1d80553bda402fffe5bfeffffffff00000001,22,4194304,8,4,5,2,10,whole-run,fixed,triton-sumcheck-prime-field-montgomery-element-layout-specialized-points-treduce,89.709,35.035,0.000,0.000000,0.000,35.035,ok,cuda-sumcheck-prime-field-montgomery-element-layout-specialized-points,29.7382,28.2389,0,0,0,28.2389,ok,true,95160275634970,95160275634970,1.240664,,experiments/h100/sweep_treduce/cases/zk_complete_add_11_bw256_r22.log
zk_complete_add_11,q_add*x_r - q_add*x_q*x_r*alpha + q_add*x_p*x_r*alpha - q_add*y_q*x_r*delta - q_add*y_p*x_r*delta,prime-field-montgomery,element,specialized,p255_bls12_381_scalar,256,8,0x73eda753299d7d483339d80809a1d80553bda402fffe5bfeffffffff00000001,24,16777216,8,4,5,2,10,whole-run,fixed,triton-sumcheck-prime-field-montgomery-element-layout-specialized-points-treduce,206.632,120.429,0.000,0.000000,0.000,120.429,ok,cuda-sumcheck-prime-field-montgomery-element-layout-specialized-points,95.1612,93.7809,0,0,0,93.7809,ok,true,104209935896092,104209935896092,1.284153,,experiments/h100/sweep_treduce/cases/zk_complete_add_11_bw256_r24.log
zk_complete_add_11,q_add*x_r - q_add*x_q*x_r*alpha + q_add*x_p*x_r*alpha - q_add*y_q*x_r*delta - q_add*y_p*x_r*delta,prime-field-montgomery,element,specialized,p255_bls12_381_scalar,256,8,0x73eda753299d7d483339d80809a1d80553bda402fffe5bfeffffffff00000001,26,67108864,8,4,5,2,10,whole-run,fixed,triton-sumcheck-prime-field-montgomery-element-layout-specialized-points-treduce,528.528,439.172,0.000,0.000000,0.000,439.172,ok,cuda-sumcheck-prime-field-montgomery-element-layout-specialized-points,351.4,345.979,0,0,0,345.979,ok,true,118405546766377,118405546766377,1.269360,,experiments/h100/sweep_treduce/cases/zk_complete_add_11_bw256_r26.log
zk_complete_add_11,q_add*x_r - q_add*x_q*x_r*alpha + q_add*x_p*x_r*alpha - q_add*y_q*x_r*delta - q_add*y_p*x_r*delta,prime-field-montgomery,element,specialized,,256,,,28,268435456,8,4,5,2,10,whole-run,fixed,,,,,,,,skipped,,,,,,,,skipped,skipped,,,,returncode=1,experiments/h100/sweep_treduce/cases/zk_complete_add_11_bw256_r28.log
zk_complete_add_12,q_add*y_r - q_add*x_q*y_r*alpha + q_add*x_p*y_r*alpha - q_add*y_q*y_r*delta - q_add*y_p*y_r*delta,prime-field-montgomery,element,specialized,p32_2^32_minus_5,32,1,0xfffffffb,14,16384,8,4,5,2,10,whole-run,fixed,triton-sumcheck-prime-field-montgomery-element-layout-specialized-points-treduce,59.950,5.546,0.000,0.000000,0.000,5.546,ok,cuda-sumcheck-prime-field-montgomery-element-layout-specialized-points,1.86467,1.62006,0,0,0,1.62006,ok,true,2282866075022,2282866075022,3.423330,,experiments/h100/sweep_treduce/cases/zk_complete_add_12_bw32_r14.log
zk_complete_add_12,q_add*y_r - q_add*x_q*y_r*alpha + q_add*x_p*y_r*alpha - q_add*y_q*y_r*delta - q_add*y_p*y_r*delta,prime-field-montgomery,element,specialized,p32_2^32_minus_5,32,1,0xfffffffb,16,65536,8,4,5,2,10,whole-run,fixed,triton-sumcheck-prime-field-montgomery-element-layout-specialized-points-treduce,61.687,7.462,0.000,0.000000,0.000,7.462,ok,cuda-sumcheck-prime-field-montgomery-element-layout-specialized-points,2.26954,2.02522,0,0,0,2.02522,ok,true,2359158299771,2359158299771,3.684538,,experiments/h100/sweep_treduce/cases/zk_complete_add_12_bw32_r16.log
zk_complete_add_12,q_add*y_r - q_add*x_q*y_r*alpha + q_add*x_p*y_r*alpha - q_add*y_q*y_r*delta - q_add*y_p*y_r*delta,prime-field-montgomery,element,specialized,p32_2^32_minus_5,32,1,0xfffffffb,18,262144,8,4,5,2,10,whole-run,fixed,triton-sumcheck-prime-field-montgomery-element-layout-specialized-points-treduce,64.365,9.726,0.000,0.000000,0.000,9.726,ok,cuda-sumcheck-prime-field-montgomery-element-layout-specialized-points,2.94957,2.67549,0,0,0,2.67549,ok,true,2485816987446,2485816987446,3.635222,,experiments/h100/sweep_treduce/cases/zk_complete_add_12_bw32_r18.log
zk_complete_add_12,q_add*y_r - q_add*x_q*y_r*alpha + q_add*x_p*y_r*alpha - q_add*y_q*y_r*delta - q_add*y_p*y_r*delta,prime-field-montgomery,element,specialized,p32_2^32_minus_5,32,1,0xfffffffb,20,1048576,8,4,5,2,10,whole-run,fixed,triton-sumcheck-prime-field-montgomery-element-layout-specialized-points-treduce,66.962,12.355,0.000,0.000000,0.000,12.355,ok,cuda-sumcheck-prime-field-montgomery-element-layout-specialized-points,3.26192,2.9472,0,0,0,2.9472,ok,true,2698065176560,2698065176560,4.192115,,experiments/h100/sweep_treduce/cases/zk_complete_add_12_bw32_r20.log
zk_complete_add_12,q_add*y_r - q_add*x_q*y_r*alpha + q_add*x_p*y_r*alpha - q_add*y_q*y_r*delta - q_add*y_p*y_r*delta,prime-field-montgomery,element,specialized,p32_2^32_minus_5,32,1,0xfffffffb,22,4194304,8,4,5,2,10,whole-run,fixed,triton-sumcheck-prime-field-montgomery-element-layout-specialized-points-treduce,76.893,17.042,0.000,0.000000,0.000,17.042,ok,cuda-sumcheck-prime-field-montgomery-element-layout-specialized-points,4.46099,4.17706,0,0,0,4.17706,ok,true,3131899343976,3131899343976,4.079903,,experiments/h100/sweep_treduce/cases/zk_complete_add_12_bw32_r22.log
zk_complete_add_12,q_add*y_r - q_add*x_q*y_r*alpha + q_add*x_p*y_r*alpha - q_add*y_q*y_r*delta - q_add*y_p*y_r*delta,prime-field-montgomery,element,specialized,p32_2^32_minus_5,32,1,0xfffffffb,24,16777216,8,4,5,2,10,whole-run,fixed,triton-sumcheck-prime-field-montgomery-element-layout-specialized-points-treduce,72.624,18.988,0.000,0.000000,0.000,18.988,ok,cuda-sumcheck-prime-field-montgomery-element-layout-specialized-points,7.65149,7.40371,0,0,0,7.40371,ok,true,3499519030657,3499519030657,2.564660,,experiments/h100/sweep_treduce/cases/zk_complete_add_12_bw32_r24.log
zk_complete_add_12,q_add*y_r - q_add*x_q*y_r*alpha + q_add*x_p*y_r*alpha - q_add*y_q*y_r*delta - q_add*y_p*y_r*delta,prime-field-montgomery,element,specialized,p32_2^32_minus_5,32,1,0xfffffffb,26,67108864,8,4,5,2,10,whole-run,fixed,triton-sumcheck-prime-field-montgomery-element-layout-specialized-points-treduce,84.049,31.387,0.000,0.000000,0.000,31.387,ok,cuda-sumcheck-prime-field-montgomery-element-layout-specialized-points,19.1713,18.8964,0,0,0,18.8964,ok,true,3709760280057,3709760280057,1.661004,,experiments/h100/sweep_treduce/cases/zk_complete_add_12_bw32_r26.log
zk_complete_add_12,q_add*y_r - q_add*x_q*y_r*alpha + q_add*x_p*y_r*alpha - q_add*y_q*y_r*delta - q_add*y_p*y_r*delta,prime-field-montgomery,element,specialized,p32_2^32_minus_5,32,1,0xfffffffb,28,268435456,8,4,5,2,10,whole-run,fixed,triton-sumcheck-prime-field-montgomery-element-layout-specialized-points-treduce,128.088,77.456,0.000,0.000000,0.000,77.456,ok,cuda-sumcheck-prime-field-montgomery-element-layout-specialized-points,63.3096,63.2215,0,0,0,63.2215,ok,true,3796796820596,3796796820596,1.225153,,experiments/h100/sweep_treduce/cases/zk_complete_add_12_bw32_r28.log
zk_complete_add_12,q_add*y_r - q_add*x_q*y_r*alpha + q_add*x_p*y_r*alpha - q_add*y_q*y_r*delta - q_add*y_p*y_r*delta,prime-field-montgomery,element,specialized,p64_goldilocks,64,2,0xffffffff00000001,14,16384,8,4,5,2,10,whole-run,fixed,triton-sumcheck-prime-field-montgomery-element-layout-specialized-points-treduce,63.273,5.685,0.000,0.000000,0.000,5.685,ok,cuda-sumcheck-prime-field-montgomery-element-layout-specialized-points,2.10666,1.76016,0,0,0,1.76016,ok,true,5847683850424,5847683850424,3.229820,,experiments/h100/sweep_treduce/cases/zk_complete_add_12_bw64_r14.log
zk_complete_add_12,q_add*y_r - q_add*x_q*y_r*alpha + q_add*x_p*y_r*alpha - q_add*y_q*y_r*delta - q_add*y_p*y_r*delta,prime-field-montgomery,element,specialized,p64_goldilocks,64,2,0xffffffff00000001,16,65536,8,4,5,2,10,whole-run,fixed,triton-sumcheck-prime-field-montgomery-element-layout-specialized-points-treduce,64.437,7.414,0.000,0.000000,0.000,7.414,ok,cuda-sumcheck-prime-field-montgomery-element-layout-specialized-points,2.51018,2.18029,0,0,0,2.18029,ok,true,6671481681605,6671481681605,3.400465,,experiments/h100/sweep_treduce/cases/zk_complete_add_12_bw64_r16.log
zk_complete_add_12,q_add*y_r - q_add*x_q*y_r*alpha + q_add*x_p*y_r*alpha - q_add*y_q*y_r*delta - q_add*y_p*y_r*delta,prime-field-montgomery,element,specialized,p64_goldilocks,64,2,0xffffffff00000001,18,262144,8,4,5,2,10,whole-run,fixed,triton-sumcheck-prime-field-montgomery-element-layout-specialized-points-treduce,67.321,9.522,0.000,0.000000,0.000,9.522,ok,cuda-sumcheck-prime-field-montgomery-element-layout-specialized-points,2.99261,2.62666,0,0,0,2.62666,ok,true,7406646980928,7406646980928,3.625136,,experiments/h100/sweep_treduce/cases/zk_complete_add_12_bw64_r18.log
zk_complete_add_12,q_add*y_r - q_add*x_q*y_r*alpha + q_add*x_p*y_r*alpha - q_add*y_q*y_r*delta - q_add*y_p*y_r*delta,prime-field-montgomery,element,specialized,p64_goldilocks,64,2,0xffffffff00000001,20,1048576,8,4,5,2,10,whole-run,fixed,triton-sumcheck-prime-field-montgomery-element-layout-specialized-points-treduce,69.428,12.224,0.000,0.000000,0.000,12.224,ok,cuda-sumcheck-prime-field-montgomery-element-layout-specialized-points,3.77475,3.45386,0,0,0,3.45386,ok,true,8563451426192,8563451426192,3.539229,,experiments/h100/sweep_treduce/cases/zk_complete_add_12_bw64_r20.log
zk_complete_add_12,q_add*y_r - q_add*x_q*y_r*alpha + q_add*x_p*y_r*alpha - q_add*y_q*y_r*delta - q_add*y_p*y_r*delta,prime-field-montgomery,element,specialized,p64_goldilocks,64,2,0xffffffff00000001,22,4194304,8,4,5,2,10,whole-run,fixed,triton-sumcheck-prime-field-montgomery-element-layout-specialized-points-treduce,72.648,15.237,0.000,0.000000,0.000,15.237,ok,cuda-sumcheck-prime-field-montgomery-element-layout-specialized-points,5.87664,5.68803,0,0,0,5.68803,ok,true,9701232910616,9701232910616,2.678783,,experiments/h100/sweep_treduce/cases/zk_complete_add_12_bw64_r22.log
zk_complete_add_12,q_add*y_r - q_add*x_q*y_r*alpha + q_add*x_p*y_r*alpha - q_add*y_q*y_r*delta - q_add*y_p*y_r*delta,prime-field-montgomery,element,specialized,p64_goldilocks,64,2,0xffffffff00000001,24,16777216,8,4,5,2,10,whole-run,fixed,triton-sumcheck-prime-field-montgomery-element-layout-specialized-points-treduce,78.683,22.279,0.000,0.000000,0.000,22.279,ok,cuda-sumcheck-prime-field-montgomery-element-layout-specialized-points,12.4388,12.1224,0,0,0,12.1224,ok,true,10163569000663,10163569000663,1.837837,,experiments/h100/sweep_treduce/cases/zk_complete_add_12_bw64_r24.log
zk_complete_add_12,q_add*y_r - q_add*x_q*y_r*alpha + q_add*x_p*y_r*alpha - q_add*y_q*y_r*delta - q_add*y_p*y_r*delta,prime-field-montgomery,element,specialized,p64_goldilocks,64,2,0xffffffff00000001,26,67108864,8,4,5,2,10,whole-run,fixed,triton-sumcheck-prime-field-montgomery-element-layout-specialized-points-treduce,103.495,47.763,0.000,0.000000,0.000,47.763,ok,cuda-sumcheck-prime-field-montgomery-element-layout-specialized-points,36.025,36.3303,0,0,0,36.3303,ok,true,10857144132354,10857144132354,1.314688,,experiments/h100/sweep_treduce/cases/zk_complete_add_12_bw64_r26.log
zk_complete_add_12,q_add*y_r - q_add*x_q*y_r*alpha + q_add*x_p*y_r*alpha - q_add*y_q*y_r*delta - q_add*y_p*y_r*delta,prime-field-montgomery,element,specialized,p64_goldilocks,64,2,0xffffffff00000001,28,268435456,8,4,5,2,10,whole-run,fixed,triton-sumcheck-prime-field-montgomery-element-layout-specialized-points-treduce,209.145,155.675,0.000,0.000000,0.000,155.675,ok,cuda-sumcheck-prime-field-montgomery-element-layout-specialized-points,131.704,136.074,0,0,0,136.074,ok,true,11918194328092,11918194328092,1.144047,,experiments/h100/sweep_treduce/cases/zk_complete_add_12_bw64_r28.log
zk_complete_add_12,q_add*y_r - q_add*x_q*y_r*alpha + q_add*x_p*y_r*alpha - q_add*y_q*y_r*delta - q_add*y_p*y_r*delta,prime-field-montgomery,element,specialized,p128_mersenne_2^127_minus_1,128,4,0x7fffffffffffffffffffffffffffffff,14,16384,8,4,5,2,10,whole-run,fixed,triton-sumcheck-prime-field-montgomery-element-layout-specialized-points-treduce,40.640,3.519,0.000,0.000000,0.000,3.519,ok,cuda-sumcheck-prime-field-montgomery-element-layout-specialized-points,2.57133,1.96003,0,0,0,1.96003,ok,true,14953352120226,14953352120226,1.795381,,experiments/h100/sweep_treduce/cases/zk_complete_add_12_bw128_r14.log
zk_complete_add_12,q_add*y_r - q_add*x_q*y_r*alpha + q_add*x_p*y_r*alpha - q_add*y_q*y_r*delta - q_add*y_p*y_r*delta,prime-field-montgomery,element,specialized,p128_mersenne_2^127_minus_1,128,4,0x7fffffffffffffffffffffffffffffff,16,65536,8,4,5,2,10,whole-run,fixed,triton-sumcheck-prime-field-montgomery-element-layout-specialized-points-treduce,41.356,4.437,0.000,0.000000,0.000,4.437,ok,cuda-sumcheck-prime-field-montgomery-element-layout-specialized-points,3.0713,2.46701,0,0,0,2.46701,ok,true,18019726162685,18019726162685,1.798533,,experiments/h100/sweep_treduce/cases/zk_complete_add_12_bw128_r16.log
zk_complete_add_12,q_add*y_r - q_add*x_q*y_r*alpha + q_add*x_p*y_r*alpha - q_add*y_q*y_r*delta - q_add*y_p*y_r*delta,prime-field-montgomery,element,specialized,p128_mersenne_2^127_minus_1,128,4,0x7fffffffffffffffffffffffffffffff,18,262144,8,4,5,2,10,whole-run,fixed,triton-sumcheck-prime-field-montgomery-element-layout-specialized-points-treduce,43.382,5.723,0.000,0.000000,0.000,5.723,ok,cuda-sumcheck-prime-field-montgomery-element-layout-specialized-points,3.76934,3.15898,0,0,0,3.15898,ok,true,19188741394316,19188741394316,1.811661,,experiments/h100/sweep_treduce/cases/zk_complete_add_12_bw128_r18.log
zk_complete_add_12,q_add*y_r - q_add*x_q*y_r*alpha + q_add*x_p*y_r*alpha - q_add*y_q*y_r*delta - q_add*y_p*y_r*delta,prime-field-montgomery,element,specialized,p128_mersenne_2^127_minus_1,128,4,0x7fffffffffffffffffffffffffffffff,20,1048576,8,4,5,2,10,whole-run,fixed,triton-sumcheck-prime-field-montgomery-element-layout-specialized-points-treduce,44.191,7.402,0.000,0.000000,0.000,7.402,ok,cuda-sumcheck-prime-field-montgomery-element-layout-specialized-points,5.25411,4.65933,0,0,0,4.65933,ok,true,22959872013910,22959872013910,1.588640,,experiments/h100/sweep_treduce/cases/zk_complete_add_12_bw128_r20.log
zk_complete_add_12,q_add*y_r - q_add*x_q*y_r*alpha + q_add*x_p*y_r*alpha - q_add*y_q*y_r*delta - q_add*y_p*y_r*delta,prime-field-montgomery,element,specialized,p128_mersenne_2^127_minus_1,128,4,0x7fffffffffffffffffffffffffffffff,22,4194304,8,4,5,2,10,whole-run,fixed,triton-sumcheck-prime-field-montgomery-element-layout-specialized-points-treduce,48.774,12.204,0.000,0.000000,0.000,12.204,ok,cuda-sumcheck-prime-field-montgomery-element-layout-specialized-points,9.46627,8.82608,0,0,0,8.82608,ok,true,24966081889398,24966081889398,1.382720,,experiments/h100/sweep_treduce/cases/zk_complete_add_12_bw128_r22.log
zk_complete_add_12,q_add*y_r - q_add*x_q*y_r*alpha + q_add*x_p*y_r*alpha - q_add*y_q*y_r*delta - q_add*y_p*y_r*delta,prime-field-montgomery,element,specialized,p128_mersenne_2^127_minus_1,128,4,0x7fffffffffffffffffffffffffffffff,24,16777216,8,4,5,2,10,whole-run,fixed,triton-sumcheck-prime-field-montgomery-element-layout-specialized-points-treduce,97.372,33.928,0.000,0.000000,0.000,33.928,ok,cuda-sumcheck-prime-field-montgomery-element-layout-specialized-points,23.5869,22.9388,0,0,0,22.9388,ok,true,27195504089156,27195504089156,1.479066,,experiments/h100/sweep_treduce/cases/zk_complete_add_12_bw128_r24.log
zk_complete_add_12,q_add*y_r - q_add*x_q*y_r*alpha + q_add*x_p*y_r*alpha - q_add*y_q*y_r*delta - q_add*y_p*y_r*delta,prime-field-montgomery,element,specialized,p128_mersenne_2^127_minus_1,128,4,0x7fffffffffffffffffffffffffffffff,26,67108864,8,4,5,2,10,whole-run,fixed,triton-sumcheck-prime-field-montgomery-element-layout-specialized-points-treduce,159.744,97.890,0.000,0.000000,0.000,97.890,ok,cuda-sumcheck-prime-field-montgomery-element-layout-specialized-points,78.4364,77.7673,0,0,0,77.7673,ok,true,29078779172183,29078779172183,1.258755,,experiments/h100/sweep_treduce/cases/zk_complete_add_12_bw128_r26.log
zk_complete_add_12,q_add*y_r - q_add*x_q*y_r*alpha + q_add*x_p*y_r*alpha - q_add*y_q*y_r*delta - q_add*y_p*y_r*delta,prime-field-montgomery,element,specialized,,128,,,28,268435456,8,4,5,2,10,whole-run,fixed,,,,,,,,skipped,,,,,,,,skipped,skipped,,,,returncode=1,experiments/h100/sweep_treduce/cases/zk_complete_add_12_bw128_r28.log
zk_complete_add_12,q_add*y_r - q_add*x_q*y_r*alpha + q_add*x_p*y_r*alpha - q_add*y_q*y_r*delta - q_add*y_p*y_r*delta,prime-field-montgomery,element,specialized,p255_bls12_381_scalar,256,8,0x73eda753299d7d483339d80809a1d80553bda402fffe5bfeffffffff00000001,14,16384,8,4,5,2,10,whole-run,fixed,triton-sumcheck-prime-field-montgomery-element-layout-specialized-points-treduce,95.546,6.581,0.000,0.000000,0.000,6.581,ok,cuda-sumcheck-prime-field-montgomery-element-layout-specialized-points,5.27584,3.62483,0,0,0,3.62483,ok,true,62956770791525,62956770791525,1.815533,,experiments/h100/sweep_treduce/cases/zk_complete_add_12_bw256_r14.log
zk_complete_add_12,q_add*y_r - q_add*x_q*y_r*alpha + q_add*x_p*y_r*alpha - q_add*y_q*y_r*delta - q_add*y_p*y_r*delta,prime-field-montgomery,element,specialized,p255_bls12_381_scalar,256,8,0x73eda753299d7d483339d80809a1d80553bda402fffe5bfeffffffff00000001,16,65536,8,4,5,2,10,whole-run,fixed,triton-sumcheck-prime-field-montgomery-element-layout-specialized-points-treduce,97.053,8.497,0.000,0.000000,0.000,8.497,ok,cuda-sumcheck-prime-field-montgomery-element-layout-specialized-points,5.96909,4.41043,0,0,0,4.41043,ok,true,70762978740454,70762978740454,1.926570,,experiments/h100/sweep_treduce/cases/zk_complete_add_12_bw256_r16.log
zk_complete_add_12,q_add*y_r - q_add*x_q*y_r*alpha + q_add*x_p*y_r*alpha - q_add*y_q*y_r*delta - q_add*y_p*y_r*delta,prime-field-montgomery,element,specialized,p255_bls12_381_scalar,256,8,0x73eda753299d7d483339d80809a1d80553bda402fffe5bfeffffffff00000001,18,262144,8,4,5,2,10,whole-run,fixed,triton-sumcheck-prime-field-montgomery-element-layout-specialized-points-treduce,100.313,11.025,0.000,0.000000,0.000,11.025,ok,cuda-sumcheck-prime-field-montgomery-element-layout-specialized-points,8.08067,6.47283,0,0,0,6.47283,ok,true,77049406967767,77049406967767,1.703274,,experiments/h100/sweep_treduce/cases/zk_complete_add_12_bw256_r18.log
zk_complete_add_12,q_add*y_r - q_add*x_q*y_r*alpha + q_add*x_p*y_r*alpha - q_add*y_q*y_r*delta - q_add*y_p*y_r*delta,prime-field-montgomery,element,specialized,p255_bls12_381_scalar,256,8,0x73eda753299d7d483339d80809a1d80553bda402fffe5bfeffffffff00000001,20,1048576,8,4,5,2,10,whole-run,fixed,triton-sumcheck-prime-field-montgomery-element-layout-specialized-points-treduce,106.214,17.030,0.000,0.000000,0.000,17.030,ok,cuda-sumcheck-prime-field-montgomery-element-layout-specialized-points,12.8842,11.3849,0,0,0,11.3849,ok,true,86279251806969,86279251806969,1.495841,,experiments/h100/sweep_treduce/cases/zk_complete_add_12_bw256_r20.log
zk_complete_add_12,q_add*y_r - q_add*x_q*y_r*alpha + q_add*x_p*y_r*alpha - q_add*y_q*y_r*delta - q_add*y_p*y_r*delta,prime-field-montgomery,element,specialized,p255_bls12_381_scalar,256,8,0x73eda753299d7d483339d80809a1d80553bda402fffe5bfeffffffff00000001,22,4194304,8,4,5,2,10,whole-run,fixed,triton-sumcheck-prime-field-montgomery-element-layout-specialized-points-treduce,126.040,38.314,0.000,0.000000,0.000,38.314,ok,cuda-sumcheck-prime-field-montgomery-element-layout-specialized-points,29.581,28.2127,0,0,0,28.2127,ok,true,95160275634970,95160275634970,1.358041,,experiments/h100/sweep_treduce/cases/zk_complete_add_12_bw256_r22.log
zk_complete_add_12,q_add*y_r - q_add*x_q*y_r*alpha + q_add*x_p*y_r*alpha - q_add*y_q*y_r*delta - q_add*y_p*y_r*delta,prime-field-montgomery,element,specialized,p255_bls12_381_scalar,256,8,0x73eda753299d7d483339d80809a1d80553bda402fffe5bfeffffffff00000001,24,16777216,8,4,5,2,10,whole-run,fixed,triton-sumcheck-prime-field-montgomery-element-layout-specialized-points-treduce,216.883,120.608,0.000,0.000000,0.000,120.608,ok,cuda-sumcheck-prime-field-montgomery-element-layout-specialized-points,94.8032,93.705,0,0,0,93.705,ok,true,104209935896092,104209935896092,1.287103,,experiments/h100/sweep_treduce/cases/zk_complete_add_12_bw256_r24.log
zk_complete_add_12,q_add*y_r - q_add*x_q*y_r*alpha + q_add*x_p*y_r*alpha - q_add*y_q*y_r*delta - q_add*y_p*y_r*delta,prime-field-montgomery,element,specialized,p255_bls12_381_scalar,256,8,0x73eda753299d7d483339d80809a1d80553bda402fffe5bfeffffffff00000001,26,67108864,8,4,5,2,10,whole-run,fixed,triton-sumcheck-prime-field-montgomery-element-layout-specialized-points-treduce,491.236,440.390,0.000,0.000000,0.000,440.390,ok,cuda-sumcheck-prime-field-montgomery-element-layout-specialized-points,354.742,345.815,0,0,0,345.815,ok,true,118405546766377,118405546766377,1.273484,,experiments/h100/sweep_treduce/cases/zk_complete_add_12_bw256_r26.log
zk_complete_add_12,q_add*y_r - q_add*x_q*y_r*alpha + q_add*x_p*y_r*alpha - q_add*y_q*y_r*delta - q_add*y_p*y_r*delta,prime-field-montgomery,element,specialized,,256,,,28,268435456,8,4,5,2,10,whole-run,fixed,,,,,,,,skipped,,,,,,,,skipped,skipped,,,,returncode=1,experiments/h100/sweep_treduce/cases/zk_complete_add_12_bw256_r28.log
zk_vanilla_zerocheck_hp,qL*w1*fz1 + qR*w2*fz1 + qM*w1*w2*fz1 - qO*w3*fz1 + qC*fz1,prime-field-montgomery,element,specialized,p32_2^32_minus_5,32,1,0xfffffffb,14,16384,9,4,5,2,10,whole-run,fixed,triton-sumcheck-prime-field-montgomery-element-layout-specialized-points-treduce,214.093,5.655,0.000,0.000000,0.000,5.655,ok,cuda-sumcheck-prime-field-montgomery-element-layout-specialized-points,2.1816,1.84429,0,0,0,1.84429,ok,true,1950570306620,1950570306620,3.066221,,experiments/h100/sweep_treduce/cases/zk_vanilla_zerocheck_hp_bw32_r14.log
zk_vanilla_zerocheck_hp,qL*w1*fz1 + qR*w2*fz1 + qM*w1*w2*fz1 - qO*w3*fz1 + qC*fz1,prime-field-montgomery,element,specialized,p32_2^32_minus_5,32,1,0xfffffffb,16,65536,9,4,5,2,10,whole-run,fixed,triton-sumcheck-prime-field-montgomery-element-layout-specialized-points-treduce,62.056,7.329,0.000,0.000000,0.000,7.329,ok,cuda-sumcheck-prime-field-montgomery-element-layout-specialized-points,2.2513,2.0103,0,0,0,2.0103,ok,true,2498299398270,2498299398270,3.645725,,experiments/h100/sweep_treduce/cases/zk_vanilla_zerocheck_hp_bw32_r16.log
zk_vanilla_zerocheck_hp,qL*w1*fz1 + qR*w2*fz1 + qM*w1*w2*fz1 - qO*w3*fz1 + qC*fz1,prime-field-montgomery,element,specialized,p32_2^32_minus_5,32,1,0xfffffffb,18,262144,9,4,5,2,10,whole-run,fixed,triton-sumcheck-prime-field-montgomery-element-layout-specialized-points-treduce,63.837,9.666,0.000,0.000000,0.000,9.666,ok,cuda-sumcheck-prime-field-montgomery-element-layout-specialized-points,2.7472,2.42512,0,0,0,2.42512,ok,true,2480587646667,2480587646667,3.985782,,experiments/h100/sweep_treduce/cases/zk_vanilla_zerocheck_hp_bw32_r18.log
zk_vanilla_zerocheck_hp,qL*w1*fz1 + qR*w2*fz1 + qM*w1*w2*fz1 - qO*w3*fz1 + qC*fz1,prime-field-montgomery,element,specialized,p32_2^32_minus_5,32,1,0xfffffffb,20,1048576,9,4,5,2,10,whole-run,fixed,triton-sumcheck-prime-field-montgomery-element-layout-specialized-points-treduce,66.344,12.475,0.000,0.000000,0.000,12.475,ok,cuda-sumcheck-prime-field-montgomery-element-layout-specialized-points,3.26813,2.96589,0,0,0,2.96589,ok,true,2781495850887,2781495850887,4.206157,,experiments/h100/sweep_treduce/cases/zk_vanilla_zerocheck_hp_bw32_r20.log
zk_vanilla_zerocheck_hp,qL*w1*fz1 + qR*w2*fz1 + qM*w1*w2*fz1 - qO*w3*fz1 + qC*fz1,prime-field-montgomery,element,specialized,p32_2^32_minus_5,32,1,0xfffffffb,22,4194304,9,4,5,2,10,whole-run,fixed,triton-sumcheck-prime-field-montgomery-element-layout-specialized-points-treduce,70.156,15.810,0.000,0.000000,0.000,15.810,ok,cuda-sumcheck-prime-field-montgomery-element-layout-specialized-points,4.52582,4.23766,0,0,0,4.23766,ok,true,3263362760385,3263362760385,3.730833,,experiments/h100/sweep_treduce/cases/zk_vanilla_zerocheck_hp_bw32_r22.log
zk_vanilla_zerocheck_hp,qL*w1*fz1 + qR*w2*fz1 + qM*w1*w2*fz1 - qO*w3*fz1 + qC*fz1,prime-field-montgomery,element,specialized,p32_2^32_minus_5,32,1,0xfffffffb,24,16777216,9,4,5,2,10,whole-run,fixed,triton-sumcheck-prime-field-montgomery-element-layout-specialized-points-treduce,73.693,19.539,0.000,0.000000,0.000,19.539,ok,cuda-sumcheck-prime-field-montgomery-element-layout-specialized-points,9.41197,9.00976,0,0,0,9.00976,ok,true,3477169748299,3477169748299,2.168648,,experiments/h100/sweep_treduce/cases/zk_vanilla_zerocheck_hp_bw32_r24.log
zk_vanilla_zerocheck_hp,qL*w1*fz1 + qR*w2*fz1 + qM*w1*w2*fz1 - qO*w3*fz1 + qC*fz1,prime-field-montgomery,element,specialized,p32_2^32_minus_5,32,1,0xfffffffb,26,67108864,9,4,5,2,10,whole-run,fixed,triton-sumcheck-prime-field-montgomery-element-layout-specialized-points-treduce,53.725,25.526,0.000,0.000000,0.000,25.526,ok,cuda-sumcheck-prime-field-montgomery-element-layout-specialized-points,20.9612,20.6796,0,0,0,20.6796,ok,true,3416320475308,3416320475308,1.234357,,experiments/h100/sweep_treduce/cases/zk_vanilla_zerocheck_hp_bw32_r26.log
zk_vanilla_zerocheck_hp,qL*w1*fz1 + qR*w2*fz1 + qM*w1*w2*fz1 - qO*w3*fz1 + qC*fz1,prime-field-montgomery,element,specialized,p32_2^32_minus_5,32,1,0xfffffffb,28,268435456,9,4,5,2,10,whole-run,fixed,triton-sumcheck-prime-field-montgomery-element-layout-specialized-points-treduce,104.419,77.043,0.000,0.000000,0.000,77.043,ok,cuda-sumcheck-prime-field-montgomery-element-layout-specialized-points,70.516,70.2823,0,0,0,70.2823,ok,true,4081837965894,4081837965894,1.096193,,experiments/h100/sweep_treduce/cases/zk_vanilla_zerocheck_hp_bw32_r28.log
zk_vanilla_zerocheck_hp,qL*w1*fz1 + qR*w2*fz1 + qM*w1*w2*fz1 - qO*w3*fz1 + qC*fz1,prime-field-montgomery,element,specialized,p64_goldilocks,64,2,0xffffffff00000001,14,16384,9,4,5,2,10,whole-run,fixed,triton-sumcheck-prime-field-montgomery-element-layout-specialized-points-treduce,196.705,3.259,0.000,0.000000,0.000,3.259,ok,cuda-sumcheck-prime-field-montgomery-element-layout-specialized-points,2.08525,1.7767,0,0,0,1.7767,ok,true,5524530001952,5524530001952,1.834300,,experiments/h100/sweep_treduce/cases/zk_vanilla_zerocheck_hp_bw64_r14.log
zk_vanilla_zerocheck_hp,qL*w1*fz1 + qR*w2*fz1 + qM*w1*w2*fz1 - qO*w3*fz1 + qC*fz1,prime-field-montgomery,element,specialized,p64_goldilocks,64,2,0xffffffff00000001,16,65536,9,4,5,2,10,whole-run,fixed,triton-sumcheck-prime-field-montgomery-element-layout-specialized-points-treduce,64.308,7.412,0.000,0.000000,0.000,7.412,ok,cuda-sumcheck-prime-field-montgomery-element-layout-specialized-points,2.47203,2.14208,0,0,0,2.14208,ok,true,6528902938831,6528902938831,3.460188,,experiments/h100/sweep_treduce/cases/zk_vanilla_zerocheck_hp_bw64_r16.log
zk_vanilla_zerocheck_hp,qL*w1*fz1 + qR*w2*fz1 + qM*w1*w2*fz1 - qO*w3*fz1 + qC*fz1,prime-field-montgomery,element,specialized,p64_goldilocks,64,2,0xffffffff00000001,18,262144,9,4,5,2,10,whole-run,fixed,triton-sumcheck-prime-field-montgomery-element-layout-specialized-points-treduce,67.118,9.661,0.000,0.000000,0.000,9.661,ok,cuda-sumcheck-prime-field-montgomery-element-layout-specialized-points,2.99046,2.68918,0,0,0,2.68918,ok,true,7487263228302,7487263228302,3.592545,,experiments/h100/sweep_treduce/cases/zk_vanilla_zerocheck_hp_bw64_r18.log
zk_vanilla_zerocheck_hp,qL*w1*fz1 + qR*w2*fz1 + qM*w1*w2*fz1 - qO*w3*fz1 + qC*fz1,prime-field-montgomery,element,specialized,p64_goldilocks,64,2,0xffffffff00000001,20,1048576,9,4,5,2,10,whole-run,fixed,triton-sumcheck-prime-field-montgomery-element-layout-specialized-points-treduce,69.293,12.314,0.000,0.000000,0.000,12.314,ok,cuda-sumcheck-prime-field-montgomery-element-layout-specialized-points,3.78944,3.46947,0,0,0,3.46947,ok,true,8595375830444,8595375830444,3.549245,,experiments/h100/sweep_treduce/cases/zk_vanilla_zerocheck_hp_bw64_r20.log
zk_vanilla_zerocheck_hp,qL*w1*fz1 + qR*w2*fz1 + qM*w1*w2*fz1 - qO*w3*fz1 + qC*fz1,prime-field-montgomery,element,specialized,p64_goldilocks,64,2,0xffffffff00000001,22,4194304,9,4,5,2,10,whole-run,fixed,triton-sumcheck-prime-field-montgomery-element-layout-specialized-points-treduce,128.757,15.548,0.000,0.000000,0.000,15.548,ok,cuda-sumcheck-prime-field-montgomery-element-layout-specialized-points,6.01667,5.73459,0,0,0,5.73459,ok,true,8690093380033,8690093380033,2.711266,,experiments/h100/sweep_treduce/cases/zk_vanilla_zerocheck_hp_bw64_r22.log
zk_vanilla_zerocheck_hp,qL*w1*fz1 + qR*w2*fz1 + qM*w1*w2*fz1 - qO*w3*fz1 + qC*fz1,prime-field-montgomery,element,specialized,p64_goldilocks,64,2,0xffffffff00000001,24,16777216,9,4,5,2,10,whole-run,fixed,triton-sumcheck-prime-field-montgomery-element-layout-specialized-points-treduce,78.573,22.818,0.000,0.000000,0.000,22.818,ok,cuda-sumcheck-prime-field-montgomery-element-layout-specialized-points,12.8444,12.5841,0,0,0,12.5841,ok,true,10364566672174,10364566672174,1.813241,,experiments/h100/sweep_treduce/cases/zk_vanilla_zerocheck_hp_bw64_r24.log
zk_vanilla_zerocheck_hp,qL*w1*fz1 + qR*w2*fz1 + qM*w1*w2*fz1 - qO*w3*fz1 + qC*fz1,prime-field-montgomery,element,specialized,p64_goldilocks,64,2,0xffffffff00000001,26,67108864,9,4,5,2,10,whole-run,fixed,triton-sumcheck-prime-field-montgomery-element-layout-specialized-points-treduce,105.262,50.826,0.000,0.000000,0.000,50.826,ok,cuda-sumcheck-prime-field-montgomery-element-layout-specialized-points,38.5499,38.5684,0,0,0,38.5684,ok,true,11626708441725,11626708441725,1.317815,,experiments/h100/sweep_treduce/cases/zk_vanilla_zerocheck_hp_bw64_r26.log
zk_vanilla_zerocheck_hp,qL*w1*fz1 + qR*w2*fz1 + qM*w1*w2*fz1 - qO*w3*fz1 + qC*fz1,prime-field-montgomery,element,specialized,p64_goldilocks,64,2,0xffffffff00000001,28,268435456,9,4,5,2,10,whole-run,fixed,triton-sumcheck-prime-field-montgomery-element-layout-specialized-points-treduce,213.623,164.688,0.000,0.000000,0.000,164.688,ok,cuda-sumcheck-prime-field-montgomery-element-layout-specialized-points,140.512,143.081,0,0,0,143.081,ok,true,11502908106742,11502908106742,1.151012,,experiments/h100/sweep_treduce/cases/zk_vanilla_zerocheck_hp_bw64_r28.log
zk_vanilla_zerocheck_hp,qL*w1*fz1 + qR*w2*fz1 + qM*w1*w2*fz1 - qO*w3*fz1 + qC*fz1,prime-field-montgomery,element,specialized,p128_mersenne_2^127_minus_1,128,4,0x7fffffffffffffffffffffffffffffff,14,16384,9,4,5,2,10,whole-run,fixed,triton-sumcheck-prime-field-montgomery-element-layout-specialized-points-treduce,608.684,5.778,0.000,0.000000,0.000,5.778,ok,cuda-sumcheck-prime-field-montgomery-element-layout-specialized-points,2.2273,1.86253,0,0,0,1.86253,ok,true,15526345339323,15526345339323,3.102232,,experiments/h100/sweep_treduce/cases/zk_vanilla_zerocheck_hp_bw128_r14.log
zk_vanilla_zerocheck_hp,qL*w1*fz1 + qR*w2*fz1 + qM*w1*w2*fz1 - qO*w3*fz1 + qC*fz1,prime-field-montgomery,element,specialized,p128_mersenne_2^127_minus_1,128,4,0x7fffffffffffffffffffffffffffffff,16,65536,9,4,5,2,10,whole-run,fixed,triton-sumcheck-prime-field-montgomery-element-layout-specialized-points-treduce,70.632,7.599,0.000,0.000000,0.000,7.599,ok,cuda-sumcheck-prime-field-montgomery-element-layout-specialized-points,2.93293,2.38813,0,0,0,2.38813,ok,true,18155590736036,18155590736036,3.181988,,experiments/h100/sweep_treduce/cases/zk_vanilla_zerocheck_hp_bw128_r16.log
zk_vanilla_zerocheck_hp,qL*w1*fz1 + qR*w2*fz1 + qM*w1*w2*fz1 - qO*w3*fz1 + qC*fz1,prime-field-montgomery,element,specialized,p128_mersenne_2^127_minus_1,128,4,0x7fffffffffffffffffffffffffffffff,18,262144,9,4,5,2,10,whole-run,fixed,triton-sumcheck-prime-field-montgomery-element-layout-specialized-points-treduce,73.659,9.682,0.000,0.000000,0.000,9.682,ok,cuda-sumcheck-prime-field-montgomery-element-layout-specialized-points,3.60256,3.05088,0,0,0,3.05088,ok,true,20124772919836,20124772919836,3.173511,,experiments/h100/sweep_treduce/cases/zk_vanilla_zerocheck_hp_bw128_r18.log
zk_vanilla_zerocheck_hp,qL*w1*fz1 + qR*w2*fz1 + qM*w1*w2*fz1 - qO*w3*fz1 + qC*fz1,prime-field-montgomery,element,specialized,p128_mersenne_2^127_minus_1,128,4,0x7fffffffffffffffffffffffffffffff,20,1048576,9,4,5,2,10,whole-run,fixed,triton-sumcheck-prime-field-montgomery-element-layout-specialized-points-treduce,76.735,12.489,0.000,0.000000,0.000,12.489,ok,cuda-sumcheck-prime-field-montgomery-element-layout-specialized-points,5.11709,4.56854,0,0,0,4.56854,ok,true,23254252951917,23254252951917,2.733696,,experiments/h100/sweep_treduce/cases/zk_vanilla_zerocheck_hp_bw128_r20.log
zk_vanilla_zerocheck_hp,qL*w1*fz1 + qR*w2*fz1 + qM*w1*w2*fz1 - qO*w3*fz1 + qC*fz1,prime-field-montgomery,element,specialized,p128_mersenne_2^127_minus_1,128,4,0x7fffffffffffffffffffffffffffffff,22,4194304,9,4,5,2,10,whole-run,fixed,triton-sumcheck-prime-field-montgomery-element-layout-specialized-points-treduce,79.995,17.157,0.000,0.000000,0.000,17.157,ok,cuda-sumcheck-prime-field-montgomery-element-layout-specialized-points,9.25034,8.61978,0,0,0,8.61978,ok,true,25463466550769,25463466550769,1.990422,,experiments/h100/sweep_treduce/cases/zk_vanilla_zerocheck_hp_bw128_r22.log
zk_vanilla_zerocheck_hp,qL*w1*fz1 + qR*w2*fz1 + qM*w1*w2*fz1 - qO*w3*fz1 + qC*fz1,prime-field-montgomery,element,specialized,p128_mersenne_2^127_minus_1,128,4,0x7fffffffffffffffffffffffffffffff,24,16777216,9,4,5,2,10,whole-run,fixed,triton-sumcheck-prime-field-montgomery-element-layout-specialized-points-treduce,95.692,33.578,0.000,0.000000,0.000,33.578,ok,cuda-sumcheck-prime-field-montgomery-element-layout-specialized-points,23.2186,22.7154,0,0,0,22.7154,ok,true,26498814534127,26498814534127,1.478204,,experiments/h100/sweep_treduce/cases/zk_vanilla_zerocheck_hp_bw128_r24.log
zk_vanilla_zerocheck_hp,qL*w1*fz1 + qR*w2*fz1 + qM*w1*w2*fz1 - qO*w3*fz1 + qC*fz1,prime-field-montgomery,element,specialized,p128_mersenne_2^127_minus_1,128,4,0x7fffffffffffffffffffffffffffffff,26,67108864,9,4,5,2,10,whole-run,fixed,triton-sumcheck-prime-field-montgomery-element-layout-specialized-points-treduce,126.646,91.130,0.000,0.000000,0.000,91.130,ok,cuda-sumcheck-prime-field-montgomery-element-layout-specialized-points,77.3889,76.8587,0,0,0,76.8587,ok,true,29405350505544,29405350505544,1.185682,,experiments/h100/sweep_treduce/cases/zk_vanilla_zerocheck_hp_bw128_r26.log
zk_vanilla_zerocheck_hp,qL*w1*fz1 + qR*w2*fz1 + qM*w1*w2*fz1 - qO*w3*fz1 + qC*fz1,prime-field-montgomery,element,specialized,,128,,,28,268435456,9,4,5,2,10,whole-run,fixed,,,,,,,,skipped,,,,,,,,skipped,skipped,,,,returncode=1,experiments/h100/sweep_treduce/cases/zk_vanilla_zerocheck_hp_bw128_r28.log
zk_vanilla_zerocheck_hp,qL*w1*fz1 + qR*w2*fz1 + qM*w1*w2*fz1 - qO*w3*fz1 + qC*fz1,prime-field-montgomery,element,specialized,p255_bls12_381_scalar,256,8,0x73eda753299d7d483339d80809a1d80553bda402fffe5bfeffffffff00000001,14,16384,9,4,5,2,10,whole-run,fixed,triton-sumcheck-prime-field-montgomery-element-layout-specialized-points-treduce,3461.762,6.470,0.000,0.000000,0.000,6.470,ok,cuda-sumcheck-prime-field-montgomery-element-layout-specialized-points,4.67555,3.28307,0,0,0,3.28307,ok,true,62964241086292,62964241086292,1.970716,,experiments/h100/sweep_treduce/cases/zk_vanilla_zerocheck_hp_bw256_r14.log
zk_vanilla_zerocheck_hp,qL*w1*fz1 + qR*w2*fz1 + qM*w1*w2*fz1 - qO*w3*fz1 + qC*fz1,prime-field-montgomery,element,specialized,p255_bls12_381_scalar,256,8,0x73eda753299d7d483339d80809a1d80553bda402fffe5bfeffffffff00000001,16,65536,9,4,5,2,10,whole-run,fixed,triton-sumcheck-prime-field-montgomery-element-layout-specialized-points-treduce,55.384,5.332,0.000,0.000000,0.000,5.332,ok,cuda-sumcheck-prime-field-montgomery-element-layout-specialized-points,6.05856,4.35882,0,0,0,4.35882,ok,true,69135770525718,69135770525718,1.223267,,experiments/h100/sweep_treduce/cases/zk_vanilla_zerocheck_hp_bw256_r16.log
zk_vanilla_zerocheck_hp,qL*w1*fz1 + qR*w2*fz1 + qM*w1*w2*fz1 - qO*w3*fz1 + qC*fz1,prime-field-montgomery,element,specialized,p255_bls12_381_scalar,256,8,0x73eda753299d7d483339d80809a1d80553bda402fffe5bfeffffffff00000001,18,262144,9,4,5,2,10,whole-run,fixed,triton-sumcheck-prime-field-montgomery-element-layout-specialized-points-treduce,56.276,7.261,0.000,0.000000,0.000,7.261,ok,cuda-sumcheck-prime-field-montgomery-element-layout-specialized-points,7.1945,5.87811,0,0,0,5.87811,ok,true,75750258704952,75750258704952,1.235261,,experiments/h100/sweep_treduce/cases/zk_vanilla_zerocheck_hp_bw256_r18.log
zk_vanilla_zerocheck_hp,qL*w1*fz1 + qR*w2*fz1 + qM*w1*w2*fz1 - qO*w3*fz1 + qC*fz1,prime-field-montgomery,element,specialized,p255_bls12_381_scalar,256,8,0x73eda753299d7d483339d80809a1d80553bda402fffe5bfeffffffff00000001,20,1048576,9,4,5,2,10,whole-run,fixed,triton-sumcheck-prime-field-montgomery-element-layout-specialized-points-treduce,61.370,12.602,0.000,0.000000,0.000,12.602,ok,cuda-sumcheck-prime-field-montgomery-element-layout-specialized-points,11.8018,10.4913,0,0,0,10.4913,ok,true,86811450915475,86811450915475,1.201186,,experiments/h100/sweep_treduce/cases/zk_vanilla_zerocheck_hp_bw256_r20.log
zk_vanilla_zerocheck_hp,qL*w1*fz1 + qR*w2*fz1 + qM*w1*w2*fz1 - qO*w3*fz1 + qC*fz1,prime-field-montgomery,element,specialized,p255_bls12_381_scalar,256,8,0x73eda753299d7d483339d80809a1d80553bda402fffe5bfeffffffff00000001,22,4194304,9,4,5,2,10,whole-run,fixed,triton-sumcheck-prime-field-montgomery-element-layout-specialized-points-treduce,80.162,31.545,0.000,0.000000,0.000,31.545,ok,cuda-sumcheck-prime-field-montgomery-element-layout-specialized-points,27.9041,26.5274,0,0,0,26.5274,ok,true,96398863637362,96398863637362,1.189148,,experiments/h100/sweep_treduce/cases/zk_vanilla_zerocheck_hp_bw256_r22.log
zk_vanilla_zerocheck_hp,qL*w1*fz1 + qR*w2*fz1 + qM*w1*w2*fz1 - qO*w3*fz1 + qC*fz1,prime-field-montgomery,element,specialized,p255_bls12_381_scalar,256,8,0x73eda753299d7d483339d80809a1d80553bda402fffe5bfeffffffff00000001,24,16777216,9,4,5,2,10,whole-run,fixed,triton-sumcheck-prime-field-montgomery-element-layout-specialized-points-treduce,148.500,100.797,0.000,0.000000,0.000,100.797,ok,cuda-sumcheck-prime-field-montgomery-element-layout-specialized-points,89.4952,88.8259,0,0,0,88.8259,ok,true,106449597796035,106449597796035,1.134770,,experiments/h100/sweep_treduce/cases/zk_vanilla_zerocheck_hp_bw256_r24.log
zk_vanilla_zerocheck_hp,qL*w1*fz1 + qR*w2*fz1 + qM*w1*w2*fz1 - qO*w3*fz1 + qC*fz1,prime-field-montgomery,element,specialized,p255_bls12_381_scalar,256,8,0x73eda753299d7d483339d80809a1d80553bda402fffe5bfeffffffff00000001,26,67108864,9,4,5,2,10,whole-run,fixed,triton-sumcheck-prime-field-montgomery-element-layout-specialized-points-treduce,453.271,379.537,0.000,0.000000,0.000,379.537,ok,cuda-sumcheck-prime-field-montgomery-element-layout-specialized-points,340.17,333.691,0,0,0,333.691,ok,true,115397992157617,115397992157617,1.137391,,experiments/h100/sweep_treduce/cases/zk_vanilla_zerocheck_hp_bw256_r26.log
zk_vanilla_zerocheck_hp,qL*w1*fz1 + qR*w2*fz1 + qM*w1*w2*fz1 - qO*w3*fz1 + qC*fz1,prime-field-montgomery,element,specialized,,256,,,28,268435456,9,4,5,2,10,whole-run,fixed,,,,,,,,skipped,,,,,,,,skipped,skipped,,,,returncode=1,experiments/h100/sweep_treduce/cases/zk_vanilla_zerocheck_hp_bw256_r28.log
zk_vanilla_permcheck_hp,pi*fz2 - p1*p2*fz2 + 7*phi*D1*D2*D3*fz2 - 7*N1*N2*N3*fz2,prime-field-montgomery,element,specialized,p32_2^32_minus_5,32,1,0xfffffffb,14,16384,11,5,4,2,10,whole-run,fixed,triton-sumcheck-prime-field-montgomery-element-layout-specialized-points-treduce,156.502,3.841,0.000,0.000000,0.000,3.841,ok,cuda-sumcheck-prime-field-montgomery-element-layout-specialized-points,2.24406,1.98093,0,0,0,1.98093,ok,true,2272361141232,2272361141232,1.938988,,experiments/h100/sweep_treduce/cases/zk_vanilla_permcheck_hp_bw32_r14.log
zk_vanilla_permcheck_hp,pi*fz2 - p1*p2*fz2 + 7*phi*D1*D2*D3*fz2 - 7*N1*N2*N3*fz2,prime-field-montgomery,element,specialized,p32_2^32_minus_5,32,1,0xfffffffb,16,65536,11,5,4,2,10,whole-run,fixed,triton-sumcheck-prime-field-montgomery-element-layout-specialized-points-treduce,65.578,8.717,0.000,0.000000,0.000,8.717,ok,cuda-sumcheck-prime-field-montgomery-element-layout-specialized-points,2.65318,2.35226,0,0,0,2.35226,ok,true,2844573498897,2844573498897,3.705798,,experiments/h100/sweep_treduce/cases/zk_vanilla_permcheck_hp_bw32_r16.log
zk_vanilla_permcheck_hp,pi*fz2 - p1*p2*fz2 + 7*phi*D1*D2*D3*fz2 - 7*N1*N2*N3*fz2,prime-field-montgomery,element,specialized,p32_2^32_minus_5,32,1,0xfffffffb,18,262144,11,5,4,2,10,whole-run,fixed,triton-sumcheck-prime-field-montgomery-element-layout-specialized-points-treduce,69.063,11.464,0.000,0.000000,0.000,11.464,ok,cuda-sumcheck-prime-field-montgomery-element-layout-specialized-points,3.23795,2.90915,0,0,0,2.90915,ok,true,3040214502507,3040214502507,3.940670,,experiments/h100/sweep_treduce/cases/zk_vanilla_permcheck_hp_bw32_r18.log
zk_vanilla_permcheck_hp,pi*fz2 - p1*p2*fz2 + 7*phi*D1*D2*D3*fz2 - 7*N1*N2*N3*fz2,prime-field-montgomery,element,specialized,p32_2^32_minus_5,32,1,0xfffffffb,20,1048576,11,5,4,2,10,whole-run,fixed,triton-sumcheck-prime-field-montgomery-element-layout-specialized-points-treduce,71.624,14.561,0.000,0.000000,0.000,14.561,ok,cuda-sumcheck-prime-field-montgomery-element-layout-specialized-points,3.99994,3.65366,0,0,0,3.65366,ok,true,3649621384734,3649621384734,3.985319,,experiments/h100/sweep_treduce/cases/zk_vanilla_permcheck_hp_bw32_r20.log
zk_vanilla_permcheck_hp,pi*fz2 - p1*p2*fz2 + 7*phi*D1*D2*D3*fz2 - 7*N1*N2*N3*fz2,prime-field-montgomery,element,specialized,p32_2^32_minus_5,32,1,0xfffffffb,22,4194304,11,5,4,2,10,whole-run,fixed,triton-sumcheck-prime-field-montgomery-element-layout-specialized-points-treduce,75.384,18.150,0.000,0.000000,0.000,18.150,ok,cuda-sumcheck-prime-field-montgomery-element-layout-specialized-points,5.62579,5.29942,0,0,0,5.29942,ok,true,3827975597602,3827975597602,3.424903,,experiments/h100/sweep_treduce/cases/zk_vanilla_permcheck_hp_bw32_r22.log
zk_vanilla_permcheck_hp,pi*fz2 - p1*p2*fz2 + 7*phi*D1*D2*D3*fz2 - 7*N1*N2*N3*fz2,prime-field-montgomery,element,specialized,p32_2^32_minus_5,32,1,0xfffffffb,24,16777216,11,5,4,2,10,whole-run,fixed,triton-sumcheck-prime-field-montgomery-element-layout-specialized-points-treduce,80.391,23.781,0.000,0.000000,0.000,23.781,ok,cuda-sumcheck-prime-field-montgomery-element-layout-specialized-points,10.5325,10.2802,0,0,0,10.2802,ok,true,4304122550195,4304122550195,2.313282,,experiments/h100/sweep_treduce/cases/zk_vanilla_permcheck_hp_bw32_r24.log
zk_vanilla_permcheck_hp,pi*fz2 - p1*p2*fz2 + 7*phi*D1*D2*D3*fz2 - 7*N1*N2*N3*fz2,prime-field-montgomery,element,specialized,p32_2^32_minus_5,32,1,0xfffffffb,26,67108864,11,5,4,2,10,whole-run,fixed,triton-sumcheck-prime-field-montgomery-element-layout-specialized-points-treduce,98.176,43.359,0.000,0.000000,0.000,43.359,ok,cuda-sumcheck-prime-field-montgomery-element-layout-specialized-points,28.5439,28.2675,0,0,0,28.2675,ok,true,4739022443649,4739022443649,1.533882,,experiments/h100/sweep_treduce/cases/zk_vanilla_permcheck_hp_bw32_r26.log
zk_vanilla_permcheck_hp,pi*fz2 - p1*p2*fz2 + 7*phi*D1*D2*D3*fz2 - 7*N1*N2*N3*fz2,prime-field-montgomery,element,specialized,p32_2^32_minus_5,32,1,0xfffffffb,28,268435456,11,5,4,2,10,whole-run,fixed,triton-sumcheck-prime-field-montgomery-element-layout-specialized-points-treduce,171.423,118.995,0.000,0.000000,0.000,118.995,ok,cuda-sumcheck-prime-field-montgomery-element-layout-specialized-points,98.2523,99.2252,0,0,0,99.2252,ok,true,4575926642859,4575926642859,1.199242,,experiments/h100/sweep_treduce/cases/zk_vanilla_permcheck_hp_bw32_r28.log
zk_vanilla_permcheck_hp,pi*fz2 - p1*p2*fz2 + 7*phi*D1*D2*D3*fz2 - 7*N1*N2*N3*fz2,prime-field-montgomery,element,specialized,p64_goldilocks,64,2,0xffffffff00000001,14,16384,11,5,4,2,10,whole-run,fixed,triton-sumcheck-prime-field-montgomery-element-layout-specialized-points-treduce,297.319,6.814,0.000,0.000000,0.000,6.814,ok,cuda-sumcheck-prime-field-montgomery-element-layout-specialized-points,2.54218,2.16778,0,0,0,2.16778,ok,true,7732743940558,7732743940558,3.143308,,experiments/h100/sweep_treduce/cases/zk_vanilla_permcheck_hp_bw64_r14.log
zk_vanilla_permcheck_hp,pi*fz2 - p1*p2*fz2 + 7*phi*D1*D2*D3*fz2 - 7*N1*N2*N3*fz2,prime-field-montgomery,element,specialized,p64_goldilocks,64,2,0xffffffff00000001,16,65536,11,5,4,2,10,whole-run,fixed,triton-sumcheck-prime-field-montgomery-element-layout-specialized-points-treduce,69.922,8.806,0.000,0.000000,0.000,8.806,ok,cuda-sumcheck-prime-field-montgomery-element-layout-specialized-points,3.10426,2.68605,0,0,0,2.68605,ok,true,8091538305240,8091538305240,3.278420,,experiments/h100/sweep_treduce/cases/zk_vanilla_permcheck_hp_bw64_r16.log
zk_vanilla_permcheck_hp,pi*fz2 - p1*p2*fz2 + 7*phi*D1*D2*D3*fz2 - 7*N1*N2*N3*fz2,prime-field-montgomery,element,specialized,p64_goldilocks,64,2,0xffffffff00000001,18,262144,11,5,4,2,10,whole-run,fixed,triton-sumcheck-prime-field-montgomery-element-layout-specialized-points-treduce,72.698,11.558,0.000,0.000000,0.000,11.558,ok,cuda-sumcheck-prime-field-montgomery-element-layout-specialized-points,3.72995,3.31898,0,0,0,3.31898,ok,true,9069205122159,9069205122159,3.482395,,experiments/h100/sweep_treduce/cases/zk_vanilla_permcheck_hp_bw64_r18.log
zk_vanilla_permcheck_hp,pi*fz2 - p1*p2*fz2 + 7*phi*D1*D2*D3*fz2 - 7*N1*N2*N3*fz2,prime-field-montgomery,element,specialized,p64_goldilocks,64,2,0xffffffff00000001,20,1048576,11,5,4,2,10,whole-run,fixed,triton-sumcheck-prime-field-montgomery-element-layout-specialized-points-treduce,94.599,14.893,0.000,0.000000,0.000,14.893,ok,cuda-sumcheck-prime-field-montgomery-element-layout-specialized-points,4.90947,4.54272,0,0,0,4.54272,ok,true,10282883281385,10282883281385,3.278432,,experiments/h100/sweep_treduce/cases/zk_vanilla_permcheck_hp_bw64_r20.log
zk_vanilla_permcheck_hp,pi*fz2 - p1*p2*fz2 + 7*phi*D1*D2*D3*fz2 - 7*N1*N2*N3*fz2,prime-field-montgomery,element,specialized,p64_goldilocks,64,2,0xffffffff00000001,22,4194304,11,5,4,2,10,whole-run,fixed,triton-sumcheck-prime-field-montgomery-element-layout-specialized-points-treduce,80.618,19.099,0.000,0.000000,0.000,19.099,ok,cuda-sumcheck-prime-field-montgomery-element-layout-specialized-points,7.82157,7.47091,0,0,0,7.47091,ok,true,10981800915735,10981800915735,2.556449,,experiments/h100/sweep_treduce/cases/zk_vanilla_permcheck_hp_bw64_r22.log
zk_vanilla_permcheck_hp,pi*fz2 - p1*p2*fz2 + 7*phi*D1*D2*D3*fz2 - 7*N1*N2*N3*fz2,prime-field-montgomery,element,specialized,p64_goldilocks,64,2,0xffffffff00000001,24,16777216,11,5,4,2,10,whole-run,fixed,triton-sumcheck-prime-field-montgomery-element-layout-specialized-points-treduce,89.655,29.252,0.000,0.000000,0.000,29.252,ok,cuda-sumcheck-prime-field-montgomery-element-layout-specialized-points,18.0602,17.2953,0,0,0,17.2953,ok,true,12355352525776,12355352525776,1.691327,,experiments/h100/sweep_treduce/cases/zk_vanilla_permcheck_hp_bw64_r24.log
zk_vanilla_permcheck_hp,pi*fz2 - p1*p2*fz2 + 7*phi*D1*D2*D3*fz2 - 7*N1*N2*N3*fz2,prime-field-montgomery,element,specialized,p64_goldilocks,64,2,0xffffffff00000001,26,67108864,11,5,4,2,10,whole-run,fixed,triton-sumcheck-prime-field-montgomery-element-layout-specialized-points-treduce,94.918,63.109,0.000,0.000000,0.000,63.109,ok,cuda-sumcheck-prime-field-montgomery-element-layout-specialized-points,54.9351,55.0378,0,0,0,55.0378,ok,true,12336291771895,12336291771895,1.146648,,experiments/h100/sweep_treduce/cases/zk_vanilla_permcheck_hp_bw64_r26.log
zk_vanilla_permcheck_hp,pi*fz2 - p1*p2*fz2 + 7*phi*D1*D2*D3*fz2 - 7*N1*N2*N3*fz2,prime-field-montgomery,element,specialized,p64_goldilocks,64,2,0xffffffff00000001,28,268435456,11,5,4,2,10,whole-run,fixed,triton-sumcheck-prime-field-montgomery-element-layout-specialized-points-treduce,288.725,237.565,0.000,0.000000,0.000,237.565,ok,cuda-sumcheck-prime-field-montgomery-element-layout-specialized-points,204.862,210.551,0,0,0,210.551,ok,true,14493999785707,14493999785707,1.128301,,experiments/h100/sweep_treduce/cases/zk_vanilla_permcheck_hp_bw64_r28.log
zk_vanilla_permcheck_hp,pi*fz2 - p1*p2*fz2 + 7*phi*D1*D2*D3*fz2 - 7*N1*N2*N3*fz2,prime-field-montgomery,element,specialized,p128_mersenne_2^127_minus_1,128,4,0x7fffffffffffffffffffffffffffffff,14,16384,11,5,4,2,10,whole-run,fixed,triton-sumcheck-prime-field-montgomery-element-layout-specialized-points-treduce,611.496,6.931,0.000,0.000000,0.000,6.931,ok,cuda-sumcheck-prime-field-montgomery-element-layout-specialized-points,3.53498,2.6297,0,0,0,2.6297,ok,true,18663118028633,18663118028633,2.635662,,experiments/h100/sweep_treduce/cases/zk_vanilla_permcheck_hp_bw128_r14.log
zk_vanilla_permcheck_hp,pi*fz2 - p1*p2*fz2 + 7*phi*D1*D2*D3*fz2 - 7*N1*N2*N3*fz2,prime-field-montgomery,element,specialized,p128_mersenne_2^127_minus_1,128,4,0x7fffffffffffffffffffffffffffffff,16,65536,11,5,4,2,10,whole-run,fixed,triton-sumcheck-prime-field-montgomery-element-layout-specialized-points-treduce,79.895,8.766,0.000,0.000000,0.000,8.766,ok,cuda-sumcheck-prime-field-montgomery-element-layout-specialized-points,4.15664,3.23421,0,0,0,3.23421,ok,true,22851421026668,22851421026668,2.710399,,experiments/h100/sweep_treduce/cases/zk_vanilla_permcheck_hp_bw128_r16.log
zk_vanilla_permcheck_hp,pi*fz2 - p1*p2*fz2 + 7*phi*D1*D2*D3*fz2 - 7*N1*N2*N3*fz2,prime-field-montgomery,element,specialized,p128_mersenne_2^127_minus_1,128,4,0x7fffffffffffffffffffffffffffffff,18,262144,11,5,4,2,10,whole-run,fixed,triton-sumcheck-prime-field-montgomery-element-layout-specialized-points-treduce,83.485,11.682,0.000,0.000000,0.000,11.682,ok,cuda-sumcheck-prime-field-montgomery-element-layout-specialized-points,5.13149,4.18301,0,0,0,4.18301,ok,true,24560265676687,24560265676687,2.792726,,experiments/h100/sweep_treduce/cases/zk_vanilla_permcheck_hp_bw128_r18.log
zk_vanilla_permcheck_hp,pi*fz2 - p1*p2*fz2 + 7*phi*D1*D2*D3*fz2 - 7*N1*N2*N3*fz2,prime-field-montgomery,element,specialized,p128_mersenne_2^127_minus_1,128,4,0x7fffffffffffffffffffffffffffffff,20,1048576,11,5,4,2,10,whole-run,fixed,triton-sumcheck-prime-field-montgomery-element-layout-specialized-points-treduce,87.203,14.883,0.000,0.000000,0.000,14.883,ok,cuda-sumcheck-prime-field-montgomery-element-layout-specialized-points,7.0217,6.09302,0,0,0,6.09302,ok,true,25715036641788,25715036641788,2.442631,,experiments/h100/sweep_treduce/cases/zk_vanilla_permcheck_hp_bw128_r20.log
zk_vanilla_permcheck_hp,pi*fz2 - p1*p2*fz2 + 7*phi*D1*D2*D3*fz2 - 7*N1*N2*N3*fz2,prime-field-montgomery,element,specialized,p128_mersenne_2^127_minus_1,128,4,0x7fffffffffffffffffffffffffffffff,22,4194304,11,5,4,2,10,whole-run,fixed,triton-sumcheck-prime-field-montgomery-element-layout-specialized-points-treduce,92.747,22.060,0.000,0.000000,0.000,22.060,ok,cuda-sumcheck-prime-field-montgomery-element-layout-specialized-points,12.8274,11.861,0,0,0,11.861,ok,true,29592131441873,29592131441873,1.859877,,experiments/h100/sweep_treduce/cases/zk_vanilla_permcheck_hp_bw128_r22.log
zk_vanilla_permcheck_hp,pi*fz2 - p1*p2*fz2 + 7*phi*D1*D2*D3*fz2 - 7*N1*N2*N3*fz2,prime-field-montgomery,element,specialized,p128_mersenne_2^127_minus_1,128,4,0x7fffffffffffffffffffffffffffffff,24,16777216,11,5,4,2,10,whole-run,fixed,triton-sumcheck-prime-field-montgomery-element-layout-specialized-points-treduce,117.643,47.988,0.000,0.000000,0.000,47.988,ok,cuda-sumcheck-prime-field-montgomery-element-layout-specialized-points,32.6407,32.0657,0,0,0,32.0657,ok,true,33177847440426,33177847440426,1.496552,,experiments/h100/sweep_treduce/cases/zk_vanilla_permcheck_hp_bw128_r24.log
zk_vanilla_permcheck_hp,pi*fz2 - p1*p2*fz2 + 7*phi*D1*D2*D3*fz2 - 7*N1*N2*N3*fz2,prime-field-montgomery,element,specialized,p128_mersenne_2^127_minus_1,128,4,0x7fffffffffffffffffffffffffffffff,26,67108864,11,5,4,2,10,whole-run,fixed,triton-sumcheck-prime-field-montgomery-element-layout-specialized-points-treduce,215.422,148.866,0.000,0.000000,0.000,148.866,ok,cuda-sumcheck-prime-field-montgomery-element-layout-specialized-points,111.785,109.661,0,0,0,109.661,ok,true,34929863856459,34929863856459,1.357511,,experiments/h100/sweep_treduce/cases/zk_vanilla_permcheck_hp_bw128_r26.log
zk_vanilla_permcheck_hp,pi*fz2 - p1*p2*fz2 + 7*phi*D1*D2*D3*fz2 - 7*N1*N2*N3*fz2,prime-field-montgomery,element,specialized,,128,,,28,268435456,11,5,4,2,10,whole-run,fixed,,,,,,,,skipped,,,,,,,,skipped,skipped,,,,returncode=1,experiments/h100/sweep_treduce/cases/zk_vanilla_permcheck_hp_bw128_r28.log
zk_vanilla_permcheck_hp,pi*fz2 - p1*p2*fz2 + 7*phi*D1*D2*D3*fz2 - 7*N1*N2*N3*fz2,prime-field-montgomery,element,specialized,p255_bls12_381_scalar,256,8,0x73eda753299d7d483339d80809a1d80553bda402fffe5bfeffffffff00000001,14,16384,11,5,4,2,10,whole-run,fixed,triton-sumcheck-prime-field-montgomery-element-layout-specialized-points-treduce,2116.137,5.623,0.000,0.000000,0.000,5.623,ok,cuda-sumcheck-prime-field-montgomery-element-layout-specialized-points,6.44557,4.55091,0,0,0,4.55091,ok,true,70683089240075,70683089240075,1.235577,,experiments/h100/sweep_treduce/cases/zk_vanilla_permcheck_hp_bw256_r14.log
zk_vanilla_permcheck_hp,pi*fz2 - p1*p2*fz2 + 7*phi*D1*D2*D3*fz2 - 7*N1*N2*N3*fz2,prime-field-montgomery,element,specialized,p255_bls12_381_scalar,256,8,0x73eda753299d7d483339d80809a1d80553bda402fffe5bfeffffffff00000001,16,65536,11,5,4,2,10,whole-run,fixed,triton-sumcheck-prime-field-montgomery-element-layout-specialized-points-treduce,109.577,10.152,0.000,0.000000,0.000,10.152,ok,cuda-sumcheck-prime-field-montgomery-element-layout-specialized-points,7.47146,5.6431,0,0,0,5.6431,ok,true,86241582229634,86241582229634,1.799011,,experiments/h100/sweep_treduce/cases/zk_vanilla_permcheck_hp_bw256_r16.log
zk_vanilla_permcheck_hp,pi*fz2 - p1*p2*fz2 + 7*phi*D1*D2*D3*fz2 - 7*N1*N2*N3*fz2,prime-field-montgomery,element,specialized,p255_bls12_381_scalar,256,8,0x73eda753299d7d483339d80809a1d80553bda402fffe5bfeffffffff00000001,18,262144,11,5,4,2,10,whole-run,fixed,triton-sumcheck-prime-field-montgomery-element-layout-specialized-points-treduce,113.033,13.482,0.000,0.000000,0.000,13.482,ok,cuda-sumcheck-prime-field-montgomery-element-layout-specialized-points,61.2569,8.14784,0,0,0,8.14784,ok,true,94649007904906,94649007904906,1.654672,,experiments/h100/sweep_treduce/cases/zk_vanilla_permcheck_hp_bw256_r18.log
zk_vanilla_permcheck_hp,pi*fz2 - p1*p2*fz2 + 7*phi*D1*D2*D3*fz2 - 7*N1*N2*N3*fz2,prime-field-montgomery,element,specialized,p255_bls12_381_scalar,256,8,0x73eda753299d7d483339d80809a1d80553bda402fffe5bfeffffffff00000001,20,1048576,11,5,4,2,10,whole-run,fixed,triton-sumcheck-prime-field-montgomery-element-layout-specialized-points-treduce,78.941,17.928,0.000,0.000000,0.000,17.928,ok,cuda-sumcheck-prime-field-montgomery-element-layout-specialized-points,17.482,15.6495,0,0,0,15.6495,ok,true,105379977019668,105379977019668,1.145596,,experiments/h100/sweep_treduce/cases/zk_vanilla_permcheck_hp_bw256_r20.log
zk_vanilla_permcheck_hp,pi*fz2 - p1*p2*fz2 + 7*phi*D1*D2*D3*fz2 - 7*N1*N2*N3*fz2,prime-field-montgomery,element,specialized,p255_bls12_381_scalar,256,8,0x73eda753299d7d483339d80809a1d80553bda402fffe5bfeffffffff00000001,22,4194304,11,5,4,2,10,whole-run,fixed,triton-sumcheck-prime-field-montgomery-element-layout-specialized-points-treduce,149.100,50.025,0.000,0.000000,0.000,50.025,ok,cuda-sumcheck-prime-field-montgomery-element-layout-specialized-points,44.0244,42.2312,0,0,0,42.2312,ok,true,115639817497035,115639817497035,1.184551,,experiments/h100/sweep_treduce/cases/zk_vanilla_permcheck_hp_bw256_r22.log
zk_vanilla_permcheck_hp,pi*fz2 - p1*p2*fz2 + 7*phi*D1*D2*D3*fz2 - 7*N1*N2*N3*fz2,prime-field-montgomery,element,specialized,p255_bls12_381_scalar,256,8,0x73eda753299d7d483339d80809a1d80553bda402fffe5bfeffffffff00000001,24,16777216,11,5,4,2,10,whole-run,fixed,triton-sumcheck-prime-field-montgomery-element-layout-specialized-points-treduce,255.799,159.975,0.000,0.000000,0.000,159.975,ok,cuda-sumcheck-prime-field-montgomery-element-layout-specialized-points,146.318,144.679,0,0,0,144.679,ok,true,125514718366453,125514718366453,1.105724,,experiments/h100/sweep_treduce/cases/zk_vanilla_permcheck_hp_bw256_r24.log
zk_vanilla_permcheck_hp,pi*fz2 - p1*p2*fz2 + 7*phi*D1*D2*D3*fz2 - 7*N1*N2*N3*fz2,prime-field-montgomery,element,specialized,p255_bls12_381_scalar,256,8,0x73eda753299d7d483339d80809a1d80553bda402fffe5bfeffffffff00000001,26,67108864,11,5,4,2,10,whole-run,fixed,triton-sumcheck-prime-field-montgomery-element-layout-specialized-points-treduce,691.756,591.554,0.000,0.000000,0.000,591.554,ok,cuda-sumcheck-prime-field-montgomery-element-layout-specialized-points,564.81,562.353,0,0,0,562.353,ok,true,133583605644853,133583605644853,1.051926,,experiments/h100/sweep_treduce/cases/zk_vanilla_permcheck_hp_bw256_r26.log
zk_vanilla_permcheck_hp,pi*fz2 - p1*p2*fz2 + 7*phi*D1*D2*D3*fz2 - 7*N1*N2*N3*fz2,prime-field-montgomery,element,specialized,,256,,,28,268435456,11,5,4,2,10,whole-run,fixed,,,,,,,,skipped,,,,,,,,skipped,skipped,,,,returncode=1,experiments/h100/sweep_treduce/cases/zk_vanilla_permcheck_hp_bw256_r28.log
zk_jellyfish_permcheck_hp,pi*fz - p1*p2*fz + 7*phi*D1*D2*D3*D4*D5*fz - 7*N1*N2*N3*N4*N5*fz,prime-field-montgomery,element,specialized,p32_2^32_minus_5,32,1,0xfffffffb,14,16384,15,7,4,2,10,whole-run,fixed,triton-sumcheck-prime-field-montgomery-element-layout-specialized-points-treduce,163.309,6.595,0.000,0.000000,0.000,6.595,ok,cuda-sumcheck-prime-field-montgomery-element-layout-specialized-points,2.9361,2.58762,0,0,0,2.58762,ok,true,3038540680682,3038540680682,2.548674,,experiments/h100/sweep_treduce/cases/zk_jellyfish_permcheck_hp_bw32_r14.log
zk_jellyfish_permcheck_hp,pi*fz - p1*p2*fz + 7*phi*D1*D2*D3*D4*D5*fz - 7*N1*N2*N3*N4*N5*fz,prime-field-montgomery,element,specialized,p32_2^32_minus_5,32,1,0xfffffffb,16,65536,15,7,4,2,10,whole-run,fixed,triton-sumcheck-prime-field-montgomery-element-layout-specialized-points-treduce,45.790,6.739,0.000,0.000000,0.000,6.739,ok,cuda-sumcheck-prime-field-montgomery-element-layout-specialized-points,3.75469,3.18608,0,0,0,3.18608,ok,true,3607764786145,3607764786145,2.115138,,experiments/h100/sweep_treduce/cases/zk_jellyfish_permcheck_hp_bw32_r16.log
zk_jellyfish_permcheck_hp,pi*fz - p1*p2*fz + 7*phi*D1*D2*D3*D4*D5*fz - 7*N1*N2*N3*N4*N5*fz,prime-field-montgomery,element,specialized,p32_2^32_minus_5,32,1,0xfffffffb,18,262144,15,7,4,2,10,whole-run,fixed,triton-sumcheck-prime-field-montgomery-element-layout-specialized-points-treduce,78.431,14.957,0.000,0.000000,0.000,14.957,ok,cuda-sumcheck-prime-field-montgomery-element-layout-specialized-points,4.36061,3.88563,0,0,0,3.88563,ok,true,4164843840404,4164843840404,3.849311,,experiments/h100/sweep_treduce/cases/zk_jellyfish_permcheck_hp_bw32_r18.log
zk_jellyfish_permcheck_hp,pi*fz - p1*p2*fz + 7*phi*D1*D2*D3*D4*D5*fz - 7*N1*N2*N3*N4*N5*fz,prime-field-montgomery,element,specialized,p32_2^32_minus_5,32,1,0xfffffffb,20,1048576,15,7,4,2,10,whole-run,fixed,triton-sumcheck-prime-field-montgomery-element-layout-specialized-points-treduce,82.885,19.457,0.000,0.000000,0.000,19.457,ok,cuda-sumcheck-prime-field-montgomery-element-layout-specialized-points,5.59254,5.02803,0,0,0,5.02803,ok,true,4469485076667,4469485076667,3.869706,,experiments/h100/sweep_treduce/cases/zk_jellyfish_permcheck_hp_bw32_r20.log
zk_jellyfish_permcheck_hp,pi*fz - p1*p2*fz + 7*phi*D1*D2*D3*D4*D5*fz - 7*N1*N2*N3*N4*N5*fz,prime-field-montgomery,element,specialized,p32_2^32_minus_5,32,1,0xfffffffb,22,4194304,15,7,4,2,10,whole-run,fixed,triton-sumcheck-prime-field-montgomery-element-layout-specialized-points-treduce,87.457,24.315,0.000,0.000000,0.000,24.315,ok,cuda-sumcheck-prime-field-montgomery-element-layout-specialized-points,8.07424,7.73322,0,0,0,7.73322,ok,true,5088345158793,5088345158793,3.144227,,experiments/h100/sweep_treduce/cases/zk_jellyfish_permcheck_hp_bw32_r22.log
zk_jellyfish_permcheck_hp,pi*fz - p1*p2*fz + 7*phi*D1*D2*D3*D4*D5*fz - 7*N1*N2*N3*N4*N5*fz,prime-field-montgomery,element,specialized,p32_2^32_minus_5,32,1,0xfffffffb,24,16777216,15,7,4,2,10,whole-run,fixed,triton-sumcheck-prime-field-montgomery-element-layout-specialized-points-treduce,95.661,33.614,0.000,0.000000,0.000,33.614,ok,cuda-sumcheck-prime-field-montgomery-element-layout-specialized-points,16.6474,16.2591,0,0,0,16.2591,ok,true,5423422964271,5423422964271,2.067396,,experiments/h100/sweep_treduce/cases/zk_jellyfish_permcheck_hp_bw32_r24.log
zk_jellyfish_permcheck_hp,pi*fz - p1*p2*fz + 7*phi*D1*D2*D3*D4*D5*fz - 7*N1*N2*N3*N4*N5*fz,prime-field-montgomery,element,specialized,p32_2^32_minus_5,32,1,0xfffffffb,26,67108864,15,7,4,2,10,whole-run,fixed,triton-sumcheck-prime-field-montgomery-element-layout-specialized-points-treduce,126.644,66.211,0.000,0.000000,0.000,66.211,ok,cuda-sumcheck-prime-field-montgomery-element-layout-specialized-points,47.4269,47.1735,0,0,0,47.1735,ok,true,5946919357457,5946919357457,1.403563,,experiments/h100/sweep_treduce/cases/zk_jellyfish_permcheck_hp_bw32_r26.log
zk_jellyfish_permcheck_hp,pi*fz - p1*p2*fz + 7*phi*D1*D2*D3*D4*D5*fz - 7*N1*N2*N3*N4*N5*fz,prime-field-montgomery,element,specialized,p32_2^32_minus_5,32,1,0xfffffffb,28,268435456,15,7,4,2,10,whole-run,fixed,triton-sumcheck-prime-field-montgomery-element-layout-specialized-points-treduce,265.409,199.550,0.000,0.000000,0.000,199.550,ok,cuda-sumcheck-prime-field-montgomery-element-layout-specialized-points,169.341,172.168,0,0,0,172.168,ok,true,5582807891271,5582807891271,1.159042,,experiments/h100/sweep_treduce/cases/zk_jellyfish_permcheck_hp_bw32_r28.log
zk_jellyfish_permcheck_hp,pi*fz - p1*p2*fz + 7*phi*D1*D2*D3*D4*D5*fz - 7*N1*N2*N3*N4*N5*fz,prime-field-montgomery,element,specialized,p64_goldilocks,64,2,0xffffffff00000001,14,16384,15,7,4,2,10,whole-run,fixed,triton-sumcheck-prime-field-montgomery-element-layout-specialized-points-treduce,205.778,5.113,0.000,0.000000,0.000,5.113,ok,cuda-sumcheck-prime-field-montgomery-element-layout-specialized-points,3.81258,3.14618,0,0,0,3.14618,ok,true,9848259468086,9848259468086,1.625145,,experiments/h100/sweep_treduce/cases/zk_jellyfish_permcheck_hp_bw64_r14.log
zk_jellyfish_permcheck_hp,pi*fz - p1*p2*fz + 7*phi*D1*D2*D3*D4*D5*fz - 7*N1*N2*N3*N4*N5*fz,prime-field-montgomery,element,specialized,p64_goldilocks,64,2,0xffffffff00000001,16,65536,15,7,4,2,10,whole-run,fixed,triton-sumcheck-prime-field-montgomery-element-layout-specialized-points-treduce,56.949,6.896,0.000,0.000000,0.000,6.896,ok,cuda-sumcheck-prime-field-montgomery-element-layout-specialized-points,4.63971,3.93437,0,0,0,3.93437,ok,true,10144292711527,10144292711527,1.752758,,experiments/h100/sweep_treduce/cases/zk_jellyfish_permcheck_hp_bw64_r16.log
zk_jellyfish_permcheck_hp,pi*fz - p1*p2*fz + 7*phi*D1*D2*D3*D4*D5*fz - 7*N1*N2*N3*N4*N5*fz,prime-field-montgomery,element,specialized,p64_goldilocks,64,2,0xffffffff00000001,18,262144,15,7,4,2,10,whole-run,fixed,triton-sumcheck-prime-field-montgomery-element-layout-specialized-points-treduce,50.218,8.778,0.000,0.000000,0.000,8.778,ok,cuda-sumcheck-prime-field-montgomery-element-layout-specialized-points,5.57235,4.89782,0,0,0,4.89782,ok,true,12251166593419,12251166593419,1.792226,,experiments/h100/sweep_treduce/cases/zk_jellyfish_permcheck_hp_bw64_r18.log
zk_jellyfish_permcheck_hp,pi*fz - p1*p2*fz + 7*phi*D1*D2*D3*D4*D5*fz - 7*N1*N2*N3*N4*N5*fz,prime-field-montgomery,element,specialized,p64_goldilocks,64,2,0xffffffff00000001,20,1048576,15,7,4,2,10,whole-run,fixed,triton-sumcheck-prime-field-montgomery-element-layout-specialized-points-treduce,52.944,11.191,0.000,0.000000,0.000,11.191,ok,cuda-sumcheck-prime-field-montgomery-element-layout-specialized-points,7.48781,6.84374,0,0,0,6.84374,ok,true,13188211435815,13188211435815,1.635217,,experiments/h100/sweep_treduce/cases/zk_jellyfish_permcheck_hp_bw64_r20.log
zk_jellyfish_permcheck_hp,pi*fz - p1*p2*fz + 7*phi*D1*D2*D3*D4*D5*fz - 7*N1*N2*N3*N4*N5*fz,prime-field-montgomery,element,specialized,p64_goldilocks,64,2,0xffffffff00000001,22,4194304,15,7,4,2,10,whole-run,fixed,triton-sumcheck-prime-field-montgomery-element-layout-specialized-points-treduce,57.701,16.860,0.000,0.000000,0.000,16.860,ok,cuda-sumcheck-prime-field-montgomery-element-layout-specialized-points,12.7821,12.0764,0,0,0,12.0764,ok,true,14893023102763,14893023102763,1.396111,,experiments/h100/sweep_treduce/cases/zk_jellyfish_permcheck_hp_bw64_r22.log
zk_jellyfish_permcheck_hp,pi*fz - p1*p2*fz + 7*phi*D1*D2*D3*D4*D5*fz - 7*N1*N2*N3*N4*N5*fz,prime-field-montgomery,element,specialized,p64_goldilocks,64,2,0xffffffff00000001,24,16777216,15,7,4,2,10,whole-run,fixed,triton-sumcheck-prime-field-montgomery-element-layout-specialized-points-treduce,76.858,36.015,0.000,0.000000,0.000,36.015,ok,cuda-sumcheck-prime-field-montgomery-element-layout-specialized-points,29.8605,29.2811,0,0,0,29.2811,ok,true,16524395014608,16524395014608,1.229974,,experiments/h100/sweep_treduce/cases/zk_jellyfish_permcheck_hp_bw64_r24.log
zk_jellyfish_permcheck_hp,pi*fz - p1*p2*fz + 7*phi*D1*D2*D3*D4*D5*fz - 7*N1*N2*N3*N4*N5*fz,prime-field-montgomery,element,specialized,p64_goldilocks,64,2,0xffffffff00000001,26,67108864,15,7,4,2,10,whole-run,fixed,triton-sumcheck-prime-field-montgomery-element-layout-specialized-points-treduce,152.275,114.588,0.000,0.000000,0.000,114.588,ok,cuda-sumcheck-prime-field-montgomery-element-layout-specialized-points,98.1401,101.06,0,0,0,101.06,ok,true,17503020467140,17503020467140,1.133861,,experiments/h100/sweep_treduce/cases/zk_jellyfish_permcheck_hp_bw64_r26.log
zk_jellyfish_permcheck_hp,pi*fz - p1*p2*fz + 7*phi*D1*D2*D3*D4*D5*fz - 7*N1*N2*N3*N4*N5*fz,prime-field-montgomery,element,specialized,,64,,,28,268435456,15,7,4,2,10,whole-run,fixed,,,,,,,,skipped,,,,,,,,skipped,skipped,,,,returncode=1,experiments/h100/sweep_treduce/cases/zk_jellyfish_permcheck_hp_bw64_r28.log
zk_jellyfish_permcheck_hp,pi*fz - p1*p2*fz + 7*phi*D1*D2*D3*D4*D5*fz - 7*N1*N2*N3*N4*N5*fz,prime-field-montgomery,element,specialized,p128_mersenne_2^127_minus_1,128,4,0x7fffffffffffffffffffffffffffffff,14,16384,15,7,4,2,10,whole-run,fixed,triton-sumcheck-prime-field-montgomery-element-layout-specialized-points-treduce,393.921,5.828,0.000,0.000000,0.000,5.828,ok,cuda-sumcheck-prime-field-montgomery-element-layout-specialized-points,5.71536,4.14563,0,0,0,4.14563,ok,true,24320270181376,24320270181376,1.405818,,experiments/h100/sweep_treduce/cases/zk_jellyfish_permcheck_hp_bw128_r14.log
zk_jellyfish_permcheck_hp,pi*fz - p1*p2*fz + 7*phi*D1*D2*D3*D4*D5*fz - 7*N1*N2*N3*N4*N5*fz,prime-field-montgomery,element,specialized,p128_mersenne_2^127_minus_1,128,4,0x7fffffffffffffffffffffffffffffff,16,65536,15,7,4,2,10,whole-run,fixed,triton-sumcheck-prime-field-montgomery-element-layout-specialized-points-treduce,103.222,12.203,0.000,0.000000,0.000,12.203,ok,cuda-sumcheck-prime-field-montgomery-element-layout-specialized-points,6.60893,5.0249,0,0,0,5.0249,ok,true,29557530134080,29557530134080,2.428506,,experiments/h100/sweep_treduce/cases/zk_jellyfish_permcheck_hp_bw128_r16.log
zk_jellyfish_permcheck_hp,pi*fz - p1*p2*fz + 7*phi*D1*D2*D3*D4*D5*fz - 7*N1*N2*N3*N4*N5*fz,prime-field-montgomery,element,specialized,p128_mersenne_2^127_minus_1,128,4,0x7fffffffffffffffffffffffffffffff,18,262144,15,7,4,2,10,whole-run,fixed,triton-sumcheck-prime-field-montgomery-element-layout-specialized-points-treduce,106.604,15.877,0.000,0.000000,0.000,15.877,ok,cuda-sumcheck-prime-field-montgomery-element-layout-specialized-points,8.02557,6.56656,0,0,0,6.56656,ok,true,32796138600446,32796138600446,2.417857,,experiments/h100/sweep_treduce/cases/zk_jellyfish_permcheck_hp_bw128_r18.log
zk_jellyfish_permcheck_hp,pi*fz - p1*p2*fz + 7*phi*D1*D2*D3*D4*D5*fz - 7*N1*N2*N3*N4*N5*fz,prime-field-montgomery,element,specialized,p128_mersenne_2^127_minus_1,128,4,0x7fffffffffffffffffffffffffffffff,20,1048576,15,7,4,2,10,whole-run,fixed,triton-sumcheck-prime-field-montgomery-element-layout-specialized-points-treduce,110.060,20.433,0.000,0.000000,0.000,20.433,ok,cuda-sumcheck-prime-field-montgomery-element-layout-specialized-points,12.0657,10.6708,0,0,0,10.6708,ok,true,35601074222428,35601074222428,1.914852,,experiments/h100/sweep_treduce/cases/zk_jellyfish_permcheck_hp_bw128_r20.log
zk_jellyfish_permcheck_hp,pi*fz - p1*p2*fz + 7*phi*D1*D2*D3*D4*D5*fz - 7*N1*N2*N3*N4*N5*fz,prime-field-montgomery,element,specialized,p128_mersenne_2^127_minus_1,128,4,0x7fffffffffffffffffffffffffffffff,22,4194304,15,7,4,2,10,whole-run,fixed,triton-sumcheck-prime-field-montgomery-element-layout-specialized-points-treduce,121.810,34.382,0.000,0.000000,0.000,34.382,ok,cuda-sumcheck-prime-field-montgomery-element-layout-specialized-points,24.3359,22.8844,0,0,0,22.8844,ok,true,39738028629364,39738028629364,1.502421,,experiments/h100/sweep_treduce/cases/zk_jellyfish_permcheck_hp_bw128_r22.log
zk_jellyfish_permcheck_hp,pi*fz - p1*p2*fz + 7*phi*D1*D2*D3*D4*D5*fz - 7*N1*N2*N3*N4*N5*fz,prime-field-montgomery,element,specialized,p128_mersenne_2^127_minus_1,128,4,0x7fffffffffffffffffffffffffffffff,24,16777216,15,7,4,2,10,whole-run,fixed,triton-sumcheck-prime-field-montgomery-element-layout-specialized-points-treduce,172.447,86.058,0.000,0.000000,0.000,86.058,ok,cuda-sumcheck-prime-field-montgomery-element-layout-specialized-points,70.2153,68.6978,0,0,0,68.6978,ok,true,42414045373349,42414045373349,1.252704,,experiments/h100/sweep_treduce/cases/zk_jellyfish_permcheck_hp_bw128_r24.log
zk_jellyfish_permcheck_hp,pi*fz - p1*p2*fz + 7*phi*D1*D2*D3*D4*D5*fz - 7*N1*N2*N3*N4*N5*fz,prime-field-montgomery,element,specialized,p128_mersenne_2^127_minus_1,128,4,0x7fffffffffffffffffffffffffffffff,26,67108864,15,7,4,2,10,whole-run,fixed,triton-sumcheck-prime-field-montgomery-element-layout-specialized-points-treduce,375.209,282.136,0.000,0.000000,0.000,282.136,ok,cuda-sumcheck-prime-field-montgomery-element-layout-specialized-points,258.339,246.424,0,0,0,246.424,ok,true,46033492769966,46033492769966,1.144921,,experiments/h100/sweep_treduce/cases/zk_jellyfish_permcheck_hp_bw128_r26.log
zk_jellyfish_permcheck_hp,pi*fz - p1*p2*fz + 7*phi*D1*D2*D3*D4*D5*fz - 7*N1*N2*N3*N4*N5*fz,prime-field-montgomery,element,specialized,,128,,,28,268435456,15,7,4,2,10,whole-run,fixed,,,,,,,,skipped,,,,,,,,skipped,skipped,,,,returncode=1,experiments/h100/sweep_treduce/cases/zk_jellyfish_permcheck_hp_bw128_r28.log
zk_jellyfish_permcheck_hp,pi*fz - p1*p2*fz + 7*phi*D1*D2*D3*D4*D5*fz - 7*N1*N2*N3*N4*N5*fz,prime-field-montgomery,element,specialized,p255_bls12_381_scalar,256,8,0x73eda753299d7d483339d80809a1d80553bda402fffe5bfeffffffff00000001,14,16384,15,7,4,2,10,whole-run,fixed,triton-sumcheck-prime-field-montgomery-element-layout-specialized-points-treduce,2125.661,9.906,0.000,0.000000,0.000,9.906,ok,cuda-sumcheck-prime-field-montgomery-element-layout-specialized-points,10.0932,7.94022,0,0,0,7.94022,ok,true,100495326642841,100495326642841,1.247572,,experiments/h100/sweep_treduce/cases/zk_jellyfish_permcheck_hp_bw256_r14.log
zk_jellyfish_permcheck_hp,pi*fz - p1*p2*fz + 7*phi*D1*D2*D3*D4*D5*fz - 7*N1*N2*N3*N4*N5*fz,prime-field-montgomery,element,specialized,p255_bls12_381_scalar,256,8,0x73eda753299d7d483339d80809a1d80553bda402fffe5bfeffffffff00000001,16,65536,15,7,4,2,10,whole-run,fixed,triton-sumcheck-prime-field-montgomery-element-layout-specialized-points-treduce,112.232,12.072,0.000,0.000000,0.000,12.072,ok,cuda-sumcheck-prime-field-montgomery-element-layout-specialized-points,13.5358,10.3479,0,0,0,10.3479,ok,true,112702504106491,112702504106491,1.166614,,experiments/h100/sweep_treduce/cases/zk_jellyfish_permcheck_hp_bw256_r16.log
zk_jellyfish_permcheck_hp,pi*fz - p1*p2*fz + 7*phi*D1*D2*D3*D4*D5*fz - 7*N1*N2*N3*N4*N5*fz,prime-field-montgomery,element,specialized,p255_bls12_381_scalar,256,8,0x73eda753299d7d483339d80809a1d80553bda402fffe5bfeffffffff00000001,18,262144,15,7,4,2,10,whole-run,fixed,triton-sumcheck-prime-field-montgomery-element-layout-specialized-points-treduce,116.381,18.530,0.000,0.000000,0.000,18.530,ok,cuda-sumcheck-prime-field-montgomery-element-layout-specialized-points,18.8042,15.5867,0,0,0,15.5867,ok,true,129097695424685,129097695424685,1.188834,,experiments/h100/sweep_treduce/cases/zk_jellyfish_permcheck_hp_bw256_r18.log
zk_jellyfish_permcheck_hp,pi*fz - p1*p2*fz + 7*phi*D1*D2*D3*D4*D5*fz - 7*N1*N2*N3*N4*N5*fz,prime-field-montgomery,element,specialized,p255_bls12_381_scalar,256,8,0x73eda753299d7d483339d80809a1d80553bda402fffe5bfeffffffff00000001,20,1048576,15,7,4,2,10,whole-run,fixed,triton-sumcheck-prime-field-montgomery-element-layout-specialized-points-treduce,133.803,38.304,0.000,0.000000,0.000,38.304,ok,cuda-sumcheck-prime-field-montgomery-element-layout-specialized-points,37.7419,34.4633,0,0,0,34.4633,ok,true,144017082122277,144017082122277,1.111443,,experiments/h100/sweep_treduce/cases/zk_jellyfish_permcheck_hp_bw256_r20.log
zk_jellyfish_permcheck_hp,pi*fz - p1*p2*fz + 7*phi*D1*D2*D3*D4*D5*fz - 7*N1*N2*N3*N4*N5*fz,prime-field-montgomery,element,specialized,p255_bls12_381_scalar,256,8,0x73eda753299d7d483339d80809a1d80553bda402fffe5bfeffffffff00000001,22,4194304,15,7,4,2,10,whole-run,fixed,triton-sumcheck-prime-field-montgomery-element-layout-specialized-points-treduce,209.479,110.531,0.000,0.000000,0.000,110.531,ok,cuda-sumcheck-prime-field-montgomery-element-layout-specialized-points,120.34,107.961,0,0,0,107.961,ok,true,154700686106837,154700686106837,1.023805,,experiments/h100/sweep_treduce/cases/zk_jellyfish_permcheck_hp_bw256_r22.log
zk_jellyfish_permcheck_hp,pi*fz - p1*p2*fz + 7*phi*D1*D2*D3*D4*D5*fz - 7*N1*N2*N3*N4*N5*fz,prime-field-montgomery,element,specialized,p255_bls12_381_scalar,256,8,0x73eda753299d7d483339d80809a1d80553bda402fffe5bfeffffffff00000001,24,16777216,15,7,4,2,10,whole-run,fixed,triton-sumcheck-prime-field-montgomery-element-layout-specialized-points-treduce,487.077,390.380,0.000,0.000000,0.000,390.380,ok,cuda-sumcheck-prime-field-montgomery-element-layout-specialized-points,391.214,387.99,0,0,0,387.99,ok,true,166766272294648,166766272294648,1.006160,,experiments/h100/sweep_treduce/cases/zk_jellyfish_permcheck_hp_bw256_r24.log
zk_jellyfish_permcheck_hp,pi*fz - p1*p2*fz + 7*phi*D1*D2*D3*D4*D5*fz - 7*N1*N2*N3*N4*N5*fz,prime-field-montgomery,element,specialized,,256,,,26,67108864,15,7,4,2,10,whole-run,fixed,,,,,,,,skipped,,,,,,,,skipped,skipped,,,,returncode=1,experiments/h100/sweep_treduce/cases/zk_jellyfish_permcheck_hp_bw256_r26.log
zk_jellyfish_permcheck_hp,pi*fz - p1*p2*fz + 7*phi*D1*D2*D3*D4*D5*fz - 7*N1*N2*N3*N4*N5*fz,prime-field-montgomery,element,specialized,,256,,,28,268435456,15,7,4,2,10,whole-run,fixed,,,,,,,,skipped,,,,,,,,skipped,skipped,,,,returncode=1,experiments/h100/sweep_treduce/cases/zk_jellyfish_permcheck_hp_bw256_r28.log
zk_opencheck,y1*k1 + y2*k2 + y3*k3 + y4*k4 + y5*k5 + y6*k6,prime-field-montgomery,element,specialized,p32_2^32_minus_5,32,1,0xfffffffb,14,16384,12,2,6,2,10,whole-run,fixed,triton-sumcheck-prime-field-montgomery-element-layout-specialized-points-treduce,205.709,3.547,0.000,0.000000,0.000,3.547,ok,cuda-sumcheck-prime-field-montgomery-element-layout-specialized-points,1.14211,0.966272,0,0,0,0.966272,ok,true,1262833058942,1262833058942,3.670809,,experiments/h100/sweep_treduce/cases/zk_opencheck_bw32_r14.log
zk_opencheck,y1*k1 + y2*k2 + y3*k3 + y4*k4 + y5*k5 + y6*k6,prime-field-montgomery,element,specialized,p32_2^32_minus_5,32,1,0xfffffffb,16,65536,12,2,6,2,10,whole-run,fixed,triton-sumcheck-prime-field-montgomery-element-layout-specialized-points-treduce,54.325,4.650,0.000,0.000000,0.000,4.650,ok,cuda-sumcheck-prime-field-montgomery-element-layout-specialized-points,1.39878,1.21642,0,0,0,1.21642,ok,true,1232564667737,1232564667737,3.822693,,experiments/h100/sweep_treduce/cases/zk_opencheck_bw32_r16.log
zk_opencheck,y1*k1 + y2*k2 + y3*k3 + y4*k4 + y5*k5 + y6*k6,prime-field-montgomery,element,specialized,p32_2^32_minus_5,32,1,0xfffffffb,18,262144,12,2,6,2,10,whole-run,fixed,triton-sumcheck-prime-field-montgomery-element-layout-specialized-points-treduce,55.839,5.978,0.000,0.000000,0.000,5.978,ok,cuda-sumcheck-prime-field-montgomery-element-layout-specialized-points,1.66573,1.46749,0,0,0,1.46749,ok,true,1515483297588,1515483297588,4.073622,,experiments/h100/sweep_treduce/cases/zk_opencheck_bw32_r18.log
zk_opencheck,y1*k1 + y2*k2 + y3*k3 + y4*k4 + y5*k5 + y6*k6,prime-field-montgomery,element,specialized,p32_2^32_minus_5,32,1,0xfffffffb,20,1048576,12,2,6,2,10,whole-run,fixed,triton-sumcheck-prime-field-montgomery-element-layout-specialized-points-treduce,56.987,7.656,0.000,0.000000,0.000,7.656,ok,cuda-sumcheck-prime-field-montgomery-element-layout-specialized-points,2.05939,1.91629,0,0,0,1.91629,ok,true,1745741771670,1745741771670,3.995220,,experiments/h100/sweep_treduce/cases/zk_opencheck_bw32_r20.log
zk_opencheck,y1*k1 + y2*k2 + y3*k3 + y4*k4 + y5*k5 + y6*k6,prime-field-montgomery,element,specialized,p32_2^32_minus_5,32,1,0xfffffffb,22,4194304,12,2,6,2,10,whole-run,fixed,triton-sumcheck-prime-field-montgomery-element-layout-specialized-points-treduce,59.382,9.444,0.000,0.000000,0.000,9.444,ok,cuda-sumcheck-prime-field-montgomery-element-layout-specialized-points,3.05741,2.88576,0,0,0,2.88576,ok,true,1677483160366,1677483160366,3.272621,,experiments/h100/sweep_treduce/cases/zk_opencheck_bw32_r22.log
zk_opencheck,y1*k1 + y2*k2 + y3*k3 + y4*k4 + y5*k5 + y6*k6,prime-field-montgomery,element,specialized,p32_2^32_minus_5,32,1,0xfffffffb,24,16777216,12,2,6,2,10,whole-run,fixed,triton-sumcheck-prime-field-montgomery-element-layout-specialized-points-treduce,62.325,12.676,0.000,0.000000,0.000,12.676,ok,cuda-sumcheck-prime-field-montgomery-element-layout-specialized-points,6.30112,6.08131,0,0,0,6.08131,ok,true,2100535341255,2100535341255,2.084419,,experiments/h100/sweep_treduce/cases/zk_opencheck_bw32_r24.log
zk_opencheck,y1*k1 + y2*k2 + y3*k3 + y4*k4 + y5*k5 + y6*k6,prime-field-montgomery,element,specialized,p32_2^32_minus_5,32,1,0xfffffffb,26,67108864,12,2,6,2,10,whole-run,fixed,triton-sumcheck-prime-field-montgomery-element-layout-specialized-points-treduce,73.169,24.826,0.000,0.000000,0.000,24.826,ok,cuda-sumcheck-prime-field-montgomery-element-layout-specialized-points,18.0461,17.8959,0,0,0,17.8959,ok,true,2306713193538,2306713193538,1.387245,,experiments/h100/sweep_treduce/cases/zk_opencheck_bw32_r26.log
zk_opencheck,y1*k1 + y2*k2 + y3*k3 + y4*k4 + y5*k5 + y6*k6,prime-field-montgomery,element,specialized,p32_2^32_minus_5,32,1,0xfffffffb,28,268435456,12,2,6,2,10,whole-run,fixed,triton-sumcheck-prime-field-montgomery-element-layout-specialized-points-treduce,117.946,71.077,0.000,0.000000,0.000,71.077,ok,cuda-sumcheck-prime-field-montgomery-element-layout-specialized-points,63.9434,63.7758,0,0,0,63.7758,ok,true,2560695961031,2560695961031,1.114482,,experiments/h100/sweep_treduce/cases/zk_opencheck_bw32_r28.log
zk_opencheck,y1*k1 + y2*k2 + y3*k3 + y4*k4 + y5*k5 + y6*k6,prime-field-montgomery,element,specialized,p64_goldilocks,64,2,0xffffffff00000001,14,16384,12,2,6,2,10,whole-run,fixed,triton-sumcheck-prime-field-montgomery-element-layout-specialized-points-treduce,286.078,3.577,0.000,0.000000,0.000,3.577,ok,cuda-sumcheck-prime-field-montgomery-element-layout-specialized-points,1.24275,1.0505,0,0,0,1.0505,ok,true,3480229742626,3480229742626,3.405045,,experiments/h100/sweep_treduce/cases/zk_opencheck_bw64_r14.log
zk_opencheck,y1*k1 + y2*k2 + y3*k3 + y4*k4 + y5*k5 + y6*k6,prime-field-montgomery,element,specialized,p64_goldilocks,64,2,0xffffffff00000001,16,65536,12,2,6,2,10,whole-run,fixed,triton-sumcheck-prime-field-montgomery-element-layout-specialized-points-treduce,55.872,4.756,0.000,0.000000,0.000,4.756,ok,cuda-sumcheck-prime-field-montgomery-element-layout-specialized-points,1.52582,1.28637,0,0,0,1.28637,ok,true,4159848355624,4159848355624,3.697226,,experiments/h100/sweep_treduce/cases/zk_opencheck_bw64_r16.log
zk_opencheck,y1*k1 + y2*k2 + y3*k3 + y4*k4 + y5*k5 + y6*k6,prime-field-montgomery,element,specialized,p64_goldilocks,64,2,0xffffffff00000001,18,262144,12,2,6,2,10,whole-run,fixed,triton-sumcheck-prime-field-montgomery-element-layout-specialized-points-treduce,57.965,6.038,0.000,0.000000,0.000,6.038,ok,cuda-sumcheck-prime-field-montgomery-element-layout-specialized-points,1.7823,1.57501,0,0,0,1.57501,ok,true,4387027810490,4387027810490,3.833626,,experiments/h100/sweep_treduce/cases/zk_opencheck_bw64_r18.log
zk_opencheck,y1*k1 + y2*k2 + y3*k3 + y4*k4 + y5*k5 + y6*k6,prime-field-montgomery,element,specialized,p64_goldilocks,64,2,0xffffffff00000001,20,1048576,12,2,6,2,10,whole-run,fixed,triton-sumcheck-prime-field-montgomery-element-layout-specialized-points-treduce,58.628,7.734,0.000,0.000000,0.000,7.734,ok,cuda-sumcheck-prime-field-montgomery-element-layout-specialized-points,2.40922,2.26739,0,0,0,2.26739,ok,true,4661775753583,4661775753583,3.410970,,experiments/h100/sweep_treduce/cases/zk_opencheck_bw64_r20.log
zk_opencheck,y1*k1 + y2*k2 + y3*k3 + y4*k4 + y5*k5 + y6*k6,prime-field-montgomery,element,specialized,p64_goldilocks,64,2,0xffffffff00000001,22,4194304,12,2,6,2,10,whole-run,fixed,triton-sumcheck-prime-field-montgomery-element-layout-specialized-points-treduce,61.513,9.745,0.000,0.000000,0.000,9.745,ok,cuda-sumcheck-prime-field-montgomery-element-layout-specialized-points,4.14358,4.00998,0,0,0,4.00998,ok,true,5791359821910,5791359821910,2.430187,,experiments/h100/sweep_treduce/cases/zk_opencheck_bw64_r22.log
zk_opencheck,y1*k1 + y2*k2 + y3*k3 + y4*k4 + y5*k5 + y6*k6,prime-field-montgomery,element,specialized,p64_goldilocks,64,2,0xffffffff00000001,24,16777216,12,2,6,2,10,whole-run,fixed,triton-sumcheck-prime-field-montgomery-element-layout-specialized-points-treduce,65.558,15.973,0.000,0.000000,0.000,15.973,ok,cuda-sumcheck-prime-field-montgomery-element-layout-specialized-points,10.0448,9.88042,0,0,0,9.88042,ok,true,6247610036291,6247610036291,1.616632,,experiments/h100/sweep_treduce/cases/zk_opencheck_bw64_r24.log
zk_opencheck,y1*k1 + y2*k2 + y3*k3 + y4*k4 + y5*k5 + y6*k6,prime-field-montgomery,element,specialized,p64_goldilocks,64,2,0xffffffff00000001,26,67108864,12,2,6,2,10,whole-run,fixed,triton-sumcheck-prime-field-montgomery-element-layout-specialized-points-treduce,86.615,38.769,0.000,0.000000,0.000,38.769,ok,cuda-sumcheck-prime-field-montgomery-element-layout-specialized-points,32.7284,32.4939,0,0,0,32.4939,ok,true,5533862466535,5533862466535,1.193116,,experiments/h100/sweep_treduce/cases/zk_opencheck_bw64_r26.log
zk_opencheck,y1*k1 + y2*k2 + y3*k3 + y4*k4 + y5*k5 + y6*k6,prime-field-montgomery,element,specialized,p64_goldilocks,64,2,0xffffffff00000001,28,268435456,12,2,6,2,10,whole-run,fixed,triton-sumcheck-prime-field-montgomery-element-layout-specialized-points-treduce,177.130,130.400,0.000,0.000000,0.000,130.400,ok,cuda-sumcheck-prime-field-montgomery-element-layout-specialized-points,121.968,122.581,0,0,0,122.581,ok,true,6926411686259,6926411686259,1.063786,,experiments/h100/sweep_treduce/cases/zk_opencheck_bw64_r28.log
zk_opencheck,y1*k1 + y2*k2 + y3*k3 + y4*k4 + y5*k5 + y6*k6,prime-field-montgomery,element,specialized,p128_mersenne_2^127_minus_1,128,4,0x7fffffffffffffffffffffffffffffff,14,16384,12,2,6,2,10,whole-run,fixed,triton-sumcheck-prime-field-montgomery-element-layout-specialized-points-treduce,586.536,3.533,0.000,0.000000,0.000,3.533,ok,cuda-sumcheck-prime-field-montgomery-element-layout-specialized-points,1.38467,1.10307,0,0,0,1.10307,ok,true,3576456072072,3576456072072,3.202879,,experiments/h100/sweep_treduce/cases/zk_opencheck_bw128_r14.log
zk_opencheck,y1*k1 + y2*k2 + y3*k3 + y4*k4 + y5*k5 + y6*k6,prime-field-montgomery,element,specialized,p128_mersenne_2^127_minus_1,128,4,0x7fffffffffffffffffffffffffffffff,16,65536,12,2,6,2,10,whole-run,fixed,triton-sumcheck-prime-field-montgomery-element-layout-specialized-points-treduce,58.676,4.734,0.000,0.000000,0.000,4.734,ok,cuda-sumcheck-prime-field-montgomery-element-layout-specialized-points,1.68506,1.38877,0,0,0,1.38877,ok,true,4361471618634,4361471618634,3.408772,,experiments/h100/sweep_treduce/cases/zk_opencheck_bw128_r16.log
zk_opencheck,y1*k1 + y2*k2 + y3*k3 + y4*k4 + y5*k5 + y6*k6,prime-field-montgomery,element,specialized,p128_mersenne_2^127_minus_1,128,4,0x7fffffffffffffffffffffffffffffff,18,262144,12,2,6,2,10,whole-run,fixed,triton-sumcheck-prime-field-montgomery-element-layout-specialized-points-treduce,59.717,6.080,0.000,0.000000,0.000,6.080,ok,cuda-sumcheck-prime-field-montgomery-element-layout-specialized-points,2.07869,1.79107,0,0,0,1.79107,ok,true,4608918468024,4608918468024,3.394619,,experiments/h100/sweep_treduce/cases/zk_opencheck_bw128_r18.log
zk_opencheck,y1*k1 + y2*k2 + y3*k3 + y4*k4 + y5*k5 + y6*k6,prime-field-montgomery,element,specialized,p128_mersenne_2^127_minus_1,128,4,0x7fffffffffffffffffffffffffffffff,20,1048576,12,2,6,2,10,whole-run,fixed,triton-sumcheck-prime-field-montgomery-element-layout-specialized-points-treduce,61.148,7.737,0.000,0.000000,0.000,7.737,ok,cuda-sumcheck-prime-field-montgomery-element-layout-specialized-points,3.07142,2.8297,0,0,0,2.8297,ok,true,5106931756277,5106931756277,2.734212,,experiments/h100/sweep_treduce/cases/zk_opencheck_bw128_r20.log
zk_opencheck,y1*k1 + y2*k2 + y3*k3 + y4*k4 + y5*k5 + y6*k6,prime-field-montgomery,element,specialized,p128_mersenne_2^127_minus_1,128,4,0x7fffffffffffffffffffffffffffffff,22,4194304,12,2,6,2,10,whole-run,fixed,triton-sumcheck-prime-field-montgomery-element-layout-specialized-points-treduce,64.896,11.506,0.000,0.000000,0.000,11.506,ok,cuda-sumcheck-prime-field-montgomery-element-layout-specialized-points,6.25552,5.9593,0,0,0,5.9593,ok,true,7560217535702,7560217535702,1.930764,,experiments/h100/sweep_treduce/cases/zk_opencheck_bw128_r22.log
zk_opencheck,y1*k1 + y2*k2 + y3*k3 + y4*k4 + y5*k5 + y6*k6,prime-field-montgomery,element,specialized,p128_mersenne_2^127_minus_1,128,4,0x7fffffffffffffffffffffffffffffff,24,16777216,12,2,6,2,10,whole-run,fixed,triton-sumcheck-prime-field-montgomery-element-layout-specialized-points-treduce,75.634,23.699,0.000,0.000000,0.000,23.699,ok,cuda-sumcheck-prime-field-montgomery-element-layout-specialized-points,17.8355,17.5495,0,0,0,17.5495,ok,true,9905643653789,9905643653789,1.350409,,experiments/h100/sweep_treduce/cases/zk_opencheck_bw128_r24.log
zk_opencheck,y1*k1 + y2*k2 + y3*k3 + y4*k4 + y5*k5 + y6*k6,prime-field-montgomery,element,specialized,p128_mersenne_2^127_minus_1,128,4,0x7fffffffffffffffffffffffffffffff,26,67108864,12,2,6,2,10,whole-run,fixed,triton-sumcheck-prime-field-montgomery-element-layout-specialized-points-treduce,123.379,72.734,0.000,0.000000,0.000,72.734,ok,cuda-sumcheck-prime-field-montgomery-element-layout-specialized-points,63.1373,62.8543,0,0,0,62.8543,ok,true,9926000954441,9926000954441,1.157184,,experiments/h100/sweep_treduce/cases/zk_opencheck_bw128_r26.log
zk_opencheck,y1*k1 + y2*k2 + y3*k3 + y4*k4 + y5*k5 + y6*k6,prime-field-montgomery,element,specialized,,128,,,28,268435456,12,2,6,2,10,whole-run,fixed,,,,,,,,skipped,,,,,,,,skipped,skipped,,,,returncode=1,experiments/h100/sweep_treduce/cases/zk_opencheck_bw128_r28.log
zk_opencheck,y1*k1 + y2*k2 + y3*k3 + y4*k4 + y5*k5 + y6*k6,prime-field-montgomery,element,specialized,p255_bls12_381_scalar,256,8,0x73eda753299d7d483339d80809a1d80553bda402fffe5bfeffffffff00000001,14,16384,12,2,6,2,10,whole-run,fixed,triton-sumcheck-prime-field-montgomery-element-layout-specialized-points-treduce,2009.316,4.362,0.000,0.000000,0.000,4.362,ok,cuda-sumcheck-prime-field-montgomery-element-layout-specialized-points,2.06275,1.52426,0,0,0,1.52426,ok,true,37548486492218,37548486492218,2.861717,,experiments/h100/sweep_treduce/cases/zk_opencheck_bw256_r14.log
zk_opencheck,y1*k1 + y2*k2 + y3*k3 + y4*k4 + y5*k5 + y6*k6,prime-field-montgomery,element,specialized,p255_bls12_381_scalar,256,8,0x73eda753299d7d483339d80809a1d80553bda402fffe5bfeffffffff00000001,16,65536,12,2,6,2,10,whole-run,fixed,triton-sumcheck-prime-field-montgomery-element-layout-specialized-points-treduce,38.540,3.046,0.000,0.000000,0.000,3.046,ok,cuda-sumcheck-prime-field-montgomery-element-layout-specialized-points,2.47616,1.99398,0,0,0,1.99398,ok,true,46031421589816,46031421589816,1.527598,,experiments/h100/sweep_treduce/cases/zk_opencheck_bw256_r16.log
zk_opencheck,y1*k1 + y2*k2 + y3*k3 + y4*k4 + y5*k5 + y6*k6,prime-field-montgomery,element,specialized,p255_bls12_381_scalar,256,8,0x73eda753299d7d483339d80809a1d80553bda402fffe5bfeffffffff00000001,18,262144,12,2,6,2,10,whole-run,fixed,triton-sumcheck-prime-field-montgomery-element-layout-specialized-points-treduce,39.159,4.090,0.000,0.000000,0.000,4.090,ok,cuda-sumcheck-prime-field-montgomery-element-layout-specialized-points,3.33318,2.83629,0,0,0,2.83629,ok,true,47452072406856,47452072406856,1.442025,,experiments/h100/sweep_treduce/cases/zk_opencheck_bw256_r18.log
zk_opencheck,y1*k1 + y2*k2 + y3*k3 + y4*k4 + y5*k5 + y6*k6,prime-field-montgomery,element,specialized,p255_bls12_381_scalar,256,8,0x73eda753299d7d483339d80809a1d80553bda402fffe5bfeffffffff00000001,20,1048576,12,2,6,2,10,whole-run,fixed,triton-sumcheck-prime-field-montgomery-element-layout-specialized-points-treduce,41.686,6.759,0.000,0.000000,0.000,6.759,ok,cuda-sumcheck-prime-field-montgomery-element-layout-specialized-points,5.60995,5.12326,0,0,0,5.12326,ok,true,53045358594397,53045358594397,1.319277,,experiments/h100/sweep_treduce/cases/zk_opencheck_bw256_r20.log
zk_opencheck,y1*k1 + y2*k2 + y3*k3 + y4*k4 + y5*k5 + y6*k6,prime-field-montgomery,element,specialized,p255_bls12_381_scalar,256,8,0x73eda753299d7d483339d80809a1d80553bda402fffe5bfeffffffff00000001,22,4194304,12,2,6,2,10,whole-run,fixed,triton-sumcheck-prime-field-montgomery-element-layout-specialized-points-treduce,50.015,15.426,0.000,0.000000,0.000,15.426,ok,cuda-sumcheck-prime-field-montgomery-element-layout-specialized-points,13.0856,12.6014,0,0,0,12.6014,ok,true,59807961700097,59807961700097,1.224150,,experiments/h100/sweep_treduce/cases/zk_opencheck_bw256_r22.log
zk_opencheck,y1*k1 + y2*k2 + y3*k3 + y4*k4 + y5*k5 + y6*k6,prime-field-montgomery,element,specialized,p255_bls12_381_scalar,256,8,0x73eda753299d7d483339d80809a1d80553bda402fffe5bfeffffffff00000001,24,16777216,12,2,6,2,10,whole-run,fixed,triton-sumcheck-prime-field-montgomery-element-layout-specialized-points-treduce,83.411,48.501,0.000,0.000000,0.000,48.501,ok,cuda-sumcheck-prime-field-montgomery-element-layout-specialized-points,41.7072,41.5323,0,0,0,41.5323,ok,true,67243387918005,67243387918005,1.167790,,experiments/h100/sweep_treduce/cases/zk_opencheck_bw256_r24.log
zk_opencheck,y1*k1 + y2*k2 + y3*k3 + y4*k4 + y5*k5 + y6*k6,prime-field-montgomery,element,specialized,p255_bls12_381_scalar,256,8,0x73eda753299d7d483339d80809a1d80553bda402fffe5bfeffffffff00000001,26,67108864,12,2,6,2,10,whole-run,fixed,triton-sumcheck-prime-field-montgomery-element-layout-specialized-points-treduce,216.822,185.217,0.000,0.000000,0.000,185.217,ok,cuda-sumcheck-prime-field-montgomery-element-layout-specialized-points,158.37,166.324,0,0,0,166.324,ok,true,71597515821585,71597515821585,1.113592,,experiments/h100/sweep_treduce/cases/zk_opencheck_bw256_r26.log
zk_opencheck,y1*k1 + y2*k2 + y3*k3 + y4*k4 + y5*k5 + y6*k6,prime-field-montgomery,element,specialized,,256,,,28,268435456,12,2,6,2,10,whole-run,fixed,,,,,,,,skipped,,,,,,,,skipped,skipped,,,,returncode=1,experiments/h100/sweep_treduce/cases/zk_opencheck_bw256_r28.log
zk_jellyfish_zerocheck_hp,qL*w1*fz + qR*w2*fz + qM*w1*w2*fz - qO*w3*fz + q1*w1*fz + q2*w2*fz + q3*w3*fz + q4*w4*fz - qO*w5*fz + qM1*w1*w2*fz + qM2*w3*w4*fz + qH1*w1*w1*w1*w1*w1*fz + qH2*w2*w2*w2*w2*w2*fz + qH3*w3*w3*w3*w3*w3*fz + qH4*w4*w4*w4*w4*w4*fz + qECC*w1*w2*w3*w4*fz + qc*fz,prime-field-montgomery,element,specialized,p32_2^32_minus_5,32,1,0xfffffffb,14,16384,22,7,17,2,10,whole-run,fixed,triton-sumcheck-prime-field-montgomery-element-layout-specialized-points-treduce,231.241,8.643,0.000,0.000000,0.000,8.643,ok,cuda-sumcheck-prime-field-montgomery-element-layout-specialized-points,3.22672,2.76714,0,0,0,2.76714,ok,true,2823215150314,2823215150314,3.123442,,experiments/h100/sweep_treduce/cases/zk_jellyfish_zerocheck_hp_bw32_r14.log
zk_jellyfish_zerocheck_hp,qL*w1*fz + qR*w2*fz + qM*w1*w2*fz - qO*w3*fz + q1*w1*fz + q2*w2*fz + q3*w3*fz + q4*w4*fz - qO*w5*fz + qM1*w1*w2*fz + qM2*w3*w4*fz + qH1*w1*w1*w1*w1*w1*fz + qH2*w2*w2*w2*w2*w2*fz + qH3*w3*w3*w3*w3*w3*fz + qH4*w4*w4*w4*w4*w4*fz + qECC*w1*w2*w3*w4*fz + qc*fz,prime-field-montgomery,element,specialized,p32_2^32_minus_5,32,1,0xfffffffb,16,65536,22,7,17,2,10,whole-run,fixed,triton-sumcheck-prime-field-montgomery-element-layout-specialized-points-treduce,82.501,11.411,0.000,0.000000,0.000,11.411,ok,cuda-sumcheck-prime-field-montgomery-element-layout-specialized-points,3.78941,3.29018,0,0,0,3.29018,ok,true,3425196206978,3425196206978,3.468199,,experiments/h100/sweep_treduce/cases/zk_jellyfish_zerocheck_hp_bw32_r16.log
zk_jellyfish_zerocheck_hp,qL*w1*fz + qR*w2*fz + qM*w1*w2*fz - qO*w3*fz + q1*w1*fz + q2*w2*fz + q3*w3*fz + q4*w4*fz - qO*w5*fz + qM1*w1*w2*fz + qM2*w3*w4*fz + qH1*w1*w1*w1*w1*w1*fz + qH2*w2*w2*w2*w2*w2*fz + qH3*w3*w3*w3*w3*w3*fz + qH4*w4*w4*w4*w4*w4*fz + qECC*w1*w2*w3*w4*fz + qc*fz,prime-field-montgomery,element,specialized,p32_2^32_minus_5,32,1,0xfffffffb,18,262144,22,7,17,2,10,whole-run,fixed,triton-sumcheck-prime-field-montgomery-element-layout-specialized-points-treduce,86.212,15.396,0.000,0.000000,0.000,15.396,ok,cuda-sumcheck-prime-field-montgomery-element-layout-specialized-points,4.76202,4.20957,0,0,0,4.20957,ok,true,3886855567270,3886855567270,3.657381,,experiments/h100/sweep_treduce/cases/zk_jellyfish_zerocheck_hp_bw32_r18.log
zk_jellyfish_zerocheck_hp,qL*w1*fz + qR*w2*fz + qM*w1*w2*fz - qO*w3*fz + q1*w1*fz + q2*w2*fz + q3*w3*fz + q4*w4*fz - qO*w5*fz + qM1*w1*w2*fz + qM2*w3*w4*fz + qH1*w1*w1*w1*w1*w1*fz + qH2*w2*w2*w2*w2*w2*fz + qH3*w3*w3*w3*w3*w3*fz + qH4*w4*w4*w4*w4*w4*fz + qECC*w1*w2*w3*w4*fz + qc*fz,prime-field-montgomery,element,specialized,p32_2^32_minus_5,32,1,0xfffffffb,20,1048576,22,7,17,2,10,whole-run,fixed,triton-sumcheck-prime-field-montgomery-element-layout-specialized-points-treduce,89.845,19.718,0.000,0.000000,0.000,19.718,ok,cuda-sumcheck-prime-field-montgomery-element-layout-specialized-points,6.14038,5.64864,0,0,0,5.64864,ok,true,4455850897641,4455850897641,3.490752,,experiments/h100/sweep_treduce/cases/zk_jellyfish_zerocheck_hp_bw32_r20.log
zk_jellyfish_zerocheck_hp,qL*w1*fz + qR*w2*fz + qM*w1*w2*fz - qO*w3*fz + q1*w1*fz + q2*w2*fz + q3*w3*fz + q4*w4*fz - qO*w5*fz + qM1*w1*w2*fz + qM2*w3*w4*fz + qH1*w1*w1*w1*w1*w1*fz + qH2*w2*w2*w2*w2*w2*fz + qH3*w3*w3*w3*w3*w3*fz + qH4*w4*w4*w4*w4*w4*fz + qECC*w1*w2*w3*w4*fz + qc*fz,prime-field-montgomery,element,specialized,p32_2^32_minus_5,32,1,0xfffffffb,22,4194304,22,7,17,2,10,whole-run,fixed,triton-sumcheck-prime-field-montgomery-element-layout-specialized-points-treduce,94.162,24.213,0.000,0.000000,0.000,24.213,ok,cuda-sumcheck-prime-field-montgomery-element-layout-specialized-points,10.1401,9.69219,0,0,0,9.69219,ok,true,5014171901635,5014171901635,2.498197,,experiments/h100/sweep_treduce/cases/zk_jellyfish_zerocheck_hp_bw32_r22.log
zk_jellyfish_zerocheck_hp,qL*w1*fz + qR*w2*fz + qM*w1*w2*fz - qO*w3*fz + q1*w1*fz + q2*w2*fz + q3*w3*fz + q4*w4*fz - qO*w5*fz + qM1*w1*w2*fz + qM2*w3*w4*fz + qH1*w1*w1*w1*w1*w1*fz + qH2*w2*w2*w2*w2*w2*fz + qH3*w3*w3*w3*w3*w3*fz + qH4*w4*w4*w4*w4*w4*fz + qECC*w1*w2*w3*w4*fz + qc*fz,prime-field-montgomery,element,specialized,p32_2^32_minus_5,32,1,0xfffffffb,24,16777216,22,7,17,2,10,whole-run,fixed,triton-sumcheck-prime-field-montgomery-element-layout-specialized-points-treduce,107.424,38.864,0.000,0.000000,0.000,38.864,ok,cuda-sumcheck-prime-field-montgomery-element-layout-specialized-points,22.7673,22.3418,0,0,0,22.3418,ok,true,5521674021669,5521674021669,1.739520,,experiments/h100/sweep_treduce/cases/zk_jellyfish_zerocheck_hp_bw32_r24.log
zk_jellyfish_zerocheck_hp,qL*w1*fz + qR*w2*fz + qM*w1*w2*fz - qO*w3*fz + q1*w1*fz + q2*w2*fz + q3*w3*fz + q4*w4*fz - qO*w5*fz + qM1*w1*w2*fz + qM2*w3*w4*fz + qH1*w1*w1*w1*w1*w1*fz + qH2*w2*w2*w2*w2*w2*fz + qH3*w3*w3*w3*w3*w3*fz + qH4*w4*w4*w4*w4*w4*fz + qECC*w1*w2*w3*w4*fz + qc*fz,prime-field-montgomery,element,specialized,p32_2^32_minus_5,32,1,0xfffffffb,26,67108864,22,7,17,2,10,whole-run,fixed,triton-sumcheck-prime-field-montgomery-element-layout-specialized-points-treduce,160.953,93.977,0.000,0.000000,0.000,93.977,ok,cuda-sumcheck-prime-field-montgomery-element-layout-specialized-points,70.1486,70.7895,0,0,0,70.7895,ok,true,5898448727639,5898448727639,1.327556,,experiments/h100/sweep_treduce/cases/zk_jellyfish_zerocheck_hp_bw32_r26.log
zk_jellyfish_zerocheck_hp,qL*w1*fz + qR*w2*fz + qM*w1*w2*fz - qO*w3*fz + q1*w1*fz + q2*w2*fz + q3*w3*fz + q4*w4*fz - qO*w5*fz + qM1*w1*w2*fz + qM2*w3*w4*fz + qH1*w1*w1*w1*w1*w1*fz + qH2*w2*w2*w2*w2*w2*fz + qH3*w3*w3*w3*w3*w3*fz + qH4*w4*w4*w4*w4*w4*fz + qECC*w1*w2*w3*w4*fz + qc*fz,prime-field-montgomery,element,specialized,p32_2^32_minus_5,32,1,0xfffffffb,28,268435456,22,7,17,2,10,whole-run,fixed,triton-sumcheck-prime-field-montgomery-element-layout-specialized-points-treduce,376.199,314.130,0.000,0.000000,0.000,314.130,ok,cuda-sumcheck-prime-field-montgomery-element-layout-specialized-points,262.703,272.226,0,0,0,272.226,ok,true,6107584054299,6107584054299,1.153931,,experiments/h100/sweep_treduce/cases/zk_jellyfish_zerocheck_hp_bw32_r28.log
zk_jellyfish_zerocheck_hp,qL*w1*fz + qR*w2*fz + qM*w1*w2*fz - qO*w3*fz + q1*w1*fz + q2*w2*fz + q3*w3*fz + q4*w4*fz - qO*w5*fz + qM1*w1*w2*fz + qM2*w3*w4*fz + qH1*w1*w1*w1*w1*w1*fz + qH2*w2*w2*w2*w2*w2*fz + qH3*w3*w3*w3*w3*w3*fz + qH4*w4*w4*w4*w4*w4*fz + qECC*w1*w2*w3*w4*fz + qc*fz,prime-field-montgomery,element,specialized,p64_goldilocks,64,2,0xffffffff00000001,14,16384,22,7,17,2,10,whole-run,fixed,triton-sumcheck-prime-field-montgomery-element-layout-specialized-points-treduce,200.598,5.590,0.000,0.000000,0.000,5.590,ok,cuda-sumcheck-prime-field-montgomery-element-layout-specialized-points,5.15232,3.90659,0,0,0,3.90659,ok,true,9635345457894,9635345457894,1.430915,,experiments/h100/sweep_treduce/cases/zk_jellyfish_zerocheck_hp_bw64_r14.log
zk_jellyfish_zerocheck_hp,qL*w1*fz + qR*w2*fz + qM*w1*w2*fz - qO*w3*fz + q1*w1*fz + q2*w2*fz + q3*w3*fz + q4*w4*fz - qO*w5*fz + qM1*w1*w2*fz + qM2*w3*w4*fz + qH1*w1*w1*w1*w1*w1*fz + qH2*w2*w2*w2*w2*w2*fz + qH3*w3*w3*w3*w3*w3*fz + qH4*w4*w4*w4*w4*w4*fz + qECC*w1*w2*w3*w4*fz + qc*fz,prime-field-montgomery,element,specialized,p64_goldilocks,64,2,0xffffffff00000001,16,65536,22,7,17,2,10,whole-run,fixed,triton-sumcheck-prime-field-montgomery-element-layout-specialized-points-treduce,62.337,7.068,0.000,0.000000,0.000,7.068,ok,cuda-sumcheck-prime-field-montgomery-element-layout-specialized-points,6.11501,4.82838,0,0,0,4.82838,ok,true,10380823898445,10380823898445,1.463845,,experiments/h100/sweep_treduce/cases/zk_jellyfish_zerocheck_hp_bw64_r16.log
zk_jellyfish_zerocheck_hp,qL*w1*fz + qR*w2*fz + qM*w1*w2*fz - qO*w3*fz + q1*w1*fz + q2*w2*fz + q3*w3*fz + q4*w4*fz - qO*w5*fz + qM1*w1*w2*fz + qM2*w3*w4*fz + qH1*w1*w1*w1*w1*w1*fz + qH2*w2*w2*w2*w2*w2*fz + qH3*w3*w3*w3*w3*w3*fz + qH4*w4*w4*w4*w4*w4*fz + qECC*w1*w2*w3*w4*fz + qc*fz,prime-field-montgomery,element,specialized,p64_goldilocks,64,2,0xffffffff00000001,18,262144,22,7,17,2,10,whole-run,fixed,triton-sumcheck-prime-field-montgomery-element-layout-specialized-points-treduce,103.930,15.377,0.000,0.000000,0.000,15.377,ok,cuda-sumcheck-prime-field-montgomery-element-layout-specialized-points,7.55549,6.23021,0,0,0,6.23021,ok,true,12675677375712,12675677375712,2.468135,,experiments/h100/sweep_treduce/cases/zk_jellyfish_zerocheck_hp_bw64_r18.log
zk_jellyfish_zerocheck_hp,qL*w1*fz + qR*w2*fz + qM*w1*w2*fz - qO*w3*fz + q1*w1*fz + q2*w2*fz + q3*w3*fz + q4*w4*fz - qO*w5*fz + qM1*w1*w2*fz + qM2*w3*w4*fz + qH1*w1*w1*w1*w1*w1*fz + qH2*w2*w2*w2*w2*w2*fz + qH3*w3*w3*w3*w3*w3*fz + qH4*w4*w4*w4*w4*w4*fz + qECC*w1*w2*w3*w4*fz + qc*fz,prime-field-montgomery,element,specialized,p64_goldilocks,64,2,0xffffffff00000001,20,1048576,22,7,17,2,10,whole-run,fixed,triton-sumcheck-prime-field-montgomery-element-layout-specialized-points-treduce,107.143,20.005,0.000,0.000000,0.000,20.005,ok,cuda-sumcheck-prime-field-montgomery-element-layout-specialized-points,10.6067,9.40176,0,0,0,9.40176,ok,true,12979805585500,12979805585500,2.127793,,experiments/h100/sweep_treduce/cases/zk_jellyfish_zerocheck_hp_bw64_r20.log
zk_jellyfish_zerocheck_hp,qL*w1*fz + qR*w2*fz + qM*w1*w2*fz - qO*w3*fz + q1*w1*fz + q2*w2*fz + q3*w3*fz + q4*w4*fz - qO*w5*fz + qM1*w1*w2*fz + qM2*w3*w4*fz + qH1*w1*w1*w1*w1*w1*fz + qH2*w2*w2*w2*w2*w2*fz + qH3*w3*w3*w3*w3*w3*fz + qH4*w4*w4*w4*w4*w4*fz + qECC*w1*w2*w3*w4*fz + qc*fz,prime-field-montgomery,element,specialized,p64_goldilocks,64,2,0xffffffff00000001,22,4194304,22,7,17,2,10,whole-run,fixed,triton-sumcheck-prime-field-montgomery-element-layout-specialized-points-treduce,117.878,29.884,0.000,0.000000,0.000,29.884,ok,cuda-sumcheck-prime-field-montgomery-element-layout-specialized-points,21.0347,19.7183,0,0,0,19.7183,ok,true,14140140380678,14140140380678,1.515546,,experiments/h100/sweep_treduce/cases/zk_jellyfish_zerocheck_hp_bw64_r22.log
zk_jellyfish_zerocheck_hp,qL*w1*fz + qR*w2*fz + qM*w1*w2*fz - qO*w3*fz + q1*w1*fz + q2*w2*fz + q3*w3*fz + q4*w4*fz - qO*w5*fz + qM1*w1*w2*fz + qM2*w3*w4*fz + qH1*w1*w1*w1*w1*w1*fz + qH2*w2*w2*w2*w2*w2*fz + qH3*w3*w3*w3*w3*w3*fz + qH4*w4*w4*w4*w4*w4*fz + qECC*w1*w2*w3*w4*fz + qc*fz,prime-field-montgomery,element,specialized,p64_goldilocks,64,2,0xffffffff00000001,24,16777216,22,7,17,2,10,whole-run,fixed,triton-sumcheck-prime-field-montgomery-element-layout-specialized-points-treduce,154.233,67.664,0.000,0.000000,0.000,67.664,ok,cuda-sumcheck-prime-field-montgomery-element-layout-specialized-points,57.7978,56.6449,0,0,0,56.6449,ok,true,16234202295701,16234202295701,1.194529,,experiments/h100/sweep_treduce/cases/zk_jellyfish_zerocheck_hp_bw64_r24.log
zk_jellyfish_zerocheck_hp,qL*w1*fz + qR*w2*fz + qM*w1*w2*fz - qO*w3*fz + q1*w1*fz + q2*w2*fz + q3*w3*fz + q4*w4*fz - qO*w5*fz + qM1*w1*w2*fz + qM2*w3*w4*fz + qH1*w1*w1*w1*w1*w1*fz + qH2*w2*w2*w2*w2*w2*fz + qH3*w3*w3*w3*w3*w3*fz + qH4*w4*w4*w4*w4*w4*fz + qECC*w1*w2*w3*w4*fz + qc*fz,prime-field-montgomery,element,specialized,p64_goldilocks,64,2,0xffffffff00000001,26,67108864,22,7,17,2,10,whole-run,fixed,triton-sumcheck-prime-field-montgomery-element-layout-specialized-points-treduce,297.234,218.062,0.000,0.000000,0.000,218.062,ok,cuda-sumcheck-prime-field-montgomery-element-layout-specialized-points,204.741,205.339,0,0,0,205.339,ok,true,17964226537127,17964226537127,1.061961,,experiments/h100/sweep_treduce/cases/zk_jellyfish_zerocheck_hp_bw64_r26.log
zk_jellyfish_zerocheck_hp,qL*w1*fz + qR*w2*fz + qM*w1*w2*fz - qO*w3*fz + q1*w1*fz + q2*w2*fz + q3*w3*fz + q4*w4*fz - qO*w5*fz + qM1*w1*w2*fz + qM2*w3*w4*fz + qH1*w1*w1*w1*w1*w1*fz + qH2*w2*w2*w2*w2*w2*fz + qH3*w3*w3*w3*w3*w3*fz + qH4*w4*w4*w4*w4*w4*fz + qECC*w1*w2*w3*w4*fz + qc*fz,prime-field-montgomery,element,specialized,,64,,,28,268435456,22,7,17,2,10,whole-run,fixed,,,,,,,,skipped,,,,,,,,skipped,skipped,,,,returncode=1,experiments/h100/sweep_treduce/cases/zk_jellyfish_zerocheck_hp_bw64_r28.log
zk_jellyfish_zerocheck_hp,qL*w1*fz + qR*w2*fz + qM*w1*w2*fz - qO*w3*fz + q1*w1*fz + q2*w2*fz + q3*w3*fz + q4*w4*fz - qO*w5*fz + qM1*w1*w2*fz + qM2*w3*w4*fz + qH1*w1*w1*w1*w1*w1*fz + qH2*w2*w2*w2*w2*w2*fz + qH3*w3*w3*w3*w3*w3*fz + qH4*w4*w4*w4*w4*w4*fz + qECC*w1*w2*w3*w4*fz + qc*fz,prime-field-montgomery,element,specialized,p128_mersenne_2^127_minus_1,128,4,0x7fffffffffffffffffffffffffffffff,14,16384,22,7,17,2,10,whole-run,fixed,triton-sumcheck-prime-field-montgomery-element-layout-specialized-points-treduce,460.445,8.416,0.000,0.000000,0.000,8.416,ok,cuda-sumcheck-prime-field-montgomery-element-layout-specialized-points,10.3821,7.33482,0,0,0,7.33482,ok,true,25043643122628,25043643122628,1.147404,,experiments/h100/sweep_treduce/cases/zk_jellyfish_zerocheck_hp_bw128_r14.log
zk_jellyfish_zerocheck_hp,qL*w1*fz + qR*w2*fz + qM*w1*w2*fz - qO*w3*fz + q1*w1*fz + q2*w2*fz + q3*w3*fz + q4*w4*fz - qO*w5*fz + qM1*w1*w2*fz + qM2*w3*w4*fz + qH1*w1*w1*w1*w1*w1*fz + qH2*w2*w2*w2*w2*w2*fz + qH3*w3*w3*w3*w3*w3*fz + qH4*w4*w4*w4*w4*w4*fz + qECC*w1*w2*w3*w4*fz + qc*fz,prime-field-montgomery,element,specialized,p128_mersenne_2^127_minus_1,128,4,0x7fffffffffffffffffffffffffffffff,16,65536,22,7,17,2,10,whole-run,fixed,triton-sumcheck-prime-field-montgomery-element-layout-specialized-points-treduce,102.586,10.453,0.000,0.000000,0.000,10.453,ok,cuda-sumcheck-prime-field-montgomery-element-layout-specialized-points,12.0585,9.05338,0,0,0,9.05338,ok,true,27449386871322,27449386871322,1.154596,,experiments/h100/sweep_treduce/cases/zk_jellyfish_zerocheck_hp_bw128_r16.log
zk_jellyfish_zerocheck_hp,qL*w1*fz + qR*w2*fz + qM*w1*w2*fz - qO*w3*fz + q1*w1*fz + q2*w2*fz + q3*w3*fz + q4*w4*fz - qO*w5*fz + qM1*w1*w2*fz + qM2*w3*w4*fz + qH1*w1*w1*w1*w1*w1*fz + qH2*w2*w2*w2*w2*w2*fz + qH3*w3*w3*w3*w3*w3*fz + qH4*w4*w4*w4*w4*w4*fz + qECC*w1*w2*w3*w4*fz + qc*fz,prime-field-montgomery,element,specialized,p128_mersenne_2^127_minus_1,128,4,0x7fffffffffffffffffffffffffffffff,18,262144,22,7,17,2,10,whole-run,fixed,triton-sumcheck-prime-field-montgomery-element-layout-specialized-points-treduce,163.062,19.544,0.000,0.000000,0.000,19.544,ok,cuda-sumcheck-prime-field-montgomery-element-layout-specialized-points,16.6078,13.6203,0,0,0,13.6203,ok,true,32437158443469,32437158443469,1.434917,,experiments/h100/sweep_treduce/cases/zk_jellyfish_zerocheck_hp_bw128_r18.log
zk_jellyfish_zerocheck_hp,qL*w1*fz + qR*w2*fz + qM*w1*w2*fz - qO*w3*fz + q1*w1*fz + q2*w2*fz + q3*w3*fz + q4*w4*fz - qO*w5*fz + qM1*w1*w2*fz + qM2*w3*w4*fz + qH1*w1*w1*w1*w1*w1*fz + qH2*w2*w2*w2*w2*w2*fz + qH3*w3*w3*w3*w3*w3*fz + qH4*w4*w4*w4*w4*w4*fz + qECC*w1*w2*w3*w4*fz + qc*fz,prime-field-montgomery,element,specialized,p128_mersenne_2^127_minus_1,128,4,0x7fffffffffffffffffffffffffffffff,20,1048576,22,7,17,2,10,whole-run,fixed,triton-sumcheck-prime-field-montgomery-element-layout-specialized-points-treduce,259.300,34.098,0.000,0.000000,0.000,34.098,ok,cuda-sumcheck-prime-field-montgomery-element-layout-specialized-points,30.0367,27.0677,0,0,0,27.0677,ok,true,36290264185734,36290264185734,1.259730,,experiments/h100/sweep_treduce/cases/zk_jellyfish_zerocheck_hp_bw128_r20.log
zk_jellyfish_zerocheck_hp,qL*w1*fz + qR*w2*fz + qM*w1*w2*fz - qO*w3*fz + q1*w1*fz + q2*w2*fz + q3*w3*fz + q4*w4*fz - qO*w5*fz + qM1*w1*w2*fz + qM2*w3*w4*fz + qH1*w1*w1*w1*w1*w1*fz + qH2*w2*w2*w2*w2*w2*fz + qH3*w3*w3*w3*w3*w3*fz + qH4*w4*w4*w4*w4*w4*fz + qECC*w1*w2*w3*w4*fz + qc*fz,prime-field-montgomery,element,specialized,p128_mersenne_2^127_minus_1,128,4,0x7fffffffffffffffffffffffffffffff,22,4194304,22,7,17,2,10,whole-run,fixed,triton-sumcheck-prime-field-montgomery-element-layout-specialized-points-treduce,231.806,88.539,0.000,0.000000,0.000,88.539,ok,cuda-sumcheck-prime-field-montgomery-element-layout-specialized-points,78.4093,75.5667,0,0,0,75.5667,ok,true,39081794519690,39081794519690,1.171667,,experiments/h100/sweep_treduce/cases/zk_jellyfish_zerocheck_hp_bw128_r22.log
zk_jellyfish_zerocheck_hp,qL*w1*fz + qR*w2*fz + qM*w1*w2*fz - qO*w3*fz + q1*w1*fz + q2*w2*fz + q3*w3*fz + q4*w4*fz - qO*w5*fz + qM1*w1*w2*fz + qM2*w3*w4*fz + qH1*w1*w1*w1*w1*w1*fz + qH2*w2*w2*w2*w2*w2*fz + qH3*w3*w3*w3*w3*w3*fz + qH4*w4*w4*w4*w4*w4*fz + qECC*w1*w2*w3*w4*fz + qc*fz,prime-field-montgomery,element,specialized,p128_mersenne_2^127_minus_1,128,4,0x7fffffffffffffffffffffffffffffff,24,16777216,22,7,17,2,10,whole-run,fixed,triton-sumcheck-prime-field-montgomery-element-layout-specialized-points-treduce,431.672,290.673,0.000,0.000000,0.000,290.673,ok,cuda-sumcheck-prime-field-montgomery-element-layout-specialized-points,280.63,277.694,0,0,0,277.694,ok,true,42962542106276,42962542106276,1.046738,,experiments/h100/sweep_treduce/cases/zk_jellyfish_zerocheck_hp_bw128_r24.log
zk_jellyfish_zerocheck_hp,qL*w1*fz + qR*w2*fz + qM*w1*w2*fz - qO*w3*fz + q1*w1*fz + q2*w2*fz + q3*w3*fz + q4*w4*fz - qO*w5*fz + qM1*w1*w2*fz + qM2*w3*w4*fz + qH1*w1*w1*w1*w1*w1*fz + qH2*w2*w2*w2*w2*w2*fz + qH3*w3*w3*w3*w3*w3*fz + qH4*w4*w4*w4*w4*w4*fz + qECC*w1*w2*w3*w4*fz + qc*fz,prime-field-montgomery,element,specialized,p128_mersenne_2^127_minus_1,128,4,0x7fffffffffffffffffffffffffffffff,26,67108864,22,7,17,2,10,whole-run,fixed,triton-sumcheck-prime-field-montgomery-element-layout-specialized-points-treduce,1232.235,1087.497,0.000,0.000000,0.000,1087.497,ok,cuda-sumcheck-prime-field-montgomery-element-layout-specialized-points,1084.67,1081.98,0,0,0,1081.98,ok,true,45100032574545,45100032574545,1.005099,,experiments/h100/sweep_treduce/cases/zk_jellyfish_zerocheck_hp_bw128_r26.log
zk_jellyfish_zerocheck_hp,qL*w1*fz + qR*w2*fz + qM*w1*w2*fz - qO*w3*fz + q1*w1*fz + q2*w2*fz + q3*w3*fz + q4*w4*fz - qO*w5*fz + qM1*w1*w2*fz + qM2*w3*w4*fz + qH1*w1*w1*w1*w1*w1*fz + qH2*w2*w2*w2*w2*w2*fz + qH3*w3*w3*w3*w3*w3*fz + qH4*w4*w4*w4*w4*w4*fz + qECC*w1*w2*w3*w4*fz + qc*fz,prime-field-montgomery,element,specialized,,128,,,28,268435456,22,7,17,2,10,whole-run,fixed,,,,,,,,skipped,,,,,,,,skipped,skipped,,,,returncode=1,experiments/h100/sweep_treduce/cases/zk_jellyfish_zerocheck_hp_bw128_r28.log
