$ /home/ubuntu/venvs/zkduel-table5/bin/python -u benchmarks/field_sweep/compare_triton_cuda.py --workloads zk_verifiable_asics --bit-widths 256 --rounds 14 --warmups 2 --repeats 10 --seed 1 --timing-mode whole-run --challenge-mode fixed --layout element --point-mode specialized --block 128 --python /home/ubuntu/venvs/zkduel-table5/bin/python --triton-script benchmarks/field_sweep/triton_sweep.py --cuda-binary build/field_sumcheck_cuda_fixed --skip-build --triton-out CAMERA-READY/h100/sweep_fixed/cases_zk_256/zk_verifiable_asics_bw256_r14_triton.csv --cuda-out CAMERA-READY/h100/sweep_fixed/cases_zk_256/zk_verifiable_asics_bw256_r14_cuda.csv --out CAMERA-READY/h100/sweep_fixed/cases_zk_256/zk_verifiable_asics_bw256_r14_joined.csv
$ /home/ubuntu/venvs/zkduel-table5/bin/python -u benchmarks/field_sweep/triton_sweep.py --workloads zk_verifiable_asics --rounds 14 --bit-widths 256 --warmups 2 --repeats 10 --seed 1 --timing-mode whole-run --challenge-mode fixed --layout element --point-mode specialized --out CAMERA-READY/h100/sweep_fixed/cases_zk_256/zk_verifiable_asics_bw256_r14_triton.csv
zk_verifiable_asics      field=p255_bls12_381_scalar        rounds=14 first_ms=3777.744 median_ms=6.740 checksum=47415430552295
CAMERA-READY/h100/sweep_fixed/cases_zk_256/zk_verifiable_asics_bw256_r14_triton.csv
$ build/field_sumcheck_cuda_fixed --workloads zk_verifiable_asics --rounds 14 --bit-widths 256 --warmups 2 --repeats 10 --seed 1 --timing-mode whole-run --challenge-mode fixed --layout element --point-mode specialized --block 128 --out CAMERA-READY/h100/sweep_fixed/cases_zk_256/zk_verifiable_asics_bw256_r14_cuda.csv
zk_verifiable_asics field=p255_bls12_381_scalar rounds=14 first_ms=2.65566 median_ms=1.98127 checksum=47415430552295
zk_verifiable_asics      field=p255_bls12_381_scalar        rounds=14 triton_ms=6.740 cuda_ms=1.98127 checksum_match=true speedup=3.401858
CAMERA-READY/h100/sweep_fixed/cases_zk_256/zk_verifiable_asics_bw256_r14_joined.csv
ok: zk_verifiable_asics_bw256_r14
CAMERA-READY/h100/sweep_fixed/zk_256.csv
$ /home/ubuntu/venvs/zkduel-table5/bin/python -u benchmarks/field_sweep/compare_triton_cuda.py --workloads zk_verifiable_asics --bit-widths 256 --rounds 16 --warmups 2 --repeats 10 --seed 1 --timing-mode whole-run --challenge-mode fixed --layout element --point-mode specialized --block 128 --python /home/ubuntu/venvs/zkduel-table5/bin/python --triton-script benchmarks/field_sweep/triton_sweep.py --cuda-binary build/field_sumcheck_cuda_fixed --skip-build --triton-out CAMERA-READY/h100/sweep_fixed/cases_zk_256/zk_verifiable_asics_bw256_r16_triton.csv --cuda-out CAMERA-READY/h100/sweep_fixed/cases_zk_256/zk_verifiable_asics_bw256_r16_cuda.csv --out CAMERA-READY/h100/sweep_fixed/cases_zk_256/zk_verifiable_asics_bw256_r16_joined.csv
$ /home/ubuntu/venvs/zkduel-table5/bin/python -u benchmarks/field_sweep/triton_sweep.py --workloads zk_verifiable_asics --rounds 16 --bit-widths 256 --warmups 2 --repeats 10 --seed 1 --timing-mode whole-run --challenge-mode fixed --layout element --point-mode specialized --out CAMERA-READY/h100/sweep_fixed/cases_zk_256/zk_verifiable_asics_bw256_r16_triton.csv
zk_verifiable_asics      field=p255_bls12_381_scalar        rounds=16 first_ms=76.866 median_ms=6.791 checksum=59790763300346
CAMERA-READY/h100/sweep_fixed/cases_zk_256/zk_verifiable_asics_bw256_r16_triton.csv
$ build/field_sumcheck_cuda_fixed --workloads zk_verifiable_asics --rounds 16 --bit-widths 256 --warmups 2 --repeats 10 --seed 1 --timing-mode whole-run --challenge-mode fixed --layout element --point-mode specialized --block 128 --out CAMERA-READY/h100/sweep_fixed/cases_zk_256/zk_verifiable_asics_bw256_r16_cuda.csv
zk_verifiable_asics field=p255_bls12_381_scalar rounds=16 first_ms=2.65063 median_ms=2.12345 checksum=59790763300346
zk_verifiable_asics      field=p255_bls12_381_scalar        rounds=16 triton_ms=6.791 cuda_ms=2.12345 checksum_match=true speedup=3.198097
CAMERA-READY/h100/sweep_fixed/cases_zk_256/zk_verifiable_asics_bw256_r16_joined.csv
ok: zk_verifiable_asics_bw256_r16
CAMERA-READY/h100/sweep_fixed/zk_256.csv
$ /home/ubuntu/venvs/zkduel-table5/bin/python -u benchmarks/field_sweep/compare_triton_cuda.py --workloads zk_verifiable_asics --bit-widths 256 --rounds 18 --warmups 2 --repeats 10 --seed 1 --timing-mode whole-run --challenge-mode fixed --layout element --point-mode specialized --block 128 --python /home/ubuntu/venvs/zkduel-table5/bin/python --triton-script benchmarks/field_sweep/triton_sweep.py --cuda-binary build/field_sumcheck_cuda_fixed --skip-build --triton-out CAMERA-READY/h100/sweep_fixed/cases_zk_256/zk_verifiable_asics_bw256_r18_triton.csv --cuda-out CAMERA-READY/h100/sweep_fixed/cases_zk_256/zk_verifiable_asics_bw256_r18_cuda.csv --out CAMERA-READY/h100/sweep_fixed/cases_zk_256/zk_verifiable_asics_bw256_r18_joined.csv
$ /home/ubuntu/venvs/zkduel-table5/bin/python -u benchmarks/field_sweep/triton_sweep.py --workloads zk_verifiable_asics --rounds 18 --bit-widths 256 --warmups 2 --repeats 10 --seed 1 --timing-mode whole-run --challenge-mode fixed --layout element --point-mode specialized --out CAMERA-READY/h100/sweep_fixed/cases_zk_256/zk_verifiable_asics_bw256_r18_triton.csv
zk_verifiable_asics      field=p255_bls12_381_scalar        rounds=18 first_ms=84.076 median_ms=9.273 checksum=64454544819704
CAMERA-READY/h100/sweep_fixed/cases_zk_256/zk_verifiable_asics_bw256_r18_triton.csv
$ build/field_sumcheck_cuda_fixed --workloads zk_verifiable_asics --rounds 18 --bit-widths 256 --warmups 2 --repeats 10 --seed 1 --timing-mode whole-run --challenge-mode fixed --layout element --point-mode specialized --block 128 --out CAMERA-READY/h100/sweep_fixed/cases_zk_256/zk_verifiable_asics_bw256_r18_cuda.csv
zk_verifiable_asics field=p255_bls12_381_scalar rounds=18 first_ms=3.84252 median_ms=3.11318 checksum=64454544819704
zk_verifiable_asics      field=p255_bls12_381_scalar        rounds=18 triton_ms=9.273 cuda_ms=3.11318 checksum_match=true speedup=2.978626
CAMERA-READY/h100/sweep_fixed/cases_zk_256/zk_verifiable_asics_bw256_r18_joined.csv
ok: zk_verifiable_asics_bw256_r18
CAMERA-READY/h100/sweep_fixed/zk_256.csv
$ /home/ubuntu/venvs/zkduel-table5/bin/python -u benchmarks/field_sweep/compare_triton_cuda.py --workloads zk_verifiable_asics --bit-widths 256 --rounds 20 --warmups 2 --repeats 10 --seed 1 --timing-mode whole-run --challenge-mode fixed --layout element --point-mode specialized --block 128 --python /home/ubuntu/venvs/zkduel-table5/bin/python --triton-script benchmarks/field_sweep/triton_sweep.py --cuda-binary build/field_sumcheck_cuda_fixed --skip-build --triton-out CAMERA-READY/h100/sweep_fixed/cases_zk_256/zk_verifiable_asics_bw256_r20_triton.csv --cuda-out CAMERA-READY/h100/sweep_fixed/cases_zk_256/zk_verifiable_asics_bw256_r20_cuda.csv --out CAMERA-READY/h100/sweep_fixed/cases_zk_256/zk_verifiable_asics_bw256_r20_joined.csv
$ /home/ubuntu/venvs/zkduel-table5/bin/python -u benchmarks/field_sweep/triton_sweep.py --workloads zk_verifiable_asics --rounds 20 --bit-widths 256 --warmups 2 --repeats 10 --seed 1 --timing-mode whole-run --challenge-mode fixed --layout element --point-mode specialized --out CAMERA-READY/h100/sweep_fixed/cases_zk_256/zk_verifiable_asics_bw256_r20_triton.csv
zk_verifiable_asics      field=p255_bls12_381_scalar        rounds=20 first_ms=82.468 median_ms=11.261 checksum=70416093270679
CAMERA-READY/h100/sweep_fixed/cases_zk_256/zk_verifiable_asics_bw256_r20_triton.csv
$ build/field_sumcheck_cuda_fixed --workloads zk_verifiable_asics --rounds 20 --bit-widths 256 --warmups 2 --repeats 10 --seed 1 --timing-mode whole-run --challenge-mode fixed --layout element --point-mode specialized --block 128 --out CAMERA-READY/h100/sweep_fixed/cases_zk_256/zk_verifiable_asics_bw256_r20_cuda.csv
zk_verifiable_asics field=p255_bls12_381_scalar rounds=20 first_ms=5.45716 median_ms=4.83373 checksum=70416093270679
zk_verifiable_asics      field=p255_bls12_381_scalar        rounds=20 triton_ms=11.261 cuda_ms=4.83373 checksum_match=true speedup=2.329671
CAMERA-READY/h100/sweep_fixed/cases_zk_256/zk_verifiable_asics_bw256_r20_joined.csv
ok: zk_verifiable_asics_bw256_r20
CAMERA-READY/h100/sweep_fixed/zk_256.csv
$ /home/ubuntu/venvs/zkduel-table5/bin/python -u benchmarks/field_sweep/compare_triton_cuda.py --workloads zk_verifiable_asics --bit-widths 256 --rounds 22 --warmups 2 --repeats 10 --seed 1 --timing-mode whole-run --challenge-mode fixed --layout element --point-mode specialized --block 128 --python /home/ubuntu/venvs/zkduel-table5/bin/python --triton-script benchmarks/field_sweep/triton_sweep.py --cuda-binary build/field_sumcheck_cuda_fixed --skip-build --triton-out CAMERA-READY/h100/sweep_fixed/cases_zk_256/zk_verifiable_asics_bw256_r22_triton.csv --cuda-out CAMERA-READY/h100/sweep_fixed/cases_zk_256/zk_verifiable_asics_bw256_r22_cuda.csv --out CAMERA-READY/h100/sweep_fixed/cases_zk_256/zk_verifiable_asics_bw256_r22_joined.csv
$ /home/ubuntu/venvs/zkduel-table5/bin/python -u benchmarks/field_sweep/triton_sweep.py --workloads zk_verifiable_asics --rounds 22 --bit-widths 256 --warmups 2 --repeats 10 --seed 1 --timing-mode whole-run --challenge-mode fixed --layout element --point-mode specialized --out CAMERA-READY/h100/sweep_fixed/cases_zk_256/zk_verifiable_asics_bw256_r22_triton.csv
zk_verifiable_asics      field=p255_bls12_381_scalar        rounds=22 first_ms=86.093 median_ms=17.013 checksum=79426890959858
CAMERA-READY/h100/sweep_fixed/cases_zk_256/zk_verifiable_asics_bw256_r22_triton.csv
$ build/field_sumcheck_cuda_fixed --workloads zk_verifiable_asics --rounds 22 --bit-widths 256 --warmups 2 --repeats 10 --seed 1 --timing-mode whole-run --challenge-mode fixed --layout element --point-mode specialized --block 128 --out CAMERA-READY/h100/sweep_fixed/cases_zk_256/zk_verifiable_asics_bw256_r22_cuda.csv
zk_verifiable_asics field=p255_bls12_381_scalar rounds=22 first_ms=9.90588 median_ms=9.23804 checksum=79426890959858
zk_verifiable_asics      field=p255_bls12_381_scalar        rounds=22 triton_ms=17.013 cuda_ms=9.23804 checksum_match=true speedup=1.841624
CAMERA-READY/h100/sweep_fixed/cases_zk_256/zk_verifiable_asics_bw256_r22_joined.csv
ok: zk_verifiable_asics_bw256_r22
CAMERA-READY/h100/sweep_fixed/zk_256.csv
$ /home/ubuntu/venvs/zkduel-table5/bin/python -u benchmarks/field_sweep/compare_triton_cuda.py --workloads zk_verifiable_asics --bit-widths 256 --rounds 24 --warmups 2 --repeats 10 --seed 1 --timing-mode whole-run --challenge-mode fixed --layout element --point-mode specialized --block 128 --python /home/ubuntu/venvs/zkduel-table5/bin/python --triton-script benchmarks/field_sweep/triton_sweep.py --cuda-binary build/field_sumcheck_cuda_fixed --skip-build --triton-out CAMERA-READY/h100/sweep_fixed/cases_zk_256/zk_verifiable_asics_bw256_r24_triton.csv --cuda-out CAMERA-READY/h100/sweep_fixed/cases_zk_256/zk_verifiable_asics_bw256_r24_cuda.csv --out CAMERA-READY/h100/sweep_fixed/cases_zk_256/zk_verifiable_asics_bw256_r24_joined.csv
$ /home/ubuntu/venvs/zkduel-table5/bin/python -u benchmarks/field_sweep/triton_sweep.py --workloads zk_verifiable_asics --rounds 24 --bit-widths 256 --warmups 2 --repeats 10 --seed 1 --timing-mode whole-run --challenge-mode fixed --layout element --point-mode specialized --out CAMERA-READY/h100/sweep_fixed/cases_zk_256/zk_verifiable_asics_bw256_r24_triton.csv
zk_verifiable_asics      field=p255_bls12_381_scalar        rounds=24 first_ms=104.077 median_ms=37.473 checksum=84370170378416
CAMERA-READY/h100/sweep_fixed/cases_zk_256/zk_verifiable_asics_bw256_r24_triton.csv
$ build/field_sumcheck_cuda_fixed --workloads zk_verifiable_asics --rounds 24 --bit-widths 256 --warmups 2 --repeats 10 --seed 1 --timing-mode whole-run --challenge-mode fixed --layout element --point-mode specialized --block 128 --out CAMERA-READY/h100/sweep_fixed/cases_zk_256/zk_verifiable_asics_bw256_r24_cuda.csv
zk_verifiable_asics field=p255_bls12_381_scalar rounds=24 first_ms=25.7705 median_ms=25.079 checksum=84370170378416
zk_verifiable_asics      field=p255_bls12_381_scalar        rounds=24 triton_ms=37.473 cuda_ms=25.079 checksum_match=true speedup=1.494198
CAMERA-READY/h100/sweep_fixed/cases_zk_256/zk_verifiable_asics_bw256_r24_joined.csv
ok: zk_verifiable_asics_bw256_r24
CAMERA-READY/h100/sweep_fixed/zk_256.csv
$ /home/ubuntu/venvs/zkduel-table5/bin/python -u benchmarks/field_sweep/compare_triton_cuda.py --workloads zk_verifiable_asics --bit-widths 256 --rounds 26 --warmups 2 --repeats 10 --seed 1 --timing-mode whole-run --challenge-mode fixed --layout element --point-mode specialized --block 128 --python /home/ubuntu/venvs/zkduel-table5/bin/python --triton-script benchmarks/field_sweep/triton_sweep.py --cuda-binary build/field_sumcheck_cuda_fixed --skip-build --triton-out CAMERA-READY/h100/sweep_fixed/cases_zk_256/zk_verifiable_asics_bw256_r26_triton.csv --cuda-out CAMERA-READY/h100/sweep_fixed/cases_zk_256/zk_verifiable_asics_bw256_r26_cuda.csv --out CAMERA-READY/h100/sweep_fixed/cases_zk_256/zk_verifiable_asics_bw256_r26_joined.csv
$ /home/ubuntu/venvs/zkduel-table5/bin/python -u benchmarks/field_sweep/triton_sweep.py --workloads zk_verifiable_asics --rounds 26 --bit-widths 256 --warmups 2 --repeats 10 --seed 1 --timing-mode whole-run --challenge-mode fixed --layout element --point-mode specialized --out CAMERA-READY/h100/sweep_fixed/cases_zk_256/zk_verifiable_asics_bw256_r26_triton.csv
zk_verifiable_asics      field=p255_bls12_381_scalar        rounds=26 first_ms=195.161 median_ms=119.480 checksum=94693997208616
CAMERA-READY/h100/sweep_fixed/cases_zk_256/zk_verifiable_asics_bw256_r26_triton.csv
$ build/field_sumcheck_cuda_fixed --workloads zk_verifiable_asics --rounds 26 --bit-widths 256 --warmups 2 --repeats 10 --seed 1 --timing-mode whole-run --challenge-mode fixed --layout element --point-mode specialized --block 128 --out CAMERA-READY/h100/sweep_fixed/cases_zk_256/zk_verifiable_asics_bw256_r26_cuda.csv
zk_verifiable_asics field=p255_bls12_381_scalar rounds=26 first_ms=88.4515 median_ms=90.0693 checksum=94693997208616
zk_verifiable_asics      field=p255_bls12_381_scalar        rounds=26 triton_ms=119.480 cuda_ms=90.0693 checksum_match=true speedup=1.326534
CAMERA-READY/h100/sweep_fixed/cases_zk_256/zk_verifiable_asics_bw256_r26_joined.csv
ok: zk_verifiable_asics_bw256_r26
CAMERA-READY/h100/sweep_fixed/zk_256.csv
$ /home/ubuntu/venvs/zkduel-table5/bin/python -u benchmarks/field_sweep/compare_triton_cuda.py --workloads zk_verifiable_asics --bit-widths 256 --rounds 28 --warmups 2 --repeats 10 --seed 1 --timing-mode whole-run --challenge-mode fixed --layout element --point-mode specialized --block 128 --python /home/ubuntu/venvs/zkduel-table5/bin/python --triton-script benchmarks/field_sweep/triton_sweep.py --cuda-binary build/field_sumcheck_cuda_fixed --skip-build --triton-out CAMERA-READY/h100/sweep_fixed/cases_zk_256/zk_verifiable_asics_bw256_r28_triton.csv --cuda-out CAMERA-READY/h100/sweep_fixed/cases_zk_256/zk_verifiable_asics_bw256_r28_cuda.csv --out CAMERA-READY/h100/sweep_fixed/cases_zk_256/zk_verifiable_asics_bw256_r28_joined.csv
$ /home/ubuntu/venvs/zkduel-table5/bin/python -u benchmarks/field_sweep/triton_sweep.py --workloads zk_verifiable_asics --rounds 28 --bit-widths 256 --warmups 2 --repeats 10 --seed 1 --timing-mode whole-run --challenge-mode fixed --layout element --point-mode specialized --out CAMERA-READY/h100/sweep_fixed/cases_zk_256/zk_verifiable_asics_bw256_r28_triton.csv
Traceback (most recent call last):
  File "/home/ubuntu/sumcheck-triton/benchmarks/field_sweep/triton_sweep.py", line 918, in <module>
    raise SystemExit(main())
                     ^^^^^^
  File "/home/ubuntu/sumcheck-triton/benchmarks/field_sweep/triton_sweep.py", line 892, in main
    row = _time_one(
          ^^^^^^^^^^
  File "/home/ubuntu/sumcheck-triton/benchmarks/field_sweep/triton_sweep.py", line 646, in _time_one
    scratch_b = torch.empty_like(tables)
                ^^^^^^^^^^^^^^^^^^^^^^^^
torch.OutOfMemoryError: CUDA out of memory. Tried to allocate 32.00 GiB. GPU 0 has a total capacity of 79.19 GiB of which 14.66 GiB is free. Including non-PyTorch memory, this process has 64.52 GiB memory in use. Of the allocated memory 64.00 GiB is allocated by PyTorch, and 0 bytes is reserved by PyTorch but unallocated. If reserved but unallocated memory is large try setting PYTORCH_CUDA_ALLOC_CONF=expandable_segments:True to avoid fragmentation.  See documentation for Memory Management  (https://docs.pytorch.org/docs/stable/notes/cuda.html#optimizing-memory-usage-with-pytorch-cuda-alloc-conf)
Traceback (most recent call last):
  File "/home/ubuntu/sumcheck-triton/benchmarks/field_sweep/compare_triton_cuda.py", line 252, in <module>
    raise SystemExit(main())
                     ^^^^^^
  File "/home/ubuntu/sumcheck-triton/benchmarks/field_sweep/compare_triton_cuda.py", line 78, in main
    run(
  File "/home/ubuntu/sumcheck-triton/benchmarks/field_sweep/compare_triton_cuda.py", line 22, in run
    subprocess.run(cmd, check=True)
  File "/home/ubuntu/.local/share/uv/python/cpython-3.12.14-linux-x86_64-gnu/lib/python3.12/subprocess.py", line 571, in run
    raise CalledProcessError(retcode, process.args,
subprocess.CalledProcessError: Command '['/home/ubuntu/venvs/zkduel-table5/bin/python', '-u', 'benchmarks/field_sweep/triton_sweep.py', '--workloads', 'zk_verifiable_asics', '--rounds', '28', '--bit-widths', '256', '--warmups', '2', '--repeats', '10', '--seed', '1', '--timing-mode', 'whole-run', '--challenge-mode', 'fixed', '--layout', 'element', '--point-mode', 'specialized', '--out', 'CAMERA-READY/h100/sweep_fixed/cases_zk_256/zk_verifiable_asics_bw256_r28_triton.csv']' returned non-zero exit status 1.
skipped: zk_verifiable_asics_bw256_r28 returncode=1
CAMERA-READY/h100/sweep_fixed/zk_256.csv
$ /home/ubuntu/venvs/zkduel-table5/bin/python -u benchmarks/field_sweep/compare_triton_cuda.py --workloads zk_spartan_1 --bit-widths 256 --rounds 14 --warmups 2 --repeats 10 --seed 1 --timing-mode whole-run --challenge-mode fixed --layout element --point-mode specialized --block 128 --python /home/ubuntu/venvs/zkduel-table5/bin/python --triton-script benchmarks/field_sweep/triton_sweep.py --cuda-binary build/field_sumcheck_cuda_fixed --skip-build --triton-out CAMERA-READY/h100/sweep_fixed/cases_zk_256/zk_spartan_1_bw256_r14_triton.csv --cuda-out CAMERA-READY/h100/sweep_fixed/cases_zk_256/zk_spartan_1_bw256_r14_cuda.csv --out CAMERA-READY/h100/sweep_fixed/cases_zk_256/zk_spartan_1_bw256_r14_joined.csv
$ /home/ubuntu/venvs/zkduel-table5/bin/python -u benchmarks/field_sweep/triton_sweep.py --workloads zk_spartan_1 --rounds 14 --bit-widths 256 --warmups 2 --repeats 10 --seed 1 --timing-mode whole-run --challenge-mode fixed --layout element --point-mode specialized --out CAMERA-READY/h100/sweep_fixed/cases_zk_256/zk_spartan_1_bw256_r14_triton.csv
zk_spartan_1             field=p255_bls12_381_scalar        rounds=14 first_ms=73.955 median_ms=5.237 checksum=47792807030865
CAMERA-READY/h100/sweep_fixed/cases_zk_256/zk_spartan_1_bw256_r14_triton.csv
$ build/field_sumcheck_cuda_fixed --workloads zk_spartan_1 --rounds 14 --bit-widths 256 --warmups 2 --repeats 10 --seed 1 --timing-mode whole-run --challenge-mode fixed --layout element --point-mode specialized --block 128 --out CAMERA-READY/h100/sweep_fixed/cases_zk_256/zk_spartan_1_bw256_r14_cuda.csv
zk_spartan_1 field=p255_bls12_381_scalar rounds=14 first_ms=2.4709 median_ms=1.85724 checksum=47792807030865
zk_spartan_1             field=p255_bls12_381_scalar        rounds=14 triton_ms=5.237 cuda_ms=1.85724 checksum_match=true speedup=2.819776
CAMERA-READY/h100/sweep_fixed/cases_zk_256/zk_spartan_1_bw256_r14_joined.csv
ok: zk_spartan_1_bw256_r14
CAMERA-READY/h100/sweep_fixed/zk_256.csv
$ /home/ubuntu/venvs/zkduel-table5/bin/python -u benchmarks/field_sweep/compare_triton_cuda.py --workloads zk_spartan_1 --bit-widths 256 --rounds 16 --warmups 2 --repeats 10 --seed 1 --timing-mode whole-run --challenge-mode fixed --layout element --point-mode specialized --block 128 --python /home/ubuntu/venvs/zkduel-table5/bin/python --triton-script benchmarks/field_sweep/triton_sweep.py --cuda-binary build/field_sumcheck_cuda_fixed --skip-build --triton-out CAMERA-READY/h100/sweep_fixed/cases_zk_256/zk_spartan_1_bw256_r16_triton.csv --cuda-out CAMERA-READY/h100/sweep_fixed/cases_zk_256/zk_spartan_1_bw256_r16_cuda.csv --out CAMERA-READY/h100/sweep_fixed/cases_zk_256/zk_spartan_1_bw256_r16_joined.csv
$ /home/ubuntu/venvs/zkduel-table5/bin/python -u benchmarks/field_sweep/triton_sweep.py --workloads zk_spartan_1 --rounds 16 --bit-widths 256 --warmups 2 --repeats 10 --seed 1 --timing-mode whole-run --challenge-mode fixed --layout element --point-mode specialized --out CAMERA-READY/h100/sweep_fixed/cases_zk_256/zk_spartan_1_bw256_r16_triton.csv
zk_spartan_1             field=p255_bls12_381_scalar        rounds=16 first_ms=76.029 median_ms=6.840 checksum=56369938536483
CAMERA-READY/h100/sweep_fixed/cases_zk_256/zk_spartan_1_bw256_r16_triton.csv
$ build/field_sumcheck_cuda_fixed --workloads zk_spartan_1 --rounds 16 --bit-widths 256 --warmups 2 --repeats 10 --seed 1 --timing-mode whole-run --challenge-mode fixed --layout element --point-mode specialized --block 128 --out CAMERA-READY/h100/sweep_fixed/cases_zk_256/zk_spartan_1_bw256_r16_cuda.csv
zk_spartan_1 field=p255_bls12_381_scalar rounds=16 first_ms=3.13493 median_ms=2.38657 checksum=56369938536483
zk_spartan_1             field=p255_bls12_381_scalar        rounds=16 triton_ms=6.840 cuda_ms=2.38657 checksum_match=true speedup=2.866038
CAMERA-READY/h100/sweep_fixed/cases_zk_256/zk_spartan_1_bw256_r16_joined.csv
ok: zk_spartan_1_bw256_r16
CAMERA-READY/h100/sweep_fixed/zk_256.csv
$ /home/ubuntu/venvs/zkduel-table5/bin/python -u benchmarks/field_sweep/compare_triton_cuda.py --workloads zk_spartan_1 --bit-widths 256 --rounds 18 --warmups 2 --repeats 10 --seed 1 --timing-mode whole-run --challenge-mode fixed --layout element --point-mode specialized --block 128 --python /home/ubuntu/venvs/zkduel-table5/bin/python --triton-script benchmarks/field_sweep/triton_sweep.py --cuda-binary build/field_sumcheck_cuda_fixed --skip-build --triton-out CAMERA-READY/h100/sweep_fixed/cases_zk_256/zk_spartan_1_bw256_r18_triton.csv --cuda-out CAMERA-READY/h100/sweep_fixed/cases_zk_256/zk_spartan_1_bw256_r18_cuda.csv --out CAMERA-READY/h100/sweep_fixed/cases_zk_256/zk_spartan_1_bw256_r18_joined.csv
$ /home/ubuntu/venvs/zkduel-table5/bin/python -u benchmarks/field_sweep/triton_sweep.py --workloads zk_spartan_1 --rounds 18 --bit-widths 256 --warmups 2 --repeats 10 --seed 1 --timing-mode whole-run --challenge-mode fixed --layout element --point-mode specialized --out CAMERA-READY/h100/sweep_fixed/cases_zk_256/zk_spartan_1_bw256_r18_triton.csv
zk_spartan_1             field=p255_bls12_381_scalar        rounds=18 first_ms=76.357 median_ms=8.863 checksum=66496136948956
CAMERA-READY/h100/sweep_fixed/cases_zk_256/zk_spartan_1_bw256_r18_triton.csv
$ build/field_sumcheck_cuda_fixed --workloads zk_spartan_1 --rounds 18 --bit-widths 256 --warmups 2 --repeats 10 --seed 1 --timing-mode whole-run --challenge-mode fixed --layout element --point-mode specialized --block 128 --out CAMERA-READY/h100/sweep_fixed/cases_zk_256/zk_spartan_1_bw256_r18_cuda.csv
zk_spartan_1 field=p255_bls12_381_scalar rounds=18 first_ms=3.75626 median_ms=3.02329 checksum=66496136948956
zk_spartan_1             field=p255_bls12_381_scalar        rounds=18 triton_ms=8.863 cuda_ms=3.02329 checksum_match=true speedup=2.931575
CAMERA-READY/h100/sweep_fixed/cases_zk_256/zk_spartan_1_bw256_r18_joined.csv
ok: zk_spartan_1_bw256_r18
CAMERA-READY/h100/sweep_fixed/zk_256.csv
$ /home/ubuntu/venvs/zkduel-table5/bin/python -u benchmarks/field_sweep/compare_triton_cuda.py --workloads zk_spartan_1 --bit-widths 256 --rounds 20 --warmups 2 --repeats 10 --seed 1 --timing-mode whole-run --challenge-mode fixed --layout element --point-mode specialized --block 128 --python /home/ubuntu/venvs/zkduel-table5/bin/python --triton-script benchmarks/field_sweep/triton_sweep.py --cuda-binary build/field_sumcheck_cuda_fixed --skip-build --triton-out CAMERA-READY/h100/sweep_fixed/cases_zk_256/zk_spartan_1_bw256_r20_triton.csv --cuda-out CAMERA-READY/h100/sweep_fixed/cases_zk_256/zk_spartan_1_bw256_r20_cuda.csv --out CAMERA-READY/h100/sweep_fixed/cases_zk_256/zk_spartan_1_bw256_r20_joined.csv
$ /home/ubuntu/venvs/zkduel-table5/bin/python -u benchmarks/field_sweep/triton_sweep.py --workloads zk_spartan_1 --rounds 20 --bit-widths 256 --warmups 2 --repeats 10 --seed 1 --timing-mode whole-run --challenge-mode fixed --layout element --point-mode specialized --out CAMERA-READY/h100/sweep_fixed/cases_zk_256/zk_spartan_1_bw256_r20_triton.csv
zk_spartan_1             field=p255_bls12_381_scalar        rounds=20 first_ms=80.785 median_ms=11.312 checksum=74004653088340
CAMERA-READY/h100/sweep_fixed/cases_zk_256/zk_spartan_1_bw256_r20_triton.csv
$ build/field_sumcheck_cuda_fixed --workloads zk_spartan_1 --rounds 20 --bit-widths 256 --warmups 2 --repeats 10 --seed 1 --timing-mode whole-run --challenge-mode fixed --layout element --point-mode specialized --block 128 --out CAMERA-READY/h100/sweep_fixed/cases_zk_256/zk_spartan_1_bw256_r20_cuda.csv
zk_spartan_1 field=p255_bls12_381_scalar rounds=20 first_ms=4.99205 median_ms=4.41596 checksum=74004653088340
zk_spartan_1             field=p255_bls12_381_scalar        rounds=20 triton_ms=11.312 cuda_ms=4.41596 checksum_match=true speedup=2.561617
CAMERA-READY/h100/sweep_fixed/cases_zk_256/zk_spartan_1_bw256_r20_joined.csv
ok: zk_spartan_1_bw256_r20
CAMERA-READY/h100/sweep_fixed/zk_256.csv
$ /home/ubuntu/venvs/zkduel-table5/bin/python -u benchmarks/field_sweep/compare_triton_cuda.py --workloads zk_spartan_1 --bit-widths 256 --rounds 22 --warmups 2 --repeats 10 --seed 1 --timing-mode whole-run --challenge-mode fixed --layout element --point-mode specialized --block 128 --python /home/ubuntu/venvs/zkduel-table5/bin/python --triton-script benchmarks/field_sweep/triton_sweep.py --cuda-binary build/field_sumcheck_cuda_fixed --skip-build --triton-out CAMERA-READY/h100/sweep_fixed/cases_zk_256/zk_spartan_1_bw256_r22_triton.csv --cuda-out CAMERA-READY/h100/sweep_fixed/cases_zk_256/zk_spartan_1_bw256_r22_cuda.csv --out CAMERA-READY/h100/sweep_fixed/cases_zk_256/zk_spartan_1_bw256_r22_joined.csv
$ /home/ubuntu/venvs/zkduel-table5/bin/python -u benchmarks/field_sweep/triton_sweep.py --workloads zk_spartan_1 --rounds 22 --bit-widths 256 --warmups 2 --repeats 10 --seed 1 --timing-mode whole-run --challenge-mode fixed --layout element --point-mode specialized --out CAMERA-READY/h100/sweep_fixed/cases_zk_256/zk_spartan_1_bw256_r22_triton.csv
zk_spartan_1             field=p255_bls12_381_scalar        rounds=22 first_ms=84.817 median_ms=16.199 checksum=78339251462199
CAMERA-READY/h100/sweep_fixed/cases_zk_256/zk_spartan_1_bw256_r22_triton.csv
$ build/field_sumcheck_cuda_fixed --workloads zk_spartan_1 --rounds 22 --bit-widths 256 --warmups 2 --repeats 10 --seed 1 --timing-mode whole-run --challenge-mode fixed --layout element --point-mode specialized --block 128 --out CAMERA-READY/h100/sweep_fixed/cases_zk_256/zk_spartan_1_bw256_r22_cuda.csv
zk_spartan_1 field=p255_bls12_381_scalar rounds=22 first_ms=8.74171 median_ms=8.12672 checksum=78339251462199
zk_spartan_1             field=p255_bls12_381_scalar        rounds=22 triton_ms=16.199 cuda_ms=8.12672 checksum_match=true speedup=1.993301
CAMERA-READY/h100/sweep_fixed/cases_zk_256/zk_spartan_1_bw256_r22_joined.csv
ok: zk_spartan_1_bw256_r22
CAMERA-READY/h100/sweep_fixed/zk_256.csv
$ /home/ubuntu/venvs/zkduel-table5/bin/python -u benchmarks/field_sweep/compare_triton_cuda.py --workloads zk_spartan_1 --bit-widths 256 --rounds 24 --warmups 2 --repeats 10 --seed 1 --timing-mode whole-run --challenge-mode fixed --layout element --point-mode specialized --block 128 --python /home/ubuntu/venvs/zkduel-table5/bin/python --triton-script benchmarks/field_sweep/triton_sweep.py --cuda-binary build/field_sumcheck_cuda_fixed --skip-build --triton-out CAMERA-READY/h100/sweep_fixed/cases_zk_256/zk_spartan_1_bw256_r24_triton.csv --cuda-out CAMERA-READY/h100/sweep_fixed/cases_zk_256/zk_spartan_1_bw256_r24_cuda.csv --out CAMERA-READY/h100/sweep_fixed/cases_zk_256/zk_spartan_1_bw256_r24_joined.csv
$ /home/ubuntu/venvs/zkduel-table5/bin/python -u benchmarks/field_sweep/triton_sweep.py --workloads zk_spartan_1 --rounds 24 --bit-widths 256 --warmups 2 --repeats 10 --seed 1 --timing-mode whole-run --challenge-mode fixed --layout element --point-mode specialized --out CAMERA-READY/h100/sweep_fixed/cases_zk_256/zk_spartan_1_bw256_r24_triton.csv
zk_spartan_1             field=p255_bls12_381_scalar        rounds=24 first_ms=99.616 median_ms=33.423 checksum=87464484524547
CAMERA-READY/h100/sweep_fixed/cases_zk_256/zk_spartan_1_bw256_r24_triton.csv
$ build/field_sumcheck_cuda_fixed --workloads zk_spartan_1 --rounds 24 --bit-widths 256 --warmups 2 --repeats 10 --seed 1 --timing-mode whole-run --challenge-mode fixed --layout element --point-mode specialized --block 128 --out CAMERA-READY/h100/sweep_fixed/cases_zk_256/zk_spartan_1_bw256_r24_cuda.csv
zk_spartan_1 field=p255_bls12_381_scalar rounds=24 first_ms=21.9526 median_ms=21.3286 checksum=87464484524547
zk_spartan_1             field=p255_bls12_381_scalar        rounds=24 triton_ms=33.423 cuda_ms=21.3286 checksum_match=true speedup=1.567051
CAMERA-READY/h100/sweep_fixed/cases_zk_256/zk_spartan_1_bw256_r24_joined.csv
ok: zk_spartan_1_bw256_r24
CAMERA-READY/h100/sweep_fixed/zk_256.csv
$ /home/ubuntu/venvs/zkduel-table5/bin/python -u benchmarks/field_sweep/compare_triton_cuda.py --workloads zk_spartan_1 --bit-widths 256 --rounds 26 --warmups 2 --repeats 10 --seed 1 --timing-mode whole-run --challenge-mode fixed --layout element --point-mode specialized --block 128 --python /home/ubuntu/venvs/zkduel-table5/bin/python --triton-script benchmarks/field_sweep/triton_sweep.py --cuda-binary build/field_sumcheck_cuda_fixed --skip-build --triton-out CAMERA-READY/h100/sweep_fixed/cases_zk_256/zk_spartan_1_bw256_r26_triton.csv --cuda-out CAMERA-READY/h100/sweep_fixed/cases_zk_256/zk_spartan_1_bw256_r26_cuda.csv --out CAMERA-READY/h100/sweep_fixed/cases_zk_256/zk_spartan_1_bw256_r26_joined.csv
$ /home/ubuntu/venvs/zkduel-table5/bin/python -u benchmarks/field_sweep/triton_sweep.py --workloads zk_spartan_1 --rounds 26 --bit-widths 256 --warmups 2 --repeats 10 --seed 1 --timing-mode whole-run --challenge-mode fixed --layout element --point-mode specialized --out CAMERA-READY/h100/sweep_fixed/cases_zk_256/zk_spartan_1_bw256_r26_triton.csv
zk_spartan_1             field=p255_bls12_381_scalar        rounds=26 first_ms=169.197 median_ms=102.635 checksum=90216883790761
CAMERA-READY/h100/sweep_fixed/cases_zk_256/zk_spartan_1_bw256_r26_triton.csv
$ build/field_sumcheck_cuda_fixed --workloads zk_spartan_1 --rounds 26 --bit-widths 256 --warmups 2 --repeats 10 --seed 1 --timing-mode whole-run --challenge-mode fixed --layout element --point-mode specialized --block 128 --out CAMERA-READY/h100/sweep_fixed/cases_zk_256/zk_spartan_1_bw256_r26_cuda.csv
zk_spartan_1 field=p255_bls12_381_scalar rounds=26 first_ms=72.4252 median_ms=75.6688 checksum=90216883790761
zk_spartan_1             field=p255_bls12_381_scalar        rounds=26 triton_ms=102.635 cuda_ms=75.6688 checksum_match=true speedup=1.356371
CAMERA-READY/h100/sweep_fixed/cases_zk_256/zk_spartan_1_bw256_r26_joined.csv
ok: zk_spartan_1_bw256_r26
CAMERA-READY/h100/sweep_fixed/zk_256.csv
$ /home/ubuntu/venvs/zkduel-table5/bin/python -u benchmarks/field_sweep/compare_triton_cuda.py --workloads zk_spartan_1 --bit-widths 256 --rounds 28 --warmups 2 --repeats 10 --seed 1 --timing-mode whole-run --challenge-mode fixed --layout element --point-mode specialized --block 128 --python /home/ubuntu/venvs/zkduel-table5/bin/python --triton-script benchmarks/field_sweep/triton_sweep.py --cuda-binary build/field_sumcheck_cuda_fixed --skip-build --triton-out CAMERA-READY/h100/sweep_fixed/cases_zk_256/zk_spartan_1_bw256_r28_triton.csv --cuda-out CAMERA-READY/h100/sweep_fixed/cases_zk_256/zk_spartan_1_bw256_r28_cuda.csv --out CAMERA-READY/h100/sweep_fixed/cases_zk_256/zk_spartan_1_bw256_r28_joined.csv
$ /home/ubuntu/venvs/zkduel-table5/bin/python -u benchmarks/field_sweep/triton_sweep.py --workloads zk_spartan_1 --rounds 28 --bit-widths 256 --warmups 2 --repeats 10 --seed 1 --timing-mode whole-run --challenge-mode fixed --layout element --point-mode specialized --out CAMERA-READY/h100/sweep_fixed/cases_zk_256/zk_spartan_1_bw256_r28_triton.csv
Traceback (most recent call last):
  File "/home/ubuntu/sumcheck-triton/benchmarks/field_sweep/triton_sweep.py", line 918, in <module>
    raise SystemExit(main())
                     ^^^^^^
  File "/home/ubuntu/sumcheck-triton/benchmarks/field_sweep/triton_sweep.py", line 892, in main
    row = _time_one(
          ^^^^^^^^^^
  File "/home/ubuntu/sumcheck-triton/benchmarks/field_sweep/triton_sweep.py", line 646, in _time_one
    scratch_b = torch.empty_like(tables)
                ^^^^^^^^^^^^^^^^^^^^^^^^
torch.OutOfMemoryError: CUDA out of memory. Tried to allocate 32.00 GiB. GPU 0 has a total capacity of 79.19 GiB of which 14.66 GiB is free. Including non-PyTorch memory, this process has 64.52 GiB memory in use. Of the allocated memory 64.00 GiB is allocated by PyTorch, and 0 bytes is reserved by PyTorch but unallocated. If reserved but unallocated memory is large try setting PYTORCH_CUDA_ALLOC_CONF=expandable_segments:True to avoid fragmentation.  See documentation for Memory Management  (https://docs.pytorch.org/docs/stable/notes/cuda.html#optimizing-memory-usage-with-pytorch-cuda-alloc-conf)
Traceback (most recent call last):
  File "/home/ubuntu/sumcheck-triton/benchmarks/field_sweep/compare_triton_cuda.py", line 252, in <module>
    raise SystemExit(main())
                     ^^^^^^
  File "/home/ubuntu/sumcheck-triton/benchmarks/field_sweep/compare_triton_cuda.py", line 78, in main
    run(
  File "/home/ubuntu/sumcheck-triton/benchmarks/field_sweep/compare_triton_cuda.py", line 22, in run
    subprocess.run(cmd, check=True)
  File "/home/ubuntu/.local/share/uv/python/cpython-3.12.14-linux-x86_64-gnu/lib/python3.12/subprocess.py", line 571, in run
    raise CalledProcessError(retcode, process.args,
subprocess.CalledProcessError: Command '['/home/ubuntu/venvs/zkduel-table5/bin/python', '-u', 'benchmarks/field_sweep/triton_sweep.py', '--workloads', 'zk_spartan_1', '--rounds', '28', '--bit-widths', '256', '--warmups', '2', '--repeats', '10', '--seed', '1', '--timing-mode', 'whole-run', '--challenge-mode', 'fixed', '--layout', 'element', '--point-mode', 'specialized', '--out', 'CAMERA-READY/h100/sweep_fixed/cases_zk_256/zk_spartan_1_bw256_r28_triton.csv']' returned non-zero exit status 1.
skipped: zk_spartan_1_bw256_r28 returncode=1
CAMERA-READY/h100/sweep_fixed/zk_256.csv
$ /home/ubuntu/venvs/zkduel-table5/bin/python -u benchmarks/field_sweep/compare_triton_cuda.py --workloads zk_spartan_2 --bit-widths 256 --rounds 14 --warmups 2 --repeats 10 --seed 1 --timing-mode whole-run --challenge-mode fixed --layout element --point-mode specialized --block 128 --python /home/ubuntu/venvs/zkduel-table5/bin/python --triton-script benchmarks/field_sweep/triton_sweep.py --cuda-binary build/field_sumcheck_cuda_fixed --skip-build --triton-out CAMERA-READY/h100/sweep_fixed/cases_zk_256/zk_spartan_2_bw256_r14_triton.csv --cuda-out CAMERA-READY/h100/sweep_fixed/cases_zk_256/zk_spartan_2_bw256_r14_cuda.csv --out CAMERA-READY/h100/sweep_fixed/cases_zk_256/zk_spartan_2_bw256_r14_joined.csv
$ /home/ubuntu/venvs/zkduel-table5/bin/python -u benchmarks/field_sweep/triton_sweep.py --workloads zk_spartan_2 --rounds 14 --bit-widths 256 --warmups 2 --repeats 10 --seed 1 --timing-mode whole-run --challenge-mode fixed --layout element --point-mode specialized --out CAMERA-READY/h100/sweep_fixed/cases_zk_256/zk_spartan_2_bw256_r14_triton.csv
zk_spartan_2             field=p255_bls12_381_scalar        rounds=14 first_ms=33.345 median_ms=2.229 checksum=35920410883539
CAMERA-READY/h100/sweep_fixed/cases_zk_256/zk_spartan_2_bw256_r14_triton.csv
$ build/field_sumcheck_cuda_fixed --workloads zk_spartan_2 --rounds 14 --bit-widths 256 --warmups 2 --repeats 10 --seed 1 --timing-mode whole-run --challenge-mode fixed --layout element --point-mode specialized --block 128 --out CAMERA-READY/h100/sweep_fixed/cases_zk_256/zk_spartan_2_bw256_r14_cuda.csv
zk_spartan_2 field=p255_bls12_381_scalar rounds=14 first_ms=1.71563 median_ms=1.36337 checksum=35920410883539
zk_spartan_2             field=p255_bls12_381_scalar        rounds=14 triton_ms=2.229 cuda_ms=1.36337 checksum_match=true speedup=1.634919
CAMERA-READY/h100/sweep_fixed/cases_zk_256/zk_spartan_2_bw256_r14_joined.csv
ok: zk_spartan_2_bw256_r14
CAMERA-READY/h100/sweep_fixed/zk_256.csv
$ /home/ubuntu/venvs/zkduel-table5/bin/python -u benchmarks/field_sweep/compare_triton_cuda.py --workloads zk_spartan_2 --bit-widths 256 --rounds 16 --warmups 2 --repeats 10 --seed 1 --timing-mode whole-run --challenge-mode fixed --layout element --point-mode specialized --block 128 --python /home/ubuntu/venvs/zkduel-table5/bin/python --triton-script benchmarks/field_sweep/triton_sweep.py --cuda-binary build/field_sumcheck_cuda_fixed --skip-build --triton-out CAMERA-READY/h100/sweep_fixed/cases_zk_256/zk_spartan_2_bw256_r16_triton.csv --cuda-out CAMERA-READY/h100/sweep_fixed/cases_zk_256/zk_spartan_2_bw256_r16_cuda.csv --out CAMERA-READY/h100/sweep_fixed/cases_zk_256/zk_spartan_2_bw256_r16_joined.csv
$ /home/ubuntu/venvs/zkduel-table5/bin/python -u benchmarks/field_sweep/triton_sweep.py --workloads zk_spartan_2 --rounds 16 --bit-widths 256 --warmups 2 --repeats 10 --seed 1 --timing-mode whole-run --challenge-mode fixed --layout element --point-mode specialized --out CAMERA-READY/h100/sweep_fixed/cases_zk_256/zk_spartan_2_bw256_r16_triton.csv
zk_spartan_2             field=p255_bls12_381_scalar        rounds=16 first_ms=31.945 median_ms=2.666 checksum=44029419221463
CAMERA-READY/h100/sweep_fixed/cases_zk_256/zk_spartan_2_bw256_r16_triton.csv
$ build/field_sumcheck_cuda_fixed --workloads zk_spartan_2 --rounds 16 --bit-widths 256 --warmups 2 --repeats 10 --seed 1 --timing-mode whole-run --challenge-mode fixed --layout element --point-mode specialized --block 128 --out CAMERA-READY/h100/sweep_fixed/cases_zk_256/zk_spartan_2_bw256_r16_cuda.csv
zk_spartan_2 field=p255_bls12_381_scalar rounds=16 first_ms=2.06728 median_ms=1.7319 checksum=44029419221463
zk_spartan_2             field=p255_bls12_381_scalar        rounds=16 triton_ms=2.666 cuda_ms=1.7319 checksum_match=true speedup=1.539350
CAMERA-READY/h100/sweep_fixed/cases_zk_256/zk_spartan_2_bw256_r16_joined.csv
ok: zk_spartan_2_bw256_r16
CAMERA-READY/h100/sweep_fixed/zk_256.csv
$ /home/ubuntu/venvs/zkduel-table5/bin/python -u benchmarks/field_sweep/compare_triton_cuda.py --workloads zk_spartan_2 --bit-widths 256 --rounds 18 --warmups 2 --repeats 10 --seed 1 --timing-mode whole-run --challenge-mode fixed --layout element --point-mode specialized --block 128 --python /home/ubuntu/venvs/zkduel-table5/bin/python --triton-script benchmarks/field_sweep/triton_sweep.py --cuda-binary build/field_sumcheck_cuda_fixed --skip-build --triton-out CAMERA-READY/h100/sweep_fixed/cases_zk_256/zk_spartan_2_bw256_r18_triton.csv --cuda-out CAMERA-READY/h100/sweep_fixed/cases_zk_256/zk_spartan_2_bw256_r18_cuda.csv --out CAMERA-READY/h100/sweep_fixed/cases_zk_256/zk_spartan_2_bw256_r18_joined.csv
$ /home/ubuntu/venvs/zkduel-table5/bin/python -u benchmarks/field_sweep/triton_sweep.py --workloads zk_spartan_2 --rounds 18 --bit-widths 256 --warmups 2 --repeats 10 --seed 1 --timing-mode whole-run --challenge-mode fixed --layout element --point-mode specialized --out CAMERA-READY/h100/sweep_fixed/cases_zk_256/zk_spartan_2_bw256_r18_triton.csv
zk_spartan_2             field=p255_bls12_381_scalar        rounds=18 first_ms=35.582 median_ms=3.562 checksum=46920386098300
CAMERA-READY/h100/sweep_fixed/cases_zk_256/zk_spartan_2_bw256_r18_triton.csv
$ build/field_sumcheck_cuda_fixed --workloads zk_spartan_2 --rounds 18 --bit-widths 256 --warmups 2 --repeats 10 --seed 1 --timing-mode whole-run --challenge-mode fixed --layout element --point-mode specialized --block 128 --out CAMERA-READY/h100/sweep_fixed/cases_zk_256/zk_spartan_2_bw256_r18_cuda.csv
zk_spartan_2 field=p255_bls12_381_scalar rounds=18 first_ms=2.46975 median_ms=2.16874 checksum=46920386098300
zk_spartan_2             field=p255_bls12_381_scalar        rounds=18 triton_ms=3.562 cuda_ms=2.16874 checksum_match=true speedup=1.642428
CAMERA-READY/h100/sweep_fixed/cases_zk_256/zk_spartan_2_bw256_r18_joined.csv
ok: zk_spartan_2_bw256_r18
CAMERA-READY/h100/sweep_fixed/zk_256.csv
$ /home/ubuntu/venvs/zkduel-table5/bin/python -u benchmarks/field_sweep/compare_triton_cuda.py --workloads zk_spartan_2 --bit-widths 256 --rounds 20 --warmups 2 --repeats 10 --seed 1 --timing-mode whole-run --challenge-mode fixed --layout element --point-mode specialized --block 128 --python /home/ubuntu/venvs/zkduel-table5/bin/python --triton-script benchmarks/field_sweep/triton_sweep.py --cuda-binary build/field_sumcheck_cuda_fixed --skip-build --triton-out CAMERA-READY/h100/sweep_fixed/cases_zk_256/zk_spartan_2_bw256_r20_triton.csv --cuda-out CAMERA-READY/h100/sweep_fixed/cases_zk_256/zk_spartan_2_bw256_r20_cuda.csv --out CAMERA-READY/h100/sweep_fixed/cases_zk_256/zk_spartan_2_bw256_r20_joined.csv
$ /home/ubuntu/venvs/zkduel-table5/bin/python -u benchmarks/field_sweep/triton_sweep.py --workloads zk_spartan_2 --rounds 20 --bit-widths 256 --warmups 2 --repeats 10 --seed 1 --timing-mode whole-run --challenge-mode fixed --layout element --point-mode specialized --out CAMERA-READY/h100/sweep_fixed/cases_zk_256/zk_spartan_2_bw256_r20_triton.csv
zk_spartan_2             field=p255_bls12_381_scalar        rounds=20 first_ms=34.512 median_ms=4.440 checksum=52403202760155
CAMERA-READY/h100/sweep_fixed/cases_zk_256/zk_spartan_2_bw256_r20_triton.csv
$ build/field_sumcheck_cuda_fixed --workloads zk_spartan_2 --rounds 20 --bit-widths 256 --warmups 2 --repeats 10 --seed 1 --timing-mode whole-run --challenge-mode fixed --layout element --point-mode specialized --block 128 --out CAMERA-READY/h100/sweep_fixed/cases_zk_256/zk_spartan_2_bw256_r20_cuda.csv
zk_spartan_2 field=p255_bls12_381_scalar rounds=20 first_ms=3.23833 median_ms=2.86845 checksum=52403202760155
zk_spartan_2             field=p255_bls12_381_scalar        rounds=20 triton_ms=4.440 cuda_ms=2.86845 checksum_match=true speedup=1.547874
CAMERA-READY/h100/sweep_fixed/cases_zk_256/zk_spartan_2_bw256_r20_joined.csv
ok: zk_spartan_2_bw256_r20
CAMERA-READY/h100/sweep_fixed/zk_256.csv
$ /home/ubuntu/venvs/zkduel-table5/bin/python -u benchmarks/field_sweep/compare_triton_cuda.py --workloads zk_spartan_2 --bit-widths 256 --rounds 22 --warmups 2 --repeats 10 --seed 1 --timing-mode whole-run --challenge-mode fixed --layout element --point-mode specialized --block 128 --python /home/ubuntu/venvs/zkduel-table5/bin/python --triton-script benchmarks/field_sweep/triton_sweep.py --cuda-binary build/field_sumcheck_cuda_fixed --skip-build --triton-out CAMERA-READY/h100/sweep_fixed/cases_zk_256/zk_spartan_2_bw256_r22_triton.csv --cuda-out CAMERA-READY/h100/sweep_fixed/cases_zk_256/zk_spartan_2_bw256_r22_cuda.csv --out CAMERA-READY/h100/sweep_fixed/cases_zk_256/zk_spartan_2_bw256_r22_joined.csv
$ /home/ubuntu/venvs/zkduel-table5/bin/python -u benchmarks/field_sweep/triton_sweep.py --workloads zk_spartan_2 --rounds 22 --bit-widths 256 --warmups 2 --repeats 10 --seed 1 --timing-mode whole-run --challenge-mode fixed --layout element --point-mode specialized --out CAMERA-READY/h100/sweep_fixed/cases_zk_256/zk_spartan_2_bw256_r22_triton.csv
zk_spartan_2             field=p255_bls12_381_scalar        rounds=22 first_ms=35.955 median_ms=6.496 checksum=60498654243950
CAMERA-READY/h100/sweep_fixed/cases_zk_256/zk_spartan_2_bw256_r22_triton.csv
$ build/field_sumcheck_cuda_fixed --workloads zk_spartan_2 --rounds 22 --bit-widths 256 --warmups 2 --repeats 10 --seed 1 --timing-mode whole-run --challenge-mode fixed --layout element --point-mode specialized --block 128 --out CAMERA-READY/h100/sweep_fixed/cases_zk_256/zk_spartan_2_bw256_r22_cuda.csv
zk_spartan_2 field=p255_bls12_381_scalar rounds=22 first_ms=4.75332 median_ms=4.4202 checksum=60498654243950
zk_spartan_2             field=p255_bls12_381_scalar        rounds=22 triton_ms=6.496 cuda_ms=4.4202 checksum_match=true speedup=1.469617
CAMERA-READY/h100/sweep_fixed/cases_zk_256/zk_spartan_2_bw256_r22_joined.csv
ok: zk_spartan_2_bw256_r22
CAMERA-READY/h100/sweep_fixed/zk_256.csv
$ /home/ubuntu/venvs/zkduel-table5/bin/python -u benchmarks/field_sweep/compare_triton_cuda.py --workloads zk_spartan_2 --bit-widths 256 --rounds 24 --warmups 2 --repeats 10 --seed 1 --timing-mode whole-run --challenge-mode fixed --layout element --point-mode specialized --block 128 --python /home/ubuntu/venvs/zkduel-table5/bin/python --triton-script benchmarks/field_sweep/triton_sweep.py --cuda-binary build/field_sumcheck_cuda_fixed --skip-build --triton-out CAMERA-READY/h100/sweep_fixed/cases_zk_256/zk_spartan_2_bw256_r24_triton.csv --cuda-out CAMERA-READY/h100/sweep_fixed/cases_zk_256/zk_spartan_2_bw256_r24_cuda.csv --out CAMERA-READY/h100/sweep_fixed/cases_zk_256/zk_spartan_2_bw256_r24_joined.csv
$ /home/ubuntu/venvs/zkduel-table5/bin/python -u benchmarks/field_sweep/triton_sweep.py --workloads zk_spartan_2 --rounds 24 --bit-widths 256 --warmups 2 --repeats 10 --seed 1 --timing-mode whole-run --challenge-mode fixed --layout element --point-mode specialized --out CAMERA-READY/h100/sweep_fixed/cases_zk_256/zk_spartan_2_bw256_r24_triton.csv
zk_spartan_2             field=p255_bls12_381_scalar        rounds=24 first_ms=41.717 median_ms=13.390 checksum=62247910145291
CAMERA-READY/h100/sweep_fixed/cases_zk_256/zk_spartan_2_bw256_r24_triton.csv
$ build/field_sumcheck_cuda_fixed --workloads zk_spartan_2 --rounds 24 --bit-widths 256 --warmups 2 --repeats 10 --seed 1 --timing-mode whole-run --challenge-mode fixed --layout element --point-mode specialized --block 128 --out CAMERA-READY/h100/sweep_fixed/cases_zk_256/zk_spartan_2_bw256_r24_cuda.csv
zk_spartan_2 field=p255_bls12_381_scalar rounds=24 first_ms=9.74991 median_ms=9.36139 checksum=62247910145291
zk_spartan_2             field=p255_bls12_381_scalar        rounds=24 triton_ms=13.390 cuda_ms=9.36139 checksum_match=true speedup=1.430343
CAMERA-READY/h100/sweep_fixed/cases_zk_256/zk_spartan_2_bw256_r24_joined.csv
ok: zk_spartan_2_bw256_r24
CAMERA-READY/h100/sweep_fixed/zk_256.csv
$ /home/ubuntu/venvs/zkduel-table5/bin/python -u benchmarks/field_sweep/compare_triton_cuda.py --workloads zk_spartan_2 --bit-widths 256 --rounds 26 --warmups 2 --repeats 10 --seed 1 --timing-mode whole-run --challenge-mode fixed --layout element --point-mode specialized --block 128 --python /home/ubuntu/venvs/zkduel-table5/bin/python --triton-script benchmarks/field_sweep/triton_sweep.py --cuda-binary build/field_sumcheck_cuda_fixed --skip-build --triton-out CAMERA-READY/h100/sweep_fixed/cases_zk_256/zk_spartan_2_bw256_r26_triton.csv --cuda-out CAMERA-READY/h100/sweep_fixed/cases_zk_256/zk_spartan_2_bw256_r26_cuda.csv --out CAMERA-READY/h100/sweep_fixed/cases_zk_256/zk_spartan_2_bw256_r26_joined.csv
$ /home/ubuntu/venvs/zkduel-table5/bin/python -u benchmarks/field_sweep/triton_sweep.py --workloads zk_spartan_2 --rounds 26 --bit-widths 256 --warmups 2 --repeats 10 --seed 1 --timing-mode whole-run --challenge-mode fixed --layout element --point-mode specialized --out CAMERA-READY/h100/sweep_fixed/cases_zk_256/zk_spartan_2_bw256_r26_triton.csv
zk_spartan_2             field=p255_bls12_381_scalar        rounds=26 first_ms=99.126 median_ms=44.393 checksum=68715809920550
CAMERA-READY/h100/sweep_fixed/cases_zk_256/zk_spartan_2_bw256_r26_triton.csv
$ build/field_sumcheck_cuda_fixed --workloads zk_spartan_2 --rounds 26 --bit-widths 256 --warmups 2 --repeats 10 --seed 1 --timing-mode whole-run --challenge-mode fixed --layout element --point-mode specialized --block 128 --out CAMERA-READY/h100/sweep_fixed/cases_zk_256/zk_spartan_2_bw256_r26_cuda.csv
zk_spartan_2 field=p255_bls12_381_scalar rounds=26 first_ms=27.9463 median_ms=28.2371 checksum=68715809920550
zk_spartan_2             field=p255_bls12_381_scalar        rounds=26 triton_ms=44.393 cuda_ms=28.2371 checksum_match=true speedup=1.572152
CAMERA-READY/h100/sweep_fixed/cases_zk_256/zk_spartan_2_bw256_r26_joined.csv
ok: zk_spartan_2_bw256_r26
CAMERA-READY/h100/sweep_fixed/zk_256.csv
$ /home/ubuntu/venvs/zkduel-table5/bin/python -u benchmarks/field_sweep/compare_triton_cuda.py --workloads zk_spartan_2 --bit-widths 256 --rounds 28 --warmups 2 --repeats 10 --seed 1 --timing-mode whole-run --challenge-mode fixed --layout element --point-mode specialized --block 128 --python /home/ubuntu/venvs/zkduel-table5/bin/python --triton-script benchmarks/field_sweep/triton_sweep.py --cuda-binary build/field_sumcheck_cuda_fixed --skip-build --triton-out CAMERA-READY/h100/sweep_fixed/cases_zk_256/zk_spartan_2_bw256_r28_triton.csv --cuda-out CAMERA-READY/h100/sweep_fixed/cases_zk_256/zk_spartan_2_bw256_r28_cuda.csv --out CAMERA-READY/h100/sweep_fixed/cases_zk_256/zk_spartan_2_bw256_r28_joined.csv
$ /home/ubuntu/venvs/zkduel-table5/bin/python -u benchmarks/field_sweep/triton_sweep.py --workloads zk_spartan_2 --rounds 28 --bit-widths 256 --warmups 2 --repeats 10 --seed 1 --timing-mode whole-run --challenge-mode fixed --layout element --point-mode specialized --out CAMERA-READY/h100/sweep_fixed/cases_zk_256/zk_spartan_2_bw256_r28_triton.csv
zk_spartan_2             field=p255_bls12_381_scalar        rounds=28 first_ms=203.666 median_ms=157.962 checksum=74979165578551
CAMERA-READY/h100/sweep_fixed/cases_zk_256/zk_spartan_2_bw256_r28_triton.csv
$ build/field_sumcheck_cuda_fixed --workloads zk_spartan_2 --rounds 28 --bit-widths 256 --warmups 2 --repeats 10 --seed 1 --timing-mode whole-run --challenge-mode fixed --layout element --point-mode specialized --block 128 --out CAMERA-READY/h100/sweep_fixed/cases_zk_256/zk_spartan_2_bw256_r28_cuda.csv
zk_spartan_2 field=p255_bls12_381_scalar rounds=28 first_ms=103.937 median_ms=110.125 checksum=74979165578551
zk_spartan_2             field=p255_bls12_381_scalar        rounds=28 triton_ms=157.962 cuda_ms=110.125 checksum_match=true speedup=1.434388
CAMERA-READY/h100/sweep_fixed/cases_zk_256/zk_spartan_2_bw256_r28_joined.csv
ok: zk_spartan_2_bw256_r28
CAMERA-READY/h100/sweep_fixed/zk_256.csv
$ /home/ubuntu/venvs/zkduel-table5/bin/python -u benchmarks/field_sweep/compare_triton_cuda.py --workloads zk_witness_non_id --bit-widths 256 --rounds 14 --warmups 2 --repeats 10 --seed 1 --timing-mode whole-run --challenge-mode fixed --layout element --point-mode specialized --block 128 --python /home/ubuntu/venvs/zkduel-table5/bin/python --triton-script benchmarks/field_sweep/triton_sweep.py --cuda-binary build/field_sumcheck_cuda_fixed --skip-build --triton-out CAMERA-READY/h100/sweep_fixed/cases_zk_256/zk_witness_non_id_bw256_r14_triton.csv --cuda-out CAMERA-READY/h100/sweep_fixed/cases_zk_256/zk_witness_non_id_bw256_r14_cuda.csv --out CAMERA-READY/h100/sweep_fixed/cases_zk_256/zk_witness_non_id_bw256_r14_joined.csv
$ /home/ubuntu/venvs/zkduel-table5/bin/python -u benchmarks/field_sweep/triton_sweep.py --workloads zk_witness_non_id --rounds 14 --bit-widths 256 --warmups 2 --repeats 10 --seed 1 --timing-mode whole-run --challenge-mode fixed --layout element --point-mode specialized --out CAMERA-READY/h100/sweep_fixed/cases_zk_256/zk_witness_non_id_bw256_r14_triton.csv
zk_witness_non_id        field=p255_bls12_381_scalar        rounds=14 first_ms=75.370 median_ms=5.610 checksum=62685755827500
CAMERA-READY/h100/sweep_fixed/cases_zk_256/zk_witness_non_id_bw256_r14_triton.csv
$ build/field_sumcheck_cuda_fixed --workloads zk_witness_non_id --rounds 14 --bit-widths 256 --warmups 2 --repeats 10 --seed 1 --timing-mode whole-run --challenge-mode fixed --layout element --point-mode specialized --block 128 --out CAMERA-READY/h100/sweep_fixed/cases_zk_256/zk_witness_non_id_bw256_r14_cuda.csv
zk_witness_non_id field=p255_bls12_381_scalar rounds=14 first_ms=3.15895 median_ms=2.25828 checksum=62685755827500
zk_witness_non_id        field=p255_bls12_381_scalar        rounds=14 triton_ms=5.610 cuda_ms=2.25828 checksum_match=true speedup=2.484192
CAMERA-READY/h100/sweep_fixed/cases_zk_256/zk_witness_non_id_bw256_r14_joined.csv
ok: zk_witness_non_id_bw256_r14
CAMERA-READY/h100/sweep_fixed/zk_256.csv
$ /home/ubuntu/venvs/zkduel-table5/bin/python -u benchmarks/field_sweep/compare_triton_cuda.py --workloads zk_witness_non_id --bit-widths 256 --rounds 16 --warmups 2 --repeats 10 --seed 1 --timing-mode whole-run --challenge-mode fixed --layout element --point-mode specialized --block 128 --python /home/ubuntu/venvs/zkduel-table5/bin/python --triton-script benchmarks/field_sweep/triton_sweep.py --cuda-binary build/field_sumcheck_cuda_fixed --skip-build --triton-out CAMERA-READY/h100/sweep_fixed/cases_zk_256/zk_witness_non_id_bw256_r16_triton.csv --cuda-out CAMERA-READY/h100/sweep_fixed/cases_zk_256/zk_witness_non_id_bw256_r16_cuda.csv --out CAMERA-READY/h100/sweep_fixed/cases_zk_256/zk_witness_non_id_bw256_r16_joined.csv
$ /home/ubuntu/venvs/zkduel-table5/bin/python -u benchmarks/field_sweep/triton_sweep.py --workloads zk_witness_non_id --rounds 16 --bit-widths 256 --warmups 2 --repeats 10 --seed 1 --timing-mode whole-run --challenge-mode fixed --layout element --point-mode specialized --out CAMERA-READY/h100/sweep_fixed/cases_zk_256/zk_witness_non_id_bw256_r16_triton.csv
zk_witness_non_id        field=p255_bls12_381_scalar        rounds=16 first_ms=76.960 median_ms=7.495 checksum=72317547246789
CAMERA-READY/h100/sweep_fixed/cases_zk_256/zk_witness_non_id_bw256_r16_triton.csv
$ build/field_sumcheck_cuda_fixed --workloads zk_witness_non_id --rounds 16 --bit-widths 256 --warmups 2 --repeats 10 --seed 1 --timing-mode whole-run --challenge-mode fixed --layout element --point-mode specialized --block 128 --out CAMERA-READY/h100/sweep_fixed/cases_zk_256/zk_witness_non_id_bw256_r16_cuda.csv
zk_witness_non_id field=p255_bls12_381_scalar rounds=16 first_ms=3.63757 median_ms=2.75632 checksum=72317547246789
zk_witness_non_id        field=p255_bls12_381_scalar        rounds=16 triton_ms=7.495 cuda_ms=2.75632 checksum_match=true speedup=2.719205
CAMERA-READY/h100/sweep_fixed/cases_zk_256/zk_witness_non_id_bw256_r16_joined.csv
ok: zk_witness_non_id_bw256_r16
CAMERA-READY/h100/sweep_fixed/zk_256.csv
$ /home/ubuntu/venvs/zkduel-table5/bin/python -u benchmarks/field_sweep/compare_triton_cuda.py --workloads zk_witness_non_id --bit-widths 256 --rounds 18 --warmups 2 --repeats 10 --seed 1 --timing-mode whole-run --challenge-mode fixed --layout element --point-mode specialized --block 128 --python /home/ubuntu/venvs/zkduel-table5/bin/python --triton-script benchmarks/field_sweep/triton_sweep.py --cuda-binary build/field_sumcheck_cuda_fixed --skip-build --triton-out CAMERA-READY/h100/sweep_fixed/cases_zk_256/zk_witness_non_id_bw256_r18_triton.csv --cuda-out CAMERA-READY/h100/sweep_fixed/cases_zk_256/zk_witness_non_id_bw256_r18_cuda.csv --out CAMERA-READY/h100/sweep_fixed/cases_zk_256/zk_witness_non_id_bw256_r18_joined.csv
$ /home/ubuntu/venvs/zkduel-table5/bin/python -u benchmarks/field_sweep/triton_sweep.py --workloads zk_witness_non_id --rounds 18 --bit-widths 256 --warmups 2 --repeats 10 --seed 1 --timing-mode whole-run --challenge-mode fixed --layout element --point-mode specialized --out CAMERA-READY/h100/sweep_fixed/cases_zk_256/zk_witness_non_id_bw256_r18_triton.csv
zk_witness_non_id        field=p255_bls12_381_scalar        rounds=18 first_ms=79.141 median_ms=9.866 checksum=72177475223958
CAMERA-READY/h100/sweep_fixed/cases_zk_256/zk_witness_non_id_bw256_r18_triton.csv
$ build/field_sumcheck_cuda_fixed --workloads zk_witness_non_id --rounds 18 --bit-widths 256 --warmups 2 --repeats 10 --seed 1 --timing-mode whole-run --challenge-mode fixed --layout element --point-mode specialized --block 128 --out CAMERA-READY/h100/sweep_fixed/cases_zk_256/zk_witness_non_id_bw256_r18_cuda.csv
zk_witness_non_id field=p255_bls12_381_scalar rounds=18 first_ms=4.54571 median_ms=3.69351 checksum=72177475223958
zk_witness_non_id        field=p255_bls12_381_scalar        rounds=18 triton_ms=9.866 cuda_ms=3.69351 checksum_match=true speedup=2.671172
CAMERA-READY/h100/sweep_fixed/cases_zk_256/zk_witness_non_id_bw256_r18_joined.csv
ok: zk_witness_non_id_bw256_r18
CAMERA-READY/h100/sweep_fixed/zk_256.csv
$ /home/ubuntu/venvs/zkduel-table5/bin/python -u benchmarks/field_sweep/compare_triton_cuda.py --workloads zk_witness_non_id --bit-widths 256 --rounds 20 --warmups 2 --repeats 10 --seed 1 --timing-mode whole-run --challenge-mode fixed --layout element --point-mode specialized --block 128 --python /home/ubuntu/venvs/zkduel-table5/bin/python --triton-script benchmarks/field_sweep/triton_sweep.py --cuda-binary build/field_sumcheck_cuda_fixed --skip-build --triton-out CAMERA-READY/h100/sweep_fixed/cases_zk_256/zk_witness_non_id_bw256_r20_triton.csv --cuda-out CAMERA-READY/h100/sweep_fixed/cases_zk_256/zk_witness_non_id_bw256_r20_cuda.csv --out CAMERA-READY/h100/sweep_fixed/cases_zk_256/zk_witness_non_id_bw256_r20_joined.csv
$ /home/ubuntu/venvs/zkduel-table5/bin/python -u benchmarks/field_sweep/triton_sweep.py --workloads zk_witness_non_id --rounds 20 --bit-widths 256 --warmups 2 --repeats 10 --seed 1 --timing-mode whole-run --challenge-mode fixed --layout element --point-mode specialized --out CAMERA-READY/h100/sweep_fixed/cases_zk_256/zk_witness_non_id_bw256_r20_triton.csv
zk_witness_non_id        field=p255_bls12_381_scalar        rounds=20 first_ms=82.923 median_ms=12.474 checksum=84612521577818
CAMERA-READY/h100/sweep_fixed/cases_zk_256/zk_witness_non_id_bw256_r20_triton.csv
$ build/field_sumcheck_cuda_fixed --workloads zk_witness_non_id --rounds 20 --bit-widths 256 --warmups 2 --repeats 10 --seed 1 --timing-mode whole-run --challenge-mode fixed --layout element --point-mode specialized --block 128 --out CAMERA-READY/h100/sweep_fixed/cases_zk_256/zk_witness_non_id_bw256_r20_cuda.csv
zk_witness_non_id field=p255_bls12_381_scalar rounds=20 first_ms=6.57625 median_ms=5.73722 checksum=84612521577818
zk_witness_non_id        field=p255_bls12_381_scalar        rounds=20 triton_ms=12.474 cuda_ms=5.73722 checksum_match=true speedup=2.174224
CAMERA-READY/h100/sweep_fixed/cases_zk_256/zk_witness_non_id_bw256_r20_joined.csv
ok: zk_witness_non_id_bw256_r20
CAMERA-READY/h100/sweep_fixed/zk_256.csv
$ /home/ubuntu/venvs/zkduel-table5/bin/python -u benchmarks/field_sweep/compare_triton_cuda.py --workloads zk_witness_non_id --bit-widths 256 --rounds 22 --warmups 2 --repeats 10 --seed 1 --timing-mode whole-run --challenge-mode fixed --layout element --point-mode specialized --block 128 --python /home/ubuntu/venvs/zkduel-table5/bin/python --triton-script benchmarks/field_sweep/triton_sweep.py --cuda-binary build/field_sumcheck_cuda_fixed --skip-build --triton-out CAMERA-READY/h100/sweep_fixed/cases_zk_256/zk_witness_non_id_bw256_r22_triton.csv --cuda-out CAMERA-READY/h100/sweep_fixed/cases_zk_256/zk_witness_non_id_bw256_r22_cuda.csv --out CAMERA-READY/h100/sweep_fixed/cases_zk_256/zk_witness_non_id_bw256_r22_joined.csv
$ /home/ubuntu/venvs/zkduel-table5/bin/python -u benchmarks/field_sweep/triton_sweep.py --workloads zk_witness_non_id --rounds 22 --bit-widths 256 --warmups 2 --repeats 10 --seed 1 --timing-mode whole-run --challenge-mode fixed --layout element --point-mode specialized --out CAMERA-READY/h100/sweep_fixed/cases_zk_256/zk_witness_non_id_bw256_r22_triton.csv
zk_witness_non_id        field=p255_bls12_381_scalar        rounds=22 first_ms=88.660 median_ms=19.840 checksum=95954458946112
CAMERA-READY/h100/sweep_fixed/cases_zk_256/zk_witness_non_id_bw256_r22_triton.csv
$ build/field_sumcheck_cuda_fixed --workloads zk_witness_non_id --rounds 22 --bit-widths 256 --warmups 2 --repeats 10 --seed 1 --timing-mode whole-run --challenge-mode fixed --layout element --point-mode specialized --block 128 --out CAMERA-READY/h100/sweep_fixed/cases_zk_256/zk_witness_non_id_bw256_r22_cuda.csv
zk_witness_non_id field=p255_bls12_381_scalar rounds=22 first_ms=12.2123 median_ms=11.4784 checksum=95954458946112
zk_witness_non_id        field=p255_bls12_381_scalar        rounds=22 triton_ms=19.840 cuda_ms=11.4784 checksum_match=true speedup=1.728464
CAMERA-READY/h100/sweep_fixed/cases_zk_256/zk_witness_non_id_bw256_r22_joined.csv
ok: zk_witness_non_id_bw256_r22
CAMERA-READY/h100/sweep_fixed/zk_256.csv
$ /home/ubuntu/venvs/zkduel-table5/bin/python -u benchmarks/field_sweep/compare_triton_cuda.py --workloads zk_witness_non_id --bit-widths 256 --rounds 24 --warmups 2 --repeats 10 --seed 1 --timing-mode whole-run --challenge-mode fixed --layout element --point-mode specialized --block 128 --python /home/ubuntu/venvs/zkduel-table5/bin/python --triton-script benchmarks/field_sweep/triton_sweep.py --cuda-binary build/field_sumcheck_cuda_fixed --skip-build --triton-out CAMERA-READY/h100/sweep_fixed/cases_zk_256/zk_witness_non_id_bw256_r24_triton.csv --cuda-out CAMERA-READY/h100/sweep_fixed/cases_zk_256/zk_witness_non_id_bw256_r24_cuda.csv --out CAMERA-READY/h100/sweep_fixed/cases_zk_256/zk_witness_non_id_bw256_r24_joined.csv
$ /home/ubuntu/venvs/zkduel-table5/bin/python -u benchmarks/field_sweep/triton_sweep.py --workloads zk_witness_non_id --rounds 24 --bit-widths 256 --warmups 2 --repeats 10 --seed 1 --timing-mode whole-run --challenge-mode fixed --layout element --point-mode specialized --out CAMERA-READY/h100/sweep_fixed/cases_zk_256/zk_witness_non_id_bw256_r24_triton.csv
zk_witness_non_id        field=p255_bls12_381_scalar        rounds=24 first_ms=113.942 median_ms=46.871 checksum=104363571574743
CAMERA-READY/h100/sweep_fixed/cases_zk_256/zk_witness_non_id_bw256_r24_triton.csv
$ build/field_sumcheck_cuda_fixed --workloads zk_witness_non_id --rounds 24 --bit-widths 256 --warmups 2 --repeats 10 --seed 1 --timing-mode whole-run --challenge-mode fixed --layout element --point-mode specialized --block 128 --out CAMERA-READY/h100/sweep_fixed/cases_zk_256/zk_witness_non_id_bw256_r24_cuda.csv
zk_witness_non_id field=p255_bls12_381_scalar rounds=24 first_ms=33.3498 median_ms=32.5045 checksum=104363571574743
zk_witness_non_id        field=p255_bls12_381_scalar        rounds=24 triton_ms=46.871 cuda_ms=32.5045 checksum_match=true speedup=1.441985
CAMERA-READY/h100/sweep_fixed/cases_zk_256/zk_witness_non_id_bw256_r24_joined.csv
ok: zk_witness_non_id_bw256_r24
CAMERA-READY/h100/sweep_fixed/zk_256.csv
$ /home/ubuntu/venvs/zkduel-table5/bin/python -u benchmarks/field_sweep/compare_triton_cuda.py --workloads zk_witness_non_id --bit-widths 256 --rounds 26 --warmups 2 --repeats 10 --seed 1 --timing-mode whole-run --challenge-mode fixed --layout element --point-mode specialized --block 128 --python /home/ubuntu/venvs/zkduel-table5/bin/python --triton-script benchmarks/field_sweep/triton_sweep.py --cuda-binary build/field_sumcheck_cuda_fixed --skip-build --triton-out CAMERA-READY/h100/sweep_fixed/cases_zk_256/zk_witness_non_id_bw256_r26_triton.csv --cuda-out CAMERA-READY/h100/sweep_fixed/cases_zk_256/zk_witness_non_id_bw256_r26_cuda.csv --out CAMERA-READY/h100/sweep_fixed/cases_zk_256/zk_witness_non_id_bw256_r26_joined.csv
$ /home/ubuntu/venvs/zkduel-table5/bin/python -u benchmarks/field_sweep/triton_sweep.py --workloads zk_witness_non_id --rounds 26 --bit-widths 256 --warmups 2 --repeats 10 --seed 1 --timing-mode whole-run --challenge-mode fixed --layout element --point-mode specialized --out CAMERA-READY/h100/sweep_fixed/cases_zk_256/zk_witness_non_id_bw256_r26_triton.csv
zk_witness_non_id        field=p255_bls12_381_scalar        rounds=26 first_ms=217.398 median_ms=151.122 checksum=111039871206407
CAMERA-READY/h100/sweep_fixed/cases_zk_256/zk_witness_non_id_bw256_r26_triton.csv
$ build/field_sumcheck_cuda_fixed --workloads zk_witness_non_id --rounds 26 --bit-widths 256 --warmups 2 --repeats 10 --seed 1 --timing-mode whole-run --challenge-mode fixed --layout element --point-mode specialized --block 128 --out CAMERA-READY/h100/sweep_fixed/cases_zk_256/zk_witness_non_id_bw256_r26_cuda.csv
zk_witness_non_id field=p255_bls12_381_scalar rounds=26 first_ms=115.751 median_ms=116.436 checksum=111039871206407
zk_witness_non_id        field=p255_bls12_381_scalar        rounds=26 triton_ms=151.122 cuda_ms=116.436 checksum_match=true speedup=1.297898
CAMERA-READY/h100/sweep_fixed/cases_zk_256/zk_witness_non_id_bw256_r26_joined.csv
ok: zk_witness_non_id_bw256_r26
CAMERA-READY/h100/sweep_fixed/zk_256.csv
$ /home/ubuntu/venvs/zkduel-table5/bin/python -u benchmarks/field_sweep/compare_triton_cuda.py --workloads zk_witness_non_id --bit-widths 256 --rounds 28 --warmups 2 --repeats 10 --seed 1 --timing-mode whole-run --challenge-mode fixed --layout element --point-mode specialized --block 128 --python /home/ubuntu/venvs/zkduel-table5/bin/python --triton-script benchmarks/field_sweep/triton_sweep.py --cuda-binary build/field_sumcheck_cuda_fixed --skip-build --triton-out CAMERA-READY/h100/sweep_fixed/cases_zk_256/zk_witness_non_id_bw256_r28_triton.csv --cuda-out CAMERA-READY/h100/sweep_fixed/cases_zk_256/zk_witness_non_id_bw256_r28_cuda.csv --out CAMERA-READY/h100/sweep_fixed/cases_zk_256/zk_witness_non_id_bw256_r28_joined.csv
$ /home/ubuntu/venvs/zkduel-table5/bin/python -u benchmarks/field_sweep/triton_sweep.py --workloads zk_witness_non_id --rounds 28 --bit-widths 256 --warmups 2 --repeats 10 --seed 1 --timing-mode whole-run --challenge-mode fixed --layout element --point-mode specialized --out CAMERA-READY/h100/sweep_fixed/cases_zk_256/zk_witness_non_id_bw256_r28_triton.csv
zk_witness_non_id        field=p255_bls12_381_scalar        rounds=28 first_ms=638.590 median_ms=570.954 checksum=127183176437733
CAMERA-READY/h100/sweep_fixed/cases_zk_256/zk_witness_non_id_bw256_r28_triton.csv
$ build/field_sumcheck_cuda_fixed --workloads zk_witness_non_id --rounds 28 --bit-widths 256 --warmups 2 --repeats 10 --seed 1 --timing-mode whole-run --challenge-mode fixed --layout element --point-mode specialized --block 128 --out CAMERA-READY/h100/sweep_fixed/cases_zk_256/zk_witness_non_id_bw256_r28_cuda.csv
zk_witness_non_id field=p255_bls12_381_scalar rounds=28 first_ms=447.624 median_ms=459.105 checksum=127183176437733
zk_witness_non_id        field=p255_bls12_381_scalar        rounds=28 triton_ms=570.954 cuda_ms=459.105 checksum_match=true speedup=1.243624
CAMERA-READY/h100/sweep_fixed/cases_zk_256/zk_witness_non_id_bw256_r28_joined.csv
ok: zk_witness_non_id_bw256_r28
CAMERA-READY/h100/sweep_fixed/zk_256.csv
$ /home/ubuntu/venvs/zkduel-table5/bin/python -u benchmarks/field_sweep/compare_triton_cuda.py --workloads zk_witness_id_point_1 --bit-widths 256 --rounds 14 --warmups 2 --repeats 10 --seed 1 --timing-mode whole-run --challenge-mode fixed --layout element --point-mode specialized --block 128 --python /home/ubuntu/venvs/zkduel-table5/bin/python --triton-script benchmarks/field_sweep/triton_sweep.py --cuda-binary build/field_sumcheck_cuda_fixed --skip-build --triton-out CAMERA-READY/h100/sweep_fixed/cases_zk_256/zk_witness_id_point_1_bw256_r14_triton.csv --cuda-out CAMERA-READY/h100/sweep_fixed/cases_zk_256/zk_witness_id_point_1_bw256_r14_cuda.csv --out CAMERA-READY/h100/sweep_fixed/cases_zk_256/zk_witness_id_point_1_bw256_r14_joined.csv
$ /home/ubuntu/venvs/zkduel-table5/bin/python -u benchmarks/field_sweep/triton_sweep.py --workloads zk_witness_id_point_1 --rounds 14 --bit-widths 256 --warmups 2 --repeats 10 --seed 1 --timing-mode whole-run --challenge-mode fixed --layout element --point-mode specialized --out CAMERA-READY/h100/sweep_fixed/cases_zk_256/zk_witness_id_point_1_bw256_r14_triton.csv
zk_witness_id_point_1    field=p255_bls12_381_scalar        rounds=14 first_ms=85.672 median_ms=6.979 checksum=76320948114541
CAMERA-READY/h100/sweep_fixed/cases_zk_256/zk_witness_id_point_1_bw256_r14_triton.csv
$ build/field_sumcheck_cuda_fixed --workloads zk_witness_id_point_1 --rounds 14 --bit-widths 256 --warmups 2 --repeats 10 --seed 1 --timing-mode whole-run --challenge-mode fixed --layout element --point-mode specialized --block 128 --out CAMERA-READY/h100/sweep_fixed/cases_zk_256/zk_witness_id_point_1_bw256_r14_cuda.csv
zk_witness_id_point_1 field=p255_bls12_381_scalar rounds=14 first_ms=4.01604 median_ms=2.87615 checksum=76320948114541
zk_witness_id_point_1    field=p255_bls12_381_scalar        rounds=14 triton_ms=6.979 cuda_ms=2.87615 checksum_match=true speedup=2.426508
CAMERA-READY/h100/sweep_fixed/cases_zk_256/zk_witness_id_point_1_bw256_r14_joined.csv
ok: zk_witness_id_point_1_bw256_r14
CAMERA-READY/h100/sweep_fixed/zk_256.csv
$ /home/ubuntu/venvs/zkduel-table5/bin/python -u benchmarks/field_sweep/compare_triton_cuda.py --workloads zk_witness_id_point_1 --bit-widths 256 --rounds 16 --warmups 2 --repeats 10 --seed 1 --timing-mode whole-run --challenge-mode fixed --layout element --point-mode specialized --block 128 --python /home/ubuntu/venvs/zkduel-table5/bin/python --triton-script benchmarks/field_sweep/triton_sweep.py --cuda-binary build/field_sumcheck_cuda_fixed --skip-build --triton-out CAMERA-READY/h100/sweep_fixed/cases_zk_256/zk_witness_id_point_1_bw256_r16_triton.csv --cuda-out CAMERA-READY/h100/sweep_fixed/cases_zk_256/zk_witness_id_point_1_bw256_r16_cuda.csv --out CAMERA-READY/h100/sweep_fixed/cases_zk_256/zk_witness_id_point_1_bw256_r16_joined.csv
$ /home/ubuntu/venvs/zkduel-table5/bin/python -u benchmarks/field_sweep/triton_sweep.py --workloads zk_witness_id_point_1 --rounds 16 --bit-widths 256 --warmups 2 --repeats 10 --seed 1 --timing-mode whole-run --challenge-mode fixed --layout element --point-mode specialized --out CAMERA-READY/h100/sweep_fixed/cases_zk_256/zk_witness_id_point_1_bw256_r16_triton.csv
zk_witness_id_point_1    field=p255_bls12_381_scalar        rounds=16 first_ms=87.960 median_ms=9.207 checksum=84798169036776
CAMERA-READY/h100/sweep_fixed/cases_zk_256/zk_witness_id_point_1_bw256_r16_triton.csv
$ build/field_sumcheck_cuda_fixed --workloads zk_witness_id_point_1 --rounds 16 --bit-widths 256 --warmups 2 --repeats 10 --seed 1 --timing-mode whole-run --challenge-mode fixed --layout element --point-mode specialized --block 128 --out CAMERA-READY/h100/sweep_fixed/cases_zk_256/zk_witness_id_point_1_bw256_r16_cuda.csv
zk_witness_id_point_1 field=p255_bls12_381_scalar rounds=16 first_ms=4.746 median_ms=3.58812 checksum=84798169036776
zk_witness_id_point_1    field=p255_bls12_381_scalar        rounds=16 triton_ms=9.207 cuda_ms=3.58812 checksum_match=true speedup=2.565968
CAMERA-READY/h100/sweep_fixed/cases_zk_256/zk_witness_id_point_1_bw256_r16_joined.csv
ok: zk_witness_id_point_1_bw256_r16
CAMERA-READY/h100/sweep_fixed/zk_256.csv
$ /home/ubuntu/venvs/zkduel-table5/bin/python -u benchmarks/field_sweep/compare_triton_cuda.py --workloads zk_witness_id_point_1 --bit-widths 256 --rounds 18 --warmups 2 --repeats 10 --seed 1 --timing-mode whole-run --challenge-mode fixed --layout element --point-mode specialized --block 128 --python /home/ubuntu/venvs/zkduel-table5/bin/python --triton-script benchmarks/field_sweep/triton_sweep.py --cuda-binary build/field_sumcheck_cuda_fixed --skip-build --triton-out CAMERA-READY/h100/sweep_fixed/cases_zk_256/zk_witness_id_point_1_bw256_r18_triton.csv --cuda-out CAMERA-READY/h100/sweep_fixed/cases_zk_256/zk_witness_id_point_1_bw256_r18_cuda.csv --out CAMERA-READY/h100/sweep_fixed/cases_zk_256/zk_witness_id_point_1_bw256_r18_joined.csv
$ /home/ubuntu/venvs/zkduel-table5/bin/python -u benchmarks/field_sweep/triton_sweep.py --workloads zk_witness_id_point_1 --rounds 18 --bit-widths 256 --warmups 2 --repeats 10 --seed 1 --timing-mode whole-run --challenge-mode fixed --layout element --point-mode specialized --out CAMERA-READY/h100/sweep_fixed/cases_zk_256/zk_witness_id_point_1_bw256_r18_triton.csv
zk_witness_id_point_1    field=p255_bls12_381_scalar        rounds=18 first_ms=90.814 median_ms=11.738 checksum=95405386834303
CAMERA-READY/h100/sweep_fixed/cases_zk_256/zk_witness_id_point_1_bw256_r18_triton.csv
$ build/field_sumcheck_cuda_fixed --workloads zk_witness_id_point_1 --rounds 18 --bit-widths 256 --warmups 2 --repeats 10 --seed 1 --timing-mode whole-run --challenge-mode fixed --layout element --point-mode specialized --block 128 --out CAMERA-READY/h100/sweep_fixed/cases_zk_256/zk_witness_id_point_1_bw256_r18_cuda.csv
zk_witness_id_point_1 field=p255_bls12_381_scalar rounds=18 first_ms=5.81346 median_ms=4.68213 checksum=95405386834303
zk_witness_id_point_1    field=p255_bls12_381_scalar        rounds=18 triton_ms=11.738 cuda_ms=4.68213 checksum_match=true speedup=2.506979
CAMERA-READY/h100/sweep_fixed/cases_zk_256/zk_witness_id_point_1_bw256_r18_joined.csv
ok: zk_witness_id_point_1_bw256_r18
CAMERA-READY/h100/sweep_fixed/zk_256.csv
$ /home/ubuntu/venvs/zkduel-table5/bin/python -u benchmarks/field_sweep/compare_triton_cuda.py --workloads zk_witness_id_point_1 --bit-widths 256 --rounds 20 --warmups 2 --repeats 10 --seed 1 --timing-mode whole-run --challenge-mode fixed --layout element --point-mode specialized --block 128 --python /home/ubuntu/venvs/zkduel-table5/bin/python --triton-script benchmarks/field_sweep/triton_sweep.py --cuda-binary build/field_sumcheck_cuda_fixed --skip-build --triton-out CAMERA-READY/h100/sweep_fixed/cases_zk_256/zk_witness_id_point_1_bw256_r20_triton.csv --cuda-out CAMERA-READY/h100/sweep_fixed/cases_zk_256/zk_witness_id_point_1_bw256_r20_cuda.csv --out CAMERA-READY/h100/sweep_fixed/cases_zk_256/zk_witness_id_point_1_bw256_r20_joined.csv
$ /home/ubuntu/venvs/zkduel-table5/bin/python -u benchmarks/field_sweep/triton_sweep.py --workloads zk_witness_id_point_1 --rounds 20 --bit-widths 256 --warmups 2 --repeats 10 --seed 1 --timing-mode whole-run --challenge-mode fixed --layout element --point-mode specialized --out CAMERA-READY/h100/sweep_fixed/cases_zk_256/zk_witness_id_point_1_bw256_r20_triton.csv
zk_witness_id_point_1    field=p255_bls12_381_scalar        rounds=20 first_ms=92.510 median_ms=15.288 checksum=106131664884986
CAMERA-READY/h100/sweep_fixed/cases_zk_256/zk_witness_id_point_1_bw256_r20_triton.csv
$ build/field_sumcheck_cuda_fixed --workloads zk_witness_id_point_1 --rounds 20 --bit-widths 256 --warmups 2 --repeats 10 --seed 1 --timing-mode whole-run --challenge-mode fixed --layout element --point-mode specialized --block 128 --out CAMERA-READY/h100/sweep_fixed/cases_zk_256/zk_witness_id_point_1_bw256_r20_cuda.csv
zk_witness_id_point_1 field=p255_bls12_381_scalar rounds=20 first_ms=8.65742 median_ms=7.48879 checksum=106131664884986
zk_witness_id_point_1    field=p255_bls12_381_scalar        rounds=20 triton_ms=15.288 cuda_ms=7.48879 checksum_match=true speedup=2.041451
CAMERA-READY/h100/sweep_fixed/cases_zk_256/zk_witness_id_point_1_bw256_r20_joined.csv
ok: zk_witness_id_point_1_bw256_r20
CAMERA-READY/h100/sweep_fixed/zk_256.csv
$ /home/ubuntu/venvs/zkduel-table5/bin/python -u benchmarks/field_sweep/compare_triton_cuda.py --workloads zk_witness_id_point_1 --bit-widths 256 --rounds 22 --warmups 2 --repeats 10 --seed 1 --timing-mode whole-run --challenge-mode fixed --layout element --point-mode specialized --block 128 --python /home/ubuntu/venvs/zkduel-table5/bin/python --triton-script benchmarks/field_sweep/triton_sweep.py --cuda-binary build/field_sumcheck_cuda_fixed --skip-build --triton-out CAMERA-READY/h100/sweep_fixed/cases_zk_256/zk_witness_id_point_1_bw256_r22_triton.csv --cuda-out CAMERA-READY/h100/sweep_fixed/cases_zk_256/zk_witness_id_point_1_bw256_r22_cuda.csv --out CAMERA-READY/h100/sweep_fixed/cases_zk_256/zk_witness_id_point_1_bw256_r22_joined.csv
$ /home/ubuntu/venvs/zkduel-table5/bin/python -u benchmarks/field_sweep/triton_sweep.py --workloads zk_witness_id_point_1 --rounds 22 --bit-widths 256 --warmups 2 --repeats 10 --seed 1 --timing-mode whole-run --challenge-mode fixed --layout element --point-mode specialized --out CAMERA-READY/h100/sweep_fixed/cases_zk_256/zk_witness_id_point_1_bw256_r22_triton.csv
zk_witness_id_point_1    field=p255_bls12_381_scalar        rounds=22 first_ms=101.447 median_ms=25.334 checksum=111606466909236
CAMERA-READY/h100/sweep_fixed/cases_zk_256/zk_witness_id_point_1_bw256_r22_triton.csv
$ build/field_sumcheck_cuda_fixed --workloads zk_witness_id_point_1 --rounds 22 --bit-widths 256 --warmups 2 --repeats 10 --seed 1 --timing-mode whole-run --challenge-mode fixed --layout element --point-mode specialized --block 128 --out CAMERA-READY/h100/sweep_fixed/cases_zk_256/zk_witness_id_point_1_bw256_r22_cuda.csv
zk_witness_id_point_1 field=p255_bls12_381_scalar rounds=22 first_ms=17.056 median_ms=15.9679 checksum=111606466909236
zk_witness_id_point_1    field=p255_bls12_381_scalar        rounds=22 triton_ms=25.334 cuda_ms=15.9679 checksum_match=true speedup=1.586558
CAMERA-READY/h100/sweep_fixed/cases_zk_256/zk_witness_id_point_1_bw256_r22_joined.csv
ok: zk_witness_id_point_1_bw256_r22
CAMERA-READY/h100/sweep_fixed/zk_256.csv
$ /home/ubuntu/venvs/zkduel-table5/bin/python -u benchmarks/field_sweep/compare_triton_cuda.py --workloads zk_witness_id_point_1 --bit-widths 256 --rounds 24 --warmups 2 --repeats 10 --seed 1 --timing-mode whole-run --challenge-mode fixed --layout element --point-mode specialized --block 128 --python /home/ubuntu/venvs/zkduel-table5/bin/python --triton-script benchmarks/field_sweep/triton_sweep.py --cuda-binary build/field_sumcheck_cuda_fixed --skip-build --triton-out CAMERA-READY/h100/sweep_fixed/cases_zk_256/zk_witness_id_point_1_bw256_r24_triton.csv --cuda-out CAMERA-READY/h100/sweep_fixed/cases_zk_256/zk_witness_id_point_1_bw256_r24_cuda.csv --out CAMERA-READY/h100/sweep_fixed/cases_zk_256/zk_witness_id_point_1_bw256_r24_joined.csv
$ /home/ubuntu/venvs/zkduel-table5/bin/python -u benchmarks/field_sweep/triton_sweep.py --workloads zk_witness_id_point_1 --rounds 24 --bit-widths 256 --warmups 2 --repeats 10 --seed 1 --timing-mode whole-run --challenge-mode fixed --layout element --point-mode specialized --out CAMERA-READY/h100/sweep_fixed/cases_zk_256/zk_witness_id_point_1_bw256_r24_triton.csv
zk_witness_id_point_1    field=p255_bls12_381_scalar        rounds=24 first_ms=137.743 median_ms=62.241 checksum=125589484436936
CAMERA-READY/h100/sweep_fixed/cases_zk_256/zk_witness_id_point_1_bw256_r24_triton.csv
$ build/field_sumcheck_cuda_fixed --workloads zk_witness_id_point_1 --rounds 24 --bit-widths 256 --warmups 2 --repeats 10 --seed 1 --timing-mode whole-run --challenge-mode fixed --layout element --point-mode specialized --block 128 --out CAMERA-READY/h100/sweep_fixed/cases_zk_256/zk_witness_id_point_1_bw256_r24_cuda.csv
zk_witness_id_point_1 field=p255_bls12_381_scalar rounds=24 first_ms=48.2399 median_ms=46.9176 checksum=125589484436936
zk_witness_id_point_1    field=p255_bls12_381_scalar        rounds=24 triton_ms=62.241 cuda_ms=46.9176 checksum_match=true speedup=1.326602
CAMERA-READY/h100/sweep_fixed/cases_zk_256/zk_witness_id_point_1_bw256_r24_joined.csv
ok: zk_witness_id_point_1_bw256_r24
CAMERA-READY/h100/sweep_fixed/zk_256.csv
$ /home/ubuntu/venvs/zkduel-table5/bin/python -u benchmarks/field_sweep/compare_triton_cuda.py --workloads zk_witness_id_point_1 --bit-widths 256 --rounds 26 --warmups 2 --repeats 10 --seed 1 --timing-mode whole-run --challenge-mode fixed --layout element --point-mode specialized --block 128 --python /home/ubuntu/venvs/zkduel-table5/bin/python --triton-script benchmarks/field_sweep/triton_sweep.py --cuda-binary build/field_sumcheck_cuda_fixed --skip-build --triton-out CAMERA-READY/h100/sweep_fixed/cases_zk_256/zk_witness_id_point_1_bw256_r26_triton.csv --cuda-out CAMERA-READY/h100/sweep_fixed/cases_zk_256/zk_witness_id_point_1_bw256_r26_cuda.csv --out CAMERA-READY/h100/sweep_fixed/cases_zk_256/zk_witness_id_point_1_bw256_r26_joined.csv
$ /home/ubuntu/venvs/zkduel-table5/bin/python -u benchmarks/field_sweep/triton_sweep.py --workloads zk_witness_id_point_1 --rounds 26 --bit-widths 256 --warmups 2 --repeats 10 --seed 1 --timing-mode whole-run --challenge-mode fixed --layout element --point-mode specialized --out CAMERA-READY/h100/sweep_fixed/cases_zk_256/zk_witness_id_point_1_bw256_r26_triton.csv
zk_witness_id_point_1    field=p255_bls12_381_scalar        rounds=26 first_ms=279.738 median_ms=205.289 checksum=135086588786487
CAMERA-READY/h100/sweep_fixed/cases_zk_256/zk_witness_id_point_1_bw256_r26_triton.csv
$ build/field_sumcheck_cuda_fixed --workloads zk_witness_id_point_1 --rounds 26 --bit-widths 256 --warmups 2 --repeats 10 --seed 1 --timing-mode whole-run --challenge-mode fixed --layout element --point-mode specialized --block 128 --out CAMERA-READY/h100/sweep_fixed/cases_zk_256/zk_witness_id_point_1_bw256_r26_cuda.csv
zk_witness_id_point_1 field=p255_bls12_381_scalar rounds=26 first_ms=169.128 median_ms=167.855 checksum=135086588786487
zk_witness_id_point_1    field=p255_bls12_381_scalar        rounds=26 triton_ms=205.289 cuda_ms=167.855 checksum_match=true speedup=1.223014
CAMERA-READY/h100/sweep_fixed/cases_zk_256/zk_witness_id_point_1_bw256_r26_joined.csv
ok: zk_witness_id_point_1_bw256_r26
CAMERA-READY/h100/sweep_fixed/zk_256.csv
$ /home/ubuntu/venvs/zkduel-table5/bin/python -u benchmarks/field_sweep/compare_triton_cuda.py --workloads zk_witness_id_point_1 --bit-widths 256 --rounds 28 --warmups 2 --repeats 10 --seed 1 --timing-mode whole-run --challenge-mode fixed --layout element --point-mode specialized --block 128 --python /home/ubuntu/venvs/zkduel-table5/bin/python --triton-script benchmarks/field_sweep/triton_sweep.py --cuda-binary build/field_sumcheck_cuda_fixed --skip-build --triton-out CAMERA-READY/h100/sweep_fixed/cases_zk_256/zk_witness_id_point_1_bw256_r28_triton.csv --cuda-out CAMERA-READY/h100/sweep_fixed/cases_zk_256/zk_witness_id_point_1_bw256_r28_cuda.csv --out CAMERA-READY/h100/sweep_fixed/cases_zk_256/zk_witness_id_point_1_bw256_r28_joined.csv
$ /home/ubuntu/venvs/zkduel-table5/bin/python -u benchmarks/field_sweep/triton_sweep.py --workloads zk_witness_id_point_1 --rounds 28 --bit-widths 256 --warmups 2 --repeats 10 --seed 1 --timing-mode whole-run --challenge-mode fixed --layout element --point-mode specialized --out CAMERA-READY/h100/sweep_fixed/cases_zk_256/zk_witness_id_point_1_bw256_r28_triton.csv
zk_witness_id_point_1    field=p255_bls12_381_scalar        rounds=28 first_ms=855.310 median_ms=777.970 checksum=150841935925343
CAMERA-READY/h100/sweep_fixed/cases_zk_256/zk_witness_id_point_1_bw256_r28_triton.csv
$ build/field_sumcheck_cuda_fixed --workloads zk_witness_id_point_1 --rounds 28 --bit-widths 256 --warmups 2 --repeats 10 --seed 1 --timing-mode whole-run --challenge-mode fixed --layout element --point-mode specialized --block 128 --out CAMERA-READY/h100/sweep_fixed/cases_zk_256/zk_witness_id_point_1_bw256_r28_cuda.csv
zk_witness_id_point_1 field=p255_bls12_381_scalar rounds=28 first_ms=657.924 median_ms=659.667 checksum=150841935925343
zk_witness_id_point_1    field=p255_bls12_381_scalar        rounds=28 triton_ms=777.970 cuda_ms=659.667 checksum_match=true speedup=1.179337
CAMERA-READY/h100/sweep_fixed/cases_zk_256/zk_witness_id_point_1_bw256_r28_joined.csv
ok: zk_witness_id_point_1_bw256_r28
CAMERA-READY/h100/sweep_fixed/zk_256.csv
$ /home/ubuntu/venvs/zkduel-table5/bin/python -u benchmarks/field_sweep/compare_triton_cuda.py --workloads zk_witness_id_point_2 --bit-widths 256 --rounds 14 --warmups 2 --repeats 10 --seed 1 --timing-mode whole-run --challenge-mode fixed --layout element --point-mode specialized --block 128 --python /home/ubuntu/venvs/zkduel-table5/bin/python --triton-script benchmarks/field_sweep/triton_sweep.py --cuda-binary build/field_sumcheck_cuda_fixed --skip-build --triton-out CAMERA-READY/h100/sweep_fixed/cases_zk_256/zk_witness_id_point_2_bw256_r14_triton.csv --cuda-out CAMERA-READY/h100/sweep_fixed/cases_zk_256/zk_witness_id_point_2_bw256_r14_cuda.csv --out CAMERA-READY/h100/sweep_fixed/cases_zk_256/zk_witness_id_point_2_bw256_r14_joined.csv
$ /home/ubuntu/venvs/zkduel-table5/bin/python -u benchmarks/field_sweep/triton_sweep.py --workloads zk_witness_id_point_2 --rounds 14 --bit-widths 256 --warmups 2 --repeats 10 --seed 1 --timing-mode whole-run --challenge-mode fixed --layout element --point-mode specialized --out CAMERA-READY/h100/sweep_fixed/cases_zk_256/zk_witness_id_point_2_bw256_r14_triton.csv
zk_witness_id_point_2    field=p255_bls12_381_scalar        rounds=14 first_ms=86.672 median_ms=7.070 checksum=76571622313901
CAMERA-READY/h100/sweep_fixed/cases_zk_256/zk_witness_id_point_2_bw256_r14_triton.csv
$ build/field_sumcheck_cuda_fixed --workloads zk_witness_id_point_2 --rounds 14 --bit-widths 256 --warmups 2 --repeats 10 --seed 1 --timing-mode whole-run --challenge-mode fixed --layout element --point-mode specialized --block 128 --out CAMERA-READY/h100/sweep_fixed/cases_zk_256/zk_witness_id_point_2_bw256_r14_cuda.csv
zk_witness_id_point_2 field=p255_bls12_381_scalar rounds=14 first_ms=4.04872 median_ms=2.89226 checksum=76571622313901
zk_witness_id_point_2    field=p255_bls12_381_scalar        rounds=14 triton_ms=7.070 cuda_ms=2.89226 checksum_match=true speedup=2.444455
CAMERA-READY/h100/sweep_fixed/cases_zk_256/zk_witness_id_point_2_bw256_r14_joined.csv
ok: zk_witness_id_point_2_bw256_r14
CAMERA-READY/h100/sweep_fixed/zk_256.csv
$ /home/ubuntu/venvs/zkduel-table5/bin/python -u benchmarks/field_sweep/compare_triton_cuda.py --workloads zk_witness_id_point_2 --bit-widths 256 --rounds 16 --warmups 2 --repeats 10 --seed 1 --timing-mode whole-run --challenge-mode fixed --layout element --point-mode specialized --block 128 --python /home/ubuntu/venvs/zkduel-table5/bin/python --triton-script benchmarks/field_sweep/triton_sweep.py --cuda-binary build/field_sumcheck_cuda_fixed --skip-build --triton-out CAMERA-READY/h100/sweep_fixed/cases_zk_256/zk_witness_id_point_2_bw256_r16_triton.csv --cuda-out CAMERA-READY/h100/sweep_fixed/cases_zk_256/zk_witness_id_point_2_bw256_r16_cuda.csv --out CAMERA-READY/h100/sweep_fixed/cases_zk_256/zk_witness_id_point_2_bw256_r16_joined.csv
$ /home/ubuntu/venvs/zkduel-table5/bin/python -u benchmarks/field_sweep/triton_sweep.py --workloads zk_witness_id_point_2 --rounds 16 --bit-widths 256 --warmups 2 --repeats 10 --seed 1 --timing-mode whole-run --challenge-mode fixed --layout element --point-mode specialized --out CAMERA-READY/h100/sweep_fixed/cases_zk_256/zk_witness_id_point_2_bw256_r16_triton.csv
zk_witness_id_point_2    field=p255_bls12_381_scalar        rounds=16 first_ms=88.765 median_ms=9.138 checksum=84652737322023
CAMERA-READY/h100/sweep_fixed/cases_zk_256/zk_witness_id_point_2_bw256_r16_triton.csv
$ build/field_sumcheck_cuda_fixed --workloads zk_witness_id_point_2 --rounds 16 --bit-widths 256 --warmups 2 --repeats 10 --seed 1 --timing-mode whole-run --challenge-mode fixed --layout element --point-mode specialized --block 128 --out CAMERA-READY/h100/sweep_fixed/cases_zk_256/zk_witness_id_point_2_bw256_r16_cuda.csv
zk_witness_id_point_2 field=p255_bls12_381_scalar rounds=16 first_ms=4.7271 median_ms=3.56366 checksum=84652737322023
zk_witness_id_point_2    field=p255_bls12_381_scalar        rounds=16 triton_ms=9.138 cuda_ms=3.56366 checksum_match=true speedup=2.564218
CAMERA-READY/h100/sweep_fixed/cases_zk_256/zk_witness_id_point_2_bw256_r16_joined.csv
ok: zk_witness_id_point_2_bw256_r16
CAMERA-READY/h100/sweep_fixed/zk_256.csv
$ /home/ubuntu/venvs/zkduel-table5/bin/python -u benchmarks/field_sweep/compare_triton_cuda.py --workloads zk_witness_id_point_2 --bit-widths 256 --rounds 18 --warmups 2 --repeats 10 --seed 1 --timing-mode whole-run --challenge-mode fixed --layout element --point-mode specialized --block 128 --python /home/ubuntu/venvs/zkduel-table5/bin/python --triton-script benchmarks/field_sweep/triton_sweep.py --cuda-binary build/field_sumcheck_cuda_fixed --skip-build --triton-out CAMERA-READY/h100/sweep_fixed/cases_zk_256/zk_witness_id_point_2_bw256_r18_triton.csv --cuda-out CAMERA-READY/h100/sweep_fixed/cases_zk_256/zk_witness_id_point_2_bw256_r18_cuda.csv --out CAMERA-READY/h100/sweep_fixed/cases_zk_256/zk_witness_id_point_2_bw256_r18_joined.csv
$ /home/ubuntu/venvs/zkduel-table5/bin/python -u benchmarks/field_sweep/triton_sweep.py --workloads zk_witness_id_point_2 --rounds 18 --bit-widths 256 --warmups 2 --repeats 10 --seed 1 --timing-mode whole-run --challenge-mode fixed --layout element --point-mode specialized --out CAMERA-READY/h100/sweep_fixed/cases_zk_256/zk_witness_id_point_2_bw256_r18_triton.csv
zk_witness_id_point_2    field=p255_bls12_381_scalar        rounds=18 first_ms=91.886 median_ms=11.967 checksum=94372017204582
CAMERA-READY/h100/sweep_fixed/cases_zk_256/zk_witness_id_point_2_bw256_r18_triton.csv
$ build/field_sumcheck_cuda_fixed --workloads zk_witness_id_point_2 --rounds 18 --bit-widths 256 --warmups 2 --repeats 10 --seed 1 --timing-mode whole-run --challenge-mode fixed --layout element --point-mode specialized --block 128 --out CAMERA-READY/h100/sweep_fixed/cases_zk_256/zk_witness_id_point_2_bw256_r18_cuda.csv
zk_witness_id_point_2 field=p255_bls12_381_scalar rounds=18 first_ms=5.79274 median_ms=4.68296 checksum=94372017204582
zk_witness_id_point_2    field=p255_bls12_381_scalar        rounds=18 triton_ms=11.967 cuda_ms=4.68296 checksum_match=true speedup=2.555435
CAMERA-READY/h100/sweep_fixed/cases_zk_256/zk_witness_id_point_2_bw256_r18_joined.csv
ok: zk_witness_id_point_2_bw256_r18
CAMERA-READY/h100/sweep_fixed/zk_256.csv
$ /home/ubuntu/venvs/zkduel-table5/bin/python -u benchmarks/field_sweep/compare_triton_cuda.py --workloads zk_witness_id_point_2 --bit-widths 256 --rounds 20 --warmups 2 --repeats 10 --seed 1 --timing-mode whole-run --challenge-mode fixed --layout element --point-mode specialized --block 128 --python /home/ubuntu/venvs/zkduel-table5/bin/python --triton-script benchmarks/field_sweep/triton_sweep.py --cuda-binary build/field_sumcheck_cuda_fixed --skip-build --triton-out CAMERA-READY/h100/sweep_fixed/cases_zk_256/zk_witness_id_point_2_bw256_r20_triton.csv --cuda-out CAMERA-READY/h100/sweep_fixed/cases_zk_256/zk_witness_id_point_2_bw256_r20_cuda.csv --out CAMERA-READY/h100/sweep_fixed/cases_zk_256/zk_witness_id_point_2_bw256_r20_joined.csv
$ /home/ubuntu/venvs/zkduel-table5/bin/python -u benchmarks/field_sweep/triton_sweep.py --workloads zk_witness_id_point_2 --rounds 20 --bit-widths 256 --warmups 2 --repeats 10 --seed 1 --timing-mode whole-run --challenge-mode fixed --layout element --point-mode specialized --out CAMERA-READY/h100/sweep_fixed/cases_zk_256/zk_witness_id_point_2_bw256_r20_triton.csv
zk_witness_id_point_2    field=p255_bls12_381_scalar        rounds=20 first_ms=92.719 median_ms=15.332 checksum=107171530653798
CAMERA-READY/h100/sweep_fixed/cases_zk_256/zk_witness_id_point_2_bw256_r20_triton.csv
$ build/field_sumcheck_cuda_fixed --workloads zk_witness_id_point_2 --rounds 20 --bit-widths 256 --warmups 2 --repeats 10 --seed 1 --timing-mode whole-run --challenge-mode fixed --layout element --point-mode specialized --block 128 --out CAMERA-READY/h100/sweep_fixed/cases_zk_256/zk_witness_id_point_2_bw256_r20_cuda.csv
zk_witness_id_point_2 field=p255_bls12_381_scalar rounds=20 first_ms=8.48371 median_ms=7.35106 checksum=107171530653798
zk_witness_id_point_2    field=p255_bls12_381_scalar        rounds=20 triton_ms=15.332 cuda_ms=7.35106 checksum_match=true speedup=2.085686
CAMERA-READY/h100/sweep_fixed/cases_zk_256/zk_witness_id_point_2_bw256_r20_joined.csv
ok: zk_witness_id_point_2_bw256_r20
CAMERA-READY/h100/sweep_fixed/zk_256.csv
$ /home/ubuntu/venvs/zkduel-table5/bin/python -u benchmarks/field_sweep/compare_triton_cuda.py --workloads zk_witness_id_point_2 --bit-widths 256 --rounds 22 --warmups 2 --repeats 10 --seed 1 --timing-mode whole-run --challenge-mode fixed --layout element --point-mode specialized --block 128 --python /home/ubuntu/venvs/zkduel-table5/bin/python --triton-script benchmarks/field_sweep/triton_sweep.py --cuda-binary build/field_sumcheck_cuda_fixed --skip-build --triton-out CAMERA-READY/h100/sweep_fixed/cases_zk_256/zk_witness_id_point_2_bw256_r22_triton.csv --cuda-out CAMERA-READY/h100/sweep_fixed/cases_zk_256/zk_witness_id_point_2_bw256_r22_cuda.csv --out CAMERA-READY/h100/sweep_fixed/cases_zk_256/zk_witness_id_point_2_bw256_r22_joined.csv
$ /home/ubuntu/venvs/zkduel-table5/bin/python -u benchmarks/field_sweep/triton_sweep.py --workloads zk_witness_id_point_2 --rounds 22 --bit-widths 256 --warmups 2 --repeats 10 --seed 1 --timing-mode whole-run --challenge-mode fixed --layout element --point-mode specialized --out CAMERA-READY/h100/sweep_fixed/cases_zk_256/zk_witness_id_point_2_bw256_r22_triton.csv
zk_witness_id_point_2    field=p255_bls12_381_scalar        rounds=22 first_ms=101.377 median_ms=25.318 checksum=113398594155769
CAMERA-READY/h100/sweep_fixed/cases_zk_256/zk_witness_id_point_2_bw256_r22_triton.csv
$ build/field_sumcheck_cuda_fixed --workloads zk_witness_id_point_2 --rounds 22 --bit-widths 256 --warmups 2 --repeats 10 --seed 1 --timing-mode whole-run --challenge-mode fixed --layout element --point-mode specialized --block 128 --out CAMERA-READY/h100/sweep_fixed/cases_zk_256/zk_witness_id_point_2_bw256_r22_cuda.csv
zk_witness_id_point_2 field=p255_bls12_381_scalar rounds=22 first_ms=16.8505 median_ms=15.7323 checksum=113398594155769
zk_witness_id_point_2    field=p255_bls12_381_scalar        rounds=22 triton_ms=25.318 cuda_ms=15.7323 checksum_match=true speedup=1.609301
CAMERA-READY/h100/sweep_fixed/cases_zk_256/zk_witness_id_point_2_bw256_r22_joined.csv
ok: zk_witness_id_point_2_bw256_r22
CAMERA-READY/h100/sweep_fixed/zk_256.csv
$ /home/ubuntu/venvs/zkduel-table5/bin/python -u benchmarks/field_sweep/compare_triton_cuda.py --workloads zk_witness_id_point_2 --bit-widths 256 --rounds 24 --warmups 2 --repeats 10 --seed 1 --timing-mode whole-run --challenge-mode fixed --layout element --point-mode specialized --block 128 --python /home/ubuntu/venvs/zkduel-table5/bin/python --triton-script benchmarks/field_sweep/triton_sweep.py --cuda-binary build/field_sumcheck_cuda_fixed --skip-build --triton-out CAMERA-READY/h100/sweep_fixed/cases_zk_256/zk_witness_id_point_2_bw256_r24_triton.csv --cuda-out CAMERA-READY/h100/sweep_fixed/cases_zk_256/zk_witness_id_point_2_bw256_r24_cuda.csv --out CAMERA-READY/h100/sweep_fixed/cases_zk_256/zk_witness_id_point_2_bw256_r24_joined.csv
$ /home/ubuntu/venvs/zkduel-table5/bin/python -u benchmarks/field_sweep/triton_sweep.py --workloads zk_witness_id_point_2 --rounds 24 --bit-widths 256 --warmups 2 --repeats 10 --seed 1 --timing-mode whole-run --challenge-mode fixed --layout element --point-mode specialized --out CAMERA-READY/h100/sweep_fixed/cases_zk_256/zk_witness_id_point_2_bw256_r24_triton.csv
zk_witness_id_point_2    field=p255_bls12_381_scalar        rounds=24 first_ms=135.515 median_ms=60.877 checksum=127868686581545
CAMERA-READY/h100/sweep_fixed/cases_zk_256/zk_witness_id_point_2_bw256_r24_triton.csv
$ build/field_sumcheck_cuda_fixed --workloads zk_witness_id_point_2 --rounds 24 --bit-widths 256 --warmups 2 --repeats 10 --seed 1 --timing-mode whole-run --challenge-mode fixed --layout element --point-mode specialized --block 128 --out CAMERA-READY/h100/sweep_fixed/cases_zk_256/zk_witness_id_point_2_bw256_r24_cuda.csv
zk_witness_id_point_2 field=p255_bls12_381_scalar rounds=24 first_ms=47.734 median_ms=46.6219 checksum=127868686581545
zk_witness_id_point_2    field=p255_bls12_381_scalar        rounds=24 triton_ms=60.877 cuda_ms=46.6219 checksum_match=true speedup=1.305760
CAMERA-READY/h100/sweep_fixed/cases_zk_256/zk_witness_id_point_2_bw256_r24_joined.csv
ok: zk_witness_id_point_2_bw256_r24
CAMERA-READY/h100/sweep_fixed/zk_256.csv
$ /home/ubuntu/venvs/zkduel-table5/bin/python -u benchmarks/field_sweep/compare_triton_cuda.py --workloads zk_witness_id_point_2 --bit-widths 256 --rounds 26 --warmups 2 --repeats 10 --seed 1 --timing-mode whole-run --challenge-mode fixed --layout element --point-mode specialized --block 128 --python /home/ubuntu/venvs/zkduel-table5/bin/python --triton-script benchmarks/field_sweep/triton_sweep.py --cuda-binary build/field_sumcheck_cuda_fixed --skip-build --triton-out CAMERA-READY/h100/sweep_fixed/cases_zk_256/zk_witness_id_point_2_bw256_r26_triton.csv --cuda-out CAMERA-READY/h100/sweep_fixed/cases_zk_256/zk_witness_id_point_2_bw256_r26_cuda.csv --out CAMERA-READY/h100/sweep_fixed/cases_zk_256/zk_witness_id_point_2_bw256_r26_joined.csv
$ /home/ubuntu/venvs/zkduel-table5/bin/python -u benchmarks/field_sweep/triton_sweep.py --workloads zk_witness_id_point_2 --rounds 26 --bit-widths 256 --warmups 2 --repeats 10 --seed 1 --timing-mode whole-run --challenge-mode fixed --layout element --point-mode specialized --out CAMERA-READY/h100/sweep_fixed/cases_zk_256/zk_witness_id_point_2_bw256_r26_triton.csv
zk_witness_id_point_2    field=p255_bls12_381_scalar        rounds=26 first_ms=272.730 median_ms=199.715 checksum=136468816260101
CAMERA-READY/h100/sweep_fixed/cases_zk_256/zk_witness_id_point_2_bw256_r26_triton.csv
$ build/field_sumcheck_cuda_fixed --workloads zk_witness_id_point_2 --rounds 26 --bit-widths 256 --warmups 2 --repeats 10 --seed 1 --timing-mode whole-run --challenge-mode fixed --layout element --point-mode specialized --block 128 --out CAMERA-READY/h100/sweep_fixed/cases_zk_256/zk_witness_id_point_2_bw256_r26_cuda.csv
zk_witness_id_point_2 field=p255_bls12_381_scalar rounds=26 first_ms=167.835 median_ms=168.281 checksum=136468816260101
zk_witness_id_point_2    field=p255_bls12_381_scalar        rounds=26 triton_ms=199.715 cuda_ms=168.281 checksum_match=true speedup=1.186795
CAMERA-READY/h100/sweep_fixed/cases_zk_256/zk_witness_id_point_2_bw256_r26_joined.csv
ok: zk_witness_id_point_2_bw256_r26
CAMERA-READY/h100/sweep_fixed/zk_256.csv
$ /home/ubuntu/venvs/zkduel-table5/bin/python -u benchmarks/field_sweep/compare_triton_cuda.py --workloads zk_witness_id_point_2 --bit-widths 256 --rounds 28 --warmups 2 --repeats 10 --seed 1 --timing-mode whole-run --challenge-mode fixed --layout element --point-mode specialized --block 128 --python /home/ubuntu/venvs/zkduel-table5/bin/python --triton-script benchmarks/field_sweep/triton_sweep.py --cuda-binary build/field_sumcheck_cuda_fixed --skip-build --triton-out CAMERA-READY/h100/sweep_fixed/cases_zk_256/zk_witness_id_point_2_bw256_r28_triton.csv --cuda-out CAMERA-READY/h100/sweep_fixed/cases_zk_256/zk_witness_id_point_2_bw256_r28_cuda.csv --out CAMERA-READY/h100/sweep_fixed/cases_zk_256/zk_witness_id_point_2_bw256_r28_joined.csv
$ /home/ubuntu/venvs/zkduel-table5/bin/python -u benchmarks/field_sweep/triton_sweep.py --workloads zk_witness_id_point_2 --rounds 28 --bit-widths 256 --warmups 2 --repeats 10 --seed 1 --timing-mode whole-run --challenge-mode fixed --layout element --point-mode specialized --out CAMERA-READY/h100/sweep_fixed/cases_zk_256/zk_witness_id_point_2_bw256_r28_triton.csv
zk_witness_id_point_2    field=p255_bls12_381_scalar        rounds=28 first_ms=840.348 median_ms=763.583 checksum=144794623553359
CAMERA-READY/h100/sweep_fixed/cases_zk_256/zk_witness_id_point_2_bw256_r28_triton.csv
$ build/field_sumcheck_cuda_fixed --workloads zk_witness_id_point_2 --rounds 28 --bit-widths 256 --warmups 2 --repeats 10 --seed 1 --timing-mode whole-run --challenge-mode fixed --layout element --point-mode specialized --block 128 --out CAMERA-READY/h100/sweep_fixed/cases_zk_256/zk_witness_id_point_2_bw256_r28_cuda.csv
zk_witness_id_point_2 field=p255_bls12_381_scalar rounds=28 first_ms=657.159 median_ms=662.272 checksum=144794623553359
zk_witness_id_point_2    field=p255_bls12_381_scalar        rounds=28 triton_ms=763.583 cuda_ms=662.272 checksum_match=true speedup=1.152975
CAMERA-READY/h100/sweep_fixed/cases_zk_256/zk_witness_id_point_2_bw256_r28_joined.csv
ok: zk_witness_id_point_2_bw256_r28
CAMERA-READY/h100/sweep_fixed/zk_256.csv
$ /home/ubuntu/venvs/zkduel-table5/bin/python -u benchmarks/field_sweep/compare_triton_cuda.py --workloads zk_incomplete_add_1 --bit-widths 256 --rounds 14 --warmups 2 --repeats 10 --seed 1 --timing-mode whole-run --challenge-mode fixed --layout element --point-mode specialized --block 128 --python /home/ubuntu/venvs/zkduel-table5/bin/python --triton-script benchmarks/field_sweep/triton_sweep.py --cuda-binary build/field_sumcheck_cuda_fixed --skip-build --triton-out CAMERA-READY/h100/sweep_fixed/cases_zk_256/zk_incomplete_add_1_bw256_r14_triton.csv --cuda-out CAMERA-READY/h100/sweep_fixed/cases_zk_256/zk_incomplete_add_1_bw256_r14_cuda.csv --out CAMERA-READY/h100/sweep_fixed/cases_zk_256/zk_incomplete_add_1_bw256_r14_joined.csv
$ /home/ubuntu/venvs/zkduel-table5/bin/python -u benchmarks/field_sweep/triton_sweep.py --workloads zk_incomplete_add_1 --rounds 14 --bit-widths 256 --warmups 2 --repeats 10 --seed 1 --timing-mode whole-run --challenge-mode fixed --layout element --point-mode specialized --out CAMERA-READY/h100/sweep_fixed/cases_zk_256/zk_incomplete_add_1_bw256_r14_triton.csv
zk_incomplete_add_1      field=p255_bls12_381_scalar        rounds=14 first_ms=119.766 median_ms=7.417 checksum=60598591232764
CAMERA-READY/h100/sweep_fixed/cases_zk_256/zk_incomplete_add_1_bw256_r14_triton.csv
$ build/field_sumcheck_cuda_fixed --workloads zk_incomplete_add_1 --rounds 14 --bit-widths 256 --warmups 2 --repeats 10 --seed 1 --timing-mode whole-run --challenge-mode fixed --layout element --point-mode specialized --block 128 --out CAMERA-READY/h100/sweep_fixed/cases_zk_256/zk_incomplete_add_1_bw256_r14_cuda.csv
zk_incomplete_add_1 field=p255_bls12_381_scalar rounds=14 first_ms=7.36017 median_ms=5.63416 checksum=60598591232764
zk_incomplete_add_1      field=p255_bls12_381_scalar        rounds=14 triton_ms=7.417 cuda_ms=5.63416 checksum_match=true speedup=1.316434
CAMERA-READY/h100/sweep_fixed/cases_zk_256/zk_incomplete_add_1_bw256_r14_joined.csv
ok: zk_incomplete_add_1_bw256_r14
CAMERA-READY/h100/sweep_fixed/zk_256.csv
$ /home/ubuntu/venvs/zkduel-table5/bin/python -u benchmarks/field_sweep/compare_triton_cuda.py --workloads zk_incomplete_add_1 --bit-widths 256 --rounds 16 --warmups 2 --repeats 10 --seed 1 --timing-mode whole-run --challenge-mode fixed --layout element --point-mode specialized --block 128 --python /home/ubuntu/venvs/zkduel-table5/bin/python --triton-script benchmarks/field_sweep/triton_sweep.py --cuda-binary build/field_sumcheck_cuda_fixed --skip-build --triton-out CAMERA-READY/h100/sweep_fixed/cases_zk_256/zk_incomplete_add_1_bw256_r16_triton.csv --cuda-out CAMERA-READY/h100/sweep_fixed/cases_zk_256/zk_incomplete_add_1_bw256_r16_cuda.csv --out CAMERA-READY/h100/sweep_fixed/cases_zk_256/zk_incomplete_add_1_bw256_r16_joined.csv
$ /home/ubuntu/venvs/zkduel-table5/bin/python -u benchmarks/field_sweep/triton_sweep.py --workloads zk_incomplete_add_1 --rounds 16 --bit-widths 256 --warmups 2 --repeats 10 --seed 1 --timing-mode whole-run --challenge-mode fixed --layout element --point-mode specialized --out CAMERA-READY/h100/sweep_fixed/cases_zk_256/zk_incomplete_add_1_bw256_r16_triton.csv
zk_incomplete_add_1      field=p255_bls12_381_scalar        rounds=16 first_ms=122.042 median_ms=9.292 checksum=70569187516659
CAMERA-READY/h100/sweep_fixed/cases_zk_256/zk_incomplete_add_1_bw256_r16_triton.csv
$ build/field_sumcheck_cuda_fixed --workloads zk_incomplete_add_1 --rounds 16 --bit-widths 256 --warmups 2 --repeats 10 --seed 1 --timing-mode whole-run --challenge-mode fixed --layout element --point-mode specialized --block 128 --out CAMERA-READY/h100/sweep_fixed/cases_zk_256/zk_incomplete_add_1_bw256_r16_cuda.csv
zk_incomplete_add_1 field=p255_bls12_381_scalar rounds=16 first_ms=9.41037 median_ms=6.78771 checksum=70569187516659
zk_incomplete_add_1      field=p255_bls12_381_scalar        rounds=16 triton_ms=9.292 cuda_ms=6.78771 checksum_match=true speedup=1.368945
CAMERA-READY/h100/sweep_fixed/cases_zk_256/zk_incomplete_add_1_bw256_r16_joined.csv
ok: zk_incomplete_add_1_bw256_r16
CAMERA-READY/h100/sweep_fixed/zk_256.csv
$ /home/ubuntu/venvs/zkduel-table5/bin/python -u benchmarks/field_sweep/compare_triton_cuda.py --workloads zk_incomplete_add_1 --bit-widths 256 --rounds 18 --warmups 2 --repeats 10 --seed 1 --timing-mode whole-run --challenge-mode fixed --layout element --point-mode specialized --block 128 --python /home/ubuntu/venvs/zkduel-table5/bin/python --triton-script benchmarks/field_sweep/triton_sweep.py --cuda-binary build/field_sumcheck_cuda_fixed --skip-build --triton-out CAMERA-READY/h100/sweep_fixed/cases_zk_256/zk_incomplete_add_1_bw256_r18_triton.csv --cuda-out CAMERA-READY/h100/sweep_fixed/cases_zk_256/zk_incomplete_add_1_bw256_r18_cuda.csv --out CAMERA-READY/h100/sweep_fixed/cases_zk_256/zk_incomplete_add_1_bw256_r18_joined.csv
$ /home/ubuntu/venvs/zkduel-table5/bin/python -u benchmarks/field_sweep/triton_sweep.py --workloads zk_incomplete_add_1 --rounds 18 --bit-widths 256 --warmups 2 --repeats 10 --seed 1 --timing-mode whole-run --challenge-mode fixed --layout element --point-mode specialized --out CAMERA-READY/h100/sweep_fixed/cases_zk_256/zk_incomplete_add_1_bw256_r18_triton.csv
zk_incomplete_add_1      field=p255_bls12_381_scalar        rounds=18 first_ms=123.960 median_ms=12.434 checksum=78124433506951
CAMERA-READY/h100/sweep_fixed/cases_zk_256/zk_incomplete_add_1_bw256_r18_triton.csv
$ build/field_sumcheck_cuda_fixed --workloads zk_incomplete_add_1 --rounds 18 --bit-widths 256 --warmups 2 --repeats 10 --seed 1 --timing-mode whole-run --challenge-mode fixed --layout element --point-mode specialized --block 128 --out CAMERA-READY/h100/sweep_fixed/cases_zk_256/zk_incomplete_add_1_bw256_r18_cuda.csv
zk_incomplete_add_1 field=p255_bls12_381_scalar rounds=18 first_ms=12.6301 median_ms=9.99849 checksum=78124433506951
zk_incomplete_add_1      field=p255_bls12_381_scalar        rounds=18 triton_ms=12.434 cuda_ms=9.99849 checksum_match=true speedup=1.243588
CAMERA-READY/h100/sweep_fixed/cases_zk_256/zk_incomplete_add_1_bw256_r18_joined.csv
ok: zk_incomplete_add_1_bw256_r18
CAMERA-READY/h100/sweep_fixed/zk_256.csv
$ /home/ubuntu/venvs/zkduel-table5/bin/python -u benchmarks/field_sweep/compare_triton_cuda.py --workloads zk_incomplete_add_1 --bit-widths 256 --rounds 20 --warmups 2 --repeats 10 --seed 1 --timing-mode whole-run --challenge-mode fixed --layout element --point-mode specialized --block 128 --python /home/ubuntu/venvs/zkduel-table5/bin/python --triton-script benchmarks/field_sweep/triton_sweep.py --cuda-binary build/field_sumcheck_cuda_fixed --skip-build --triton-out CAMERA-READY/h100/sweep_fixed/cases_zk_256/zk_incomplete_add_1_bw256_r20_triton.csv --cuda-out CAMERA-READY/h100/sweep_fixed/cases_zk_256/zk_incomplete_add_1_bw256_r20_cuda.csv --out CAMERA-READY/h100/sweep_fixed/cases_zk_256/zk_incomplete_add_1_bw256_r20_joined.csv
$ /home/ubuntu/venvs/zkduel-table5/bin/python -u benchmarks/field_sweep/triton_sweep.py --workloads zk_incomplete_add_1 --rounds 20 --bit-widths 256 --warmups 2 --repeats 10 --seed 1 --timing-mode whole-run --challenge-mode fixed --layout element --point-mode specialized --out CAMERA-READY/h100/sweep_fixed/cases_zk_256/zk_incomplete_add_1_bw256_r20_triton.csv
zk_incomplete_add_1      field=p255_bls12_381_scalar        rounds=20 first_ms=130.478 median_ms=20.718 checksum=86774623712127
CAMERA-READY/h100/sweep_fixed/cases_zk_256/zk_incomplete_add_1_bw256_r20_triton.csv
$ build/field_sumcheck_cuda_fixed --workloads zk_incomplete_add_1 --rounds 20 --bit-widths 256 --warmups 2 --repeats 10 --seed 1 --timing-mode whole-run --challenge-mode fixed --layout element --point-mode specialized --block 128 --out CAMERA-READY/h100/sweep_fixed/cases_zk_256/zk_incomplete_add_1_bw256_r20_cuda.csv
zk_incomplete_add_1 field=p255_bls12_381_scalar rounds=20 first_ms=19.7209 median_ms=17.1453 checksum=86774623712127
zk_incomplete_add_1      field=p255_bls12_381_scalar        rounds=20 triton_ms=20.718 cuda_ms=17.1453 checksum_match=true speedup=1.208378
CAMERA-READY/h100/sweep_fixed/cases_zk_256/zk_incomplete_add_1_bw256_r20_joined.csv
ok: zk_incomplete_add_1_bw256_r20
CAMERA-READY/h100/sweep_fixed/zk_256.csv
$ /home/ubuntu/venvs/zkduel-table5/bin/python -u benchmarks/field_sweep/compare_triton_cuda.py --workloads zk_incomplete_add_1 --bit-widths 256 --rounds 22 --warmups 2 --repeats 10 --seed 1 --timing-mode whole-run --challenge-mode fixed --layout element --point-mode specialized --block 128 --python /home/ubuntu/venvs/zkduel-table5/bin/python --triton-script benchmarks/field_sweep/triton_sweep.py --cuda-binary build/field_sumcheck_cuda_fixed --skip-build --triton-out CAMERA-READY/h100/sweep_fixed/cases_zk_256/zk_incomplete_add_1_bw256_r22_triton.csv --cuda-out CAMERA-READY/h100/sweep_fixed/cases_zk_256/zk_incomplete_add_1_bw256_r22_cuda.csv --out CAMERA-READY/h100/sweep_fixed/cases_zk_256/zk_incomplete_add_1_bw256_r22_joined.csv
$ /home/ubuntu/venvs/zkduel-table5/bin/python -u benchmarks/field_sweep/triton_sweep.py --workloads zk_incomplete_add_1 --rounds 22 --bit-widths 256 --warmups 2 --repeats 10 --seed 1 --timing-mode whole-run --challenge-mode fixed --layout element --point-mode specialized --out CAMERA-READY/h100/sweep_fixed/cases_zk_256/zk_incomplete_add_1_bw256_r22_triton.csv
zk_incomplete_add_1      field=p255_bls12_381_scalar        rounds=22 first_ms=157.438 median_ms=49.554 checksum=99561833414940
CAMERA-READY/h100/sweep_fixed/cases_zk_256/zk_incomplete_add_1_bw256_r22_triton.csv
$ build/field_sumcheck_cuda_fixed --workloads zk_incomplete_add_1 --rounds 22 --bit-widths 256 --warmups 2 --repeats 10 --seed 1 --timing-mode whole-run --challenge-mode fixed --layout element --point-mode specialized --block 128 --out CAMERA-READY/h100/sweep_fixed/cases_zk_256/zk_incomplete_add_1_bw256_r22_cuda.csv
zk_incomplete_add_1 field=p255_bls12_381_scalar rounds=22 first_ms=44.6238 median_ms=42.044 checksum=99561833414940
zk_incomplete_add_1      field=p255_bls12_381_scalar        rounds=22 triton_ms=49.554 cuda_ms=42.044 checksum_match=true speedup=1.178622
CAMERA-READY/h100/sweep_fixed/cases_zk_256/zk_incomplete_add_1_bw256_r22_joined.csv
ok: zk_incomplete_add_1_bw256_r22
CAMERA-READY/h100/sweep_fixed/zk_256.csv
$ /home/ubuntu/venvs/zkduel-table5/bin/python -u benchmarks/field_sweep/compare_triton_cuda.py --workloads zk_incomplete_add_1 --bit-widths 256 --rounds 24 --warmups 2 --repeats 10 --seed 1 --timing-mode whole-run --challenge-mode fixed --layout element --point-mode specialized --block 128 --python /home/ubuntu/venvs/zkduel-table5/bin/python --triton-script benchmarks/field_sweep/triton_sweep.py --cuda-binary build/field_sumcheck_cuda_fixed --skip-build --triton-out CAMERA-READY/h100/sweep_fixed/cases_zk_256/zk_incomplete_add_1_bw256_r24_triton.csv --cuda-out CAMERA-READY/h100/sweep_fixed/cases_zk_256/zk_incomplete_add_1_bw256_r24_cuda.csv --out CAMERA-READY/h100/sweep_fixed/cases_zk_256/zk_incomplete_add_1_bw256_r24_joined.csv
$ /home/ubuntu/venvs/zkduel-table5/bin/python -u benchmarks/field_sweep/triton_sweep.py --workloads zk_incomplete_add_1 --rounds 24 --bit-widths 256 --warmups 2 --repeats 10 --seed 1 --timing-mode whole-run --challenge-mode fixed --layout element --point-mode specialized --out CAMERA-READY/h100/sweep_fixed/cases_zk_256/zk_incomplete_add_1_bw256_r24_triton.csv
zk_incomplete_add_1      field=p255_bls12_381_scalar        rounds=24 first_ms=269.677 median_ms=159.252 checksum=104637545035400
CAMERA-READY/h100/sweep_fixed/cases_zk_256/zk_incomplete_add_1_bw256_r24_triton.csv
$ build/field_sumcheck_cuda_fixed --workloads zk_incomplete_add_1 --rounds 24 --bit-widths 256 --warmups 2 --repeats 10 --seed 1 --timing-mode whole-run --challenge-mode fixed --layout element --point-mode specialized --block 128 --out CAMERA-READY/h100/sweep_fixed/cases_zk_256/zk_incomplete_add_1_bw256_r24_cuda.csv
zk_incomplete_add_1 field=p255_bls12_381_scalar rounds=24 first_ms=139.549 median_ms=136.917 checksum=104637545035400
zk_incomplete_add_1      field=p255_bls12_381_scalar        rounds=24 triton_ms=159.252 cuda_ms=136.917 checksum_match=true speedup=1.163128
CAMERA-READY/h100/sweep_fixed/cases_zk_256/zk_incomplete_add_1_bw256_r24_joined.csv
ok: zk_incomplete_add_1_bw256_r24
CAMERA-READY/h100/sweep_fixed/zk_256.csv
$ /home/ubuntu/venvs/zkduel-table5/bin/python -u benchmarks/field_sweep/compare_triton_cuda.py --workloads zk_incomplete_add_1 --bit-widths 256 --rounds 26 --warmups 2 --repeats 10 --seed 1 --timing-mode whole-run --challenge-mode fixed --layout element --point-mode specialized --block 128 --python /home/ubuntu/venvs/zkduel-table5/bin/python --triton-script benchmarks/field_sweep/triton_sweep.py --cuda-binary build/field_sumcheck_cuda_fixed --skip-build --triton-out CAMERA-READY/h100/sweep_fixed/cases_zk_256/zk_incomplete_add_1_bw256_r26_triton.csv --cuda-out CAMERA-READY/h100/sweep_fixed/cases_zk_256/zk_incomplete_add_1_bw256_r26_cuda.csv --out CAMERA-READY/h100/sweep_fixed/cases_zk_256/zk_incomplete_add_1_bw256_r26_joined.csv
$ /home/ubuntu/venvs/zkduel-table5/bin/python -u benchmarks/field_sweep/triton_sweep.py --workloads zk_incomplete_add_1 --rounds 26 --bit-widths 256 --warmups 2 --repeats 10 --seed 1 --timing-mode whole-run --challenge-mode fixed --layout element --point-mode specialized --out CAMERA-READY/h100/sweep_fixed/cases_zk_256/zk_incomplete_add_1_bw256_r26_triton.csv
zk_incomplete_add_1      field=p255_bls12_381_scalar        rounds=26 first_ms=700.796 median_ms=586.870 checksum=113611566622619
CAMERA-READY/h100/sweep_fixed/cases_zk_256/zk_incomplete_add_1_bw256_r26_triton.csv
$ build/field_sumcheck_cuda_fixed --workloads zk_incomplete_add_1 --rounds 26 --bit-widths 256 --warmups 2 --repeats 10 --seed 1 --timing-mode whole-run --challenge-mode fixed --layout element --point-mode specialized --block 128 --out CAMERA-READY/h100/sweep_fixed/cases_zk_256/zk_incomplete_add_1_bw256_r26_cuda.csv
zk_incomplete_add_1 field=p255_bls12_381_scalar rounds=26 first_ms=519.263 median_ms=513.31 checksum=113611566622619
zk_incomplete_add_1      field=p255_bls12_381_scalar        rounds=26 triton_ms=586.870 cuda_ms=513.31 checksum_match=true speedup=1.143305
CAMERA-READY/h100/sweep_fixed/cases_zk_256/zk_incomplete_add_1_bw256_r26_joined.csv
ok: zk_incomplete_add_1_bw256_r26
CAMERA-READY/h100/sweep_fixed/zk_256.csv
$ /home/ubuntu/venvs/zkduel-table5/bin/python -u benchmarks/field_sweep/compare_triton_cuda.py --workloads zk_incomplete_add_1 --bit-widths 256 --rounds 28 --warmups 2 --repeats 10 --seed 1 --timing-mode whole-run --challenge-mode fixed --layout element --point-mode specialized --block 128 --python /home/ubuntu/venvs/zkduel-table5/bin/python --triton-script benchmarks/field_sweep/triton_sweep.py --cuda-binary build/field_sumcheck_cuda_fixed --skip-build --triton-out CAMERA-READY/h100/sweep_fixed/cases_zk_256/zk_incomplete_add_1_bw256_r28_triton.csv --cuda-out CAMERA-READY/h100/sweep_fixed/cases_zk_256/zk_incomplete_add_1_bw256_r28_cuda.csv --out CAMERA-READY/h100/sweep_fixed/cases_zk_256/zk_incomplete_add_1_bw256_r28_joined.csv
$ /home/ubuntu/venvs/zkduel-table5/bin/python -u benchmarks/field_sweep/triton_sweep.py --workloads zk_incomplete_add_1 --rounds 28 --bit-widths 256 --warmups 2 --repeats 10 --seed 1 --timing-mode whole-run --challenge-mode fixed --layout element --point-mode specialized --out CAMERA-READY/h100/sweep_fixed/cases_zk_256/zk_incomplete_add_1_bw256_r28_triton.csv
Traceback (most recent call last):
  File "/home/ubuntu/sumcheck-triton/benchmarks/field_sweep/triton_sweep.py", line 918, in <module>
    raise SystemExit(main())
                     ^^^^^^
  File "/home/ubuntu/sumcheck-triton/benchmarks/field_sweep/triton_sweep.py", line 892, in main
    row = _time_one(
          ^^^^^^^^^^
  File "/home/ubuntu/sumcheck-triton/benchmarks/field_sweep/triton_sweep.py", line 645, in _time_one
    scratch_a = torch.empty_like(tables)
                ^^^^^^^^^^^^^^^^^^^^^^^^
torch.OutOfMemoryError: CUDA out of memory. Tried to allocate 48.00 GiB. GPU 0 has a total capacity of 79.19 GiB of which 30.66 GiB is free. Including non-PyTorch memory, this process has 48.52 GiB memory in use. Of the allocated memory 48.00 GiB is allocated by PyTorch, and 0 bytes is reserved by PyTorch but unallocated. If reserved but unallocated memory is large try setting PYTORCH_CUDA_ALLOC_CONF=expandable_segments:True to avoid fragmentation.  See documentation for Memory Management  (https://docs.pytorch.org/docs/stable/notes/cuda.html#optimizing-memory-usage-with-pytorch-cuda-alloc-conf)
Traceback (most recent call last):
  File "/home/ubuntu/sumcheck-triton/benchmarks/field_sweep/compare_triton_cuda.py", line 252, in <module>
    raise SystemExit(main())
                     ^^^^^^
  File "/home/ubuntu/sumcheck-triton/benchmarks/field_sweep/compare_triton_cuda.py", line 78, in main
    run(
  File "/home/ubuntu/sumcheck-triton/benchmarks/field_sweep/compare_triton_cuda.py", line 22, in run
    subprocess.run(cmd, check=True)
  File "/home/ubuntu/.local/share/uv/python/cpython-3.12.14-linux-x86_64-gnu/lib/python3.12/subprocess.py", line 571, in run
    raise CalledProcessError(retcode, process.args,
subprocess.CalledProcessError: Command '['/home/ubuntu/venvs/zkduel-table5/bin/python', '-u', 'benchmarks/field_sweep/triton_sweep.py', '--workloads', 'zk_incomplete_add_1', '--rounds', '28', '--bit-widths', '256', '--warmups', '2', '--repeats', '10', '--seed', '1', '--timing-mode', 'whole-run', '--challenge-mode', 'fixed', '--layout', 'element', '--point-mode', 'specialized', '--out', 'CAMERA-READY/h100/sweep_fixed/cases_zk_256/zk_incomplete_add_1_bw256_r28_triton.csv']' returned non-zero exit status 1.
skipped: zk_incomplete_add_1_bw256_r28 returncode=1
CAMERA-READY/h100/sweep_fixed/zk_256.csv
$ /home/ubuntu/venvs/zkduel-table5/bin/python -u benchmarks/field_sweep/compare_triton_cuda.py --workloads zk_incomplete_add_2 --bit-widths 256 --rounds 14 --warmups 2 --repeats 10 --seed 1 --timing-mode whole-run --challenge-mode fixed --layout element --point-mode specialized --block 128 --python /home/ubuntu/venvs/zkduel-table5/bin/python --triton-script benchmarks/field_sweep/triton_sweep.py --cuda-binary build/field_sumcheck_cuda_fixed --skip-build --triton-out CAMERA-READY/h100/sweep_fixed/cases_zk_256/zk_incomplete_add_2_bw256_r14_triton.csv --cuda-out CAMERA-READY/h100/sweep_fixed/cases_zk_256/zk_incomplete_add_2_bw256_r14_cuda.csv --out CAMERA-READY/h100/sweep_fixed/cases_zk_256/zk_incomplete_add_2_bw256_r14_joined.csv
$ /home/ubuntu/venvs/zkduel-table5/bin/python -u benchmarks/field_sweep/triton_sweep.py --workloads zk_incomplete_add_2 --rounds 14 --bit-widths 256 --warmups 2 --repeats 10 --seed 1 --timing-mode whole-run --challenge-mode fixed --layout element --point-mode specialized --out CAMERA-READY/h100/sweep_fixed/cases_zk_256/zk_incomplete_add_2_bw256_r14_triton.csv
zk_incomplete_add_2      field=p255_bls12_381_scalar        rounds=14 first_ms=2364.075 median_ms=6.934 checksum=50237089022133
CAMERA-READY/h100/sweep_fixed/cases_zk_256/zk_incomplete_add_2_bw256_r14_triton.csv
$ build/field_sumcheck_cuda_fixed --workloads zk_incomplete_add_2 --rounds 14 --bit-widths 256 --warmups 2 --repeats 10 --seed 1 --timing-mode whole-run --challenge-mode fixed --layout element --point-mode specialized --block 128 --out CAMERA-READY/h100/sweep_fixed/cases_zk_256/zk_incomplete_add_2_bw256_r14_cuda.csv
zk_incomplete_add_2 field=p255_bls12_381_scalar rounds=14 first_ms=3.96129 median_ms=2.73042 checksum=50237089022133
zk_incomplete_add_2      field=p255_bls12_381_scalar        rounds=14 triton_ms=6.934 cuda_ms=2.73042 checksum_match=true speedup=2.539536
CAMERA-READY/h100/sweep_fixed/cases_zk_256/zk_incomplete_add_2_bw256_r14_joined.csv
ok: zk_incomplete_add_2_bw256_r14
CAMERA-READY/h100/sweep_fixed/zk_256.csv
$ /home/ubuntu/venvs/zkduel-table5/bin/python -u benchmarks/field_sweep/compare_triton_cuda.py --workloads zk_incomplete_add_2 --bit-widths 256 --rounds 16 --warmups 2 --repeats 10 --seed 1 --timing-mode whole-run --challenge-mode fixed --layout element --point-mode specialized --block 128 --python /home/ubuntu/venvs/zkduel-table5/bin/python --triton-script benchmarks/field_sweep/triton_sweep.py --cuda-binary build/field_sumcheck_cuda_fixed --skip-build --triton-out CAMERA-READY/h100/sweep_fixed/cases_zk_256/zk_incomplete_add_2_bw256_r16_triton.csv --cuda-out CAMERA-READY/h100/sweep_fixed/cases_zk_256/zk_incomplete_add_2_bw256_r16_cuda.csv --out CAMERA-READY/h100/sweep_fixed/cases_zk_256/zk_incomplete_add_2_bw256_r16_joined.csv
$ /home/ubuntu/venvs/zkduel-table5/bin/python -u benchmarks/field_sweep/triton_sweep.py --workloads zk_incomplete_add_2 --rounds 16 --bit-widths 256 --warmups 2 --repeats 10 --seed 1 --timing-mode whole-run --challenge-mode fixed --layout element --point-mode specialized --out CAMERA-READY/h100/sweep_fixed/cases_zk_256/zk_incomplete_add_2_bw256_r16_triton.csv
zk_incomplete_add_2      field=p255_bls12_381_scalar        rounds=16 first_ms=48.293 median_ms=4.243 checksum=57860795383755
CAMERA-READY/h100/sweep_fixed/cases_zk_256/zk_incomplete_add_2_bw256_r16_triton.csv
$ build/field_sumcheck_cuda_fixed --workloads zk_incomplete_add_2 --rounds 16 --bit-widths 256 --warmups 2 --repeats 10 --seed 1 --timing-mode whole-run --challenge-mode fixed --layout element --point-mode specialized --block 128 --out CAMERA-READY/h100/sweep_fixed/cases_zk_256/zk_incomplete_add_2_bw256_r16_cuda.csv
zk_incomplete_add_2 field=p255_bls12_381_scalar rounds=16 first_ms=4.50548 median_ms=3.30083 checksum=57860795383755
zk_incomplete_add_2      field=p255_bls12_381_scalar        rounds=16 triton_ms=4.243 cuda_ms=3.30083 checksum_match=true speedup=1.285434
CAMERA-READY/h100/sweep_fixed/cases_zk_256/zk_incomplete_add_2_bw256_r16_joined.csv
ok: zk_incomplete_add_2_bw256_r16
CAMERA-READY/h100/sweep_fixed/zk_256.csv
$ /home/ubuntu/venvs/zkduel-table5/bin/python -u benchmarks/field_sweep/compare_triton_cuda.py --workloads zk_incomplete_add_2 --bit-widths 256 --rounds 18 --warmups 2 --repeats 10 --seed 1 --timing-mode whole-run --challenge-mode fixed --layout element --point-mode specialized --block 128 --python /home/ubuntu/venvs/zkduel-table5/bin/python --triton-script benchmarks/field_sweep/triton_sweep.py --cuda-binary build/field_sumcheck_cuda_fixed --skip-build --triton-out CAMERA-READY/h100/sweep_fixed/cases_zk_256/zk_incomplete_add_2_bw256_r18_triton.csv --cuda-out CAMERA-READY/h100/sweep_fixed/cases_zk_256/zk_incomplete_add_2_bw256_r18_cuda.csv --out CAMERA-READY/h100/sweep_fixed/cases_zk_256/zk_incomplete_add_2_bw256_r18_joined.csv
$ /home/ubuntu/venvs/zkduel-table5/bin/python -u benchmarks/field_sweep/triton_sweep.py --workloads zk_incomplete_add_2 --rounds 18 --bit-widths 256 --warmups 2 --repeats 10 --seed 1 --timing-mode whole-run --challenge-mode fixed --layout element --point-mode specialized --out CAMERA-READY/h100/sweep_fixed/cases_zk_256/zk_incomplete_add_2_bw256_r18_triton.csv
zk_incomplete_add_2      field=p255_bls12_381_scalar        rounds=18 first_ms=83.620 median_ms=8.358 checksum=64002240322007
CAMERA-READY/h100/sweep_fixed/cases_zk_256/zk_incomplete_add_2_bw256_r18_triton.csv
$ build/field_sumcheck_cuda_fixed --workloads zk_incomplete_add_2 --rounds 18 --bit-widths 256 --warmups 2 --repeats 10 --seed 1 --timing-mode whole-run --challenge-mode fixed --layout element --point-mode specialized --block 128 --out CAMERA-READY/h100/sweep_fixed/cases_zk_256/zk_incomplete_add_2_bw256_r18_cuda.csv
zk_incomplete_add_2 field=p255_bls12_381_scalar rounds=18 first_ms=5.98511 median_ms=4.79067 checksum=64002240322007
zk_incomplete_add_2      field=p255_bls12_381_scalar        rounds=18 triton_ms=8.358 cuda_ms=4.79067 checksum_match=true speedup=1.744641
CAMERA-READY/h100/sweep_fixed/cases_zk_256/zk_incomplete_add_2_bw256_r18_joined.csv
ok: zk_incomplete_add_2_bw256_r18
CAMERA-READY/h100/sweep_fixed/zk_256.csv
$ /home/ubuntu/venvs/zkduel-table5/bin/python -u benchmarks/field_sweep/compare_triton_cuda.py --workloads zk_incomplete_add_2 --bit-widths 256 --rounds 20 --warmups 2 --repeats 10 --seed 1 --timing-mode whole-run --challenge-mode fixed --layout element --point-mode specialized --block 128 --python /home/ubuntu/venvs/zkduel-table5/bin/python --triton-script benchmarks/field_sweep/triton_sweep.py --cuda-binary build/field_sumcheck_cuda_fixed --skip-build --triton-out CAMERA-READY/h100/sweep_fixed/cases_zk_256/zk_incomplete_add_2_bw256_r20_triton.csv --cuda-out CAMERA-READY/h100/sweep_fixed/cases_zk_256/zk_incomplete_add_2_bw256_r20_cuda.csv --out CAMERA-READY/h100/sweep_fixed/cases_zk_256/zk_incomplete_add_2_bw256_r20_joined.csv
$ /home/ubuntu/venvs/zkduel-table5/bin/python -u benchmarks/field_sweep/triton_sweep.py --workloads zk_incomplete_add_2 --rounds 20 --bit-widths 256 --warmups 2 --repeats 10 --seed 1 --timing-mode whole-run --challenge-mode fixed --layout element --point-mode specialized --out CAMERA-READY/h100/sweep_fixed/cases_zk_256/zk_incomplete_add_2_bw256_r20_triton.csv
zk_incomplete_add_2      field=p255_bls12_381_scalar        rounds=20 first_ms=86.625 median_ms=11.766 checksum=70232109488970
CAMERA-READY/h100/sweep_fixed/cases_zk_256/zk_incomplete_add_2_bw256_r20_triton.csv
$ build/field_sumcheck_cuda_fixed --workloads zk_incomplete_add_2 --rounds 20 --bit-widths 256 --warmups 2 --repeats 10 --seed 1 --timing-mode whole-run --challenge-mode fixed --layout element --point-mode specialized --block 128 --out CAMERA-READY/h100/sweep_fixed/cases_zk_256/zk_incomplete_add_2_bw256_r20_cuda.csv
zk_incomplete_add_2 field=p255_bls12_381_scalar rounds=20 first_ms=9.29113 median_ms=8.1121 checksum=70232109488970
zk_incomplete_add_2      field=p255_bls12_381_scalar        rounds=20 triton_ms=11.766 cuda_ms=8.1121 checksum_match=true speedup=1.450426
CAMERA-READY/h100/sweep_fixed/cases_zk_256/zk_incomplete_add_2_bw256_r20_joined.csv
ok: zk_incomplete_add_2_bw256_r20
CAMERA-READY/h100/sweep_fixed/zk_256.csv
$ /home/ubuntu/venvs/zkduel-table5/bin/python -u benchmarks/field_sweep/compare_triton_cuda.py --workloads zk_incomplete_add_2 --bit-widths 256 --rounds 22 --warmups 2 --repeats 10 --seed 1 --timing-mode whole-run --challenge-mode fixed --layout element --point-mode specialized --block 128 --python /home/ubuntu/venvs/zkduel-table5/bin/python --triton-script benchmarks/field_sweep/triton_sweep.py --cuda-binary build/field_sumcheck_cuda_fixed --skip-build --triton-out CAMERA-READY/h100/sweep_fixed/cases_zk_256/zk_incomplete_add_2_bw256_r22_triton.csv --cuda-out CAMERA-READY/h100/sweep_fixed/cases_zk_256/zk_incomplete_add_2_bw256_r22_cuda.csv --out CAMERA-READY/h100/sweep_fixed/cases_zk_256/zk_incomplete_add_2_bw256_r22_joined.csv
$ /home/ubuntu/venvs/zkduel-table5/bin/python -u benchmarks/field_sweep/triton_sweep.py --workloads zk_incomplete_add_2 --rounds 22 --bit-widths 256 --warmups 2 --repeats 10 --seed 1 --timing-mode whole-run --challenge-mode fixed --layout element --point-mode specialized --out CAMERA-READY/h100/sweep_fixed/cases_zk_256/zk_incomplete_add_2_bw256_r22_triton.csv
zk_incomplete_add_2      field=p255_bls12_381_scalar        rounds=22 first_ms=96.403 median_ms=22.630 checksum=76659979359522
CAMERA-READY/h100/sweep_fixed/cases_zk_256/zk_incomplete_add_2_bw256_r22_triton.csv
$ build/field_sumcheck_cuda_fixed --workloads zk_incomplete_add_2 --rounds 22 --bit-widths 256 --warmups 2 --repeats 10 --seed 1 --timing-mode whole-run --challenge-mode fixed --layout element --point-mode specialized --block 128 --out CAMERA-READY/h100/sweep_fixed/cases_zk_256/zk_incomplete_add_2_bw256_r22_cuda.csv
zk_incomplete_add_2 field=p255_bls12_381_scalar rounds=22 first_ms=20.5437 median_ms=19.3427 checksum=76659979359522
zk_incomplete_add_2      field=p255_bls12_381_scalar        rounds=22 triton_ms=22.630 cuda_ms=19.3427 checksum_match=true speedup=1.169950
CAMERA-READY/h100/sweep_fixed/cases_zk_256/zk_incomplete_add_2_bw256_r22_joined.csv
ok: zk_incomplete_add_2_bw256_r22
CAMERA-READY/h100/sweep_fixed/zk_256.csv
$ /home/ubuntu/venvs/zkduel-table5/bin/python -u benchmarks/field_sweep/compare_triton_cuda.py --workloads zk_incomplete_add_2 --bit-widths 256 --rounds 24 --warmups 2 --repeats 10 --seed 1 --timing-mode whole-run --challenge-mode fixed --layout element --point-mode specialized --block 128 --python /home/ubuntu/venvs/zkduel-table5/bin/python --triton-script benchmarks/field_sweep/triton_sweep.py --cuda-binary build/field_sumcheck_cuda_fixed --skip-build --triton-out CAMERA-READY/h100/sweep_fixed/cases_zk_256/zk_incomplete_add_2_bw256_r24_triton.csv --cuda-out CAMERA-READY/h100/sweep_fixed/cases_zk_256/zk_incomplete_add_2_bw256_r24_cuda.csv --out CAMERA-READY/h100/sweep_fixed/cases_zk_256/zk_incomplete_add_2_bw256_r24_joined.csv
$ /home/ubuntu/venvs/zkduel-table5/bin/python -u benchmarks/field_sweep/triton_sweep.py --workloads zk_incomplete_add_2 --rounds 24 --bit-widths 256 --warmups 2 --repeats 10 --seed 1 --timing-mode whole-run --challenge-mode fixed --layout element --point-mode specialized --out CAMERA-READY/h100/sweep_fixed/cases_zk_256/zk_incomplete_add_2_bw256_r24_triton.csv
zk_incomplete_add_2      field=p255_bls12_381_scalar        rounds=24 first_ms=134.845 median_ms=63.860 checksum=86882634873749
CAMERA-READY/h100/sweep_fixed/cases_zk_256/zk_incomplete_add_2_bw256_r24_triton.csv
$ build/field_sumcheck_cuda_fixed --workloads zk_incomplete_add_2 --rounds 24 --bit-widths 256 --warmups 2 --repeats 10 --seed 1 --timing-mode whole-run --challenge-mode fixed --layout element --point-mode specialized --block 128 --out CAMERA-READY/h100/sweep_fixed/cases_zk_256/zk_incomplete_add_2_bw256_r24_cuda.csv
zk_incomplete_add_2 field=p255_bls12_381_scalar rounds=24 first_ms=63.6612 median_ms=62.4784 checksum=86882634873749
zk_incomplete_add_2      field=p255_bls12_381_scalar        rounds=24 triton_ms=63.860 cuda_ms=62.4784 checksum_match=true speedup=1.022113
CAMERA-READY/h100/sweep_fixed/cases_zk_256/zk_incomplete_add_2_bw256_r24_joined.csv
ok: zk_incomplete_add_2_bw256_r24
CAMERA-READY/h100/sweep_fixed/zk_256.csv
$ /home/ubuntu/venvs/zkduel-table5/bin/python -u benchmarks/field_sweep/compare_triton_cuda.py --workloads zk_incomplete_add_2 --bit-widths 256 --rounds 26 --warmups 2 --repeats 10 --seed 1 --timing-mode whole-run --challenge-mode fixed --layout element --point-mode specialized --block 128 --python /home/ubuntu/venvs/zkduel-table5/bin/python --triton-script benchmarks/field_sweep/triton_sweep.py --cuda-binary build/field_sumcheck_cuda_fixed --skip-build --triton-out CAMERA-READY/h100/sweep_fixed/cases_zk_256/zk_incomplete_add_2_bw256_r26_triton.csv --cuda-out CAMERA-READY/h100/sweep_fixed/cases_zk_256/zk_incomplete_add_2_bw256_r26_cuda.csv --out CAMERA-READY/h100/sweep_fixed/cases_zk_256/zk_incomplete_add_2_bw256_r26_joined.csv
$ /home/ubuntu/venvs/zkduel-table5/bin/python -u benchmarks/field_sweep/triton_sweep.py --workloads zk_incomplete_add_2 --rounds 26 --bit-widths 256 --warmups 2 --repeats 10 --seed 1 --timing-mode whole-run --challenge-mode fixed --layout element --point-mode specialized --out CAMERA-READY/h100/sweep_fixed/cases_zk_256/zk_incomplete_add_2_bw256_r26_triton.csv
zk_incomplete_add_2      field=p255_bls12_381_scalar        rounds=26 first_ms=294.256 median_ms=227.211 checksum=92915666596363
CAMERA-READY/h100/sweep_fixed/cases_zk_256/zk_incomplete_add_2_bw256_r26_triton.csv
$ build/field_sumcheck_cuda_fixed --workloads zk_incomplete_add_2 --rounds 26 --bit-widths 256 --warmups 2 --repeats 10 --seed 1 --timing-mode whole-run --challenge-mode fixed --layout element --point-mode specialized --block 128 --out CAMERA-READY/h100/sweep_fixed/cases_zk_256/zk_incomplete_add_2_bw256_r26_cuda.csv
zk_incomplete_add_2 field=p255_bls12_381_scalar rounds=26 first_ms=237.794 median_ms=232.904 checksum=92915666596363
zk_incomplete_add_2      field=p255_bls12_381_scalar        rounds=26 triton_ms=227.211 cuda_ms=232.904 checksum_match=true speedup=0.975556
CAMERA-READY/h100/sweep_fixed/cases_zk_256/zk_incomplete_add_2_bw256_r26_joined.csv
ok: zk_incomplete_add_2_bw256_r26
CAMERA-READY/h100/sweep_fixed/zk_256.csv
$ /home/ubuntu/venvs/zkduel-table5/bin/python -u benchmarks/field_sweep/compare_triton_cuda.py --workloads zk_incomplete_add_2 --bit-widths 256 --rounds 28 --warmups 2 --repeats 10 --seed 1 --timing-mode whole-run --challenge-mode fixed --layout element --point-mode specialized --block 128 --python /home/ubuntu/venvs/zkduel-table5/bin/python --triton-script benchmarks/field_sweep/triton_sweep.py --cuda-binary build/field_sumcheck_cuda_fixed --skip-build --triton-out CAMERA-READY/h100/sweep_fixed/cases_zk_256/zk_incomplete_add_2_bw256_r28_triton.csv --cuda-out CAMERA-READY/h100/sweep_fixed/cases_zk_256/zk_incomplete_add_2_bw256_r28_cuda.csv --out CAMERA-READY/h100/sweep_fixed/cases_zk_256/zk_incomplete_add_2_bw256_r28_joined.csv
$ /home/ubuntu/venvs/zkduel-table5/bin/python -u benchmarks/field_sweep/triton_sweep.py --workloads zk_incomplete_add_2 --rounds 28 --bit-widths 256 --warmups 2 --repeats 10 --seed 1 --timing-mode whole-run --challenge-mode fixed --layout element --point-mode specialized --out CAMERA-READY/h100/sweep_fixed/cases_zk_256/zk_incomplete_add_2_bw256_r28_triton.csv
Traceback (most recent call last):
  File "/home/ubuntu/sumcheck-triton/benchmarks/field_sweep/triton_sweep.py", line 918, in <module>
    raise SystemExit(main())
                     ^^^^^^
  File "/home/ubuntu/sumcheck-triton/benchmarks/field_sweep/triton_sweep.py", line 892, in main
    row = _time_one(
          ^^^^^^^^^^
  File "/home/ubuntu/sumcheck-triton/benchmarks/field_sweep/triton_sweep.py", line 645, in _time_one
    scratch_a = torch.empty_like(tables)
                ^^^^^^^^^^^^^^^^^^^^^^^^
torch.OutOfMemoryError: CUDA out of memory. Tried to allocate 56.00 GiB. GPU 0 has a total capacity of 79.19 GiB of which 22.66 GiB is free. Including non-PyTorch memory, this process has 56.52 GiB memory in use. Of the allocated memory 56.00 GiB is allocated by PyTorch, and 0 bytes is reserved by PyTorch but unallocated. If reserved but unallocated memory is large try setting PYTORCH_CUDA_ALLOC_CONF=expandable_segments:True to avoid fragmentation.  See documentation for Memory Management  (https://docs.pytorch.org/docs/stable/notes/cuda.html#optimizing-memory-usage-with-pytorch-cuda-alloc-conf)
Traceback (most recent call last):
  File "/home/ubuntu/sumcheck-triton/benchmarks/field_sweep/compare_triton_cuda.py", line 252, in <module>
    raise SystemExit(main())
                     ^^^^^^
  File "/home/ubuntu/sumcheck-triton/benchmarks/field_sweep/compare_triton_cuda.py", line 78, in main
    run(
  File "/home/ubuntu/sumcheck-triton/benchmarks/field_sweep/compare_triton_cuda.py", line 22, in run
    subprocess.run(cmd, check=True)
  File "/home/ubuntu/.local/share/uv/python/cpython-3.12.14-linux-x86_64-gnu/lib/python3.12/subprocess.py", line 571, in run
    raise CalledProcessError(retcode, process.args,
subprocess.CalledProcessError: Command '['/home/ubuntu/venvs/zkduel-table5/bin/python', '-u', 'benchmarks/field_sweep/triton_sweep.py', '--workloads', 'zk_incomplete_add_2', '--rounds', '28', '--bit-widths', '256', '--warmups', '2', '--repeats', '10', '--seed', '1', '--timing-mode', 'whole-run', '--challenge-mode', 'fixed', '--layout', 'element', '--point-mode', 'specialized', '--out', 'CAMERA-READY/h100/sweep_fixed/cases_zk_256/zk_incomplete_add_2_bw256_r28_triton.csv']' returned non-zero exit status 1.
skipped: zk_incomplete_add_2_bw256_r28 returncode=1
CAMERA-READY/h100/sweep_fixed/zk_256.csv
$ /home/ubuntu/venvs/zkduel-table5/bin/python -u benchmarks/field_sweep/compare_triton_cuda.py --workloads zk_complete_add_1 --bit-widths 256 --rounds 14 --warmups 2 --repeats 10 --seed 1 --timing-mode whole-run --challenge-mode fixed --layout element --point-mode specialized --block 128 --python /home/ubuntu/venvs/zkduel-table5/bin/python --triton-script benchmarks/field_sweep/triton_sweep.py --cuda-binary build/field_sumcheck_cuda_fixed --skip-build --triton-out CAMERA-READY/h100/sweep_fixed/cases_zk_256/zk_complete_add_1_bw256_r14_triton.csv --cuda-out CAMERA-READY/h100/sweep_fixed/cases_zk_256/zk_complete_add_1_bw256_r14_cuda.csv --out CAMERA-READY/h100/sweep_fixed/cases_zk_256/zk_complete_add_1_bw256_r14_joined.csv
$ /home/ubuntu/venvs/zkduel-table5/bin/python -u benchmarks/field_sweep/triton_sweep.py --workloads zk_complete_add_1 --rounds 14 --bit-widths 256 --warmups 2 --repeats 10 --seed 1 --timing-mode whole-run --challenge-mode fixed --layout element --point-mode specialized --out CAMERA-READY/h100/sweep_fixed/cases_zk_256/zk_complete_add_1_bw256_r14_triton.csv
zk_complete_add_1        field=p255_bls12_381_scalar        rounds=14 first_ms=59.441 median_ms=4.412 checksum=57996518703695
CAMERA-READY/h100/sweep_fixed/cases_zk_256/zk_complete_add_1_bw256_r14_triton.csv
$ build/field_sumcheck_cuda_fixed --workloads zk_complete_add_1 --rounds 14 --bit-widths 256 --warmups 2 --repeats 10 --seed 1 --timing-mode whole-run --challenge-mode fixed --layout element --point-mode specialized --block 128 --out CAMERA-READY/h100/sweep_fixed/cases_zk_256/zk_complete_add_1_bw256_r14_cuda.csv
zk_complete_add_1 field=p255_bls12_381_scalar rounds=14 first_ms=5.11636 median_ms=3.57717 checksum=57996518703695
zk_complete_add_1        field=p255_bls12_381_scalar        rounds=14 triton_ms=4.412 cuda_ms=3.57717 checksum_match=true speedup=1.233377
CAMERA-READY/h100/sweep_fixed/cases_zk_256/zk_complete_add_1_bw256_r14_joined.csv
ok: zk_complete_add_1_bw256_r14
CAMERA-READY/h100/sweep_fixed/zk_256.csv
$ /home/ubuntu/venvs/zkduel-table5/bin/python -u benchmarks/field_sweep/compare_triton_cuda.py --workloads zk_complete_add_1 --bit-widths 256 --rounds 16 --warmups 2 --repeats 10 --seed 1 --timing-mode whole-run --challenge-mode fixed --layout element --point-mode specialized --block 128 --python /home/ubuntu/venvs/zkduel-table5/bin/python --triton-script benchmarks/field_sweep/triton_sweep.py --cuda-binary build/field_sumcheck_cuda_fixed --skip-build --triton-out CAMERA-READY/h100/sweep_fixed/cases_zk_256/zk_complete_add_1_bw256_r16_triton.csv --cuda-out CAMERA-READY/h100/sweep_fixed/cases_zk_256/zk_complete_add_1_bw256_r16_cuda.csv --out CAMERA-READY/h100/sweep_fixed/cases_zk_256/zk_complete_add_1_bw256_r16_joined.csv
$ /home/ubuntu/venvs/zkduel-table5/bin/python -u benchmarks/field_sweep/triton_sweep.py --workloads zk_complete_add_1 --rounds 16 --bit-widths 256 --warmups 2 --repeats 10 --seed 1 --timing-mode whole-run --challenge-mode fixed --layout element --point-mode specialized --out CAMERA-READY/h100/sweep_fixed/cases_zk_256/zk_complete_add_1_bw256_r16_triton.csv
zk_complete_add_1        field=p255_bls12_381_scalar        rounds=16 first_ms=97.752 median_ms=8.429 checksum=70140589766208
CAMERA-READY/h100/sweep_fixed/cases_zk_256/zk_complete_add_1_bw256_r16_triton.csv
$ build/field_sumcheck_cuda_fixed --workloads zk_complete_add_1 --rounds 16 --bit-widths 256 --warmups 2 --repeats 10 --seed 1 --timing-mode whole-run --challenge-mode fixed --layout element --point-mode specialized --block 128 --out CAMERA-READY/h100/sweep_fixed/cases_zk_256/zk_complete_add_1_bw256_r16_cuda.csv
zk_complete_add_1 field=p255_bls12_381_scalar rounds=16 first_ms=5.85397 median_ms=4.34351 checksum=70140589766208
zk_complete_add_1        field=p255_bls12_381_scalar        rounds=16 triton_ms=8.429 cuda_ms=4.34351 checksum_match=true speedup=1.940596
CAMERA-READY/h100/sweep_fixed/cases_zk_256/zk_complete_add_1_bw256_r16_joined.csv
ok: zk_complete_add_1_bw256_r16
CAMERA-READY/h100/sweep_fixed/zk_256.csv
$ /home/ubuntu/venvs/zkduel-table5/bin/python -u benchmarks/field_sweep/compare_triton_cuda.py --workloads zk_complete_add_1 --bit-widths 256 --rounds 18 --warmups 2 --repeats 10 --seed 1 --timing-mode whole-run --challenge-mode fixed --layout element --point-mode specialized --block 128 --python /home/ubuntu/venvs/zkduel-table5/bin/python --triton-script benchmarks/field_sweep/triton_sweep.py --cuda-binary build/field_sumcheck_cuda_fixed --skip-build --triton-out CAMERA-READY/h100/sweep_fixed/cases_zk_256/zk_complete_add_1_bw256_r18_triton.csv --cuda-out CAMERA-READY/h100/sweep_fixed/cases_zk_256/zk_complete_add_1_bw256_r18_cuda.csv --out CAMERA-READY/h100/sweep_fixed/cases_zk_256/zk_complete_add_1_bw256_r18_joined.csv
$ /home/ubuntu/venvs/zkduel-table5/bin/python -u benchmarks/field_sweep/triton_sweep.py --workloads zk_complete_add_1 --rounds 18 --bit-widths 256 --warmups 2 --repeats 10 --seed 1 --timing-mode whole-run --challenge-mode fixed --layout element --point-mode specialized --out CAMERA-READY/h100/sweep_fixed/cases_zk_256/zk_complete_add_1_bw256_r18_triton.csv
zk_complete_add_1        field=p255_bls12_381_scalar        rounds=18 first_ms=100.008 median_ms=10.630 checksum=77740439228127
CAMERA-READY/h100/sweep_fixed/cases_zk_256/zk_complete_add_1_bw256_r18_triton.csv
$ build/field_sumcheck_cuda_fixed --workloads zk_complete_add_1 --rounds 18 --bit-widths 256 --warmups 2 --repeats 10 --seed 1 --timing-mode whole-run --challenge-mode fixed --layout element --point-mode specialized --block 128 --out CAMERA-READY/h100/sweep_fixed/cases_zk_256/zk_complete_add_1_bw256_r18_cuda.csv
zk_complete_add_1 field=p255_bls12_381_scalar rounds=18 first_ms=7.62419 median_ms=6.12227 checksum=77740439228127
zk_complete_add_1        field=p255_bls12_381_scalar        rounds=18 triton_ms=10.630 cuda_ms=6.12227 checksum_match=true speedup=1.736284
CAMERA-READY/h100/sweep_fixed/cases_zk_256/zk_complete_add_1_bw256_r18_joined.csv
ok: zk_complete_add_1_bw256_r18
CAMERA-READY/h100/sweep_fixed/zk_256.csv
$ /home/ubuntu/venvs/zkduel-table5/bin/python -u benchmarks/field_sweep/compare_triton_cuda.py --workloads zk_complete_add_1 --bit-widths 256 --rounds 20 --warmups 2 --repeats 10 --seed 1 --timing-mode whole-run --challenge-mode fixed --layout element --point-mode specialized --block 128 --python /home/ubuntu/venvs/zkduel-table5/bin/python --triton-script benchmarks/field_sweep/triton_sweep.py --cuda-binary build/field_sumcheck_cuda_fixed --skip-build --triton-out CAMERA-READY/h100/sweep_fixed/cases_zk_256/zk_complete_add_1_bw256_r20_triton.csv --cuda-out CAMERA-READY/h100/sweep_fixed/cases_zk_256/zk_complete_add_1_bw256_r20_cuda.csv --out CAMERA-READY/h100/sweep_fixed/cases_zk_256/zk_complete_add_1_bw256_r20_joined.csv
$ /home/ubuntu/venvs/zkduel-table5/bin/python -u benchmarks/field_sweep/triton_sweep.py --workloads zk_complete_add_1 --rounds 20 --bit-widths 256 --warmups 2 --repeats 10 --seed 1 --timing-mode whole-run --challenge-mode fixed --layout element --point-mode specialized --out CAMERA-READY/h100/sweep_fixed/cases_zk_256/zk_complete_add_1_bw256_r20_triton.csv
zk_complete_add_1        field=p255_bls12_381_scalar        rounds=20 first_ms=114.743 median_ms=15.030 checksum=89052187468088
CAMERA-READY/h100/sweep_fixed/cases_zk_256/zk_complete_add_1_bw256_r20_triton.csv
$ build/field_sumcheck_cuda_fixed --workloads zk_complete_add_1 --rounds 20 --bit-widths 256 --warmups 2 --repeats 10 --seed 1 --timing-mode whole-run --challenge-mode fixed --layout element --point-mode specialized --block 128 --out CAMERA-READY/h100/sweep_fixed/cases_zk_256/zk_complete_add_1_bw256_r20_cuda.csv
zk_complete_add_1 field=p255_bls12_381_scalar rounds=20 first_ms=11.9626 median_ms=10.4544 checksum=89052187468088
zk_complete_add_1        field=p255_bls12_381_scalar        rounds=20 triton_ms=15.030 cuda_ms=10.4544 checksum_match=true speedup=1.437672
CAMERA-READY/h100/sweep_fixed/cases_zk_256/zk_complete_add_1_bw256_r20_joined.csv
ok: zk_complete_add_1_bw256_r20
CAMERA-READY/h100/sweep_fixed/zk_256.csv
$ /home/ubuntu/venvs/zkduel-table5/bin/python -u benchmarks/field_sweep/compare_triton_cuda.py --workloads zk_complete_add_1 --bit-widths 256 --rounds 22 --warmups 2 --repeats 10 --seed 1 --timing-mode whole-run --challenge-mode fixed --layout element --point-mode specialized --block 128 --python /home/ubuntu/venvs/zkduel-table5/bin/python --triton-script benchmarks/field_sweep/triton_sweep.py --cuda-binary build/field_sumcheck_cuda_fixed --skip-build --triton-out CAMERA-READY/h100/sweep_fixed/cases_zk_256/zk_complete_add_1_bw256_r22_triton.csv --cuda-out CAMERA-READY/h100/sweep_fixed/cases_zk_256/zk_complete_add_1_bw256_r22_cuda.csv --out CAMERA-READY/h100/sweep_fixed/cases_zk_256/zk_complete_add_1_bw256_r22_joined.csv
$ /home/ubuntu/venvs/zkduel-table5/bin/python -u benchmarks/field_sweep/triton_sweep.py --workloads zk_complete_add_1 --rounds 22 --bit-widths 256 --warmups 2 --repeats 10 --seed 1 --timing-mode whole-run --challenge-mode fixed --layout element --point-mode specialized --out CAMERA-READY/h100/sweep_fixed/cases_zk_256/zk_complete_add_1_bw256_r22_triton.csv
zk_complete_add_1        field=p255_bls12_381_scalar        rounds=22 first_ms=118.702 median_ms=29.833 checksum=96665956790949
CAMERA-READY/h100/sweep_fixed/cases_zk_256/zk_complete_add_1_bw256_r22_triton.csv
$ build/field_sumcheck_cuda_fixed --workloads zk_complete_add_1 --rounds 22 --bit-widths 256 --warmups 2 --repeats 10 --seed 1 --timing-mode whole-run --challenge-mode fixed --layout element --point-mode specialized --block 128 --out CAMERA-READY/h100/sweep_fixed/cases_zk_256/zk_complete_add_1_bw256_r22_cuda.csv
zk_complete_add_1 field=p255_bls12_381_scalar rounds=22 first_ms=26.8751 median_ms=25.3141 checksum=96665956790949
zk_complete_add_1        field=p255_bls12_381_scalar        rounds=22 triton_ms=29.833 cuda_ms=25.3141 checksum_match=true speedup=1.178513
CAMERA-READY/h100/sweep_fixed/cases_zk_256/zk_complete_add_1_bw256_r22_joined.csv
ok: zk_complete_add_1_bw256_r22
CAMERA-READY/h100/sweep_fixed/zk_256.csv
$ /home/ubuntu/venvs/zkduel-table5/bin/python -u benchmarks/field_sweep/compare_triton_cuda.py --workloads zk_complete_add_1 --bit-widths 256 --rounds 24 --warmups 2 --repeats 10 --seed 1 --timing-mode whole-run --challenge-mode fixed --layout element --point-mode specialized --block 128 --python /home/ubuntu/venvs/zkduel-table5/bin/python --triton-script benchmarks/field_sweep/triton_sweep.py --cuda-binary build/field_sumcheck_cuda_fixed --skip-build --triton-out CAMERA-READY/h100/sweep_fixed/cases_zk_256/zk_complete_add_1_bw256_r24_triton.csv --cuda-out CAMERA-READY/h100/sweep_fixed/cases_zk_256/zk_complete_add_1_bw256_r24_cuda.csv --out CAMERA-READY/h100/sweep_fixed/cases_zk_256/zk_complete_add_1_bw256_r24_joined.csv
$ /home/ubuntu/venvs/zkduel-table5/bin/python -u benchmarks/field_sweep/triton_sweep.py --workloads zk_complete_add_1 --rounds 24 --bit-widths 256 --warmups 2 --repeats 10 --seed 1 --timing-mode whole-run --challenge-mode fixed --layout element --point-mode specialized --out CAMERA-READY/h100/sweep_fixed/cases_zk_256/zk_complete_add_1_bw256_r24_triton.csv
zk_complete_add_1        field=p255_bls12_381_scalar        rounds=24 first_ms=183.822 median_ms=84.555 checksum=108117630662951
CAMERA-READY/h100/sweep_fixed/cases_zk_256/zk_complete_add_1_bw256_r24_triton.csv
$ build/field_sumcheck_cuda_fixed --workloads zk_complete_add_1 --rounds 24 --bit-widths 256 --warmups 2 --repeats 10 --seed 1 --timing-mode whole-run --challenge-mode fixed --layout element --point-mode specialized --block 128 --out CAMERA-READY/h100/sweep_fixed/cases_zk_256/zk_complete_add_1_bw256_r24_cuda.csv
zk_complete_add_1 field=p255_bls12_381_scalar rounds=24 first_ms=83.5409 median_ms=82.1931 checksum=108117630662951
zk_complete_add_1        field=p255_bls12_381_scalar        rounds=24 triton_ms=84.555 cuda_ms=82.1931 checksum_match=true speedup=1.028736
CAMERA-READY/h100/sweep_fixed/cases_zk_256/zk_complete_add_1_bw256_r24_joined.csv
ok: zk_complete_add_1_bw256_r24
CAMERA-READY/h100/sweep_fixed/zk_256.csv
$ /home/ubuntu/venvs/zkduel-table5/bin/python -u benchmarks/field_sweep/compare_triton_cuda.py --workloads zk_complete_add_1 --bit-widths 256 --rounds 26 --warmups 2 --repeats 10 --seed 1 --timing-mode whole-run --challenge-mode fixed --layout element --point-mode specialized --block 128 --python /home/ubuntu/venvs/zkduel-table5/bin/python --triton-script benchmarks/field_sweep/triton_sweep.py --cuda-binary build/field_sumcheck_cuda_fixed --skip-build --triton-out CAMERA-READY/h100/sweep_fixed/cases_zk_256/zk_complete_add_1_bw256_r26_triton.csv --cuda-out CAMERA-READY/h100/sweep_fixed/cases_zk_256/zk_complete_add_1_bw256_r26_cuda.csv --out CAMERA-READY/h100/sweep_fixed/cases_zk_256/zk_complete_add_1_bw256_r26_joined.csv
$ /home/ubuntu/venvs/zkduel-table5/bin/python -u benchmarks/field_sweep/triton_sweep.py --workloads zk_complete_add_1 --rounds 26 --bit-widths 256 --warmups 2 --repeats 10 --seed 1 --timing-mode whole-run --challenge-mode fixed --layout element --point-mode specialized --out CAMERA-READY/h100/sweep_fixed/cases_zk_256/zk_complete_add_1_bw256_r26_triton.csv
zk_complete_add_1        field=p255_bls12_381_scalar        rounds=26 first_ms=383.764 median_ms=299.919 checksum=116131405668291
CAMERA-READY/h100/sweep_fixed/cases_zk_256/zk_complete_add_1_bw256_r26_triton.csv
$ build/field_sumcheck_cuda_fixed --workloads zk_complete_add_1 --rounds 26 --bit-widths 256 --warmups 2 --repeats 10 --seed 1 --timing-mode whole-run --challenge-mode fixed --layout element --point-mode specialized --block 128 --out CAMERA-READY/h100/sweep_fixed/cases_zk_256/zk_complete_add_1_bw256_r26_cuda.csv
zk_complete_add_1 field=p255_bls12_381_scalar rounds=26 first_ms=312.384 median_ms=308.977 checksum=116131405668291
zk_complete_add_1        field=p255_bls12_381_scalar        rounds=26 triton_ms=299.919 cuda_ms=308.977 checksum_match=true speedup=0.970684
CAMERA-READY/h100/sweep_fixed/cases_zk_256/zk_complete_add_1_bw256_r26_joined.csv
ok: zk_complete_add_1_bw256_r26
CAMERA-READY/h100/sweep_fixed/zk_256.csv
$ /home/ubuntu/venvs/zkduel-table5/bin/python -u benchmarks/field_sweep/compare_triton_cuda.py --workloads zk_complete_add_1 --bit-widths 256 --rounds 28 --warmups 2 --repeats 10 --seed 1 --timing-mode whole-run --challenge-mode fixed --layout element --point-mode specialized --block 128 --python /home/ubuntu/venvs/zkduel-table5/bin/python --triton-script benchmarks/field_sweep/triton_sweep.py --cuda-binary build/field_sumcheck_cuda_fixed --skip-build --triton-out CAMERA-READY/h100/sweep_fixed/cases_zk_256/zk_complete_add_1_bw256_r28_triton.csv --cuda-out CAMERA-READY/h100/sweep_fixed/cases_zk_256/zk_complete_add_1_bw256_r28_cuda.csv --out CAMERA-READY/h100/sweep_fixed/cases_zk_256/zk_complete_add_1_bw256_r28_joined.csv
$ /home/ubuntu/venvs/zkduel-table5/bin/python -u benchmarks/field_sweep/triton_sweep.py --workloads zk_complete_add_1 --rounds 28 --bit-widths 256 --warmups 2 --repeats 10 --seed 1 --timing-mode whole-run --challenge-mode fixed --layout element --point-mode specialized --out CAMERA-READY/h100/sweep_fixed/cases_zk_256/zk_complete_add_1_bw256_r28_triton.csv
Traceback (most recent call last):
  File "/home/ubuntu/sumcheck-triton/benchmarks/field_sweep/triton_sweep.py", line 918, in <module>
    raise SystemExit(main())
                     ^^^^^^
  File "/home/ubuntu/sumcheck-triton/benchmarks/field_sweep/triton_sweep.py", line 892, in main
    row = _time_one(
          ^^^^^^^^^^
  File "/home/ubuntu/sumcheck-triton/benchmarks/field_sweep/triton_sweep.py", line 645, in _time_one
    scratch_a = torch.empty_like(tables)
                ^^^^^^^^^^^^^^^^^^^^^^^^
torch.OutOfMemoryError: CUDA out of memory. Tried to allocate 48.00 GiB. GPU 0 has a total capacity of 79.19 GiB of which 30.66 GiB is free. Including non-PyTorch memory, this process has 48.52 GiB memory in use. Of the allocated memory 48.00 GiB is allocated by PyTorch, and 0 bytes is reserved by PyTorch but unallocated. If reserved but unallocated memory is large try setting PYTORCH_CUDA_ALLOC_CONF=expandable_segments:True to avoid fragmentation.  See documentation for Memory Management  (https://docs.pytorch.org/docs/stable/notes/cuda.html#optimizing-memory-usage-with-pytorch-cuda-alloc-conf)
Traceback (most recent call last):
  File "/home/ubuntu/sumcheck-triton/benchmarks/field_sweep/compare_triton_cuda.py", line 252, in <module>
    raise SystemExit(main())
                     ^^^^^^
  File "/home/ubuntu/sumcheck-triton/benchmarks/field_sweep/compare_triton_cuda.py", line 78, in main
    run(
  File "/home/ubuntu/sumcheck-triton/benchmarks/field_sweep/compare_triton_cuda.py", line 22, in run
    subprocess.run(cmd, check=True)
  File "/home/ubuntu/.local/share/uv/python/cpython-3.12.14-linux-x86_64-gnu/lib/python3.12/subprocess.py", line 571, in run
    raise CalledProcessError(retcode, process.args,
subprocess.CalledProcessError: Command '['/home/ubuntu/venvs/zkduel-table5/bin/python', '-u', 'benchmarks/field_sweep/triton_sweep.py', '--workloads', 'zk_complete_add_1', '--rounds', '28', '--bit-widths', '256', '--warmups', '2', '--repeats', '10', '--seed', '1', '--timing-mode', 'whole-run', '--challenge-mode', 'fixed', '--layout', 'element', '--point-mode', 'specialized', '--out', 'CAMERA-READY/h100/sweep_fixed/cases_zk_256/zk_complete_add_1_bw256_r28_triton.csv']' returned non-zero exit status 1.
skipped: zk_complete_add_1_bw256_r28 returncode=1
CAMERA-READY/h100/sweep_fixed/zk_256.csv
$ /home/ubuntu/venvs/zkduel-table5/bin/python -u benchmarks/field_sweep/compare_triton_cuda.py --workloads zk_complete_add_2 --bit-widths 256 --rounds 14 --warmups 2 --repeats 10 --seed 1 --timing-mode whole-run --challenge-mode fixed --layout element --point-mode specialized --block 128 --python /home/ubuntu/venvs/zkduel-table5/bin/python --triton-script benchmarks/field_sweep/triton_sweep.py --cuda-binary build/field_sumcheck_cuda_fixed --skip-build --triton-out CAMERA-READY/h100/sweep_fixed/cases_zk_256/zk_complete_add_2_bw256_r14_triton.csv --cuda-out CAMERA-READY/h100/sweep_fixed/cases_zk_256/zk_complete_add_2_bw256_r14_cuda.csv --out CAMERA-READY/h100/sweep_fixed/cases_zk_256/zk_complete_add_2_bw256_r14_joined.csv
$ /home/ubuntu/venvs/zkduel-table5/bin/python -u benchmarks/field_sweep/triton_sweep.py --workloads zk_complete_add_2 --rounds 14 --bit-widths 256 --warmups 2 --repeats 10 --seed 1 --timing-mode whole-run --challenge-mode fixed --layout element --point-mode specialized --out CAMERA-READY/h100/sweep_fixed/cases_zk_256/zk_complete_add_2_bw256_r14_triton.csv
zk_complete_add_2        field=p255_bls12_381_scalar        rounds=14 first_ms=78.431 median_ms=5.967 checksum=74624248839335
CAMERA-READY/h100/sweep_fixed/cases_zk_256/zk_complete_add_2_bw256_r14_triton.csv
$ build/field_sumcheck_cuda_fixed --workloads zk_complete_add_2 --rounds 14 --bit-widths 256 --warmups 2 --repeats 10 --seed 1 --timing-mode whole-run --challenge-mode fixed --layout element --point-mode specialized --block 128 --out CAMERA-READY/h100/sweep_fixed/cases_zk_256/zk_complete_add_2_bw256_r14_cuda.csv
zk_complete_add_2 field=p255_bls12_381_scalar rounds=14 first_ms=7.74004 median_ms=5.377 checksum=74624248839335
zk_complete_add_2        field=p255_bls12_381_scalar        rounds=14 triton_ms=5.967 cuda_ms=5.377 checksum_match=true speedup=1.109727
CAMERA-READY/h100/sweep_fixed/cases_zk_256/zk_complete_add_2_bw256_r14_joined.csv
ok: zk_complete_add_2_bw256_r14
CAMERA-READY/h100/sweep_fixed/zk_256.csv
$ /home/ubuntu/venvs/zkduel-table5/bin/python -u benchmarks/field_sweep/compare_triton_cuda.py --workloads zk_complete_add_2 --bit-widths 256 --rounds 16 --warmups 2 --repeats 10 --seed 1 --timing-mode whole-run --challenge-mode fixed --layout element --point-mode specialized --block 128 --python /home/ubuntu/venvs/zkduel-table5/bin/python --triton-script benchmarks/field_sweep/triton_sweep.py --cuda-binary build/field_sumcheck_cuda_fixed --skip-build --triton-out CAMERA-READY/h100/sweep_fixed/cases_zk_256/zk_complete_add_2_bw256_r16_triton.csv --cuda-out CAMERA-READY/h100/sweep_fixed/cases_zk_256/zk_complete_add_2_bw256_r16_cuda.csv --out CAMERA-READY/h100/sweep_fixed/cases_zk_256/zk_complete_add_2_bw256_r16_joined.csv
$ /home/ubuntu/venvs/zkduel-table5/bin/python -u benchmarks/field_sweep/triton_sweep.py --workloads zk_complete_add_2 --rounds 16 --bit-widths 256 --warmups 2 --repeats 10 --seed 1 --timing-mode whole-run --challenge-mode fixed --layout element --point-mode specialized --out CAMERA-READY/h100/sweep_fixed/cases_zk_256/zk_complete_add_2_bw256_r16_triton.csv
zk_complete_add_2        field=p255_bls12_381_scalar        rounds=16 first_ms=77.020 median_ms=7.418 checksum=83103942471017
CAMERA-READY/h100/sweep_fixed/cases_zk_256/zk_complete_add_2_bw256_r16_triton.csv
$ build/field_sumcheck_cuda_fixed --workloads zk_complete_add_2 --rounds 16 --bit-widths 256 --warmups 2 --repeats 10 --seed 1 --timing-mode whole-run --challenge-mode fixed --layout element --point-mode specialized --block 128 --out CAMERA-READY/h100/sweep_fixed/cases_zk_256/zk_complete_add_2_bw256_r16_cuda.csv
zk_complete_add_2 field=p255_bls12_381_scalar rounds=16 first_ms=8.84937 median_ms=6.38161 checksum=83103942471017
zk_complete_add_2        field=p255_bls12_381_scalar        rounds=16 triton_ms=7.418 cuda_ms=6.38161 checksum_match=true speedup=1.162403
CAMERA-READY/h100/sweep_fixed/cases_zk_256/zk_complete_add_2_bw256_r16_joined.csv
ok: zk_complete_add_2_bw256_r16
CAMERA-READY/h100/sweep_fixed/zk_256.csv
$ /home/ubuntu/venvs/zkduel-table5/bin/python -u benchmarks/field_sweep/compare_triton_cuda.py --workloads zk_complete_add_2 --bit-widths 256 --rounds 18 --warmups 2 --repeats 10 --seed 1 --timing-mode whole-run --challenge-mode fixed --layout element --point-mode specialized --block 128 --python /home/ubuntu/venvs/zkduel-table5/bin/python --triton-script benchmarks/field_sweep/triton_sweep.py --cuda-binary build/field_sumcheck_cuda_fixed --skip-build --triton-out CAMERA-READY/h100/sweep_fixed/cases_zk_256/zk_complete_add_2_bw256_r18_triton.csv --cuda-out CAMERA-READY/h100/sweep_fixed/cases_zk_256/zk_complete_add_2_bw256_r18_cuda.csv --out CAMERA-READY/h100/sweep_fixed/cases_zk_256/zk_complete_add_2_bw256_r18_joined.csv
$ /home/ubuntu/venvs/zkduel-table5/bin/python -u benchmarks/field_sweep/triton_sweep.py --workloads zk_complete_add_2 --rounds 18 --bit-widths 256 --warmups 2 --repeats 10 --seed 1 --timing-mode whole-run --challenge-mode fixed --layout element --point-mode specialized --out CAMERA-READY/h100/sweep_fixed/cases_zk_256/zk_complete_add_2_bw256_r18_triton.csv
zk_complete_add_2        field=p255_bls12_381_scalar        rounds=18 first_ms=125.826 median_ms=13.323 checksum=97478495718266
CAMERA-READY/h100/sweep_fixed/cases_zk_256/zk_complete_add_2_bw256_r18_triton.csv
$ build/field_sumcheck_cuda_fixed --workloads zk_complete_add_2 --rounds 18 --bit-widths 256 --warmups 2 --repeats 10 --seed 1 --timing-mode whole-run --challenge-mode fixed --layout element --point-mode specialized --block 128 --out CAMERA-READY/h100/sweep_fixed/cases_zk_256/zk_complete_add_2_bw256_r18_cuda.csv
zk_complete_add_2 field=p255_bls12_381_scalar rounds=18 first_ms=11.4089 median_ms=9.15595 checksum=97478495718266
zk_complete_add_2        field=p255_bls12_381_scalar        rounds=18 triton_ms=13.323 cuda_ms=9.15595 checksum_match=true speedup=1.455119
CAMERA-READY/h100/sweep_fixed/cases_zk_256/zk_complete_add_2_bw256_r18_joined.csv
ok: zk_complete_add_2_bw256_r18
CAMERA-READY/h100/sweep_fixed/zk_256.csv
$ /home/ubuntu/venvs/zkduel-table5/bin/python -u benchmarks/field_sweep/compare_triton_cuda.py --workloads zk_complete_add_2 --bit-widths 256 --rounds 20 --warmups 2 --repeats 10 --seed 1 --timing-mode whole-run --challenge-mode fixed --layout element --point-mode specialized --block 128 --python /home/ubuntu/venvs/zkduel-table5/bin/python --triton-script benchmarks/field_sweep/triton_sweep.py --cuda-binary build/field_sumcheck_cuda_fixed --skip-build --triton-out CAMERA-READY/h100/sweep_fixed/cases_zk_256/zk_complete_add_2_bw256_r20_triton.csv --cuda-out CAMERA-READY/h100/sweep_fixed/cases_zk_256/zk_complete_add_2_bw256_r20_cuda.csv --out CAMERA-READY/h100/sweep_fixed/cases_zk_256/zk_complete_add_2_bw256_r20_joined.csv
$ /home/ubuntu/venvs/zkduel-table5/bin/python -u benchmarks/field_sweep/triton_sweep.py --workloads zk_complete_add_2 --rounds 20 --bit-widths 256 --warmups 2 --repeats 10 --seed 1 --timing-mode whole-run --challenge-mode fixed --layout element --point-mode specialized --out CAMERA-READY/h100/sweep_fixed/cases_zk_256/zk_complete_add_2_bw256_r20_triton.csv
zk_complete_add_2        field=p255_bls12_381_scalar        rounds=20 first_ms=131.642 median_ms=20.207 checksum=103057991298509
CAMERA-READY/h100/sweep_fixed/cases_zk_256/zk_complete_add_2_bw256_r20_triton.csv
$ build/field_sumcheck_cuda_fixed --workloads zk_complete_add_2 --rounds 20 --bit-widths 256 --warmups 2 --repeats 10 --seed 1 --timing-mode whole-run --challenge-mode fixed --layout element --point-mode specialized --block 128 --out CAMERA-READY/h100/sweep_fixed/cases_zk_256/zk_complete_add_2_bw256_r20_cuda.csv
zk_complete_add_2 field=p255_bls12_381_scalar rounds=20 first_ms=18.1348 median_ms=15.7118 checksum=103057991298509
zk_complete_add_2        field=p255_bls12_381_scalar        rounds=20 triton_ms=20.207 cuda_ms=15.7118 checksum_match=true speedup=1.286103
CAMERA-READY/h100/sweep_fixed/cases_zk_256/zk_complete_add_2_bw256_r20_joined.csv
ok: zk_complete_add_2_bw256_r20
CAMERA-READY/h100/sweep_fixed/zk_256.csv
$ /home/ubuntu/venvs/zkduel-table5/bin/python -u benchmarks/field_sweep/compare_triton_cuda.py --workloads zk_complete_add_2 --bit-widths 256 --rounds 22 --warmups 2 --repeats 10 --seed 1 --timing-mode whole-run --challenge-mode fixed --layout element --point-mode specialized --block 128 --python /home/ubuntu/venvs/zkduel-table5/bin/python --triton-script benchmarks/field_sweep/triton_sweep.py --cuda-binary build/field_sumcheck_cuda_fixed --skip-build --triton-out CAMERA-READY/h100/sweep_fixed/cases_zk_256/zk_complete_add_2_bw256_r22_triton.csv --cuda-out CAMERA-READY/h100/sweep_fixed/cases_zk_256/zk_complete_add_2_bw256_r22_cuda.csv --out CAMERA-READY/h100/sweep_fixed/cases_zk_256/zk_complete_add_2_bw256_r22_joined.csv
$ /home/ubuntu/venvs/zkduel-table5/bin/python -u benchmarks/field_sweep/triton_sweep.py --workloads zk_complete_add_2 --rounds 22 --bit-widths 256 --warmups 2 --repeats 10 --seed 1 --timing-mode whole-run --challenge-mode fixed --layout element --point-mode specialized --out CAMERA-READY/h100/sweep_fixed/cases_zk_256/zk_complete_add_2_bw256_r22_triton.csv
zk_complete_add_2        field=p255_bls12_381_scalar        rounds=22 first_ms=154.470 median_ms=43.613 checksum=114473208254587
CAMERA-READY/h100/sweep_fixed/cases_zk_256/zk_complete_add_2_bw256_r22_triton.csv
$ build/field_sumcheck_cuda_fixed --workloads zk_complete_add_2 --rounds 22 --bit-widths 256 --warmups 2 --repeats 10 --seed 1 --timing-mode whole-run --challenge-mode fixed --layout element --point-mode specialized --block 128 --out CAMERA-READY/h100/sweep_fixed/cases_zk_256/zk_complete_add_2_bw256_r22_cuda.csv
zk_complete_add_2 field=p255_bls12_381_scalar rounds=22 first_ms=41.2631 median_ms=38.7904 checksum=114473208254587
zk_complete_add_2        field=p255_bls12_381_scalar        rounds=22 triton_ms=43.613 cuda_ms=38.7904 checksum_match=true speedup=1.124325
CAMERA-READY/h100/sweep_fixed/cases_zk_256/zk_complete_add_2_bw256_r22_joined.csv
ok: zk_complete_add_2_bw256_r22
CAMERA-READY/h100/sweep_fixed/zk_256.csv
$ /home/ubuntu/venvs/zkduel-table5/bin/python -u benchmarks/field_sweep/compare_triton_cuda.py --workloads zk_complete_add_2 --bit-widths 256 --rounds 24 --warmups 2 --repeats 10 --seed 1 --timing-mode whole-run --challenge-mode fixed --layout element --point-mode specialized --block 128 --python /home/ubuntu/venvs/zkduel-table5/bin/python --triton-script benchmarks/field_sweep/triton_sweep.py --cuda-binary build/field_sumcheck_cuda_fixed --skip-build --triton-out CAMERA-READY/h100/sweep_fixed/cases_zk_256/zk_complete_add_2_bw256_r24_triton.csv --cuda-out CAMERA-READY/h100/sweep_fixed/cases_zk_256/zk_complete_add_2_bw256_r24_cuda.csv --out CAMERA-READY/h100/sweep_fixed/cases_zk_256/zk_complete_add_2_bw256_r24_joined.csv
$ /home/ubuntu/venvs/zkduel-table5/bin/python -u benchmarks/field_sweep/triton_sweep.py --workloads zk_complete_add_2 --rounds 24 --bit-widths 256 --warmups 2 --repeats 10 --seed 1 --timing-mode whole-run --challenge-mode fixed --layout element --point-mode specialized --out CAMERA-READY/h100/sweep_fixed/cases_zk_256/zk_complete_add_2_bw256_r24_triton.csv
zk_complete_add_2        field=p255_bls12_381_scalar        rounds=24 first_ms=240.466 median_ms=131.642 checksum=130119393826630
CAMERA-READY/h100/sweep_fixed/cases_zk_256/zk_complete_add_2_bw256_r24_triton.csv
$ build/field_sumcheck_cuda_fixed --workloads zk_complete_add_2 --rounds 24 --bit-widths 256 --warmups 2 --repeats 10 --seed 1 --timing-mode whole-run --challenge-mode fixed --layout element --point-mode specialized --block 128 --out CAMERA-READY/h100/sweep_fixed/cases_zk_256/zk_complete_add_2_bw256_r24_cuda.csv
zk_complete_add_2 field=p255_bls12_381_scalar rounds=24 first_ms=129.377 median_ms=127.062 checksum=130119393826630
zk_complete_add_2        field=p255_bls12_381_scalar        rounds=24 triton_ms=131.642 cuda_ms=127.062 checksum_match=true speedup=1.036045
CAMERA-READY/h100/sweep_fixed/cases_zk_256/zk_complete_add_2_bw256_r24_joined.csv
ok: zk_complete_add_2_bw256_r24
CAMERA-READY/h100/sweep_fixed/zk_256.csv
$ /home/ubuntu/venvs/zkduel-table5/bin/python -u benchmarks/field_sweep/compare_triton_cuda.py --workloads zk_complete_add_2 --bit-widths 256 --rounds 26 --warmups 2 --repeats 10 --seed 1 --timing-mode whole-run --challenge-mode fixed --layout element --point-mode specialized --block 128 --python /home/ubuntu/venvs/zkduel-table5/bin/python --triton-script benchmarks/field_sweep/triton_sweep.py --cuda-binary build/field_sumcheck_cuda_fixed --skip-build --triton-out CAMERA-READY/h100/sweep_fixed/cases_zk_256/zk_complete_add_2_bw256_r26_triton.csv --cuda-out CAMERA-READY/h100/sweep_fixed/cases_zk_256/zk_complete_add_2_bw256_r26_cuda.csv --out CAMERA-READY/h100/sweep_fixed/cases_zk_256/zk_complete_add_2_bw256_r26_joined.csv
$ /home/ubuntu/venvs/zkduel-table5/bin/python -u benchmarks/field_sweep/triton_sweep.py --workloads zk_complete_add_2 --rounds 26 --bit-widths 256 --warmups 2 --repeats 10 --seed 1 --timing-mode whole-run --challenge-mode fixed --layout element --point-mode specialized --out CAMERA-READY/h100/sweep_fixed/cases_zk_256/zk_complete_add_2_bw256_r26_triton.csv
zk_complete_add_2        field=p255_bls12_381_scalar        rounds=26 first_ms=582.063 median_ms=475.730 checksum=140202653152965
CAMERA-READY/h100/sweep_fixed/cases_zk_256/zk_complete_add_2_bw256_r26_triton.csv
$ build/field_sumcheck_cuda_fixed --workloads zk_complete_add_2 --rounds 26 --bit-widths 256 --warmups 2 --repeats 10 --seed 1 --timing-mode whole-run --challenge-mode fixed --layout element --point-mode specialized --block 128 --out CAMERA-READY/h100/sweep_fixed/cases_zk_256/zk_complete_add_2_bw256_r26_cuda.csv
zk_complete_add_2 field=p255_bls12_381_scalar rounds=26 first_ms=480.562 median_ms=476.484 checksum=140202653152965
zk_complete_add_2        field=p255_bls12_381_scalar        rounds=26 triton_ms=475.730 cuda_ms=476.484 checksum_match=true speedup=0.998418
CAMERA-READY/h100/sweep_fixed/cases_zk_256/zk_complete_add_2_bw256_r26_joined.csv
ok: zk_complete_add_2_bw256_r26
CAMERA-READY/h100/sweep_fixed/zk_256.csv
$ /home/ubuntu/venvs/zkduel-table5/bin/python -u benchmarks/field_sweep/compare_triton_cuda.py --workloads zk_complete_add_2 --bit-widths 256 --rounds 28 --warmups 2 --repeats 10 --seed 1 --timing-mode whole-run --challenge-mode fixed --layout element --point-mode specialized --block 128 --python /home/ubuntu/venvs/zkduel-table5/bin/python --triton-script benchmarks/field_sweep/triton_sweep.py --cuda-binary build/field_sumcheck_cuda_fixed --skip-build --triton-out CAMERA-READY/h100/sweep_fixed/cases_zk_256/zk_complete_add_2_bw256_r28_triton.csv --cuda-out CAMERA-READY/h100/sweep_fixed/cases_zk_256/zk_complete_add_2_bw256_r28_cuda.csv --out CAMERA-READY/h100/sweep_fixed/cases_zk_256/zk_complete_add_2_bw256_r28_joined.csv
$ /home/ubuntu/venvs/zkduel-table5/bin/python -u benchmarks/field_sweep/triton_sweep.py --workloads zk_complete_add_2 --rounds 28 --bit-widths 256 --warmups 2 --repeats 10 --seed 1 --timing-mode whole-run --challenge-mode fixed --layout element --point-mode specialized --out CAMERA-READY/h100/sweep_fixed/cases_zk_256/zk_complete_add_2_bw256_r28_triton.csv
Traceback (most recent call last):
  File "/home/ubuntu/sumcheck-triton/benchmarks/field_sweep/triton_sweep.py", line 918, in <module>
    raise SystemExit(main())
                     ^^^^^^
  File "/home/ubuntu/sumcheck-triton/benchmarks/field_sweep/triton_sweep.py", line 892, in main
    row = _time_one(
          ^^^^^^^^^^
  File "/home/ubuntu/sumcheck-triton/benchmarks/field_sweep/triton_sweep.py", line 645, in _time_one
    scratch_a = torch.empty_like(tables)
                ^^^^^^^^^^^^^^^^^^^^^^^^
torch.OutOfMemoryError: CUDA out of memory. Tried to allocate 48.00 GiB. GPU 0 has a total capacity of 79.19 GiB of which 30.66 GiB is free. Including non-PyTorch memory, this process has 48.52 GiB memory in use. Of the allocated memory 48.00 GiB is allocated by PyTorch, and 0 bytes is reserved by PyTorch but unallocated. If reserved but unallocated memory is large try setting PYTORCH_CUDA_ALLOC_CONF=expandable_segments:True to avoid fragmentation.  See documentation for Memory Management  (https://docs.pytorch.org/docs/stable/notes/cuda.html#optimizing-memory-usage-with-pytorch-cuda-alloc-conf)
Traceback (most recent call last):
  File "/home/ubuntu/sumcheck-triton/benchmarks/field_sweep/compare_triton_cuda.py", line 252, in <module>
    raise SystemExit(main())
                     ^^^^^^
  File "/home/ubuntu/sumcheck-triton/benchmarks/field_sweep/compare_triton_cuda.py", line 78, in main
    run(
  File "/home/ubuntu/sumcheck-triton/benchmarks/field_sweep/compare_triton_cuda.py", line 22, in run
    subprocess.run(cmd, check=True)
  File "/home/ubuntu/.local/share/uv/python/cpython-3.12.14-linux-x86_64-gnu/lib/python3.12/subprocess.py", line 571, in run
    raise CalledProcessError(retcode, process.args,
subprocess.CalledProcessError: Command '['/home/ubuntu/venvs/zkduel-table5/bin/python', '-u', 'benchmarks/field_sweep/triton_sweep.py', '--workloads', 'zk_complete_add_2', '--rounds', '28', '--bit-widths', '256', '--warmups', '2', '--repeats', '10', '--seed', '1', '--timing-mode', 'whole-run', '--challenge-mode', 'fixed', '--layout', 'element', '--point-mode', 'specialized', '--out', 'CAMERA-READY/h100/sweep_fixed/cases_zk_256/zk_complete_add_2_bw256_r28_triton.csv']' returned non-zero exit status 1.
skipped: zk_complete_add_2_bw256_r28 returncode=1
CAMERA-READY/h100/sweep_fixed/zk_256.csv
$ /home/ubuntu/venvs/zkduel-table5/bin/python -u benchmarks/field_sweep/compare_triton_cuda.py --workloads zk_complete_add_3 --bit-widths 256 --rounds 14 --warmups 2 --repeats 10 --seed 1 --timing-mode whole-run --challenge-mode fixed --layout element --point-mode specialized --block 128 --python /home/ubuntu/venvs/zkduel-table5/bin/python --triton-script benchmarks/field_sweep/triton_sweep.py --cuda-binary build/field_sumcheck_cuda_fixed --skip-build --triton-out CAMERA-READY/h100/sweep_fixed/cases_zk_256/zk_complete_add_3_bw256_r14_triton.csv --cuda-out CAMERA-READY/h100/sweep_fixed/cases_zk_256/zk_complete_add_3_bw256_r14_cuda.csv --out CAMERA-READY/h100/sweep_fixed/cases_zk_256/zk_complete_add_3_bw256_r14_joined.csv
$ /home/ubuntu/venvs/zkduel-table5/bin/python -u benchmarks/field_sweep/triton_sweep.py --workloads zk_complete_add_3 --rounds 14 --bit-widths 256 --warmups 2 --repeats 10 --seed 1 --timing-mode whole-run --challenge-mode fixed --layout element --point-mode specialized --out CAMERA-READY/h100/sweep_fixed/cases_zk_256/zk_complete_add_3_bw256_r14_triton.csv
zk_complete_add_3        field=p255_bls12_381_scalar        rounds=14 first_ms=130.330 median_ms=9.172 checksum=88797481737848
CAMERA-READY/h100/sweep_fixed/cases_zk_256/zk_complete_add_3_bw256_r14_triton.csv
$ build/field_sumcheck_cuda_fixed --workloads zk_complete_add_3 --rounds 14 --bit-widths 256 --warmups 2 --repeats 10 --seed 1 --timing-mode whole-run --challenge-mode fixed --layout element --point-mode specialized --block 128 --out CAMERA-READY/h100/sweep_fixed/cases_zk_256/zk_complete_add_3_bw256_r14_cuda.csv
zk_complete_add_3 field=p255_bls12_381_scalar rounds=14 first_ms=11.9847 median_ms=8.11415 checksum=88797481737848
zk_complete_add_3        field=p255_bls12_381_scalar        rounds=14 triton_ms=9.172 cuda_ms=8.11415 checksum_match=true speedup=1.130371
CAMERA-READY/h100/sweep_fixed/cases_zk_256/zk_complete_add_3_bw256_r14_joined.csv
ok: zk_complete_add_3_bw256_r14
CAMERA-READY/h100/sweep_fixed/zk_256.csv
$ /home/ubuntu/venvs/zkduel-table5/bin/python -u benchmarks/field_sweep/compare_triton_cuda.py --workloads zk_complete_add_3 --bit-widths 256 --rounds 16 --warmups 2 --repeats 10 --seed 1 --timing-mode whole-run --challenge-mode fixed --layout element --point-mode specialized --block 128 --python /home/ubuntu/venvs/zkduel-table5/bin/python --triton-script benchmarks/field_sweep/triton_sweep.py --cuda-binary build/field_sumcheck_cuda_fixed --skip-build --triton-out CAMERA-READY/h100/sweep_fixed/cases_zk_256/zk_complete_add_3_bw256_r16_triton.csv --cuda-out CAMERA-READY/h100/sweep_fixed/cases_zk_256/zk_complete_add_3_bw256_r16_cuda.csv --out CAMERA-READY/h100/sweep_fixed/cases_zk_256/zk_complete_add_3_bw256_r16_joined.csv
$ /home/ubuntu/venvs/zkduel-table5/bin/python -u benchmarks/field_sweep/triton_sweep.py --workloads zk_complete_add_3 --rounds 16 --bit-widths 256 --warmups 2 --repeats 10 --seed 1 --timing-mode whole-run --challenge-mode fixed --layout element --point-mode specialized --out CAMERA-READY/h100/sweep_fixed/cases_zk_256/zk_complete_add_3_bw256_r16_triton.csv
zk_complete_add_3        field=p255_bls12_381_scalar        rounds=16 first_ms=132.045 median_ms=12.039 checksum=101734610166202
CAMERA-READY/h100/sweep_fixed/cases_zk_256/zk_complete_add_3_bw256_r16_triton.csv
$ build/field_sumcheck_cuda_fixed --workloads zk_complete_add_3 --rounds 16 --bit-widths 256 --warmups 2 --repeats 10 --seed 1 --timing-mode whole-run --challenge-mode fixed --layout element --point-mode specialized --block 128 --out CAMERA-READY/h100/sweep_fixed/cases_zk_256/zk_complete_add_3_bw256_r16_cuda.csv
zk_complete_add_3 field=p255_bls12_381_scalar rounds=16 first_ms=13.3901 median_ms=9.50414 checksum=101734610166202
zk_complete_add_3        field=p255_bls12_381_scalar        rounds=16 triton_ms=12.039 cuda_ms=9.50414 checksum_match=true speedup=1.266711
CAMERA-READY/h100/sweep_fixed/cases_zk_256/zk_complete_add_3_bw256_r16_joined.csv
ok: zk_complete_add_3_bw256_r16
CAMERA-READY/h100/sweep_fixed/zk_256.csv
$ /home/ubuntu/venvs/zkduel-table5/bin/python -u benchmarks/field_sweep/compare_triton_cuda.py --workloads zk_complete_add_3 --bit-widths 256 --rounds 18 --warmups 2 --repeats 10 --seed 1 --timing-mode whole-run --challenge-mode fixed --layout element --point-mode specialized --block 128 --python /home/ubuntu/venvs/zkduel-table5/bin/python --triton-script benchmarks/field_sweep/triton_sweep.py --cuda-binary build/field_sumcheck_cuda_fixed --skip-build --triton-out CAMERA-READY/h100/sweep_fixed/cases_zk_256/zk_complete_add_3_bw256_r18_triton.csv --cuda-out CAMERA-READY/h100/sweep_fixed/cases_zk_256/zk_complete_add_3_bw256_r18_cuda.csv --out CAMERA-READY/h100/sweep_fixed/cases_zk_256/zk_complete_add_3_bw256_r18_joined.csv
$ /home/ubuntu/venvs/zkduel-table5/bin/python -u benchmarks/field_sweep/triton_sweep.py --workloads zk_complete_add_3 --rounds 18 --bit-widths 256 --warmups 2 --repeats 10 --seed 1 --timing-mode whole-run --challenge-mode fixed --layout element --point-mode specialized --out CAMERA-READY/h100/sweep_fixed/cases_zk_256/zk_complete_add_3_bw256_r18_triton.csv
zk_complete_add_3        field=p255_bls12_381_scalar        rounds=18 first_ms=133.414 median_ms=14.853 checksum=114214903014043
CAMERA-READY/h100/sweep_fixed/cases_zk_256/zk_complete_add_3_bw256_r18_triton.csv
$ build/field_sumcheck_cuda_fixed --workloads zk_complete_add_3 --rounds 18 --bit-widths 256 --warmups 2 --repeats 10 --seed 1 --timing-mode whole-run --challenge-mode fixed --layout element --point-mode specialized --block 128 --out CAMERA-READY/h100/sweep_fixed/cases_zk_256/zk_complete_add_3_bw256_r18_cuda.csv
zk_complete_add_3 field=p255_bls12_381_scalar rounds=18 first_ms=17.682 median_ms=13.8655 checksum=114214903014043
zk_complete_add_3        field=p255_bls12_381_scalar        rounds=18 triton_ms=14.853 cuda_ms=13.8655 checksum_match=true speedup=1.071220
CAMERA-READY/h100/sweep_fixed/cases_zk_256/zk_complete_add_3_bw256_r18_joined.csv
ok: zk_complete_add_3_bw256_r18
CAMERA-READY/h100/sweep_fixed/zk_256.csv
$ /home/ubuntu/venvs/zkduel-table5/bin/python -u benchmarks/field_sweep/compare_triton_cuda.py --workloads zk_complete_add_3 --bit-widths 256 --rounds 20 --warmups 2 --repeats 10 --seed 1 --timing-mode whole-run --challenge-mode fixed --layout element --point-mode specialized --block 128 --python /home/ubuntu/venvs/zkduel-table5/bin/python --triton-script benchmarks/field_sweep/triton_sweep.py --cuda-binary build/field_sumcheck_cuda_fixed --skip-build --triton-out CAMERA-READY/h100/sweep_fixed/cases_zk_256/zk_complete_add_3_bw256_r20_triton.csv --cuda-out CAMERA-READY/h100/sweep_fixed/cases_zk_256/zk_complete_add_3_bw256_r20_cuda.csv --out CAMERA-READY/h100/sweep_fixed/cases_zk_256/zk_complete_add_3_bw256_r20_joined.csv
$ /home/ubuntu/venvs/zkduel-table5/bin/python -u benchmarks/field_sweep/triton_sweep.py --workloads zk_complete_add_3 --rounds 20 --bit-widths 256 --warmups 2 --repeats 10 --seed 1 --timing-mode whole-run --challenge-mode fixed --layout element --point-mode specialized --out CAMERA-READY/h100/sweep_fixed/cases_zk_256/zk_complete_add_3_bw256_r20_triton.csv
zk_complete_add_3        field=p255_bls12_381_scalar        rounds=20 first_ms=137.860 median_ms=21.715 checksum=120160791891374
CAMERA-READY/h100/sweep_fixed/cases_zk_256/zk_complete_add_3_bw256_r20_triton.csv
$ build/field_sumcheck_cuda_fixed --workloads zk_complete_add_3 --rounds 20 --bit-widths 256 --warmups 2 --repeats 10 --seed 1 --timing-mode whole-run --challenge-mode fixed --layout element --point-mode specialized --block 128 --out CAMERA-READY/h100/sweep_fixed/cases_zk_256/zk_complete_add_3_bw256_r20_cuda.csv
zk_complete_add_3 field=p255_bls12_381_scalar rounds=20 first_ms=27.7658 median_ms=23.9038 checksum=120160791891374
zk_complete_add_3        field=p255_bls12_381_scalar        rounds=20 triton_ms=21.715 cuda_ms=23.9038 checksum_match=true speedup=0.908433
CAMERA-READY/h100/sweep_fixed/cases_zk_256/zk_complete_add_3_bw256_r20_joined.csv
ok: zk_complete_add_3_bw256_r20
CAMERA-READY/h100/sweep_fixed/zk_256.csv
$ /home/ubuntu/venvs/zkduel-table5/bin/python -u benchmarks/field_sweep/compare_triton_cuda.py --workloads zk_complete_add_3 --bit-widths 256 --rounds 22 --warmups 2 --repeats 10 --seed 1 --timing-mode whole-run --challenge-mode fixed --layout element --point-mode specialized --block 128 --python /home/ubuntu/venvs/zkduel-table5/bin/python --triton-script benchmarks/field_sweep/triton_sweep.py --cuda-binary build/field_sumcheck_cuda_fixed --skip-build --triton-out CAMERA-READY/h100/sweep_fixed/cases_zk_256/zk_complete_add_3_bw256_r22_triton.csv --cuda-out CAMERA-READY/h100/sweep_fixed/cases_zk_256/zk_complete_add_3_bw256_r22_cuda.csv --out CAMERA-READY/h100/sweep_fixed/cases_zk_256/zk_complete_add_3_bw256_r22_joined.csv
$ /home/ubuntu/venvs/zkduel-table5/bin/python -u benchmarks/field_sweep/triton_sweep.py --workloads zk_complete_add_3 --rounds 22 --bit-widths 256 --warmups 2 --repeats 10 --seed 1 --timing-mode whole-run --challenge-mode fixed --layout element --point-mode specialized --out CAMERA-READY/h100/sweep_fixed/cases_zk_256/zk_complete_add_3_bw256_r22_triton.csv
zk_complete_add_3        field=p255_bls12_381_scalar        rounds=22 first_ms=162.216 median_ms=43.995 checksum=137872374738592
CAMERA-READY/h100/sweep_fixed/cases_zk_256/zk_complete_add_3_bw256_r22_triton.csv
$ build/field_sumcheck_cuda_fixed --workloads zk_complete_add_3 --rounds 22 --bit-widths 256 --warmups 2 --repeats 10 --seed 1 --timing-mode whole-run --challenge-mode fixed --layout element --point-mode specialized --block 128 --out CAMERA-READY/h100/sweep_fixed/cases_zk_256/zk_complete_add_3_bw256_r22_cuda.csv
zk_complete_add_3 field=p255_bls12_381_scalar rounds=22 first_ms=62.0745 median_ms=58.2053 checksum=137872374738592
zk_complete_add_3        field=p255_bls12_381_scalar        rounds=22 triton_ms=43.995 cuda_ms=58.2053 checksum_match=true speedup=0.755859
CAMERA-READY/h100/sweep_fixed/cases_zk_256/zk_complete_add_3_bw256_r22_joined.csv
ok: zk_complete_add_3_bw256_r22
CAMERA-READY/h100/sweep_fixed/zk_256.csv
$ /home/ubuntu/venvs/zkduel-table5/bin/python -u benchmarks/field_sweep/compare_triton_cuda.py --workloads zk_complete_add_3 --bit-widths 256 --rounds 24 --warmups 2 --repeats 10 --seed 1 --timing-mode whole-run --challenge-mode fixed --layout element --point-mode specialized --block 128 --python /home/ubuntu/venvs/zkduel-table5/bin/python --triton-script benchmarks/field_sweep/triton_sweep.py --cuda-binary build/field_sumcheck_cuda_fixed --skip-build --triton-out CAMERA-READY/h100/sweep_fixed/cases_zk_256/zk_complete_add_3_bw256_r24_triton.csv --cuda-out CAMERA-READY/h100/sweep_fixed/cases_zk_256/zk_complete_add_3_bw256_r24_cuda.csv --out CAMERA-READY/h100/sweep_fixed/cases_zk_256/zk_complete_add_3_bw256_r24_joined.csv
$ /home/ubuntu/venvs/zkduel-table5/bin/python -u benchmarks/field_sweep/triton_sweep.py --workloads zk_complete_add_3 --rounds 24 --bit-widths 256 --warmups 2 --repeats 10 --seed 1 --timing-mode whole-run --challenge-mode fixed --layout element --point-mode specialized --out CAMERA-READY/h100/sweep_fixed/cases_zk_256/zk_complete_add_3_bw256_r24_triton.csv
zk_complete_add_3        field=p255_bls12_381_scalar        rounds=24 first_ms=244.527 median_ms=128.743 checksum=150367795532500
CAMERA-READY/h100/sweep_fixed/cases_zk_256/zk_complete_add_3_bw256_r24_triton.csv
$ build/field_sumcheck_cuda_fixed --workloads zk_complete_add_3 --rounds 24 --bit-widths 256 --warmups 2 --repeats 10 --seed 1 --timing-mode whole-run --challenge-mode fixed --layout element --point-mode specialized --block 128 --out CAMERA-READY/h100/sweep_fixed/cases_zk_256/zk_complete_add_3_bw256_r24_cuda.csv
zk_complete_add_3 field=p255_bls12_381_scalar rounds=24 first_ms=192.777 median_ms=189.088 checksum=150367795532500
zk_complete_add_3        field=p255_bls12_381_scalar        rounds=24 triton_ms=128.743 cuda_ms=189.088 checksum_match=true speedup=0.680863
CAMERA-READY/h100/sweep_fixed/cases_zk_256/zk_complete_add_3_bw256_r24_joined.csv
ok: zk_complete_add_3_bw256_r24
CAMERA-READY/h100/sweep_fixed/zk_256.csv
$ /home/ubuntu/venvs/zkduel-table5/bin/python -u benchmarks/field_sweep/compare_triton_cuda.py --workloads zk_complete_add_3 --bit-widths 256 --rounds 26 --warmups 2 --repeats 10 --seed 1 --timing-mode whole-run --challenge-mode fixed --layout element --point-mode specialized --block 128 --python /home/ubuntu/venvs/zkduel-table5/bin/python --triton-script benchmarks/field_sweep/triton_sweep.py --cuda-binary build/field_sumcheck_cuda_fixed --skip-build --triton-out CAMERA-READY/h100/sweep_fixed/cases_zk_256/zk_complete_add_3_bw256_r26_triton.csv --cuda-out CAMERA-READY/h100/sweep_fixed/cases_zk_256/zk_complete_add_3_bw256_r26_cuda.csv --out CAMERA-READY/h100/sweep_fixed/cases_zk_256/zk_complete_add_3_bw256_r26_joined.csv
$ /home/ubuntu/venvs/zkduel-table5/bin/python -u benchmarks/field_sweep/triton_sweep.py --workloads zk_complete_add_3 --rounds 26 --bit-widths 256 --warmups 2 --repeats 10 --seed 1 --timing-mode whole-run --challenge-mode fixed --layout element --point-mode specialized --out CAMERA-READY/h100/sweep_fixed/cases_zk_256/zk_complete_add_3_bw256_r26_triton.csv
zk_complete_add_3        field=p255_bls12_381_scalar        rounds=26 first_ms=572.199 median_ms=458.079 checksum=159163941599143
CAMERA-READY/h100/sweep_fixed/cases_zk_256/zk_complete_add_3_bw256_r26_triton.csv
$ build/field_sumcheck_cuda_fixed --workloads zk_complete_add_3 --rounds 26 --bit-widths 256 --warmups 2 --repeats 10 --seed 1 --timing-mode whole-run --challenge-mode fixed --layout element --point-mode specialized --block 128 --out CAMERA-READY/h100/sweep_fixed/cases_zk_256/zk_complete_add_3_bw256_r26_cuda.csv
zk_complete_add_3 field=p255_bls12_381_scalar rounds=26 first_ms=711.33 median_ms=704.988 checksum=159163941599143
zk_complete_add_3        field=p255_bls12_381_scalar        rounds=26 triton_ms=458.079 cuda_ms=704.988 checksum_match=true speedup=0.649769
CAMERA-READY/h100/sweep_fixed/cases_zk_256/zk_complete_add_3_bw256_r26_joined.csv
ok: zk_complete_add_3_bw256_r26
CAMERA-READY/h100/sweep_fixed/zk_256.csv
$ /home/ubuntu/venvs/zkduel-table5/bin/python -u benchmarks/field_sweep/compare_triton_cuda.py --workloads zk_complete_add_3 --bit-widths 256 --rounds 28 --warmups 2 --repeats 10 --seed 1 --timing-mode whole-run --challenge-mode fixed --layout element --point-mode specialized --block 128 --python /home/ubuntu/venvs/zkduel-table5/bin/python --triton-script benchmarks/field_sweep/triton_sweep.py --cuda-binary build/field_sumcheck_cuda_fixed --skip-build --triton-out CAMERA-READY/h100/sweep_fixed/cases_zk_256/zk_complete_add_3_bw256_r28_triton.csv --cuda-out CAMERA-READY/h100/sweep_fixed/cases_zk_256/zk_complete_add_3_bw256_r28_cuda.csv --out CAMERA-READY/h100/sweep_fixed/cases_zk_256/zk_complete_add_3_bw256_r28_joined.csv
$ /home/ubuntu/venvs/zkduel-table5/bin/python -u benchmarks/field_sweep/triton_sweep.py --workloads zk_complete_add_3 --rounds 28 --bit-widths 256 --warmups 2 --repeats 10 --seed 1 --timing-mode whole-run --challenge-mode fixed --layout element --point-mode specialized --out CAMERA-READY/h100/sweep_fixed/cases_zk_256/zk_complete_add_3_bw256_r28_triton.csv
Traceback (most recent call last):
  File "/home/ubuntu/sumcheck-triton/benchmarks/field_sweep/triton_sweep.py", line 918, in <module>
    raise SystemExit(main())
                     ^^^^^^
  File "/home/ubuntu/sumcheck-triton/benchmarks/field_sweep/triton_sweep.py", line 892, in main
    row = _time_one(
          ^^^^^^^^^^
  File "/home/ubuntu/sumcheck-triton/benchmarks/field_sweep/triton_sweep.py", line 645, in _time_one
    scratch_a = torch.empty_like(tables)
                ^^^^^^^^^^^^^^^^^^^^^^^^
torch.OutOfMemoryError: CUDA out of memory. Tried to allocate 40.00 GiB. GPU 0 has a total capacity of 79.19 GiB of which 38.66 GiB is free. Including non-PyTorch memory, this process has 40.52 GiB memory in use. Of the allocated memory 40.00 GiB is allocated by PyTorch, and 0 bytes is reserved by PyTorch but unallocated. If reserved but unallocated memory is large try setting PYTORCH_CUDA_ALLOC_CONF=expandable_segments:True to avoid fragmentation.  See documentation for Memory Management  (https://docs.pytorch.org/docs/stable/notes/cuda.html#optimizing-memory-usage-with-pytorch-cuda-alloc-conf)
Traceback (most recent call last):
  File "/home/ubuntu/sumcheck-triton/benchmarks/field_sweep/compare_triton_cuda.py", line 252, in <module>
    raise SystemExit(main())
                     ^^^^^^
  File "/home/ubuntu/sumcheck-triton/benchmarks/field_sweep/compare_triton_cuda.py", line 78, in main
    run(
  File "/home/ubuntu/sumcheck-triton/benchmarks/field_sweep/compare_triton_cuda.py", line 22, in run
    subprocess.run(cmd, check=True)
  File "/home/ubuntu/.local/share/uv/python/cpython-3.12.14-linux-x86_64-gnu/lib/python3.12/subprocess.py", line 571, in run
    raise CalledProcessError(retcode, process.args,
subprocess.CalledProcessError: Command '['/home/ubuntu/venvs/zkduel-table5/bin/python', '-u', 'benchmarks/field_sweep/triton_sweep.py', '--workloads', 'zk_complete_add_3', '--rounds', '28', '--bit-widths', '256', '--warmups', '2', '--repeats', '10', '--seed', '1', '--timing-mode', 'whole-run', '--challenge-mode', 'fixed', '--layout', 'element', '--point-mode', 'specialized', '--out', 'CAMERA-READY/h100/sweep_fixed/cases_zk_256/zk_complete_add_3_bw256_r28_triton.csv']' returned non-zero exit status 1.
skipped: zk_complete_add_3_bw256_r28 returncode=1
CAMERA-READY/h100/sweep_fixed/zk_256.csv
$ /home/ubuntu/venvs/zkduel-table5/bin/python -u benchmarks/field_sweep/compare_triton_cuda.py --workloads zk_complete_add_4 --bit-widths 256 --rounds 14 --warmups 2 --repeats 10 --seed 1 --timing-mode whole-run --challenge-mode fixed --layout element --point-mode specialized --block 128 --python /home/ubuntu/venvs/zkduel-table5/bin/python --triton-script benchmarks/field_sweep/triton_sweep.py --cuda-binary build/field_sumcheck_cuda_fixed --skip-build --triton-out CAMERA-READY/h100/sweep_fixed/cases_zk_256/zk_complete_add_4_bw256_r14_triton.csv --cuda-out CAMERA-READY/h100/sweep_fixed/cases_zk_256/zk_complete_add_4_bw256_r14_cuda.csv --out CAMERA-READY/h100/sweep_fixed/cases_zk_256/zk_complete_add_4_bw256_r14_joined.csv
$ /home/ubuntu/venvs/zkduel-table5/bin/python -u benchmarks/field_sweep/triton_sweep.py --workloads zk_complete_add_4 --rounds 14 --bit-widths 256 --warmups 2 --repeats 10 --seed 1 --timing-mode whole-run --challenge-mode fixed --layout element --point-mode specialized --out CAMERA-READY/h100/sweep_fixed/cases_zk_256/zk_complete_add_4_bw256_r14_triton.csv
zk_complete_add_4        field=p255_bls12_381_scalar        rounds=14 first_ms=138.325 median_ms=9.809 checksum=85363839205866
CAMERA-READY/h100/sweep_fixed/cases_zk_256/zk_complete_add_4_bw256_r14_triton.csv
$ build/field_sumcheck_cuda_fixed --workloads zk_complete_add_4 --rounds 14 --bit-widths 256 --warmups 2 --repeats 10 --seed 1 --timing-mode whole-run --challenge-mode fixed --layout element --point-mode specialized --block 128 --out CAMERA-READY/h100/sweep_fixed/cases_zk_256/zk_complete_add_4_bw256_r14_cuda.csv
zk_complete_add_4 field=p255_bls12_381_scalar rounds=14 first_ms=12.8682 median_ms=8.72313 checksum=85363839205866
zk_complete_add_4        field=p255_bls12_381_scalar        rounds=14 triton_ms=9.809 cuda_ms=8.72313 checksum_match=true speedup=1.124482
CAMERA-READY/h100/sweep_fixed/cases_zk_256/zk_complete_add_4_bw256_r14_joined.csv
ok: zk_complete_add_4_bw256_r14
CAMERA-READY/h100/sweep_fixed/zk_256.csv
$ /home/ubuntu/venvs/zkduel-table5/bin/python -u benchmarks/field_sweep/compare_triton_cuda.py --workloads zk_complete_add_4 --bit-widths 256 --rounds 16 --warmups 2 --repeats 10 --seed 1 --timing-mode whole-run --challenge-mode fixed --layout element --point-mode specialized --block 128 --python /home/ubuntu/venvs/zkduel-table5/bin/python --triton-script benchmarks/field_sweep/triton_sweep.py --cuda-binary build/field_sumcheck_cuda_fixed --skip-build --triton-out CAMERA-READY/h100/sweep_fixed/cases_zk_256/zk_complete_add_4_bw256_r16_triton.csv --cuda-out CAMERA-READY/h100/sweep_fixed/cases_zk_256/zk_complete_add_4_bw256_r16_cuda.csv --out CAMERA-READY/h100/sweep_fixed/cases_zk_256/zk_complete_add_4_bw256_r16_joined.csv
$ /home/ubuntu/venvs/zkduel-table5/bin/python -u benchmarks/field_sweep/triton_sweep.py --workloads zk_complete_add_4 --rounds 16 --bit-widths 256 --warmups 2 --repeats 10 --seed 1 --timing-mode whole-run --challenge-mode fixed --layout element --point-mode specialized --out CAMERA-READY/h100/sweep_fixed/cases_zk_256/zk_complete_add_4_bw256_r16_triton.csv
zk_complete_add_4        field=p255_bls12_381_scalar        rounds=16 first_ms=145.249 median_ms=12.197 checksum=99402341339652
CAMERA-READY/h100/sweep_fixed/cases_zk_256/zk_complete_add_4_bw256_r16_triton.csv
$ build/field_sumcheck_cuda_fixed --workloads zk_complete_add_4 --rounds 16 --bit-widths 256 --warmups 2 --repeats 10 --seed 1 --timing-mode whole-run --challenge-mode fixed --layout element --point-mode specialized --block 128 --out CAMERA-READY/h100/sweep_fixed/cases_zk_256/zk_complete_add_4_bw256_r16_cuda.csv
zk_complete_add_4 field=p255_bls12_381_scalar rounds=16 first_ms=14.4384 median_ms=10.2675 checksum=99402341339652
zk_complete_add_4        field=p255_bls12_381_scalar        rounds=16 triton_ms=12.197 cuda_ms=10.2675 checksum_match=true speedup=1.187923
CAMERA-READY/h100/sweep_fixed/cases_zk_256/zk_complete_add_4_bw256_r16_joined.csv
ok: zk_complete_add_4_bw256_r16
CAMERA-READY/h100/sweep_fixed/zk_256.csv
$ /home/ubuntu/venvs/zkduel-table5/bin/python -u benchmarks/field_sweep/compare_triton_cuda.py --workloads zk_complete_add_4 --bit-widths 256 --rounds 18 --warmups 2 --repeats 10 --seed 1 --timing-mode whole-run --challenge-mode fixed --layout element --point-mode specialized --block 128 --python /home/ubuntu/venvs/zkduel-table5/bin/python --triton-script benchmarks/field_sweep/triton_sweep.py --cuda-binary build/field_sumcheck_cuda_fixed --skip-build --triton-out CAMERA-READY/h100/sweep_fixed/cases_zk_256/zk_complete_add_4_bw256_r18_triton.csv --cuda-out CAMERA-READY/h100/sweep_fixed/cases_zk_256/zk_complete_add_4_bw256_r18_cuda.csv --out CAMERA-READY/h100/sweep_fixed/cases_zk_256/zk_complete_add_4_bw256_r18_joined.csv
$ /home/ubuntu/venvs/zkduel-table5/bin/python -u benchmarks/field_sweep/triton_sweep.py --workloads zk_complete_add_4 --rounds 18 --bit-widths 256 --warmups 2 --repeats 10 --seed 1 --timing-mode whole-run --challenge-mode fixed --layout element --point-mode specialized --out CAMERA-READY/h100/sweep_fixed/cases_zk_256/zk_complete_add_4_bw256_r18_triton.csv
zk_complete_add_4        field=p255_bls12_381_scalar        rounds=18 first_ms=145.692 median_ms=15.997 checksum=111153967057471
CAMERA-READY/h100/sweep_fixed/cases_zk_256/zk_complete_add_4_bw256_r18_triton.csv
$ build/field_sumcheck_cuda_fixed --workloads zk_complete_add_4 --rounds 18 --bit-widths 256 --warmups 2 --repeats 10 --seed 1 --timing-mode whole-run --challenge-mode fixed --layout element --point-mode specialized --block 128 --out CAMERA-READY/h100/sweep_fixed/cases_zk_256/zk_complete_add_4_bw256_r18_cuda.csv
zk_complete_add_4 field=p255_bls12_381_scalar rounds=18 first_ms=19.4198 median_ms=15.3273 checksum=111153967057471
zk_complete_add_4        field=p255_bls12_381_scalar        rounds=18 triton_ms=15.997 cuda_ms=15.3273 checksum_match=true speedup=1.043693
CAMERA-READY/h100/sweep_fixed/cases_zk_256/zk_complete_add_4_bw256_r18_joined.csv
ok: zk_complete_add_4_bw256_r18
CAMERA-READY/h100/sweep_fixed/zk_256.csv
$ /home/ubuntu/venvs/zkduel-table5/bin/python -u benchmarks/field_sweep/compare_triton_cuda.py --workloads zk_complete_add_4 --bit-widths 256 --rounds 20 --warmups 2 --repeats 10 --seed 1 --timing-mode whole-run --challenge-mode fixed --layout element --point-mode specialized --block 128 --python /home/ubuntu/venvs/zkduel-table5/bin/python --triton-script benchmarks/field_sweep/triton_sweep.py --cuda-binary build/field_sumcheck_cuda_fixed --skip-build --triton-out CAMERA-READY/h100/sweep_fixed/cases_zk_256/zk_complete_add_4_bw256_r20_triton.csv --cuda-out CAMERA-READY/h100/sweep_fixed/cases_zk_256/zk_complete_add_4_bw256_r20_cuda.csv --out CAMERA-READY/h100/sweep_fixed/cases_zk_256/zk_complete_add_4_bw256_r20_joined.csv
$ /home/ubuntu/venvs/zkduel-table5/bin/python -u benchmarks/field_sweep/triton_sweep.py --workloads zk_complete_add_4 --rounds 20 --bit-widths 256 --warmups 2 --repeats 10 --seed 1 --timing-mode whole-run --challenge-mode fixed --layout element --point-mode specialized --out CAMERA-READY/h100/sweep_fixed/cases_zk_256/zk_complete_add_4_bw256_r20_triton.csv
zk_complete_add_4        field=p255_bls12_381_scalar        rounds=20 first_ms=154.519 median_ms=25.022 checksum=121398054755575
CAMERA-READY/h100/sweep_fixed/cases_zk_256/zk_complete_add_4_bw256_r20_triton.csv
$ build/field_sumcheck_cuda_fixed --workloads zk_complete_add_4 --rounds 20 --bit-widths 256 --warmups 2 --repeats 10 --seed 1 --timing-mode whole-run --challenge-mode fixed --layout element --point-mode specialized --block 128 --out CAMERA-READY/h100/sweep_fixed/cases_zk_256/zk_complete_add_4_bw256_r20_cuda.csv
zk_complete_add_4 field=p255_bls12_381_scalar rounds=20 first_ms=30.6971 median_ms=26.6338 checksum=121398054755575
zk_complete_add_4        field=p255_bls12_381_scalar        rounds=20 triton_ms=25.022 cuda_ms=26.6338 checksum_match=true speedup=0.939483
CAMERA-READY/h100/sweep_fixed/cases_zk_256/zk_complete_add_4_bw256_r20_joined.csv
ok: zk_complete_add_4_bw256_r20
CAMERA-READY/h100/sweep_fixed/zk_256.csv
$ /home/ubuntu/venvs/zkduel-table5/bin/python -u benchmarks/field_sweep/compare_triton_cuda.py --workloads zk_complete_add_4 --bit-widths 256 --rounds 22 --warmups 2 --repeats 10 --seed 1 --timing-mode whole-run --challenge-mode fixed --layout element --point-mode specialized --block 128 --python /home/ubuntu/venvs/zkduel-table5/bin/python --triton-script benchmarks/field_sweep/triton_sweep.py --cuda-binary build/field_sumcheck_cuda_fixed --skip-build --triton-out CAMERA-READY/h100/sweep_fixed/cases_zk_256/zk_complete_add_4_bw256_r22_triton.csv --cuda-out CAMERA-READY/h100/sweep_fixed/cases_zk_256/zk_complete_add_4_bw256_r22_cuda.csv --out CAMERA-READY/h100/sweep_fixed/cases_zk_256/zk_complete_add_4_bw256_r22_joined.csv
$ /home/ubuntu/venvs/zkduel-table5/bin/python -u benchmarks/field_sweep/triton_sweep.py --workloads zk_complete_add_4 --rounds 22 --bit-widths 256 --warmups 2 --repeats 10 --seed 1 --timing-mode whole-run --challenge-mode fixed --layout element --point-mode specialized --out CAMERA-READY/h100/sweep_fixed/cases_zk_256/zk_complete_add_4_bw256_r22_triton.csv
zk_complete_add_4        field=p255_bls12_381_scalar        rounds=22 first_ms=182.919 median_ms=57.033 checksum=134702806634552
CAMERA-READY/h100/sweep_fixed/cases_zk_256/zk_complete_add_4_bw256_r22_triton.csv
$ build/field_sumcheck_cuda_fixed --workloads zk_complete_add_4 --rounds 22 --bit-widths 256 --warmups 2 --repeats 10 --seed 1 --timing-mode whole-run --challenge-mode fixed --layout element --point-mode specialized --block 128 --out CAMERA-READY/h100/sweep_fixed/cases_zk_256/zk_complete_add_4_bw256_r22_cuda.csv
zk_complete_add_4 field=p255_bls12_381_scalar rounds=22 first_ms=70.5082 median_ms=66.3129 checksum=134702806634552
zk_complete_add_4        field=p255_bls12_381_scalar        rounds=22 triton_ms=57.033 cuda_ms=66.3129 checksum_match=true speedup=0.860059
CAMERA-READY/h100/sweep_fixed/cases_zk_256/zk_complete_add_4_bw256_r22_joined.csv
ok: zk_complete_add_4_bw256_r22
CAMERA-READY/h100/sweep_fixed/zk_256.csv
$ /home/ubuntu/venvs/zkduel-table5/bin/python -u benchmarks/field_sweep/compare_triton_cuda.py --workloads zk_complete_add_4 --bit-widths 256 --rounds 24 --warmups 2 --repeats 10 --seed 1 --timing-mode whole-run --challenge-mode fixed --layout element --point-mode specialized --block 128 --python /home/ubuntu/venvs/zkduel-table5/bin/python --triton-script benchmarks/field_sweep/triton_sweep.py --cuda-binary build/field_sumcheck_cuda_fixed --skip-build --triton-out CAMERA-READY/h100/sweep_fixed/cases_zk_256/zk_complete_add_4_bw256_r24_triton.csv --cuda-out CAMERA-READY/h100/sweep_fixed/cases_zk_256/zk_complete_add_4_bw256_r24_cuda.csv --out CAMERA-READY/h100/sweep_fixed/cases_zk_256/zk_complete_add_4_bw256_r24_joined.csv
$ /home/ubuntu/venvs/zkduel-table5/bin/python -u benchmarks/field_sweep/triton_sweep.py --workloads zk_complete_add_4 --rounds 24 --bit-widths 256 --warmups 2 --repeats 10 --seed 1 --timing-mode whole-run --challenge-mode fixed --layout element --point-mode specialized --out CAMERA-READY/h100/sweep_fixed/cases_zk_256/zk_complete_add_4_bw256_r24_triton.csv
zk_complete_add_4        field=p255_bls12_381_scalar        rounds=24 first_ms=304.273 median_ms=179.967 checksum=148874151811255
CAMERA-READY/h100/sweep_fixed/cases_zk_256/zk_complete_add_4_bw256_r24_triton.csv
$ build/field_sumcheck_cuda_fixed --workloads zk_complete_add_4 --rounds 24 --bit-widths 256 --warmups 2 --repeats 10 --seed 1 --timing-mode whole-run --challenge-mode fixed --layout element --point-mode specialized --block 128 --out CAMERA-READY/h100/sweep_fixed/cases_zk_256/zk_complete_add_4_bw256_r24_cuda.csv
zk_complete_add_4 field=p255_bls12_381_scalar rounds=24 first_ms=224.743 median_ms=220.781 checksum=148874151811255
zk_complete_add_4        field=p255_bls12_381_scalar        rounds=24 triton_ms=179.967 cuda_ms=220.781 checksum_match=true speedup=0.815138
CAMERA-READY/h100/sweep_fixed/cases_zk_256/zk_complete_add_4_bw256_r24_joined.csv
ok: zk_complete_add_4_bw256_r24
CAMERA-READY/h100/sweep_fixed/zk_256.csv
$ /home/ubuntu/venvs/zkduel-table5/bin/python -u benchmarks/field_sweep/compare_triton_cuda.py --workloads zk_complete_add_4 --bit-widths 256 --rounds 26 --warmups 2 --repeats 10 --seed 1 --timing-mode whole-run --challenge-mode fixed --layout element --point-mode specialized --block 128 --python /home/ubuntu/venvs/zkduel-table5/bin/python --triton-script benchmarks/field_sweep/triton_sweep.py --cuda-binary build/field_sumcheck_cuda_fixed --skip-build --triton-out CAMERA-READY/h100/sweep_fixed/cases_zk_256/zk_complete_add_4_bw256_r26_triton.csv --cuda-out CAMERA-READY/h100/sweep_fixed/cases_zk_256/zk_complete_add_4_bw256_r26_cuda.csv --out CAMERA-READY/h100/sweep_fixed/cases_zk_256/zk_complete_add_4_bw256_r26_joined.csv
$ /home/ubuntu/venvs/zkduel-table5/bin/python -u benchmarks/field_sweep/triton_sweep.py --workloads zk_complete_add_4 --rounds 26 --bit-widths 256 --warmups 2 --repeats 10 --seed 1 --timing-mode whole-run --challenge-mode fixed --layout element --point-mode specialized --out CAMERA-READY/h100/sweep_fixed/cases_zk_256/zk_complete_add_4_bw256_r26_triton.csv
zk_complete_add_4        field=p255_bls12_381_scalar        rounds=26 first_ms=792.945 median_ms=661.598 checksum=162310316388649
CAMERA-READY/h100/sweep_fixed/cases_zk_256/zk_complete_add_4_bw256_r26_triton.csv
$ build/field_sumcheck_cuda_fixed --workloads zk_complete_add_4 --rounds 26 --bit-widths 256 --warmups 2 --repeats 10 --seed 1 --timing-mode whole-run --challenge-mode fixed --layout element --point-mode specialized --block 128 --out CAMERA-READY/h100/sweep_fixed/cases_zk_256/zk_complete_add_4_bw256_r26_cuda.csv
zk_complete_add_4 field=p255_bls12_381_scalar rounds=26 first_ms=873.95 median_ms=823.524 checksum=162310316388649
zk_complete_add_4        field=p255_bls12_381_scalar        rounds=26 triton_ms=661.598 cuda_ms=823.524 checksum_match=true speedup=0.803374
CAMERA-READY/h100/sweep_fixed/cases_zk_256/zk_complete_add_4_bw256_r26_joined.csv
ok: zk_complete_add_4_bw256_r26
CAMERA-READY/h100/sweep_fixed/zk_256.csv
$ /home/ubuntu/venvs/zkduel-table5/bin/python -u benchmarks/field_sweep/compare_triton_cuda.py --workloads zk_complete_add_4 --bit-widths 256 --rounds 28 --warmups 2 --repeats 10 --seed 1 --timing-mode whole-run --challenge-mode fixed --layout element --point-mode specialized --block 128 --python /home/ubuntu/venvs/zkduel-table5/bin/python --triton-script benchmarks/field_sweep/triton_sweep.py --cuda-binary build/field_sumcheck_cuda_fixed --skip-build --triton-out CAMERA-READY/h100/sweep_fixed/cases_zk_256/zk_complete_add_4_bw256_r28_triton.csv --cuda-out CAMERA-READY/h100/sweep_fixed/cases_zk_256/zk_complete_add_4_bw256_r28_cuda.csv --out CAMERA-READY/h100/sweep_fixed/cases_zk_256/zk_complete_add_4_bw256_r28_joined.csv
$ /home/ubuntu/venvs/zkduel-table5/bin/python -u benchmarks/field_sweep/triton_sweep.py --workloads zk_complete_add_4 --rounds 28 --bit-widths 256 --warmups 2 --repeats 10 --seed 1 --timing-mode whole-run --challenge-mode fixed --layout element --point-mode specialized --out CAMERA-READY/h100/sweep_fixed/cases_zk_256/zk_complete_add_4_bw256_r28_triton.csv
Traceback (most recent call last):
  File "/home/ubuntu/sumcheck-triton/benchmarks/field_sweep/triton_sweep.py", line 918, in <module>
    raise SystemExit(main())
                     ^^^^^^
  File "/home/ubuntu/sumcheck-triton/benchmarks/field_sweep/triton_sweep.py", line 892, in main
    row = _time_one(
          ^^^^^^^^^^
  File "/home/ubuntu/sumcheck-triton/benchmarks/field_sweep/triton_sweep.py", line 645, in _time_one
    scratch_a = torch.empty_like(tables)
                ^^^^^^^^^^^^^^^^^^^^^^^^
torch.OutOfMemoryError: CUDA out of memory. Tried to allocate 56.00 GiB. GPU 0 has a total capacity of 79.19 GiB of which 22.66 GiB is free. Including non-PyTorch memory, this process has 56.52 GiB memory in use. Of the allocated memory 56.00 GiB is allocated by PyTorch, and 0 bytes is reserved by PyTorch but unallocated. If reserved but unallocated memory is large try setting PYTORCH_CUDA_ALLOC_CONF=expandable_segments:True to avoid fragmentation.  See documentation for Memory Management  (https://docs.pytorch.org/docs/stable/notes/cuda.html#optimizing-memory-usage-with-pytorch-cuda-alloc-conf)
Traceback (most recent call last):
  File "/home/ubuntu/sumcheck-triton/benchmarks/field_sweep/compare_triton_cuda.py", line 252, in <module>
    raise SystemExit(main())
                     ^^^^^^
  File "/home/ubuntu/sumcheck-triton/benchmarks/field_sweep/compare_triton_cuda.py", line 78, in main
    run(
  File "/home/ubuntu/sumcheck-triton/benchmarks/field_sweep/compare_triton_cuda.py", line 22, in run
    subprocess.run(cmd, check=True)
  File "/home/ubuntu/.local/share/uv/python/cpython-3.12.14-linux-x86_64-gnu/lib/python3.12/subprocess.py", line 571, in run
    raise CalledProcessError(retcode, process.args,
subprocess.CalledProcessError: Command '['/home/ubuntu/venvs/zkduel-table5/bin/python', '-u', 'benchmarks/field_sweep/triton_sweep.py', '--workloads', 'zk_complete_add_4', '--rounds', '28', '--bit-widths', '256', '--warmups', '2', '--repeats', '10', '--seed', '1', '--timing-mode', 'whole-run', '--challenge-mode', 'fixed', '--layout', 'element', '--point-mode', 'specialized', '--out', 'CAMERA-READY/h100/sweep_fixed/cases_zk_256/zk_complete_add_4_bw256_r28_triton.csv']' returned non-zero exit status 1.
skipped: zk_complete_add_4_bw256_r28 returncode=1
CAMERA-READY/h100/sweep_fixed/zk_256.csv
$ /home/ubuntu/venvs/zkduel-table5/bin/python -u benchmarks/field_sweep/compare_triton_cuda.py --workloads zk_complete_add_5 --bit-widths 256 --rounds 14 --warmups 2 --repeats 10 --seed 1 --timing-mode whole-run --challenge-mode fixed --layout element --point-mode specialized --block 128 --python /home/ubuntu/venvs/zkduel-table5/bin/python --triton-script benchmarks/field_sweep/triton_sweep.py --cuda-binary build/field_sumcheck_cuda_fixed --skip-build --triton-out CAMERA-READY/h100/sweep_fixed/cases_zk_256/zk_complete_add_5_bw256_r14_triton.csv --cuda-out CAMERA-READY/h100/sweep_fixed/cases_zk_256/zk_complete_add_5_bw256_r14_cuda.csv --out CAMERA-READY/h100/sweep_fixed/cases_zk_256/zk_complete_add_5_bw256_r14_joined.csv
$ /home/ubuntu/venvs/zkduel-table5/bin/python -u benchmarks/field_sweep/triton_sweep.py --workloads zk_complete_add_5 --rounds 14 --bit-widths 256 --warmups 2 --repeats 10 --seed 1 --timing-mode whole-run --challenge-mode fixed --layout element --point-mode specialized --out CAMERA-READY/h100/sweep_fixed/cases_zk_256/zk_complete_add_5_bw256_r14_triton.csv
zk_complete_add_5        field=p255_bls12_381_scalar        rounds=14 first_ms=136.882 median_ms=9.441 checksum=87497088361527
CAMERA-READY/h100/sweep_fixed/cases_zk_256/zk_complete_add_5_bw256_r14_triton.csv
$ build/field_sumcheck_cuda_fixed --workloads zk_complete_add_5 --rounds 14 --bit-widths 256 --warmups 2 --repeats 10 --seed 1 --timing-mode whole-run --challenge-mode fixed --layout element --point-mode specialized --block 128 --out CAMERA-READY/h100/sweep_fixed/cases_zk_256/zk_complete_add_5_bw256_r14_cuda.csv
zk_complete_add_5 field=p255_bls12_381_scalar rounds=14 first_ms=12.3357 median_ms=8.38978 checksum=87497088361527
zk_complete_add_5        field=p255_bls12_381_scalar        rounds=14 triton_ms=9.441 cuda_ms=8.38978 checksum_match=true speedup=1.125298
CAMERA-READY/h100/sweep_fixed/cases_zk_256/zk_complete_add_5_bw256_r14_joined.csv
ok: zk_complete_add_5_bw256_r14
CAMERA-READY/h100/sweep_fixed/zk_256.csv
$ /home/ubuntu/venvs/zkduel-table5/bin/python -u benchmarks/field_sweep/compare_triton_cuda.py --workloads zk_complete_add_5 --bit-widths 256 --rounds 16 --warmups 2 --repeats 10 --seed 1 --timing-mode whole-run --challenge-mode fixed --layout element --point-mode specialized --block 128 --python /home/ubuntu/venvs/zkduel-table5/bin/python --triton-script benchmarks/field_sweep/triton_sweep.py --cuda-binary build/field_sumcheck_cuda_fixed --skip-build --triton-out CAMERA-READY/h100/sweep_fixed/cases_zk_256/zk_complete_add_5_bw256_r16_triton.csv --cuda-out CAMERA-READY/h100/sweep_fixed/cases_zk_256/zk_complete_add_5_bw256_r16_cuda.csv --out CAMERA-READY/h100/sweep_fixed/cases_zk_256/zk_complete_add_5_bw256_r16_joined.csv
$ /home/ubuntu/venvs/zkduel-table5/bin/python -u benchmarks/field_sweep/triton_sweep.py --workloads zk_complete_add_5 --rounds 16 --bit-widths 256 --warmups 2 --repeats 10 --seed 1 --timing-mode whole-run --challenge-mode fixed --layout element --point-mode specialized --out CAMERA-READY/h100/sweep_fixed/cases_zk_256/zk_complete_add_5_bw256_r16_triton.csv
zk_complete_add_5        field=p255_bls12_381_scalar        rounds=16 first_ms=139.094 median_ms=12.113 checksum=96997994124720
CAMERA-READY/h100/sweep_fixed/cases_zk_256/zk_complete_add_5_bw256_r16_triton.csv
$ build/field_sumcheck_cuda_fixed --workloads zk_complete_add_5 --rounds 16 --bit-widths 256 --warmups 2 --repeats 10 --seed 1 --timing-mode whole-run --challenge-mode fixed --layout element --point-mode specialized --block 128 --out CAMERA-READY/h100/sweep_fixed/cases_zk_256/zk_complete_add_5_bw256_r16_cuda.csv
zk_complete_add_5 field=p255_bls12_381_scalar rounds=16 first_ms=13.8536 median_ms=9.89488 checksum=96997994124720
zk_complete_add_5        field=p255_bls12_381_scalar        rounds=16 triton_ms=12.113 cuda_ms=9.89488 checksum_match=true speedup=1.224168
CAMERA-READY/h100/sweep_fixed/cases_zk_256/zk_complete_add_5_bw256_r16_joined.csv
ok: zk_complete_add_5_bw256_r16
CAMERA-READY/h100/sweep_fixed/zk_256.csv
$ /home/ubuntu/venvs/zkduel-table5/bin/python -u benchmarks/field_sweep/compare_triton_cuda.py --workloads zk_complete_add_5 --bit-widths 256 --rounds 18 --warmups 2 --repeats 10 --seed 1 --timing-mode whole-run --challenge-mode fixed --layout element --point-mode specialized --block 128 --python /home/ubuntu/venvs/zkduel-table5/bin/python --triton-script benchmarks/field_sweep/triton_sweep.py --cuda-binary build/field_sumcheck_cuda_fixed --skip-build --triton-out CAMERA-READY/h100/sweep_fixed/cases_zk_256/zk_complete_add_5_bw256_r18_triton.csv --cuda-out CAMERA-READY/h100/sweep_fixed/cases_zk_256/zk_complete_add_5_bw256_r18_cuda.csv --out CAMERA-READY/h100/sweep_fixed/cases_zk_256/zk_complete_add_5_bw256_r18_joined.csv
$ /home/ubuntu/venvs/zkduel-table5/bin/python -u benchmarks/field_sweep/triton_sweep.py --workloads zk_complete_add_5 --rounds 18 --bit-widths 256 --warmups 2 --repeats 10 --seed 1 --timing-mode whole-run --challenge-mode fixed --layout element --point-mode specialized --out CAMERA-READY/h100/sweep_fixed/cases_zk_256/zk_complete_add_5_bw256_r18_triton.csv
zk_complete_add_5        field=p255_bls12_381_scalar        rounds=18 first_ms=145.314 median_ms=15.574 checksum=109980672794889
CAMERA-READY/h100/sweep_fixed/cases_zk_256/zk_complete_add_5_bw256_r18_triton.csv
$ build/field_sumcheck_cuda_fixed --workloads zk_complete_add_5 --rounds 18 --bit-widths 256 --warmups 2 --repeats 10 --seed 1 --timing-mode whole-run --challenge-mode fixed --layout element --point-mode specialized --block 128 --out CAMERA-READY/h100/sweep_fixed/cases_zk_256/zk_complete_add_5_bw256_r18_cuda.csv
zk_complete_add_5 field=p255_bls12_381_scalar rounds=18 first_ms=18.3153 median_ms=14.4958 checksum=109980672794889
zk_complete_add_5        field=p255_bls12_381_scalar        rounds=18 triton_ms=15.574 cuda_ms=14.4958 checksum_match=true speedup=1.074380
CAMERA-READY/h100/sweep_fixed/cases_zk_256/zk_complete_add_5_bw256_r18_joined.csv
ok: zk_complete_add_5_bw256_r18
CAMERA-READY/h100/sweep_fixed/zk_256.csv
$ /home/ubuntu/venvs/zkduel-table5/bin/python -u benchmarks/field_sweep/compare_triton_cuda.py --workloads zk_complete_add_5 --bit-widths 256 --rounds 20 --warmups 2 --repeats 10 --seed 1 --timing-mode whole-run --challenge-mode fixed --layout element --point-mode specialized --block 128 --python /home/ubuntu/venvs/zkduel-table5/bin/python --triton-script benchmarks/field_sweep/triton_sweep.py --cuda-binary build/field_sumcheck_cuda_fixed --skip-build --triton-out CAMERA-READY/h100/sweep_fixed/cases_zk_256/zk_complete_add_5_bw256_r20_triton.csv --cuda-out CAMERA-READY/h100/sweep_fixed/cases_zk_256/zk_complete_add_5_bw256_r20_cuda.csv --out CAMERA-READY/h100/sweep_fixed/cases_zk_256/zk_complete_add_5_bw256_r20_joined.csv
$ /home/ubuntu/venvs/zkduel-table5/bin/python -u benchmarks/field_sweep/triton_sweep.py --workloads zk_complete_add_5 --rounds 20 --bit-widths 256 --warmups 2 --repeats 10 --seed 1 --timing-mode whole-run --challenge-mode fixed --layout element --point-mode specialized --out CAMERA-READY/h100/sweep_fixed/cases_zk_256/zk_complete_add_5_bw256_r20_triton.csv
zk_complete_add_5        field=p255_bls12_381_scalar        rounds=20 first_ms=151.471 median_ms=24.723 checksum=123320185658891
CAMERA-READY/h100/sweep_fixed/cases_zk_256/zk_complete_add_5_bw256_r20_triton.csv
$ build/field_sumcheck_cuda_fixed --workloads zk_complete_add_5 --rounds 20 --bit-widths 256 --warmups 2 --repeats 10 --seed 1 --timing-mode whole-run --challenge-mode fixed --layout element --point-mode specialized --block 128 --out CAMERA-READY/h100/sweep_fixed/cases_zk_256/zk_complete_add_5_bw256_r20_cuda.csv
zk_complete_add_5 field=p255_bls12_381_scalar rounds=20 first_ms=29.6072 median_ms=25.7389 checksum=123320185658891
zk_complete_add_5        field=p255_bls12_381_scalar        rounds=20 triton_ms=24.723 cuda_ms=25.7389 checksum_match=true speedup=0.960531
CAMERA-READY/h100/sweep_fixed/cases_zk_256/zk_complete_add_5_bw256_r20_joined.csv
ok: zk_complete_add_5_bw256_r20
CAMERA-READY/h100/sweep_fixed/zk_256.csv
$ /home/ubuntu/venvs/zkduel-table5/bin/python -u benchmarks/field_sweep/compare_triton_cuda.py --workloads zk_complete_add_5 --bit-widths 256 --rounds 22 --warmups 2 --repeats 10 --seed 1 --timing-mode whole-run --challenge-mode fixed --layout element --point-mode specialized --block 128 --python /home/ubuntu/venvs/zkduel-table5/bin/python --triton-script benchmarks/field_sweep/triton_sweep.py --cuda-binary build/field_sumcheck_cuda_fixed --skip-build --triton-out CAMERA-READY/h100/sweep_fixed/cases_zk_256/zk_complete_add_5_bw256_r22_triton.csv --cuda-out CAMERA-READY/h100/sweep_fixed/cases_zk_256/zk_complete_add_5_bw256_r22_cuda.csv --out CAMERA-READY/h100/sweep_fixed/cases_zk_256/zk_complete_add_5_bw256_r22_joined.csv
$ /home/ubuntu/venvs/zkduel-table5/bin/python -u benchmarks/field_sweep/triton_sweep.py --workloads zk_complete_add_5 --rounds 22 --bit-widths 256 --warmups 2 --repeats 10 --seed 1 --timing-mode whole-run --challenge-mode fixed --layout element --point-mode specialized --out CAMERA-READY/h100/sweep_fixed/cases_zk_256/zk_complete_add_5_bw256_r22_triton.csv
zk_complete_add_5        field=p255_bls12_381_scalar        rounds=22 first_ms=181.636 median_ms=55.358 checksum=135911975834440
CAMERA-READY/h100/sweep_fixed/cases_zk_256/zk_complete_add_5_bw256_r22_triton.csv
$ build/field_sumcheck_cuda_fixed --workloads zk_complete_add_5 --rounds 22 --bit-widths 256 --warmups 2 --repeats 10 --seed 1 --timing-mode whole-run --challenge-mode fixed --layout element --point-mode specialized --block 128 --out CAMERA-READY/h100/sweep_fixed/cases_zk_256/zk_complete_add_5_bw256_r22_cuda.csv
zk_complete_add_5 field=p255_bls12_381_scalar rounds=22 first_ms=69.6176 median_ms=65.2152 checksum=135911975834440
zk_complete_add_5        field=p255_bls12_381_scalar        rounds=22 triton_ms=55.358 cuda_ms=65.2152 checksum_match=true speedup=0.848851
CAMERA-READY/h100/sweep_fixed/cases_zk_256/zk_complete_add_5_bw256_r22_joined.csv
ok: zk_complete_add_5_bw256_r22
CAMERA-READY/h100/sweep_fixed/zk_256.csv
$ /home/ubuntu/venvs/zkduel-table5/bin/python -u benchmarks/field_sweep/compare_triton_cuda.py --workloads zk_complete_add_5 --bit-widths 256 --rounds 24 --warmups 2 --repeats 10 --seed 1 --timing-mode whole-run --challenge-mode fixed --layout element --point-mode specialized --block 128 --python /home/ubuntu/venvs/zkduel-table5/bin/python --triton-script benchmarks/field_sweep/triton_sweep.py --cuda-binary build/field_sumcheck_cuda_fixed --skip-build --triton-out CAMERA-READY/h100/sweep_fixed/cases_zk_256/zk_complete_add_5_bw256_r24_triton.csv --cuda-out CAMERA-READY/h100/sweep_fixed/cases_zk_256/zk_complete_add_5_bw256_r24_cuda.csv --out CAMERA-READY/h100/sweep_fixed/cases_zk_256/zk_complete_add_5_bw256_r24_joined.csv
$ /home/ubuntu/venvs/zkduel-table5/bin/python -u benchmarks/field_sweep/triton_sweep.py --workloads zk_complete_add_5 --rounds 24 --bit-widths 256 --warmups 2 --repeats 10 --seed 1 --timing-mode whole-run --challenge-mode fixed --layout element --point-mode specialized --out CAMERA-READY/h100/sweep_fixed/cases_zk_256/zk_complete_add_5_bw256_r24_triton.csv
zk_complete_add_5        field=p255_bls12_381_scalar        rounds=24 first_ms=297.269 median_ms=171.604 checksum=146425248442876
CAMERA-READY/h100/sweep_fixed/cases_zk_256/zk_complete_add_5_bw256_r24_triton.csv
$ build/field_sumcheck_cuda_fixed --workloads zk_complete_add_5 --rounds 24 --bit-widths 256 --warmups 2 --repeats 10 --seed 1 --timing-mode whole-run --challenge-mode fixed --layout element --point-mode specialized --block 128 --out CAMERA-READY/h100/sweep_fixed/cases_zk_256/zk_complete_add_5_bw256_r24_cuda.csv
zk_complete_add_5 field=p255_bls12_381_scalar rounds=24 first_ms=221.907 median_ms=217.68 checksum=146425248442876
zk_complete_add_5        field=p255_bls12_381_scalar        rounds=24 triton_ms=171.604 cuda_ms=217.68 checksum_match=true speedup=0.788331
CAMERA-READY/h100/sweep_fixed/cases_zk_256/zk_complete_add_5_bw256_r24_joined.csv
ok: zk_complete_add_5_bw256_r24
CAMERA-READY/h100/sweep_fixed/zk_256.csv
$ /home/ubuntu/venvs/zkduel-table5/bin/python -u benchmarks/field_sweep/compare_triton_cuda.py --workloads zk_complete_add_5 --bit-widths 256 --rounds 26 --warmups 2 --repeats 10 --seed 1 --timing-mode whole-run --challenge-mode fixed --layout element --point-mode specialized --block 128 --python /home/ubuntu/venvs/zkduel-table5/bin/python --triton-script benchmarks/field_sweep/triton_sweep.py --cuda-binary build/field_sumcheck_cuda_fixed --skip-build --triton-out CAMERA-READY/h100/sweep_fixed/cases_zk_256/zk_complete_add_5_bw256_r26_triton.csv --cuda-out CAMERA-READY/h100/sweep_fixed/cases_zk_256/zk_complete_add_5_bw256_r26_cuda.csv --out CAMERA-READY/h100/sweep_fixed/cases_zk_256/zk_complete_add_5_bw256_r26_joined.csv
$ /home/ubuntu/venvs/zkduel-table5/bin/python -u benchmarks/field_sweep/triton_sweep.py --workloads zk_complete_add_5 --rounds 26 --bit-widths 256 --warmups 2 --repeats 10 --seed 1 --timing-mode whole-run --challenge-mode fixed --layout element --point-mode specialized --out CAMERA-READY/h100/sweep_fixed/cases_zk_256/zk_complete_add_5_bw256_r26_triton.csv
zk_complete_add_5        field=p255_bls12_381_scalar        rounds=26 first_ms=750.735 median_ms=625.260 checksum=161138619619848
CAMERA-READY/h100/sweep_fixed/cases_zk_256/zk_complete_add_5_bw256_r26_triton.csv
$ build/field_sumcheck_cuda_fixed --workloads zk_complete_add_5 --rounds 26 --bit-widths 256 --warmups 2 --repeats 10 --seed 1 --timing-mode whole-run --challenge-mode fixed --layout element --point-mode specialized --block 128 --out CAMERA-READY/h100/sweep_fixed/cases_zk_256/zk_complete_add_5_bw256_r26_cuda.csv
zk_complete_add_5 field=p255_bls12_381_scalar rounds=26 first_ms=833.331 median_ms=813.096 checksum=161138619619848
zk_complete_add_5        field=p255_bls12_381_scalar        rounds=26 triton_ms=625.260 cuda_ms=813.096 checksum_match=true speedup=0.768987
CAMERA-READY/h100/sweep_fixed/cases_zk_256/zk_complete_add_5_bw256_r26_joined.csv
ok: zk_complete_add_5_bw256_r26
CAMERA-READY/h100/sweep_fixed/zk_256.csv
$ /home/ubuntu/venvs/zkduel-table5/bin/python -u benchmarks/field_sweep/compare_triton_cuda.py --workloads zk_complete_add_5 --bit-widths 256 --rounds 28 --warmups 2 --repeats 10 --seed 1 --timing-mode whole-run --challenge-mode fixed --layout element --point-mode specialized --block 128 --python /home/ubuntu/venvs/zkduel-table5/bin/python --triton-script benchmarks/field_sweep/triton_sweep.py --cuda-binary build/field_sumcheck_cuda_fixed --skip-build --triton-out CAMERA-READY/h100/sweep_fixed/cases_zk_256/zk_complete_add_5_bw256_r28_triton.csv --cuda-out CAMERA-READY/h100/sweep_fixed/cases_zk_256/zk_complete_add_5_bw256_r28_cuda.csv --out CAMERA-READY/h100/sweep_fixed/cases_zk_256/zk_complete_add_5_bw256_r28_joined.csv
$ /home/ubuntu/venvs/zkduel-table5/bin/python -u benchmarks/field_sweep/triton_sweep.py --workloads zk_complete_add_5 --rounds 28 --bit-widths 256 --warmups 2 --repeats 10 --seed 1 --timing-mode whole-run --challenge-mode fixed --layout element --point-mode specialized --out CAMERA-READY/h100/sweep_fixed/cases_zk_256/zk_complete_add_5_bw256_r28_triton.csv
Traceback (most recent call last):
  File "/home/ubuntu/sumcheck-triton/benchmarks/field_sweep/triton_sweep.py", line 918, in <module>
    raise SystemExit(main())
                     ^^^^^^
  File "/home/ubuntu/sumcheck-triton/benchmarks/field_sweep/triton_sweep.py", line 892, in main
    row = _time_one(
          ^^^^^^^^^^
  File "/home/ubuntu/sumcheck-triton/benchmarks/field_sweep/triton_sweep.py", line 645, in _time_one
    scratch_a = torch.empty_like(tables)
                ^^^^^^^^^^^^^^^^^^^^^^^^
torch.OutOfMemoryError: CUDA out of memory. Tried to allocate 56.00 GiB. GPU 0 has a total capacity of 79.19 GiB of which 22.66 GiB is free. Including non-PyTorch memory, this process has 56.52 GiB memory in use. Of the allocated memory 56.00 GiB is allocated by PyTorch, and 0 bytes is reserved by PyTorch but unallocated. If reserved but unallocated memory is large try setting PYTORCH_CUDA_ALLOC_CONF=expandable_segments:True to avoid fragmentation.  See documentation for Memory Management  (https://docs.pytorch.org/docs/stable/notes/cuda.html#optimizing-memory-usage-with-pytorch-cuda-alloc-conf)
Traceback (most recent call last):
  File "/home/ubuntu/sumcheck-triton/benchmarks/field_sweep/compare_triton_cuda.py", line 252, in <module>
    raise SystemExit(main())
                     ^^^^^^
  File "/home/ubuntu/sumcheck-triton/benchmarks/field_sweep/compare_triton_cuda.py", line 78, in main
    run(
  File "/home/ubuntu/sumcheck-triton/benchmarks/field_sweep/compare_triton_cuda.py", line 22, in run
    subprocess.run(cmd, check=True)
  File "/home/ubuntu/.local/share/uv/python/cpython-3.12.14-linux-x86_64-gnu/lib/python3.12/subprocess.py", line 571, in run
    raise CalledProcessError(retcode, process.args,
subprocess.CalledProcessError: Command '['/home/ubuntu/venvs/zkduel-table5/bin/python', '-u', 'benchmarks/field_sweep/triton_sweep.py', '--workloads', 'zk_complete_add_5', '--rounds', '28', '--bit-widths', '256', '--warmups', '2', '--repeats', '10', '--seed', '1', '--timing-mode', 'whole-run', '--challenge-mode', 'fixed', '--layout', 'element', '--point-mode', 'specialized', '--out', 'CAMERA-READY/h100/sweep_fixed/cases_zk_256/zk_complete_add_5_bw256_r28_triton.csv']' returned non-zero exit status 1.
skipped: zk_complete_add_5_bw256_r28 returncode=1
CAMERA-READY/h100/sweep_fixed/zk_256.csv
$ /home/ubuntu/venvs/zkduel-table5/bin/python -u benchmarks/field_sweep/compare_triton_cuda.py --workloads zk_complete_add_6 --bit-widths 256 --rounds 14 --warmups 2 --repeats 10 --seed 1 --timing-mode whole-run --challenge-mode fixed --layout element --point-mode specialized --block 128 --python /home/ubuntu/venvs/zkduel-table5/bin/python --triton-script benchmarks/field_sweep/triton_sweep.py --cuda-binary build/field_sumcheck_cuda_fixed --skip-build --triton-out CAMERA-READY/h100/sweep_fixed/cases_zk_256/zk_complete_add_6_bw256_r14_triton.csv --cuda-out CAMERA-READY/h100/sweep_fixed/cases_zk_256/zk_complete_add_6_bw256_r14_cuda.csv --out CAMERA-READY/h100/sweep_fixed/cases_zk_256/zk_complete_add_6_bw256_r14_joined.csv
$ /home/ubuntu/venvs/zkduel-table5/bin/python -u benchmarks/field_sweep/triton_sweep.py --workloads zk_complete_add_6 --rounds 14 --bit-widths 256 --warmups 2 --repeats 10 --seed 1 --timing-mode whole-run --challenge-mode fixed --layout element --point-mode specialized --out CAMERA-READY/h100/sweep_fixed/cases_zk_256/zk_complete_add_6_bw256_r14_triton.csv
zk_complete_add_6        field=p255_bls12_381_scalar        rounds=14 first_ms=3150.295 median_ms=10.200 checksum=84088931235322
CAMERA-READY/h100/sweep_fixed/cases_zk_256/zk_complete_add_6_bw256_r14_triton.csv
$ build/field_sumcheck_cuda_fixed --workloads zk_complete_add_6 --rounds 14 --bit-widths 256 --warmups 2 --repeats 10 --seed 1 --timing-mode whole-run --challenge-mode fixed --layout element --point-mode specialized --block 128 --out CAMERA-READY/h100/sweep_fixed/cases_zk_256/zk_complete_add_6_bw256_r14_cuda.csv
zk_complete_add_6 field=p255_bls12_381_scalar rounds=14 first_ms=12.931 median_ms=8.76256 checksum=84088931235322
zk_complete_add_6        field=p255_bls12_381_scalar        rounds=14 triton_ms=10.200 cuda_ms=8.76256 checksum_match=true speedup=1.164043
CAMERA-READY/h100/sweep_fixed/cases_zk_256/zk_complete_add_6_bw256_r14_joined.csv
ok: zk_complete_add_6_bw256_r14
CAMERA-READY/h100/sweep_fixed/zk_256.csv
$ /home/ubuntu/venvs/zkduel-table5/bin/python -u benchmarks/field_sweep/compare_triton_cuda.py --workloads zk_complete_add_6 --bit-widths 256 --rounds 16 --warmups 2 --repeats 10 --seed 1 --timing-mode whole-run --challenge-mode fixed --layout element --point-mode specialized --block 128 --python /home/ubuntu/venvs/zkduel-table5/bin/python --triton-script benchmarks/field_sweep/triton_sweep.py --cuda-binary build/field_sumcheck_cuda_fixed --skip-build --triton-out CAMERA-READY/h100/sweep_fixed/cases_zk_256/zk_complete_add_6_bw256_r16_triton.csv --cuda-out CAMERA-READY/h100/sweep_fixed/cases_zk_256/zk_complete_add_6_bw256_r16_cuda.csv --out CAMERA-READY/h100/sweep_fixed/cases_zk_256/zk_complete_add_6_bw256_r16_joined.csv
$ /home/ubuntu/venvs/zkduel-table5/bin/python -u benchmarks/field_sweep/triton_sweep.py --workloads zk_complete_add_6 --rounds 16 --bit-widths 256 --warmups 2 --repeats 10 --seed 1 --timing-mode whole-run --challenge-mode fixed --layout element --point-mode specialized --out CAMERA-READY/h100/sweep_fixed/cases_zk_256/zk_complete_add_6_bw256_r16_triton.csv
zk_complete_add_6        field=p255_bls12_381_scalar        rounds=16 first_ms=143.597 median_ms=12.304 checksum=97729813563668
CAMERA-READY/h100/sweep_fixed/cases_zk_256/zk_complete_add_6_bw256_r16_triton.csv
$ build/field_sumcheck_cuda_fixed --workloads zk_complete_add_6 --rounds 16 --bit-widths 256 --warmups 2 --repeats 10 --seed 1 --timing-mode whole-run --challenge-mode fixed --layout element --point-mode specialized --block 128 --out CAMERA-READY/h100/sweep_fixed/cases_zk_256/zk_complete_add_6_bw256_r16_cuda.csv
zk_complete_add_6 field=p255_bls12_381_scalar rounds=16 first_ms=14.6194 median_ms=10.4196 checksum=97729813563668
zk_complete_add_6        field=p255_bls12_381_scalar        rounds=16 triton_ms=12.304 cuda_ms=10.4196 checksum_match=true speedup=1.180851
CAMERA-READY/h100/sweep_fixed/cases_zk_256/zk_complete_add_6_bw256_r16_joined.csv
ok: zk_complete_add_6_bw256_r16
CAMERA-READY/h100/sweep_fixed/zk_256.csv
$ /home/ubuntu/venvs/zkduel-table5/bin/python -u benchmarks/field_sweep/compare_triton_cuda.py --workloads zk_complete_add_6 --bit-widths 256 --rounds 18 --warmups 2 --repeats 10 --seed 1 --timing-mode whole-run --challenge-mode fixed --layout element --point-mode specialized --block 128 --python /home/ubuntu/venvs/zkduel-table5/bin/python --triton-script benchmarks/field_sweep/triton_sweep.py --cuda-binary build/field_sumcheck_cuda_fixed --skip-build --triton-out CAMERA-READY/h100/sweep_fixed/cases_zk_256/zk_complete_add_6_bw256_r18_triton.csv --cuda-out CAMERA-READY/h100/sweep_fixed/cases_zk_256/zk_complete_add_6_bw256_r18_cuda.csv --out CAMERA-READY/h100/sweep_fixed/cases_zk_256/zk_complete_add_6_bw256_r18_joined.csv
$ /home/ubuntu/venvs/zkduel-table5/bin/python -u benchmarks/field_sweep/triton_sweep.py --workloads zk_complete_add_6 --rounds 18 --bit-widths 256 --warmups 2 --repeats 10 --seed 1 --timing-mode whole-run --challenge-mode fixed --layout element --point-mode specialized --out CAMERA-READY/h100/sweep_fixed/cases_zk_256/zk_complete_add_6_bw256_r18_triton.csv
zk_complete_add_6        field=p255_bls12_381_scalar        rounds=18 first_ms=145.371 median_ms=16.031 checksum=111801510711826
CAMERA-READY/h100/sweep_fixed/cases_zk_256/zk_complete_add_6_bw256_r18_triton.csv
$ build/field_sumcheck_cuda_fixed --workloads zk_complete_add_6 --rounds 18 --bit-widths 256 --warmups 2 --repeats 10 --seed 1 --timing-mode whole-run --challenge-mode fixed --layout element --point-mode specialized --block 128 --out CAMERA-READY/h100/sweep_fixed/cases_zk_256/zk_complete_add_6_bw256_r18_cuda.csv
zk_complete_add_6 field=p255_bls12_381_scalar rounds=18 first_ms=19.4251 median_ms=15.2883 checksum=111801510711826
zk_complete_add_6        field=p255_bls12_381_scalar        rounds=18 triton_ms=16.031 cuda_ms=15.2883 checksum_match=true speedup=1.048580
CAMERA-READY/h100/sweep_fixed/cases_zk_256/zk_complete_add_6_bw256_r18_joined.csv
ok: zk_complete_add_6_bw256_r18
CAMERA-READY/h100/sweep_fixed/zk_256.csv
$ /home/ubuntu/venvs/zkduel-table5/bin/python -u benchmarks/field_sweep/compare_triton_cuda.py --workloads zk_complete_add_6 --bit-widths 256 --rounds 20 --warmups 2 --repeats 10 --seed 1 --timing-mode whole-run --challenge-mode fixed --layout element --point-mode specialized --block 128 --python /home/ubuntu/venvs/zkduel-table5/bin/python --triton-script benchmarks/field_sweep/triton_sweep.py --cuda-binary build/field_sumcheck_cuda_fixed --skip-build --triton-out CAMERA-READY/h100/sweep_fixed/cases_zk_256/zk_complete_add_6_bw256_r20_triton.csv --cuda-out CAMERA-READY/h100/sweep_fixed/cases_zk_256/zk_complete_add_6_bw256_r20_cuda.csv --out CAMERA-READY/h100/sweep_fixed/cases_zk_256/zk_complete_add_6_bw256_r20_joined.csv
$ /home/ubuntu/venvs/zkduel-table5/bin/python -u benchmarks/field_sweep/triton_sweep.py --workloads zk_complete_add_6 --rounds 20 --bit-widths 256 --warmups 2 --repeats 10 --seed 1 --timing-mode whole-run --challenge-mode fixed --layout element --point-mode specialized --out CAMERA-READY/h100/sweep_fixed/cases_zk_256/zk_complete_add_6_bw256_r20_triton.csv
zk_complete_add_6        field=p255_bls12_381_scalar        rounds=20 first_ms=155.954 median_ms=26.044 checksum=127702151872698
CAMERA-READY/h100/sweep_fixed/cases_zk_256/zk_complete_add_6_bw256_r20_triton.csv
$ build/field_sumcheck_cuda_fixed --workloads zk_complete_add_6 --rounds 20 --bit-widths 256 --warmups 2 --repeats 10 --seed 1 --timing-mode whole-run --challenge-mode fixed --layout element --point-mode specialized --block 128 --out CAMERA-READY/h100/sweep_fixed/cases_zk_256/zk_complete_add_6_bw256_r20_cuda.csv
zk_complete_add_6 field=p255_bls12_381_scalar rounds=20 first_ms=32.037 median_ms=27.9131 checksum=127702151872698
zk_complete_add_6        field=p255_bls12_381_scalar        rounds=20 triton_ms=26.044 cuda_ms=27.9131 checksum_match=true speedup=0.933039
CAMERA-READY/h100/sweep_fixed/cases_zk_256/zk_complete_add_6_bw256_r20_joined.csv
ok: zk_complete_add_6_bw256_r20
CAMERA-READY/h100/sweep_fixed/zk_256.csv
$ /home/ubuntu/venvs/zkduel-table5/bin/python -u benchmarks/field_sweep/compare_triton_cuda.py --workloads zk_complete_add_6 --bit-widths 256 --rounds 22 --warmups 2 --repeats 10 --seed 1 --timing-mode whole-run --challenge-mode fixed --layout element --point-mode specialized --block 128 --python /home/ubuntu/venvs/zkduel-table5/bin/python --triton-script benchmarks/field_sweep/triton_sweep.py --cuda-binary build/field_sumcheck_cuda_fixed --skip-build --triton-out CAMERA-READY/h100/sweep_fixed/cases_zk_256/zk_complete_add_6_bw256_r22_triton.csv --cuda-out CAMERA-READY/h100/sweep_fixed/cases_zk_256/zk_complete_add_6_bw256_r22_cuda.csv --out CAMERA-READY/h100/sweep_fixed/cases_zk_256/zk_complete_add_6_bw256_r22_joined.csv
$ /home/ubuntu/venvs/zkduel-table5/bin/python -u benchmarks/field_sweep/triton_sweep.py --workloads zk_complete_add_6 --rounds 22 --bit-widths 256 --warmups 2 --repeats 10 --seed 1 --timing-mode whole-run --challenge-mode fixed --layout element --point-mode specialized --out CAMERA-READY/h100/sweep_fixed/cases_zk_256/zk_complete_add_6_bw256_r22_triton.csv
zk_complete_add_6        field=p255_bls12_381_scalar        rounds=22 first_ms=191.094 median_ms=60.184 checksum=136453822904269
CAMERA-READY/h100/sweep_fixed/cases_zk_256/zk_complete_add_6_bw256_r22_triton.csv
$ build/field_sumcheck_cuda_fixed --workloads zk_complete_add_6 --rounds 22 --bit-widths 256 --warmups 2 --repeats 10 --seed 1 --timing-mode whole-run --challenge-mode fixed --layout element --point-mode specialized --block 128 --out CAMERA-READY/h100/sweep_fixed/cases_zk_256/zk_complete_add_6_bw256_r22_cuda.csv
zk_complete_add_6 field=p255_bls12_381_scalar rounds=22 first_ms=77.043 median_ms=72.9143 checksum=136453822904269
zk_complete_add_6        field=p255_bls12_381_scalar        rounds=22 triton_ms=60.184 cuda_ms=72.9143 checksum_match=true speedup=0.825407
CAMERA-READY/h100/sweep_fixed/cases_zk_256/zk_complete_add_6_bw256_r22_joined.csv
ok: zk_complete_add_6_bw256_r22
CAMERA-READY/h100/sweep_fixed/zk_256.csv
$ /home/ubuntu/venvs/zkduel-table5/bin/python -u benchmarks/field_sweep/compare_triton_cuda.py --workloads zk_complete_add_6 --bit-widths 256 --rounds 24 --warmups 2 --repeats 10 --seed 1 --timing-mode whole-run --challenge-mode fixed --layout element --point-mode specialized --block 128 --python /home/ubuntu/venvs/zkduel-table5/bin/python --triton-script benchmarks/field_sweep/triton_sweep.py --cuda-binary build/field_sumcheck_cuda_fixed --skip-build --triton-out CAMERA-READY/h100/sweep_fixed/cases_zk_256/zk_complete_add_6_bw256_r24_triton.csv --cuda-out CAMERA-READY/h100/sweep_fixed/cases_zk_256/zk_complete_add_6_bw256_r24_cuda.csv --out CAMERA-READY/h100/sweep_fixed/cases_zk_256/zk_complete_add_6_bw256_r24_joined.csv
$ /home/ubuntu/venvs/zkduel-table5/bin/python -u benchmarks/field_sweep/triton_sweep.py --workloads zk_complete_add_6 --rounds 24 --bit-widths 256 --warmups 2 --repeats 10 --seed 1 --timing-mode whole-run --challenge-mode fixed --layout element --point-mode specialized --out CAMERA-READY/h100/sweep_fixed/cases_zk_256/zk_complete_add_6_bw256_r24_triton.csv
zk_complete_add_6        field=p255_bls12_381_scalar        rounds=24 first_ms=318.645 median_ms=192.255 checksum=151263839095356
CAMERA-READY/h100/sweep_fixed/cases_zk_256/zk_complete_add_6_bw256_r24_triton.csv
$ build/field_sumcheck_cuda_fixed --workloads zk_complete_add_6 --rounds 24 --bit-widths 256 --warmups 2 --repeats 10 --seed 1 --timing-mode whole-run --challenge-mode fixed --layout element --point-mode specialized --block 128 --out CAMERA-READY/h100/sweep_fixed/cases_zk_256/zk_complete_add_6_bw256_r24_cuda.csv
zk_complete_add_6 field=p255_bls12_381_scalar rounds=24 first_ms=258.85 median_ms=254.814 checksum=151263839095356
zk_complete_add_6        field=p255_bls12_381_scalar        rounds=24 triton_ms=192.255 cuda_ms=254.814 checksum_match=true speedup=0.754492
CAMERA-READY/h100/sweep_fixed/cases_zk_256/zk_complete_add_6_bw256_r24_joined.csv
ok: zk_complete_add_6_bw256_r24
CAMERA-READY/h100/sweep_fixed/zk_256.csv
$ /home/ubuntu/venvs/zkduel-table5/bin/python -u benchmarks/field_sweep/compare_triton_cuda.py --workloads zk_complete_add_6 --bit-widths 256 --rounds 26 --warmups 2 --repeats 10 --seed 1 --timing-mode whole-run --challenge-mode fixed --layout element --point-mode specialized --block 128 --python /home/ubuntu/venvs/zkduel-table5/bin/python --triton-script benchmarks/field_sweep/triton_sweep.py --cuda-binary build/field_sumcheck_cuda_fixed --skip-build --triton-out CAMERA-READY/h100/sweep_fixed/cases_zk_256/zk_complete_add_6_bw256_r26_triton.csv --cuda-out CAMERA-READY/h100/sweep_fixed/cases_zk_256/zk_complete_add_6_bw256_r26_cuda.csv --out CAMERA-READY/h100/sweep_fixed/cases_zk_256/zk_complete_add_6_bw256_r26_joined.csv
$ /home/ubuntu/venvs/zkduel-table5/bin/python -u benchmarks/field_sweep/triton_sweep.py --workloads zk_complete_add_6 --rounds 26 --bit-widths 256 --warmups 2 --repeats 10 --seed 1 --timing-mode whole-run --challenge-mode fixed --layout element --point-mode specialized --out CAMERA-READY/h100/sweep_fixed/cases_zk_256/zk_complete_add_6_bw256_r26_triton.csv
zk_complete_add_6        field=p255_bls12_381_scalar        rounds=26 first_ms=828.101 median_ms=700.287 checksum=162039945774460
CAMERA-READY/h100/sweep_fixed/cases_zk_256/zk_complete_add_6_bw256_r26_triton.csv
$ build/field_sumcheck_cuda_fixed --workloads zk_complete_add_6 --rounds 26 --bit-widths 256 --warmups 2 --repeats 10 --seed 1 --timing-mode whole-run --challenge-mode fixed --layout element --point-mode specialized --block 128 --out CAMERA-READY/h100/sweep_fixed/cases_zk_256/zk_complete_add_6_bw256_r26_cuda.csv
zk_complete_add_6 field=p255_bls12_381_scalar rounds=26 first_ms=958.956 median_ms=947.204 checksum=162039945774460
zk_complete_add_6        field=p255_bls12_381_scalar        rounds=26 triton_ms=700.287 cuda_ms=947.204 checksum_match=true speedup=0.739320
CAMERA-READY/h100/sweep_fixed/cases_zk_256/zk_complete_add_6_bw256_r26_joined.csv
ok: zk_complete_add_6_bw256_r26
CAMERA-READY/h100/sweep_fixed/zk_256.csv
$ /home/ubuntu/venvs/zkduel-table5/bin/python -u benchmarks/field_sweep/compare_triton_cuda.py --workloads zk_complete_add_6 --bit-widths 256 --rounds 28 --warmups 2 --repeats 10 --seed 1 --timing-mode whole-run --challenge-mode fixed --layout element --point-mode specialized --block 128 --python /home/ubuntu/venvs/zkduel-table5/bin/python --triton-script benchmarks/field_sweep/triton_sweep.py --cuda-binary build/field_sumcheck_cuda_fixed --skip-build --triton-out CAMERA-READY/h100/sweep_fixed/cases_zk_256/zk_complete_add_6_bw256_r28_triton.csv --cuda-out CAMERA-READY/h100/sweep_fixed/cases_zk_256/zk_complete_add_6_bw256_r28_cuda.csv --out CAMERA-READY/h100/sweep_fixed/cases_zk_256/zk_complete_add_6_bw256_r28_joined.csv
$ /home/ubuntu/venvs/zkduel-table5/bin/python -u benchmarks/field_sweep/triton_sweep.py --workloads zk_complete_add_6 --rounds 28 --bit-widths 256 --warmups 2 --repeats 10 --seed 1 --timing-mode whole-run --challenge-mode fixed --layout element --point-mode specialized --out CAMERA-READY/h100/sweep_fixed/cases_zk_256/zk_complete_add_6_bw256_r28_triton.csv
Traceback (most recent call last):
  File "/home/ubuntu/sumcheck-triton/benchmarks/field_sweep/triton_sweep.py", line 918, in <module>
    raise SystemExit(main())
                     ^^^^^^
  File "/home/ubuntu/sumcheck-triton/benchmarks/field_sweep/triton_sweep.py", line 892, in main
    row = _time_one(
          ^^^^^^^^^^
  File "/home/ubuntu/sumcheck-triton/benchmarks/field_sweep/triton_sweep.py", line 645, in _time_one
    scratch_a = torch.empty_like(tables)
                ^^^^^^^^^^^^^^^^^^^^^^^^
torch.OutOfMemoryError: CUDA out of memory. Tried to allocate 64.00 GiB. GPU 0 has a total capacity of 79.19 GiB of which 14.66 GiB is free. Including non-PyTorch memory, this process has 64.52 GiB memory in use. Of the allocated memory 64.00 GiB is allocated by PyTorch, and 0 bytes is reserved by PyTorch but unallocated. If reserved but unallocated memory is large try setting PYTORCH_CUDA_ALLOC_CONF=expandable_segments:True to avoid fragmentation.  See documentation for Memory Management  (https://docs.pytorch.org/docs/stable/notes/cuda.html#optimizing-memory-usage-with-pytorch-cuda-alloc-conf)
Traceback (most recent call last):
  File "/home/ubuntu/sumcheck-triton/benchmarks/field_sweep/compare_triton_cuda.py", line 252, in <module>
    raise SystemExit(main())
                     ^^^^^^
  File "/home/ubuntu/sumcheck-triton/benchmarks/field_sweep/compare_triton_cuda.py", line 78, in main
    run(
  File "/home/ubuntu/sumcheck-triton/benchmarks/field_sweep/compare_triton_cuda.py", line 22, in run
    subprocess.run(cmd, check=True)
  File "/home/ubuntu/.local/share/uv/python/cpython-3.12.14-linux-x86_64-gnu/lib/python3.12/subprocess.py", line 571, in run
    raise CalledProcessError(retcode, process.args,
subprocess.CalledProcessError: Command '['/home/ubuntu/venvs/zkduel-table5/bin/python', '-u', 'benchmarks/field_sweep/triton_sweep.py', '--workloads', 'zk_complete_add_6', '--rounds', '28', '--bit-widths', '256', '--warmups', '2', '--repeats', '10', '--seed', '1', '--timing-mode', 'whole-run', '--challenge-mode', 'fixed', '--layout', 'element', '--point-mode', 'specialized', '--out', 'CAMERA-READY/h100/sweep_fixed/cases_zk_256/zk_complete_add_6_bw256_r28_triton.csv']' returned non-zero exit status 1.
skipped: zk_complete_add_6_bw256_r28 returncode=1
CAMERA-READY/h100/sweep_fixed/zk_256.csv
$ /home/ubuntu/venvs/zkduel-table5/bin/python -u benchmarks/field_sweep/compare_triton_cuda.py --workloads zk_complete_add_7 --bit-widths 256 --rounds 14 --warmups 2 --repeats 10 --seed 1 --timing-mode whole-run --challenge-mode fixed --layout element --point-mode specialized --block 128 --python /home/ubuntu/venvs/zkduel-table5/bin/python --triton-script benchmarks/field_sweep/triton_sweep.py --cuda-binary build/field_sumcheck_cuda_fixed --skip-build --triton-out CAMERA-READY/h100/sweep_fixed/cases_zk_256/zk_complete_add_7_bw256_r14_triton.csv --cuda-out CAMERA-READY/h100/sweep_fixed/cases_zk_256/zk_complete_add_7_bw256_r14_cuda.csv --out CAMERA-READY/h100/sweep_fixed/cases_zk_256/zk_complete_add_7_bw256_r14_joined.csv
$ /home/ubuntu/venvs/zkduel-table5/bin/python -u benchmarks/field_sweep/triton_sweep.py --workloads zk_complete_add_7 --rounds 14 --bit-widths 256 --warmups 2 --repeats 10 --seed 1 --timing-mode whole-run --challenge-mode fixed --layout element --point-mode specialized --out CAMERA-READY/h100/sweep_fixed/cases_zk_256/zk_complete_add_7_bw256_r14_triton.csv
zk_complete_add_7        field=p255_bls12_381_scalar        rounds=14 first_ms=81.251 median_ms=5.781 checksum=64721918569490
CAMERA-READY/h100/sweep_fixed/cases_zk_256/zk_complete_add_7_bw256_r14_triton.csv
$ build/field_sumcheck_cuda_fixed --workloads zk_complete_add_7 --rounds 14 --bit-widths 256 --warmups 2 --repeats 10 --seed 1 --timing-mode whole-run --challenge-mode fixed --layout element --point-mode specialized --block 128 --out CAMERA-READY/h100/sweep_fixed/cases_zk_256/zk_complete_add_7_bw256_r14_cuda.csv
zk_complete_add_7 field=p255_bls12_381_scalar rounds=14 first_ms=3.76124 median_ms=2.68665 checksum=64721918569490
zk_complete_add_7        field=p255_bls12_381_scalar        rounds=14 triton_ms=5.781 cuda_ms=2.68665 checksum_match=true speedup=2.151750
CAMERA-READY/h100/sweep_fixed/cases_zk_256/zk_complete_add_7_bw256_r14_joined.csv
ok: zk_complete_add_7_bw256_r14
CAMERA-READY/h100/sweep_fixed/zk_256.csv
$ /home/ubuntu/venvs/zkduel-table5/bin/python -u benchmarks/field_sweep/compare_triton_cuda.py --workloads zk_complete_add_7 --bit-widths 256 --rounds 16 --warmups 2 --repeats 10 --seed 1 --timing-mode whole-run --challenge-mode fixed --layout element --point-mode specialized --block 128 --python /home/ubuntu/venvs/zkduel-table5/bin/python --triton-script benchmarks/field_sweep/triton_sweep.py --cuda-binary build/field_sumcheck_cuda_fixed --skip-build --triton-out CAMERA-READY/h100/sweep_fixed/cases_zk_256/zk_complete_add_7_bw256_r16_triton.csv --cuda-out CAMERA-READY/h100/sweep_fixed/cases_zk_256/zk_complete_add_7_bw256_r16_cuda.csv --out CAMERA-READY/h100/sweep_fixed/cases_zk_256/zk_complete_add_7_bw256_r16_joined.csv
$ /home/ubuntu/venvs/zkduel-table5/bin/python -u benchmarks/field_sweep/triton_sweep.py --workloads zk_complete_add_7 --rounds 16 --bit-widths 256 --warmups 2 --repeats 10 --seed 1 --timing-mode whole-run --challenge-mode fixed --layout element --point-mode specialized --out CAMERA-READY/h100/sweep_fixed/cases_zk_256/zk_complete_add_7_bw256_r16_triton.csv
zk_complete_add_7        field=p255_bls12_381_scalar        rounds=16 first_ms=83.955 median_ms=7.761 checksum=71667032844355
CAMERA-READY/h100/sweep_fixed/cases_zk_256/zk_complete_add_7_bw256_r16_triton.csv
$ build/field_sumcheck_cuda_fixed --workloads zk_complete_add_7 --rounds 16 --bit-widths 256 --warmups 2 --repeats 10 --seed 1 --timing-mode whole-run --challenge-mode fixed --layout element --point-mode specialized --block 128 --out CAMERA-READY/h100/sweep_fixed/cases_zk_256/zk_complete_add_7_bw256_r16_cuda.csv
zk_complete_add_7 field=p255_bls12_381_scalar rounds=16 first_ms=4.36697 median_ms=3.30281 checksum=71667032844355
zk_complete_add_7        field=p255_bls12_381_scalar        rounds=16 triton_ms=7.761 cuda_ms=3.30281 checksum_match=true speedup=2.349817
CAMERA-READY/h100/sweep_fixed/cases_zk_256/zk_complete_add_7_bw256_r16_joined.csv
ok: zk_complete_add_7_bw256_r16
CAMERA-READY/h100/sweep_fixed/zk_256.csv
$ /home/ubuntu/venvs/zkduel-table5/bin/python -u benchmarks/field_sweep/compare_triton_cuda.py --workloads zk_complete_add_7 --bit-widths 256 --rounds 18 --warmups 2 --repeats 10 --seed 1 --timing-mode whole-run --challenge-mode fixed --layout element --point-mode specialized --block 128 --python /home/ubuntu/venvs/zkduel-table5/bin/python --triton-script benchmarks/field_sweep/triton_sweep.py --cuda-binary build/field_sumcheck_cuda_fixed --skip-build --triton-out CAMERA-READY/h100/sweep_fixed/cases_zk_256/zk_complete_add_7_bw256_r18_triton.csv --cuda-out CAMERA-READY/h100/sweep_fixed/cases_zk_256/zk_complete_add_7_bw256_r18_cuda.csv --out CAMERA-READY/h100/sweep_fixed/cases_zk_256/zk_complete_add_7_bw256_r18_joined.csv
$ /home/ubuntu/venvs/zkduel-table5/bin/python -u benchmarks/field_sweep/triton_sweep.py --workloads zk_complete_add_7 --rounds 18 --bit-widths 256 --warmups 2 --repeats 10 --seed 1 --timing-mode whole-run --challenge-mode fixed --layout element --point-mode specialized --out CAMERA-READY/h100/sweep_fixed/cases_zk_256/zk_complete_add_7_bw256_r18_triton.csv
zk_complete_add_7        field=p255_bls12_381_scalar        rounds=18 first_ms=84.426 median_ms=9.864 checksum=80032519064251
CAMERA-READY/h100/sweep_fixed/cases_zk_256/zk_complete_add_7_bw256_r18_triton.csv
$ build/field_sumcheck_cuda_fixed --workloads zk_complete_add_7 --rounds 18 --bit-widths 256 --warmups 2 --repeats 10 --seed 1 --timing-mode whole-run --challenge-mode fixed --layout element --point-mode specialized --block 128 --out CAMERA-READY/h100/sweep_fixed/cases_zk_256/zk_complete_add_7_bw256_r18_cuda.csv
zk_complete_add_7 field=p255_bls12_381_scalar rounds=18 first_ms=5.54549 median_ms=4.53002 checksum=80032519064251
zk_complete_add_7        field=p255_bls12_381_scalar        rounds=18 triton_ms=9.864 cuda_ms=4.53002 checksum_match=true speedup=2.177474
CAMERA-READY/h100/sweep_fixed/cases_zk_256/zk_complete_add_7_bw256_r18_joined.csv
ok: zk_complete_add_7_bw256_r18
CAMERA-READY/h100/sweep_fixed/zk_256.csv
$ /home/ubuntu/venvs/zkduel-table5/bin/python -u benchmarks/field_sweep/compare_triton_cuda.py --workloads zk_complete_add_7 --bit-widths 256 --rounds 20 --warmups 2 --repeats 10 --seed 1 --timing-mode whole-run --challenge-mode fixed --layout element --point-mode specialized --block 128 --python /home/ubuntu/venvs/zkduel-table5/bin/python --triton-script benchmarks/field_sweep/triton_sweep.py --cuda-binary build/field_sumcheck_cuda_fixed --skip-build --triton-out CAMERA-READY/h100/sweep_fixed/cases_zk_256/zk_complete_add_7_bw256_r20_triton.csv --cuda-out CAMERA-READY/h100/sweep_fixed/cases_zk_256/zk_complete_add_7_bw256_r20_cuda.csv --out CAMERA-READY/h100/sweep_fixed/cases_zk_256/zk_complete_add_7_bw256_r20_joined.csv
$ /home/ubuntu/venvs/zkduel-table5/bin/python -u benchmarks/field_sweep/triton_sweep.py --workloads zk_complete_add_7 --rounds 20 --bit-widths 256 --warmups 2 --repeats 10 --seed 1 --timing-mode whole-run --challenge-mode fixed --layout element --point-mode specialized --out CAMERA-READY/h100/sweep_fixed/cases_zk_256/zk_complete_add_7_bw256_r20_triton.csv
zk_complete_add_7        field=p255_bls12_381_scalar        rounds=20 first_ms=88.539 median_ms=13.358 checksum=86072749519367
CAMERA-READY/h100/sweep_fixed/cases_zk_256/zk_complete_add_7_bw256_r20_triton.csv
$ build/field_sumcheck_cuda_fixed --workloads zk_complete_add_7 --rounds 20 --bit-widths 256 --warmups 2 --repeats 10 --seed 1 --timing-mode whole-run --challenge-mode fixed --layout element --point-mode specialized --block 128 --out CAMERA-READY/h100/sweep_fixed/cases_zk_256/zk_complete_add_7_bw256_r20_cuda.csv
zk_complete_add_7 field=p255_bls12_381_scalar rounds=20 first_ms=8.26048 median_ms=7.2574 checksum=86072749519367
zk_complete_add_7        field=p255_bls12_381_scalar        rounds=20 triton_ms=13.358 cuda_ms=7.2574 checksum_match=true speedup=1.840604
CAMERA-READY/h100/sweep_fixed/cases_zk_256/zk_complete_add_7_bw256_r20_joined.csv
ok: zk_complete_add_7_bw256_r20
CAMERA-READY/h100/sweep_fixed/zk_256.csv
$ /home/ubuntu/venvs/zkduel-table5/bin/python -u benchmarks/field_sweep/compare_triton_cuda.py --workloads zk_complete_add_7 --bit-widths 256 --rounds 22 --warmups 2 --repeats 10 --seed 1 --timing-mode whole-run --challenge-mode fixed --layout element --point-mode specialized --block 128 --python /home/ubuntu/venvs/zkduel-table5/bin/python --triton-script benchmarks/field_sweep/triton_sweep.py --cuda-binary build/field_sumcheck_cuda_fixed --skip-build --triton-out CAMERA-READY/h100/sweep_fixed/cases_zk_256/zk_complete_add_7_bw256_r22_triton.csv --cuda-out CAMERA-READY/h100/sweep_fixed/cases_zk_256/zk_complete_add_7_bw256_r22_cuda.csv --out CAMERA-READY/h100/sweep_fixed/cases_zk_256/zk_complete_add_7_bw256_r22_joined.csv
$ /home/ubuntu/venvs/zkduel-table5/bin/python -u benchmarks/field_sweep/triton_sweep.py --workloads zk_complete_add_7 --rounds 22 --bit-widths 256 --warmups 2 --repeats 10 --seed 1 --timing-mode whole-run --challenge-mode fixed --layout element --point-mode specialized --out CAMERA-READY/h100/sweep_fixed/cases_zk_256/zk_complete_add_7_bw256_r22_triton.csv
zk_complete_add_7        field=p255_bls12_381_scalar        rounds=22 first_ms=95.794 median_ms=23.351 checksum=100819326577736
CAMERA-READY/h100/sweep_fixed/cases_zk_256/zk_complete_add_7_bw256_r22_triton.csv
$ build/field_sumcheck_cuda_fixed --workloads zk_complete_add_7 --rounds 22 --bit-widths 256 --warmups 2 --repeats 10 --seed 1 --timing-mode whole-run --challenge-mode fixed --layout element --point-mode specialized --block 128 --out CAMERA-READY/h100/sweep_fixed/cases_zk_256/zk_complete_add_7_bw256_r22_cuda.csv
zk_complete_add_7 field=p255_bls12_381_scalar rounds=22 first_ms=17.1555 median_ms=16.0959 checksum=100819326577736
zk_complete_add_7        field=p255_bls12_381_scalar        rounds=22 triton_ms=23.351 cuda_ms=16.0959 checksum_match=true speedup=1.450742
CAMERA-READY/h100/sweep_fixed/cases_zk_256/zk_complete_add_7_bw256_r22_joined.csv
ok: zk_complete_add_7_bw256_r22
CAMERA-READY/h100/sweep_fixed/zk_256.csv
$ /home/ubuntu/venvs/zkduel-table5/bin/python -u benchmarks/field_sweep/compare_triton_cuda.py --workloads zk_complete_add_7 --bit-widths 256 --rounds 24 --warmups 2 --repeats 10 --seed 1 --timing-mode whole-run --challenge-mode fixed --layout element --point-mode specialized --block 128 --python /home/ubuntu/venvs/zkduel-table5/bin/python --triton-script benchmarks/field_sweep/triton_sweep.py --cuda-binary build/field_sumcheck_cuda_fixed --skip-build --triton-out CAMERA-READY/h100/sweep_fixed/cases_zk_256/zk_complete_add_7_bw256_r24_triton.csv --cuda-out CAMERA-READY/h100/sweep_fixed/cases_zk_256/zk_complete_add_7_bw256_r24_cuda.csv --out CAMERA-READY/h100/sweep_fixed/cases_zk_256/zk_complete_add_7_bw256_r24_joined.csv
$ /home/ubuntu/venvs/zkduel-table5/bin/python -u benchmarks/field_sweep/triton_sweep.py --workloads zk_complete_add_7 --rounds 24 --bit-widths 256 --warmups 2 --repeats 10 --seed 1 --timing-mode whole-run --challenge-mode fixed --layout element --point-mode specialized --out CAMERA-READY/h100/sweep_fixed/cases_zk_256/zk_complete_add_7_bw256_r24_triton.csv
zk_complete_add_7        field=p255_bls12_381_scalar        rounds=24 first_ms=132.612 median_ms=61.017 checksum=107743887149652
CAMERA-READY/h100/sweep_fixed/cases_zk_256/zk_complete_add_7_bw256_r24_triton.csv
$ build/field_sumcheck_cuda_fixed --workloads zk_complete_add_7 --rounds 24 --bit-widths 256 --warmups 2 --repeats 10 --seed 1 --timing-mode whole-run --challenge-mode fixed --layout element --point-mode specialized --block 128 --out CAMERA-READY/h100/sweep_fixed/cases_zk_256/zk_complete_add_7_bw256_r24_cuda.csv
zk_complete_add_7 field=p255_bls12_381_scalar rounds=24 first_ms=50.4989 median_ms=49.2704 checksum=107743887149652
zk_complete_add_7        field=p255_bls12_381_scalar        rounds=24 triton_ms=61.017 cuda_ms=49.2704 checksum_match=true speedup=1.238411
CAMERA-READY/h100/sweep_fixed/cases_zk_256/zk_complete_add_7_bw256_r24_joined.csv
ok: zk_complete_add_7_bw256_r24
CAMERA-READY/h100/sweep_fixed/zk_256.csv
$ /home/ubuntu/venvs/zkduel-table5/bin/python -u benchmarks/field_sweep/compare_triton_cuda.py --workloads zk_complete_add_7 --bit-widths 256 --rounds 26 --warmups 2 --repeats 10 --seed 1 --timing-mode whole-run --challenge-mode fixed --layout element --point-mode specialized --block 128 --python /home/ubuntu/venvs/zkduel-table5/bin/python --triton-script benchmarks/field_sweep/triton_sweep.py --cuda-binary build/field_sumcheck_cuda_fixed --skip-build --triton-out CAMERA-READY/h100/sweep_fixed/cases_zk_256/zk_complete_add_7_bw256_r26_triton.csv --cuda-out CAMERA-READY/h100/sweep_fixed/cases_zk_256/zk_complete_add_7_bw256_r26_cuda.csv --out CAMERA-READY/h100/sweep_fixed/cases_zk_256/zk_complete_add_7_bw256_r26_joined.csv
$ /home/ubuntu/venvs/zkduel-table5/bin/python -u benchmarks/field_sweep/triton_sweep.py --workloads zk_complete_add_7 --rounds 26 --bit-widths 256 --warmups 2 --repeats 10 --seed 1 --timing-mode whole-run --challenge-mode fixed --layout element --point-mode specialized --out CAMERA-READY/h100/sweep_fixed/cases_zk_256/zk_complete_add_7_bw256_r26_triton.csv
zk_complete_add_7        field=p255_bls12_381_scalar        rounds=26 first_ms=277.204 median_ms=208.345 checksum=115022369023562
CAMERA-READY/h100/sweep_fixed/cases_zk_256/zk_complete_add_7_bw256_r26_triton.csv
$ build/field_sumcheck_cuda_fixed --workloads zk_complete_add_7 --rounds 26 --bit-widths 256 --warmups 2 --repeats 10 --seed 1 --timing-mode whole-run --challenge-mode fixed --layout element --point-mode specialized --block 128 --out CAMERA-READY/h100/sweep_fixed/cases_zk_256/zk_complete_add_7_bw256_r26_cuda.csv
zk_complete_add_7 field=p255_bls12_381_scalar rounds=26 first_ms=183.583 median_ms=182.546 checksum=115022369023562
zk_complete_add_7        field=p255_bls12_381_scalar        rounds=26 triton_ms=208.345 cuda_ms=182.546 checksum_match=true speedup=1.141329
CAMERA-READY/h100/sweep_fixed/cases_zk_256/zk_complete_add_7_bw256_r26_joined.csv
ok: zk_complete_add_7_bw256_r26
CAMERA-READY/h100/sweep_fixed/zk_256.csv
$ /home/ubuntu/venvs/zkduel-table5/bin/python -u benchmarks/field_sweep/compare_triton_cuda.py --workloads zk_complete_add_7 --bit-widths 256 --rounds 28 --warmups 2 --repeats 10 --seed 1 --timing-mode whole-run --challenge-mode fixed --layout element --point-mode specialized --block 128 --python /home/ubuntu/venvs/zkduel-table5/bin/python --triton-script benchmarks/field_sweep/triton_sweep.py --cuda-binary build/field_sumcheck_cuda_fixed --skip-build --triton-out CAMERA-READY/h100/sweep_fixed/cases_zk_256/zk_complete_add_7_bw256_r28_triton.csv --cuda-out CAMERA-READY/h100/sweep_fixed/cases_zk_256/zk_complete_add_7_bw256_r28_cuda.csv --out CAMERA-READY/h100/sweep_fixed/cases_zk_256/zk_complete_add_7_bw256_r28_joined.csv
$ /home/ubuntu/venvs/zkduel-table5/bin/python -u benchmarks/field_sweep/triton_sweep.py --workloads zk_complete_add_7 --rounds 28 --bit-widths 256 --warmups 2 --repeats 10 --seed 1 --timing-mode whole-run --challenge-mode fixed --layout element --point-mode specialized --out CAMERA-READY/h100/sweep_fixed/cases_zk_256/zk_complete_add_7_bw256_r28_triton.csv
Traceback (most recent call last):
  File "/home/ubuntu/sumcheck-triton/benchmarks/field_sweep/triton_sweep.py", line 918, in <module>
    raise SystemExit(main())
                     ^^^^^^
  File "/home/ubuntu/sumcheck-triton/benchmarks/field_sweep/triton_sweep.py", line 892, in main
    row = _time_one(
          ^^^^^^^^^^
  File "/home/ubuntu/sumcheck-triton/benchmarks/field_sweep/triton_sweep.py", line 645, in _time_one
    scratch_a = torch.empty_like(tables)
                ^^^^^^^^^^^^^^^^^^^^^^^^
torch.OutOfMemoryError: CUDA out of memory. Tried to allocate 40.00 GiB. GPU 0 has a total capacity of 79.19 GiB of which 38.66 GiB is free. Including non-PyTorch memory, this process has 40.52 GiB memory in use. Of the allocated memory 40.00 GiB is allocated by PyTorch, and 0 bytes is reserved by PyTorch but unallocated. If reserved but unallocated memory is large try setting PYTORCH_CUDA_ALLOC_CONF=expandable_segments:True to avoid fragmentation.  See documentation for Memory Management  (https://docs.pytorch.org/docs/stable/notes/cuda.html#optimizing-memory-usage-with-pytorch-cuda-alloc-conf)
Traceback (most recent call last):
  File "/home/ubuntu/sumcheck-triton/benchmarks/field_sweep/compare_triton_cuda.py", line 252, in <module>
    raise SystemExit(main())
                     ^^^^^^
  File "/home/ubuntu/sumcheck-triton/benchmarks/field_sweep/compare_triton_cuda.py", line 78, in main
    run(
  File "/home/ubuntu/sumcheck-triton/benchmarks/field_sweep/compare_triton_cuda.py", line 22, in run
    subprocess.run(cmd, check=True)
  File "/home/ubuntu/.local/share/uv/python/cpython-3.12.14-linux-x86_64-gnu/lib/python3.12/subprocess.py", line 571, in run
    raise CalledProcessError(retcode, process.args,
subprocess.CalledProcessError: Command '['/home/ubuntu/venvs/zkduel-table5/bin/python', '-u', 'benchmarks/field_sweep/triton_sweep.py', '--workloads', 'zk_complete_add_7', '--rounds', '28', '--bit-widths', '256', '--warmups', '2', '--repeats', '10', '--seed', '1', '--timing-mode', 'whole-run', '--challenge-mode', 'fixed', '--layout', 'element', '--point-mode', 'specialized', '--out', 'CAMERA-READY/h100/sweep_fixed/cases_zk_256/zk_complete_add_7_bw256_r28_triton.csv']' returned non-zero exit status 1.
skipped: zk_complete_add_7_bw256_r28 returncode=1
CAMERA-READY/h100/sweep_fixed/zk_256.csv
$ /home/ubuntu/venvs/zkduel-table5/bin/python -u benchmarks/field_sweep/compare_triton_cuda.py --workloads zk_complete_add_8 --bit-widths 256 --rounds 14 --warmups 2 --repeats 10 --seed 1 --timing-mode whole-run --challenge-mode fixed --layout element --point-mode specialized --block 128 --python /home/ubuntu/venvs/zkduel-table5/bin/python --triton-script benchmarks/field_sweep/triton_sweep.py --cuda-binary build/field_sumcheck_cuda_fixed --skip-build --triton-out CAMERA-READY/h100/sweep_fixed/cases_zk_256/zk_complete_add_8_bw256_r14_triton.csv --cuda-out CAMERA-READY/h100/sweep_fixed/cases_zk_256/zk_complete_add_8_bw256_r14_cuda.csv --out CAMERA-READY/h100/sweep_fixed/cases_zk_256/zk_complete_add_8_bw256_r14_joined.csv
$ /home/ubuntu/venvs/zkduel-table5/bin/python -u benchmarks/field_sweep/triton_sweep.py --workloads zk_complete_add_8 --rounds 14 --bit-widths 256 --warmups 2 --repeats 10 --seed 1 --timing-mode whole-run --challenge-mode fixed --layout element --point-mode specialized --out CAMERA-READY/h100/sweep_fixed/cases_zk_256/zk_complete_add_8_bw256_r14_triton.csv
zk_complete_add_8        field=p255_bls12_381_scalar        rounds=14 first_ms=80.551 median_ms=5.826 checksum=64721918569490
CAMERA-READY/h100/sweep_fixed/cases_zk_256/zk_complete_add_8_bw256_r14_triton.csv
$ build/field_sumcheck_cuda_fixed --workloads zk_complete_add_8 --rounds 14 --bit-widths 256 --warmups 2 --repeats 10 --seed 1 --timing-mode whole-run --challenge-mode fixed --layout element --point-mode specialized --block 128 --out CAMERA-READY/h100/sweep_fixed/cases_zk_256/zk_complete_add_8_bw256_r14_cuda.csv
zk_complete_add_8 field=p255_bls12_381_scalar rounds=14 first_ms=3.81797 median_ms=2.7292 checksum=64721918569490
zk_complete_add_8        field=p255_bls12_381_scalar        rounds=14 triton_ms=5.826 cuda_ms=2.7292 checksum_match=true speedup=2.134691
CAMERA-READY/h100/sweep_fixed/cases_zk_256/zk_complete_add_8_bw256_r14_joined.csv
ok: zk_complete_add_8_bw256_r14
CAMERA-READY/h100/sweep_fixed/zk_256.csv
$ /home/ubuntu/venvs/zkduel-table5/bin/python -u benchmarks/field_sweep/compare_triton_cuda.py --workloads zk_complete_add_8 --bit-widths 256 --rounds 16 --warmups 2 --repeats 10 --seed 1 --timing-mode whole-run --challenge-mode fixed --layout element --point-mode specialized --block 128 --python /home/ubuntu/venvs/zkduel-table5/bin/python --triton-script benchmarks/field_sweep/triton_sweep.py --cuda-binary build/field_sumcheck_cuda_fixed --skip-build --triton-out CAMERA-READY/h100/sweep_fixed/cases_zk_256/zk_complete_add_8_bw256_r16_triton.csv --cuda-out CAMERA-READY/h100/sweep_fixed/cases_zk_256/zk_complete_add_8_bw256_r16_cuda.csv --out CAMERA-READY/h100/sweep_fixed/cases_zk_256/zk_complete_add_8_bw256_r16_joined.csv
$ /home/ubuntu/venvs/zkduel-table5/bin/python -u benchmarks/field_sweep/triton_sweep.py --workloads zk_complete_add_8 --rounds 16 --bit-widths 256 --warmups 2 --repeats 10 --seed 1 --timing-mode whole-run --challenge-mode fixed --layout element --point-mode specialized --out CAMERA-READY/h100/sweep_fixed/cases_zk_256/zk_complete_add_8_bw256_r16_triton.csv
zk_complete_add_8        field=p255_bls12_381_scalar        rounds=16 first_ms=83.169 median_ms=7.693 checksum=71667032844355
CAMERA-READY/h100/sweep_fixed/cases_zk_256/zk_complete_add_8_bw256_r16_triton.csv
$ build/field_sumcheck_cuda_fixed --workloads zk_complete_add_8 --rounds 16 --bit-widths 256 --warmups 2 --repeats 10 --seed 1 --timing-mode whole-run --challenge-mode fixed --layout element --point-mode specialized --block 128 --out CAMERA-READY/h100/sweep_fixed/cases_zk_256/zk_complete_add_8_bw256_r16_cuda.csv
zk_complete_add_8 field=p255_bls12_381_scalar rounds=16 first_ms=4.37865 median_ms=3.33141 checksum=71667032844355
zk_complete_add_8        field=p255_bls12_381_scalar        rounds=16 triton_ms=7.693 cuda_ms=3.33141 checksum_match=true speedup=2.309232
CAMERA-READY/h100/sweep_fixed/cases_zk_256/zk_complete_add_8_bw256_r16_joined.csv
ok: zk_complete_add_8_bw256_r16
CAMERA-READY/h100/sweep_fixed/zk_256.csv
$ /home/ubuntu/venvs/zkduel-table5/bin/python -u benchmarks/field_sweep/compare_triton_cuda.py --workloads zk_complete_add_8 --bit-widths 256 --rounds 18 --warmups 2 --repeats 10 --seed 1 --timing-mode whole-run --challenge-mode fixed --layout element --point-mode specialized --block 128 --python /home/ubuntu/venvs/zkduel-table5/bin/python --triton-script benchmarks/field_sweep/triton_sweep.py --cuda-binary build/field_sumcheck_cuda_fixed --skip-build --triton-out CAMERA-READY/h100/sweep_fixed/cases_zk_256/zk_complete_add_8_bw256_r18_triton.csv --cuda-out CAMERA-READY/h100/sweep_fixed/cases_zk_256/zk_complete_add_8_bw256_r18_cuda.csv --out CAMERA-READY/h100/sweep_fixed/cases_zk_256/zk_complete_add_8_bw256_r18_joined.csv
$ /home/ubuntu/venvs/zkduel-table5/bin/python -u benchmarks/field_sweep/triton_sweep.py --workloads zk_complete_add_8 --rounds 18 --bit-widths 256 --warmups 2 --repeats 10 --seed 1 --timing-mode whole-run --challenge-mode fixed --layout element --point-mode specialized --out CAMERA-READY/h100/sweep_fixed/cases_zk_256/zk_complete_add_8_bw256_r18_triton.csv
zk_complete_add_8        field=p255_bls12_381_scalar        rounds=18 first_ms=85.581 median_ms=9.958 checksum=80032519064251
CAMERA-READY/h100/sweep_fixed/cases_zk_256/zk_complete_add_8_bw256_r18_triton.csv
$ build/field_sumcheck_cuda_fixed --workloads zk_complete_add_8 --rounds 18 --bit-widths 256 --warmups 2 --repeats 10 --seed 1 --timing-mode whole-run --challenge-mode fixed --layout element --point-mode specialized --block 128 --out CAMERA-READY/h100/sweep_fixed/cases_zk_256/zk_complete_add_8_bw256_r18_cuda.csv
zk_complete_add_8 field=p255_bls12_381_scalar rounds=18 first_ms=5.46387 median_ms=4.4521 checksum=80032519064251
zk_complete_add_8        field=p255_bls12_381_scalar        rounds=18 triton_ms=9.958 cuda_ms=4.4521 checksum_match=true speedup=2.236697
CAMERA-READY/h100/sweep_fixed/cases_zk_256/zk_complete_add_8_bw256_r18_joined.csv
ok: zk_complete_add_8_bw256_r18
CAMERA-READY/h100/sweep_fixed/zk_256.csv
$ /home/ubuntu/venvs/zkduel-table5/bin/python -u benchmarks/field_sweep/compare_triton_cuda.py --workloads zk_complete_add_8 --bit-widths 256 --rounds 20 --warmups 2 --repeats 10 --seed 1 --timing-mode whole-run --challenge-mode fixed --layout element --point-mode specialized --block 128 --python /home/ubuntu/venvs/zkduel-table5/bin/python --triton-script benchmarks/field_sweep/triton_sweep.py --cuda-binary build/field_sumcheck_cuda_fixed --skip-build --triton-out CAMERA-READY/h100/sweep_fixed/cases_zk_256/zk_complete_add_8_bw256_r20_triton.csv --cuda-out CAMERA-READY/h100/sweep_fixed/cases_zk_256/zk_complete_add_8_bw256_r20_cuda.csv --out CAMERA-READY/h100/sweep_fixed/cases_zk_256/zk_complete_add_8_bw256_r20_joined.csv
$ /home/ubuntu/venvs/zkduel-table5/bin/python -u benchmarks/field_sweep/triton_sweep.py --workloads zk_complete_add_8 --rounds 20 --bit-widths 256 --warmups 2 --repeats 10 --seed 1 --timing-mode whole-run --challenge-mode fixed --layout element --point-mode specialized --out CAMERA-READY/h100/sweep_fixed/cases_zk_256/zk_complete_add_8_bw256_r20_triton.csv
zk_complete_add_8        field=p255_bls12_381_scalar        rounds=20 first_ms=87.629 median_ms=13.291 checksum=86072749519367
CAMERA-READY/h100/sweep_fixed/cases_zk_256/zk_complete_add_8_bw256_r20_triton.csv
$ build/field_sumcheck_cuda_fixed --workloads zk_complete_add_8 --rounds 20 --bit-widths 256 --warmups 2 --repeats 10 --seed 1 --timing-mode whole-run --challenge-mode fixed --layout element --point-mode specialized --block 128 --out CAMERA-READY/h100/sweep_fixed/cases_zk_256/zk_complete_add_8_bw256_r20_cuda.csv
zk_complete_add_8 field=p255_bls12_381_scalar rounds=20 first_ms=8.28976 median_ms=7.23138 checksum=86072749519367
zk_complete_add_8        field=p255_bls12_381_scalar        rounds=20 triton_ms=13.291 cuda_ms=7.23138 checksum_match=true speedup=1.837962
CAMERA-READY/h100/sweep_fixed/cases_zk_256/zk_complete_add_8_bw256_r20_joined.csv
ok: zk_complete_add_8_bw256_r20
CAMERA-READY/h100/sweep_fixed/zk_256.csv
$ /home/ubuntu/venvs/zkduel-table5/bin/python -u benchmarks/field_sweep/compare_triton_cuda.py --workloads zk_complete_add_8 --bit-widths 256 --rounds 22 --warmups 2 --repeats 10 --seed 1 --timing-mode whole-run --challenge-mode fixed --layout element --point-mode specialized --block 128 --python /home/ubuntu/venvs/zkduel-table5/bin/python --triton-script benchmarks/field_sweep/triton_sweep.py --cuda-binary build/field_sumcheck_cuda_fixed --skip-build --triton-out CAMERA-READY/h100/sweep_fixed/cases_zk_256/zk_complete_add_8_bw256_r22_triton.csv --cuda-out CAMERA-READY/h100/sweep_fixed/cases_zk_256/zk_complete_add_8_bw256_r22_cuda.csv --out CAMERA-READY/h100/sweep_fixed/cases_zk_256/zk_complete_add_8_bw256_r22_joined.csv
$ /home/ubuntu/venvs/zkduel-table5/bin/python -u benchmarks/field_sweep/triton_sweep.py --workloads zk_complete_add_8 --rounds 22 --bit-widths 256 --warmups 2 --repeats 10 --seed 1 --timing-mode whole-run --challenge-mode fixed --layout element --point-mode specialized --out CAMERA-READY/h100/sweep_fixed/cases_zk_256/zk_complete_add_8_bw256_r22_triton.csv
zk_complete_add_8        field=p255_bls12_381_scalar        rounds=22 first_ms=97.557 median_ms=23.325 checksum=100819326577736
CAMERA-READY/h100/sweep_fixed/cases_zk_256/zk_complete_add_8_bw256_r22_triton.csv
$ build/field_sumcheck_cuda_fixed --workloads zk_complete_add_8 --rounds 22 --bit-widths 256 --warmups 2 --repeats 10 --seed 1 --timing-mode whole-run --challenge-mode fixed --layout element --point-mode specialized --block 128 --out CAMERA-READY/h100/sweep_fixed/cases_zk_256/zk_complete_add_8_bw256_r22_cuda.csv
zk_complete_add_8 field=p255_bls12_381_scalar rounds=22 first_ms=16.9328 median_ms=15.9343 checksum=100819326577736
zk_complete_add_8        field=p255_bls12_381_scalar        rounds=22 triton_ms=23.325 cuda_ms=15.9343 checksum_match=true speedup=1.463823
CAMERA-READY/h100/sweep_fixed/cases_zk_256/zk_complete_add_8_bw256_r22_joined.csv
ok: zk_complete_add_8_bw256_r22
CAMERA-READY/h100/sweep_fixed/zk_256.csv
$ /home/ubuntu/venvs/zkduel-table5/bin/python -u benchmarks/field_sweep/compare_triton_cuda.py --workloads zk_complete_add_8 --bit-widths 256 --rounds 24 --warmups 2 --repeats 10 --seed 1 --timing-mode whole-run --challenge-mode fixed --layout element --point-mode specialized --block 128 --python /home/ubuntu/venvs/zkduel-table5/bin/python --triton-script benchmarks/field_sweep/triton_sweep.py --cuda-binary build/field_sumcheck_cuda_fixed --skip-build --triton-out CAMERA-READY/h100/sweep_fixed/cases_zk_256/zk_complete_add_8_bw256_r24_triton.csv --cuda-out CAMERA-READY/h100/sweep_fixed/cases_zk_256/zk_complete_add_8_bw256_r24_cuda.csv --out CAMERA-READY/h100/sweep_fixed/cases_zk_256/zk_complete_add_8_bw256_r24_joined.csv
$ /home/ubuntu/venvs/zkduel-table5/bin/python -u benchmarks/field_sweep/triton_sweep.py --workloads zk_complete_add_8 --rounds 24 --bit-widths 256 --warmups 2 --repeats 10 --seed 1 --timing-mode whole-run --challenge-mode fixed --layout element --point-mode specialized --out CAMERA-READY/h100/sweep_fixed/cases_zk_256/zk_complete_add_8_bw256_r24_triton.csv
zk_complete_add_8        field=p255_bls12_381_scalar        rounds=24 first_ms=131.652 median_ms=60.826 checksum=107743887149652
CAMERA-READY/h100/sweep_fixed/cases_zk_256/zk_complete_add_8_bw256_r24_triton.csv
$ build/field_sumcheck_cuda_fixed --workloads zk_complete_add_8 --rounds 24 --bit-widths 256 --warmups 2 --repeats 10 --seed 1 --timing-mode whole-run --challenge-mode fixed --layout element --point-mode specialized --block 128 --out CAMERA-READY/h100/sweep_fixed/cases_zk_256/zk_complete_add_8_bw256_r24_cuda.csv
zk_complete_add_8 field=p255_bls12_381_scalar rounds=24 first_ms=49.6788 median_ms=48.4 checksum=107743887149652
zk_complete_add_8        field=p255_bls12_381_scalar        rounds=24 triton_ms=60.826 cuda_ms=48.4 checksum_match=true speedup=1.256736
CAMERA-READY/h100/sweep_fixed/cases_zk_256/zk_complete_add_8_bw256_r24_joined.csv
ok: zk_complete_add_8_bw256_r24
CAMERA-READY/h100/sweep_fixed/zk_256.csv
$ /home/ubuntu/venvs/zkduel-table5/bin/python -u benchmarks/field_sweep/compare_triton_cuda.py --workloads zk_complete_add_8 --bit-widths 256 --rounds 26 --warmups 2 --repeats 10 --seed 1 --timing-mode whole-run --challenge-mode fixed --layout element --point-mode specialized --block 128 --python /home/ubuntu/venvs/zkduel-table5/bin/python --triton-script benchmarks/field_sweep/triton_sweep.py --cuda-binary build/field_sumcheck_cuda_fixed --skip-build --triton-out CAMERA-READY/h100/sweep_fixed/cases_zk_256/zk_complete_add_8_bw256_r26_triton.csv --cuda-out CAMERA-READY/h100/sweep_fixed/cases_zk_256/zk_complete_add_8_bw256_r26_cuda.csv --out CAMERA-READY/h100/sweep_fixed/cases_zk_256/zk_complete_add_8_bw256_r26_joined.csv
$ /home/ubuntu/venvs/zkduel-table5/bin/python -u benchmarks/field_sweep/triton_sweep.py --workloads zk_complete_add_8 --rounds 26 --bit-widths 256 --warmups 2 --repeats 10 --seed 1 --timing-mode whole-run --challenge-mode fixed --layout element --point-mode specialized --out CAMERA-READY/h100/sweep_fixed/cases_zk_256/zk_complete_add_8_bw256_r26_triton.csv
zk_complete_add_8        field=p255_bls12_381_scalar        rounds=26 first_ms=280.020 median_ms=210.080 checksum=115022369023562
CAMERA-READY/h100/sweep_fixed/cases_zk_256/zk_complete_add_8_bw256_r26_triton.csv
$ build/field_sumcheck_cuda_fixed --workloads zk_complete_add_8 --rounds 26 --bit-widths 256 --warmups 2 --repeats 10 --seed 1 --timing-mode whole-run --challenge-mode fixed --layout element --point-mode specialized --block 128 --out CAMERA-READY/h100/sweep_fixed/cases_zk_256/zk_complete_add_8_bw256_r26_cuda.csv
zk_complete_add_8 field=p255_bls12_381_scalar rounds=26 first_ms=181.169 median_ms=178.089 checksum=115022369023562
zk_complete_add_8        field=p255_bls12_381_scalar        rounds=26 triton_ms=210.080 cuda_ms=178.089 checksum_match=true speedup=1.179635
CAMERA-READY/h100/sweep_fixed/cases_zk_256/zk_complete_add_8_bw256_r26_joined.csv
ok: zk_complete_add_8_bw256_r26
CAMERA-READY/h100/sweep_fixed/zk_256.csv
$ /home/ubuntu/venvs/zkduel-table5/bin/python -u benchmarks/field_sweep/compare_triton_cuda.py --workloads zk_complete_add_8 --bit-widths 256 --rounds 28 --warmups 2 --repeats 10 --seed 1 --timing-mode whole-run --challenge-mode fixed --layout element --point-mode specialized --block 128 --python /home/ubuntu/venvs/zkduel-table5/bin/python --triton-script benchmarks/field_sweep/triton_sweep.py --cuda-binary build/field_sumcheck_cuda_fixed --skip-build --triton-out CAMERA-READY/h100/sweep_fixed/cases_zk_256/zk_complete_add_8_bw256_r28_triton.csv --cuda-out CAMERA-READY/h100/sweep_fixed/cases_zk_256/zk_complete_add_8_bw256_r28_cuda.csv --out CAMERA-READY/h100/sweep_fixed/cases_zk_256/zk_complete_add_8_bw256_r28_joined.csv
$ /home/ubuntu/venvs/zkduel-table5/bin/python -u benchmarks/field_sweep/triton_sweep.py --workloads zk_complete_add_8 --rounds 28 --bit-widths 256 --warmups 2 --repeats 10 --seed 1 --timing-mode whole-run --challenge-mode fixed --layout element --point-mode specialized --out CAMERA-READY/h100/sweep_fixed/cases_zk_256/zk_complete_add_8_bw256_r28_triton.csv
Traceback (most recent call last):
  File "/home/ubuntu/sumcheck-triton/benchmarks/field_sweep/triton_sweep.py", line 918, in <module>
    raise SystemExit(main())
                     ^^^^^^
  File "/home/ubuntu/sumcheck-triton/benchmarks/field_sweep/triton_sweep.py", line 892, in main
    row = _time_one(
          ^^^^^^^^^^
  File "/home/ubuntu/sumcheck-triton/benchmarks/field_sweep/triton_sweep.py", line 645, in _time_one
    scratch_a = torch.empty_like(tables)
                ^^^^^^^^^^^^^^^^^^^^^^^^
torch.OutOfMemoryError: CUDA out of memory. Tried to allocate 40.00 GiB. GPU 0 has a total capacity of 79.19 GiB of which 38.66 GiB is free. Including non-PyTorch memory, this process has 40.52 GiB memory in use. Of the allocated memory 40.00 GiB is allocated by PyTorch, and 0 bytes is reserved by PyTorch but unallocated. If reserved but unallocated memory is large try setting PYTORCH_CUDA_ALLOC_CONF=expandable_segments:True to avoid fragmentation.  See documentation for Memory Management  (https://docs.pytorch.org/docs/stable/notes/cuda.html#optimizing-memory-usage-with-pytorch-cuda-alloc-conf)
Traceback (most recent call last):
  File "/home/ubuntu/sumcheck-triton/benchmarks/field_sweep/compare_triton_cuda.py", line 252, in <module>
    raise SystemExit(main())
                     ^^^^^^
  File "/home/ubuntu/sumcheck-triton/benchmarks/field_sweep/compare_triton_cuda.py", line 78, in main
    run(
  File "/home/ubuntu/sumcheck-triton/benchmarks/field_sweep/compare_triton_cuda.py", line 22, in run
    subprocess.run(cmd, check=True)
  File "/home/ubuntu/.local/share/uv/python/cpython-3.12.14-linux-x86_64-gnu/lib/python3.12/subprocess.py", line 571, in run
    raise CalledProcessError(retcode, process.args,
subprocess.CalledProcessError: Command '['/home/ubuntu/venvs/zkduel-table5/bin/python', '-u', 'benchmarks/field_sweep/triton_sweep.py', '--workloads', 'zk_complete_add_8', '--rounds', '28', '--bit-widths', '256', '--warmups', '2', '--repeats', '10', '--seed', '1', '--timing-mode', 'whole-run', '--challenge-mode', 'fixed', '--layout', 'element', '--point-mode', 'specialized', '--out', 'CAMERA-READY/h100/sweep_fixed/cases_zk_256/zk_complete_add_8_bw256_r28_triton.csv']' returned non-zero exit status 1.
skipped: zk_complete_add_8_bw256_r28 returncode=1
CAMERA-READY/h100/sweep_fixed/zk_256.csv
$ /home/ubuntu/venvs/zkduel-table5/bin/python -u benchmarks/field_sweep/compare_triton_cuda.py --workloads zk_complete_add_9 --bit-widths 256 --rounds 14 --warmups 2 --repeats 10 --seed 1 --timing-mode whole-run --challenge-mode fixed --layout element --point-mode specialized --block 128 --python /home/ubuntu/venvs/zkduel-table5/bin/python --triton-script benchmarks/field_sweep/triton_sweep.py --cuda-binary build/field_sumcheck_cuda_fixed --skip-build --triton-out CAMERA-READY/h100/sweep_fixed/cases_zk_256/zk_complete_add_9_bw256_r14_triton.csv --cuda-out CAMERA-READY/h100/sweep_fixed/cases_zk_256/zk_complete_add_9_bw256_r14_cuda.csv --out CAMERA-READY/h100/sweep_fixed/cases_zk_256/zk_complete_add_9_bw256_r14_joined.csv
$ /home/ubuntu/venvs/zkduel-table5/bin/python -u benchmarks/field_sweep/triton_sweep.py --workloads zk_complete_add_9 --rounds 14 --bit-widths 256 --warmups 2 --repeats 10 --seed 1 --timing-mode whole-run --challenge-mode fixed --layout element --point-mode specialized --out CAMERA-READY/h100/sweep_fixed/cases_zk_256/zk_complete_add_9_bw256_r14_triton.csv
zk_complete_add_9        field=p255_bls12_381_scalar        rounds=14 first_ms=81.334 median_ms=5.894 checksum=64721918569490
CAMERA-READY/h100/sweep_fixed/cases_zk_256/zk_complete_add_9_bw256_r14_triton.csv
$ build/field_sumcheck_cuda_fixed --workloads zk_complete_add_9 --rounds 14 --bit-widths 256 --warmups 2 --repeats 10 --seed 1 --timing-mode whole-run --challenge-mode fixed --layout element --point-mode specialized --block 128 --out CAMERA-READY/h100/sweep_fixed/cases_zk_256/zk_complete_add_9_bw256_r14_cuda.csv
zk_complete_add_9 field=p255_bls12_381_scalar rounds=14 first_ms=3.85965 median_ms=2.74083 checksum=64721918569490
zk_complete_add_9        field=p255_bls12_381_scalar        rounds=14 triton_ms=5.894 cuda_ms=2.74083 checksum_match=true speedup=2.150443
CAMERA-READY/h100/sweep_fixed/cases_zk_256/zk_complete_add_9_bw256_r14_joined.csv
ok: zk_complete_add_9_bw256_r14
CAMERA-READY/h100/sweep_fixed/zk_256.csv
$ /home/ubuntu/venvs/zkduel-table5/bin/python -u benchmarks/field_sweep/compare_triton_cuda.py --workloads zk_complete_add_9 --bit-widths 256 --rounds 16 --warmups 2 --repeats 10 --seed 1 --timing-mode whole-run --challenge-mode fixed --layout element --point-mode specialized --block 128 --python /home/ubuntu/venvs/zkduel-table5/bin/python --triton-script benchmarks/field_sweep/triton_sweep.py --cuda-binary build/field_sumcheck_cuda_fixed --skip-build --triton-out CAMERA-READY/h100/sweep_fixed/cases_zk_256/zk_complete_add_9_bw256_r16_triton.csv --cuda-out CAMERA-READY/h100/sweep_fixed/cases_zk_256/zk_complete_add_9_bw256_r16_cuda.csv --out CAMERA-READY/h100/sweep_fixed/cases_zk_256/zk_complete_add_9_bw256_r16_joined.csv
$ /home/ubuntu/venvs/zkduel-table5/bin/python -u benchmarks/field_sweep/triton_sweep.py --workloads zk_complete_add_9 --rounds 16 --bit-widths 256 --warmups 2 --repeats 10 --seed 1 --timing-mode whole-run --challenge-mode fixed --layout element --point-mode specialized --out CAMERA-READY/h100/sweep_fixed/cases_zk_256/zk_complete_add_9_bw256_r16_triton.csv
zk_complete_add_9        field=p255_bls12_381_scalar        rounds=16 first_ms=83.560 median_ms=7.779 checksum=71667032844355
CAMERA-READY/h100/sweep_fixed/cases_zk_256/zk_complete_add_9_bw256_r16_triton.csv
$ build/field_sumcheck_cuda_fixed --workloads zk_complete_add_9 --rounds 16 --bit-widths 256 --warmups 2 --repeats 10 --seed 1 --timing-mode whole-run --challenge-mode fixed --layout element --point-mode specialized --block 128 --out CAMERA-READY/h100/sweep_fixed/cases_zk_256/zk_complete_add_9_bw256_r16_cuda.csv
zk_complete_add_9 field=p255_bls12_381_scalar rounds=16 first_ms=4.43635 median_ms=3.34006 checksum=71667032844355
zk_complete_add_9        field=p255_bls12_381_scalar        rounds=16 triton_ms=7.779 cuda_ms=3.34006 checksum_match=true speedup=2.329000
CAMERA-READY/h100/sweep_fixed/cases_zk_256/zk_complete_add_9_bw256_r16_joined.csv
ok: zk_complete_add_9_bw256_r16
CAMERA-READY/h100/sweep_fixed/zk_256.csv
$ /home/ubuntu/venvs/zkduel-table5/bin/python -u benchmarks/field_sweep/compare_triton_cuda.py --workloads zk_complete_add_9 --bit-widths 256 --rounds 18 --warmups 2 --repeats 10 --seed 1 --timing-mode whole-run --challenge-mode fixed --layout element --point-mode specialized --block 128 --python /home/ubuntu/venvs/zkduel-table5/bin/python --triton-script benchmarks/field_sweep/triton_sweep.py --cuda-binary build/field_sumcheck_cuda_fixed --skip-build --triton-out CAMERA-READY/h100/sweep_fixed/cases_zk_256/zk_complete_add_9_bw256_r18_triton.csv --cuda-out CAMERA-READY/h100/sweep_fixed/cases_zk_256/zk_complete_add_9_bw256_r18_cuda.csv --out CAMERA-READY/h100/sweep_fixed/cases_zk_256/zk_complete_add_9_bw256_r18_joined.csv
$ /home/ubuntu/venvs/zkduel-table5/bin/python -u benchmarks/field_sweep/triton_sweep.py --workloads zk_complete_add_9 --rounds 18 --bit-widths 256 --warmups 2 --repeats 10 --seed 1 --timing-mode whole-run --challenge-mode fixed --layout element --point-mode specialized --out CAMERA-READY/h100/sweep_fixed/cases_zk_256/zk_complete_add_9_bw256_r18_triton.csv
zk_complete_add_9        field=p255_bls12_381_scalar        rounds=18 first_ms=85.850 median_ms=9.824 checksum=80032519064251
CAMERA-READY/h100/sweep_fixed/cases_zk_256/zk_complete_add_9_bw256_r18_triton.csv
$ build/field_sumcheck_cuda_fixed --workloads zk_complete_add_9 --rounds 18 --bit-widths 256 --warmups 2 --repeats 10 --seed 1 --timing-mode whole-run --challenge-mode fixed --layout element --point-mode specialized --block 128 --out CAMERA-READY/h100/sweep_fixed/cases_zk_256/zk_complete_add_9_bw256_r18_cuda.csv
zk_complete_add_9 field=p255_bls12_381_scalar rounds=18 first_ms=5.65345 median_ms=4.54368 checksum=80032519064251
zk_complete_add_9        field=p255_bls12_381_scalar        rounds=18 triton_ms=9.824 cuda_ms=4.54368 checksum_match=true speedup=2.162124
CAMERA-READY/h100/sweep_fixed/cases_zk_256/zk_complete_add_9_bw256_r18_joined.csv
ok: zk_complete_add_9_bw256_r18
CAMERA-READY/h100/sweep_fixed/zk_256.csv
$ /home/ubuntu/venvs/zkduel-table5/bin/python -u benchmarks/field_sweep/compare_triton_cuda.py --workloads zk_complete_add_9 --bit-widths 256 --rounds 20 --warmups 2 --repeats 10 --seed 1 --timing-mode whole-run --challenge-mode fixed --layout element --point-mode specialized --block 128 --python /home/ubuntu/venvs/zkduel-table5/bin/python --triton-script benchmarks/field_sweep/triton_sweep.py --cuda-binary build/field_sumcheck_cuda_fixed --skip-build --triton-out CAMERA-READY/h100/sweep_fixed/cases_zk_256/zk_complete_add_9_bw256_r20_triton.csv --cuda-out CAMERA-READY/h100/sweep_fixed/cases_zk_256/zk_complete_add_9_bw256_r20_cuda.csv --out CAMERA-READY/h100/sweep_fixed/cases_zk_256/zk_complete_add_9_bw256_r20_joined.csv
$ /home/ubuntu/venvs/zkduel-table5/bin/python -u benchmarks/field_sweep/triton_sweep.py --workloads zk_complete_add_9 --rounds 20 --bit-widths 256 --warmups 2 --repeats 10 --seed 1 --timing-mode whole-run --challenge-mode fixed --layout element --point-mode specialized --out CAMERA-READY/h100/sweep_fixed/cases_zk_256/zk_complete_add_9_bw256_r20_triton.csv
zk_complete_add_9        field=p255_bls12_381_scalar        rounds=20 first_ms=88.114 median_ms=13.045 checksum=86072749519367
CAMERA-READY/h100/sweep_fixed/cases_zk_256/zk_complete_add_9_bw256_r20_triton.csv
$ build/field_sumcheck_cuda_fixed --workloads zk_complete_add_9 --rounds 20 --bit-widths 256 --warmups 2 --repeats 10 --seed 1 --timing-mode whole-run --challenge-mode fixed --layout element --point-mode specialized --block 128 --out CAMERA-READY/h100/sweep_fixed/cases_zk_256/zk_complete_add_9_bw256_r20_cuda.csv
zk_complete_add_9 field=p255_bls12_381_scalar rounds=20 first_ms=8.40849 median_ms=7.30905 checksum=86072749519367
zk_complete_add_9        field=p255_bls12_381_scalar        rounds=20 triton_ms=13.045 cuda_ms=7.30905 checksum_match=true speedup=1.784774
CAMERA-READY/h100/sweep_fixed/cases_zk_256/zk_complete_add_9_bw256_r20_joined.csv
ok: zk_complete_add_9_bw256_r20
CAMERA-READY/h100/sweep_fixed/zk_256.csv
$ /home/ubuntu/venvs/zkduel-table5/bin/python -u benchmarks/field_sweep/compare_triton_cuda.py --workloads zk_complete_add_9 --bit-widths 256 --rounds 22 --warmups 2 --repeats 10 --seed 1 --timing-mode whole-run --challenge-mode fixed --layout element --point-mode specialized --block 128 --python /home/ubuntu/venvs/zkduel-table5/bin/python --triton-script benchmarks/field_sweep/triton_sweep.py --cuda-binary build/field_sumcheck_cuda_fixed --skip-build --triton-out CAMERA-READY/h100/sweep_fixed/cases_zk_256/zk_complete_add_9_bw256_r22_triton.csv --cuda-out CAMERA-READY/h100/sweep_fixed/cases_zk_256/zk_complete_add_9_bw256_r22_cuda.csv --out CAMERA-READY/h100/sweep_fixed/cases_zk_256/zk_complete_add_9_bw256_r22_joined.csv
$ /home/ubuntu/venvs/zkduel-table5/bin/python -u benchmarks/field_sweep/triton_sweep.py --workloads zk_complete_add_9 --rounds 22 --bit-widths 256 --warmups 2 --repeats 10 --seed 1 --timing-mode whole-run --challenge-mode fixed --layout element --point-mode specialized --out CAMERA-READY/h100/sweep_fixed/cases_zk_256/zk_complete_add_9_bw256_r22_triton.csv
zk_complete_add_9        field=p255_bls12_381_scalar        rounds=22 first_ms=96.654 median_ms=23.551 checksum=100819326577736
CAMERA-READY/h100/sweep_fixed/cases_zk_256/zk_complete_add_9_bw256_r22_triton.csv
$ build/field_sumcheck_cuda_fixed --workloads zk_complete_add_9 --rounds 22 --bit-widths 256 --warmups 2 --repeats 10 --seed 1 --timing-mode whole-run --challenge-mode fixed --layout element --point-mode specialized --block 128 --out CAMERA-READY/h100/sweep_fixed/cases_zk_256/zk_complete_add_9_bw256_r22_cuda.csv
zk_complete_add_9 field=p255_bls12_381_scalar rounds=22 first_ms=17.0646 median_ms=15.9691 checksum=100819326577736
zk_complete_add_9        field=p255_bls12_381_scalar        rounds=22 triton_ms=23.551 cuda_ms=15.9691 checksum_match=true speedup=1.474786
CAMERA-READY/h100/sweep_fixed/cases_zk_256/zk_complete_add_9_bw256_r22_joined.csv
ok: zk_complete_add_9_bw256_r22
CAMERA-READY/h100/sweep_fixed/zk_256.csv
$ /home/ubuntu/venvs/zkduel-table5/bin/python -u benchmarks/field_sweep/compare_triton_cuda.py --workloads zk_complete_add_9 --bit-widths 256 --rounds 24 --warmups 2 --repeats 10 --seed 1 --timing-mode whole-run --challenge-mode fixed --layout element --point-mode specialized --block 128 --python /home/ubuntu/venvs/zkduel-table5/bin/python --triton-script benchmarks/field_sweep/triton_sweep.py --cuda-binary build/field_sumcheck_cuda_fixed --skip-build --triton-out CAMERA-READY/h100/sweep_fixed/cases_zk_256/zk_complete_add_9_bw256_r24_triton.csv --cuda-out CAMERA-READY/h100/sweep_fixed/cases_zk_256/zk_complete_add_9_bw256_r24_cuda.csv --out CAMERA-READY/h100/sweep_fixed/cases_zk_256/zk_complete_add_9_bw256_r24_joined.csv
$ /home/ubuntu/venvs/zkduel-table5/bin/python -u benchmarks/field_sweep/triton_sweep.py --workloads zk_complete_add_9 --rounds 24 --bit-widths 256 --warmups 2 --repeats 10 --seed 1 --timing-mode whole-run --challenge-mode fixed --layout element --point-mode specialized --out CAMERA-READY/h100/sweep_fixed/cases_zk_256/zk_complete_add_9_bw256_r24_triton.csv
zk_complete_add_9        field=p255_bls12_381_scalar        rounds=24 first_ms=132.455 median_ms=60.273 checksum=107743887149652
CAMERA-READY/h100/sweep_fixed/cases_zk_256/zk_complete_add_9_bw256_r24_triton.csv
$ build/field_sumcheck_cuda_fixed --workloads zk_complete_add_9 --rounds 24 --bit-widths 256 --warmups 2 --repeats 10 --seed 1 --timing-mode whole-run --challenge-mode fixed --layout element --point-mode specialized --block 128 --out CAMERA-READY/h100/sweep_fixed/cases_zk_256/zk_complete_add_9_bw256_r24_cuda.csv
zk_complete_add_9 field=p255_bls12_381_scalar rounds=24 first_ms=49.7684 median_ms=48.4999 checksum=107743887149652
zk_complete_add_9        field=p255_bls12_381_scalar        rounds=24 triton_ms=60.273 cuda_ms=48.4999 checksum_match=true speedup=1.242745
CAMERA-READY/h100/sweep_fixed/cases_zk_256/zk_complete_add_9_bw256_r24_joined.csv
ok: zk_complete_add_9_bw256_r24
CAMERA-READY/h100/sweep_fixed/zk_256.csv
$ /home/ubuntu/venvs/zkduel-table5/bin/python -u benchmarks/field_sweep/compare_triton_cuda.py --workloads zk_complete_add_9 --bit-widths 256 --rounds 26 --warmups 2 --repeats 10 --seed 1 --timing-mode whole-run --challenge-mode fixed --layout element --point-mode specialized --block 128 --python /home/ubuntu/venvs/zkduel-table5/bin/python --triton-script benchmarks/field_sweep/triton_sweep.py --cuda-binary build/field_sumcheck_cuda_fixed --skip-build --triton-out CAMERA-READY/h100/sweep_fixed/cases_zk_256/zk_complete_add_9_bw256_r26_triton.csv --cuda-out CAMERA-READY/h100/sweep_fixed/cases_zk_256/zk_complete_add_9_bw256_r26_cuda.csv --out CAMERA-READY/h100/sweep_fixed/cases_zk_256/zk_complete_add_9_bw256_r26_joined.csv
$ /home/ubuntu/venvs/zkduel-table5/bin/python -u benchmarks/field_sweep/triton_sweep.py --workloads zk_complete_add_9 --rounds 26 --bit-widths 256 --warmups 2 --repeats 10 --seed 1 --timing-mode whole-run --challenge-mode fixed --layout element --point-mode specialized --out CAMERA-READY/h100/sweep_fixed/cases_zk_256/zk_complete_add_9_bw256_r26_triton.csv
zk_complete_add_9        field=p255_bls12_381_scalar        rounds=26 first_ms=277.660 median_ms=207.088 checksum=115022369023562
CAMERA-READY/h100/sweep_fixed/cases_zk_256/zk_complete_add_9_bw256_r26_triton.csv
$ build/field_sumcheck_cuda_fixed --workloads zk_complete_add_9 --rounds 26 --bit-widths 256 --warmups 2 --repeats 10 --seed 1 --timing-mode whole-run --challenge-mode fixed --layout element --point-mode specialized --block 128 --out CAMERA-READY/h100/sweep_fixed/cases_zk_256/zk_complete_add_9_bw256_r26_cuda.csv
zk_complete_add_9 field=p255_bls12_381_scalar rounds=26 first_ms=180.279 median_ms=179.688 checksum=115022369023562
zk_complete_add_9        field=p255_bls12_381_scalar        rounds=26 triton_ms=207.088 cuda_ms=179.688 checksum_match=true speedup=1.152487
CAMERA-READY/h100/sweep_fixed/cases_zk_256/zk_complete_add_9_bw256_r26_joined.csv
ok: zk_complete_add_9_bw256_r26
CAMERA-READY/h100/sweep_fixed/zk_256.csv
$ /home/ubuntu/venvs/zkduel-table5/bin/python -u benchmarks/field_sweep/compare_triton_cuda.py --workloads zk_complete_add_9 --bit-widths 256 --rounds 28 --warmups 2 --repeats 10 --seed 1 --timing-mode whole-run --challenge-mode fixed --layout element --point-mode specialized --block 128 --python /home/ubuntu/venvs/zkduel-table5/bin/python --triton-script benchmarks/field_sweep/triton_sweep.py --cuda-binary build/field_sumcheck_cuda_fixed --skip-build --triton-out CAMERA-READY/h100/sweep_fixed/cases_zk_256/zk_complete_add_9_bw256_r28_triton.csv --cuda-out CAMERA-READY/h100/sweep_fixed/cases_zk_256/zk_complete_add_9_bw256_r28_cuda.csv --out CAMERA-READY/h100/sweep_fixed/cases_zk_256/zk_complete_add_9_bw256_r28_joined.csv
$ /home/ubuntu/venvs/zkduel-table5/bin/python -u benchmarks/field_sweep/triton_sweep.py --workloads zk_complete_add_9 --rounds 28 --bit-widths 256 --warmups 2 --repeats 10 --seed 1 --timing-mode whole-run --challenge-mode fixed --layout element --point-mode specialized --out CAMERA-READY/h100/sweep_fixed/cases_zk_256/zk_complete_add_9_bw256_r28_triton.csv
Traceback (most recent call last):
  File "/home/ubuntu/sumcheck-triton/benchmarks/field_sweep/triton_sweep.py", line 918, in <module>
    raise SystemExit(main())
                     ^^^^^^
  File "/home/ubuntu/sumcheck-triton/benchmarks/field_sweep/triton_sweep.py", line 892, in main
    row = _time_one(
          ^^^^^^^^^^
  File "/home/ubuntu/sumcheck-triton/benchmarks/field_sweep/triton_sweep.py", line 645, in _time_one
    scratch_a = torch.empty_like(tables)
                ^^^^^^^^^^^^^^^^^^^^^^^^
torch.OutOfMemoryError: CUDA out of memory. Tried to allocate 40.00 GiB. GPU 0 has a total capacity of 79.19 GiB of which 38.66 GiB is free. Including non-PyTorch memory, this process has 40.52 GiB memory in use. Of the allocated memory 40.00 GiB is allocated by PyTorch, and 0 bytes is reserved by PyTorch but unallocated. If reserved but unallocated memory is large try setting PYTORCH_CUDA_ALLOC_CONF=expandable_segments:True to avoid fragmentation.  See documentation for Memory Management  (https://docs.pytorch.org/docs/stable/notes/cuda.html#optimizing-memory-usage-with-pytorch-cuda-alloc-conf)
Traceback (most recent call last):
  File "/home/ubuntu/sumcheck-triton/benchmarks/field_sweep/compare_triton_cuda.py", line 252, in <module>
    raise SystemExit(main())
                     ^^^^^^
  File "/home/ubuntu/sumcheck-triton/benchmarks/field_sweep/compare_triton_cuda.py", line 78, in main
    run(
  File "/home/ubuntu/sumcheck-triton/benchmarks/field_sweep/compare_triton_cuda.py", line 22, in run
    subprocess.run(cmd, check=True)
  File "/home/ubuntu/.local/share/uv/python/cpython-3.12.14-linux-x86_64-gnu/lib/python3.12/subprocess.py", line 571, in run
    raise CalledProcessError(retcode, process.args,
subprocess.CalledProcessError: Command '['/home/ubuntu/venvs/zkduel-table5/bin/python', '-u', 'benchmarks/field_sweep/triton_sweep.py', '--workloads', 'zk_complete_add_9', '--rounds', '28', '--bit-widths', '256', '--warmups', '2', '--repeats', '10', '--seed', '1', '--timing-mode', 'whole-run', '--challenge-mode', 'fixed', '--layout', 'element', '--point-mode', 'specialized', '--out', 'CAMERA-READY/h100/sweep_fixed/cases_zk_256/zk_complete_add_9_bw256_r28_triton.csv']' returned non-zero exit status 1.
skipped: zk_complete_add_9_bw256_r28 returncode=1
CAMERA-READY/h100/sweep_fixed/zk_256.csv
$ /home/ubuntu/venvs/zkduel-table5/bin/python -u benchmarks/field_sweep/compare_triton_cuda.py --workloads zk_complete_add_10 --bit-widths 256 --rounds 14 --warmups 2 --repeats 10 --seed 1 --timing-mode whole-run --challenge-mode fixed --layout element --point-mode specialized --block 128 --python /home/ubuntu/venvs/zkduel-table5/bin/python --triton-script benchmarks/field_sweep/triton_sweep.py --cuda-binary build/field_sumcheck_cuda_fixed --skip-build --triton-out CAMERA-READY/h100/sweep_fixed/cases_zk_256/zk_complete_add_10_bw256_r14_triton.csv --cuda-out CAMERA-READY/h100/sweep_fixed/cases_zk_256/zk_complete_add_10_bw256_r14_cuda.csv --out CAMERA-READY/h100/sweep_fixed/cases_zk_256/zk_complete_add_10_bw256_r14_joined.csv
$ /home/ubuntu/venvs/zkduel-table5/bin/python -u benchmarks/field_sweep/triton_sweep.py --workloads zk_complete_add_10 --rounds 14 --bit-widths 256 --warmups 2 --repeats 10 --seed 1 --timing-mode whole-run --challenge-mode fixed --layout element --point-mode specialized --out CAMERA-READY/h100/sweep_fixed/cases_zk_256/zk_complete_add_10_bw256_r14_triton.csv
zk_complete_add_10       field=p255_bls12_381_scalar        rounds=14 first_ms=81.353 median_ms=5.699 checksum=64721918569490
CAMERA-READY/h100/sweep_fixed/cases_zk_256/zk_complete_add_10_bw256_r14_triton.csv
$ build/field_sumcheck_cuda_fixed --workloads zk_complete_add_10 --rounds 14 --bit-widths 256 --warmups 2 --repeats 10 --seed 1 --timing-mode whole-run --challenge-mode fixed --layout element --point-mode specialized --block 128 --out CAMERA-READY/h100/sweep_fixed/cases_zk_256/zk_complete_add_10_bw256_r14_cuda.csv
zk_complete_add_10 field=p255_bls12_381_scalar rounds=14 first_ms=3.83408 median_ms=2.71678 checksum=64721918569490
zk_complete_add_10       field=p255_bls12_381_scalar        rounds=14 triton_ms=5.699 cuda_ms=2.71678 checksum_match=true speedup=2.097704
CAMERA-READY/h100/sweep_fixed/cases_zk_256/zk_complete_add_10_bw256_r14_joined.csv
ok: zk_complete_add_10_bw256_r14
CAMERA-READY/h100/sweep_fixed/zk_256.csv
$ /home/ubuntu/venvs/zkduel-table5/bin/python -u benchmarks/field_sweep/compare_triton_cuda.py --workloads zk_complete_add_10 --bit-widths 256 --rounds 16 --warmups 2 --repeats 10 --seed 1 --timing-mode whole-run --challenge-mode fixed --layout element --point-mode specialized --block 128 --python /home/ubuntu/venvs/zkduel-table5/bin/python --triton-script benchmarks/field_sweep/triton_sweep.py --cuda-binary build/field_sumcheck_cuda_fixed --skip-build --triton-out CAMERA-READY/h100/sweep_fixed/cases_zk_256/zk_complete_add_10_bw256_r16_triton.csv --cuda-out CAMERA-READY/h100/sweep_fixed/cases_zk_256/zk_complete_add_10_bw256_r16_cuda.csv --out CAMERA-READY/h100/sweep_fixed/cases_zk_256/zk_complete_add_10_bw256_r16_joined.csv
$ /home/ubuntu/venvs/zkduel-table5/bin/python -u benchmarks/field_sweep/triton_sweep.py --workloads zk_complete_add_10 --rounds 16 --bit-widths 256 --warmups 2 --repeats 10 --seed 1 --timing-mode whole-run --challenge-mode fixed --layout element --point-mode specialized --out CAMERA-READY/h100/sweep_fixed/cases_zk_256/zk_complete_add_10_bw256_r16_triton.csv
zk_complete_add_10       field=p255_bls12_381_scalar        rounds=16 first_ms=83.525 median_ms=7.934 checksum=71667032844355
CAMERA-READY/h100/sweep_fixed/cases_zk_256/zk_complete_add_10_bw256_r16_triton.csv
$ build/field_sumcheck_cuda_fixed --workloads zk_complete_add_10 --rounds 16 --bit-widths 256 --warmups 2 --repeats 10 --seed 1 --timing-mode whole-run --challenge-mode fixed --layout element --point-mode specialized --block 128 --out CAMERA-READY/h100/sweep_fixed/cases_zk_256/zk_complete_add_10_bw256_r16_cuda.csv
zk_complete_add_10 field=p255_bls12_381_scalar rounds=16 first_ms=4.4183 median_ms=3.31444 checksum=71667032844355
zk_complete_add_10       field=p255_bls12_381_scalar        rounds=16 triton_ms=7.934 cuda_ms=3.31444 checksum_match=true speedup=2.393768
CAMERA-READY/h100/sweep_fixed/cases_zk_256/zk_complete_add_10_bw256_r16_joined.csv
ok: zk_complete_add_10_bw256_r16
CAMERA-READY/h100/sweep_fixed/zk_256.csv
$ /home/ubuntu/venvs/zkduel-table5/bin/python -u benchmarks/field_sweep/compare_triton_cuda.py --workloads zk_complete_add_10 --bit-widths 256 --rounds 18 --warmups 2 --repeats 10 --seed 1 --timing-mode whole-run --challenge-mode fixed --layout element --point-mode specialized --block 128 --python /home/ubuntu/venvs/zkduel-table5/bin/python --triton-script benchmarks/field_sweep/triton_sweep.py --cuda-binary build/field_sumcheck_cuda_fixed --skip-build --triton-out CAMERA-READY/h100/sweep_fixed/cases_zk_256/zk_complete_add_10_bw256_r18_triton.csv --cuda-out CAMERA-READY/h100/sweep_fixed/cases_zk_256/zk_complete_add_10_bw256_r18_cuda.csv --out CAMERA-READY/h100/sweep_fixed/cases_zk_256/zk_complete_add_10_bw256_r18_joined.csv
$ /home/ubuntu/venvs/zkduel-table5/bin/python -u benchmarks/field_sweep/triton_sweep.py --workloads zk_complete_add_10 --rounds 18 --bit-widths 256 --warmups 2 --repeats 10 --seed 1 --timing-mode whole-run --challenge-mode fixed --layout element --point-mode specialized --out CAMERA-READY/h100/sweep_fixed/cases_zk_256/zk_complete_add_10_bw256_r18_triton.csv
zk_complete_add_10       field=p255_bls12_381_scalar        rounds=18 first_ms=85.432 median_ms=9.932 checksum=80032519064251
CAMERA-READY/h100/sweep_fixed/cases_zk_256/zk_complete_add_10_bw256_r18_triton.csv
$ build/field_sumcheck_cuda_fixed --workloads zk_complete_add_10 --rounds 18 --bit-widths 256 --warmups 2 --repeats 10 --seed 1 --timing-mode whole-run --challenge-mode fixed --layout element --point-mode specialized --block 128 --out CAMERA-READY/h100/sweep_fixed/cases_zk_256/zk_complete_add_10_bw256_r18_cuda.csv
zk_complete_add_10 field=p255_bls12_381_scalar rounds=18 first_ms=5.60592 median_ms=4.54694 checksum=80032519064251
zk_complete_add_10       field=p255_bls12_381_scalar        rounds=18 triton_ms=9.932 cuda_ms=4.54694 checksum_match=true speedup=2.184326
CAMERA-READY/h100/sweep_fixed/cases_zk_256/zk_complete_add_10_bw256_r18_joined.csv
ok: zk_complete_add_10_bw256_r18
CAMERA-READY/h100/sweep_fixed/zk_256.csv
$ /home/ubuntu/venvs/zkduel-table5/bin/python -u benchmarks/field_sweep/compare_triton_cuda.py --workloads zk_complete_add_10 --bit-widths 256 --rounds 20 --warmups 2 --repeats 10 --seed 1 --timing-mode whole-run --challenge-mode fixed --layout element --point-mode specialized --block 128 --python /home/ubuntu/venvs/zkduel-table5/bin/python --triton-script benchmarks/field_sweep/triton_sweep.py --cuda-binary build/field_sumcheck_cuda_fixed --skip-build --triton-out CAMERA-READY/h100/sweep_fixed/cases_zk_256/zk_complete_add_10_bw256_r20_triton.csv --cuda-out CAMERA-READY/h100/sweep_fixed/cases_zk_256/zk_complete_add_10_bw256_r20_cuda.csv --out CAMERA-READY/h100/sweep_fixed/cases_zk_256/zk_complete_add_10_bw256_r20_joined.csv
$ /home/ubuntu/venvs/zkduel-table5/bin/python -u benchmarks/field_sweep/triton_sweep.py --workloads zk_complete_add_10 --rounds 20 --bit-widths 256 --warmups 2 --repeats 10 --seed 1 --timing-mode whole-run --challenge-mode fixed --layout element --point-mode specialized --out CAMERA-READY/h100/sweep_fixed/cases_zk_256/zk_complete_add_10_bw256_r20_triton.csv
zk_complete_add_10       field=p255_bls12_381_scalar        rounds=20 first_ms=89.173 median_ms=13.358 checksum=86072749519367
CAMERA-READY/h100/sweep_fixed/cases_zk_256/zk_complete_add_10_bw256_r20_triton.csv
$ build/field_sumcheck_cuda_fixed --workloads zk_complete_add_10 --rounds 20 --bit-widths 256 --warmups 2 --repeats 10 --seed 1 --timing-mode whole-run --challenge-mode fixed --layout element --point-mode specialized --block 128 --out CAMERA-READY/h100/sweep_fixed/cases_zk_256/zk_complete_add_10_bw256_r20_cuda.csv
zk_complete_add_10 field=p255_bls12_381_scalar rounds=20 first_ms=8.27846 median_ms=7.21538 checksum=86072749519367
zk_complete_add_10       field=p255_bls12_381_scalar        rounds=20 triton_ms=13.358 cuda_ms=7.21538 checksum_match=true speedup=1.851323
CAMERA-READY/h100/sweep_fixed/cases_zk_256/zk_complete_add_10_bw256_r20_joined.csv
ok: zk_complete_add_10_bw256_r20
CAMERA-READY/h100/sweep_fixed/zk_256.csv
$ /home/ubuntu/venvs/zkduel-table5/bin/python -u benchmarks/field_sweep/compare_triton_cuda.py --workloads zk_complete_add_10 --bit-widths 256 --rounds 22 --warmups 2 --repeats 10 --seed 1 --timing-mode whole-run --challenge-mode fixed --layout element --point-mode specialized --block 128 --python /home/ubuntu/venvs/zkduel-table5/bin/python --triton-script benchmarks/field_sweep/triton_sweep.py --cuda-binary build/field_sumcheck_cuda_fixed --skip-build --triton-out CAMERA-READY/h100/sweep_fixed/cases_zk_256/zk_complete_add_10_bw256_r22_triton.csv --cuda-out CAMERA-READY/h100/sweep_fixed/cases_zk_256/zk_complete_add_10_bw256_r22_cuda.csv --out CAMERA-READY/h100/sweep_fixed/cases_zk_256/zk_complete_add_10_bw256_r22_joined.csv
$ /home/ubuntu/venvs/zkduel-table5/bin/python -u benchmarks/field_sweep/triton_sweep.py --workloads zk_complete_add_10 --rounds 22 --bit-widths 256 --warmups 2 --repeats 10 --seed 1 --timing-mode whole-run --challenge-mode fixed --layout element --point-mode specialized --out CAMERA-READY/h100/sweep_fixed/cases_zk_256/zk_complete_add_10_bw256_r22_triton.csv
zk_complete_add_10       field=p255_bls12_381_scalar        rounds=22 first_ms=97.644 median_ms=23.257 checksum=100819326577736
CAMERA-READY/h100/sweep_fixed/cases_zk_256/zk_complete_add_10_bw256_r22_triton.csv
$ build/field_sumcheck_cuda_fixed --workloads zk_complete_add_10 --rounds 22 --bit-widths 256 --warmups 2 --repeats 10 --seed 1 --timing-mode whole-run --challenge-mode fixed --layout element --point-mode specialized --block 128 --out CAMERA-READY/h100/sweep_fixed/cases_zk_256/zk_complete_add_10_bw256_r22_cuda.csv
zk_complete_add_10 field=p255_bls12_381_scalar rounds=22 first_ms=17.1406 median_ms=15.9504 checksum=100819326577736
zk_complete_add_10       field=p255_bls12_381_scalar        rounds=22 triton_ms=23.257 cuda_ms=15.9504 checksum_match=true speedup=1.458083
CAMERA-READY/h100/sweep_fixed/cases_zk_256/zk_complete_add_10_bw256_r22_joined.csv
ok: zk_complete_add_10_bw256_r22
CAMERA-READY/h100/sweep_fixed/zk_256.csv
$ /home/ubuntu/venvs/zkduel-table5/bin/python -u benchmarks/field_sweep/compare_triton_cuda.py --workloads zk_complete_add_10 --bit-widths 256 --rounds 24 --warmups 2 --repeats 10 --seed 1 --timing-mode whole-run --challenge-mode fixed --layout element --point-mode specialized --block 128 --python /home/ubuntu/venvs/zkduel-table5/bin/python --triton-script benchmarks/field_sweep/triton_sweep.py --cuda-binary build/field_sumcheck_cuda_fixed --skip-build --triton-out CAMERA-READY/h100/sweep_fixed/cases_zk_256/zk_complete_add_10_bw256_r24_triton.csv --cuda-out CAMERA-READY/h100/sweep_fixed/cases_zk_256/zk_complete_add_10_bw256_r24_cuda.csv --out CAMERA-READY/h100/sweep_fixed/cases_zk_256/zk_complete_add_10_bw256_r24_joined.csv
$ /home/ubuntu/venvs/zkduel-table5/bin/python -u benchmarks/field_sweep/triton_sweep.py --workloads zk_complete_add_10 --rounds 24 --bit-widths 256 --warmups 2 --repeats 10 --seed 1 --timing-mode whole-run --challenge-mode fixed --layout element --point-mode specialized --out CAMERA-READY/h100/sweep_fixed/cases_zk_256/zk_complete_add_10_bw256_r24_triton.csv
zk_complete_add_10       field=p255_bls12_381_scalar        rounds=24 first_ms=133.109 median_ms=61.100 checksum=107743887149652
CAMERA-READY/h100/sweep_fixed/cases_zk_256/zk_complete_add_10_bw256_r24_triton.csv
$ build/field_sumcheck_cuda_fixed --workloads zk_complete_add_10 --rounds 24 --bit-widths 256 --warmups 2 --repeats 10 --seed 1 --timing-mode whole-run --challenge-mode fixed --layout element --point-mode specialized --block 128 --out CAMERA-READY/h100/sweep_fixed/cases_zk_256/zk_complete_add_10_bw256_r24_cuda.csv
zk_complete_add_10 field=p255_bls12_381_scalar rounds=24 first_ms=49.4505 median_ms=48.255 checksum=107743887149652
zk_complete_add_10       field=p255_bls12_381_scalar        rounds=24 triton_ms=61.100 cuda_ms=48.255 checksum_match=true speedup=1.266190
CAMERA-READY/h100/sweep_fixed/cases_zk_256/zk_complete_add_10_bw256_r24_joined.csv
ok: zk_complete_add_10_bw256_r24
CAMERA-READY/h100/sweep_fixed/zk_256.csv
$ /home/ubuntu/venvs/zkduel-table5/bin/python -u benchmarks/field_sweep/compare_triton_cuda.py --workloads zk_complete_add_10 --bit-widths 256 --rounds 26 --warmups 2 --repeats 10 --seed 1 --timing-mode whole-run --challenge-mode fixed --layout element --point-mode specialized --block 128 --python /home/ubuntu/venvs/zkduel-table5/bin/python --triton-script benchmarks/field_sweep/triton_sweep.py --cuda-binary build/field_sumcheck_cuda_fixed --skip-build --triton-out CAMERA-READY/h100/sweep_fixed/cases_zk_256/zk_complete_add_10_bw256_r26_triton.csv --cuda-out CAMERA-READY/h100/sweep_fixed/cases_zk_256/zk_complete_add_10_bw256_r26_cuda.csv --out CAMERA-READY/h100/sweep_fixed/cases_zk_256/zk_complete_add_10_bw256_r26_joined.csv
$ /home/ubuntu/venvs/zkduel-table5/bin/python -u benchmarks/field_sweep/triton_sweep.py --workloads zk_complete_add_10 --rounds 26 --bit-widths 256 --warmups 2 --repeats 10 --seed 1 --timing-mode whole-run --challenge-mode fixed --layout element --point-mode specialized --out CAMERA-READY/h100/sweep_fixed/cases_zk_256/zk_complete_add_10_bw256_r26_triton.csv
zk_complete_add_10       field=p255_bls12_381_scalar        rounds=26 first_ms=277.358 median_ms=209.272 checksum=115022369023562
CAMERA-READY/h100/sweep_fixed/cases_zk_256/zk_complete_add_10_bw256_r26_triton.csv
$ build/field_sumcheck_cuda_fixed --workloads zk_complete_add_10 --rounds 26 --bit-widths 256 --warmups 2 --repeats 10 --seed 1 --timing-mode whole-run --challenge-mode fixed --layout element --point-mode specialized --block 128 --out CAMERA-READY/h100/sweep_fixed/cases_zk_256/zk_complete_add_10_bw256_r26_cuda.csv
zk_complete_add_10 field=p255_bls12_381_scalar rounds=26 first_ms=179.294 median_ms=179.332 checksum=115022369023562
zk_complete_add_10       field=p255_bls12_381_scalar        rounds=26 triton_ms=209.272 cuda_ms=179.332 checksum_match=true speedup=1.166953
CAMERA-READY/h100/sweep_fixed/cases_zk_256/zk_complete_add_10_bw256_r26_joined.csv
ok: zk_complete_add_10_bw256_r26
CAMERA-READY/h100/sweep_fixed/zk_256.csv
$ /home/ubuntu/venvs/zkduel-table5/bin/python -u benchmarks/field_sweep/compare_triton_cuda.py --workloads zk_complete_add_10 --bit-widths 256 --rounds 28 --warmups 2 --repeats 10 --seed 1 --timing-mode whole-run --challenge-mode fixed --layout element --point-mode specialized --block 128 --python /home/ubuntu/venvs/zkduel-table5/bin/python --triton-script benchmarks/field_sweep/triton_sweep.py --cuda-binary build/field_sumcheck_cuda_fixed --skip-build --triton-out CAMERA-READY/h100/sweep_fixed/cases_zk_256/zk_complete_add_10_bw256_r28_triton.csv --cuda-out CAMERA-READY/h100/sweep_fixed/cases_zk_256/zk_complete_add_10_bw256_r28_cuda.csv --out CAMERA-READY/h100/sweep_fixed/cases_zk_256/zk_complete_add_10_bw256_r28_joined.csv
$ /home/ubuntu/venvs/zkduel-table5/bin/python -u benchmarks/field_sweep/triton_sweep.py --workloads zk_complete_add_10 --rounds 28 --bit-widths 256 --warmups 2 --repeats 10 --seed 1 --timing-mode whole-run --challenge-mode fixed --layout element --point-mode specialized --out CAMERA-READY/h100/sweep_fixed/cases_zk_256/zk_complete_add_10_bw256_r28_triton.csv
Traceback (most recent call last):
  File "/home/ubuntu/sumcheck-triton/benchmarks/field_sweep/triton_sweep.py", line 918, in <module>
    raise SystemExit(main())
                     ^^^^^^
  File "/home/ubuntu/sumcheck-triton/benchmarks/field_sweep/triton_sweep.py", line 892, in main
    row = _time_one(
          ^^^^^^^^^^
  File "/home/ubuntu/sumcheck-triton/benchmarks/field_sweep/triton_sweep.py", line 645, in _time_one
    scratch_a = torch.empty_like(tables)
                ^^^^^^^^^^^^^^^^^^^^^^^^
torch.OutOfMemoryError: CUDA out of memory. Tried to allocate 40.00 GiB. GPU 0 has a total capacity of 79.19 GiB of which 38.66 GiB is free. Including non-PyTorch memory, this process has 40.52 GiB memory in use. Of the allocated memory 40.00 GiB is allocated by PyTorch, and 0 bytes is reserved by PyTorch but unallocated. If reserved but unallocated memory is large try setting PYTORCH_CUDA_ALLOC_CONF=expandable_segments:True to avoid fragmentation.  See documentation for Memory Management  (https://docs.pytorch.org/docs/stable/notes/cuda.html#optimizing-memory-usage-with-pytorch-cuda-alloc-conf)
Traceback (most recent call last):
  File "/home/ubuntu/sumcheck-triton/benchmarks/field_sweep/compare_triton_cuda.py", line 252, in <module>
    raise SystemExit(main())
                     ^^^^^^
  File "/home/ubuntu/sumcheck-triton/benchmarks/field_sweep/compare_triton_cuda.py", line 78, in main
    run(
  File "/home/ubuntu/sumcheck-triton/benchmarks/field_sweep/compare_triton_cuda.py", line 22, in run
    subprocess.run(cmd, check=True)
  File "/home/ubuntu/.local/share/uv/python/cpython-3.12.14-linux-x86_64-gnu/lib/python3.12/subprocess.py", line 571, in run
    raise CalledProcessError(retcode, process.args,
subprocess.CalledProcessError: Command '['/home/ubuntu/venvs/zkduel-table5/bin/python', '-u', 'benchmarks/field_sweep/triton_sweep.py', '--workloads', 'zk_complete_add_10', '--rounds', '28', '--bit-widths', '256', '--warmups', '2', '--repeats', '10', '--seed', '1', '--timing-mode', 'whole-run', '--challenge-mode', 'fixed', '--layout', 'element', '--point-mode', 'specialized', '--out', 'CAMERA-READY/h100/sweep_fixed/cases_zk_256/zk_complete_add_10_bw256_r28_triton.csv']' returned non-zero exit status 1.
skipped: zk_complete_add_10_bw256_r28 returncode=1
CAMERA-READY/h100/sweep_fixed/zk_256.csv
$ /home/ubuntu/venvs/zkduel-table5/bin/python -u benchmarks/field_sweep/compare_triton_cuda.py --workloads zk_complete_add_11 --bit-widths 256 --rounds 14 --warmups 2 --repeats 10 --seed 1 --timing-mode whole-run --challenge-mode fixed --layout element --point-mode specialized --block 128 --python /home/ubuntu/venvs/zkduel-table5/bin/python --triton-script benchmarks/field_sweep/triton_sweep.py --cuda-binary build/field_sumcheck_cuda_fixed --skip-build --triton-out CAMERA-READY/h100/sweep_fixed/cases_zk_256/zk_complete_add_11_bw256_r14_triton.csv --cuda-out CAMERA-READY/h100/sweep_fixed/cases_zk_256/zk_complete_add_11_bw256_r14_cuda.csv --out CAMERA-READY/h100/sweep_fixed/cases_zk_256/zk_complete_add_11_bw256_r14_joined.csv
$ /home/ubuntu/venvs/zkduel-table5/bin/python -u benchmarks/field_sweep/triton_sweep.py --workloads zk_complete_add_11 --rounds 14 --bit-widths 256 --warmups 2 --repeats 10 --seed 1 --timing-mode whole-run --challenge-mode fixed --layout element --point-mode specialized --out CAMERA-READY/h100/sweep_fixed/cases_zk_256/zk_complete_add_11_bw256_r14_triton.csv
zk_complete_add_11       field=p255_bls12_381_scalar        rounds=14 first_ms=97.625 median_ms=6.612 checksum=62956770791525
CAMERA-READY/h100/sweep_fixed/cases_zk_256/zk_complete_add_11_bw256_r14_triton.csv
$ build/field_sumcheck_cuda_fixed --workloads zk_complete_add_11 --rounds 14 --bit-widths 256 --warmups 2 --repeats 10 --seed 1 --timing-mode whole-run --challenge-mode fixed --layout element --point-mode specialized --block 128 --out CAMERA-READY/h100/sweep_fixed/cases_zk_256/zk_complete_add_11_bw256_r14_cuda.csv
zk_complete_add_11 field=p255_bls12_381_scalar rounds=14 first_ms=5.29985 median_ms=3.67121 checksum=62956770791525
zk_complete_add_11       field=p255_bls12_381_scalar        rounds=14 triton_ms=6.612 cuda_ms=3.67121 checksum_match=true speedup=1.801041
CAMERA-READY/h100/sweep_fixed/cases_zk_256/zk_complete_add_11_bw256_r14_joined.csv
ok: zk_complete_add_11_bw256_r14
CAMERA-READY/h100/sweep_fixed/zk_256.csv
$ /home/ubuntu/venvs/zkduel-table5/bin/python -u benchmarks/field_sweep/compare_triton_cuda.py --workloads zk_complete_add_11 --bit-widths 256 --rounds 16 --warmups 2 --repeats 10 --seed 1 --timing-mode whole-run --challenge-mode fixed --layout element --point-mode specialized --block 128 --python /home/ubuntu/venvs/zkduel-table5/bin/python --triton-script benchmarks/field_sweep/triton_sweep.py --cuda-binary build/field_sumcheck_cuda_fixed --skip-build --triton-out CAMERA-READY/h100/sweep_fixed/cases_zk_256/zk_complete_add_11_bw256_r16_triton.csv --cuda-out CAMERA-READY/h100/sweep_fixed/cases_zk_256/zk_complete_add_11_bw256_r16_cuda.csv --out CAMERA-READY/h100/sweep_fixed/cases_zk_256/zk_complete_add_11_bw256_r16_joined.csv
$ /home/ubuntu/venvs/zkduel-table5/bin/python -u benchmarks/field_sweep/triton_sweep.py --workloads zk_complete_add_11 --rounds 16 --bit-widths 256 --warmups 2 --repeats 10 --seed 1 --timing-mode whole-run --challenge-mode fixed --layout element --point-mode specialized --out CAMERA-READY/h100/sweep_fixed/cases_zk_256/zk_complete_add_11_bw256_r16_triton.csv
zk_complete_add_11       field=p255_bls12_381_scalar        rounds=16 first_ms=62.098 median_ms=5.815 checksum=70762978740454
CAMERA-READY/h100/sweep_fixed/cases_zk_256/zk_complete_add_11_bw256_r16_triton.csv
$ build/field_sumcheck_cuda_fixed --workloads zk_complete_add_11 --rounds 16 --bit-widths 256 --warmups 2 --repeats 10 --seed 1 --timing-mode whole-run --challenge-mode fixed --layout element --point-mode specialized --block 128 --out CAMERA-READY/h100/sweep_fixed/cases_zk_256/zk_complete_add_11_bw256_r16_cuda.csv
zk_complete_add_11 field=p255_bls12_381_scalar rounds=16 first_ms=6.03754 median_ms=4.51621 checksum=70762978740454
zk_complete_add_11       field=p255_bls12_381_scalar        rounds=16 triton_ms=5.815 cuda_ms=4.51621 checksum_match=true speedup=1.287584
CAMERA-READY/h100/sweep_fixed/cases_zk_256/zk_complete_add_11_bw256_r16_joined.csv
ok: zk_complete_add_11_bw256_r16
CAMERA-READY/h100/sweep_fixed/zk_256.csv
$ /home/ubuntu/venvs/zkduel-table5/bin/python -u benchmarks/field_sweep/compare_triton_cuda.py --workloads zk_complete_add_11 --bit-widths 256 --rounds 18 --warmups 2 --repeats 10 --seed 1 --timing-mode whole-run --challenge-mode fixed --layout element --point-mode specialized --block 128 --python /home/ubuntu/venvs/zkduel-table5/bin/python --triton-script benchmarks/field_sweep/triton_sweep.py --cuda-binary build/field_sumcheck_cuda_fixed --skip-build --triton-out CAMERA-READY/h100/sweep_fixed/cases_zk_256/zk_complete_add_11_bw256_r18_triton.csv --cuda-out CAMERA-READY/h100/sweep_fixed/cases_zk_256/zk_complete_add_11_bw256_r18_cuda.csv --out CAMERA-READY/h100/sweep_fixed/cases_zk_256/zk_complete_add_11_bw256_r18_joined.csv
$ /home/ubuntu/venvs/zkduel-table5/bin/python -u benchmarks/field_sweep/triton_sweep.py --workloads zk_complete_add_11 --rounds 18 --bit-widths 256 --warmups 2 --repeats 10 --seed 1 --timing-mode whole-run --challenge-mode fixed --layout element --point-mode specialized --out CAMERA-READY/h100/sweep_fixed/cases_zk_256/zk_complete_add_11_bw256_r18_triton.csv
zk_complete_add_11       field=p255_bls12_381_scalar        rounds=18 first_ms=103.859 median_ms=10.722 checksum=77049406967767
CAMERA-READY/h100/sweep_fixed/cases_zk_256/zk_complete_add_11_bw256_r18_triton.csv
$ build/field_sumcheck_cuda_fixed --workloads zk_complete_add_11 --rounds 18 --bit-widths 256 --warmups 2 --repeats 10 --seed 1 --timing-mode whole-run --challenge-mode fixed --layout element --point-mode specialized --block 128 --out CAMERA-READY/h100/sweep_fixed/cases_zk_256/zk_complete_add_11_bw256_r18_cuda.csv
zk_complete_add_11 field=p255_bls12_381_scalar rounds=18 first_ms=8.05415 median_ms=6.51106 checksum=77049406967767
zk_complete_add_11       field=p255_bls12_381_scalar        rounds=18 triton_ms=10.722 cuda_ms=6.51106 checksum_match=true speedup=1.646736
CAMERA-READY/h100/sweep_fixed/cases_zk_256/zk_complete_add_11_bw256_r18_joined.csv
ok: zk_complete_add_11_bw256_r18
CAMERA-READY/h100/sweep_fixed/zk_256.csv
$ /home/ubuntu/venvs/zkduel-table5/bin/python -u benchmarks/field_sweep/compare_triton_cuda.py --workloads zk_complete_add_11 --bit-widths 256 --rounds 20 --warmups 2 --repeats 10 --seed 1 --timing-mode whole-run --challenge-mode fixed --layout element --point-mode specialized --block 128 --python /home/ubuntu/venvs/zkduel-table5/bin/python --triton-script benchmarks/field_sweep/triton_sweep.py --cuda-binary build/field_sumcheck_cuda_fixed --skip-build --triton-out CAMERA-READY/h100/sweep_fixed/cases_zk_256/zk_complete_add_11_bw256_r20_triton.csv --cuda-out CAMERA-READY/h100/sweep_fixed/cases_zk_256/zk_complete_add_11_bw256_r20_cuda.csv --out CAMERA-READY/h100/sweep_fixed/cases_zk_256/zk_complete_add_11_bw256_r20_joined.csv
$ /home/ubuntu/venvs/zkduel-table5/bin/python -u benchmarks/field_sweep/triton_sweep.py --workloads zk_complete_add_11 --rounds 20 --bit-widths 256 --warmups 2 --repeats 10 --seed 1 --timing-mode whole-run --challenge-mode fixed --layout element --point-mode specialized --out CAMERA-READY/h100/sweep_fixed/cases_zk_256/zk_complete_add_11_bw256_r20_triton.csv
zk_complete_add_11       field=p255_bls12_381_scalar        rounds=20 first_ms=68.218 median_ms=14.097 checksum=86279251806969
CAMERA-READY/h100/sweep_fixed/cases_zk_256/zk_complete_add_11_bw256_r20_triton.csv
$ build/field_sumcheck_cuda_fixed --workloads zk_complete_add_11 --rounds 20 --bit-widths 256 --warmups 2 --repeats 10 --seed 1 --timing-mode whole-run --challenge-mode fixed --layout element --point-mode specialized --block 128 --out CAMERA-READY/h100/sweep_fixed/cases_zk_256/zk_complete_add_11_bw256_r20_cuda.csv
zk_complete_add_11 field=p255_bls12_381_scalar rounds=20 first_ms=13.06 median_ms=11.5112 checksum=86279251806969
zk_complete_add_11       field=p255_bls12_381_scalar        rounds=20 triton_ms=14.097 cuda_ms=11.5112 checksum_match=true speedup=1.224633
CAMERA-READY/h100/sweep_fixed/cases_zk_256/zk_complete_add_11_bw256_r20_joined.csv
ok: zk_complete_add_11_bw256_r20
CAMERA-READY/h100/sweep_fixed/zk_256.csv
$ /home/ubuntu/venvs/zkduel-table5/bin/python -u benchmarks/field_sweep/compare_triton_cuda.py --workloads zk_complete_add_11 --bit-widths 256 --rounds 22 --warmups 2 --repeats 10 --seed 1 --timing-mode whole-run --challenge-mode fixed --layout element --point-mode specialized --block 128 --python /home/ubuntu/venvs/zkduel-table5/bin/python --triton-script benchmarks/field_sweep/triton_sweep.py --cuda-binary build/field_sumcheck_cuda_fixed --skip-build --triton-out CAMERA-READY/h100/sweep_fixed/cases_zk_256/zk_complete_add_11_bw256_r22_triton.csv --cuda-out CAMERA-READY/h100/sweep_fixed/cases_zk_256/zk_complete_add_11_bw256_r22_cuda.csv --out CAMERA-READY/h100/sweep_fixed/cases_zk_256/zk_complete_add_11_bw256_r22_joined.csv
$ /home/ubuntu/venvs/zkduel-table5/bin/python -u benchmarks/field_sweep/triton_sweep.py --workloads zk_complete_add_11 --rounds 22 --bit-widths 256 --warmups 2 --repeats 10 --seed 1 --timing-mode whole-run --challenge-mode fixed --layout element --point-mode specialized --out CAMERA-READY/h100/sweep_fixed/cases_zk_256/zk_complete_add_11_bw256_r22_triton.csv
zk_complete_add_11       field=p255_bls12_381_scalar        rounds=22 first_ms=127.629 median_ms=39.050 checksum=95160275634970
CAMERA-READY/h100/sweep_fixed/cases_zk_256/zk_complete_add_11_bw256_r22_triton.csv
$ build/field_sumcheck_cuda_fixed --workloads zk_complete_add_11 --rounds 22 --bit-widths 256 --warmups 2 --repeats 10 --seed 1 --timing-mode whole-run --challenge-mode fixed --layout element --point-mode specialized --block 128 --out CAMERA-READY/h100/sweep_fixed/cases_zk_256/zk_complete_add_11_bw256_r22_cuda.csv
zk_complete_add_11 field=p255_bls12_381_scalar rounds=22 first_ms=29.9217 median_ms=28.4665 checksum=95160275634970
zk_complete_add_11       field=p255_bls12_381_scalar        rounds=22 triton_ms=39.050 cuda_ms=28.4665 checksum_match=true speedup=1.371788
CAMERA-READY/h100/sweep_fixed/cases_zk_256/zk_complete_add_11_bw256_r22_joined.csv
ok: zk_complete_add_11_bw256_r22
CAMERA-READY/h100/sweep_fixed/zk_256.csv
$ /home/ubuntu/venvs/zkduel-table5/bin/python -u benchmarks/field_sweep/compare_triton_cuda.py --workloads zk_complete_add_11 --bit-widths 256 --rounds 24 --warmups 2 --repeats 10 --seed 1 --timing-mode whole-run --challenge-mode fixed --layout element --point-mode specialized --block 128 --python /home/ubuntu/venvs/zkduel-table5/bin/python --triton-script benchmarks/field_sweep/triton_sweep.py --cuda-binary build/field_sumcheck_cuda_fixed --skip-build --triton-out CAMERA-READY/h100/sweep_fixed/cases_zk_256/zk_complete_add_11_bw256_r24_triton.csv --cuda-out CAMERA-READY/h100/sweep_fixed/cases_zk_256/zk_complete_add_11_bw256_r24_cuda.csv --out CAMERA-READY/h100/sweep_fixed/cases_zk_256/zk_complete_add_11_bw256_r24_joined.csv
$ /home/ubuntu/venvs/zkduel-table5/bin/python -u benchmarks/field_sweep/triton_sweep.py --workloads zk_complete_add_11 --rounds 24 --bit-widths 256 --warmups 2 --repeats 10 --seed 1 --timing-mode whole-run --challenge-mode fixed --layout element --point-mode specialized --out CAMERA-READY/h100/sweep_fixed/cases_zk_256/zk_complete_add_11_bw256_r24_triton.csv
zk_complete_add_11       field=p255_bls12_381_scalar        rounds=24 first_ms=210.570 median_ms=121.478 checksum=104209935896092
CAMERA-READY/h100/sweep_fixed/cases_zk_256/zk_complete_add_11_bw256_r24_triton.csv
$ build/field_sumcheck_cuda_fixed --workloads zk_complete_add_11 --rounds 24 --bit-widths 256 --warmups 2 --repeats 10 --seed 1 --timing-mode whole-run --challenge-mode fixed --layout element --point-mode specialized --block 128 --out CAMERA-READY/h100/sweep_fixed/cases_zk_256/zk_complete_add_11_bw256_r24_cuda.csv
zk_complete_add_11 field=p255_bls12_381_scalar rounds=24 first_ms=95.1697 median_ms=93.7283 checksum=104209935896092
zk_complete_add_11       field=p255_bls12_381_scalar        rounds=24 triton_ms=121.478 cuda_ms=93.7283 checksum_match=true speedup=1.296065
CAMERA-READY/h100/sweep_fixed/cases_zk_256/zk_complete_add_11_bw256_r24_joined.csv
ok: zk_complete_add_11_bw256_r24
CAMERA-READY/h100/sweep_fixed/zk_256.csv
$ /home/ubuntu/venvs/zkduel-table5/bin/python -u benchmarks/field_sweep/compare_triton_cuda.py --workloads zk_complete_add_11 --bit-widths 256 --rounds 26 --warmups 2 --repeats 10 --seed 1 --timing-mode whole-run --challenge-mode fixed --layout element --point-mode specialized --block 128 --python /home/ubuntu/venvs/zkduel-table5/bin/python --triton-script benchmarks/field_sweep/triton_sweep.py --cuda-binary build/field_sumcheck_cuda_fixed --skip-build --triton-out CAMERA-READY/h100/sweep_fixed/cases_zk_256/zk_complete_add_11_bw256_r26_triton.csv --cuda-out CAMERA-READY/h100/sweep_fixed/cases_zk_256/zk_complete_add_11_bw256_r26_cuda.csv --out CAMERA-READY/h100/sweep_fixed/cases_zk_256/zk_complete_add_11_bw256_r26_joined.csv
$ /home/ubuntu/venvs/zkduel-table5/bin/python -u benchmarks/field_sweep/triton_sweep.py --workloads zk_complete_add_11 --rounds 26 --bit-widths 256 --warmups 2 --repeats 10 --seed 1 --timing-mode whole-run --challenge-mode fixed --layout element --point-mode specialized --out CAMERA-READY/h100/sweep_fixed/cases_zk_256/zk_complete_add_11_bw256_r26_triton.csv
zk_complete_add_11       field=p255_bls12_381_scalar        rounds=26 first_ms=533.645 median_ms=445.938 checksum=118405546766377
CAMERA-READY/h100/sweep_fixed/cases_zk_256/zk_complete_add_11_bw256_r26_triton.csv
$ build/field_sumcheck_cuda_fixed --workloads zk_complete_add_11 --rounds 26 --bit-widths 256 --warmups 2 --repeats 10 --seed 1 --timing-mode whole-run --challenge-mode fixed --layout element --point-mode specialized --block 128 --out CAMERA-READY/h100/sweep_fixed/cases_zk_256/zk_complete_add_11_bw256_r26_cuda.csv
zk_complete_add_11 field=p255_bls12_381_scalar rounds=26 first_ms=354.105 median_ms=347.76 checksum=118405546766377
zk_complete_add_11       field=p255_bls12_381_scalar        rounds=26 triton_ms=445.938 cuda_ms=347.76 checksum_match=true speedup=1.282315
CAMERA-READY/h100/sweep_fixed/cases_zk_256/zk_complete_add_11_bw256_r26_joined.csv
ok: zk_complete_add_11_bw256_r26
CAMERA-READY/h100/sweep_fixed/zk_256.csv
$ /home/ubuntu/venvs/zkduel-table5/bin/python -u benchmarks/field_sweep/compare_triton_cuda.py --workloads zk_complete_add_11 --bit-widths 256 --rounds 28 --warmups 2 --repeats 10 --seed 1 --timing-mode whole-run --challenge-mode fixed --layout element --point-mode specialized --block 128 --python /home/ubuntu/venvs/zkduel-table5/bin/python --triton-script benchmarks/field_sweep/triton_sweep.py --cuda-binary build/field_sumcheck_cuda_fixed --skip-build --triton-out CAMERA-READY/h100/sweep_fixed/cases_zk_256/zk_complete_add_11_bw256_r28_triton.csv --cuda-out CAMERA-READY/h100/sweep_fixed/cases_zk_256/zk_complete_add_11_bw256_r28_cuda.csv --out CAMERA-READY/h100/sweep_fixed/cases_zk_256/zk_complete_add_11_bw256_r28_joined.csv
$ /home/ubuntu/venvs/zkduel-table5/bin/python -u benchmarks/field_sweep/triton_sweep.py --workloads zk_complete_add_11 --rounds 28 --bit-widths 256 --warmups 2 --repeats 10 --seed 1 --timing-mode whole-run --challenge-mode fixed --layout element --point-mode specialized --out CAMERA-READY/h100/sweep_fixed/cases_zk_256/zk_complete_add_11_bw256_r28_triton.csv
Traceback (most recent call last):
  File "/home/ubuntu/sumcheck-triton/benchmarks/field_sweep/triton_sweep.py", line 918, in <module>
    raise SystemExit(main())
                     ^^^^^^
  File "/home/ubuntu/sumcheck-triton/benchmarks/field_sweep/triton_sweep.py", line 892, in main
    row = _time_one(
          ^^^^^^^^^^
  File "/home/ubuntu/sumcheck-triton/benchmarks/field_sweep/triton_sweep.py", line 645, in _time_one
    scratch_a = torch.empty_like(tables)
                ^^^^^^^^^^^^^^^^^^^^^^^^
torch.OutOfMemoryError: CUDA out of memory. Tried to allocate 64.00 GiB. GPU 0 has a total capacity of 79.19 GiB of which 14.66 GiB is free. Including non-PyTorch memory, this process has 64.52 GiB memory in use. Of the allocated memory 64.00 GiB is allocated by PyTorch, and 0 bytes is reserved by PyTorch but unallocated. If reserved but unallocated memory is large try setting PYTORCH_CUDA_ALLOC_CONF=expandable_segments:True to avoid fragmentation.  See documentation for Memory Management  (https://docs.pytorch.org/docs/stable/notes/cuda.html#optimizing-memory-usage-with-pytorch-cuda-alloc-conf)
Traceback (most recent call last):
  File "/home/ubuntu/sumcheck-triton/benchmarks/field_sweep/compare_triton_cuda.py", line 252, in <module>
    raise SystemExit(main())
                     ^^^^^^
  File "/home/ubuntu/sumcheck-triton/benchmarks/field_sweep/compare_triton_cuda.py", line 78, in main
    run(
  File "/home/ubuntu/sumcheck-triton/benchmarks/field_sweep/compare_triton_cuda.py", line 22, in run
    subprocess.run(cmd, check=True)
  File "/home/ubuntu/.local/share/uv/python/cpython-3.12.14-linux-x86_64-gnu/lib/python3.12/subprocess.py", line 571, in run
    raise CalledProcessError(retcode, process.args,
subprocess.CalledProcessError: Command '['/home/ubuntu/venvs/zkduel-table5/bin/python', '-u', 'benchmarks/field_sweep/triton_sweep.py', '--workloads', 'zk_complete_add_11', '--rounds', '28', '--bit-widths', '256', '--warmups', '2', '--repeats', '10', '--seed', '1', '--timing-mode', 'whole-run', '--challenge-mode', 'fixed', '--layout', 'element', '--point-mode', 'specialized', '--out', 'CAMERA-READY/h100/sweep_fixed/cases_zk_256/zk_complete_add_11_bw256_r28_triton.csv']' returned non-zero exit status 1.
skipped: zk_complete_add_11_bw256_r28 returncode=1
CAMERA-READY/h100/sweep_fixed/zk_256.csv
$ /home/ubuntu/venvs/zkduel-table5/bin/python -u benchmarks/field_sweep/compare_triton_cuda.py --workloads zk_complete_add_12 --bit-widths 256 --rounds 14 --warmups 2 --repeats 10 --seed 1 --timing-mode whole-run --challenge-mode fixed --layout element --point-mode specialized --block 128 --python /home/ubuntu/venvs/zkduel-table5/bin/python --triton-script benchmarks/field_sweep/triton_sweep.py --cuda-binary build/field_sumcheck_cuda_fixed --skip-build --triton-out CAMERA-READY/h100/sweep_fixed/cases_zk_256/zk_complete_add_12_bw256_r14_triton.csv --cuda-out CAMERA-READY/h100/sweep_fixed/cases_zk_256/zk_complete_add_12_bw256_r14_cuda.csv --out CAMERA-READY/h100/sweep_fixed/cases_zk_256/zk_complete_add_12_bw256_r14_joined.csv
$ /home/ubuntu/venvs/zkduel-table5/bin/python -u benchmarks/field_sweep/triton_sweep.py --workloads zk_complete_add_12 --rounds 14 --bit-widths 256 --warmups 2 --repeats 10 --seed 1 --timing-mode whole-run --challenge-mode fixed --layout element --point-mode specialized --out CAMERA-READY/h100/sweep_fixed/cases_zk_256/zk_complete_add_12_bw256_r14_triton.csv
zk_complete_add_12       field=p255_bls12_381_scalar        rounds=14 first_ms=100.359 median_ms=6.484 checksum=62956770791525
CAMERA-READY/h100/sweep_fixed/cases_zk_256/zk_complete_add_12_bw256_r14_triton.csv
$ build/field_sumcheck_cuda_fixed --workloads zk_complete_add_12 --rounds 14 --bit-widths 256 --warmups 2 --repeats 10 --seed 1 --timing-mode whole-run --challenge-mode fixed --layout element --point-mode specialized --block 128 --out CAMERA-READY/h100/sweep_fixed/cases_zk_256/zk_complete_add_12_bw256_r14_cuda.csv
zk_complete_add_12 field=p255_bls12_381_scalar rounds=14 first_ms=5.22741 median_ms=3.65925 checksum=62956770791525
zk_complete_add_12       field=p255_bls12_381_scalar        rounds=14 triton_ms=6.484 cuda_ms=3.65925 checksum_match=true speedup=1.771948
CAMERA-READY/h100/sweep_fixed/cases_zk_256/zk_complete_add_12_bw256_r14_joined.csv
ok: zk_complete_add_12_bw256_r14
CAMERA-READY/h100/sweep_fixed/zk_256.csv
$ /home/ubuntu/venvs/zkduel-table5/bin/python -u benchmarks/field_sweep/compare_triton_cuda.py --workloads zk_complete_add_12 --bit-widths 256 --rounds 16 --warmups 2 --repeats 10 --seed 1 --timing-mode whole-run --challenge-mode fixed --layout element --point-mode specialized --block 128 --python /home/ubuntu/venvs/zkduel-table5/bin/python --triton-script benchmarks/field_sweep/triton_sweep.py --cuda-binary build/field_sumcheck_cuda_fixed --skip-build --triton-out CAMERA-READY/h100/sweep_fixed/cases_zk_256/zk_complete_add_12_bw256_r16_triton.csv --cuda-out CAMERA-READY/h100/sweep_fixed/cases_zk_256/zk_complete_add_12_bw256_r16_cuda.csv --out CAMERA-READY/h100/sweep_fixed/cases_zk_256/zk_complete_add_12_bw256_r16_joined.csv
$ /home/ubuntu/venvs/zkduel-table5/bin/python -u benchmarks/field_sweep/triton_sweep.py --workloads zk_complete_add_12 --rounds 16 --bit-widths 256 --warmups 2 --repeats 10 --seed 1 --timing-mode whole-run --challenge-mode fixed --layout element --point-mode specialized --out CAMERA-READY/h100/sweep_fixed/cases_zk_256/zk_complete_add_12_bw256_r16_triton.csv
zk_complete_add_12       field=p255_bls12_381_scalar        rounds=16 first_ms=99.171 median_ms=8.414 checksum=70762978740454
CAMERA-READY/h100/sweep_fixed/cases_zk_256/zk_complete_add_12_bw256_r16_triton.csv
$ build/field_sumcheck_cuda_fixed --workloads zk_complete_add_12 --rounds 16 --bit-widths 256 --warmups 2 --repeats 10 --seed 1 --timing-mode whole-run --challenge-mode fixed --layout element --point-mode specialized --block 128 --out CAMERA-READY/h100/sweep_fixed/cases_zk_256/zk_complete_add_12_bw256_r16_cuda.csv
zk_complete_add_12 field=p255_bls12_381_scalar rounds=16 first_ms=6.02499 median_ms=4.47727 checksum=70762978740454
zk_complete_add_12       field=p255_bls12_381_scalar        rounds=16 triton_ms=8.414 cuda_ms=4.47727 checksum_match=true speedup=1.879270
CAMERA-READY/h100/sweep_fixed/cases_zk_256/zk_complete_add_12_bw256_r16_joined.csv
ok: zk_complete_add_12_bw256_r16
CAMERA-READY/h100/sweep_fixed/zk_256.csv
$ /home/ubuntu/venvs/zkduel-table5/bin/python -u benchmarks/field_sweep/compare_triton_cuda.py --workloads zk_complete_add_12 --bit-widths 256 --rounds 18 --warmups 2 --repeats 10 --seed 1 --timing-mode whole-run --challenge-mode fixed --layout element --point-mode specialized --block 128 --python /home/ubuntu/venvs/zkduel-table5/bin/python --triton-script benchmarks/field_sweep/triton_sweep.py --cuda-binary build/field_sumcheck_cuda_fixed --skip-build --triton-out CAMERA-READY/h100/sweep_fixed/cases_zk_256/zk_complete_add_12_bw256_r18_triton.csv --cuda-out CAMERA-READY/h100/sweep_fixed/cases_zk_256/zk_complete_add_12_bw256_r18_cuda.csv --out CAMERA-READY/h100/sweep_fixed/cases_zk_256/zk_complete_add_12_bw256_r18_joined.csv
$ /home/ubuntu/venvs/zkduel-table5/bin/python -u benchmarks/field_sweep/triton_sweep.py --workloads zk_complete_add_12 --rounds 18 --bit-widths 256 --warmups 2 --repeats 10 --seed 1 --timing-mode whole-run --challenge-mode fixed --layout element --point-mode specialized --out CAMERA-READY/h100/sweep_fixed/cases_zk_256/zk_complete_add_12_bw256_r18_triton.csv
zk_complete_add_12       field=p255_bls12_381_scalar        rounds=18 first_ms=101.309 median_ms=10.761 checksum=77049406967767
CAMERA-READY/h100/sweep_fixed/cases_zk_256/zk_complete_add_12_bw256_r18_triton.csv
$ build/field_sumcheck_cuda_fixed --workloads zk_complete_add_12 --rounds 18 --bit-widths 256 --warmups 2 --repeats 10 --seed 1 --timing-mode whole-run --challenge-mode fixed --layout element --point-mode specialized --block 128 --out CAMERA-READY/h100/sweep_fixed/cases_zk_256/zk_complete_add_12_bw256_r18_cuda.csv
zk_complete_add_12 field=p255_bls12_381_scalar rounds=18 first_ms=7.9825 median_ms=6.47341 checksum=77049406967767
zk_complete_add_12       field=p255_bls12_381_scalar        rounds=18 triton_ms=10.761 cuda_ms=6.47341 checksum_match=true speedup=1.662339
CAMERA-READY/h100/sweep_fixed/cases_zk_256/zk_complete_add_12_bw256_r18_joined.csv
ok: zk_complete_add_12_bw256_r18
CAMERA-READY/h100/sweep_fixed/zk_256.csv
$ /home/ubuntu/venvs/zkduel-table5/bin/python -u benchmarks/field_sweep/compare_triton_cuda.py --workloads zk_complete_add_12 --bit-widths 256 --rounds 20 --warmups 2 --repeats 10 --seed 1 --timing-mode whole-run --challenge-mode fixed --layout element --point-mode specialized --block 128 --python /home/ubuntu/venvs/zkduel-table5/bin/python --triton-script benchmarks/field_sweep/triton_sweep.py --cuda-binary build/field_sumcheck_cuda_fixed --skip-build --triton-out CAMERA-READY/h100/sweep_fixed/cases_zk_256/zk_complete_add_12_bw256_r20_triton.csv --cuda-out CAMERA-READY/h100/sweep_fixed/cases_zk_256/zk_complete_add_12_bw256_r20_cuda.csv --out CAMERA-READY/h100/sweep_fixed/cases_zk_256/zk_complete_add_12_bw256_r20_joined.csv
$ /home/ubuntu/venvs/zkduel-table5/bin/python -u benchmarks/field_sweep/triton_sweep.py --workloads zk_complete_add_12 --rounds 20 --bit-widths 256 --warmups 2 --repeats 10 --seed 1 --timing-mode whole-run --challenge-mode fixed --layout element --point-mode specialized --out CAMERA-READY/h100/sweep_fixed/cases_zk_256/zk_complete_add_12_bw256_r20_triton.csv
zk_complete_add_12       field=p255_bls12_381_scalar        rounds=20 first_ms=107.244 median_ms=17.158 checksum=86279251806969
CAMERA-READY/h100/sweep_fixed/cases_zk_256/zk_complete_add_12_bw256_r20_triton.csv
$ build/field_sumcheck_cuda_fixed --workloads zk_complete_add_12 --rounds 20 --bit-widths 256 --warmups 2 --repeats 10 --seed 1 --timing-mode whole-run --challenge-mode fixed --layout element --point-mode specialized --block 128 --out CAMERA-READY/h100/sweep_fixed/cases_zk_256/zk_complete_add_12_bw256_r20_cuda.csv
zk_complete_add_12 field=p255_bls12_381_scalar rounds=20 first_ms=13.0178 median_ms=11.452 checksum=86279251806969
zk_complete_add_12       field=p255_bls12_381_scalar        rounds=20 triton_ms=17.158 cuda_ms=11.452 checksum_match=true speedup=1.498254
CAMERA-READY/h100/sweep_fixed/cases_zk_256/zk_complete_add_12_bw256_r20_joined.csv
ok: zk_complete_add_12_bw256_r20
CAMERA-READY/h100/sweep_fixed/zk_256.csv
$ /home/ubuntu/venvs/zkduel-table5/bin/python -u benchmarks/field_sweep/compare_triton_cuda.py --workloads zk_complete_add_12 --bit-widths 256 --rounds 22 --warmups 2 --repeats 10 --seed 1 --timing-mode whole-run --challenge-mode fixed --layout element --point-mode specialized --block 128 --python /home/ubuntu/venvs/zkduel-table5/bin/python --triton-script benchmarks/field_sweep/triton_sweep.py --cuda-binary build/field_sumcheck_cuda_fixed --skip-build --triton-out CAMERA-READY/h100/sweep_fixed/cases_zk_256/zk_complete_add_12_bw256_r22_triton.csv --cuda-out CAMERA-READY/h100/sweep_fixed/cases_zk_256/zk_complete_add_12_bw256_r22_cuda.csv --out CAMERA-READY/h100/sweep_fixed/cases_zk_256/zk_complete_add_12_bw256_r22_joined.csv
$ /home/ubuntu/venvs/zkduel-table5/bin/python -u benchmarks/field_sweep/triton_sweep.py --workloads zk_complete_add_12 --rounds 22 --bit-widths 256 --warmups 2 --repeats 10 --seed 1 --timing-mode whole-run --challenge-mode fixed --layout element --point-mode specialized --out CAMERA-READY/h100/sweep_fixed/cases_zk_256/zk_complete_add_12_bw256_r22_triton.csv
zk_complete_add_12       field=p255_bls12_381_scalar        rounds=22 first_ms=126.982 median_ms=38.871 checksum=95160275634970
CAMERA-READY/h100/sweep_fixed/cases_zk_256/zk_complete_add_12_bw256_r22_triton.csv
$ build/field_sumcheck_cuda_fixed --workloads zk_complete_add_12 --rounds 22 --bit-widths 256 --warmups 2 --repeats 10 --seed 1 --timing-mode whole-run --challenge-mode fixed --layout element --point-mode specialized --block 128 --out CAMERA-READY/h100/sweep_fixed/cases_zk_256/zk_complete_add_12_bw256_r22_cuda.csv
zk_complete_add_12 field=p255_bls12_381_scalar rounds=22 first_ms=30.1055 median_ms=28.5311 checksum=95160275634970
zk_complete_add_12       field=p255_bls12_381_scalar        rounds=22 triton_ms=38.871 cuda_ms=28.5311 checksum_match=true speedup=1.362408
CAMERA-READY/h100/sweep_fixed/cases_zk_256/zk_complete_add_12_bw256_r22_joined.csv
ok: zk_complete_add_12_bw256_r22
CAMERA-READY/h100/sweep_fixed/zk_256.csv
$ /home/ubuntu/venvs/zkduel-table5/bin/python -u benchmarks/field_sweep/compare_triton_cuda.py --workloads zk_complete_add_12 --bit-widths 256 --rounds 24 --warmups 2 --repeats 10 --seed 1 --timing-mode whole-run --challenge-mode fixed --layout element --point-mode specialized --block 128 --python /home/ubuntu/venvs/zkduel-table5/bin/python --triton-script benchmarks/field_sweep/triton_sweep.py --cuda-binary build/field_sumcheck_cuda_fixed --skip-build --triton-out CAMERA-READY/h100/sweep_fixed/cases_zk_256/zk_complete_add_12_bw256_r24_triton.csv --cuda-out CAMERA-READY/h100/sweep_fixed/cases_zk_256/zk_complete_add_12_bw256_r24_cuda.csv --out CAMERA-READY/h100/sweep_fixed/cases_zk_256/zk_complete_add_12_bw256_r24_joined.csv
$ /home/ubuntu/venvs/zkduel-table5/bin/python -u benchmarks/field_sweep/triton_sweep.py --workloads zk_complete_add_12 --rounds 24 --bit-widths 256 --warmups 2 --repeats 10 --seed 1 --timing-mode whole-run --challenge-mode fixed --layout element --point-mode specialized --out CAMERA-READY/h100/sweep_fixed/cases_zk_256/zk_complete_add_12_bw256_r24_triton.csv
zk_complete_add_12       field=p255_bls12_381_scalar        rounds=24 first_ms=207.769 median_ms=121.461 checksum=104209935896092
CAMERA-READY/h100/sweep_fixed/cases_zk_256/zk_complete_add_12_bw256_r24_triton.csv
$ build/field_sumcheck_cuda_fixed --workloads zk_complete_add_12 --rounds 24 --bit-widths 256 --warmups 2 --repeats 10 --seed 1 --timing-mode whole-run --challenge-mode fixed --layout element --point-mode specialized --block 128 --out CAMERA-READY/h100/sweep_fixed/cases_zk_256/zk_complete_add_12_bw256_r24_cuda.csv
zk_complete_add_12 field=p255_bls12_381_scalar rounds=24 first_ms=135.297 median_ms=93.8116 checksum=104209935896092
zk_complete_add_12       field=p255_bls12_381_scalar        rounds=24 triton_ms=121.461 cuda_ms=93.8116 checksum_match=true speedup=1.294733
CAMERA-READY/h100/sweep_fixed/cases_zk_256/zk_complete_add_12_bw256_r24_joined.csv
ok: zk_complete_add_12_bw256_r24
CAMERA-READY/h100/sweep_fixed/zk_256.csv
$ /home/ubuntu/venvs/zkduel-table5/bin/python -u benchmarks/field_sweep/compare_triton_cuda.py --workloads zk_complete_add_12 --bit-widths 256 --rounds 26 --warmups 2 --repeats 10 --seed 1 --timing-mode whole-run --challenge-mode fixed --layout element --point-mode specialized --block 128 --python /home/ubuntu/venvs/zkduel-table5/bin/python --triton-script benchmarks/field_sweep/triton_sweep.py --cuda-binary build/field_sumcheck_cuda_fixed --skip-build --triton-out CAMERA-READY/h100/sweep_fixed/cases_zk_256/zk_complete_add_12_bw256_r26_triton.csv --cuda-out CAMERA-READY/h100/sweep_fixed/cases_zk_256/zk_complete_add_12_bw256_r26_cuda.csv --out CAMERA-READY/h100/sweep_fixed/cases_zk_256/zk_complete_add_12_bw256_r26_joined.csv
$ /home/ubuntu/venvs/zkduel-table5/bin/python -u benchmarks/field_sweep/triton_sweep.py --workloads zk_complete_add_12 --rounds 26 --bit-widths 256 --warmups 2 --repeats 10 --seed 1 --timing-mode whole-run --challenge-mode fixed --layout element --point-mode specialized --out CAMERA-READY/h100/sweep_fixed/cases_zk_256/zk_complete_add_12_bw256_r26_triton.csv
zk_complete_add_12       field=p255_bls12_381_scalar        rounds=26 first_ms=535.181 median_ms=447.572 checksum=118405546766377
CAMERA-READY/h100/sweep_fixed/cases_zk_256/zk_complete_add_12_bw256_r26_triton.csv
$ build/field_sumcheck_cuda_fixed --workloads zk_complete_add_12 --rounds 26 --bit-widths 256 --warmups 2 --repeats 10 --seed 1 --timing-mode whole-run --challenge-mode fixed --layout element --point-mode specialized --block 128 --out CAMERA-READY/h100/sweep_fixed/cases_zk_256/zk_complete_add_12_bw256_r26_cuda.csv
zk_complete_add_12 field=p255_bls12_381_scalar rounds=26 first_ms=354.27 median_ms=348.543 checksum=118405546766377
zk_complete_add_12       field=p255_bls12_381_scalar        rounds=26 triton_ms=447.572 cuda_ms=348.543 checksum_match=true speedup=1.284123
CAMERA-READY/h100/sweep_fixed/cases_zk_256/zk_complete_add_12_bw256_r26_joined.csv
ok: zk_complete_add_12_bw256_r26
CAMERA-READY/h100/sweep_fixed/zk_256.csv
$ /home/ubuntu/venvs/zkduel-table5/bin/python -u benchmarks/field_sweep/compare_triton_cuda.py --workloads zk_complete_add_12 --bit-widths 256 --rounds 28 --warmups 2 --repeats 10 --seed 1 --timing-mode whole-run --challenge-mode fixed --layout element --point-mode specialized --block 128 --python /home/ubuntu/venvs/zkduel-table5/bin/python --triton-script benchmarks/field_sweep/triton_sweep.py --cuda-binary build/field_sumcheck_cuda_fixed --skip-build --triton-out CAMERA-READY/h100/sweep_fixed/cases_zk_256/zk_complete_add_12_bw256_r28_triton.csv --cuda-out CAMERA-READY/h100/sweep_fixed/cases_zk_256/zk_complete_add_12_bw256_r28_cuda.csv --out CAMERA-READY/h100/sweep_fixed/cases_zk_256/zk_complete_add_12_bw256_r28_joined.csv
$ /home/ubuntu/venvs/zkduel-table5/bin/python -u benchmarks/field_sweep/triton_sweep.py --workloads zk_complete_add_12 --rounds 28 --bit-widths 256 --warmups 2 --repeats 10 --seed 1 --timing-mode whole-run --challenge-mode fixed --layout element --point-mode specialized --out CAMERA-READY/h100/sweep_fixed/cases_zk_256/zk_complete_add_12_bw256_r28_triton.csv
Traceback (most recent call last):
  File "/home/ubuntu/sumcheck-triton/benchmarks/field_sweep/triton_sweep.py", line 918, in <module>
    raise SystemExit(main())
                     ^^^^^^
  File "/home/ubuntu/sumcheck-triton/benchmarks/field_sweep/triton_sweep.py", line 892, in main
    row = _time_one(
          ^^^^^^^^^^
  File "/home/ubuntu/sumcheck-triton/benchmarks/field_sweep/triton_sweep.py", line 645, in _time_one
    scratch_a = torch.empty_like(tables)
                ^^^^^^^^^^^^^^^^^^^^^^^^
torch.OutOfMemoryError: CUDA out of memory. Tried to allocate 64.00 GiB. GPU 0 has a total capacity of 79.19 GiB of which 14.66 GiB is free. Including non-PyTorch memory, this process has 64.52 GiB memory in use. Of the allocated memory 64.00 GiB is allocated by PyTorch, and 0 bytes is reserved by PyTorch but unallocated. If reserved but unallocated memory is large try setting PYTORCH_CUDA_ALLOC_CONF=expandable_segments:True to avoid fragmentation.  See documentation for Memory Management  (https://docs.pytorch.org/docs/stable/notes/cuda.html#optimizing-memory-usage-with-pytorch-cuda-alloc-conf)
Traceback (most recent call last):
  File "/home/ubuntu/sumcheck-triton/benchmarks/field_sweep/compare_triton_cuda.py", line 252, in <module>
    raise SystemExit(main())
                     ^^^^^^
  File "/home/ubuntu/sumcheck-triton/benchmarks/field_sweep/compare_triton_cuda.py", line 78, in main
    run(
  File "/home/ubuntu/sumcheck-triton/benchmarks/field_sweep/compare_triton_cuda.py", line 22, in run
    subprocess.run(cmd, check=True)
  File "/home/ubuntu/.local/share/uv/python/cpython-3.12.14-linux-x86_64-gnu/lib/python3.12/subprocess.py", line 571, in run
    raise CalledProcessError(retcode, process.args,
subprocess.CalledProcessError: Command '['/home/ubuntu/venvs/zkduel-table5/bin/python', '-u', 'benchmarks/field_sweep/triton_sweep.py', '--workloads', 'zk_complete_add_12', '--rounds', '28', '--bit-widths', '256', '--warmups', '2', '--repeats', '10', '--seed', '1', '--timing-mode', 'whole-run', '--challenge-mode', 'fixed', '--layout', 'element', '--point-mode', 'specialized', '--out', 'CAMERA-READY/h100/sweep_fixed/cases_zk_256/zk_complete_add_12_bw256_r28_triton.csv']' returned non-zero exit status 1.
skipped: zk_complete_add_12_bw256_r28 returncode=1
CAMERA-READY/h100/sweep_fixed/zk_256.csv
$ /home/ubuntu/venvs/zkduel-table5/bin/python -u benchmarks/field_sweep/compare_triton_cuda.py --workloads zk_vanilla_zerocheck_hp --bit-widths 256 --rounds 14 --warmups 2 --repeats 10 --seed 1 --timing-mode whole-run --challenge-mode fixed --layout element --point-mode specialized --block 128 --python /home/ubuntu/venvs/zkduel-table5/bin/python --triton-script benchmarks/field_sweep/triton_sweep.py --cuda-binary build/field_sumcheck_cuda_fixed --skip-build --triton-out CAMERA-READY/h100/sweep_fixed/cases_zk_256/zk_vanilla_zerocheck_hp_bw256_r14_triton.csv --cuda-out CAMERA-READY/h100/sweep_fixed/cases_zk_256/zk_vanilla_zerocheck_hp_bw256_r14_cuda.csv --out CAMERA-READY/h100/sweep_fixed/cases_zk_256/zk_vanilla_zerocheck_hp_bw256_r14_joined.csv
$ /home/ubuntu/venvs/zkduel-table5/bin/python -u benchmarks/field_sweep/triton_sweep.py --workloads zk_vanilla_zerocheck_hp --rounds 14 --bit-widths 256 --warmups 2 --repeats 10 --seed 1 --timing-mode whole-run --challenge-mode fixed --layout element --point-mode specialized --out CAMERA-READY/h100/sweep_fixed/cases_zk_256/zk_vanilla_zerocheck_hp_bw256_r14_triton.csv
zk_vanilla_zerocheck_hp  field=p255_bls12_381_scalar        rounds=14 first_ms=3715.882 median_ms=7.283 checksum=62964241086292
CAMERA-READY/h100/sweep_fixed/cases_zk_256/zk_vanilla_zerocheck_hp_bw256_r14_triton.csv
$ build/field_sumcheck_cuda_fixed --workloads zk_vanilla_zerocheck_hp --rounds 14 --bit-widths 256 --warmups 2 --repeats 10 --seed 1 --timing-mode whole-run --challenge-mode fixed --layout element --point-mode specialized --block 128 --out CAMERA-READY/h100/sweep_fixed/cases_zk_256/zk_vanilla_zerocheck_hp_bw256_r14_cuda.csv
zk_vanilla_zerocheck_hp field=p255_bls12_381_scalar rounds=14 first_ms=4.72172 median_ms=3.34353 checksum=62964241086292
zk_vanilla_zerocheck_hp  field=p255_bls12_381_scalar        rounds=14 triton_ms=7.283 cuda_ms=3.34353 checksum_match=true speedup=2.178237
CAMERA-READY/h100/sweep_fixed/cases_zk_256/zk_vanilla_zerocheck_hp_bw256_r14_joined.csv
ok: zk_vanilla_zerocheck_hp_bw256_r14
CAMERA-READY/h100/sweep_fixed/zk_256.csv
$ /home/ubuntu/venvs/zkduel-table5/bin/python -u benchmarks/field_sweep/compare_triton_cuda.py --workloads zk_vanilla_zerocheck_hp --bit-widths 256 --rounds 16 --warmups 2 --repeats 10 --seed 1 --timing-mode whole-run --challenge-mode fixed --layout element --point-mode specialized --block 128 --python /home/ubuntu/venvs/zkduel-table5/bin/python --triton-script benchmarks/field_sweep/triton_sweep.py --cuda-binary build/field_sumcheck_cuda_fixed --skip-build --triton-out CAMERA-READY/h100/sweep_fixed/cases_zk_256/zk_vanilla_zerocheck_hp_bw256_r16_triton.csv --cuda-out CAMERA-READY/h100/sweep_fixed/cases_zk_256/zk_vanilla_zerocheck_hp_bw256_r16_cuda.csv --out CAMERA-READY/h100/sweep_fixed/cases_zk_256/zk_vanilla_zerocheck_hp_bw256_r16_joined.csv
$ /home/ubuntu/venvs/zkduel-table5/bin/python -u benchmarks/field_sweep/triton_sweep.py --workloads zk_vanilla_zerocheck_hp --rounds 16 --bit-widths 256 --warmups 2 --repeats 10 --seed 1 --timing-mode whole-run --challenge-mode fixed --layout element --point-mode specialized --out CAMERA-READY/h100/sweep_fixed/cases_zk_256/zk_vanilla_zerocheck_hp_bw256_r16_triton.csv
zk_vanilla_zerocheck_hp  field=p255_bls12_381_scalar        rounds=16 first_ms=91.977 median_ms=8.228 checksum=69135770525718
CAMERA-READY/h100/sweep_fixed/cases_zk_256/zk_vanilla_zerocheck_hp_bw256_r16_triton.csv
$ build/field_sumcheck_cuda_fixed --workloads zk_vanilla_zerocheck_hp --rounds 16 --bit-widths 256 --warmups 2 --repeats 10 --seed 1 --timing-mode whole-run --challenge-mode fixed --layout element --point-mode specialized --block 128 --out CAMERA-READY/h100/sweep_fixed/cases_zk_256/zk_vanilla_zerocheck_hp_bw256_r16_cuda.csv
zk_vanilla_zerocheck_hp field=p255_bls12_381_scalar rounds=16 first_ms=5.47813 median_ms=4.03182 checksum=69135770525718
zk_vanilla_zerocheck_hp  field=p255_bls12_381_scalar        rounds=16 triton_ms=8.228 cuda_ms=4.03182 checksum_match=true speedup=2.040766
CAMERA-READY/h100/sweep_fixed/cases_zk_256/zk_vanilla_zerocheck_hp_bw256_r16_joined.csv
ok: zk_vanilla_zerocheck_hp_bw256_r16
CAMERA-READY/h100/sweep_fixed/zk_256.csv
$ /home/ubuntu/venvs/zkduel-table5/bin/python -u benchmarks/field_sweep/compare_triton_cuda.py --workloads zk_vanilla_zerocheck_hp --bit-widths 256 --rounds 18 --warmups 2 --repeats 10 --seed 1 --timing-mode whole-run --challenge-mode fixed --layout element --point-mode specialized --block 128 --python /home/ubuntu/venvs/zkduel-table5/bin/python --triton-script benchmarks/field_sweep/triton_sweep.py --cuda-binary build/field_sumcheck_cuda_fixed --skip-build --triton-out CAMERA-READY/h100/sweep_fixed/cases_zk_256/zk_vanilla_zerocheck_hp_bw256_r18_triton.csv --cuda-out CAMERA-READY/h100/sweep_fixed/cases_zk_256/zk_vanilla_zerocheck_hp_bw256_r18_cuda.csv --out CAMERA-READY/h100/sweep_fixed/cases_zk_256/zk_vanilla_zerocheck_hp_bw256_r18_joined.csv
$ /home/ubuntu/venvs/zkduel-table5/bin/python -u benchmarks/field_sweep/triton_sweep.py --workloads zk_vanilla_zerocheck_hp --rounds 18 --bit-widths 256 --warmups 2 --repeats 10 --seed 1 --timing-mode whole-run --challenge-mode fixed --layout element --point-mode specialized --out CAMERA-READY/h100/sweep_fixed/cases_zk_256/zk_vanilla_zerocheck_hp_bw256_r18_triton.csv
zk_vanilla_zerocheck_hp  field=p255_bls12_381_scalar        rounds=18 first_ms=95.698 median_ms=10.531 checksum=75750258704952
CAMERA-READY/h100/sweep_fixed/cases_zk_256/zk_vanilla_zerocheck_hp_bw256_r18_triton.csv
$ build/field_sumcheck_cuda_fixed --workloads zk_vanilla_zerocheck_hp --rounds 18 --bit-widths 256 --warmups 2 --repeats 10 --seed 1 --timing-mode whole-run --challenge-mode fixed --layout element --point-mode specialized --block 128 --out CAMERA-READY/h100/sweep_fixed/cases_zk_256/zk_vanilla_zerocheck_hp_bw256_r18_cuda.csv
zk_vanilla_zerocheck_hp field=p255_bls12_381_scalar rounds=18 first_ms=7.22087 median_ms=5.91932 checksum=75750258704952
zk_vanilla_zerocheck_hp  field=p255_bls12_381_scalar        rounds=18 triton_ms=10.531 cuda_ms=5.91932 checksum_match=true speedup=1.779089
CAMERA-READY/h100/sweep_fixed/cases_zk_256/zk_vanilla_zerocheck_hp_bw256_r18_joined.csv
ok: zk_vanilla_zerocheck_hp_bw256_r18
CAMERA-READY/h100/sweep_fixed/zk_256.csv
$ /home/ubuntu/venvs/zkduel-table5/bin/python -u benchmarks/field_sweep/compare_triton_cuda.py --workloads zk_vanilla_zerocheck_hp --bit-widths 256 --rounds 20 --warmups 2 --repeats 10 --seed 1 --timing-mode whole-run --challenge-mode fixed --layout element --point-mode specialized --block 128 --python /home/ubuntu/venvs/zkduel-table5/bin/python --triton-script benchmarks/field_sweep/triton_sweep.py --cuda-binary build/field_sumcheck_cuda_fixed --skip-build --triton-out CAMERA-READY/h100/sweep_fixed/cases_zk_256/zk_vanilla_zerocheck_hp_bw256_r20_triton.csv --cuda-out CAMERA-READY/h100/sweep_fixed/cases_zk_256/zk_vanilla_zerocheck_hp_bw256_r20_cuda.csv --out CAMERA-READY/h100/sweep_fixed/cases_zk_256/zk_vanilla_zerocheck_hp_bw256_r20_joined.csv
$ /home/ubuntu/venvs/zkduel-table5/bin/python -u benchmarks/field_sweep/triton_sweep.py --workloads zk_vanilla_zerocheck_hp --rounds 20 --bit-widths 256 --warmups 2 --repeats 10 --seed 1 --timing-mode whole-run --challenge-mode fixed --layout element --point-mode specialized --out CAMERA-READY/h100/sweep_fixed/cases_zk_256/zk_vanilla_zerocheck_hp_bw256_r20_triton.csv
zk_vanilla_zerocheck_hp  field=p255_bls12_381_scalar        rounds=20 first_ms=97.704 median_ms=15.615 checksum=86811450915475
CAMERA-READY/h100/sweep_fixed/cases_zk_256/zk_vanilla_zerocheck_hp_bw256_r20_triton.csv
$ build/field_sumcheck_cuda_fixed --workloads zk_vanilla_zerocheck_hp --rounds 20 --bit-widths 256 --warmups 2 --repeats 10 --seed 1 --timing-mode whole-run --challenge-mode fixed --layout element --point-mode specialized --block 128 --out CAMERA-READY/h100/sweep_fixed/cases_zk_256/zk_vanilla_zerocheck_hp_bw256_r20_cuda.csv
zk_vanilla_zerocheck_hp field=p255_bls12_381_scalar rounds=20 first_ms=11.9049 median_ms=10.5592 checksum=86811450915475
zk_vanilla_zerocheck_hp  field=p255_bls12_381_scalar        rounds=20 triton_ms=15.615 cuda_ms=10.5592 checksum_match=true speedup=1.478805
CAMERA-READY/h100/sweep_fixed/cases_zk_256/zk_vanilla_zerocheck_hp_bw256_r20_joined.csv
ok: zk_vanilla_zerocheck_hp_bw256_r20
CAMERA-READY/h100/sweep_fixed/zk_256.csv
$ /home/ubuntu/venvs/zkduel-table5/bin/python -u benchmarks/field_sweep/compare_triton_cuda.py --workloads zk_vanilla_zerocheck_hp --bit-widths 256 --rounds 22 --warmups 2 --repeats 10 --seed 1 --timing-mode whole-run --challenge-mode fixed --layout element --point-mode specialized --block 128 --python /home/ubuntu/venvs/zkduel-table5/bin/python --triton-script benchmarks/field_sweep/triton_sweep.py --cuda-binary build/field_sumcheck_cuda_fixed --skip-build --triton-out CAMERA-READY/h100/sweep_fixed/cases_zk_256/zk_vanilla_zerocheck_hp_bw256_r22_triton.csv --cuda-out CAMERA-READY/h100/sweep_fixed/cases_zk_256/zk_vanilla_zerocheck_hp_bw256_r22_cuda.csv --out CAMERA-READY/h100/sweep_fixed/cases_zk_256/zk_vanilla_zerocheck_hp_bw256_r22_joined.csv
$ /home/ubuntu/venvs/zkduel-table5/bin/python -u benchmarks/field_sweep/triton_sweep.py --workloads zk_vanilla_zerocheck_hp --rounds 22 --bit-widths 256 --warmups 2 --repeats 10 --seed 1 --timing-mode whole-run --challenge-mode fixed --layout element --point-mode specialized --out CAMERA-READY/h100/sweep_fixed/cases_zk_256/zk_vanilla_zerocheck_hp_bw256_r22_triton.csv
zk_vanilla_zerocheck_hp  field=p255_bls12_381_scalar        rounds=22 first_ms=116.436 median_ms=33.258 checksum=96398863637362
CAMERA-READY/h100/sweep_fixed/cases_zk_256/zk_vanilla_zerocheck_hp_bw256_r22_triton.csv
$ build/field_sumcheck_cuda_fixed --workloads zk_vanilla_zerocheck_hp --rounds 22 --bit-widths 256 --warmups 2 --repeats 10 --seed 1 --timing-mode whole-run --challenge-mode fixed --layout element --point-mode specialized --block 128 --out CAMERA-READY/h100/sweep_fixed/cases_zk_256/zk_vanilla_zerocheck_hp_bw256_r22_cuda.csv
zk_vanilla_zerocheck_hp field=p255_bls12_381_scalar rounds=22 first_ms=28.1387 median_ms=26.7608 checksum=96398863637362
zk_vanilla_zerocheck_hp  field=p255_bls12_381_scalar        rounds=22 triton_ms=33.258 cuda_ms=26.7608 checksum_match=true speedup=1.242788
CAMERA-READY/h100/sweep_fixed/cases_zk_256/zk_vanilla_zerocheck_hp_bw256_r22_joined.csv
ok: zk_vanilla_zerocheck_hp_bw256_r22
CAMERA-READY/h100/sweep_fixed/zk_256.csv
$ /home/ubuntu/venvs/zkduel-table5/bin/python -u benchmarks/field_sweep/compare_triton_cuda.py --workloads zk_vanilla_zerocheck_hp --bit-widths 256 --rounds 24 --warmups 2 --repeats 10 --seed 1 --timing-mode whole-run --challenge-mode fixed --layout element --point-mode specialized --block 128 --python /home/ubuntu/venvs/zkduel-table5/bin/python --triton-script benchmarks/field_sweep/triton_sweep.py --cuda-binary build/field_sumcheck_cuda_fixed --skip-build --triton-out CAMERA-READY/h100/sweep_fixed/cases_zk_256/zk_vanilla_zerocheck_hp_bw256_r24_triton.csv --cuda-out CAMERA-READY/h100/sweep_fixed/cases_zk_256/zk_vanilla_zerocheck_hp_bw256_r24_cuda.csv --out CAMERA-READY/h100/sweep_fixed/cases_zk_256/zk_vanilla_zerocheck_hp_bw256_r24_joined.csv
$ /home/ubuntu/venvs/zkduel-table5/bin/python -u benchmarks/field_sweep/triton_sweep.py --workloads zk_vanilla_zerocheck_hp --rounds 24 --bit-widths 256 --warmups 2 --repeats 10 --seed 1 --timing-mode whole-run --challenge-mode fixed --layout element --point-mode specialized --out CAMERA-READY/h100/sweep_fixed/cases_zk_256/zk_vanilla_zerocheck_hp_bw256_r24_triton.csv
zk_vanilla_zerocheck_hp  field=p255_bls12_381_scalar        rounds=24 first_ms=181.442 median_ms=100.913 checksum=106449597796035
CAMERA-READY/h100/sweep_fixed/cases_zk_256/zk_vanilla_zerocheck_hp_bw256_r24_triton.csv
$ build/field_sumcheck_cuda_fixed --workloads zk_vanilla_zerocheck_hp --rounds 24 --bit-widths 256 --warmups 2 --repeats 10 --seed 1 --timing-mode whole-run --challenge-mode fixed --layout element --point-mode specialized --block 128 --out CAMERA-READY/h100/sweep_fixed/cases_zk_256/zk_vanilla_zerocheck_hp_bw256_r24_cuda.csv
zk_vanilla_zerocheck_hp field=p255_bls12_381_scalar rounds=24 first_ms=90.4073 median_ms=89.1654 checksum=106449597796035
zk_vanilla_zerocheck_hp  field=p255_bls12_381_scalar        rounds=24 triton_ms=100.913 cuda_ms=89.1654 checksum_match=true speedup=1.131751
CAMERA-READY/h100/sweep_fixed/cases_zk_256/zk_vanilla_zerocheck_hp_bw256_r24_joined.csv
ok: zk_vanilla_zerocheck_hp_bw256_r24
CAMERA-READY/h100/sweep_fixed/zk_256.csv
$ /home/ubuntu/venvs/zkduel-table5/bin/python -u benchmarks/field_sweep/compare_triton_cuda.py --workloads zk_vanilla_zerocheck_hp --bit-widths 256 --rounds 26 --warmups 2 --repeats 10 --seed 1 --timing-mode whole-run --challenge-mode fixed --layout element --point-mode specialized --block 128 --python /home/ubuntu/venvs/zkduel-table5/bin/python --triton-script benchmarks/field_sweep/triton_sweep.py --cuda-binary build/field_sumcheck_cuda_fixed --skip-build --triton-out CAMERA-READY/h100/sweep_fixed/cases_zk_256/zk_vanilla_zerocheck_hp_bw256_r26_triton.csv --cuda-out CAMERA-READY/h100/sweep_fixed/cases_zk_256/zk_vanilla_zerocheck_hp_bw256_r26_cuda.csv --out CAMERA-READY/h100/sweep_fixed/cases_zk_256/zk_vanilla_zerocheck_hp_bw256_r26_joined.csv
$ /home/ubuntu/venvs/zkduel-table5/bin/python -u benchmarks/field_sweep/triton_sweep.py --workloads zk_vanilla_zerocheck_hp --rounds 26 --bit-widths 256 --warmups 2 --repeats 10 --seed 1 --timing-mode whole-run --challenge-mode fixed --layout element --point-mode specialized --out CAMERA-READY/h100/sweep_fixed/cases_zk_256/zk_vanilla_zerocheck_hp_bw256_r26_triton.csv
zk_vanilla_zerocheck_hp  field=p255_bls12_381_scalar        rounds=26 first_ms=440.432 median_ms=364.023 checksum=115397992157617
CAMERA-READY/h100/sweep_fixed/cases_zk_256/zk_vanilla_zerocheck_hp_bw256_r26_triton.csv
$ build/field_sumcheck_cuda_fixed --workloads zk_vanilla_zerocheck_hp --rounds 26 --bit-widths 256 --warmups 2 --repeats 10 --seed 1 --timing-mode whole-run --challenge-mode fixed --layout element --point-mode specialized --block 128 --out CAMERA-READY/h100/sweep_fixed/cases_zk_256/zk_vanilla_zerocheck_hp_bw256_r26_cuda.csv
zk_vanilla_zerocheck_hp field=p255_bls12_381_scalar rounds=26 first_ms=343.47 median_ms=336.575 checksum=115397992157617
zk_vanilla_zerocheck_hp  field=p255_bls12_381_scalar        rounds=26 triton_ms=364.023 cuda_ms=336.575 checksum_match=true speedup=1.081551
CAMERA-READY/h100/sweep_fixed/cases_zk_256/zk_vanilla_zerocheck_hp_bw256_r26_joined.csv
ok: zk_vanilla_zerocheck_hp_bw256_r26
CAMERA-READY/h100/sweep_fixed/zk_256.csv
$ /home/ubuntu/venvs/zkduel-table5/bin/python -u benchmarks/field_sweep/compare_triton_cuda.py --workloads zk_vanilla_zerocheck_hp --bit-widths 256 --rounds 28 --warmups 2 --repeats 10 --seed 1 --timing-mode whole-run --challenge-mode fixed --layout element --point-mode specialized --block 128 --python /home/ubuntu/venvs/zkduel-table5/bin/python --triton-script benchmarks/field_sweep/triton_sweep.py --cuda-binary build/field_sumcheck_cuda_fixed --skip-build --triton-out CAMERA-READY/h100/sweep_fixed/cases_zk_256/zk_vanilla_zerocheck_hp_bw256_r28_triton.csv --cuda-out CAMERA-READY/h100/sweep_fixed/cases_zk_256/zk_vanilla_zerocheck_hp_bw256_r28_cuda.csv --out CAMERA-READY/h100/sweep_fixed/cases_zk_256/zk_vanilla_zerocheck_hp_bw256_r28_joined.csv
$ /home/ubuntu/venvs/zkduel-table5/bin/python -u benchmarks/field_sweep/triton_sweep.py --workloads zk_vanilla_zerocheck_hp --rounds 28 --bit-widths 256 --warmups 2 --repeats 10 --seed 1 --timing-mode whole-run --challenge-mode fixed --layout element --point-mode specialized --out CAMERA-READY/h100/sweep_fixed/cases_zk_256/zk_vanilla_zerocheck_hp_bw256_r28_triton.csv
Traceback (most recent call last):
  File "/home/ubuntu/sumcheck-triton/benchmarks/field_sweep/triton_sweep.py", line 918, in <module>
    raise SystemExit(main())
                     ^^^^^^
  File "/home/ubuntu/sumcheck-triton/benchmarks/field_sweep/triton_sweep.py", line 892, in main
    row = _time_one(
          ^^^^^^^^^^
  File "/home/ubuntu/sumcheck-triton/benchmarks/field_sweep/triton_sweep.py", line 644, in _time_one
    tables = _make_tables(num_vars, n, field, device, seed + rounds, layout)
             ^^^^^^^^^^^^^^^^^^^^^^^^^^^^^^^^^^^^^^^^^^^^^^^^^^^^^^^^^^^^^^^
  File "/home/ubuntu/sumcheck-triton/benchmarks/field_sweep/triton_sweep.py", line 443, in _make_tables
    tables[var, :, 1] = torch.div(values, 1 << 32, rounding_mode="floor").to(
                        ^^^^^^^^^^^^^^^^^^^^^^^^^^^^^^^^^^^^^^^^^^^^^^^^^^^^^
torch.OutOfMemoryError: CUDA out of memory. Tried to allocate 1024.00 MiB. GPU 0 has a total capacity of 79.19 GiB of which 679.00 MiB is free. Including non-PyTorch memory, this process has 78.52 GiB memory in use. Of the allocated memory 78.00 GiB is allocated by PyTorch, and 0 bytes is reserved by PyTorch but unallocated. If reserved but unallocated memory is large try setting PYTORCH_CUDA_ALLOC_CONF=expandable_segments:True to avoid fragmentation.  See documentation for Memory Management  (https://docs.pytorch.org/docs/stable/notes/cuda.html#optimizing-memory-usage-with-pytorch-cuda-alloc-conf)
Traceback (most recent call last):
  File "/home/ubuntu/sumcheck-triton/benchmarks/field_sweep/compare_triton_cuda.py", line 252, in <module>
    raise SystemExit(main())
                     ^^^^^^
  File "/home/ubuntu/sumcheck-triton/benchmarks/field_sweep/compare_triton_cuda.py", line 78, in main
    run(
  File "/home/ubuntu/sumcheck-triton/benchmarks/field_sweep/compare_triton_cuda.py", line 22, in run
    subprocess.run(cmd, check=True)
  File "/home/ubuntu/.local/share/uv/python/cpython-3.12.14-linux-x86_64-gnu/lib/python3.12/subprocess.py", line 571, in run
    raise CalledProcessError(retcode, process.args,
subprocess.CalledProcessError: Command '['/home/ubuntu/venvs/zkduel-table5/bin/python', '-u', 'benchmarks/field_sweep/triton_sweep.py', '--workloads', 'zk_vanilla_zerocheck_hp', '--rounds', '28', '--bit-widths', '256', '--warmups', '2', '--repeats', '10', '--seed', '1', '--timing-mode', 'whole-run', '--challenge-mode', 'fixed', '--layout', 'element', '--point-mode', 'specialized', '--out', 'CAMERA-READY/h100/sweep_fixed/cases_zk_256/zk_vanilla_zerocheck_hp_bw256_r28_triton.csv']' returned non-zero exit status 1.
skipped: zk_vanilla_zerocheck_hp_bw256_r28 returncode=1
CAMERA-READY/h100/sweep_fixed/zk_256.csv
$ /home/ubuntu/venvs/zkduel-table5/bin/python -u benchmarks/field_sweep/compare_triton_cuda.py --workloads zk_vanilla_permcheck_hp --bit-widths 256 --rounds 14 --warmups 2 --repeats 10 --seed 1 --timing-mode whole-run --challenge-mode fixed --layout element --point-mode specialized --block 128 --python /home/ubuntu/venvs/zkduel-table5/bin/python --triton-script benchmarks/field_sweep/triton_sweep.py --cuda-binary build/field_sumcheck_cuda_fixed --skip-build --triton-out CAMERA-READY/h100/sweep_fixed/cases_zk_256/zk_vanilla_permcheck_hp_bw256_r14_triton.csv --cuda-out CAMERA-READY/h100/sweep_fixed/cases_zk_256/zk_vanilla_permcheck_hp_bw256_r14_cuda.csv --out CAMERA-READY/h100/sweep_fixed/cases_zk_256/zk_vanilla_permcheck_hp_bw256_r14_joined.csv
$ /home/ubuntu/venvs/zkduel-table5/bin/python -u benchmarks/field_sweep/triton_sweep.py --workloads zk_vanilla_permcheck_hp --rounds 14 --bit-widths 256 --warmups 2 --repeats 10 --seed 1 --timing-mode whole-run --challenge-mode fixed --layout element --point-mode specialized --out CAMERA-READY/h100/sweep_fixed/cases_zk_256/zk_vanilla_permcheck_hp_bw256_r14_triton.csv
zk_vanilla_permcheck_hp  field=p255_bls12_381_scalar        rounds=14 first_ms=113.442 median_ms=7.834 checksum=70683089240075
CAMERA-READY/h100/sweep_fixed/cases_zk_256/zk_vanilla_permcheck_hp_bw256_r14_triton.csv
$ build/field_sumcheck_cuda_fixed --workloads zk_vanilla_permcheck_hp --rounds 14 --bit-widths 256 --warmups 2 --repeats 10 --seed 1 --timing-mode whole-run --challenge-mode fixed --layout element --point-mode specialized --block 128 --out CAMERA-READY/h100/sweep_fixed/cases_zk_256/zk_vanilla_permcheck_hp_bw256_r14_cuda.csv
zk_vanilla_permcheck_hp field=p255_bls12_381_scalar rounds=14 first_ms=6.50177 median_ms=4.61139 checksum=70683089240075
zk_vanilla_permcheck_hp  field=p255_bls12_381_scalar        rounds=14 triton_ms=7.834 cuda_ms=4.61139 checksum_match=true speedup=1.698837
CAMERA-READY/h100/sweep_fixed/cases_zk_256/zk_vanilla_permcheck_hp_bw256_r14_joined.csv
ok: zk_vanilla_permcheck_hp_bw256_r14
CAMERA-READY/h100/sweep_fixed/zk_256.csv
$ /home/ubuntu/venvs/zkduel-table5/bin/python -u benchmarks/field_sweep/compare_triton_cuda.py --workloads zk_vanilla_permcheck_hp --bit-widths 256 --rounds 16 --warmups 2 --repeats 10 --seed 1 --timing-mode whole-run --challenge-mode fixed --layout element --point-mode specialized --block 128 --python /home/ubuntu/venvs/zkduel-table5/bin/python --triton-script benchmarks/field_sweep/triton_sweep.py --cuda-binary build/field_sumcheck_cuda_fixed --skip-build --triton-out CAMERA-READY/h100/sweep_fixed/cases_zk_256/zk_vanilla_permcheck_hp_bw256_r16_triton.csv --cuda-out CAMERA-READY/h100/sweep_fixed/cases_zk_256/zk_vanilla_permcheck_hp_bw256_r16_cuda.csv --out CAMERA-READY/h100/sweep_fixed/cases_zk_256/zk_vanilla_permcheck_hp_bw256_r16_joined.csv
$ /home/ubuntu/venvs/zkduel-table5/bin/python -u benchmarks/field_sweep/triton_sweep.py --workloads zk_vanilla_permcheck_hp --rounds 16 --bit-widths 256 --warmups 2 --repeats 10 --seed 1 --timing-mode whole-run --challenge-mode fixed --layout element --point-mode specialized --out CAMERA-READY/h100/sweep_fixed/cases_zk_256/zk_vanilla_permcheck_hp_bw256_r16_triton.csv
zk_vanilla_permcheck_hp  field=p255_bls12_381_scalar        rounds=16 first_ms=113.005 median_ms=9.989 checksum=86241582229634
CAMERA-READY/h100/sweep_fixed/cases_zk_256/zk_vanilla_permcheck_hp_bw256_r16_triton.csv
$ build/field_sumcheck_cuda_fixed --workloads zk_vanilla_permcheck_hp --rounds 16 --bit-widths 256 --warmups 2 --repeats 10 --seed 1 --timing-mode whole-run --challenge-mode fixed --layout element --point-mode specialized --block 128 --out CAMERA-READY/h100/sweep_fixed/cases_zk_256/zk_vanilla_permcheck_hp_bw256_r16_cuda.csv
zk_vanilla_permcheck_hp field=p255_bls12_381_scalar rounds=16 first_ms=7.55631 median_ms=5.7039 checksum=86241582229634
zk_vanilla_permcheck_hp  field=p255_bls12_381_scalar        rounds=16 triton_ms=9.989 cuda_ms=5.7039 checksum_match=true speedup=1.751258
CAMERA-READY/h100/sweep_fixed/cases_zk_256/zk_vanilla_permcheck_hp_bw256_r16_joined.csv
ok: zk_vanilla_permcheck_hp_bw256_r16
CAMERA-READY/h100/sweep_fixed/zk_256.csv
$ /home/ubuntu/venvs/zkduel-table5/bin/python -u benchmarks/field_sweep/compare_triton_cuda.py --workloads zk_vanilla_permcheck_hp --bit-widths 256 --rounds 18 --warmups 2 --repeats 10 --seed 1 --timing-mode whole-run --challenge-mode fixed --layout element --point-mode specialized --block 128 --python /home/ubuntu/venvs/zkduel-table5/bin/python --triton-script benchmarks/field_sweep/triton_sweep.py --cuda-binary build/field_sumcheck_cuda_fixed --skip-build --triton-out CAMERA-READY/h100/sweep_fixed/cases_zk_256/zk_vanilla_permcheck_hp_bw256_r18_triton.csv --cuda-out CAMERA-READY/h100/sweep_fixed/cases_zk_256/zk_vanilla_permcheck_hp_bw256_r18_cuda.csv --out CAMERA-READY/h100/sweep_fixed/cases_zk_256/zk_vanilla_permcheck_hp_bw256_r18_joined.csv
$ /home/ubuntu/venvs/zkduel-table5/bin/python -u benchmarks/field_sweep/triton_sweep.py --workloads zk_vanilla_permcheck_hp --rounds 18 --bit-widths 256 --warmups 2 --repeats 10 --seed 1 --timing-mode whole-run --challenge-mode fixed --layout element --point-mode specialized --out CAMERA-READY/h100/sweep_fixed/cases_zk_256/zk_vanilla_permcheck_hp_bw256_r18_triton.csv
zk_vanilla_permcheck_hp  field=p255_bls12_381_scalar        rounds=18 first_ms=118.465 median_ms=13.299 checksum=94649007904906
CAMERA-READY/h100/sweep_fixed/cases_zk_256/zk_vanilla_permcheck_hp_bw256_r18_triton.csv
$ build/field_sumcheck_cuda_fixed --workloads zk_vanilla_permcheck_hp --rounds 18 --bit-widths 256 --warmups 2 --repeats 10 --seed 1 --timing-mode whole-run --challenge-mode fixed --layout element --point-mode specialized --block 128 --out CAMERA-READY/h100/sweep_fixed/cases_zk_256/zk_vanilla_permcheck_hp_bw256_r18_cuda.csv
zk_vanilla_permcheck_hp field=p255_bls12_381_scalar rounds=18 first_ms=10.0672 median_ms=8.27285 checksum=94649007904906
zk_vanilla_permcheck_hp  field=p255_bls12_381_scalar        rounds=18 triton_ms=13.299 cuda_ms=8.27285 checksum_match=true speedup=1.607548
CAMERA-READY/h100/sweep_fixed/cases_zk_256/zk_vanilla_permcheck_hp_bw256_r18_joined.csv
ok: zk_vanilla_permcheck_hp_bw256_r18
CAMERA-READY/h100/sweep_fixed/zk_256.csv
$ /home/ubuntu/venvs/zkduel-table5/bin/python -u benchmarks/field_sweep/compare_triton_cuda.py --workloads zk_vanilla_permcheck_hp --bit-widths 256 --rounds 20 --warmups 2 --repeats 10 --seed 1 --timing-mode whole-run --challenge-mode fixed --layout element --point-mode specialized --block 128 --python /home/ubuntu/venvs/zkduel-table5/bin/python --triton-script benchmarks/field_sweep/triton_sweep.py --cuda-binary build/field_sumcheck_cuda_fixed --skip-build --triton-out CAMERA-READY/h100/sweep_fixed/cases_zk_256/zk_vanilla_permcheck_hp_bw256_r20_triton.csv --cuda-out CAMERA-READY/h100/sweep_fixed/cases_zk_256/zk_vanilla_permcheck_hp_bw256_r20_cuda.csv --out CAMERA-READY/h100/sweep_fixed/cases_zk_256/zk_vanilla_permcheck_hp_bw256_r20_joined.csv
$ /home/ubuntu/venvs/zkduel-table5/bin/python -u benchmarks/field_sweep/triton_sweep.py --workloads zk_vanilla_permcheck_hp --rounds 20 --bit-widths 256 --warmups 2 --repeats 10 --seed 1 --timing-mode whole-run --challenge-mode fixed --layout element --point-mode specialized --out CAMERA-READY/h100/sweep_fixed/cases_zk_256/zk_vanilla_permcheck_hp_bw256_r20_triton.csv
zk_vanilla_permcheck_hp  field=p255_bls12_381_scalar        rounds=20 first_ms=124.100 median_ms=21.916 checksum=105379977019668
CAMERA-READY/h100/sweep_fixed/cases_zk_256/zk_vanilla_permcheck_hp_bw256_r20_triton.csv
$ build/field_sumcheck_cuda_fixed --workloads zk_vanilla_permcheck_hp --rounds 20 --bit-widths 256 --warmups 2 --repeats 10 --seed 1 --timing-mode whole-run --challenge-mode fixed --layout element --point-mode specialized --block 128 --out CAMERA-READY/h100/sweep_fixed/cases_zk_256/zk_vanilla_permcheck_hp_bw256_r20_cuda.csv
zk_vanilla_permcheck_hp field=p255_bls12_381_scalar rounds=20 first_ms=17.4347 median_ms=15.6151 checksum=105379977019668
zk_vanilla_permcheck_hp  field=p255_bls12_381_scalar        rounds=20 triton_ms=21.916 cuda_ms=15.6151 checksum_match=true speedup=1.403513
CAMERA-READY/h100/sweep_fixed/cases_zk_256/zk_vanilla_permcheck_hp_bw256_r20_joined.csv
ok: zk_vanilla_permcheck_hp_bw256_r20
CAMERA-READY/h100/sweep_fixed/zk_256.csv
$ /home/ubuntu/venvs/zkduel-table5/bin/python -u benchmarks/field_sweep/compare_triton_cuda.py --workloads zk_vanilla_permcheck_hp --bit-widths 256 --rounds 22 --warmups 2 --repeats 10 --seed 1 --timing-mode whole-run --challenge-mode fixed --layout element --point-mode specialized --block 128 --python /home/ubuntu/venvs/zkduel-table5/bin/python --triton-script benchmarks/field_sweep/triton_sweep.py --cuda-binary build/field_sumcheck_cuda_fixed --skip-build --triton-out CAMERA-READY/h100/sweep_fixed/cases_zk_256/zk_vanilla_permcheck_hp_bw256_r22_triton.csv --cuda-out CAMERA-READY/h100/sweep_fixed/cases_zk_256/zk_vanilla_permcheck_hp_bw256_r22_cuda.csv --out CAMERA-READY/h100/sweep_fixed/cases_zk_256/zk_vanilla_permcheck_hp_bw256_r22_joined.csv
$ /home/ubuntu/venvs/zkduel-table5/bin/python -u benchmarks/field_sweep/triton_sweep.py --workloads zk_vanilla_permcheck_hp --rounds 22 --bit-widths 256 --warmups 2 --repeats 10 --seed 1 --timing-mode whole-run --challenge-mode fixed --layout element --point-mode specialized --out CAMERA-READY/h100/sweep_fixed/cases_zk_256/zk_vanilla_permcheck_hp_bw256_r22_triton.csv
zk_vanilla_permcheck_hp  field=p255_bls12_381_scalar        rounds=22 first_ms=151.757 median_ms=51.772 checksum=115639817497035
CAMERA-READY/h100/sweep_fixed/cases_zk_256/zk_vanilla_permcheck_hp_bw256_r22_triton.csv
$ build/field_sumcheck_cuda_fixed --workloads zk_vanilla_permcheck_hp --rounds 22 --bit-widths 256 --warmups 2 --repeats 10 --seed 1 --timing-mode whole-run --challenge-mode fixed --layout element --point-mode specialized --block 128 --out CAMERA-READY/h100/sweep_fixed/cases_zk_256/zk_vanilla_permcheck_hp_bw256_r22_cuda.csv
zk_vanilla_permcheck_hp field=p255_bls12_381_scalar rounds=22 first_ms=44.405 median_ms=42.4305 checksum=115639817497035
zk_vanilla_permcheck_hp  field=p255_bls12_381_scalar        rounds=22 triton_ms=51.772 cuda_ms=42.4305 checksum_match=true speedup=1.220160
CAMERA-READY/h100/sweep_fixed/cases_zk_256/zk_vanilla_permcheck_hp_bw256_r22_joined.csv
ok: zk_vanilla_permcheck_hp_bw256_r22
CAMERA-READY/h100/sweep_fixed/zk_256.csv
$ /home/ubuntu/venvs/zkduel-table5/bin/python -u benchmarks/field_sweep/compare_triton_cuda.py --workloads zk_vanilla_permcheck_hp --bit-widths 256 --rounds 24 --warmups 2 --repeats 10 --seed 1 --timing-mode whole-run --challenge-mode fixed --layout element --point-mode specialized --block 128 --python /home/ubuntu/venvs/zkduel-table5/bin/python --triton-script benchmarks/field_sweep/triton_sweep.py --cuda-binary build/field_sumcheck_cuda_fixed --skip-build --triton-out CAMERA-READY/h100/sweep_fixed/cases_zk_256/zk_vanilla_permcheck_hp_bw256_r24_triton.csv --cuda-out CAMERA-READY/h100/sweep_fixed/cases_zk_256/zk_vanilla_permcheck_hp_bw256_r24_cuda.csv --out CAMERA-READY/h100/sweep_fixed/cases_zk_256/zk_vanilla_permcheck_hp_bw256_r24_joined.csv
$ /home/ubuntu/venvs/zkduel-table5/bin/python -u benchmarks/field_sweep/triton_sweep.py --workloads zk_vanilla_permcheck_hp --rounds 24 --bit-widths 256 --warmups 2 --repeats 10 --seed 1 --timing-mode whole-run --challenge-mode fixed --layout element --point-mode specialized --out CAMERA-READY/h100/sweep_fixed/cases_zk_256/zk_vanilla_permcheck_hp_bw256_r24_triton.csv
zk_vanilla_permcheck_hp  field=p255_bls12_381_scalar        rounds=24 first_ms=266.737 median_ms=167.210 checksum=125514718366453
CAMERA-READY/h100/sweep_fixed/cases_zk_256/zk_vanilla_permcheck_hp_bw256_r24_triton.csv
$ build/field_sumcheck_cuda_fixed --workloads zk_vanilla_permcheck_hp --rounds 24 --bit-widths 256 --warmups 2 --repeats 10 --seed 1 --timing-mode whole-run --challenge-mode fixed --layout element --point-mode specialized --block 128 --out CAMERA-READY/h100/sweep_fixed/cases_zk_256/zk_vanilla_permcheck_hp_bw256_r24_cuda.csv
zk_vanilla_permcheck_hp field=p255_bls12_381_scalar rounds=24 first_ms=147.062 median_ms=145.336 checksum=125514718366453
zk_vanilla_permcheck_hp  field=p255_bls12_381_scalar        rounds=24 triton_ms=167.210 cuda_ms=145.336 checksum_match=true speedup=1.150506
CAMERA-READY/h100/sweep_fixed/cases_zk_256/zk_vanilla_permcheck_hp_bw256_r24_joined.csv
ok: zk_vanilla_permcheck_hp_bw256_r24
CAMERA-READY/h100/sweep_fixed/zk_256.csv
$ /home/ubuntu/venvs/zkduel-table5/bin/python -u benchmarks/field_sweep/compare_triton_cuda.py --workloads zk_vanilla_permcheck_hp --bit-widths 256 --rounds 26 --warmups 2 --repeats 10 --seed 1 --timing-mode whole-run --challenge-mode fixed --layout element --point-mode specialized --block 128 --python /home/ubuntu/venvs/zkduel-table5/bin/python --triton-script benchmarks/field_sweep/triton_sweep.py --cuda-binary build/field_sumcheck_cuda_fixed --skip-build --triton-out CAMERA-READY/h100/sweep_fixed/cases_zk_256/zk_vanilla_permcheck_hp_bw256_r26_triton.csv --cuda-out CAMERA-READY/h100/sweep_fixed/cases_zk_256/zk_vanilla_permcheck_hp_bw256_r26_cuda.csv --out CAMERA-READY/h100/sweep_fixed/cases_zk_256/zk_vanilla_permcheck_hp_bw256_r26_joined.csv
$ /home/ubuntu/venvs/zkduel-table5/bin/python -u benchmarks/field_sweep/triton_sweep.py --workloads zk_vanilla_permcheck_hp --rounds 26 --bit-widths 256 --warmups 2 --repeats 10 --seed 1 --timing-mode whole-run --challenge-mode fixed --layout element --point-mode specialized --out CAMERA-READY/h100/sweep_fixed/cases_zk_256/zk_vanilla_permcheck_hp_bw256_r26_triton.csv
zk_vanilla_permcheck_hp  field=p255_bls12_381_scalar        rounds=26 first_ms=678.140 median_ms=618.844 checksum=133583605644853
CAMERA-READY/h100/sweep_fixed/cases_zk_256/zk_vanilla_permcheck_hp_bw256_r26_triton.csv
$ build/field_sumcheck_cuda_fixed --workloads zk_vanilla_permcheck_hp --rounds 26 --bit-widths 256 --warmups 2 --repeats 10 --seed 1 --timing-mode whole-run --challenge-mode fixed --layout element --point-mode specialized --block 128 --out CAMERA-READY/h100/sweep_fixed/cases_zk_256/zk_vanilla_permcheck_hp_bw256_r26_cuda.csv
zk_vanilla_permcheck_hp field=p255_bls12_381_scalar rounds=26 first_ms=568.572 median_ms=566.255 checksum=133583605644853
zk_vanilla_permcheck_hp  field=p255_bls12_381_scalar        rounds=26 triton_ms=618.844 cuda_ms=566.255 checksum_match=true speedup=1.092872
CAMERA-READY/h100/sweep_fixed/cases_zk_256/zk_vanilla_permcheck_hp_bw256_r26_joined.csv
ok: zk_vanilla_permcheck_hp_bw256_r26
CAMERA-READY/h100/sweep_fixed/zk_256.csv
$ /home/ubuntu/venvs/zkduel-table5/bin/python -u benchmarks/field_sweep/compare_triton_cuda.py --workloads zk_vanilla_permcheck_hp --bit-widths 256 --rounds 28 --warmups 2 --repeats 10 --seed 1 --timing-mode whole-run --challenge-mode fixed --layout element --point-mode specialized --block 128 --python /home/ubuntu/venvs/zkduel-table5/bin/python --triton-script benchmarks/field_sweep/triton_sweep.py --cuda-binary build/field_sumcheck_cuda_fixed --skip-build --triton-out CAMERA-READY/h100/sweep_fixed/cases_zk_256/zk_vanilla_permcheck_hp_bw256_r28_triton.csv --cuda-out CAMERA-READY/h100/sweep_fixed/cases_zk_256/zk_vanilla_permcheck_hp_bw256_r28_cuda.csv --out CAMERA-READY/h100/sweep_fixed/cases_zk_256/zk_vanilla_permcheck_hp_bw256_r28_joined.csv
$ /home/ubuntu/venvs/zkduel-table5/bin/python -u benchmarks/field_sweep/triton_sweep.py --workloads zk_vanilla_permcheck_hp --rounds 28 --bit-widths 256 --warmups 2 --repeats 10 --seed 1 --timing-mode whole-run --challenge-mode fixed --layout element --point-mode specialized --out CAMERA-READY/h100/sweep_fixed/cases_zk_256/zk_vanilla_permcheck_hp_bw256_r28_triton.csv
Traceback (most recent call last):
  File "/home/ubuntu/sumcheck-triton/benchmarks/field_sweep/triton_sweep.py", line 918, in <module>
    raise SystemExit(main())
                     ^^^^^^
  File "/home/ubuntu/sumcheck-triton/benchmarks/field_sweep/triton_sweep.py", line 892, in main
    row = _time_one(
          ^^^^^^^^^^
  File "/home/ubuntu/sumcheck-triton/benchmarks/field_sweep/triton_sweep.py", line 644, in _time_one
    tables = _make_tables(num_vars, n, field, device, seed + rounds, layout)
             ^^^^^^^^^^^^^^^^^^^^^^^^^^^^^^^^^^^^^^^^^^^^^^^^^^^^^^^^^^^^^^^
  File "/home/ubuntu/sumcheck-triton/benchmarks/field_sweep/triton_sweep.py", line 429, in _make_tables
    tables = torch.zeros((num_vars, n, field.limbs), dtype=torch.uint32, device=device)
             ^^^^^^^^^^^^^^^^^^^^^^^^^^^^^^^^^^^^^^^^^^^^^^^^^^^^^^^^^^^^^^^^^^^^^^^^^^
torch.OutOfMemoryError: CUDA out of memory. Tried to allocate 88.00 GiB. GPU 0 has a total capacity of 79.19 GiB of which 78.74 GiB is free. Including non-PyTorch memory, this process has 450.00 MiB memory in use. Of the allocated memory 0 bytes is allocated by PyTorch, and 0 bytes is reserved by PyTorch but unallocated. If reserved but unallocated memory is large try setting PYTORCH_CUDA_ALLOC_CONF=expandable_segments:True to avoid fragmentation.  See documentation for Memory Management  (https://docs.pytorch.org/docs/stable/notes/cuda.html#optimizing-memory-usage-with-pytorch-cuda-alloc-conf)
Traceback (most recent call last):
  File "/home/ubuntu/sumcheck-triton/benchmarks/field_sweep/compare_triton_cuda.py", line 252, in <module>
    raise SystemExit(main())
                     ^^^^^^
  File "/home/ubuntu/sumcheck-triton/benchmarks/field_sweep/compare_triton_cuda.py", line 78, in main
    run(
  File "/home/ubuntu/sumcheck-triton/benchmarks/field_sweep/compare_triton_cuda.py", line 22, in run
    subprocess.run(cmd, check=True)
  File "/home/ubuntu/.local/share/uv/python/cpython-3.12.14-linux-x86_64-gnu/lib/python3.12/subprocess.py", line 571, in run
    raise CalledProcessError(retcode, process.args,
subprocess.CalledProcessError: Command '['/home/ubuntu/venvs/zkduel-table5/bin/python', '-u', 'benchmarks/field_sweep/triton_sweep.py', '--workloads', 'zk_vanilla_permcheck_hp', '--rounds', '28', '--bit-widths', '256', '--warmups', '2', '--repeats', '10', '--seed', '1', '--timing-mode', 'whole-run', '--challenge-mode', 'fixed', '--layout', 'element', '--point-mode', 'specialized', '--out', 'CAMERA-READY/h100/sweep_fixed/cases_zk_256/zk_vanilla_permcheck_hp_bw256_r28_triton.csv']' returned non-zero exit status 1.
skipped: zk_vanilla_permcheck_hp_bw256_r28 returncode=1
CAMERA-READY/h100/sweep_fixed/zk_256.csv
$ /home/ubuntu/venvs/zkduel-table5/bin/python -u benchmarks/field_sweep/compare_triton_cuda.py --workloads zk_jellyfish_permcheck_hp --bit-widths 256 --rounds 14 --warmups 2 --repeats 10 --seed 1 --timing-mode whole-run --challenge-mode fixed --layout element --point-mode specialized --block 128 --python /home/ubuntu/venvs/zkduel-table5/bin/python --triton-script benchmarks/field_sweep/triton_sweep.py --cuda-binary build/field_sumcheck_cuda_fixed --skip-build --triton-out CAMERA-READY/h100/sweep_fixed/cases_zk_256/zk_jellyfish_permcheck_hp_bw256_r14_triton.csv --cuda-out CAMERA-READY/h100/sweep_fixed/cases_zk_256/zk_jellyfish_permcheck_hp_bw256_r14_cuda.csv --out CAMERA-READY/h100/sweep_fixed/cases_zk_256/zk_jellyfish_permcheck_hp_bw256_r14_joined.csv
$ /home/ubuntu/venvs/zkduel-table5/bin/python -u benchmarks/field_sweep/triton_sweep.py --workloads zk_jellyfish_permcheck_hp --rounds 14 --bit-widths 256 --warmups 2 --repeats 10 --seed 1 --timing-mode whole-run --challenge-mode fixed --layout element --point-mode specialized --out CAMERA-READY/h100/sweep_fixed/cases_zk_256/zk_jellyfish_permcheck_hp_bw256_r14_triton.csv
zk_jellyfish_permcheck_hp field=p255_bls12_381_scalar        rounds=14 first_ms=3898.360 median_ms=11.676 checksum=100495326642841
CAMERA-READY/h100/sweep_fixed/cases_zk_256/zk_jellyfish_permcheck_hp_bw256_r14_triton.csv
$ build/field_sumcheck_cuda_fixed --workloads zk_jellyfish_permcheck_hp --rounds 14 --bit-widths 256 --warmups 2 --repeats 10 --seed 1 --timing-mode whole-run --challenge-mode fixed --layout element --point-mode specialized --block 128 --out CAMERA-READY/h100/sweep_fixed/cases_zk_256/zk_jellyfish_permcheck_hp_bw256_r14_cuda.csv
zk_jellyfish_permcheck_hp field=p255_bls12_381_scalar rounds=14 first_ms=11.5389 median_ms=8.12745 checksum=100495326642841
zk_jellyfish_permcheck_hp field=p255_bls12_381_scalar        rounds=14 triton_ms=11.676 cuda_ms=8.12745 checksum_match=true speedup=1.436613
CAMERA-READY/h100/sweep_fixed/cases_zk_256/zk_jellyfish_permcheck_hp_bw256_r14_joined.csv
ok: zk_jellyfish_permcheck_hp_bw256_r14
CAMERA-READY/h100/sweep_fixed/zk_256.csv
$ /home/ubuntu/venvs/zkduel-table5/bin/python -u benchmarks/field_sweep/compare_triton_cuda.py --workloads zk_jellyfish_permcheck_hp --bit-widths 256 --rounds 16 --warmups 2 --repeats 10 --seed 1 --timing-mode whole-run --challenge-mode fixed --layout element --point-mode specialized --block 128 --python /home/ubuntu/venvs/zkduel-table5/bin/python --triton-script benchmarks/field_sweep/triton_sweep.py --cuda-binary build/field_sumcheck_cuda_fixed --skip-build --triton-out CAMERA-READY/h100/sweep_fixed/cases_zk_256/zk_jellyfish_permcheck_hp_bw256_r16_triton.csv --cuda-out CAMERA-READY/h100/sweep_fixed/cases_zk_256/zk_jellyfish_permcheck_hp_bw256_r16_cuda.csv --out CAMERA-READY/h100/sweep_fixed/cases_zk_256/zk_jellyfish_permcheck_hp_bw256_r16_joined.csv
$ /home/ubuntu/venvs/zkduel-table5/bin/python -u benchmarks/field_sweep/triton_sweep.py --workloads zk_jellyfish_permcheck_hp --rounds 16 --bit-widths 256 --warmups 2 --repeats 10 --seed 1 --timing-mode whole-run --challenge-mode fixed --layout element --point-mode specialized --out CAMERA-READY/h100/sweep_fixed/cases_zk_256/zk_jellyfish_permcheck_hp_bw256_r16_triton.csv
zk_jellyfish_permcheck_hp field=p255_bls12_381_scalar        rounds=16 first_ms=168.875 median_ms=15.115 checksum=112702504106491
CAMERA-READY/h100/sweep_fixed/cases_zk_256/zk_jellyfish_permcheck_hp_bw256_r16_triton.csv
$ build/field_sumcheck_cuda_fixed --workloads zk_jellyfish_permcheck_hp --rounds 16 --bit-widths 256 --warmups 2 --repeats 10 --seed 1 --timing-mode whole-run --challenge-mode fixed --layout element --point-mode specialized --block 128 --out CAMERA-READY/h100/sweep_fixed/cases_zk_256/zk_jellyfish_permcheck_hp_bw256_r16_cuda.csv
zk_jellyfish_permcheck_hp field=p255_bls12_381_scalar rounds=16 first_ms=13.6497 median_ms=10.4544 checksum=112702504106491
zk_jellyfish_permcheck_hp field=p255_bls12_381_scalar        rounds=16 triton_ms=15.115 cuda_ms=10.4544 checksum_match=true speedup=1.445803
CAMERA-READY/h100/sweep_fixed/cases_zk_256/zk_jellyfish_permcheck_hp_bw256_r16_joined.csv
ok: zk_jellyfish_permcheck_hp_bw256_r16
CAMERA-READY/h100/sweep_fixed/zk_256.csv
$ /home/ubuntu/venvs/zkduel-table5/bin/python -u benchmarks/field_sweep/compare_triton_cuda.py --workloads zk_jellyfish_permcheck_hp --bit-widths 256 --rounds 18 --warmups 2 --repeats 10 --seed 1 --timing-mode whole-run --challenge-mode fixed --layout element --point-mode specialized --block 128 --python /home/ubuntu/venvs/zkduel-table5/bin/python --triton-script benchmarks/field_sweep/triton_sweep.py --cuda-binary build/field_sumcheck_cuda_fixed --skip-build --triton-out CAMERA-READY/h100/sweep_fixed/cases_zk_256/zk_jellyfish_permcheck_hp_bw256_r18_triton.csv --cuda-out CAMERA-READY/h100/sweep_fixed/cases_zk_256/zk_jellyfish_permcheck_hp_bw256_r18_cuda.csv --out CAMERA-READY/h100/sweep_fixed/cases_zk_256/zk_jellyfish_permcheck_hp_bw256_r18_joined.csv
$ /home/ubuntu/venvs/zkduel-table5/bin/python -u benchmarks/field_sweep/triton_sweep.py --workloads zk_jellyfish_permcheck_hp --rounds 18 --bit-widths 256 --warmups 2 --repeats 10 --seed 1 --timing-mode whole-run --challenge-mode fixed --layout element --point-mode specialized --out CAMERA-READY/h100/sweep_fixed/cases_zk_256/zk_jellyfish_permcheck_hp_bw256_r18_triton.csv
zk_jellyfish_permcheck_hp field=p255_bls12_381_scalar        rounds=18 first_ms=176.998 median_ms=22.027 checksum=129097695424685
CAMERA-READY/h100/sweep_fixed/cases_zk_256/zk_jellyfish_permcheck_hp_bw256_r18_triton.csv
$ build/field_sumcheck_cuda_fixed --workloads zk_jellyfish_permcheck_hp --rounds 18 --bit-widths 256 --warmups 2 --repeats 10 --seed 1 --timing-mode whole-run --challenge-mode fixed --layout element --point-mode specialized --block 128 --out CAMERA-READY/h100/sweep_fixed/cases_zk_256/zk_jellyfish_permcheck_hp_bw256_r18_cuda.csv
zk_jellyfish_permcheck_hp field=p255_bls12_381_scalar rounds=18 first_ms=18.8663 median_ms=15.5856 checksum=129097695424685
zk_jellyfish_permcheck_hp field=p255_bls12_381_scalar        rounds=18 triton_ms=22.027 cuda_ms=15.5856 checksum_match=true speedup=1.413292
CAMERA-READY/h100/sweep_fixed/cases_zk_256/zk_jellyfish_permcheck_hp_bw256_r18_joined.csv
ok: zk_jellyfish_permcheck_hp_bw256_r18
CAMERA-READY/h100/sweep_fixed/zk_256.csv
$ /home/ubuntu/venvs/zkduel-table5/bin/python -u benchmarks/field_sweep/compare_triton_cuda.py --workloads zk_jellyfish_permcheck_hp --bit-widths 256 --rounds 20 --warmups 2 --repeats 10 --seed 1 --timing-mode whole-run --challenge-mode fixed --layout element --point-mode specialized --block 128 --python /home/ubuntu/venvs/zkduel-table5/bin/python --triton-script benchmarks/field_sweep/triton_sweep.py --cuda-binary build/field_sumcheck_cuda_fixed --skip-build --triton-out CAMERA-READY/h100/sweep_fixed/cases_zk_256/zk_jellyfish_permcheck_hp_bw256_r20_triton.csv --cuda-out CAMERA-READY/h100/sweep_fixed/cases_zk_256/zk_jellyfish_permcheck_hp_bw256_r20_cuda.csv --out CAMERA-READY/h100/sweep_fixed/cases_zk_256/zk_jellyfish_permcheck_hp_bw256_r20_joined.csv
$ /home/ubuntu/venvs/zkduel-table5/bin/python -u benchmarks/field_sweep/triton_sweep.py --workloads zk_jellyfish_permcheck_hp --rounds 20 --bit-widths 256 --warmups 2 --repeats 10 --seed 1 --timing-mode whole-run --challenge-mode fixed --layout element --point-mode specialized --out CAMERA-READY/h100/sweep_fixed/cases_zk_256/zk_jellyfish_permcheck_hp_bw256_r20_triton.csv
zk_jellyfish_permcheck_hp field=p255_bls12_381_scalar        rounds=20 first_ms=199.459 median_ms=42.772 checksum=144017082122277
CAMERA-READY/h100/sweep_fixed/cases_zk_256/zk_jellyfish_permcheck_hp_bw256_r20_triton.csv
$ build/field_sumcheck_cuda_fixed --workloads zk_jellyfish_permcheck_hp --rounds 20 --bit-widths 256 --warmups 2 --repeats 10 --seed 1 --timing-mode whole-run --challenge-mode fixed --layout element --point-mode specialized --block 128 --out CAMERA-READY/h100/sweep_fixed/cases_zk_256/zk_jellyfish_permcheck_hp_bw256_r20_cuda.csv
zk_jellyfish_permcheck_hp field=p255_bls12_381_scalar rounds=20 first_ms=38.0701 median_ms=34.6482 checksum=144017082122277
zk_jellyfish_permcheck_hp field=p255_bls12_381_scalar        rounds=20 triton_ms=42.772 cuda_ms=34.6482 checksum_match=true speedup=1.234465
CAMERA-READY/h100/sweep_fixed/cases_zk_256/zk_jellyfish_permcheck_hp_bw256_r20_joined.csv
ok: zk_jellyfish_permcheck_hp_bw256_r20
CAMERA-READY/h100/sweep_fixed/zk_256.csv
$ /home/ubuntu/venvs/zkduel-table5/bin/python -u benchmarks/field_sweep/compare_triton_cuda.py --workloads zk_jellyfish_permcheck_hp --bit-widths 256 --rounds 22 --warmups 2 --repeats 10 --seed 1 --timing-mode whole-run --challenge-mode fixed --layout element --point-mode specialized --block 128 --python /home/ubuntu/venvs/zkduel-table5/bin/python --triton-script benchmarks/field_sweep/triton_sweep.py --cuda-binary build/field_sumcheck_cuda_fixed --skip-build --triton-out CAMERA-READY/h100/sweep_fixed/cases_zk_256/zk_jellyfish_permcheck_hp_bw256_r22_triton.csv --cuda-out CAMERA-READY/h100/sweep_fixed/cases_zk_256/zk_jellyfish_permcheck_hp_bw256_r22_cuda.csv --out CAMERA-READY/h100/sweep_fixed/cases_zk_256/zk_jellyfish_permcheck_hp_bw256_r22_joined.csv
$ /home/ubuntu/venvs/zkduel-table5/bin/python -u benchmarks/field_sweep/triton_sweep.py --workloads zk_jellyfish_permcheck_hp --rounds 22 --bit-widths 256 --warmups 2 --repeats 10 --seed 1 --timing-mode whole-run --challenge-mode fixed --layout element --point-mode specialized --out CAMERA-READY/h100/sweep_fixed/cases_zk_256/zk_jellyfish_permcheck_hp_bw256_r22_triton.csv
zk_jellyfish_permcheck_hp field=p255_bls12_381_scalar        rounds=22 first_ms=271.077 median_ms=118.517 checksum=154700686106837
CAMERA-READY/h100/sweep_fixed/cases_zk_256/zk_jellyfish_permcheck_hp_bw256_r22_triton.csv
$ build/field_sumcheck_cuda_fixed --workloads zk_jellyfish_permcheck_hp --rounds 22 --bit-widths 256 --warmups 2 --repeats 10 --seed 1 --timing-mode whole-run --challenge-mode fixed --layout element --point-mode specialized --block 128 --out CAMERA-READY/h100/sweep_fixed/cases_zk_256/zk_jellyfish_permcheck_hp_bw256_r22_cuda.csv
zk_jellyfish_permcheck_hp field=p255_bls12_381_scalar rounds=22 first_ms=111.243 median_ms=108.084 checksum=154700686106837
zk_jellyfish_permcheck_hp field=p255_bls12_381_scalar        rounds=22 triton_ms=118.517 cuda_ms=108.084 checksum_match=true speedup=1.096527
CAMERA-READY/h100/sweep_fixed/cases_zk_256/zk_jellyfish_permcheck_hp_bw256_r22_joined.csv
ok: zk_jellyfish_permcheck_hp_bw256_r22
CAMERA-READY/h100/sweep_fixed/zk_256.csv
$ /home/ubuntu/venvs/zkduel-table5/bin/python -u benchmarks/field_sweep/compare_triton_cuda.py --workloads zk_jellyfish_permcheck_hp --bit-widths 256 --rounds 24 --warmups 2 --repeats 10 --seed 1 --timing-mode whole-run --challenge-mode fixed --layout element --point-mode specialized --block 128 --python /home/ubuntu/venvs/zkduel-table5/bin/python --triton-script benchmarks/field_sweep/triton_sweep.py --cuda-binary build/field_sumcheck_cuda_fixed --skip-build --triton-out CAMERA-READY/h100/sweep_fixed/cases_zk_256/zk_jellyfish_permcheck_hp_bw256_r24_triton.csv --cuda-out CAMERA-READY/h100/sweep_fixed/cases_zk_256/zk_jellyfish_permcheck_hp_bw256_r24_cuda.csv --out CAMERA-READY/h100/sweep_fixed/cases_zk_256/zk_jellyfish_permcheck_hp_bw256_r24_joined.csv
$ /home/ubuntu/venvs/zkduel-table5/bin/python -u benchmarks/field_sweep/triton_sweep.py --workloads zk_jellyfish_permcheck_hp --rounds 24 --bit-widths 256 --warmups 2 --repeats 10 --seed 1 --timing-mode whole-run --challenge-mode fixed --layout element --point-mode specialized --out CAMERA-READY/h100/sweep_fixed/cases_zk_256/zk_jellyfish_permcheck_hp_bw256_r24_triton.csv
zk_jellyfish_permcheck_hp field=p255_bls12_381_scalar        rounds=24 first_ms=562.360 median_ms=406.303 checksum=166766272294648
CAMERA-READY/h100/sweep_fixed/cases_zk_256/zk_jellyfish_permcheck_hp_bw256_r24_triton.csv
$ build/field_sumcheck_cuda_fixed --workloads zk_jellyfish_permcheck_hp --rounds 24 --bit-widths 256 --warmups 2 --repeats 10 --seed 1 --timing-mode whole-run --challenge-mode fixed --layout element --point-mode specialized --block 128 --out CAMERA-READY/h100/sweep_fixed/cases_zk_256/zk_jellyfish_permcheck_hp_bw256_r24_cuda.csv
zk_jellyfish_permcheck_hp field=p255_bls12_381_scalar rounds=24 first_ms=391.574 median_ms=388.52 checksum=166766272294648
zk_jellyfish_permcheck_hp field=p255_bls12_381_scalar        rounds=24 triton_ms=406.303 cuda_ms=388.52 checksum_match=true speedup=1.045771
CAMERA-READY/h100/sweep_fixed/cases_zk_256/zk_jellyfish_permcheck_hp_bw256_r24_joined.csv
ok: zk_jellyfish_permcheck_hp_bw256_r24
CAMERA-READY/h100/sweep_fixed/zk_256.csv
$ /home/ubuntu/venvs/zkduel-table5/bin/python -u benchmarks/field_sweep/compare_triton_cuda.py --workloads zk_jellyfish_permcheck_hp --bit-widths 256 --rounds 26 --warmups 2 --repeats 10 --seed 1 --timing-mode whole-run --challenge-mode fixed --layout element --point-mode specialized --block 128 --python /home/ubuntu/venvs/zkduel-table5/bin/python --triton-script benchmarks/field_sweep/triton_sweep.py --cuda-binary build/field_sumcheck_cuda_fixed --skip-build --triton-out CAMERA-READY/h100/sweep_fixed/cases_zk_256/zk_jellyfish_permcheck_hp_bw256_r26_triton.csv --cuda-out CAMERA-READY/h100/sweep_fixed/cases_zk_256/zk_jellyfish_permcheck_hp_bw256_r26_cuda.csv --out CAMERA-READY/h100/sweep_fixed/cases_zk_256/zk_jellyfish_permcheck_hp_bw256_r26_joined.csv
$ /home/ubuntu/venvs/zkduel-table5/bin/python -u benchmarks/field_sweep/triton_sweep.py --workloads zk_jellyfish_permcheck_hp --rounds 26 --bit-widths 256 --warmups 2 --repeats 10 --seed 1 --timing-mode whole-run --challenge-mode fixed --layout element --point-mode specialized --out CAMERA-READY/h100/sweep_fixed/cases_zk_256/zk_jellyfish_permcheck_hp_bw256_r26_triton.csv
Traceback (most recent call last):
  File "/home/ubuntu/sumcheck-triton/benchmarks/field_sweep/triton_sweep.py", line 918, in <module>
    raise SystemExit(main())
                     ^^^^^^
  File "/home/ubuntu/sumcheck-triton/benchmarks/field_sweep/triton_sweep.py", line 892, in main
    row = _time_one(
          ^^^^^^^^^^
  File "/home/ubuntu/sumcheck-triton/benchmarks/field_sweep/triton_sweep.py", line 646, in _time_one
    scratch_b = torch.empty_like(tables)
                ^^^^^^^^^^^^^^^^^^^^^^^^
torch.OutOfMemoryError: CUDA out of memory. Tried to allocate 30.00 GiB. GPU 0 has a total capacity of 79.19 GiB of which 18.66 GiB is free. Including non-PyTorch memory, this process has 60.52 GiB memory in use. Of the allocated memory 60.00 GiB is allocated by PyTorch, and 0 bytes is reserved by PyTorch but unallocated. If reserved but unallocated memory is large try setting PYTORCH_CUDA_ALLOC_CONF=expandable_segments:True to avoid fragmentation.  See documentation for Memory Management  (https://docs.pytorch.org/docs/stable/notes/cuda.html#optimizing-memory-usage-with-pytorch-cuda-alloc-conf)
Traceback (most recent call last):
  File "/home/ubuntu/sumcheck-triton/benchmarks/field_sweep/compare_triton_cuda.py", line 252, in <module>
    raise SystemExit(main())
                     ^^^^^^
  File "/home/ubuntu/sumcheck-triton/benchmarks/field_sweep/compare_triton_cuda.py", line 78, in main
    run(
  File "/home/ubuntu/sumcheck-triton/benchmarks/field_sweep/compare_triton_cuda.py", line 22, in run
    subprocess.run(cmd, check=True)
  File "/home/ubuntu/.local/share/uv/python/cpython-3.12.14-linux-x86_64-gnu/lib/python3.12/subprocess.py", line 571, in run
    raise CalledProcessError(retcode, process.args,
subprocess.CalledProcessError: Command '['/home/ubuntu/venvs/zkduel-table5/bin/python', '-u', 'benchmarks/field_sweep/triton_sweep.py', '--workloads', 'zk_jellyfish_permcheck_hp', '--rounds', '26', '--bit-widths', '256', '--warmups', '2', '--repeats', '10', '--seed', '1', '--timing-mode', 'whole-run', '--challenge-mode', 'fixed', '--layout', 'element', '--point-mode', 'specialized', '--out', 'CAMERA-READY/h100/sweep_fixed/cases_zk_256/zk_jellyfish_permcheck_hp_bw256_r26_triton.csv']' returned non-zero exit status 1.
skipped: zk_jellyfish_permcheck_hp_bw256_r26 returncode=1
CAMERA-READY/h100/sweep_fixed/zk_256.csv
$ /home/ubuntu/venvs/zkduel-table5/bin/python -u benchmarks/field_sweep/compare_triton_cuda.py --workloads zk_jellyfish_permcheck_hp --bit-widths 256 --rounds 28 --warmups 2 --repeats 10 --seed 1 --timing-mode whole-run --challenge-mode fixed --layout element --point-mode specialized --block 128 --python /home/ubuntu/venvs/zkduel-table5/bin/python --triton-script benchmarks/field_sweep/triton_sweep.py --cuda-binary build/field_sumcheck_cuda_fixed --skip-build --triton-out CAMERA-READY/h100/sweep_fixed/cases_zk_256/zk_jellyfish_permcheck_hp_bw256_r28_triton.csv --cuda-out CAMERA-READY/h100/sweep_fixed/cases_zk_256/zk_jellyfish_permcheck_hp_bw256_r28_cuda.csv --out CAMERA-READY/h100/sweep_fixed/cases_zk_256/zk_jellyfish_permcheck_hp_bw256_r28_joined.csv
$ /home/ubuntu/venvs/zkduel-table5/bin/python -u benchmarks/field_sweep/triton_sweep.py --workloads zk_jellyfish_permcheck_hp --rounds 28 --bit-widths 256 --warmups 2 --repeats 10 --seed 1 --timing-mode whole-run --challenge-mode fixed --layout element --point-mode specialized --out CAMERA-READY/h100/sweep_fixed/cases_zk_256/zk_jellyfish_permcheck_hp_bw256_r28_triton.csv
Traceback (most recent call last):
  File "/home/ubuntu/sumcheck-triton/benchmarks/field_sweep/triton_sweep.py", line 918, in <module>
    raise SystemExit(main())
                     ^^^^^^
  File "/home/ubuntu/sumcheck-triton/benchmarks/field_sweep/triton_sweep.py", line 892, in main
    row = _time_one(
          ^^^^^^^^^^
  File "/home/ubuntu/sumcheck-triton/benchmarks/field_sweep/triton_sweep.py", line 644, in _time_one
    tables = _make_tables(num_vars, n, field, device, seed + rounds, layout)
             ^^^^^^^^^^^^^^^^^^^^^^^^^^^^^^^^^^^^^^^^^^^^^^^^^^^^^^^^^^^^^^^
  File "/home/ubuntu/sumcheck-triton/benchmarks/field_sweep/triton_sweep.py", line 429, in _make_tables
    tables = torch.zeros((num_vars, n, field.limbs), dtype=torch.uint32, device=device)
             ^^^^^^^^^^^^^^^^^^^^^^^^^^^^^^^^^^^^^^^^^^^^^^^^^^^^^^^^^^^^^^^^^^^^^^^^^^
torch.OutOfMemoryError: CUDA out of memory. Tried to allocate 120.00 GiB. GPU 0 has a total capacity of 79.19 GiB of which 78.74 GiB is free. Including non-PyTorch memory, this process has 450.00 MiB memory in use. Of the allocated memory 0 bytes is allocated by PyTorch, and 0 bytes is reserved by PyTorch but unallocated. If reserved but unallocated memory is large try setting PYTORCH_CUDA_ALLOC_CONF=expandable_segments:True to avoid fragmentation.  See documentation for Memory Management  (https://docs.pytorch.org/docs/stable/notes/cuda.html#optimizing-memory-usage-with-pytorch-cuda-alloc-conf)
Traceback (most recent call last):
  File "/home/ubuntu/sumcheck-triton/benchmarks/field_sweep/compare_triton_cuda.py", line 252, in <module>
    raise SystemExit(main())
                     ^^^^^^
  File "/home/ubuntu/sumcheck-triton/benchmarks/field_sweep/compare_triton_cuda.py", line 78, in main
    run(
  File "/home/ubuntu/sumcheck-triton/benchmarks/field_sweep/compare_triton_cuda.py", line 22, in run
    subprocess.run(cmd, check=True)
  File "/home/ubuntu/.local/share/uv/python/cpython-3.12.14-linux-x86_64-gnu/lib/python3.12/subprocess.py", line 571, in run
    raise CalledProcessError(retcode, process.args,
subprocess.CalledProcessError: Command '['/home/ubuntu/venvs/zkduel-table5/bin/python', '-u', 'benchmarks/field_sweep/triton_sweep.py', '--workloads', 'zk_jellyfish_permcheck_hp', '--rounds', '28', '--bit-widths', '256', '--warmups', '2', '--repeats', '10', '--seed', '1', '--timing-mode', 'whole-run', '--challenge-mode', 'fixed', '--layout', 'element', '--point-mode', 'specialized', '--out', 'CAMERA-READY/h100/sweep_fixed/cases_zk_256/zk_jellyfish_permcheck_hp_bw256_r28_triton.csv']' returned non-zero exit status 1.
skipped: zk_jellyfish_permcheck_hp_bw256_r28 returncode=1
CAMERA-READY/h100/sweep_fixed/zk_256.csv
$ /home/ubuntu/venvs/zkduel-table5/bin/python -u benchmarks/field_sweep/compare_triton_cuda.py --workloads zk_opencheck --bit-widths 256 --rounds 14 --warmups 2 --repeats 10 --seed 1 --timing-mode whole-run --challenge-mode fixed --layout element --point-mode specialized --block 128 --python /home/ubuntu/venvs/zkduel-table5/bin/python --triton-script benchmarks/field_sweep/triton_sweep.py --cuda-binary build/field_sumcheck_cuda_fixed --skip-build --triton-out CAMERA-READY/h100/sweep_fixed/cases_zk_256/zk_opencheck_bw256_r14_triton.csv --cuda-out CAMERA-READY/h100/sweep_fixed/cases_zk_256/zk_opencheck_bw256_r14_cuda.csv --out CAMERA-READY/h100/sweep_fixed/cases_zk_256/zk_opencheck_bw256_r14_joined.csv
$ /home/ubuntu/venvs/zkduel-table5/bin/python -u benchmarks/field_sweep/triton_sweep.py --workloads zk_opencheck --rounds 14 --bit-widths 256 --warmups 2 --repeats 10 --seed 1 --timing-mode whole-run --challenge-mode fixed --layout element --point-mode specialized --out CAMERA-READY/h100/sweep_fixed/cases_zk_256/zk_opencheck_bw256_r14_triton.csv
zk_opencheck             field=p255_bls12_381_scalar        rounds=14 first_ms=66.410 median_ms=3.699 checksum=37548486492218
CAMERA-READY/h100/sweep_fixed/cases_zk_256/zk_opencheck_bw256_r14_triton.csv
$ build/field_sumcheck_cuda_fixed --workloads zk_opencheck --rounds 14 --bit-widths 256 --warmups 2 --repeats 10 --seed 1 --timing-mode whole-run --challenge-mode fixed --layout element --point-mode specialized --block 128 --out CAMERA-READY/h100/sweep_fixed/cases_zk_256/zk_opencheck_bw256_r14_cuda.csv
zk_opencheck field=p255_bls12_381_scalar rounds=14 first_ms=2.06099 median_ms=1.51999 checksum=37548486492218
zk_opencheck             field=p255_bls12_381_scalar        rounds=14 triton_ms=3.699 cuda_ms=1.51999 checksum_match=true speedup=2.433569
CAMERA-READY/h100/sweep_fixed/cases_zk_256/zk_opencheck_bw256_r14_joined.csv
ok: zk_opencheck_bw256_r14
CAMERA-READY/h100/sweep_fixed/zk_256.csv
$ /home/ubuntu/venvs/zkduel-table5/bin/python -u benchmarks/field_sweep/compare_triton_cuda.py --workloads zk_opencheck --bit-widths 256 --rounds 16 --warmups 2 --repeats 10 --seed 1 --timing-mode whole-run --challenge-mode fixed --layout element --point-mode specialized --block 128 --python /home/ubuntu/venvs/zkduel-table5/bin/python --triton-script benchmarks/field_sweep/triton_sweep.py --cuda-binary build/field_sumcheck_cuda_fixed --skip-build --triton-out CAMERA-READY/h100/sweep_fixed/cases_zk_256/zk_opencheck_bw256_r16_triton.csv --cuda-out CAMERA-READY/h100/sweep_fixed/cases_zk_256/zk_opencheck_bw256_r16_cuda.csv --out CAMERA-READY/h100/sweep_fixed/cases_zk_256/zk_opencheck_bw256_r16_joined.csv
$ /home/ubuntu/venvs/zkduel-table5/bin/python -u benchmarks/field_sweep/triton_sweep.py --workloads zk_opencheck --rounds 16 --bit-widths 256 --warmups 2 --repeats 10 --seed 1 --timing-mode whole-run --challenge-mode fixed --layout element --point-mode specialized --out CAMERA-READY/h100/sweep_fixed/cases_zk_256/zk_opencheck_bw256_r16_triton.csv
zk_opencheck             field=p255_bls12_381_scalar        rounds=16 first_ms=67.904 median_ms=4.884 checksum=46031421589816
CAMERA-READY/h100/sweep_fixed/cases_zk_256/zk_opencheck_bw256_r16_triton.csv
$ build/field_sumcheck_cuda_fixed --workloads zk_opencheck --rounds 16 --bit-widths 256 --warmups 2 --repeats 10 --seed 1 --timing-mode whole-run --challenge-mode fixed --layout element --point-mode specialized --block 128 --out CAMERA-READY/h100/sweep_fixed/cases_zk_256/zk_opencheck_bw256_r16_cuda.csv
zk_opencheck field=p255_bls12_381_scalar rounds=16 first_ms=2.48089 median_ms=1.96916 checksum=46031421589816
zk_opencheck             field=p255_bls12_381_scalar        rounds=16 triton_ms=4.884 cuda_ms=1.96916 checksum_match=true speedup=2.480245
CAMERA-READY/h100/sweep_fixed/cases_zk_256/zk_opencheck_bw256_r16_joined.csv
ok: zk_opencheck_bw256_r16
CAMERA-READY/h100/sweep_fixed/zk_256.csv
$ /home/ubuntu/venvs/zkduel-table5/bin/python -u benchmarks/field_sweep/compare_triton_cuda.py --workloads zk_opencheck --bit-widths 256 --rounds 18 --warmups 2 --repeats 10 --seed 1 --timing-mode whole-run --challenge-mode fixed --layout element --point-mode specialized --block 128 --python /home/ubuntu/venvs/zkduel-table5/bin/python --triton-script benchmarks/field_sweep/triton_sweep.py --cuda-binary build/field_sumcheck_cuda_fixed --skip-build --triton-out CAMERA-READY/h100/sweep_fixed/cases_zk_256/zk_opencheck_bw256_r18_triton.csv --cuda-out CAMERA-READY/h100/sweep_fixed/cases_zk_256/zk_opencheck_bw256_r18_cuda.csv --out CAMERA-READY/h100/sweep_fixed/cases_zk_256/zk_opencheck_bw256_r18_joined.csv
$ /home/ubuntu/venvs/zkduel-table5/bin/python -u benchmarks/field_sweep/triton_sweep.py --workloads zk_opencheck --rounds 18 --bit-widths 256 --warmups 2 --repeats 10 --seed 1 --timing-mode whole-run --challenge-mode fixed --layout element --point-mode specialized --out CAMERA-READY/h100/sweep_fixed/cases_zk_256/zk_opencheck_bw256_r18_triton.csv
zk_opencheck             field=p255_bls12_381_scalar        rounds=18 first_ms=68.645 median_ms=6.255 checksum=47452072406856
CAMERA-READY/h100/sweep_fixed/cases_zk_256/zk_opencheck_bw256_r18_triton.csv
$ build/field_sumcheck_cuda_fixed --workloads zk_opencheck --rounds 18 --bit-widths 256 --warmups 2 --repeats 10 --seed 1 --timing-mode whole-run --challenge-mode fixed --layout element --point-mode specialized --block 128 --out CAMERA-READY/h100/sweep_fixed/cases_zk_256/zk_opencheck_bw256_r18_cuda.csv
zk_opencheck field=p255_bls12_381_scalar rounds=18 first_ms=3.35617 median_ms=2.85003 checksum=47452072406856
zk_opencheck             field=p255_bls12_381_scalar        rounds=18 triton_ms=6.255 cuda_ms=2.85003 checksum_match=true speedup=2.194714
CAMERA-READY/h100/sweep_fixed/cases_zk_256/zk_opencheck_bw256_r18_joined.csv
ok: zk_opencheck_bw256_r18
CAMERA-READY/h100/sweep_fixed/zk_256.csv
$ /home/ubuntu/venvs/zkduel-table5/bin/python -u benchmarks/field_sweep/compare_triton_cuda.py --workloads zk_opencheck --bit-widths 256 --rounds 20 --warmups 2 --repeats 10 --seed 1 --timing-mode whole-run --challenge-mode fixed --layout element --point-mode specialized --block 128 --python /home/ubuntu/venvs/zkduel-table5/bin/python --triton-script benchmarks/field_sweep/triton_sweep.py --cuda-binary build/field_sumcheck_cuda_fixed --skip-build --triton-out CAMERA-READY/h100/sweep_fixed/cases_zk_256/zk_opencheck_bw256_r20_triton.csv --cuda-out CAMERA-READY/h100/sweep_fixed/cases_zk_256/zk_opencheck_bw256_r20_cuda.csv --out CAMERA-READY/h100/sweep_fixed/cases_zk_256/zk_opencheck_bw256_r20_joined.csv
$ /home/ubuntu/venvs/zkduel-table5/bin/python -u benchmarks/field_sweep/triton_sweep.py --workloads zk_opencheck --rounds 20 --bit-widths 256 --warmups 2 --repeats 10 --seed 1 --timing-mode whole-run --challenge-mode fixed --layout element --point-mode specialized --out CAMERA-READY/h100/sweep_fixed/cases_zk_256/zk_opencheck_bw256_r20_triton.csv
zk_opencheck             field=p255_bls12_381_scalar        rounds=20 first_ms=71.475 median_ms=9.213 checksum=53045358594397
CAMERA-READY/h100/sweep_fixed/cases_zk_256/zk_opencheck_bw256_r20_triton.csv
$ build/field_sumcheck_cuda_fixed --workloads zk_opencheck --rounds 20 --bit-widths 256 --warmups 2 --repeats 10 --seed 1 --timing-mode whole-run --challenge-mode fixed --layout element --point-mode specialized --block 128 --out CAMERA-READY/h100/sweep_fixed/cases_zk_256/zk_opencheck_bw256_r20_cuda.csv
zk_opencheck field=p255_bls12_381_scalar rounds=20 first_ms=5.63895 median_ms=5.12615 checksum=53045358594397
zk_opencheck             field=p255_bls12_381_scalar        rounds=20 triton_ms=9.213 cuda_ms=5.12615 checksum_match=true speedup=1.797255
CAMERA-READY/h100/sweep_fixed/cases_zk_256/zk_opencheck_bw256_r20_joined.csv
ok: zk_opencheck_bw256_r20
CAMERA-READY/h100/sweep_fixed/zk_256.csv
$ /home/ubuntu/venvs/zkduel-table5/bin/python -u benchmarks/field_sweep/compare_triton_cuda.py --workloads zk_opencheck --bit-widths 256 --rounds 22 --warmups 2 --repeats 10 --seed 1 --timing-mode whole-run --challenge-mode fixed --layout element --point-mode specialized --block 128 --python /home/ubuntu/venvs/zkduel-table5/bin/python --triton-script benchmarks/field_sweep/triton_sweep.py --cuda-binary build/field_sumcheck_cuda_fixed --skip-build --triton-out CAMERA-READY/h100/sweep_fixed/cases_zk_256/zk_opencheck_bw256_r22_triton.csv --cuda-out CAMERA-READY/h100/sweep_fixed/cases_zk_256/zk_opencheck_bw256_r22_cuda.csv --out CAMERA-READY/h100/sweep_fixed/cases_zk_256/zk_opencheck_bw256_r22_joined.csv
$ /home/ubuntu/venvs/zkduel-table5/bin/python -u benchmarks/field_sweep/triton_sweep.py --workloads zk_opencheck --rounds 22 --bit-widths 256 --warmups 2 --repeats 10 --seed 1 --timing-mode whole-run --challenge-mode fixed --layout element --point-mode specialized --out CAMERA-READY/h100/sweep_fixed/cases_zk_256/zk_opencheck_bw256_r22_triton.csv
zk_opencheck             field=p255_bls12_381_scalar        rounds=22 first_ms=80.913 median_ms=19.125 checksum=59807961700097
CAMERA-READY/h100/sweep_fixed/cases_zk_256/zk_opencheck_bw256_r22_triton.csv
$ build/field_sumcheck_cuda_fixed --workloads zk_opencheck --rounds 22 --bit-widths 256 --warmups 2 --repeats 10 --seed 1 --timing-mode whole-run --challenge-mode fixed --layout element --point-mode specialized --block 128 --out CAMERA-READY/h100/sweep_fixed/cases_zk_256/zk_opencheck_bw256_r22_cuda.csv
zk_opencheck field=p255_bls12_381_scalar rounds=22 first_ms=13.1171 median_ms=12.6643 checksum=59807961700097
zk_opencheck             field=p255_bls12_381_scalar        rounds=22 triton_ms=19.125 cuda_ms=12.6643 checksum_match=true speedup=1.510151
CAMERA-READY/h100/sweep_fixed/cases_zk_256/zk_opencheck_bw256_r22_joined.csv
ok: zk_opencheck_bw256_r22
CAMERA-READY/h100/sweep_fixed/zk_256.csv
$ /home/ubuntu/venvs/zkduel-table5/bin/python -u benchmarks/field_sweep/compare_triton_cuda.py --workloads zk_opencheck --bit-widths 256 --rounds 24 --warmups 2 --repeats 10 --seed 1 --timing-mode whole-run --challenge-mode fixed --layout element --point-mode specialized --block 128 --python /home/ubuntu/venvs/zkduel-table5/bin/python --triton-script benchmarks/field_sweep/triton_sweep.py --cuda-binary build/field_sumcheck_cuda_fixed --skip-build --triton-out CAMERA-READY/h100/sweep_fixed/cases_zk_256/zk_opencheck_bw256_r24_triton.csv --cuda-out CAMERA-READY/h100/sweep_fixed/cases_zk_256/zk_opencheck_bw256_r24_cuda.csv --out CAMERA-READY/h100/sweep_fixed/cases_zk_256/zk_opencheck_bw256_r24_joined.csv
$ /home/ubuntu/venvs/zkduel-table5/bin/python -u benchmarks/field_sweep/triton_sweep.py --workloads zk_opencheck --rounds 24 --bit-widths 256 --warmups 2 --repeats 10 --seed 1 --timing-mode whole-run --challenge-mode fixed --layout element --point-mode specialized --out CAMERA-READY/h100/sweep_fixed/cases_zk_256/zk_opencheck_bw256_r24_triton.csv
zk_opencheck             field=p255_bls12_381_scalar        rounds=24 first_ms=114.866 median_ms=56.100 checksum=67243387918005
CAMERA-READY/h100/sweep_fixed/cases_zk_256/zk_opencheck_bw256_r24_triton.csv
$ build/field_sumcheck_cuda_fixed --workloads zk_opencheck --rounds 24 --bit-widths 256 --warmups 2 --repeats 10 --seed 1 --timing-mode whole-run --challenge-mode fixed --layout element --point-mode specialized --block 128 --out CAMERA-READY/h100/sweep_fixed/cases_zk_256/zk_opencheck_bw256_r24_cuda.csv
zk_opencheck field=p255_bls12_381_scalar rounds=24 first_ms=41.7762 median_ms=42.1325 checksum=67243387918005
zk_opencheck             field=p255_bls12_381_scalar        rounds=24 triton_ms=56.100 cuda_ms=42.1325 checksum_match=true speedup=1.331514
CAMERA-READY/h100/sweep_fixed/cases_zk_256/zk_opencheck_bw256_r24_joined.csv
ok: zk_opencheck_bw256_r24
CAMERA-READY/h100/sweep_fixed/zk_256.csv
$ /home/ubuntu/venvs/zkduel-table5/bin/python -u benchmarks/field_sweep/compare_triton_cuda.py --workloads zk_opencheck --bit-widths 256 --rounds 26 --warmups 2 --repeats 10 --seed 1 --timing-mode whole-run --challenge-mode fixed --layout element --point-mode specialized --block 128 --python /home/ubuntu/venvs/zkduel-table5/bin/python --triton-script benchmarks/field_sweep/triton_sweep.py --cuda-binary build/field_sumcheck_cuda_fixed --skip-build --triton-out CAMERA-READY/h100/sweep_fixed/cases_zk_256/zk_opencheck_bw256_r26_triton.csv --cuda-out CAMERA-READY/h100/sweep_fixed/cases_zk_256/zk_opencheck_bw256_r26_cuda.csv --out CAMERA-READY/h100/sweep_fixed/cases_zk_256/zk_opencheck_bw256_r26_joined.csv
$ /home/ubuntu/venvs/zkduel-table5/bin/python -u benchmarks/field_sweep/triton_sweep.py --workloads zk_opencheck --rounds 26 --bit-widths 256 --warmups 2 --repeats 10 --seed 1 --timing-mode whole-run --challenge-mode fixed --layout element --point-mode specialized --out CAMERA-READY/h100/sweep_fixed/cases_zk_256/zk_opencheck_bw256_r26_triton.csv
zk_opencheck             field=p255_bls12_381_scalar        rounds=26 first_ms=263.626 median_ms=208.363 checksum=71597515821585
CAMERA-READY/h100/sweep_fixed/cases_zk_256/zk_opencheck_bw256_r26_triton.csv
$ build/field_sumcheck_cuda_fixed --workloads zk_opencheck --rounds 26 --bit-widths 256 --warmups 2 --repeats 10 --seed 1 --timing-mode whole-run --challenge-mode fixed --layout element --point-mode specialized --block 128 --out CAMERA-READY/h100/sweep_fixed/cases_zk_256/zk_opencheck_bw256_r26_cuda.csv
zk_opencheck field=p255_bls12_381_scalar rounds=26 first_ms=160.38 median_ms=166.411 checksum=71597515821585
zk_opencheck             field=p255_bls12_381_scalar        rounds=26 triton_ms=208.363 cuda_ms=166.411 checksum_match=true speedup=1.252099
CAMERA-READY/h100/sweep_fixed/cases_zk_256/zk_opencheck_bw256_r26_joined.csv
ok: zk_opencheck_bw256_r26
CAMERA-READY/h100/sweep_fixed/zk_256.csv
$ /home/ubuntu/venvs/zkduel-table5/bin/python -u benchmarks/field_sweep/compare_triton_cuda.py --workloads zk_opencheck --bit-widths 256 --rounds 28 --warmups 2 --repeats 10 --seed 1 --timing-mode whole-run --challenge-mode fixed --layout element --point-mode specialized --block 128 --python /home/ubuntu/venvs/zkduel-table5/bin/python --triton-script benchmarks/field_sweep/triton_sweep.py --cuda-binary build/field_sumcheck_cuda_fixed --skip-build --triton-out CAMERA-READY/h100/sweep_fixed/cases_zk_256/zk_opencheck_bw256_r28_triton.csv --cuda-out CAMERA-READY/h100/sweep_fixed/cases_zk_256/zk_opencheck_bw256_r28_cuda.csv --out CAMERA-READY/h100/sweep_fixed/cases_zk_256/zk_opencheck_bw256_r28_joined.csv
$ /home/ubuntu/venvs/zkduel-table5/bin/python -u benchmarks/field_sweep/triton_sweep.py --workloads zk_opencheck --rounds 28 --bit-widths 256 --warmups 2 --repeats 10 --seed 1 --timing-mode whole-run --challenge-mode fixed --layout element --point-mode specialized --out CAMERA-READY/h100/sweep_fixed/cases_zk_256/zk_opencheck_bw256_r28_triton.csv
Traceback (most recent call last):
  File "/home/ubuntu/sumcheck-triton/benchmarks/field_sweep/triton_sweep.py", line 918, in <module>
    raise SystemExit(main())
                     ^^^^^^
  File "/home/ubuntu/sumcheck-triton/benchmarks/field_sweep/triton_sweep.py", line 892, in main
    row = _time_one(
          ^^^^^^^^^^
  File "/home/ubuntu/sumcheck-triton/benchmarks/field_sweep/triton_sweep.py", line 644, in _time_one
    tables = _make_tables(num_vars, n, field, device, seed + rounds, layout)
             ^^^^^^^^^^^^^^^^^^^^^^^^^^^^^^^^^^^^^^^^^^^^^^^^^^^^^^^^^^^^^^^
  File "/home/ubuntu/sumcheck-triton/benchmarks/field_sweep/triton_sweep.py", line 429, in _make_tables
    tables = torch.zeros((num_vars, n, field.limbs), dtype=torch.uint32, device=device)
             ^^^^^^^^^^^^^^^^^^^^^^^^^^^^^^^^^^^^^^^^^^^^^^^^^^^^^^^^^^^^^^^^^^^^^^^^^^
torch.OutOfMemoryError: CUDA out of memory. Tried to allocate 96.00 GiB. GPU 0 has a total capacity of 79.19 GiB of which 78.74 GiB is free. Including non-PyTorch memory, this process has 450.00 MiB memory in use. Of the allocated memory 0 bytes is allocated by PyTorch, and 0 bytes is reserved by PyTorch but unallocated. If reserved but unallocated memory is large try setting PYTORCH_CUDA_ALLOC_CONF=expandable_segments:True to avoid fragmentation.  See documentation for Memory Management  (https://docs.pytorch.org/docs/stable/notes/cuda.html#optimizing-memory-usage-with-pytorch-cuda-alloc-conf)
Traceback (most recent call last):
  File "/home/ubuntu/sumcheck-triton/benchmarks/field_sweep/compare_triton_cuda.py", line 252, in <module>
    raise SystemExit(main())
                     ^^^^^^
  File "/home/ubuntu/sumcheck-triton/benchmarks/field_sweep/compare_triton_cuda.py", line 78, in main
    run(
  File "/home/ubuntu/sumcheck-triton/benchmarks/field_sweep/compare_triton_cuda.py", line 22, in run
    subprocess.run(cmd, check=True)
  File "/home/ubuntu/.local/share/uv/python/cpython-3.12.14-linux-x86_64-gnu/lib/python3.12/subprocess.py", line 571, in run
    raise CalledProcessError(retcode, process.args,
subprocess.CalledProcessError: Command '['/home/ubuntu/venvs/zkduel-table5/bin/python', '-u', 'benchmarks/field_sweep/triton_sweep.py', '--workloads', 'zk_opencheck', '--rounds', '28', '--bit-widths', '256', '--warmups', '2', '--repeats', '10', '--seed', '1', '--timing-mode', 'whole-run', '--challenge-mode', 'fixed', '--layout', 'element', '--point-mode', 'specialized', '--out', 'CAMERA-READY/h100/sweep_fixed/cases_zk_256/zk_opencheck_bw256_r28_triton.csv']' returned non-zero exit status 1.
skipped: zk_opencheck_bw256_r28 returncode=1
CAMERA-READY/h100/sweep_fixed/zk_256.csv
