$ /home/ubuntu/venvs/zkduel-table5/bin/python -u benchmarks/field_sweep/compare_triton_cuda.py --workloads poly_a --bit-widths 32 --rounds 14 --warmups 2 --repeats 10 --seed 1 --timing-mode whole-run --challenge-mode fixed --layout element --point-mode specialized --block 128 --python /home/ubuntu/venvs/zkduel-table5/bin/python --triton-script benchmarks/field_sweep/triton_sweep.py --cuda-binary build/field_sumcheck_cuda_fixed --skip-build --triton-out CAMERA-READY/h100/sweep_fixed/cases_diag_tier/poly_a_bw32_r14_triton.csv --cuda-out CAMERA-READY/h100/sweep_fixed/cases_diag_tier/poly_a_bw32_r14_cuda.csv --out CAMERA-READY/h100/sweep_fixed/cases_diag_tier/poly_a_bw32_r14_joined.csv
$ /home/ubuntu/venvs/zkduel-table5/bin/python -u benchmarks/field_sweep/triton_sweep.py --workloads poly_a --rounds 14 --bit-widths 32 --warmups 2 --repeats 10 --seed 1 --timing-mode whole-run --challenge-mode fixed --layout element --point-mode specialized --out CAMERA-READY/h100/sweep_fixed/cases_diag_tier/poly_a_bw32_r14_triton.csv
poly_a                   field=p32_2^32_minus_5             rounds=14 first_ms=202.668 median_ms=2.421 checksum=1122300671700
CAMERA-READY/h100/sweep_fixed/cases_diag_tier/poly_a_bw32_r14_triton.csv
$ build/field_sumcheck_cuda_fixed --workloads poly_a --rounds 14 --bit-widths 32 --warmups 2 --repeats 10 --seed 1 --timing-mode whole-run --challenge-mode fixed --layout element --point-mode specialized --block 128 --out CAMERA-READY/h100/sweep_fixed/cases_diag_tier/poly_a_bw32_r14_cuda.csv
poly_a field=p32_2^32_minus_5 rounds=14 first_ms=0.851545 median_ms=0.682406 checksum=1122300671700
poly_a                   field=p32_2^32_minus_5             rounds=14 triton_ms=2.421 cuda_ms=0.682406 checksum_match=true speedup=3.547741
CAMERA-READY/h100/sweep_fixed/cases_diag_tier/poly_a_bw32_r14_joined.csv
ok: poly_a_bw32_r14
CAMERA-READY/h100/sweep_fixed/diag_tier.csv
$ /home/ubuntu/venvs/zkduel-table5/bin/python -u benchmarks/field_sweep/compare_triton_cuda.py --workloads poly_a --bit-widths 32 --rounds 16 --warmups 2 --repeats 10 --seed 1 --timing-mode whole-run --challenge-mode fixed --layout element --point-mode specialized --block 128 --python /home/ubuntu/venvs/zkduel-table5/bin/python --triton-script benchmarks/field_sweep/triton_sweep.py --cuda-binary build/field_sumcheck_cuda_fixed --skip-build --triton-out CAMERA-READY/h100/sweep_fixed/cases_diag_tier/poly_a_bw32_r16_triton.csv --cuda-out CAMERA-READY/h100/sweep_fixed/cases_diag_tier/poly_a_bw32_r16_cuda.csv --out CAMERA-READY/h100/sweep_fixed/cases_diag_tier/poly_a_bw32_r16_joined.csv
$ /home/ubuntu/venvs/zkduel-table5/bin/python -u benchmarks/field_sweep/triton_sweep.py --workloads poly_a --rounds 16 --bit-widths 32 --warmups 2 --repeats 10 --seed 1 --timing-mode whole-run --challenge-mode fixed --layout element --point-mode specialized --out CAMERA-READY/h100/sweep_fixed/cases_diag_tier/poly_a_bw32_r16_triton.csv
poly_a                   field=p32_2^32_minus_5             rounds=16 first_ms=49.881 median_ms=3.175 checksum=1459674850972
CAMERA-READY/h100/sweep_fixed/cases_diag_tier/poly_a_bw32_r16_triton.csv
$ build/field_sumcheck_cuda_fixed --workloads poly_a --rounds 16 --bit-widths 32 --warmups 2 --repeats 10 --seed 1 --timing-mode whole-run --challenge-mode fixed --layout element --point-mode specialized --block 128 --out CAMERA-READY/h100/sweep_fixed/cases_diag_tier/poly_a_bw32_r16_cuda.csv
poly_a field=p32_2^32_minus_5 rounds=16 first_ms=0.964331 median_ms=0.826167 checksum=1459674850972
poly_a                   field=p32_2^32_minus_5             rounds=16 triton_ms=3.175 cuda_ms=0.826167 checksum_match=true speedup=3.843049
CAMERA-READY/h100/sweep_fixed/cases_diag_tier/poly_a_bw32_r16_joined.csv
ok: poly_a_bw32_r16
CAMERA-READY/h100/sweep_fixed/diag_tier.csv
$ /home/ubuntu/venvs/zkduel-table5/bin/python -u benchmarks/field_sweep/compare_triton_cuda.py --workloads poly_a --bit-widths 32 --rounds 18 --warmups 2 --repeats 10 --seed 1 --timing-mode whole-run --challenge-mode fixed --layout element --point-mode specialized --block 128 --python /home/ubuntu/venvs/zkduel-table5/bin/python --triton-script benchmarks/field_sweep/triton_sweep.py --cuda-binary build/field_sumcheck_cuda_fixed --skip-build --triton-out CAMERA-READY/h100/sweep_fixed/cases_diag_tier/poly_a_bw32_r18_triton.csv --cuda-out CAMERA-READY/h100/sweep_fixed/cases_diag_tier/poly_a_bw32_r18_cuda.csv --out CAMERA-READY/h100/sweep_fixed/cases_diag_tier/poly_a_bw32_r18_joined.csv
$ /home/ubuntu/venvs/zkduel-table5/bin/python -u benchmarks/field_sweep/triton_sweep.py --workloads poly_a --rounds 18 --bit-widths 32 --warmups 2 --repeats 10 --seed 1 --timing-mode whole-run --challenge-mode fixed --layout element --point-mode specialized --out CAMERA-READY/h100/sweep_fixed/cases_diag_tier/poly_a_bw32_r18_triton.csv
poly_a                   field=p32_2^32_minus_5             rounds=18 first_ms=51.029 median_ms=4.051 checksum=1370221856952
CAMERA-READY/h100/sweep_fixed/cases_diag_tier/poly_a_bw32_r18_triton.csv
$ build/field_sumcheck_cuda_fixed --workloads poly_a --rounds 18 --bit-widths 32 --warmups 2 --repeats 10 --seed 1 --timing-mode whole-run --challenge-mode fixed --layout element --point-mode specialized --block 128 --out CAMERA-READY/h100/sweep_fixed/cases_diag_tier/poly_a_bw32_r18_cuda.csv
poly_a field=p32_2^32_minus_5 rounds=18 first_ms=1.1362 median_ms=0.996912 checksum=1370221856952
poly_a                   field=p32_2^32_minus_5             rounds=18 triton_ms=4.051 cuda_ms=0.996912 checksum_match=true speedup=4.063548
CAMERA-READY/h100/sweep_fixed/cases_diag_tier/poly_a_bw32_r18_joined.csv
ok: poly_a_bw32_r18
CAMERA-READY/h100/sweep_fixed/diag_tier.csv
$ /home/ubuntu/venvs/zkduel-table5/bin/python -u benchmarks/field_sweep/compare_triton_cuda.py --workloads poly_a --bit-widths 32 --rounds 20 --warmups 2 --repeats 10 --seed 1 --timing-mode whole-run --challenge-mode fixed --layout element --point-mode specialized --block 128 --python /home/ubuntu/venvs/zkduel-table5/bin/python --triton-script benchmarks/field_sweep/triton_sweep.py --cuda-binary build/field_sumcheck_cuda_fixed --skip-build --triton-out CAMERA-READY/h100/sweep_fixed/cases_diag_tier/poly_a_bw32_r20_triton.csv --cuda-out CAMERA-READY/h100/sweep_fixed/cases_diag_tier/poly_a_bw32_r20_cuda.csv --out CAMERA-READY/h100/sweep_fixed/cases_diag_tier/poly_a_bw32_r20_joined.csv
$ /home/ubuntu/venvs/zkduel-table5/bin/python -u benchmarks/field_sweep/triton_sweep.py --workloads poly_a --rounds 20 --bit-widths 32 --warmups 2 --repeats 10 --seed 1 --timing-mode whole-run --challenge-mode fixed --layout element --point-mode specialized --out CAMERA-READY/h100/sweep_fixed/cases_diag_tier/poly_a_bw32_r20_triton.csv
poly_a                   field=p32_2^32_minus_5             rounds=20 first_ms=52.326 median_ms=5.178 checksum=1291340095539
CAMERA-READY/h100/sweep_fixed/cases_diag_tier/poly_a_bw32_r20_triton.csv
$ build/field_sumcheck_cuda_fixed --workloads poly_a --rounds 20 --bit-widths 32 --warmups 2 --repeats 10 --seed 1 --timing-mode whole-run --challenge-mode fixed --layout element --point-mode specialized --block 128 --out CAMERA-READY/h100/sweep_fixed/cases_diag_tier/poly_a_bw32_r20_cuda.csv
poly_a field=p32_2^32_minus_5 rounds=20 first_ms=1.35995 median_ms=1.20627 checksum=1291340095539
poly_a                   field=p32_2^32_minus_5             rounds=20 triton_ms=5.178 cuda_ms=1.20627 checksum_match=true speedup=4.292571
CAMERA-READY/h100/sweep_fixed/cases_diag_tier/poly_a_bw32_r20_joined.csv
ok: poly_a_bw32_r20
CAMERA-READY/h100/sweep_fixed/diag_tier.csv
$ /home/ubuntu/venvs/zkduel-table5/bin/python -u benchmarks/field_sweep/compare_triton_cuda.py --workloads poly_a --bit-widths 32 --rounds 22 --warmups 2 --repeats 10 --seed 1 --timing-mode whole-run --challenge-mode fixed --layout element --point-mode specialized --block 128 --python /home/ubuntu/venvs/zkduel-table5/bin/python --triton-script benchmarks/field_sweep/triton_sweep.py --cuda-binary build/field_sumcheck_cuda_fixed --skip-build --triton-out CAMERA-READY/h100/sweep_fixed/cases_diag_tier/poly_a_bw32_r22_triton.csv --cuda-out CAMERA-READY/h100/sweep_fixed/cases_diag_tier/poly_a_bw32_r22_cuda.csv --out CAMERA-READY/h100/sweep_fixed/cases_diag_tier/poly_a_bw32_r22_joined.csv
$ /home/ubuntu/venvs/zkduel-table5/bin/python -u benchmarks/field_sweep/triton_sweep.py --workloads poly_a --rounds 22 --bit-widths 32 --warmups 2 --repeats 10 --seed 1 --timing-mode whole-run --challenge-mode fixed --layout element --point-mode specialized --out CAMERA-READY/h100/sweep_fixed/cases_diag_tier/poly_a_bw32_r22_triton.csv
poly_a                   field=p32_2^32_minus_5             rounds=22 first_ms=53.368 median_ms=6.258 checksum=1215865892904
CAMERA-READY/h100/sweep_fixed/cases_diag_tier/poly_a_bw32_r22_triton.csv
$ build/field_sumcheck_cuda_fixed --workloads poly_a --rounds 22 --bit-widths 32 --warmups 2 --repeats 10 --seed 1 --timing-mode whole-run --challenge-mode fixed --layout element --point-mode specialized --block 128 --out CAMERA-READY/h100/sweep_fixed/cases_diag_tier/poly_a_bw32_r22_cuda.csv
poly_a field=p32_2^32_minus_5 rounds=22 first_ms=1.59281 median_ms=1.45823 checksum=1215865892904
poly_a                   field=p32_2^32_minus_5             rounds=22 triton_ms=6.258 cuda_ms=1.45823 checksum_match=true speedup=4.291504
CAMERA-READY/h100/sweep_fixed/cases_diag_tier/poly_a_bw32_r22_joined.csv
ok: poly_a_bw32_r22
CAMERA-READY/h100/sweep_fixed/diag_tier.csv
$ /home/ubuntu/venvs/zkduel-table5/bin/python -u benchmarks/field_sweep/compare_triton_cuda.py --workloads poly_a --bit-widths 32 --rounds 24 --warmups 2 --repeats 10 --seed 1 --timing-mode whole-run --challenge-mode fixed --layout element --point-mode specialized --block 128 --python /home/ubuntu/venvs/zkduel-table5/bin/python --triton-script benchmarks/field_sweep/triton_sweep.py --cuda-binary build/field_sumcheck_cuda_fixed --skip-build --triton-out CAMERA-READY/h100/sweep_fixed/cases_diag_tier/poly_a_bw32_r24_triton.csv --cuda-out CAMERA-READY/h100/sweep_fixed/cases_diag_tier/poly_a_bw32_r24_cuda.csv --out CAMERA-READY/h100/sweep_fixed/cases_diag_tier/poly_a_bw32_r24_joined.csv
$ /home/ubuntu/venvs/zkduel-table5/bin/python -u benchmarks/field_sweep/triton_sweep.py --workloads poly_a --rounds 24 --bit-widths 32 --warmups 2 --repeats 10 --seed 1 --timing-mode whole-run --challenge-mode fixed --layout element --point-mode specialized --out CAMERA-READY/h100/sweep_fixed/cases_diag_tier/poly_a_bw32_r24_triton.csv
poly_a                   field=p32_2^32_minus_5             rounds=24 first_ms=55.615 median_ms=8.949 checksum=1431293911385
CAMERA-READY/h100/sweep_fixed/cases_diag_tier/poly_a_bw32_r24_triton.csv
$ build/field_sumcheck_cuda_fixed --workloads poly_a --rounds 24 --bit-widths 32 --warmups 2 --repeats 10 --seed 1 --timing-mode whole-run --challenge-mode fixed --layout element --point-mode specialized --block 128 --out CAMERA-READY/h100/sweep_fixed/cases_diag_tier/poly_a_bw32_r24_cuda.csv
poly_a field=p32_2^32_minus_5 rounds=24 first_ms=2.02911 median_ms=1.88813 checksum=1431293911385
poly_a                   field=p32_2^32_minus_5             rounds=24 triton_ms=8.949 cuda_ms=1.88813 checksum_match=true speedup=4.739610
CAMERA-READY/h100/sweep_fixed/cases_diag_tier/poly_a_bw32_r24_joined.csv
ok: poly_a_bw32_r24
CAMERA-READY/h100/sweep_fixed/diag_tier.csv
$ /home/ubuntu/venvs/zkduel-table5/bin/python -u benchmarks/field_sweep/compare_triton_cuda.py --workloads poly_a --bit-widths 32 --rounds 26 --warmups 2 --repeats 10 --seed 1 --timing-mode whole-run --challenge-mode fixed --layout element --point-mode specialized --block 128 --python /home/ubuntu/venvs/zkduel-table5/bin/python --triton-script benchmarks/field_sweep/triton_sweep.py --cuda-binary build/field_sumcheck_cuda_fixed --skip-build --triton-out CAMERA-READY/h100/sweep_fixed/cases_diag_tier/poly_a_bw32_r26_triton.csv --cuda-out CAMERA-READY/h100/sweep_fixed/cases_diag_tier/poly_a_bw32_r26_cuda.csv --out CAMERA-READY/h100/sweep_fixed/cases_diag_tier/poly_a_bw32_r26_joined.csv
$ /home/ubuntu/venvs/zkduel-table5/bin/python -u benchmarks/field_sweep/triton_sweep.py --workloads poly_a --rounds 26 --bit-widths 32 --warmups 2 --repeats 10 --seed 1 --timing-mode whole-run --challenge-mode fixed --layout element --point-mode specialized --out CAMERA-READY/h100/sweep_fixed/cases_diag_tier/poly_a_bw32_r26_triton.csv
poly_a                   field=p32_2^32_minus_5             rounds=26 first_ms=63.459 median_ms=17.839 checksum=1463713756466
CAMERA-READY/h100/sweep_fixed/cases_diag_tier/poly_a_bw32_r26_triton.csv
$ build/field_sumcheck_cuda_fixed --workloads poly_a --rounds 26 --bit-widths 32 --warmups 2 --repeats 10 --seed 1 --timing-mode whole-run --challenge-mode fixed --layout element --point-mode specialized --block 128 --out CAMERA-READY/h100/sweep_fixed/cases_diag_tier/poly_a_bw32_r26_cuda.csv
poly_a field=p32_2^32_minus_5 rounds=26 first_ms=3.27598 median_ms=3.12635 checksum=1463713756466
poly_a                   field=p32_2^32_minus_5             rounds=26 triton_ms=17.839 cuda_ms=3.12635 checksum_match=true speedup=5.706015
CAMERA-READY/h100/sweep_fixed/cases_diag_tier/poly_a_bw32_r26_joined.csv
ok: poly_a_bw32_r26
CAMERA-READY/h100/sweep_fixed/diag_tier.csv
$ /home/ubuntu/venvs/zkduel-table5/bin/python -u benchmarks/field_sweep/compare_triton_cuda.py --workloads poly_a --bit-widths 32 --rounds 28 --warmups 2 --repeats 10 --seed 1 --timing-mode whole-run --challenge-mode fixed --layout element --point-mode specialized --block 128 --python /home/ubuntu/venvs/zkduel-table5/bin/python --triton-script benchmarks/field_sweep/triton_sweep.py --cuda-binary build/field_sumcheck_cuda_fixed --skip-build --triton-out CAMERA-READY/h100/sweep_fixed/cases_diag_tier/poly_a_bw32_r28_triton.csv --cuda-out CAMERA-READY/h100/sweep_fixed/cases_diag_tier/poly_a_bw32_r28_cuda.csv --out CAMERA-READY/h100/sweep_fixed/cases_diag_tier/poly_a_bw32_r28_joined.csv
$ /home/ubuntu/venvs/zkduel-table5/bin/python -u benchmarks/field_sweep/triton_sweep.py --workloads poly_a --rounds 28 --bit-widths 32 --warmups 2 --repeats 10 --seed 1 --timing-mode whole-run --challenge-mode fixed --layout element --point-mode specialized --out CAMERA-READY/h100/sweep_fixed/cases_diag_tier/poly_a_bw32_r28_triton.csv
poly_a                   field=p32_2^32_minus_5             rounds=28 first_ms=96.796 median_ms=52.874 checksum=1647365669339
CAMERA-READY/h100/sweep_fixed/cases_diag_tier/poly_a_bw32_r28_triton.csv
$ build/field_sumcheck_cuda_fixed --workloads poly_a --rounds 28 --bit-widths 32 --warmups 2 --repeats 10 --seed 1 --timing-mode whole-run --challenge-mode fixed --layout element --point-mode specialized --block 128 --out CAMERA-READY/h100/sweep_fixed/cases_diag_tier/poly_a_bw32_r28_cuda.csv
poly_a field=p32_2^32_minus_5 rounds=28 first_ms=7.39247 median_ms=7.25827 checksum=1647365669339
poly_a                   field=p32_2^32_minus_5             rounds=28 triton_ms=52.874 cuda_ms=7.25827 checksum_match=true speedup=7.284656
CAMERA-READY/h100/sweep_fixed/cases_diag_tier/poly_a_bw32_r28_joined.csv
ok: poly_a_bw32_r28
CAMERA-READY/h100/sweep_fixed/diag_tier.csv
$ /home/ubuntu/venvs/zkduel-table5/bin/python -u benchmarks/field_sweep/compare_triton_cuda.py --workloads poly_a --bit-widths 64 --rounds 14 --warmups 2 --repeats 10 --seed 1 --timing-mode whole-run --challenge-mode fixed --layout element --point-mode specialized --block 128 --python /home/ubuntu/venvs/zkduel-table5/bin/python --triton-script benchmarks/field_sweep/triton_sweep.py --cuda-binary build/field_sumcheck_cuda_fixed --skip-build --triton-out CAMERA-READY/h100/sweep_fixed/cases_diag_tier/poly_a_bw64_r14_triton.csv --cuda-out CAMERA-READY/h100/sweep_fixed/cases_diag_tier/poly_a_bw64_r14_cuda.csv --out CAMERA-READY/h100/sweep_fixed/cases_diag_tier/poly_a_bw64_r14_joined.csv
$ /home/ubuntu/venvs/zkduel-table5/bin/python -u benchmarks/field_sweep/triton_sweep.py --workloads poly_a --rounds 14 --bit-widths 64 --warmups 2 --repeats 10 --seed 1 --timing-mode whole-run --challenge-mode fixed --layout element --point-mode specialized --out CAMERA-READY/h100/sweep_fixed/cases_diag_tier/poly_a_bw64_r14_triton.csv
poly_a                   field=p64_goldilocks               rounds=14 first_ms=288.269 median_ms=2.620 checksum=2346173467534
CAMERA-READY/h100/sweep_fixed/cases_diag_tier/poly_a_bw64_r14_triton.csv
$ build/field_sumcheck_cuda_fixed --workloads poly_a --rounds 14 --bit-widths 64 --warmups 2 --repeats 10 --seed 1 --timing-mode whole-run --challenge-mode fixed --layout element --point-mode specialized --block 128 --out CAMERA-READY/h100/sweep_fixed/cases_diag_tier/poly_a_bw64_r14_cuda.csv
poly_a field=p64_goldilocks rounds=14 first_ms=0.860216 median_ms=0.692926 checksum=2346173467534
poly_a                   field=p64_goldilocks               rounds=14 triton_ms=2.620 cuda_ms=0.692926 checksum_match=true speedup=3.781068
CAMERA-READY/h100/sweep_fixed/cases_diag_tier/poly_a_bw64_r14_joined.csv
ok: poly_a_bw64_r14
CAMERA-READY/h100/sweep_fixed/diag_tier.csv
$ /home/ubuntu/venvs/zkduel-table5/bin/python -u benchmarks/field_sweep/compare_triton_cuda.py --workloads poly_a --bit-widths 64 --rounds 16 --warmups 2 --repeats 10 --seed 1 --timing-mode whole-run --challenge-mode fixed --layout element --point-mode specialized --block 128 --python /home/ubuntu/venvs/zkduel-table5/bin/python --triton-script benchmarks/field_sweep/triton_sweep.py --cuda-binary build/field_sumcheck_cuda_fixed --skip-build --triton-out CAMERA-READY/h100/sweep_fixed/cases_diag_tier/poly_a_bw64_r16_triton.csv --cuda-out CAMERA-READY/h100/sweep_fixed/cases_diag_tier/poly_a_bw64_r16_cuda.csv --out CAMERA-READY/h100/sweep_fixed/cases_diag_tier/poly_a_bw64_r16_joined.csv
$ /home/ubuntu/venvs/zkduel-table5/bin/python -u benchmarks/field_sweep/triton_sweep.py --workloads poly_a --rounds 16 --bit-widths 64 --warmups 2 --repeats 10 --seed 1 --timing-mode whole-run --challenge-mode fixed --layout element --point-mode specialized --out CAMERA-READY/h100/sweep_fixed/cases_diag_tier/poly_a_bw64_r16_triton.csv
poly_a                   field=p64_goldilocks               rounds=16 first_ms=50.227 median_ms=3.131 checksum=2648145858735
CAMERA-READY/h100/sweep_fixed/cases_diag_tier/poly_a_bw64_r16_triton.csv
$ build/field_sumcheck_cuda_fixed --workloads poly_a --rounds 16 --bit-widths 64 --warmups 2 --repeats 10 --seed 1 --timing-mode whole-run --challenge-mode fixed --layout element --point-mode specialized --block 128 --out CAMERA-READY/h100/sweep_fixed/cases_diag_tier/poly_a_bw64_r16_cuda.csv
poly_a field=p64_goldilocks rounds=16 first_ms=0.99573 median_ms=0.872895 checksum=2648145858735
poly_a                   field=p64_goldilocks               rounds=16 triton_ms=3.131 cuda_ms=0.872895 checksum_match=true speedup=3.586915
CAMERA-READY/h100/sweep_fixed/cases_diag_tier/poly_a_bw64_r16_joined.csv
ok: poly_a_bw64_r16
CAMERA-READY/h100/sweep_fixed/diag_tier.csv
$ /home/ubuntu/venvs/zkduel-table5/bin/python -u benchmarks/field_sweep/compare_triton_cuda.py --workloads poly_a --bit-widths 64 --rounds 18 --warmups 2 --repeats 10 --seed 1 --timing-mode whole-run --challenge-mode fixed --layout element --point-mode specialized --block 128 --python /home/ubuntu/venvs/zkduel-table5/bin/python --triton-script benchmarks/field_sweep/triton_sweep.py --cuda-binary build/field_sumcheck_cuda_fixed --skip-build --triton-out CAMERA-READY/h100/sweep_fixed/cases_diag_tier/poly_a_bw64_r18_triton.csv --cuda-out CAMERA-READY/h100/sweep_fixed/cases_diag_tier/poly_a_bw64_r18_cuda.csv --out CAMERA-READY/h100/sweep_fixed/cases_diag_tier/poly_a_bw64_r18_joined.csv
$ /home/ubuntu/venvs/zkduel-table5/bin/python -u benchmarks/field_sweep/triton_sweep.py --workloads poly_a --rounds 18 --bit-widths 64 --warmups 2 --repeats 10 --seed 1 --timing-mode whole-run --challenge-mode fixed --layout element --point-mode specialized --out CAMERA-READY/h100/sweep_fixed/cases_diag_tier/poly_a_bw64_r18_triton.csv
poly_a                   field=p64_goldilocks               rounds=18 first_ms=51.582 median_ms=4.105 checksum=2909305597952
CAMERA-READY/h100/sweep_fixed/cases_diag_tier/poly_a_bw64_r18_triton.csv
$ build/field_sumcheck_cuda_fixed --workloads poly_a --rounds 18 --bit-widths 64 --warmups 2 --repeats 10 --seed 1 --timing-mode whole-run --challenge-mode fixed --layout element --point-mode specialized --block 128 --out CAMERA-READY/h100/sweep_fixed/cases_diag_tier/poly_a_bw64_r18_cuda.csv
poly_a field=p64_goldilocks rounds=18 first_ms=1.19215 median_ms=1.04633 checksum=2909305597952
poly_a                   field=p64_goldilocks               rounds=18 triton_ms=4.105 cuda_ms=1.04633 checksum_match=true speedup=3.923236
CAMERA-READY/h100/sweep_fixed/cases_diag_tier/poly_a_bw64_r18_joined.csv
ok: poly_a_bw64_r18
CAMERA-READY/h100/sweep_fixed/diag_tier.csv
$ /home/ubuntu/venvs/zkduel-table5/bin/python -u benchmarks/field_sweep/compare_triton_cuda.py --workloads poly_a --bit-widths 64 --rounds 20 --warmups 2 --repeats 10 --seed 1 --timing-mode whole-run --challenge-mode fixed --layout element --point-mode specialized --block 128 --python /home/ubuntu/venvs/zkduel-table5/bin/python --triton-script benchmarks/field_sweep/triton_sweep.py --cuda-binary build/field_sumcheck_cuda_fixed --skip-build --triton-out CAMERA-READY/h100/sweep_fixed/cases_diag_tier/poly_a_bw64_r20_triton.csv --cuda-out CAMERA-READY/h100/sweep_fixed/cases_diag_tier/poly_a_bw64_r20_cuda.csv --out CAMERA-READY/h100/sweep_fixed/cases_diag_tier/poly_a_bw64_r20_joined.csv
$ /home/ubuntu/venvs/zkduel-table5/bin/python -u benchmarks/field_sweep/triton_sweep.py --workloads poly_a --rounds 20 --bit-widths 64 --warmups 2 --repeats 10 --seed 1 --timing-mode whole-run --challenge-mode fixed --layout element --point-mode specialized --out CAMERA-READY/h100/sweep_fixed/cases_diag_tier/poly_a_bw64_r20_triton.csv
poly_a                   field=p64_goldilocks               rounds=20 first_ms=53.120 median_ms=5.284 checksum=3237743068560
CAMERA-READY/h100/sweep_fixed/cases_diag_tier/poly_a_bw64_r20_triton.csv
$ build/field_sumcheck_cuda_fixed --workloads poly_a --rounds 20 --bit-widths 64 --warmups 2 --repeats 10 --seed 1 --timing-mode whole-run --challenge-mode fixed --layout element --point-mode specialized --block 128 --out CAMERA-READY/h100/sweep_fixed/cases_diag_tier/poly_a_bw64_r20_cuda.csv
poly_a field=p64_goldilocks rounds=20 first_ms=1.46989 median_ms=1.31402 checksum=3237743068560
poly_a                   field=p64_goldilocks               rounds=20 triton_ms=5.284 cuda_ms=1.31402 checksum_match=true speedup=4.021248
CAMERA-READY/h100/sweep_fixed/cases_diag_tier/poly_a_bw64_r20_joined.csv
ok: poly_a_bw64_r20
CAMERA-READY/h100/sweep_fixed/diag_tier.csv
$ /home/ubuntu/venvs/zkduel-table5/bin/python -u benchmarks/field_sweep/compare_triton_cuda.py --workloads poly_a --bit-widths 64 --rounds 22 --warmups 2 --repeats 10 --seed 1 --timing-mode whole-run --challenge-mode fixed --layout element --point-mode specialized --block 128 --python /home/ubuntu/venvs/zkduel-table5/bin/python --triton-script benchmarks/field_sweep/triton_sweep.py --cuda-binary build/field_sumcheck_cuda_fixed --skip-build --triton-out CAMERA-READY/h100/sweep_fixed/cases_diag_tier/poly_a_bw64_r22_triton.csv --cuda-out CAMERA-READY/h100/sweep_fixed/cases_diag_tier/poly_a_bw64_r22_cuda.csv --out CAMERA-READY/h100/sweep_fixed/cases_diag_tier/poly_a_bw64_r22_joined.csv
$ /home/ubuntu/venvs/zkduel-table5/bin/python -u benchmarks/field_sweep/triton_sweep.py --workloads poly_a --rounds 22 --bit-widths 64 --warmups 2 --repeats 10 --seed 1 --timing-mode whole-run --challenge-mode fixed --layout element --point-mode specialized --out CAMERA-READY/h100/sweep_fixed/cases_diag_tier/poly_a_bw64_r22_triton.csv
poly_a                   field=p64_goldilocks               rounds=22 first_ms=53.568 median_ms=6.344 checksum=3302948884729
CAMERA-READY/h100/sweep_fixed/cases_diag_tier/poly_a_bw64_r22_triton.csv
$ build/field_sumcheck_cuda_fixed --workloads poly_a --rounds 22 --bit-widths 64 --warmups 2 --repeats 10 --seed 1 --timing-mode whole-run --challenge-mode fixed --layout element --point-mode specialized --block 128 --out CAMERA-READY/h100/sweep_fixed/cases_diag_tier/poly_a_bw64_r22_cuda.csv
poly_a field=p64_goldilocks rounds=22 first_ms=1.69518 median_ms=1.56069 checksum=3302948884729
poly_a                   field=p64_goldilocks               rounds=22 triton_ms=6.344 cuda_ms=1.56069 checksum_match=true speedup=4.064869
CAMERA-READY/h100/sweep_fixed/cases_diag_tier/poly_a_bw64_r22_joined.csv
ok: poly_a_bw64_r22
CAMERA-READY/h100/sweep_fixed/diag_tier.csv
$ /home/ubuntu/venvs/zkduel-table5/bin/python -u benchmarks/field_sweep/compare_triton_cuda.py --workloads poly_a --bit-widths 64 --rounds 24 --warmups 2 --repeats 10 --seed 1 --timing-mode whole-run --challenge-mode fixed --layout element --point-mode specialized --block 128 --python /home/ubuntu/venvs/zkduel-table5/bin/python --triton-script benchmarks/field_sweep/triton_sweep.py --cuda-binary build/field_sumcheck_cuda_fixed --skip-build --triton-out CAMERA-READY/h100/sweep_fixed/cases_diag_tier/poly_a_bw64_r24_triton.csv --cuda-out CAMERA-READY/h100/sweep_fixed/cases_diag_tier/poly_a_bw64_r24_cuda.csv --out CAMERA-READY/h100/sweep_fixed/cases_diag_tier/poly_a_bw64_r24_joined.csv
$ /home/ubuntu/venvs/zkduel-table5/bin/python -u benchmarks/field_sweep/triton_sweep.py --workloads poly_a --rounds 24 --bit-widths 64 --warmups 2 --repeats 10 --seed 1 --timing-mode whole-run --challenge-mode fixed --layout element --point-mode specialized --out CAMERA-READY/h100/sweep_fixed/cases_diag_tier/poly_a_bw64_r24_triton.csv
poly_a                   field=p64_goldilocks               rounds=24 first_ms=54.533 median_ms=8.085 checksum=3715158699434
CAMERA-READY/h100/sweep_fixed/cases_diag_tier/poly_a_bw64_r24_triton.csv
$ build/field_sumcheck_cuda_fixed --workloads poly_a --rounds 24 --bit-widths 64 --warmups 2 --repeats 10 --seed 1 --timing-mode whole-run --challenge-mode fixed --layout element --point-mode specialized --block 128 --out CAMERA-READY/h100/sweep_fixed/cases_diag_tier/poly_a_bw64_r24_cuda.csv
poly_a field=p64_goldilocks rounds=24 first_ms=2.2876 median_ms=2.17291 checksum=3715158699434
poly_a                   field=p64_goldilocks               rounds=24 triton_ms=8.085 cuda_ms=2.17291 checksum_match=true speedup=3.720817
CAMERA-READY/h100/sweep_fixed/cases_diag_tier/poly_a_bw64_r24_joined.csv
ok: poly_a_bw64_r24
CAMERA-READY/h100/sweep_fixed/diag_tier.csv
$ /home/ubuntu/venvs/zkduel-table5/bin/python -u benchmarks/field_sweep/compare_triton_cuda.py --workloads poly_a --bit-widths 64 --rounds 26 --warmups 2 --repeats 10 --seed 1 --timing-mode whole-run --challenge-mode fixed --layout element --point-mode specialized --block 128 --python /home/ubuntu/venvs/zkduel-table5/bin/python --triton-script benchmarks/field_sweep/triton_sweep.py --cuda-binary build/field_sumcheck_cuda_fixed --skip-build --triton-out CAMERA-READY/h100/sweep_fixed/cases_diag_tier/poly_a_bw64_r26_triton.csv --cuda-out CAMERA-READY/h100/sweep_fixed/cases_diag_tier/poly_a_bw64_r26_cuda.csv --out CAMERA-READY/h100/sweep_fixed/cases_diag_tier/poly_a_bw64_r26_joined.csv
$ /home/ubuntu/venvs/zkduel-table5/bin/python -u benchmarks/field_sweep/triton_sweep.py --workloads poly_a --rounds 26 --bit-widths 64 --warmups 2 --repeats 10 --seed 1 --timing-mode whole-run --challenge-mode fixed --layout element --point-mode specialized --out CAMERA-READY/h100/sweep_fixed/cases_diag_tier/poly_a_bw64_r26_triton.csv
poly_a                   field=p64_goldilocks               rounds=26 first_ms=60.471 median_ms=14.008 checksum=3988341186583
CAMERA-READY/h100/sweep_fixed/cases_diag_tier/poly_a_bw64_r26_triton.csv
$ build/field_sumcheck_cuda_fixed --workloads poly_a --rounds 26 --bit-widths 64 --warmups 2 --repeats 10 --seed 1 --timing-mode whole-run --challenge-mode fixed --layout element --point-mode specialized --block 128 --out CAMERA-READY/h100/sweep_fixed/cases_diag_tier/poly_a_bw64_r26_cuda.csv
poly_a field=p64_goldilocks rounds=26 first_ms=4.1281 median_ms=3.9757 checksum=3988341186583
poly_a                   field=p64_goldilocks               rounds=26 triton_ms=14.008 cuda_ms=3.9757 checksum_match=true speedup=3.523405
CAMERA-READY/h100/sweep_fixed/cases_diag_tier/poly_a_bw64_r26_joined.csv
ok: poly_a_bw64_r26
CAMERA-READY/h100/sweep_fixed/diag_tier.csv
$ /home/ubuntu/venvs/zkduel-table5/bin/python -u benchmarks/field_sweep/compare_triton_cuda.py --workloads poly_a --bit-widths 64 --rounds 28 --warmups 2 --repeats 10 --seed 1 --timing-mode whole-run --challenge-mode fixed --layout element --point-mode specialized --block 128 --python /home/ubuntu/venvs/zkduel-table5/bin/python --triton-script benchmarks/field_sweep/triton_sweep.py --cuda-binary build/field_sumcheck_cuda_fixed --skip-build --triton-out CAMERA-READY/h100/sweep_fixed/cases_diag_tier/poly_a_bw64_r28_triton.csv --cuda-out CAMERA-READY/h100/sweep_fixed/cases_diag_tier/poly_a_bw64_r28_cuda.csv --out CAMERA-READY/h100/sweep_fixed/cases_diag_tier/poly_a_bw64_r28_joined.csv
$ /home/ubuntu/venvs/zkduel-table5/bin/python -u benchmarks/field_sweep/triton_sweep.py --workloads poly_a --rounds 28 --bit-widths 64 --warmups 2 --repeats 10 --seed 1 --timing-mode whole-run --challenge-mode fixed --layout element --point-mode specialized --out CAMERA-READY/h100/sweep_fixed/cases_diag_tier/poly_a_bw64_r28_triton.csv
poly_a                   field=p64_goldilocks               rounds=28 first_ms=80.258 median_ms=36.001 checksum=4562512222034
CAMERA-READY/h100/sweep_fixed/cases_diag_tier/poly_a_bw64_r28_triton.csv
$ build/field_sumcheck_cuda_fixed --workloads poly_a --rounds 28 --bit-widths 64 --warmups 2 --repeats 10 --seed 1 --timing-mode whole-run --challenge-mode fixed --layout element --point-mode specialized --block 128 --out CAMERA-READY/h100/sweep_fixed/cases_diag_tier/poly_a_bw64_r28_cuda.csv
poly_a field=p64_goldilocks rounds=28 first_ms=10.5603 median_ms=10.386 checksum=4562512222034
poly_a                   field=p64_goldilocks               rounds=28 triton_ms=36.001 cuda_ms=10.386 checksum_match=true speedup=3.466301
CAMERA-READY/h100/sweep_fixed/cases_diag_tier/poly_a_bw64_r28_joined.csv
ok: poly_a_bw64_r28
CAMERA-READY/h100/sweep_fixed/diag_tier.csv
$ /home/ubuntu/venvs/zkduel-table5/bin/python -u benchmarks/field_sweep/compare_triton_cuda.py --workloads poly_a --bit-widths 128 --rounds 14 --warmups 2 --repeats 10 --seed 1 --timing-mode whole-run --challenge-mode fixed --layout element --point-mode specialized --block 128 --python /home/ubuntu/venvs/zkduel-table5/bin/python --triton-script benchmarks/field_sweep/triton_sweep.py --cuda-binary build/field_sumcheck_cuda_fixed --skip-build --triton-out CAMERA-READY/h100/sweep_fixed/cases_diag_tier/poly_a_bw128_r14_triton.csv --cuda-out CAMERA-READY/h100/sweep_fixed/cases_diag_tier/poly_a_bw128_r14_cuda.csv --out CAMERA-READY/h100/sweep_fixed/cases_diag_tier/poly_a_bw128_r14_joined.csv
$ /home/ubuntu/venvs/zkduel-table5/bin/python -u benchmarks/field_sweep/triton_sweep.py --workloads poly_a --rounds 14 --bit-widths 128 --warmups 2 --repeats 10 --seed 1 --timing-mode whole-run --challenge-mode fixed --layout element --point-mode specialized --out CAMERA-READY/h100/sweep_fixed/cases_diag_tier/poly_a_bw128_r14_triton.csv
poly_a                   field=p128_mersenne_2^127_minus_1  rounds=14 first_ms=645.077 median_ms=5.285 checksum=839761782002
CAMERA-READY/h100/sweep_fixed/cases_diag_tier/poly_a_bw128_r14_triton.csv
$ build/field_sumcheck_cuda_fixed --workloads poly_a --rounds 14 --bit-widths 128 --warmups 2 --repeats 10 --seed 1 --timing-mode whole-run --challenge-mode fixed --layout element --point-mode specialized --block 128 --out CAMERA-READY/h100/sweep_fixed/cases_diag_tier/poly_a_bw128_r14_cuda.csv
poly_a field=p128_mersenne_2^127_minus_1 rounds=14 first_ms=0.853123 median_ms=0.698731 checksum=839761782002
poly_a                   field=p128_mersenne_2^127_minus_1  rounds=14 triton_ms=5.285 cuda_ms=0.698731 checksum_match=true speedup=7.563712
CAMERA-READY/h100/sweep_fixed/cases_diag_tier/poly_a_bw128_r14_joined.csv
ok: poly_a_bw128_r14
CAMERA-READY/h100/sweep_fixed/diag_tier.csv
$ /home/ubuntu/venvs/zkduel-table5/bin/python -u benchmarks/field_sweep/compare_triton_cuda.py --workloads poly_a --bit-widths 128 --rounds 16 --warmups 2 --repeats 10 --seed 1 --timing-mode whole-run --challenge-mode fixed --layout element --point-mode specialized --block 128 --python /home/ubuntu/venvs/zkduel-table5/bin/python --triton-script benchmarks/field_sweep/triton_sweep.py --cuda-binary build/field_sumcheck_cuda_fixed --skip-build --triton-out CAMERA-READY/h100/sweep_fixed/cases_diag_tier/poly_a_bw128_r16_triton.csv --cuda-out CAMERA-READY/h100/sweep_fixed/cases_diag_tier/poly_a_bw128_r16_cuda.csv --out CAMERA-READY/h100/sweep_fixed/cases_diag_tier/poly_a_bw128_r16_joined.csv
$ /home/ubuntu/venvs/zkduel-table5/bin/python -u benchmarks/field_sweep/triton_sweep.py --workloads poly_a --rounds 16 --bit-widths 128 --warmups 2 --repeats 10 --seed 1 --timing-mode whole-run --challenge-mode fixed --layout element --point-mode specialized --out CAMERA-READY/h100/sweep_fixed/cases_diag_tier/poly_a_bw128_r16_triton.csv
poly_a                   field=p128_mersenne_2^127_minus_1  rounds=16 first_ms=51.284 median_ms=3.274 checksum=885368475082
CAMERA-READY/h100/sweep_fixed/cases_diag_tier/poly_a_bw128_r16_triton.csv
$ build/field_sumcheck_cuda_fixed --workloads poly_a --rounds 16 --bit-widths 128 --warmups 2 --repeats 10 --seed 1 --timing-mode whole-run --challenge-mode fixed --layout element --point-mode specialized --block 128 --out CAMERA-READY/h100/sweep_fixed/cases_diag_tier/poly_a_bw128_r16_cuda.csv
poly_a field=p128_mersenne_2^127_minus_1 rounds=16 first_ms=1.00795 median_ms=0.86736 checksum=885368475082
poly_a                   field=p128_mersenne_2^127_minus_1  rounds=16 triton_ms=3.274 cuda_ms=0.86736 checksum_match=true speedup=3.774673
CAMERA-READY/h100/sweep_fixed/cases_diag_tier/poly_a_bw128_r16_joined.csv
ok: poly_a_bw128_r16
CAMERA-READY/h100/sweep_fixed/diag_tier.csv
$ /home/ubuntu/venvs/zkduel-table5/bin/python -u benchmarks/field_sweep/compare_triton_cuda.py --workloads poly_a --bit-widths 128 --rounds 18 --warmups 2 --repeats 10 --seed 1 --timing-mode whole-run --challenge-mode fixed --layout element --point-mode specialized --block 128 --python /home/ubuntu/venvs/zkduel-table5/bin/python --triton-script benchmarks/field_sweep/triton_sweep.py --cuda-binary build/field_sumcheck_cuda_fixed --skip-build --triton-out CAMERA-READY/h100/sweep_fixed/cases_diag_tier/poly_a_bw128_r18_triton.csv --cuda-out CAMERA-READY/h100/sweep_fixed/cases_diag_tier/poly_a_bw128_r18_cuda.csv --out CAMERA-READY/h100/sweep_fixed/cases_diag_tier/poly_a_bw128_r18_joined.csv
$ /home/ubuntu/venvs/zkduel-table5/bin/python -u benchmarks/field_sweep/triton_sweep.py --workloads poly_a --rounds 18 --bit-widths 128 --warmups 2 --repeats 10 --seed 1 --timing-mode whole-run --challenge-mode fixed --layout element --point-mode specialized --out CAMERA-READY/h100/sweep_fixed/cases_diag_tier/poly_a_bw128_r18_triton.csv
poly_a                   field=p128_mersenne_2^127_minus_1  rounds=18 first_ms=51.927 median_ms=4.147 checksum=1016968465812
CAMERA-READY/h100/sweep_fixed/cases_diag_tier/poly_a_bw128_r18_triton.csv
$ build/field_sumcheck_cuda_fixed --workloads poly_a --rounds 18 --bit-widths 128 --warmups 2 --repeats 10 --seed 1 --timing-mode whole-run --challenge-mode fixed --layout element --point-mode specialized --block 128 --out CAMERA-READY/h100/sweep_fixed/cases_diag_tier/poly_a_bw128_r18_cuda.csv
poly_a field=p128_mersenne_2^127_minus_1 rounds=18 first_ms=1.18605 median_ms=1.05174 checksum=1016968465812
poly_a                   field=p128_mersenne_2^127_minus_1  rounds=18 triton_ms=4.147 cuda_ms=1.05174 checksum_match=true speedup=3.942990
CAMERA-READY/h100/sweep_fixed/cases_diag_tier/poly_a_bw128_r18_joined.csv
ok: poly_a_bw128_r18
CAMERA-READY/h100/sweep_fixed/diag_tier.csv
$ /home/ubuntu/venvs/zkduel-table5/bin/python -u benchmarks/field_sweep/compare_triton_cuda.py --workloads poly_a --bit-widths 128 --rounds 20 --warmups 2 --repeats 10 --seed 1 --timing-mode whole-run --challenge-mode fixed --layout element --point-mode specialized --block 128 --python /home/ubuntu/venvs/zkduel-table5/bin/python --triton-script benchmarks/field_sweep/triton_sweep.py --cuda-binary build/field_sumcheck_cuda_fixed --skip-build --triton-out CAMERA-READY/h100/sweep_fixed/cases_diag_tier/poly_a_bw128_r20_triton.csv --cuda-out CAMERA-READY/h100/sweep_fixed/cases_diag_tier/poly_a_bw128_r20_cuda.csv --out CAMERA-READY/h100/sweep_fixed/cases_diag_tier/poly_a_bw128_r20_joined.csv
$ /home/ubuntu/venvs/zkduel-table5/bin/python -u benchmarks/field_sweep/triton_sweep.py --workloads poly_a --rounds 20 --bit-widths 128 --warmups 2 --repeats 10 --seed 1 --timing-mode whole-run --challenge-mode fixed --layout element --point-mode specialized --out CAMERA-READY/h100/sweep_fixed/cases_diag_tier/poly_a_bw128_r20_triton.csv
poly_a                   field=p128_mersenne_2^127_minus_1  rounds=20 first_ms=52.528 median_ms=5.193 checksum=1005789050084
CAMERA-READY/h100/sweep_fixed/cases_diag_tier/poly_a_bw128_r20_triton.csv
$ build/field_sumcheck_cuda_fixed --workloads poly_a --rounds 20 --bit-widths 128 --warmups 2 --repeats 10 --seed 1 --timing-mode whole-run --challenge-mode fixed --layout element --point-mode specialized --block 128 --out CAMERA-READY/h100/sweep_fixed/cases_diag_tier/poly_a_bw128_r20_cuda.csv
poly_a field=p128_mersenne_2^127_minus_1 rounds=20 first_ms=1.39334 median_ms=1.25685 checksum=1005789050084
poly_a                   field=p128_mersenne_2^127_minus_1  rounds=20 triton_ms=5.193 cuda_ms=1.25685 checksum_match=true speedup=4.131758
CAMERA-READY/h100/sweep_fixed/cases_diag_tier/poly_a_bw128_r20_joined.csv
ok: poly_a_bw128_r20
CAMERA-READY/h100/sweep_fixed/diag_tier.csv
$ /home/ubuntu/venvs/zkduel-table5/bin/python -u benchmarks/field_sweep/compare_triton_cuda.py --workloads poly_a --bit-widths 128 --rounds 22 --warmups 2 --repeats 10 --seed 1 --timing-mode whole-run --challenge-mode fixed --layout element --point-mode specialized --block 128 --python /home/ubuntu/venvs/zkduel-table5/bin/python --triton-script benchmarks/field_sweep/triton_sweep.py --cuda-binary build/field_sumcheck_cuda_fixed --skip-build --triton-out CAMERA-READY/h100/sweep_fixed/cases_diag_tier/poly_a_bw128_r22_triton.csv --cuda-out CAMERA-READY/h100/sweep_fixed/cases_diag_tier/poly_a_bw128_r22_cuda.csv --out CAMERA-READY/h100/sweep_fixed/cases_diag_tier/poly_a_bw128_r22_joined.csv
$ /home/ubuntu/venvs/zkduel-table5/bin/python -u benchmarks/field_sweep/triton_sweep.py --workloads poly_a --rounds 22 --bit-widths 128 --warmups 2 --repeats 10 --seed 1 --timing-mode whole-run --challenge-mode fixed --layout element --point-mode specialized --out CAMERA-READY/h100/sweep_fixed/cases_diag_tier/poly_a_bw128_r22_triton.csv
poly_a                   field=p128_mersenne_2^127_minus_1  rounds=22 first_ms=54.301 median_ms=6.433 checksum=1000065450982
CAMERA-READY/h100/sweep_fixed/cases_diag_tier/poly_a_bw128_r22_triton.csv
$ build/field_sumcheck_cuda_fixed --workloads poly_a --rounds 22 --bit-widths 128 --warmups 2 --repeats 10 --seed 1 --timing-mode whole-run --challenge-mode fixed --layout element --point-mode specialized --block 128 --out CAMERA-READY/h100/sweep_fixed/cases_diag_tier/poly_a_bw128_r22_cuda.csv
poly_a field=p128_mersenne_2^127_minus_1 rounds=22 first_ms=1.7685 median_ms=1.64136 checksum=1000065450982
poly_a                   field=p128_mersenne_2^127_minus_1  rounds=22 triton_ms=6.433 cuda_ms=1.64136 checksum_match=true speedup=3.919311
CAMERA-READY/h100/sweep_fixed/cases_diag_tier/poly_a_bw128_r22_joined.csv
ok: poly_a_bw128_r22
CAMERA-READY/h100/sweep_fixed/diag_tier.csv
$ /home/ubuntu/venvs/zkduel-table5/bin/python -u benchmarks/field_sweep/compare_triton_cuda.py --workloads poly_a --bit-widths 128 --rounds 24 --warmups 2 --repeats 10 --seed 1 --timing-mode whole-run --challenge-mode fixed --layout element --point-mode specialized --block 128 --python /home/ubuntu/venvs/zkduel-table5/bin/python --triton-script benchmarks/field_sweep/triton_sweep.py --cuda-binary build/field_sumcheck_cuda_fixed --skip-build --triton-out CAMERA-READY/h100/sweep_fixed/cases_diag_tier/poly_a_bw128_r24_triton.csv --cuda-out CAMERA-READY/h100/sweep_fixed/cases_diag_tier/poly_a_bw128_r24_cuda.csv --out CAMERA-READY/h100/sweep_fixed/cases_diag_tier/poly_a_bw128_r24_joined.csv
$ /home/ubuntu/venvs/zkduel-table5/bin/python -u benchmarks/field_sweep/triton_sweep.py --workloads poly_a --rounds 24 --bit-widths 128 --warmups 2 --repeats 10 --seed 1 --timing-mode whole-run --challenge-mode fixed --layout element --point-mode specialized --out CAMERA-READY/h100/sweep_fixed/cases_diag_tier/poly_a_bw128_r24_triton.csv
poly_a                   field=p128_mersenne_2^127_minus_1  rounds=24 first_ms=55.728 median_ms=8.533 checksum=1265523314536
CAMERA-READY/h100/sweep_fixed/cases_diag_tier/poly_a_bw128_r24_triton.csv
$ build/field_sumcheck_cuda_fixed --workloads poly_a --rounds 24 --bit-widths 128 --warmups 2 --repeats 10 --seed 1 --timing-mode whole-run --challenge-mode fixed --layout element --point-mode specialized --block 128 --out CAMERA-READY/h100/sweep_fixed/cases_diag_tier/poly_a_bw128_r24_cuda.csv
poly_a field=p128_mersenne_2^127_minus_1 rounds=24 first_ms=2.67433 median_ms=2.57727 checksum=1265523314536
poly_a                   field=p128_mersenne_2^127_minus_1  rounds=24 triton_ms=8.533 cuda_ms=2.57727 checksum_match=true speedup=3.310868
CAMERA-READY/h100/sweep_fixed/cases_diag_tier/poly_a_bw128_r24_joined.csv
ok: poly_a_bw128_r24
CAMERA-READY/h100/sweep_fixed/diag_tier.csv
$ /home/ubuntu/venvs/zkduel-table5/bin/python -u benchmarks/field_sweep/compare_triton_cuda.py --workloads poly_a --bit-widths 128 --rounds 26 --warmups 2 --repeats 10 --seed 1 --timing-mode whole-run --challenge-mode fixed --layout element --point-mode specialized --block 128 --python /home/ubuntu/venvs/zkduel-table5/bin/python --triton-script benchmarks/field_sweep/triton_sweep.py --cuda-binary build/field_sumcheck_cuda_fixed --skip-build --triton-out CAMERA-READY/h100/sweep_fixed/cases_diag_tier/poly_a_bw128_r26_triton.csv --cuda-out CAMERA-READY/h100/sweep_fixed/cases_diag_tier/poly_a_bw128_r26_cuda.csv --out CAMERA-READY/h100/sweep_fixed/cases_diag_tier/poly_a_bw128_r26_joined.csv
$ /home/ubuntu/venvs/zkduel-table5/bin/python -u benchmarks/field_sweep/triton_sweep.py --workloads poly_a --rounds 26 --bit-widths 128 --warmups 2 --repeats 10 --seed 1 --timing-mode whole-run --challenge-mode fixed --layout element --point-mode specialized --out CAMERA-READY/h100/sweep_fixed/cases_diag_tier/poly_a_bw128_r26_triton.csv
poly_a                   field=p128_mersenne_2^127_minus_1  rounds=26 first_ms=62.173 median_ms=16.132 checksum=1969532534190
CAMERA-READY/h100/sweep_fixed/cases_diag_tier/poly_a_bw128_r26_triton.csv
$ build/field_sumcheck_cuda_fixed --workloads poly_a --rounds 26 --bit-widths 128 --warmups 2 --repeats 10 --seed 1 --timing-mode whole-run --challenge-mode fixed --layout element --point-mode specialized --block 128 --out CAMERA-READY/h100/sweep_fixed/cases_diag_tier/poly_a_bw128_r26_cuda.csv
poly_a field=p128_mersenne_2^127_minus_1 rounds=26 first_ms=5.90674 median_ms=5.76998 checksum=1969532534190
poly_a                   field=p128_mersenne_2^127_minus_1  rounds=26 triton_ms=16.132 cuda_ms=5.76998 checksum_match=true speedup=2.795850
CAMERA-READY/h100/sweep_fixed/cases_diag_tier/poly_a_bw128_r26_joined.csv
ok: poly_a_bw128_r26
CAMERA-READY/h100/sweep_fixed/diag_tier.csv
$ /home/ubuntu/venvs/zkduel-table5/bin/python -u benchmarks/field_sweep/compare_triton_cuda.py --workloads poly_a --bit-widths 128 --rounds 28 --warmups 2 --repeats 10 --seed 1 --timing-mode whole-run --challenge-mode fixed --layout element --point-mode specialized --block 128 --python /home/ubuntu/venvs/zkduel-table5/bin/python --triton-script benchmarks/field_sweep/triton_sweep.py --cuda-binary build/field_sumcheck_cuda_fixed --skip-build --triton-out CAMERA-READY/h100/sweep_fixed/cases_diag_tier/poly_a_bw128_r28_triton.csv --cuda-out CAMERA-READY/h100/sweep_fixed/cases_diag_tier/poly_a_bw128_r28_cuda.csv --out CAMERA-READY/h100/sweep_fixed/cases_diag_tier/poly_a_bw128_r28_joined.csv
$ /home/ubuntu/venvs/zkduel-table5/bin/python -u benchmarks/field_sweep/triton_sweep.py --workloads poly_a --rounds 28 --bit-widths 128 --warmups 2 --repeats 10 --seed 1 --timing-mode whole-run --challenge-mode fixed --layout element --point-mode specialized --out CAMERA-READY/h100/sweep_fixed/cases_diag_tier/poly_a_bw128_r28_triton.csv
poly_a                   field=p128_mersenne_2^127_minus_1  rounds=28 first_ms=89.990 median_ms=45.273 checksum=2401763227786
CAMERA-READY/h100/sweep_fixed/cases_diag_tier/poly_a_bw128_r28_triton.csv
$ build/field_sumcheck_cuda_fixed --workloads poly_a --rounds 28 --bit-widths 128 --warmups 2 --repeats 10 --seed 1 --timing-mode whole-run --challenge-mode fixed --layout element --point-mode specialized --block 128 --out CAMERA-READY/h100/sweep_fixed/cases_diag_tier/poly_a_bw128_r28_cuda.csv
poly_a field=p128_mersenne_2^127_minus_1 rounds=28 first_ms=18.1314 median_ms=17.9713 checksum=2401763227786
poly_a                   field=p128_mersenne_2^127_minus_1  rounds=28 triton_ms=45.273 cuda_ms=17.9713 checksum_match=true speedup=2.519183
CAMERA-READY/h100/sweep_fixed/cases_diag_tier/poly_a_bw128_r28_joined.csv
ok: poly_a_bw128_r28
CAMERA-READY/h100/sweep_fixed/diag_tier.csv
$ /home/ubuntu/venvs/zkduel-table5/bin/python -u benchmarks/field_sweep/compare_triton_cuda.py --workloads poly_a --bit-widths 256 --rounds 14 --warmups 2 --repeats 10 --seed 1 --timing-mode whole-run --challenge-mode fixed --layout element --point-mode specialized --block 128 --python /home/ubuntu/venvs/zkduel-table5/bin/python --triton-script benchmarks/field_sweep/triton_sweep.py --cuda-binary build/field_sumcheck_cuda_fixed --skip-build --triton-out CAMERA-READY/h100/sweep_fixed/cases_diag_tier/poly_a_bw256_r14_triton.csv --cuda-out CAMERA-READY/h100/sweep_fixed/cases_diag_tier/poly_a_bw256_r14_cuda.csv --out CAMERA-READY/h100/sweep_fixed/cases_diag_tier/poly_a_bw256_r14_joined.csv
$ /home/ubuntu/venvs/zkduel-table5/bin/python -u benchmarks/field_sweep/triton_sweep.py --workloads poly_a --rounds 14 --bit-widths 256 --warmups 2 --repeats 10 --seed 1 --timing-mode whole-run --challenge-mode fixed --layout element --point-mode specialized --out CAMERA-READY/h100/sweep_fixed/cases_diag_tier/poly_a_bw256_r14_triton.csv
poly_a                   field=p255_bls12_381_scalar        rounds=14 first_ms=3839.938 median_ms=5.451 checksum=22692602501023
CAMERA-READY/h100/sweep_fixed/cases_diag_tier/poly_a_bw256_r14_triton.csv
$ build/field_sumcheck_cuda_fixed --workloads poly_a --rounds 14 --bit-widths 256 --warmups 2 --repeats 10 --seed 1 --timing-mode whole-run --challenge-mode fixed --layout element --point-mode specialized --block 128 --out CAMERA-READY/h100/sweep_fixed/cases_diag_tier/poly_a_bw256_r14_cuda.csv
poly_a field=p255_bls12_381_scalar rounds=14 first_ms=0.916824 median_ms=0.740215 checksum=22692602501023
poly_a                   field=p255_bls12_381_scalar        rounds=14 triton_ms=5.451 cuda_ms=0.740215 checksum_match=true speedup=7.364077
CAMERA-READY/h100/sweep_fixed/cases_diag_tier/poly_a_bw256_r14_joined.csv
ok: poly_a_bw256_r14
CAMERA-READY/h100/sweep_fixed/diag_tier.csv
$ /home/ubuntu/venvs/zkduel-table5/bin/python -u benchmarks/field_sweep/compare_triton_cuda.py --workloads poly_a --bit-widths 256 --rounds 16 --warmups 2 --repeats 10 --seed 1 --timing-mode whole-run --challenge-mode fixed --layout element --point-mode specialized --block 128 --python /home/ubuntu/venvs/zkduel-table5/bin/python --triton-script benchmarks/field_sweep/triton_sweep.py --cuda-binary build/field_sumcheck_cuda_fixed --skip-build --triton-out CAMERA-READY/h100/sweep_fixed/cases_diag_tier/poly_a_bw256_r16_triton.csv --cuda-out CAMERA-READY/h100/sweep_fixed/cases_diag_tier/poly_a_bw256_r16_cuda.csv --out CAMERA-READY/h100/sweep_fixed/cases_diag_tier/poly_a_bw256_r16_joined.csv
$ /home/ubuntu/venvs/zkduel-table5/bin/python -u benchmarks/field_sweep/triton_sweep.py --workloads poly_a --rounds 16 --bit-widths 256 --warmups 2 --repeats 10 --seed 1 --timing-mode whole-run --challenge-mode fixed --layout element --point-mode specialized --out CAMERA-READY/h100/sweep_fixed/cases_diag_tier/poly_a_bw256_r16_triton.csv
poly_a                   field=p255_bls12_381_scalar        rounds=16 first_ms=52.860 median_ms=3.244 checksum=27535390766910
CAMERA-READY/h100/sweep_fixed/cases_diag_tier/poly_a_bw256_r16_triton.csv
$ build/field_sumcheck_cuda_fixed --workloads poly_a --rounds 16 --bit-widths 256 --warmups 2 --repeats 10 --seed 1 --timing-mode whole-run --challenge-mode fixed --layout element --point-mode specialized --block 128 --out CAMERA-READY/h100/sweep_fixed/cases_diag_tier/poly_a_bw256_r16_cuda.csv
poly_a field=p255_bls12_381_scalar rounds=16 first_ms=1.08926 median_ms=0.920537 checksum=27535390766910
poly_a                   field=p255_bls12_381_scalar        rounds=16 triton_ms=3.244 cuda_ms=0.920537 checksum_match=true speedup=3.524030
CAMERA-READY/h100/sweep_fixed/cases_diag_tier/poly_a_bw256_r16_joined.csv
ok: poly_a_bw256_r16
CAMERA-READY/h100/sweep_fixed/diag_tier.csv
$ /home/ubuntu/venvs/zkduel-table5/bin/python -u benchmarks/field_sweep/compare_triton_cuda.py --workloads poly_a --bit-widths 256 --rounds 18 --warmups 2 --repeats 10 --seed 1 --timing-mode whole-run --challenge-mode fixed --layout element --point-mode specialized --block 128 --python /home/ubuntu/venvs/zkduel-table5/bin/python --triton-script benchmarks/field_sweep/triton_sweep.py --cuda-binary build/field_sumcheck_cuda_fixed --skip-build --triton-out CAMERA-READY/h100/sweep_fixed/cases_diag_tier/poly_a_bw256_r18_triton.csv --cuda-out CAMERA-READY/h100/sweep_fixed/cases_diag_tier/poly_a_bw256_r18_cuda.csv --out CAMERA-READY/h100/sweep_fixed/cases_diag_tier/poly_a_bw256_r18_joined.csv
$ /home/ubuntu/venvs/zkduel-table5/bin/python -u benchmarks/field_sweep/triton_sweep.py --workloads poly_a --rounds 18 --bit-widths 256 --warmups 2 --repeats 10 --seed 1 --timing-mode whole-run --challenge-mode fixed --layout element --point-mode specialized --out CAMERA-READY/h100/sweep_fixed/cases_diag_tier/poly_a_bw256_r18_triton.csv
poly_a                   field=p255_bls12_381_scalar        rounds=18 first_ms=54.150 median_ms=4.150 checksum=29817373276067
CAMERA-READY/h100/sweep_fixed/cases_diag_tier/poly_a_bw256_r18_triton.csv
$ build/field_sumcheck_cuda_fixed --workloads poly_a --rounds 18 --bit-widths 256 --warmups 2 --repeats 10 --seed 1 --timing-mode whole-run --challenge-mode fixed --layout element --point-mode specialized --block 128 --out CAMERA-READY/h100/sweep_fixed/cases_diag_tier/poly_a_bw256_r18_cuda.csv
poly_a field=p255_bls12_381_scalar rounds=18 first_ms=1.2806 median_ms=1.14225 checksum=29817373276067
poly_a                   field=p255_bls12_381_scalar        rounds=18 triton_ms=4.150 cuda_ms=1.14225 checksum_match=true speedup=3.633180
CAMERA-READY/h100/sweep_fixed/cases_diag_tier/poly_a_bw256_r18_joined.csv
ok: poly_a_bw256_r18
CAMERA-READY/h100/sweep_fixed/diag_tier.csv
$ /home/ubuntu/venvs/zkduel-table5/bin/python -u benchmarks/field_sweep/compare_triton_cuda.py --workloads poly_a --bit-widths 256 --rounds 20 --warmups 2 --repeats 10 --seed 1 --timing-mode whole-run --challenge-mode fixed --layout element --point-mode specialized --block 128 --python /home/ubuntu/venvs/zkduel-table5/bin/python --triton-script benchmarks/field_sweep/triton_sweep.py --cuda-binary build/field_sumcheck_cuda_fixed --skip-build --triton-out CAMERA-READY/h100/sweep_fixed/cases_diag_tier/poly_a_bw256_r20_triton.csv --cuda-out CAMERA-READY/h100/sweep_fixed/cases_diag_tier/poly_a_bw256_r20_cuda.csv --out CAMERA-READY/h100/sweep_fixed/cases_diag_tier/poly_a_bw256_r20_joined.csv
$ /home/ubuntu/venvs/zkduel-table5/bin/python -u benchmarks/field_sweep/triton_sweep.py --workloads poly_a --rounds 20 --bit-widths 256 --warmups 2 --repeats 10 --seed 1 --timing-mode whole-run --challenge-mode fixed --layout element --point-mode specialized --out CAMERA-READY/h100/sweep_fixed/cases_diag_tier/poly_a_bw256_r20_triton.csv
poly_a                   field=p255_bls12_381_scalar        rounds=20 first_ms=54.696 median_ms=5.373 checksum=36455556655180
CAMERA-READY/h100/sweep_fixed/cases_diag_tier/poly_a_bw256_r20_triton.csv
$ build/field_sumcheck_cuda_fixed --workloads poly_a --rounds 20 --bit-widths 256 --warmups 2 --repeats 10 --seed 1 --timing-mode whole-run --challenge-mode fixed --layout element --point-mode specialized --block 128 --out CAMERA-READY/h100/sweep_fixed/cases_diag_tier/poly_a_bw256_r20_cuda.csv
poly_a field=p255_bls12_381_scalar rounds=20 first_ms=1.56501 median_ms=1.42318 checksum=36455556655180
poly_a                   field=p255_bls12_381_scalar        rounds=20 triton_ms=5.373 cuda_ms=1.42318 checksum_match=true speedup=3.775348
CAMERA-READY/h100/sweep_fixed/cases_diag_tier/poly_a_bw256_r20_joined.csv
ok: poly_a_bw256_r20
CAMERA-READY/h100/sweep_fixed/diag_tier.csv
$ /home/ubuntu/venvs/zkduel-table5/bin/python -u benchmarks/field_sweep/compare_triton_cuda.py --workloads poly_a --bit-widths 256 --rounds 22 --warmups 2 --repeats 10 --seed 1 --timing-mode whole-run --challenge-mode fixed --layout element --point-mode specialized --block 128 --python /home/ubuntu/venvs/zkduel-table5/bin/python --triton-script benchmarks/field_sweep/triton_sweep.py --cuda-binary build/field_sumcheck_cuda_fixed --skip-build --triton-out CAMERA-READY/h100/sweep_fixed/cases_diag_tier/poly_a_bw256_r22_triton.csv --cuda-out CAMERA-READY/h100/sweep_fixed/cases_diag_tier/poly_a_bw256_r22_cuda.csv --out CAMERA-READY/h100/sweep_fixed/cases_diag_tier/poly_a_bw256_r22_joined.csv
$ /home/ubuntu/venvs/zkduel-table5/bin/python -u benchmarks/field_sweep/triton_sweep.py --workloads poly_a --rounds 22 --bit-widths 256 --warmups 2 --repeats 10 --seed 1 --timing-mode whole-run --challenge-mode fixed --layout element --point-mode specialized --out CAMERA-READY/h100/sweep_fixed/cases_diag_tier/poly_a_bw256_r22_triton.csv
poly_a                   field=p255_bls12_381_scalar        rounds=22 first_ms=55.744 median_ms=6.446 checksum=40080055729597
CAMERA-READY/h100/sweep_fixed/cases_diag_tier/poly_a_bw256_r22_triton.csv
$ build/field_sumcheck_cuda_fixed --workloads poly_a --rounds 22 --bit-widths 256 --warmups 2 --repeats 10 --seed 1 --timing-mode whole-run --challenge-mode fixed --layout element --point-mode specialized --block 128 --out CAMERA-READY/h100/sweep_fixed/cases_diag_tier/poly_a_bw256_r22_cuda.csv
poly_a field=p255_bls12_381_scalar rounds=22 first_ms=2.26535 median_ms=2.18917 checksum=40080055729597
poly_a                   field=p255_bls12_381_scalar        rounds=22 triton_ms=6.446 cuda_ms=2.18917 checksum_match=true speedup=2.944495
CAMERA-READY/h100/sweep_fixed/cases_diag_tier/poly_a_bw256_r22_joined.csv
ok: poly_a_bw256_r22
CAMERA-READY/h100/sweep_fixed/diag_tier.csv
$ /home/ubuntu/venvs/zkduel-table5/bin/python -u benchmarks/field_sweep/compare_triton_cuda.py --workloads poly_a --bit-widths 256 --rounds 24 --warmups 2 --repeats 10 --seed 1 --timing-mode whole-run --challenge-mode fixed --layout element --point-mode specialized --block 128 --python /home/ubuntu/venvs/zkduel-table5/bin/python --triton-script benchmarks/field_sweep/triton_sweep.py --cuda-binary build/field_sumcheck_cuda_fixed --skip-build --triton-out CAMERA-READY/h100/sweep_fixed/cases_diag_tier/poly_a_bw256_r24_triton.csv --cuda-out CAMERA-READY/h100/sweep_fixed/cases_diag_tier/poly_a_bw256_r24_cuda.csv --out CAMERA-READY/h100/sweep_fixed/cases_diag_tier/poly_a_bw256_r24_joined.csv
$ /home/ubuntu/venvs/zkduel-table5/bin/python -u benchmarks/field_sweep/triton_sweep.py --workloads poly_a --rounds 24 --bit-widths 256 --warmups 2 --repeats 10 --seed 1 --timing-mode whole-run --challenge-mode fixed --layout element --point-mode specialized --out CAMERA-READY/h100/sweep_fixed/cases_diag_tier/poly_a_bw256_r24_triton.csv
poly_a                   field=p255_bls12_381_scalar        rounds=24 first_ms=58.206 median_ms=9.917 checksum=41235499992063
CAMERA-READY/h100/sweep_fixed/cases_diag_tier/poly_a_bw256_r24_triton.csv
$ build/field_sumcheck_cuda_fixed --workloads poly_a --rounds 24 --bit-widths 256 --warmups 2 --repeats 10 --seed 1 --timing-mode whole-run --challenge-mode fixed --layout element --point-mode specialized --block 128 --out CAMERA-READY/h100/sweep_fixed/cases_diag_tier/poly_a_bw256_r24_cuda.csv
poly_a field=p255_bls12_381_scalar rounds=24 first_ms=4.18352 median_ms=4.08194 checksum=41235499992063
poly_a                   field=p255_bls12_381_scalar        rounds=24 triton_ms=9.917 cuda_ms=4.08194 checksum_match=true speedup=2.429482
CAMERA-READY/h100/sweep_fixed/cases_diag_tier/poly_a_bw256_r24_joined.csv
ok: poly_a_bw256_r24
CAMERA-READY/h100/sweep_fixed/diag_tier.csv
$ /home/ubuntu/venvs/zkduel-table5/bin/python -u benchmarks/field_sweep/compare_triton_cuda.py --workloads poly_a --bit-widths 256 --rounds 26 --warmups 2 --repeats 10 --seed 1 --timing-mode whole-run --challenge-mode fixed --layout element --point-mode specialized --block 128 --python /home/ubuntu/venvs/zkduel-table5/bin/python --triton-script benchmarks/field_sweep/triton_sweep.py --cuda-binary build/field_sumcheck_cuda_fixed --skip-build --triton-out CAMERA-READY/h100/sweep_fixed/cases_diag_tier/poly_a_bw256_r26_triton.csv --cuda-out CAMERA-READY/h100/sweep_fixed/cases_diag_tier/poly_a_bw256_r26_cuda.csv --out CAMERA-READY/h100/sweep_fixed/cases_diag_tier/poly_a_bw256_r26_joined.csv
$ /home/ubuntu/venvs/zkduel-table5/bin/python -u benchmarks/field_sweep/triton_sweep.py --workloads poly_a --rounds 26 --bit-widths 256 --warmups 2 --repeats 10 --seed 1 --timing-mode whole-run --challenge-mode fixed --layout element --point-mode specialized --out CAMERA-READY/h100/sweep_fixed/cases_diag_tier/poly_a_bw256_r26_triton.csv
poly_a                   field=p255_bls12_381_scalar        rounds=26 first_ms=68.504 median_ms=22.271 checksum=45498404106090
CAMERA-READY/h100/sweep_fixed/cases_diag_tier/poly_a_bw256_r26_triton.csv
$ build/field_sumcheck_cuda_fixed --workloads poly_a --rounds 26 --bit-widths 256 --warmups 2 --repeats 10 --seed 1 --timing-mode whole-run --challenge-mode fixed --layout element --point-mode specialized --block 128 --out CAMERA-READY/h100/sweep_fixed/cases_diag_tier/poly_a_bw256_r26_cuda.csv
poly_a field=p255_bls12_381_scalar rounds=26 first_ms=10.9656 median_ms=10.8391 checksum=45498404106090
poly_a                   field=p255_bls12_381_scalar        rounds=26 triton_ms=22.271 cuda_ms=10.8391 checksum_match=true speedup=2.054691
CAMERA-READY/h100/sweep_fixed/cases_diag_tier/poly_a_bw256_r26_joined.csv
ok: poly_a_bw256_r26
CAMERA-READY/h100/sweep_fixed/diag_tier.csv
$ /home/ubuntu/venvs/zkduel-table5/bin/python -u benchmarks/field_sweep/compare_triton_cuda.py --workloads poly_a --bit-widths 256 --rounds 28 --warmups 2 --repeats 10 --seed 1 --timing-mode whole-run --challenge-mode fixed --layout element --point-mode specialized --block 128 --python /home/ubuntu/venvs/zkduel-table5/bin/python --triton-script benchmarks/field_sweep/triton_sweep.py --cuda-binary build/field_sumcheck_cuda_fixed --skip-build --triton-out CAMERA-READY/h100/sweep_fixed/cases_diag_tier/poly_a_bw256_r28_triton.csv --cuda-out CAMERA-READY/h100/sweep_fixed/cases_diag_tier/poly_a_bw256_r28_cuda.csv --out CAMERA-READY/h100/sweep_fixed/cases_diag_tier/poly_a_bw256_r28_joined.csv
$ /home/ubuntu/venvs/zkduel-table5/bin/python -u benchmarks/field_sweep/triton_sweep.py --workloads poly_a --rounds 28 --bit-widths 256 --warmups 2 --repeats 10 --seed 1 --timing-mode whole-run --challenge-mode fixed --layout element --point-mode specialized --out CAMERA-READY/h100/sweep_fixed/cases_diag_tier/poly_a_bw256_r28_triton.csv
poly_a                   field=p255_bls12_381_scalar        rounds=28 first_ms=116.498 median_ms=71.292 checksum=50307160635173
CAMERA-READY/h100/sweep_fixed/cases_diag_tier/poly_a_bw256_r28_triton.csv
$ build/field_sumcheck_cuda_fixed --workloads poly_a --rounds 28 --bit-widths 256 --warmups 2 --repeats 10 --seed 1 --timing-mode whole-run --challenge-mode fixed --layout element --point-mode specialized --block 128 --out CAMERA-READY/h100/sweep_fixed/cases_diag_tier/poly_a_bw256_r28_cuda.csv
poly_a field=p255_bls12_381_scalar rounds=28 first_ms=36.9682 median_ms=38.0117 checksum=50307160635173
poly_a                   field=p255_bls12_381_scalar        rounds=28 triton_ms=71.292 cuda_ms=38.0117 checksum_match=true speedup=1.875528
CAMERA-READY/h100/sweep_fixed/cases_diag_tier/poly_a_bw256_r28_joined.csv
ok: poly_a_bw256_r28
CAMERA-READY/h100/sweep_fixed/diag_tier.csv
$ /home/ubuntu/venvs/zkduel-table5/bin/python -u benchmarks/field_sweep/compare_triton_cuda.py --workloads poly_ab --bit-widths 32 --rounds 14 --warmups 2 --repeats 10 --seed 1 --timing-mode whole-run --challenge-mode fixed --layout element --point-mode specialized --block 128 --python /home/ubuntu/venvs/zkduel-table5/bin/python --triton-script benchmarks/field_sweep/triton_sweep.py --cuda-binary build/field_sumcheck_cuda_fixed --skip-build --triton-out CAMERA-READY/h100/sweep_fixed/cases_diag_tier/poly_ab_bw32_r14_triton.csv --cuda-out CAMERA-READY/h100/sweep_fixed/cases_diag_tier/poly_ab_bw32_r14_cuda.csv --out CAMERA-READY/h100/sweep_fixed/cases_diag_tier/poly_ab_bw32_r14_joined.csv
$ /home/ubuntu/venvs/zkduel-table5/bin/python -u benchmarks/field_sweep/triton_sweep.py --workloads poly_ab --rounds 14 --bit-widths 32 --warmups 2 --repeats 10 --seed 1 --timing-mode whole-run --challenge-mode fixed --layout element --point-mode specialized --out CAMERA-READY/h100/sweep_fixed/cases_diag_tier/poly_ab_bw32_r14_triton.csv
poly_ab                  field=p32_2^32_minus_5             rounds=14 first_ms=52.433 median_ms=3.389 checksum=1111993635675
CAMERA-READY/h100/sweep_fixed/cases_diag_tier/poly_ab_bw32_r14_triton.csv
$ build/field_sumcheck_cuda_fixed --workloads poly_ab --rounds 14 --bit-widths 32 --warmups 2 --repeats 10 --seed 1 --timing-mode whole-run --challenge-mode fixed --layout element --point-mode specialized --block 128 --out CAMERA-READY/h100/sweep_fixed/cases_diag_tier/poly_ab_bw32_r14_cuda.csv
poly_ab field=p32_2^32_minus_5 rounds=14 first_ms=1.08385 median_ms=0.896958 checksum=1111993635675
poly_ab                  field=p32_2^32_minus_5             rounds=14 triton_ms=3.389 cuda_ms=0.896958 checksum_match=true speedup=3.778326
CAMERA-READY/h100/sweep_fixed/cases_diag_tier/poly_ab_bw32_r14_joined.csv
ok: poly_ab_bw32_r14
CAMERA-READY/h100/sweep_fixed/diag_tier.csv
$ /home/ubuntu/venvs/zkduel-table5/bin/python -u benchmarks/field_sweep/compare_triton_cuda.py --workloads poly_ab --bit-widths 32 --rounds 16 --warmups 2 --repeats 10 --seed 1 --timing-mode whole-run --challenge-mode fixed --layout element --point-mode specialized --block 128 --python /home/ubuntu/venvs/zkduel-table5/bin/python --triton-script benchmarks/field_sweep/triton_sweep.py --cuda-binary build/field_sumcheck_cuda_fixed --skip-build --triton-out CAMERA-READY/h100/sweep_fixed/cases_diag_tier/poly_ab_bw32_r16_triton.csv --cuda-out CAMERA-READY/h100/sweep_fixed/cases_diag_tier/poly_ab_bw32_r16_cuda.csv --out CAMERA-READY/h100/sweep_fixed/cases_diag_tier/poly_ab_bw32_r16_joined.csv
$ /home/ubuntu/venvs/zkduel-table5/bin/python -u benchmarks/field_sweep/triton_sweep.py --workloads poly_ab --rounds 16 --bit-widths 32 --warmups 2 --repeats 10 --seed 1 --timing-mode whole-run --challenge-mode fixed --layout element --point-mode specialized --out CAMERA-READY/h100/sweep_fixed/cases_diag_tier/poly_ab_bw32_r16_triton.csv
poly_ab                  field=p32_2^32_minus_5             rounds=16 first_ms=53.546 median_ms=4.569 checksum=1361729925127
CAMERA-READY/h100/sweep_fixed/cases_diag_tier/poly_ab_bw32_r16_triton.csv
$ build/field_sumcheck_cuda_fixed --workloads poly_ab --rounds 16 --bit-widths 32 --warmups 2 --repeats 10 --seed 1 --timing-mode whole-run --challenge-mode fixed --layout element --point-mode specialized --block 128 --out CAMERA-READY/h100/sweep_fixed/cases_diag_tier/poly_ab_bw32_r16_cuda.csv
poly_ab field=p32_2^32_minus_5 rounds=16 first_ms=1.35447 median_ms=1.10777 checksum=1361729925127
poly_ab                  field=p32_2^32_minus_5             rounds=16 triton_ms=4.569 cuda_ms=1.10777 checksum_match=true speedup=4.124502
CAMERA-READY/h100/sweep_fixed/cases_diag_tier/poly_ab_bw32_r16_joined.csv
ok: poly_ab_bw32_r16
CAMERA-READY/h100/sweep_fixed/diag_tier.csv
$ /home/ubuntu/venvs/zkduel-table5/bin/python -u benchmarks/field_sweep/compare_triton_cuda.py --workloads poly_ab --bit-widths 32 --rounds 18 --warmups 2 --repeats 10 --seed 1 --timing-mode whole-run --challenge-mode fixed --layout element --point-mode specialized --block 128 --python /home/ubuntu/venvs/zkduel-table5/bin/python --triton-script benchmarks/field_sweep/triton_sweep.py --cuda-binary build/field_sumcheck_cuda_fixed --skip-build --triton-out CAMERA-READY/h100/sweep_fixed/cases_diag_tier/poly_ab_bw32_r18_triton.csv --cuda-out CAMERA-READY/h100/sweep_fixed/cases_diag_tier/poly_ab_bw32_r18_cuda.csv --out CAMERA-READY/h100/sweep_fixed/cases_diag_tier/poly_ab_bw32_r18_joined.csv
$ /home/ubuntu/venvs/zkduel-table5/bin/python -u benchmarks/field_sweep/triton_sweep.py --workloads poly_ab --rounds 18 --bit-widths 32 --warmups 2 --repeats 10 --seed 1 --timing-mode whole-run --challenge-mode fixed --layout element --point-mode specialized --out CAMERA-READY/h100/sweep_fixed/cases_diag_tier/poly_ab_bw32_r18_triton.csv
poly_ab                  field=p32_2^32_minus_5             rounds=18 first_ms=56.870 median_ms=6.017 checksum=1490532018144
CAMERA-READY/h100/sweep_fixed/cases_diag_tier/poly_ab_bw32_r18_triton.csv
$ build/field_sumcheck_cuda_fixed --workloads poly_ab --rounds 18 --bit-widths 32 --warmups 2 --repeats 10 --seed 1 --timing-mode whole-run --challenge-mode fixed --layout element --point-mode specialized --block 128 --out CAMERA-READY/h100/sweep_fixed/cases_diag_tier/poly_ab_bw32_r18_cuda.csv
poly_ab field=p32_2^32_minus_5 rounds=18 first_ms=1.60184 median_ms=1.40885 checksum=1490532018144
poly_ab                  field=p32_2^32_minus_5             rounds=18 triton_ms=6.017 cuda_ms=1.40885 checksum_match=true speedup=4.270859
CAMERA-READY/h100/sweep_fixed/cases_diag_tier/poly_ab_bw32_r18_joined.csv
ok: poly_ab_bw32_r18
CAMERA-READY/h100/sweep_fixed/diag_tier.csv
$ /home/ubuntu/venvs/zkduel-table5/bin/python -u benchmarks/field_sweep/compare_triton_cuda.py --workloads poly_ab --bit-widths 32 --rounds 20 --warmups 2 --repeats 10 --seed 1 --timing-mode whole-run --challenge-mode fixed --layout element --point-mode specialized --block 128 --python /home/ubuntu/venvs/zkduel-table5/bin/python --triton-script benchmarks/field_sweep/triton_sweep.py --cuda-binary build/field_sumcheck_cuda_fixed --skip-build --triton-out CAMERA-READY/h100/sweep_fixed/cases_diag_tier/poly_ab_bw32_r20_triton.csv --cuda-out CAMERA-READY/h100/sweep_fixed/cases_diag_tier/poly_ab_bw32_r20_cuda.csv --out CAMERA-READY/h100/sweep_fixed/cases_diag_tier/poly_ab_bw32_r20_joined.csv
$ /home/ubuntu/venvs/zkduel-table5/bin/python -u benchmarks/field_sweep/triton_sweep.py --workloads poly_ab --rounds 20 --bit-widths 32 --warmups 2 --repeats 10 --seed 1 --timing-mode whole-run --challenge-mode fixed --layout element --point-mode specialized --out CAMERA-READY/h100/sweep_fixed/cases_diag_tier/poly_ab_bw32_r20_triton.csv
poly_ab                  field=p32_2^32_minus_5             rounds=20 first_ms=56.632 median_ms=7.493 checksum=1740042488314
CAMERA-READY/h100/sweep_fixed/cases_diag_tier/poly_ab_bw32_r20_triton.csv
$ build/field_sumcheck_cuda_fixed --workloads poly_ab --rounds 20 --bit-widths 32 --warmups 2 --repeats 10 --seed 1 --timing-mode whole-run --challenge-mode fixed --layout element --point-mode specialized --block 128 --out CAMERA-READY/h100/sweep_fixed/cases_diag_tier/poly_ab_bw32_r20_cuda.csv
poly_ab field=p32_2^32_minus_5 rounds=20 first_ms=1.94912 median_ms=1.70106 checksum=1740042488314
poly_ab                  field=p32_2^32_minus_5             rounds=20 triton_ms=7.493 cuda_ms=1.70106 checksum_match=true speedup=4.404900
CAMERA-READY/h100/sweep_fixed/cases_diag_tier/poly_ab_bw32_r20_joined.csv
ok: poly_ab_bw32_r20
CAMERA-READY/h100/sweep_fixed/diag_tier.csv
$ /home/ubuntu/venvs/zkduel-table5/bin/python -u benchmarks/field_sweep/compare_triton_cuda.py --workloads poly_ab --bit-widths 32 --rounds 22 --warmups 2 --repeats 10 --seed 1 --timing-mode whole-run --challenge-mode fixed --layout element --point-mode specialized --block 128 --python /home/ubuntu/venvs/zkduel-table5/bin/python --triton-script benchmarks/field_sweep/triton_sweep.py --cuda-binary build/field_sumcheck_cuda_fixed --skip-build --triton-out CAMERA-READY/h100/sweep_fixed/cases_diag_tier/poly_ab_bw32_r22_triton.csv --cuda-out CAMERA-READY/h100/sweep_fixed/cases_diag_tier/poly_ab_bw32_r22_cuda.csv --out CAMERA-READY/h100/sweep_fixed/cases_diag_tier/poly_ab_bw32_r22_joined.csv
$ /home/ubuntu/venvs/zkduel-table5/bin/python -u benchmarks/field_sweep/triton_sweep.py --workloads poly_ab --rounds 22 --bit-widths 32 --warmups 2 --repeats 10 --seed 1 --timing-mode whole-run --challenge-mode fixed --layout element --point-mode specialized --out CAMERA-READY/h100/sweep_fixed/cases_diag_tier/poly_ab_bw32_r22_triton.csv
poly_ab                  field=p32_2^32_minus_5             rounds=22 first_ms=58.218 median_ms=9.284 checksum=1669120794822
CAMERA-READY/h100/sweep_fixed/cases_diag_tier/poly_ab_bw32_r22_triton.csv
$ build/field_sumcheck_cuda_fixed --workloads poly_ab --rounds 22 --bit-widths 32 --warmups 2 --repeats 10 --seed 1 --timing-mode whole-run --challenge-mode fixed --layout element --point-mode specialized --block 128 --out CAMERA-READY/h100/sweep_fixed/cases_diag_tier/poly_ab_bw32_r22_cuda.csv
poly_ab field=p32_2^32_minus_5 rounds=22 first_ms=2.32073 median_ms=2.07916 checksum=1669120794822
poly_ab                  field=p32_2^32_minus_5             rounds=22 triton_ms=9.284 cuda_ms=2.07916 checksum_match=true speedup=4.465265
CAMERA-READY/h100/sweep_fixed/cases_diag_tier/poly_ab_bw32_r22_joined.csv
ok: poly_ab_bw32_r22
CAMERA-READY/h100/sweep_fixed/diag_tier.csv
$ /home/ubuntu/venvs/zkduel-table5/bin/python -u benchmarks/field_sweep/compare_triton_cuda.py --workloads poly_ab --bit-widths 32 --rounds 24 --warmups 2 --repeats 10 --seed 1 --timing-mode whole-run --challenge-mode fixed --layout element --point-mode specialized --block 128 --python /home/ubuntu/venvs/zkduel-table5/bin/python --triton-script benchmarks/field_sweep/triton_sweep.py --cuda-binary build/field_sumcheck_cuda_fixed --skip-build --triton-out CAMERA-READY/h100/sweep_fixed/cases_diag_tier/poly_ab_bw32_r24_triton.csv --cuda-out CAMERA-READY/h100/sweep_fixed/cases_diag_tier/poly_ab_bw32_r24_cuda.csv --out CAMERA-READY/h100/sweep_fixed/cases_diag_tier/poly_ab_bw32_r24_joined.csv
$ /home/ubuntu/venvs/zkduel-table5/bin/python -u benchmarks/field_sweep/triton_sweep.py --workloads poly_ab --rounds 24 --bit-widths 32 --warmups 2 --repeats 10 --seed 1 --timing-mode whole-run --challenge-mode fixed --layout element --point-mode specialized --out CAMERA-READY/h100/sweep_fixed/cases_diag_tier/poly_ab_bw32_r24_triton.csv
poly_ab                  field=p32_2^32_minus_5             rounds=24 first_ms=60.996 median_ms=12.567 checksum=1869762121240
CAMERA-READY/h100/sweep_fixed/cases_diag_tier/poly_ab_bw32_r24_triton.csv
$ build/field_sumcheck_cuda_fixed --workloads poly_ab --rounds 24 --bit-widths 32 --warmups 2 --repeats 10 --seed 1 --timing-mode whole-run --challenge-mode fixed --layout element --point-mode specialized --block 128 --out CAMERA-READY/h100/sweep_fixed/cases_diag_tier/poly_ab_bw32_r24_cuda.csv
poly_ab field=p32_2^32_minus_5 rounds=24 first_ms=3.0954 median_ms=2.90913 checksum=1869762121240
poly_ab                  field=p32_2^32_minus_5             rounds=24 triton_ms=12.567 cuda_ms=2.90913 checksum_match=true speedup=4.319848
CAMERA-READY/h100/sweep_fixed/cases_diag_tier/poly_ab_bw32_r24_joined.csv
ok: poly_ab_bw32_r24
CAMERA-READY/h100/sweep_fixed/diag_tier.csv
$ /home/ubuntu/venvs/zkduel-table5/bin/python -u benchmarks/field_sweep/compare_triton_cuda.py --workloads poly_ab --bit-widths 32 --rounds 26 --warmups 2 --repeats 10 --seed 1 --timing-mode whole-run --challenge-mode fixed --layout element --point-mode specialized --block 128 --python /home/ubuntu/venvs/zkduel-table5/bin/python --triton-script benchmarks/field_sweep/triton_sweep.py --cuda-binary build/field_sumcheck_cuda_fixed --skip-build --triton-out CAMERA-READY/h100/sweep_fixed/cases_diag_tier/poly_ab_bw32_r26_triton.csv --cuda-out CAMERA-READY/h100/sweep_fixed/cases_diag_tier/poly_ab_bw32_r26_cuda.csv --out CAMERA-READY/h100/sweep_fixed/cases_diag_tier/poly_ab_bw32_r26_joined.csv
$ /home/ubuntu/venvs/zkduel-table5/bin/python -u benchmarks/field_sweep/triton_sweep.py --workloads poly_ab --rounds 26 --bit-widths 32 --warmups 2 --repeats 10 --seed 1 --timing-mode whole-run --challenge-mode fixed --layout element --point-mode specialized --out CAMERA-READY/h100/sweep_fixed/cases_diag_tier/poly_ab_bw32_r26_triton.csv
poly_ab                  field=p32_2^32_minus_5             rounds=26 first_ms=70.133 median_ms=23.142 checksum=2405274213901
CAMERA-READY/h100/sweep_fixed/cases_diag_tier/poly_ab_bw32_r26_triton.csv
$ build/field_sumcheck_cuda_fixed --workloads poly_ab --rounds 26 --bit-widths 32 --warmups 2 --repeats 10 --seed 1 --timing-mode whole-run --challenge-mode fixed --layout element --point-mode specialized --block 128 --out CAMERA-READY/h100/sweep_fixed/cases_diag_tier/poly_ab_bw32_r26_cuda.csv
poly_ab field=p32_2^32_minus_5 rounds=26 first_ms=5.47167 median_ms=5.26391 checksum=2405274213901
poly_ab                  field=p32_2^32_minus_5             rounds=26 triton_ms=23.142 cuda_ms=5.26391 checksum_match=true speedup=4.396352
CAMERA-READY/h100/sweep_fixed/cases_diag_tier/poly_ab_bw32_r26_joined.csv
ok: poly_ab_bw32_r26
CAMERA-READY/h100/sweep_fixed/diag_tier.csv
$ /home/ubuntu/venvs/zkduel-table5/bin/python -u benchmarks/field_sweep/compare_triton_cuda.py --workloads poly_ab --bit-widths 32 --rounds 28 --warmups 2 --repeats 10 --seed 1 --timing-mode whole-run --challenge-mode fixed --layout element --point-mode specialized --block 128 --python /home/ubuntu/venvs/zkduel-table5/bin/python --triton-script benchmarks/field_sweep/triton_sweep.py --cuda-binary build/field_sumcheck_cuda_fixed --skip-build --triton-out CAMERA-READY/h100/sweep_fixed/cases_diag_tier/poly_ab_bw32_r28_triton.csv --cuda-out CAMERA-READY/h100/sweep_fixed/cases_diag_tier/poly_ab_bw32_r28_cuda.csv --out CAMERA-READY/h100/sweep_fixed/cases_diag_tier/poly_ab_bw32_r28_joined.csv
$ /home/ubuntu/venvs/zkduel-table5/bin/python -u benchmarks/field_sweep/triton_sweep.py --workloads poly_ab --rounds 28 --bit-widths 32 --warmups 2 --repeats 10 --seed 1 --timing-mode whole-run --challenge-mode fixed --layout element --point-mode specialized --out CAMERA-READY/h100/sweep_fixed/cases_diag_tier/poly_ab_bw32_r28_triton.csv
poly_ab                  field=p32_2^32_minus_5             rounds=28 first_ms=111.112 median_ms=65.085 checksum=2217284708262
CAMERA-READY/h100/sweep_fixed/cases_diag_tier/poly_ab_bw32_r28_triton.csv
$ build/field_sumcheck_cuda_fixed --workloads poly_ab --rounds 28 --bit-widths 32 --warmups 2 --repeats 10 --seed 1 --timing-mode whole-run --challenge-mode fixed --layout element --point-mode specialized --block 128 --out CAMERA-READY/h100/sweep_fixed/cases_diag_tier/poly_ab_bw32_r28_cuda.csv
poly_ab field=p32_2^32_minus_5 rounds=28 first_ms=13.5647 median_ms=13.3617 checksum=2217284708262
poly_ab                  field=p32_2^32_minus_5             rounds=28 triton_ms=65.085 cuda_ms=13.3617 checksum_match=true speedup=4.871012
CAMERA-READY/h100/sweep_fixed/cases_diag_tier/poly_ab_bw32_r28_joined.csv
ok: poly_ab_bw32_r28
CAMERA-READY/h100/sweep_fixed/diag_tier.csv
$ /home/ubuntu/venvs/zkduel-table5/bin/python -u benchmarks/field_sweep/compare_triton_cuda.py --workloads poly_ab --bit-widths 64 --rounds 14 --warmups 2 --repeats 10 --seed 1 --timing-mode whole-run --challenge-mode fixed --layout element --point-mode specialized --block 128 --python /home/ubuntu/venvs/zkduel-table5/bin/python --triton-script benchmarks/field_sweep/triton_sweep.py --cuda-binary build/field_sumcheck_cuda_fixed --skip-build --triton-out CAMERA-READY/h100/sweep_fixed/cases_diag_tier/poly_ab_bw64_r14_triton.csv --cuda-out CAMERA-READY/h100/sweep_fixed/cases_diag_tier/poly_ab_bw64_r14_cuda.csv --out CAMERA-READY/h100/sweep_fixed/cases_diag_tier/poly_ab_bw64_r14_joined.csv
$ /home/ubuntu/venvs/zkduel-table5/bin/python -u benchmarks/field_sweep/triton_sweep.py --workloads poly_ab --rounds 14 --bit-widths 64 --warmups 2 --repeats 10 --seed 1 --timing-mode whole-run --challenge-mode fixed --layout element --point-mode specialized --out CAMERA-READY/h100/sweep_fixed/cases_diag_tier/poly_ab_bw64_r14_triton.csv
poly_ab                  field=p64_goldilocks               rounds=14 first_ms=52.524 median_ms=3.400 checksum=3154924965829
CAMERA-READY/h100/sweep_fixed/cases_diag_tier/poly_ab_bw64_r14_triton.csv
$ build/field_sumcheck_cuda_fixed --workloads poly_ab --rounds 14 --bit-widths 64 --warmups 2 --repeats 10 --seed 1 --timing-mode whole-run --challenge-mode fixed --layout element --point-mode specialized --block 128 --out CAMERA-READY/h100/sweep_fixed/cases_diag_tier/poly_ab_bw64_r14_cuda.csv
poly_ab field=p64_goldilocks rounds=14 first_ms=1.18625 median_ms=1.00708 checksum=3154924965829
poly_ab                  field=p64_goldilocks               rounds=14 triton_ms=3.400 cuda_ms=1.00708 checksum_match=true speedup=3.376097
CAMERA-READY/h100/sweep_fixed/cases_diag_tier/poly_ab_bw64_r14_joined.csv
ok: poly_ab_bw64_r14
CAMERA-READY/h100/sweep_fixed/diag_tier.csv
$ /home/ubuntu/venvs/zkduel-table5/bin/python -u benchmarks/field_sweep/compare_triton_cuda.py --workloads poly_ab --bit-widths 64 --rounds 16 --warmups 2 --repeats 10 --seed 1 --timing-mode whole-run --challenge-mode fixed --layout element --point-mode specialized --block 128 --python /home/ubuntu/venvs/zkduel-table5/bin/python --triton-script benchmarks/field_sweep/triton_sweep.py --cuda-binary build/field_sumcheck_cuda_fixed --skip-build --triton-out CAMERA-READY/h100/sweep_fixed/cases_diag_tier/poly_ab_bw64_r16_triton.csv --cuda-out CAMERA-READY/h100/sweep_fixed/cases_diag_tier/poly_ab_bw64_r16_cuda.csv --out CAMERA-READY/h100/sweep_fixed/cases_diag_tier/poly_ab_bw64_r16_joined.csv
$ /home/ubuntu/venvs/zkduel-table5/bin/python -u benchmarks/field_sweep/triton_sweep.py --workloads poly_ab --rounds 16 --bit-widths 64 --warmups 2 --repeats 10 --seed 1 --timing-mode whole-run --challenge-mode fixed --layout element --point-mode specialized --out CAMERA-READY/h100/sweep_fixed/cases_diag_tier/poly_ab_bw64_r16_triton.csv
poly_ab                  field=p64_goldilocks               rounds=16 first_ms=53.848 median_ms=4.516 checksum=3821433327062
CAMERA-READY/h100/sweep_fixed/cases_diag_tier/poly_ab_bw64_r16_triton.csv
$ build/field_sumcheck_cuda_fixed --workloads poly_ab --rounds 16 --bit-widths 64 --warmups 2 --repeats 10 --seed 1 --timing-mode whole-run --challenge-mode fixed --layout element --point-mode specialized --block 128 --out CAMERA-READY/h100/sweep_fixed/cases_diag_tier/poly_ab_bw64_r16_cuda.csv
poly_ab field=p64_goldilocks rounds=16 first_ms=1.44921 median_ms=1.2379 checksum=3821433327062
poly_ab                  field=p64_goldilocks               rounds=16 triton_ms=4.516 cuda_ms=1.2379 checksum_match=true speedup=3.648114
CAMERA-READY/h100/sweep_fixed/cases_diag_tier/poly_ab_bw64_r16_joined.csv
ok: poly_ab_bw64_r16
CAMERA-READY/h100/sweep_fixed/diag_tier.csv
$ /home/ubuntu/venvs/zkduel-table5/bin/python -u benchmarks/field_sweep/compare_triton_cuda.py --workloads poly_ab --bit-widths 64 --rounds 18 --warmups 2 --repeats 10 --seed 1 --timing-mode whole-run --challenge-mode fixed --layout element --point-mode specialized --block 128 --python /home/ubuntu/venvs/zkduel-table5/bin/python --triton-script benchmarks/field_sweep/triton_sweep.py --cuda-binary build/field_sumcheck_cuda_fixed --skip-build --triton-out CAMERA-READY/h100/sweep_fixed/cases_diag_tier/poly_ab_bw64_r18_triton.csv --cuda-out CAMERA-READY/h100/sweep_fixed/cases_diag_tier/poly_ab_bw64_r18_cuda.csv --out CAMERA-READY/h100/sweep_fixed/cases_diag_tier/poly_ab_bw64_r18_joined.csv
$ /home/ubuntu/venvs/zkduel-table5/bin/python -u benchmarks/field_sweep/triton_sweep.py --workloads poly_ab --rounds 18 --bit-widths 64 --warmups 2 --repeats 10 --seed 1 --timing-mode whole-run --challenge-mode fixed --layout element --point-mode specialized --out CAMERA-READY/h100/sweep_fixed/cases_diag_tier/poly_ab_bw64_r18_triton.csv
poly_ab                  field=p64_goldilocks               rounds=18 first_ms=55.922 median_ms=5.849 checksum=4804161355214
CAMERA-READY/h100/sweep_fixed/cases_diag_tier/poly_ab_bw64_r18_triton.csv
$ build/field_sumcheck_cuda_fixed --workloads poly_ab --rounds 18 --bit-widths 64 --warmups 2 --repeats 10 --seed 1 --timing-mode whole-run --challenge-mode fixed --layout element --point-mode specialized --block 128 --out CAMERA-READY/h100/sweep_fixed/cases_diag_tier/poly_ab_bw64_r18_cuda.csv
poly_ab field=p64_goldilocks rounds=18 first_ms=1.72324 median_ms=1.53338 checksum=4804161355214
poly_ab                  field=p64_goldilocks               rounds=18 triton_ms=5.849 cuda_ms=1.53338 checksum_match=true speedup=3.814449
CAMERA-READY/h100/sweep_fixed/cases_diag_tier/poly_ab_bw64_r18_joined.csv
ok: poly_ab_bw64_r18
CAMERA-READY/h100/sweep_fixed/diag_tier.csv
$ /home/ubuntu/venvs/zkduel-table5/bin/python -u benchmarks/field_sweep/compare_triton_cuda.py --workloads poly_ab --bit-widths 64 --rounds 20 --warmups 2 --repeats 10 --seed 1 --timing-mode whole-run --challenge-mode fixed --layout element --point-mode specialized --block 128 --python /home/ubuntu/venvs/zkduel-table5/bin/python --triton-script benchmarks/field_sweep/triton_sweep.py --cuda-binary build/field_sumcheck_cuda_fixed --skip-build --triton-out CAMERA-READY/h100/sweep_fixed/cases_diag_tier/poly_ab_bw64_r20_triton.csv --cuda-out CAMERA-READY/h100/sweep_fixed/cases_diag_tier/poly_ab_bw64_r20_cuda.csv --out CAMERA-READY/h100/sweep_fixed/cases_diag_tier/poly_ab_bw64_r20_joined.csv
$ /home/ubuntu/venvs/zkduel-table5/bin/python -u benchmarks/field_sweep/triton_sweep.py --workloads poly_ab --rounds 20 --bit-widths 64 --warmups 2 --repeats 10 --seed 1 --timing-mode whole-run --challenge-mode fixed --layout element --point-mode specialized --out CAMERA-READY/h100/sweep_fixed/cases_diag_tier/poly_ab_bw64_r20_triton.csv
poly_ab                  field=p64_goldilocks               rounds=20 first_ms=57.719 median_ms=7.471 checksum=5233438702336
CAMERA-READY/h100/sweep_fixed/cases_diag_tier/poly_ab_bw64_r20_triton.csv
$ build/field_sumcheck_cuda_fixed --workloads poly_ab --rounds 20 --bit-widths 64 --warmups 2 --repeats 10 --seed 1 --timing-mode whole-run --challenge-mode fixed --layout element --point-mode specialized --block 128 --out CAMERA-READY/h100/sweep_fixed/cases_diag_tier/poly_ab_bw64_r20_cuda.csv
poly_ab field=p64_goldilocks rounds=20 first_ms=2.0164 median_ms=1.83572 checksum=5233438702336
poly_ab                  field=p64_goldilocks               rounds=20 triton_ms=7.471 cuda_ms=1.83572 checksum_match=true speedup=4.069793
CAMERA-READY/h100/sweep_fixed/cases_diag_tier/poly_ab_bw64_r20_joined.csv
ok: poly_ab_bw64_r20
CAMERA-READY/h100/sweep_fixed/diag_tier.csv
$ /home/ubuntu/venvs/zkduel-table5/bin/python -u benchmarks/field_sweep/compare_triton_cuda.py --workloads poly_ab --bit-widths 64 --rounds 22 --warmups 2 --repeats 10 --seed 1 --timing-mode whole-run --challenge-mode fixed --layout element --point-mode specialized --block 128 --python /home/ubuntu/venvs/zkduel-table5/bin/python --triton-script benchmarks/field_sweep/triton_sweep.py --cuda-binary build/field_sumcheck_cuda_fixed --skip-build --triton-out CAMERA-READY/h100/sweep_fixed/cases_diag_tier/poly_ab_bw64_r22_triton.csv --cuda-out CAMERA-READY/h100/sweep_fixed/cases_diag_tier/poly_ab_bw64_r22_cuda.csv --out CAMERA-READY/h100/sweep_fixed/cases_diag_tier/poly_ab_bw64_r22_joined.csv
$ /home/ubuntu/venvs/zkduel-table5/bin/python -u benchmarks/field_sweep/triton_sweep.py --workloads poly_ab --rounds 22 --bit-widths 64 --warmups 2 --repeats 10 --seed 1 --timing-mode whole-run --challenge-mode fixed --layout element --point-mode specialized --out CAMERA-READY/h100/sweep_fixed/cases_diag_tier/poly_ab_bw64_r22_triton.csv
poly_ab                  field=p64_goldilocks               rounds=22 first_ms=58.689 median_ms=9.198 checksum=6504307318457
CAMERA-READY/h100/sweep_fixed/cases_diag_tier/poly_ab_bw64_r22_triton.csv
$ build/field_sumcheck_cuda_fixed --workloads poly_ab --rounds 22 --bit-widths 64 --warmups 2 --repeats 10 --seed 1 --timing-mode whole-run --challenge-mode fixed --layout element --point-mode specialized --block 128 --out CAMERA-READY/h100/sweep_fixed/cases_diag_tier/poly_ab_bw64_r22_cuda.csv
poly_ab field=p64_goldilocks rounds=22 first_ms=2.68163 median_ms=2.42994 checksum=6504307318457
poly_ab                  field=p64_goldilocks               rounds=22 triton_ms=9.198 cuda_ms=2.42994 checksum_match=true speedup=3.785279
CAMERA-READY/h100/sweep_fixed/cases_diag_tier/poly_ab_bw64_r22_joined.csv
ok: poly_ab_bw64_r22
CAMERA-READY/h100/sweep_fixed/diag_tier.csv
$ /home/ubuntu/venvs/zkduel-table5/bin/python -u benchmarks/field_sweep/compare_triton_cuda.py --workloads poly_ab --bit-widths 64 --rounds 24 --warmups 2 --repeats 10 --seed 1 --timing-mode whole-run --challenge-mode fixed --layout element --point-mode specialized --block 128 --python /home/ubuntu/venvs/zkduel-table5/bin/python --triton-script benchmarks/field_sweep/triton_sweep.py --cuda-binary build/field_sumcheck_cuda_fixed --skip-build --triton-out CAMERA-READY/h100/sweep_fixed/cases_diag_tier/poly_ab_bw64_r24_triton.csv --cuda-out CAMERA-READY/h100/sweep_fixed/cases_diag_tier/poly_ab_bw64_r24_cuda.csv --out CAMERA-READY/h100/sweep_fixed/cases_diag_tier/poly_ab_bw64_r24_joined.csv
$ /home/ubuntu/venvs/zkduel-table5/bin/python -u benchmarks/field_sweep/triton_sweep.py --workloads poly_ab --rounds 24 --bit-widths 64 --warmups 2 --repeats 10 --seed 1 --timing-mode whole-run --challenge-mode fixed --layout element --point-mode specialized --out CAMERA-READY/h100/sweep_fixed/cases_diag_tier/poly_ab_bw64_r24_triton.csv
poly_ab                  field=p64_goldilocks               rounds=24 first_ms=60.937 median_ms=11.963 checksum=6504999094607
CAMERA-READY/h100/sweep_fixed/cases_diag_tier/poly_ab_bw64_r24_triton.csv
$ build/field_sumcheck_cuda_fixed --workloads poly_ab --rounds 24 --bit-widths 64 --warmups 2 --repeats 10 --seed 1 --timing-mode whole-run --challenge-mode fixed --layout element --point-mode specialized --block 128 --out CAMERA-READY/h100/sweep_fixed/cases_diag_tier/poly_ab_bw64_r24_cuda.csv
poly_ab field=p64_goldilocks rounds=24 first_ms=3.85774 median_ms=3.68979 checksum=6504999094607
poly_ab                  field=p64_goldilocks               rounds=24 triton_ms=11.963 cuda_ms=3.68979 checksum_match=true speedup=3.242190
CAMERA-READY/h100/sweep_fixed/cases_diag_tier/poly_ab_bw64_r24_joined.csv
ok: poly_ab_bw64_r24
CAMERA-READY/h100/sweep_fixed/diag_tier.csv
$ /home/ubuntu/venvs/zkduel-table5/bin/python -u benchmarks/field_sweep/compare_triton_cuda.py --workloads poly_ab --bit-widths 64 --rounds 26 --warmups 2 --repeats 10 --seed 1 --timing-mode whole-run --challenge-mode fixed --layout element --point-mode specialized --block 128 --python /home/ubuntu/venvs/zkduel-table5/bin/python --triton-script benchmarks/field_sweep/triton_sweep.py --cuda-binary build/field_sumcheck_cuda_fixed --skip-build --triton-out CAMERA-READY/h100/sweep_fixed/cases_diag_tier/poly_ab_bw64_r26_triton.csv --cuda-out CAMERA-READY/h100/sweep_fixed/cases_diag_tier/poly_ab_bw64_r26_cuda.csv --out CAMERA-READY/h100/sweep_fixed/cases_diag_tier/poly_ab_bw64_r26_joined.csv
$ /home/ubuntu/venvs/zkduel-table5/bin/python -u benchmarks/field_sweep/triton_sweep.py --workloads poly_ab --rounds 26 --bit-widths 64 --warmups 2 --repeats 10 --seed 1 --timing-mode whole-run --challenge-mode fixed --layout element --point-mode specialized --out CAMERA-READY/h100/sweep_fixed/cases_diag_tier/poly_ab_bw64_r26_triton.csv
poly_ab                  field=p64_goldilocks               rounds=26 first_ms=69.304 median_ms=22.174 checksum=6597163029223
CAMERA-READY/h100/sweep_fixed/cases_diag_tier/poly_ab_bw64_r26_triton.csv
$ build/field_sumcheck_cuda_fixed --workloads poly_ab --rounds 26 --bit-widths 64 --warmups 2 --repeats 10 --seed 1 --timing-mode whole-run --challenge-mode fixed --layout element --point-mode specialized --block 128 --out CAMERA-READY/h100/sweep_fixed/cases_diag_tier/poly_ab_bw64_r26_cuda.csv
poly_ab field=p64_goldilocks rounds=26 first_ms=8.01417 median_ms=7.8304 checksum=6597163029223
poly_ab                  field=p64_goldilocks               rounds=26 triton_ms=22.174 cuda_ms=7.8304 checksum_match=true speedup=2.831784
CAMERA-READY/h100/sweep_fixed/cases_diag_tier/poly_ab_bw64_r26_joined.csv
ok: poly_ab_bw64_r26
CAMERA-READY/h100/sweep_fixed/diag_tier.csv
$ /home/ubuntu/venvs/zkduel-table5/bin/python -u benchmarks/field_sweep/compare_triton_cuda.py --workloads poly_ab --bit-widths 64 --rounds 28 --warmups 2 --repeats 10 --seed 1 --timing-mode whole-run --challenge-mode fixed --layout element --point-mode specialized --block 128 --python /home/ubuntu/venvs/zkduel-table5/bin/python --triton-script benchmarks/field_sweep/triton_sweep.py --cuda-binary build/field_sumcheck_cuda_fixed --skip-build --triton-out CAMERA-READY/h100/sweep_fixed/cases_diag_tier/poly_ab_bw64_r28_triton.csv --cuda-out CAMERA-READY/h100/sweep_fixed/cases_diag_tier/poly_ab_bw64_r28_cuda.csv --out CAMERA-READY/h100/sweep_fixed/cases_diag_tier/poly_ab_bw64_r28_joined.csv
$ /home/ubuntu/venvs/zkduel-table5/bin/python -u benchmarks/field_sweep/triton_sweep.py --workloads poly_ab --rounds 28 --bit-widths 64 --warmups 2 --repeats 10 --seed 1 --timing-mode whole-run --challenge-mode fixed --layout element --point-mode specialized --out CAMERA-READY/h100/sweep_fixed/cases_diag_tier/poly_ab_bw64_r28_triton.csv
poly_ab                  field=p64_goldilocks               rounds=28 first_ms=108.708 median_ms=60.570 checksum=7254201067425
CAMERA-READY/h100/sweep_fixed/cases_diag_tier/poly_ab_bw64_r28_triton.csv
$ build/field_sumcheck_cuda_fixed --workloads poly_ab --rounds 28 --bit-widths 64 --warmups 2 --repeats 10 --seed 1 --timing-mode whole-run --challenge-mode fixed --layout element --point-mode specialized --block 128 --out CAMERA-READY/h100/sweep_fixed/cases_diag_tier/poly_ab_bw64_r28_cuda.csv
poly_ab field=p64_goldilocks rounds=28 first_ms=23.5244 median_ms=23.3916 checksum=7254201067425
poly_ab                  field=p64_goldilocks               rounds=28 triton_ms=60.570 cuda_ms=23.3916 checksum_match=true speedup=2.589391
CAMERA-READY/h100/sweep_fixed/cases_diag_tier/poly_ab_bw64_r28_joined.csv
ok: poly_ab_bw64_r28
CAMERA-READY/h100/sweep_fixed/diag_tier.csv
$ /home/ubuntu/venvs/zkduel-table5/bin/python -u benchmarks/field_sweep/compare_triton_cuda.py --workloads poly_ab --bit-widths 128 --rounds 14 --warmups 2 --repeats 10 --seed 1 --timing-mode whole-run --challenge-mode fixed --layout element --point-mode specialized --block 128 --python /home/ubuntu/venvs/zkduel-table5/bin/python --triton-script benchmarks/field_sweep/triton_sweep.py --cuda-binary build/field_sumcheck_cuda_fixed --skip-build --triton-out CAMERA-READY/h100/sweep_fixed/cases_diag_tier/poly_ab_bw128_r14_triton.csv --cuda-out CAMERA-READY/h100/sweep_fixed/cases_diag_tier/poly_ab_bw128_r14_cuda.csv --out CAMERA-READY/h100/sweep_fixed/cases_diag_tier/poly_ab_bw128_r14_joined.csv
$ /home/ubuntu/venvs/zkduel-table5/bin/python -u benchmarks/field_sweep/triton_sweep.py --workloads poly_ab --rounds 14 --bit-widths 128 --warmups 2 --repeats 10 --seed 1 --timing-mode whole-run --challenge-mode fixed --layout element --point-mode specialized --out CAMERA-READY/h100/sweep_fixed/cases_diag_tier/poly_ab_bw128_r14_triton.csv
poly_ab                  field=p128_mersenne_2^127_minus_1  rounds=14 first_ms=53.869 median_ms=3.447 checksum=3433157688766
CAMERA-READY/h100/sweep_fixed/cases_diag_tier/poly_ab_bw128_r14_triton.csv
$ build/field_sumcheck_cuda_fixed --workloads poly_ab --rounds 14 --bit-widths 128 --warmups 2 --repeats 10 --seed 1 --timing-mode whole-run --challenge-mode fixed --layout element --point-mode specialized --block 128 --out CAMERA-READY/h100/sweep_fixed/cases_diag_tier/poly_ab_bw128_r14_cuda.csv
poly_ab field=p128_mersenne_2^127_minus_1 rounds=14 first_ms=1.18585 median_ms=1.01138 checksum=3433157688766
poly_ab                  field=p128_mersenne_2^127_minus_1  rounds=14 triton_ms=3.447 cuda_ms=1.01138 checksum_match=true speedup=3.408215
CAMERA-READY/h100/sweep_fixed/cases_diag_tier/poly_ab_bw128_r14_joined.csv
ok: poly_ab_bw128_r14
CAMERA-READY/h100/sweep_fixed/diag_tier.csv
$ /home/ubuntu/venvs/zkduel-table5/bin/python -u benchmarks/field_sweep/compare_triton_cuda.py --workloads poly_ab --bit-widths 128 --rounds 16 --warmups 2 --repeats 10 --seed 1 --timing-mode whole-run --challenge-mode fixed --layout element --point-mode specialized --block 128 --python /home/ubuntu/venvs/zkduel-table5/bin/python --triton-script benchmarks/field_sweep/triton_sweep.py --cuda-binary build/field_sumcheck_cuda_fixed --skip-build --triton-out CAMERA-READY/h100/sweep_fixed/cases_diag_tier/poly_ab_bw128_r16_triton.csv --cuda-out CAMERA-READY/h100/sweep_fixed/cases_diag_tier/poly_ab_bw128_r16_cuda.csv --out CAMERA-READY/h100/sweep_fixed/cases_diag_tier/poly_ab_bw128_r16_joined.csv
$ /home/ubuntu/venvs/zkduel-table5/bin/python -u benchmarks/field_sweep/triton_sweep.py --workloads poly_ab --rounds 16 --bit-widths 128 --warmups 2 --repeats 10 --seed 1 --timing-mode whole-run --challenge-mode fixed --layout element --point-mode specialized --out CAMERA-READY/h100/sweep_fixed/cases_diag_tier/poly_ab_bw128_r16_triton.csv
poly_ab                  field=p128_mersenne_2^127_minus_1  rounds=16 first_ms=57.066 median_ms=4.558 checksum=4049074650790
CAMERA-READY/h100/sweep_fixed/cases_diag_tier/poly_ab_bw128_r16_triton.csv
$ build/field_sumcheck_cuda_fixed --workloads poly_ab --rounds 16 --bit-widths 128 --warmups 2 --repeats 10 --seed 1 --timing-mode whole-run --challenge-mode fixed --layout element --point-mode specialized --block 128 --out CAMERA-READY/h100/sweep_fixed/cases_diag_tier/poly_ab_bw128_r16_cuda.csv
poly_ab field=p128_mersenne_2^127_minus_1 rounds=16 first_ms=1.4817 median_ms=1.25789 checksum=4049074650790
poly_ab                  field=p128_mersenne_2^127_minus_1  rounds=16 triton_ms=4.558 cuda_ms=1.25789 checksum_match=true speedup=3.623528
CAMERA-READY/h100/sweep_fixed/cases_diag_tier/poly_ab_bw128_r16_joined.csv
ok: poly_ab_bw128_r16
CAMERA-READY/h100/sweep_fixed/diag_tier.csv
$ /home/ubuntu/venvs/zkduel-table5/bin/python -u benchmarks/field_sweep/compare_triton_cuda.py --workloads poly_ab --bit-widths 128 --rounds 18 --warmups 2 --repeats 10 --seed 1 --timing-mode whole-run --challenge-mode fixed --layout element --point-mode specialized --block 128 --python /home/ubuntu/venvs/zkduel-table5/bin/python --triton-script benchmarks/field_sweep/triton_sweep.py --cuda-binary build/field_sumcheck_cuda_fixed --skip-build --triton-out CAMERA-READY/h100/sweep_fixed/cases_diag_tier/poly_ab_bw128_r18_triton.csv --cuda-out CAMERA-READY/h100/sweep_fixed/cases_diag_tier/poly_ab_bw128_r18_cuda.csv --out CAMERA-READY/h100/sweep_fixed/cases_diag_tier/poly_ab_bw128_r18_joined.csv
$ /home/ubuntu/venvs/zkduel-table5/bin/python -u benchmarks/field_sweep/triton_sweep.py --workloads poly_ab --rounds 18 --bit-widths 128 --warmups 2 --repeats 10 --seed 1 --timing-mode whole-run --challenge-mode fixed --layout element --point-mode specialized --out CAMERA-READY/h100/sweep_fixed/cases_diag_tier/poly_ab_bw128_r18_triton.csv
poly_ab                  field=p128_mersenne_2^127_minus_1  rounds=18 first_ms=56.954 median_ms=5.821 checksum=4173046407829
CAMERA-READY/h100/sweep_fixed/cases_diag_tier/poly_ab_bw128_r18_triton.csv
$ build/field_sumcheck_cuda_fixed --workloads poly_ab --rounds 18 --bit-widths 128 --warmups 2 --repeats 10 --seed 1 --timing-mode whole-run --challenge-mode fixed --layout element --point-mode specialized --block 128 --out CAMERA-READY/h100/sweep_fixed/cases_diag_tier/poly_ab_bw128_r18_cuda.csv
poly_ab field=p128_mersenne_2^127_minus_1 rounds=18 first_ms=1.80532 median_ms=1.5839 checksum=4173046407829
poly_ab                  field=p128_mersenne_2^127_minus_1  rounds=18 triton_ms=5.821 cuda_ms=1.5839 checksum_match=true speedup=3.675106
CAMERA-READY/h100/sweep_fixed/cases_diag_tier/poly_ab_bw128_r18_joined.csv
ok: poly_ab_bw128_r18
CAMERA-READY/h100/sweep_fixed/diag_tier.csv
$ /home/ubuntu/venvs/zkduel-table5/bin/python -u benchmarks/field_sweep/compare_triton_cuda.py --workloads poly_ab --bit-widths 128 --rounds 20 --warmups 2 --repeats 10 --seed 1 --timing-mode whole-run --challenge-mode fixed --layout element --point-mode specialized --block 128 --python /home/ubuntu/venvs/zkduel-table5/bin/python --triton-script benchmarks/field_sweep/triton_sweep.py --cuda-binary build/field_sumcheck_cuda_fixed --skip-build --triton-out CAMERA-READY/h100/sweep_fixed/cases_diag_tier/poly_ab_bw128_r20_triton.csv --cuda-out CAMERA-READY/h100/sweep_fixed/cases_diag_tier/poly_ab_bw128_r20_cuda.csv --out CAMERA-READY/h100/sweep_fixed/cases_diag_tier/poly_ab_bw128_r20_joined.csv
$ /home/ubuntu/venvs/zkduel-table5/bin/python -u benchmarks/field_sweep/triton_sweep.py --workloads poly_ab --rounds 20 --bit-widths 128 --warmups 2 --repeats 10 --seed 1 --timing-mode whole-run --challenge-mode fixed --layout element --point-mode specialized --out CAMERA-READY/h100/sweep_fixed/cases_diag_tier/poly_ab_bw128_r20_triton.csv
poly_ab                  field=p128_mersenne_2^127_minus_1  rounds=20 first_ms=59.043 median_ms=7.683 checksum=5005602144972
CAMERA-READY/h100/sweep_fixed/cases_diag_tier/poly_ab_bw128_r20_triton.csv
$ build/field_sumcheck_cuda_fixed --workloads poly_ab --rounds 20 --bit-widths 128 --warmups 2 --repeats 10 --seed 1 --timing-mode whole-run --challenge-mode fixed --layout element --point-mode specialized --block 128 --out CAMERA-READY/h100/sweep_fixed/cases_diag_tier/poly_ab_bw128_r20_cuda.csv
poly_ab field=p128_mersenne_2^127_minus_1 rounds=20 first_ms=2.10297 median_ms=1.88512 checksum=5005602144972
poly_ab                  field=p128_mersenne_2^127_minus_1  rounds=20 triton_ms=7.683 cuda_ms=1.88512 checksum_match=true speedup=4.075603
CAMERA-READY/h100/sweep_fixed/cases_diag_tier/poly_ab_bw128_r20_joined.csv
ok: poly_ab_bw128_r20
CAMERA-READY/h100/sweep_fixed/diag_tier.csv
$ /home/ubuntu/venvs/zkduel-table5/bin/python -u benchmarks/field_sweep/compare_triton_cuda.py --workloads poly_ab --bit-widths 128 --rounds 22 --warmups 2 --repeats 10 --seed 1 --timing-mode whole-run --challenge-mode fixed --layout element --point-mode specialized --block 128 --python /home/ubuntu/venvs/zkduel-table5/bin/python --triton-script benchmarks/field_sweep/triton_sweep.py --cuda-binary build/field_sumcheck_cuda_fixed --skip-build --triton-out CAMERA-READY/h100/sweep_fixed/cases_diag_tier/poly_ab_bw128_r22_triton.csv --cuda-out CAMERA-READY/h100/sweep_fixed/cases_diag_tier/poly_ab_bw128_r22_cuda.csv --out CAMERA-READY/h100/sweep_fixed/cases_diag_tier/poly_ab_bw128_r22_joined.csv
$ /home/ubuntu/venvs/zkduel-table5/bin/python -u benchmarks/field_sweep/triton_sweep.py --workloads poly_ab --rounds 22 --bit-widths 128 --warmups 2 --repeats 10 --seed 1 --timing-mode whole-run --challenge-mode fixed --layout element --point-mode specialized --out CAMERA-READY/h100/sweep_fixed/cases_diag_tier/poly_ab_bw128_r22_triton.csv
poly_ab                  field=p128_mersenne_2^127_minus_1  rounds=22 first_ms=60.161 median_ms=9.305 checksum=6980247682538
CAMERA-READY/h100/sweep_fixed/cases_diag_tier/poly_ab_bw128_r22_triton.csv
$ build/field_sumcheck_cuda_fixed --workloads poly_ab --rounds 22 --bit-widths 128 --warmups 2 --repeats 10 --seed 1 --timing-mode whole-run --challenge-mode fixed --layout element --point-mode specialized --block 128 --out CAMERA-READY/h100/sweep_fixed/cases_diag_tier/poly_ab_bw128_r22_cuda.csv
poly_ab field=p128_mersenne_2^127_minus_1 rounds=22 first_ms=2.86098 median_ms=2.65564 checksum=6980247682538
poly_ab                  field=p128_mersenne_2^127_minus_1  rounds=22 triton_ms=9.305 cuda_ms=2.65564 checksum_match=true speedup=3.503863
CAMERA-READY/h100/sweep_fixed/cases_diag_tier/poly_ab_bw128_r22_joined.csv
ok: poly_ab_bw128_r22
CAMERA-READY/h100/sweep_fixed/diag_tier.csv
$ /home/ubuntu/venvs/zkduel-table5/bin/python -u benchmarks/field_sweep/compare_triton_cuda.py --workloads poly_ab --bit-widths 128 --rounds 24 --warmups 2 --repeats 10 --seed 1 --timing-mode whole-run --challenge-mode fixed --layout element --point-mode specialized --block 128 --python /home/ubuntu/venvs/zkduel-table5/bin/python --triton-script benchmarks/field_sweep/triton_sweep.py --cuda-binary build/field_sumcheck_cuda_fixed --skip-build --triton-out CAMERA-READY/h100/sweep_fixed/cases_diag_tier/poly_ab_bw128_r24_triton.csv --cuda-out CAMERA-READY/h100/sweep_fixed/cases_diag_tier/poly_ab_bw128_r24_cuda.csv --out CAMERA-READY/h100/sweep_fixed/cases_diag_tier/poly_ab_bw128_r24_joined.csv
$ /home/ubuntu/venvs/zkduel-table5/bin/python -u benchmarks/field_sweep/triton_sweep.py --workloads poly_ab --rounds 24 --bit-widths 128 --warmups 2 --repeats 10 --seed 1 --timing-mode whole-run --challenge-mode fixed --layout element --point-mode specialized --out CAMERA-READY/h100/sweep_fixed/cases_diag_tier/poly_ab_bw128_r24_triton.csv
poly_ab                  field=p128_mersenne_2^127_minus_1  rounds=24 first_ms=62.927 median_ms=13.053 checksum=9679948174702
CAMERA-READY/h100/sweep_fixed/cases_diag_tier/poly_ab_bw128_r24_triton.csv
$ build/field_sumcheck_cuda_fixed --workloads poly_ab --rounds 24 --bit-widths 128 --warmups 2 --repeats 10 --seed 1 --timing-mode whole-run --challenge-mode fixed --layout element --point-mode specialized --block 128 --out CAMERA-READY/h100/sweep_fixed/cases_diag_tier/poly_ab_bw128_r24_cuda.csv
poly_ab field=p128_mersenne_2^127_minus_1 rounds=24 first_ms=5.03946 median_ms=4.88386 checksum=9679948174702
poly_ab                  field=p128_mersenne_2^127_minus_1  rounds=24 triton_ms=13.053 cuda_ms=4.88386 checksum_match=true speedup=2.672681
CAMERA-READY/h100/sweep_fixed/cases_diag_tier/poly_ab_bw128_r24_joined.csv
ok: poly_ab_bw128_r24
CAMERA-READY/h100/sweep_fixed/diag_tier.csv
$ /home/ubuntu/venvs/zkduel-table5/bin/python -u benchmarks/field_sweep/compare_triton_cuda.py --workloads poly_ab --bit-widths 128 --rounds 26 --warmups 2 --repeats 10 --seed 1 --timing-mode whole-run --challenge-mode fixed --layout element --point-mode specialized --block 128 --python /home/ubuntu/venvs/zkduel-table5/bin/python --triton-script benchmarks/field_sweep/triton_sweep.py --cuda-binary build/field_sumcheck_cuda_fixed --skip-build --triton-out CAMERA-READY/h100/sweep_fixed/cases_diag_tier/poly_ab_bw128_r26_triton.csv --cuda-out CAMERA-READY/h100/sweep_fixed/cases_diag_tier/poly_ab_bw128_r26_cuda.csv --out CAMERA-READY/h100/sweep_fixed/cases_diag_tier/poly_ab_bw128_r26_joined.csv
$ /home/ubuntu/venvs/zkduel-table5/bin/python -u benchmarks/field_sweep/triton_sweep.py --workloads poly_ab --rounds 26 --bit-widths 128 --warmups 2 --repeats 10 --seed 1 --timing-mode whole-run --challenge-mode fixed --layout element --point-mode specialized --out CAMERA-READY/h100/sweep_fixed/cases_diag_tier/poly_ab_bw128_r26_triton.csv
poly_ab                  field=p128_mersenne_2^127_minus_1  rounds=26 first_ms=76.216 median_ms=27.846 checksum=11286961838802
CAMERA-READY/h100/sweep_fixed/cases_diag_tier/poly_ab_bw128_r26_triton.csv
$ build/field_sumcheck_cuda_fixed --workloads poly_ab --rounds 26 --bit-widths 128 --warmups 2 --repeats 10 --seed 1 --timing-mode whole-run --challenge-mode fixed --layout element --point-mode specialized --block 128 --out CAMERA-READY/h100/sweep_fixed/cases_diag_tier/poly_ab_bw128_r26_cuda.csv
poly_ab field=p128_mersenne_2^127_minus_1 rounds=26 first_ms=12.9465 median_ms=12.7503 checksum=11286961838802
poly_ab                  field=p128_mersenne_2^127_minus_1  rounds=26 triton_ms=27.846 cuda_ms=12.7503 checksum_match=true speedup=2.183949
CAMERA-READY/h100/sweep_fixed/cases_diag_tier/poly_ab_bw128_r26_joined.csv
ok: poly_ab_bw128_r26
CAMERA-READY/h100/sweep_fixed/diag_tier.csv
$ /home/ubuntu/venvs/zkduel-table5/bin/python -u benchmarks/field_sweep/compare_triton_cuda.py --workloads poly_ab --bit-widths 128 --rounds 28 --warmups 2 --repeats 10 --seed 1 --timing-mode whole-run --challenge-mode fixed --layout element --point-mode specialized --block 128 --python /home/ubuntu/venvs/zkduel-table5/bin/python --triton-script benchmarks/field_sweep/triton_sweep.py --cuda-binary build/field_sumcheck_cuda_fixed --skip-build --triton-out CAMERA-READY/h100/sweep_fixed/cases_diag_tier/poly_ab_bw128_r28_triton.csv --cuda-out CAMERA-READY/h100/sweep_fixed/cases_diag_tier/poly_ab_bw128_r28_cuda.csv --out CAMERA-READY/h100/sweep_fixed/cases_diag_tier/poly_ab_bw128_r28_joined.csv
$ /home/ubuntu/venvs/zkduel-table5/bin/python -u benchmarks/field_sweep/triton_sweep.py --workloads poly_ab --rounds 28 --bit-widths 128 --warmups 2 --repeats 10 --seed 1 --timing-mode whole-run --challenge-mode fixed --layout element --point-mode specialized --out CAMERA-READY/h100/sweep_fixed/cases_diag_tier/poly_ab_bw128_r28_triton.csv
poly_ab                  field=p128_mersenne_2^127_minus_1  rounds=28 first_ms=135.994 median_ms=84.338 checksum=15071102667647
CAMERA-READY/h100/sweep_fixed/cases_diag_tier/poly_ab_bw128_r28_triton.csv
$ build/field_sumcheck_cuda_fixed --workloads poly_ab --rounds 28 --bit-widths 128 --warmups 2 --repeats 10 --seed 1 --timing-mode whole-run --challenge-mode fixed --layout element --point-mode specialized --block 128 --out CAMERA-READY/h100/sweep_fixed/cases_diag_tier/poly_ab_bw128_r28_cuda.csv
poly_ab field=p128_mersenne_2^127_minus_1 rounds=28 first_ms=43.3826 median_ms=43.2297 checksum=15071102667647
poly_ab                  field=p128_mersenne_2^127_minus_1  rounds=28 triton_ms=84.338 cuda_ms=43.2297 checksum_match=true speedup=1.950927
CAMERA-READY/h100/sweep_fixed/cases_diag_tier/poly_ab_bw128_r28_joined.csv
ok: poly_ab_bw128_r28
CAMERA-READY/h100/sweep_fixed/diag_tier.csv
$ /home/ubuntu/venvs/zkduel-table5/bin/python -u benchmarks/field_sweep/compare_triton_cuda.py --workloads poly_ab --bit-widths 256 --rounds 14 --warmups 2 --repeats 10 --seed 1 --timing-mode whole-run --challenge-mode fixed --layout element --point-mode specialized --block 128 --python /home/ubuntu/venvs/zkduel-table5/bin/python --triton-script benchmarks/field_sweep/triton_sweep.py --cuda-binary build/field_sumcheck_cuda_fixed --skip-build --triton-out CAMERA-READY/h100/sweep_fixed/cases_diag_tier/poly_ab_bw256_r14_triton.csv --cuda-out CAMERA-READY/h100/sweep_fixed/cases_diag_tier/poly_ab_bw256_r14_cuda.csv --out CAMERA-READY/h100/sweep_fixed/cases_diag_tier/poly_ab_bw256_r14_joined.csv
$ /home/ubuntu/venvs/zkduel-table5/bin/python -u benchmarks/field_sweep/triton_sweep.py --workloads poly_ab --rounds 14 --bit-widths 256 --warmups 2 --repeats 10 --seed 1 --timing-mode whole-run --challenge-mode fixed --layout element --point-mode specialized --out CAMERA-READY/h100/sweep_fixed/cases_diag_tier/poly_ab_bw256_r14_triton.csv
poly_ab                  field=p255_bls12_381_scalar        rounds=14 first_ms=61.880 median_ms=3.794 checksum=35920410883539
CAMERA-READY/h100/sweep_fixed/cases_diag_tier/poly_ab_bw256_r14_triton.csv
$ build/field_sumcheck_cuda_fixed --workloads poly_ab --rounds 14 --bit-widths 256 --warmups 2 --repeats 10 --seed 1 --timing-mode whole-run --challenge-mode fixed --layout element --point-mode specialized --block 128 --out CAMERA-READY/h100/sweep_fixed/cases_diag_tier/poly_ab_bw256_r14_cuda.csv
poly_ab field=p255_bls12_381_scalar rounds=14 first_ms=1.36819 median_ms=1.12787 checksum=35920410883539
poly_ab                  field=p255_bls12_381_scalar        rounds=14 triton_ms=3.794 cuda_ms=1.12787 checksum_match=true speedup=3.363863
CAMERA-READY/h100/sweep_fixed/cases_diag_tier/poly_ab_bw256_r14_joined.csv
ok: poly_ab_bw256_r14
CAMERA-READY/h100/sweep_fixed/diag_tier.csv
$ /home/ubuntu/venvs/zkduel-table5/bin/python -u benchmarks/field_sweep/compare_triton_cuda.py --workloads poly_ab --bit-widths 256 --rounds 16 --warmups 2 --repeats 10 --seed 1 --timing-mode whole-run --challenge-mode fixed --layout element --point-mode specialized --block 128 --python /home/ubuntu/venvs/zkduel-table5/bin/python --triton-script benchmarks/field_sweep/triton_sweep.py --cuda-binary build/field_sumcheck_cuda_fixed --skip-build --triton-out CAMERA-READY/h100/sweep_fixed/cases_diag_tier/poly_ab_bw256_r16_triton.csv --cuda-out CAMERA-READY/h100/sweep_fixed/cases_diag_tier/poly_ab_bw256_r16_cuda.csv --out CAMERA-READY/h100/sweep_fixed/cases_diag_tier/poly_ab_bw256_r16_joined.csv
$ /home/ubuntu/venvs/zkduel-table5/bin/python -u benchmarks/field_sweep/triton_sweep.py --workloads poly_ab --rounds 16 --bit-widths 256 --warmups 2 --repeats 10 --seed 1 --timing-mode whole-run --challenge-mode fixed --layout element --point-mode specialized --out CAMERA-READY/h100/sweep_fixed/cases_diag_tier/poly_ab_bw256_r16_triton.csv
poly_ab                  field=p255_bls12_381_scalar        rounds=16 first_ms=61.101 median_ms=4.962 checksum=44029419221463
CAMERA-READY/h100/sweep_fixed/cases_diag_tier/poly_ab_bw256_r16_triton.csv
$ build/field_sumcheck_cuda_fixed --workloads poly_ab --rounds 16 --bit-widths 256 --warmups 2 --repeats 10 --seed 1 --timing-mode whole-run --challenge-mode fixed --layout element --point-mode specialized --block 128 --out CAMERA-READY/h100/sweep_fixed/cases_diag_tier/poly_ab_bw256_r16_cuda.csv
poly_ab field=p255_bls12_381_scalar rounds=16 first_ms=1.66057 median_ms=1.39204 checksum=44029419221463
poly_ab                  field=p255_bls12_381_scalar        rounds=16 triton_ms=4.962 cuda_ms=1.39204 checksum_match=true speedup=3.564553
CAMERA-READY/h100/sweep_fixed/cases_diag_tier/poly_ab_bw256_r16_joined.csv
ok: poly_ab_bw256_r16
CAMERA-READY/h100/sweep_fixed/diag_tier.csv
$ /home/ubuntu/venvs/zkduel-table5/bin/python -u benchmarks/field_sweep/compare_triton_cuda.py --workloads poly_ab --bit-widths 256 --rounds 18 --warmups 2 --repeats 10 --seed 1 --timing-mode whole-run --challenge-mode fixed --layout element --point-mode specialized --block 128 --python /home/ubuntu/venvs/zkduel-table5/bin/python --triton-script benchmarks/field_sweep/triton_sweep.py --cuda-binary build/field_sumcheck_cuda_fixed --skip-build --triton-out CAMERA-READY/h100/sweep_fixed/cases_diag_tier/poly_ab_bw256_r18_triton.csv --cuda-out CAMERA-READY/h100/sweep_fixed/cases_diag_tier/poly_ab_bw256_r18_cuda.csv --out CAMERA-READY/h100/sweep_fixed/cases_diag_tier/poly_ab_bw256_r18_joined.csv
$ /home/ubuntu/venvs/zkduel-table5/bin/python -u benchmarks/field_sweep/triton_sweep.py --workloads poly_ab --rounds 18 --bit-widths 256 --warmups 2 --repeats 10 --seed 1 --timing-mode whole-run --challenge-mode fixed --layout element --point-mode specialized --out CAMERA-READY/h100/sweep_fixed/cases_diag_tier/poly_ab_bw256_r18_triton.csv
poly_ab                  field=p255_bls12_381_scalar        rounds=18 first_ms=62.969 median_ms=6.311 checksum=46920386098300
CAMERA-READY/h100/sweep_fixed/cases_diag_tier/poly_ab_bw256_r18_triton.csv
$ build/field_sumcheck_cuda_fixed --workloads poly_ab --rounds 18 --bit-widths 256 --warmups 2 --repeats 10 --seed 1 --timing-mode whole-run --challenge-mode fixed --layout element --point-mode specialized --block 128 --out CAMERA-READY/h100/sweep_fixed/cases_diag_tier/poly_ab_bw256_r18_cuda.csv
poly_ab field=p255_bls12_381_scalar rounds=18 first_ms=1.96009 median_ms=1.71599 checksum=46920386098300
poly_ab                  field=p255_bls12_381_scalar        rounds=18 triton_ms=6.311 cuda_ms=1.71599 checksum_match=true speedup=3.677760
CAMERA-READY/h100/sweep_fixed/cases_diag_tier/poly_ab_bw256_r18_joined.csv
ok: poly_ab_bw256_r18
CAMERA-READY/h100/sweep_fixed/diag_tier.csv
$ /home/ubuntu/venvs/zkduel-table5/bin/python -u benchmarks/field_sweep/compare_triton_cuda.py --workloads poly_ab --bit-widths 256 --rounds 20 --warmups 2 --repeats 10 --seed 1 --timing-mode whole-run --challenge-mode fixed --layout element --point-mode specialized --block 128 --python /home/ubuntu/venvs/zkduel-table5/bin/python --triton-script benchmarks/field_sweep/triton_sweep.py --cuda-binary build/field_sumcheck_cuda_fixed --skip-build --triton-out CAMERA-READY/h100/sweep_fixed/cases_diag_tier/poly_ab_bw256_r20_triton.csv --cuda-out CAMERA-READY/h100/sweep_fixed/cases_diag_tier/poly_ab_bw256_r20_cuda.csv --out CAMERA-READY/h100/sweep_fixed/cases_diag_tier/poly_ab_bw256_r20_joined.csv
$ /home/ubuntu/venvs/zkduel-table5/bin/python -u benchmarks/field_sweep/triton_sweep.py --workloads poly_ab --rounds 20 --bit-widths 256 --warmups 2 --repeats 10 --seed 1 --timing-mode whole-run --challenge-mode fixed --layout element --point-mode specialized --out CAMERA-READY/h100/sweep_fixed/cases_diag_tier/poly_ab_bw256_r20_triton.csv
poly_ab                  field=p255_bls12_381_scalar        rounds=20 first_ms=65.087 median_ms=7.689 checksum=52403202760155
CAMERA-READY/h100/sweep_fixed/cases_diag_tier/poly_ab_bw256_r20_triton.csv
$ build/field_sumcheck_cuda_fixed --workloads poly_ab --rounds 20 --bit-widths 256 --warmups 2 --repeats 10 --seed 1 --timing-mode whole-run --challenge-mode fixed --layout element --point-mode specialized --block 128 --out CAMERA-READY/h100/sweep_fixed/cases_diag_tier/poly_ab_bw256_r20_cuda.csv
poly_ab field=p255_bls12_381_scalar rounds=20 first_ms=2.62185 median_ms=2.42523 checksum=52403202760155
poly_ab                  field=p255_bls12_381_scalar        rounds=20 triton_ms=7.689 cuda_ms=2.42523 checksum_match=true speedup=3.170421
CAMERA-READY/h100/sweep_fixed/cases_diag_tier/poly_ab_bw256_r20_joined.csv
ok: poly_ab_bw256_r20
CAMERA-READY/h100/sweep_fixed/diag_tier.csv
$ /home/ubuntu/venvs/zkduel-table5/bin/python -u benchmarks/field_sweep/compare_triton_cuda.py --workloads poly_ab --bit-widths 256 --rounds 22 --warmups 2 --repeats 10 --seed 1 --timing-mode whole-run --challenge-mode fixed --layout element --point-mode specialized --block 128 --python /home/ubuntu/venvs/zkduel-table5/bin/python --triton-script benchmarks/field_sweep/triton_sweep.py --cuda-binary build/field_sumcheck_cuda_fixed --skip-build --triton-out CAMERA-READY/h100/sweep_fixed/cases_diag_tier/poly_ab_bw256_r22_triton.csv --cuda-out CAMERA-READY/h100/sweep_fixed/cases_diag_tier/poly_ab_bw256_r22_cuda.csv --out CAMERA-READY/h100/sweep_fixed/cases_diag_tier/poly_ab_bw256_r22_joined.csv
$ /home/ubuntu/venvs/zkduel-table5/bin/python -u benchmarks/field_sweep/triton_sweep.py --workloads poly_ab --rounds 22 --bit-widths 256 --warmups 2 --repeats 10 --seed 1 --timing-mode whole-run --challenge-mode fixed --layout element --point-mode specialized --out CAMERA-READY/h100/sweep_fixed/cases_diag_tier/poly_ab_bw256_r22_triton.csv
poly_ab                  field=p255_bls12_381_scalar        rounds=22 first_ms=66.292 median_ms=9.877 checksum=60498654243950
CAMERA-READY/h100/sweep_fixed/cases_diag_tier/poly_ab_bw256_r22_triton.csv
$ build/field_sumcheck_cuda_fixed --workloads poly_ab --rounds 22 --bit-widths 256 --warmups 2 --repeats 10 --seed 1 --timing-mode whole-run --challenge-mode fixed --layout element --point-mode specialized --block 128 --out CAMERA-READY/h100/sweep_fixed/cases_diag_tier/poly_ab_bw256_r22_cuda.csv
poly_ab field=p255_bls12_381_scalar rounds=22 first_ms=4.13619 median_ms=3.90875 checksum=60498654243950
poly_ab                  field=p255_bls12_381_scalar        rounds=22 triton_ms=9.877 cuda_ms=3.90875 checksum_match=true speedup=2.526895
CAMERA-READY/h100/sweep_fixed/cases_diag_tier/poly_ab_bw256_r22_joined.csv
ok: poly_ab_bw256_r22
CAMERA-READY/h100/sweep_fixed/diag_tier.csv
$ /home/ubuntu/venvs/zkduel-table5/bin/python -u benchmarks/field_sweep/compare_triton_cuda.py --workloads poly_ab --bit-widths 256 --rounds 24 --warmups 2 --repeats 10 --seed 1 --timing-mode whole-run --challenge-mode fixed --layout element --point-mode specialized --block 128 --python /home/ubuntu/venvs/zkduel-table5/bin/python --triton-script benchmarks/field_sweep/triton_sweep.py --cuda-binary build/field_sumcheck_cuda_fixed --skip-build --triton-out CAMERA-READY/h100/sweep_fixed/cases_diag_tier/poly_ab_bw256_r24_triton.csv --cuda-out CAMERA-READY/h100/sweep_fixed/cases_diag_tier/poly_ab_bw256_r24_cuda.csv --out CAMERA-READY/h100/sweep_fixed/cases_diag_tier/poly_ab_bw256_r24_joined.csv
$ /home/ubuntu/venvs/zkduel-table5/bin/python -u benchmarks/field_sweep/triton_sweep.py --workloads poly_ab --rounds 24 --bit-widths 256 --warmups 2 --repeats 10 --seed 1 --timing-mode whole-run --challenge-mode fixed --layout element --point-mode specialized --out CAMERA-READY/h100/sweep_fixed/cases_diag_tier/poly_ab_bw256_r24_triton.csv
poly_ab                  field=p255_bls12_381_scalar        rounds=24 first_ms=73.080 median_ms=16.904 checksum=62247910145291
CAMERA-READY/h100/sweep_fixed/cases_diag_tier/poly_ab_bw256_r24_triton.csv
$ build/field_sumcheck_cuda_fixed --workloads poly_ab --rounds 24 --bit-widths 256 --warmups 2 --repeats 10 --seed 1 --timing-mode whole-run --challenge-mode fixed --layout element --point-mode specialized --block 128 --out CAMERA-READY/h100/sweep_fixed/cases_diag_tier/poly_ab_bw256_r24_cuda.csv
poly_ab field=p255_bls12_381_scalar rounds=24 first_ms=9.03043 median_ms=8.82727 checksum=62247910145291
poly_ab                  field=p255_bls12_381_scalar        rounds=24 triton_ms=16.904 cuda_ms=8.82727 checksum_match=true speedup=1.914975
CAMERA-READY/h100/sweep_fixed/cases_diag_tier/poly_ab_bw256_r24_joined.csv
ok: poly_ab_bw256_r24
CAMERA-READY/h100/sweep_fixed/diag_tier.csv
$ /home/ubuntu/venvs/zkduel-table5/bin/python -u benchmarks/field_sweep/compare_triton_cuda.py --workloads poly_ab --bit-widths 256 --rounds 26 --warmups 2 --repeats 10 --seed 1 --timing-mode whole-run --challenge-mode fixed --layout element --point-mode specialized --block 128 --python /home/ubuntu/venvs/zkduel-table5/bin/python --triton-script benchmarks/field_sweep/triton_sweep.py --cuda-binary build/field_sumcheck_cuda_fixed --skip-build --triton-out CAMERA-READY/h100/sweep_fixed/cases_diag_tier/poly_ab_bw256_r26_triton.csv --cuda-out CAMERA-READY/h100/sweep_fixed/cases_diag_tier/poly_ab_bw256_r26_cuda.csv --out CAMERA-READY/h100/sweep_fixed/cases_diag_tier/poly_ab_bw256_r26_joined.csv
$ /home/ubuntu/venvs/zkduel-table5/bin/python -u benchmarks/field_sweep/triton_sweep.py --workloads poly_ab --rounds 26 --bit-widths 256 --warmups 2 --repeats 10 --seed 1 --timing-mode whole-run --challenge-mode fixed --layout element --point-mode specialized --out CAMERA-READY/h100/sweep_fixed/cases_diag_tier/poly_ab_bw256_r26_triton.csv
poly_ab                  field=p255_bls12_381_scalar        rounds=26 first_ms=93.569 median_ms=43.758 checksum=68715809920550
CAMERA-READY/h100/sweep_fixed/cases_diag_tier/poly_ab_bw256_r26_triton.csv
$ build/field_sumcheck_cuda_fixed --workloads poly_ab --rounds 26 --bit-widths 256 --warmups 2 --repeats 10 --seed 1 --timing-mode whole-run --challenge-mode fixed --layout element --point-mode specialized --block 128 --out CAMERA-READY/h100/sweep_fixed/cases_diag_tier/poly_ab_bw256_r26_cuda.csv
poly_ab field=p255_bls12_381_scalar rounds=26 first_ms=27.2506 median_ms=27.8325 checksum=68715809920550
poly_ab                  field=p255_bls12_381_scalar        rounds=26 triton_ms=43.758 cuda_ms=27.8325 checksum_match=true speedup=1.572191
CAMERA-READY/h100/sweep_fixed/cases_diag_tier/poly_ab_bw256_r26_joined.csv
ok: poly_ab_bw256_r26
CAMERA-READY/h100/sweep_fixed/diag_tier.csv
$ /home/ubuntu/venvs/zkduel-table5/bin/python -u benchmarks/field_sweep/compare_triton_cuda.py --workloads poly_ab --bit-widths 256 --rounds 28 --warmups 2 --repeats 10 --seed 1 --timing-mode whole-run --challenge-mode fixed --layout element --point-mode specialized --block 128 --python /home/ubuntu/venvs/zkduel-table5/bin/python --triton-script benchmarks/field_sweep/triton_sweep.py --cuda-binary build/field_sumcheck_cuda_fixed --skip-build --triton-out CAMERA-READY/h100/sweep_fixed/cases_diag_tier/poly_ab_bw256_r28_triton.csv --cuda-out CAMERA-READY/h100/sweep_fixed/cases_diag_tier/poly_ab_bw256_r28_cuda.csv --out CAMERA-READY/h100/sweep_fixed/cases_diag_tier/poly_ab_bw256_r28_joined.csv
$ /home/ubuntu/venvs/zkduel-table5/bin/python -u benchmarks/field_sweep/triton_sweep.py --workloads poly_ab --rounds 28 --bit-widths 256 --warmups 2 --repeats 10 --seed 1 --timing-mode whole-run --challenge-mode fixed --layout element --point-mode specialized --out CAMERA-READY/h100/sweep_fixed/cases_diag_tier/poly_ab_bw256_r28_triton.csv
poly_ab                  field=p255_bls12_381_scalar        rounds=28 first_ms=198.320 median_ms=157.896 checksum=74979165578551
CAMERA-READY/h100/sweep_fixed/cases_diag_tier/poly_ab_bw256_r28_triton.csv
$ build/field_sumcheck_cuda_fixed --workloads poly_ab --rounds 28 --bit-widths 256 --warmups 2 --repeats 10 --seed 1 --timing-mode whole-run --challenge-mode fixed --layout element --point-mode specialized --block 128 --out CAMERA-READY/h100/sweep_fixed/cases_diag_tier/poly_ab_bw256_r28_cuda.csv
poly_ab field=p255_bls12_381_scalar rounds=28 first_ms=102.396 median_ms=109.415 checksum=74979165578551
poly_ab                  field=p255_bls12_381_scalar        rounds=28 triton_ms=157.896 cuda_ms=109.415 checksum_match=true speedup=1.443093
CAMERA-READY/h100/sweep_fixed/cases_diag_tier/poly_ab_bw256_r28_joined.csv
ok: poly_ab_bw256_r28
CAMERA-READY/h100/sweep_fixed/diag_tier.csv
$ /home/ubuntu/venvs/zkduel-table5/bin/python -u benchmarks/field_sweep/compare_triton_cuda.py --workloads poly_ab_plus_c --bit-widths 32 --rounds 14 --warmups 2 --repeats 10 --seed 1 --timing-mode whole-run --challenge-mode fixed --layout element --point-mode specialized --block 128 --python /home/ubuntu/venvs/zkduel-table5/bin/python --triton-script benchmarks/field_sweep/triton_sweep.py --cuda-binary build/field_sumcheck_cuda_fixed --skip-build --triton-out CAMERA-READY/h100/sweep_fixed/cases_diag_tier/poly_ab_plus_c_bw32_r14_triton.csv --cuda-out CAMERA-READY/h100/sweep_fixed/cases_diag_tier/poly_ab_plus_c_bw32_r14_cuda.csv --out CAMERA-READY/h100/sweep_fixed/cases_diag_tier/poly_ab_plus_c_bw32_r14_joined.csv
$ /home/ubuntu/venvs/zkduel-table5/bin/python -u benchmarks/field_sweep/triton_sweep.py --workloads poly_ab_plus_c --rounds 14 --bit-widths 32 --warmups 2 --repeats 10 --seed 1 --timing-mode whole-run --challenge-mode fixed --layout element --point-mode specialized --out CAMERA-READY/h100/sweep_fixed/cases_diag_tier/poly_ab_plus_c_bw32_r14_triton.csv
poly_ab_plus_c           field=p32_2^32_minus_5             rounds=14 first_ms=52.742 median_ms=3.398 checksum=1057897657076
CAMERA-READY/h100/sweep_fixed/cases_diag_tier/poly_ab_plus_c_bw32_r14_triton.csv
$ build/field_sumcheck_cuda_fixed --workloads poly_ab_plus_c --rounds 14 --bit-widths 32 --warmups 2 --repeats 10 --seed 1 --timing-mode whole-run --challenge-mode fixed --layout element --point-mode specialized --block 128 --out CAMERA-READY/h100/sweep_fixed/cases_diag_tier/poly_ab_plus_c_bw32_r14_cuda.csv
poly_ab_plus_c field=p32_2^32_minus_5 rounds=14 first_ms=1.11621 median_ms=0.936179 checksum=1057897657076
poly_ab_plus_c           field=p32_2^32_minus_5             rounds=14 triton_ms=3.398 cuda_ms=0.936179 checksum_match=true speedup=3.629648
CAMERA-READY/h100/sweep_fixed/cases_diag_tier/poly_ab_plus_c_bw32_r14_joined.csv
ok: poly_ab_plus_c_bw32_r14
CAMERA-READY/h100/sweep_fixed/diag_tier.csv
$ /home/ubuntu/venvs/zkduel-table5/bin/python -u benchmarks/field_sweep/compare_triton_cuda.py --workloads poly_ab_plus_c --bit-widths 32 --rounds 16 --warmups 2 --repeats 10 --seed 1 --timing-mode whole-run --challenge-mode fixed --layout element --point-mode specialized --block 128 --python /home/ubuntu/venvs/zkduel-table5/bin/python --triton-script benchmarks/field_sweep/triton_sweep.py --cuda-binary build/field_sumcheck_cuda_fixed --skip-build --triton-out CAMERA-READY/h100/sweep_fixed/cases_diag_tier/poly_ab_plus_c_bw32_r16_triton.csv --cuda-out CAMERA-READY/h100/sweep_fixed/cases_diag_tier/poly_ab_plus_c_bw32_r16_cuda.csv --out CAMERA-READY/h100/sweep_fixed/cases_diag_tier/poly_ab_plus_c_bw32_r16_joined.csv
$ /home/ubuntu/venvs/zkduel-table5/bin/python -u benchmarks/field_sweep/triton_sweep.py --workloads poly_ab_plus_c --rounds 16 --bit-widths 32 --warmups 2 --repeats 10 --seed 1 --timing-mode whole-run --challenge-mode fixed --layout element --point-mode specialized --out CAMERA-READY/h100/sweep_fixed/cases_diag_tier/poly_ab_plus_c_bw32_r16_triton.csv
poly_ab_plus_c           field=p32_2^32_minus_5             rounds=16 first_ms=53.660 median_ms=4.589 checksum=1346180656418
CAMERA-READY/h100/sweep_fixed/cases_diag_tier/poly_ab_plus_c_bw32_r16_triton.csv
$ build/field_sumcheck_cuda_fixed --workloads poly_ab_plus_c --rounds 16 --bit-widths 32 --warmups 2 --repeats 10 --seed 1 --timing-mode whole-run --challenge-mode fixed --layout element --point-mode specialized --block 128 --out CAMERA-READY/h100/sweep_fixed/cases_diag_tier/poly_ab_plus_c_bw32_r16_cuda.csv
poly_ab_plus_c field=p32_2^32_minus_5 rounds=16 first_ms=1.34907 median_ms=1.14799 checksum=1346180656418
poly_ab_plus_c           field=p32_2^32_minus_5             rounds=16 triton_ms=4.589 cuda_ms=1.14799 checksum_match=true speedup=3.997422
CAMERA-READY/h100/sweep_fixed/cases_diag_tier/poly_ab_plus_c_bw32_r16_joined.csv
ok: poly_ab_plus_c_bw32_r16
CAMERA-READY/h100/sweep_fixed/diag_tier.csv
$ /home/ubuntu/venvs/zkduel-table5/bin/python -u benchmarks/field_sweep/compare_triton_cuda.py --workloads poly_ab_plus_c --bit-widths 32 --rounds 18 --warmups 2 --repeats 10 --seed 1 --timing-mode whole-run --challenge-mode fixed --layout element --point-mode specialized --block 128 --python /home/ubuntu/venvs/zkduel-table5/bin/python --triton-script benchmarks/field_sweep/triton_sweep.py --cuda-binary build/field_sumcheck_cuda_fixed --skip-build --triton-out CAMERA-READY/h100/sweep_fixed/cases_diag_tier/poly_ab_plus_c_bw32_r18_triton.csv --cuda-out CAMERA-READY/h100/sweep_fixed/cases_diag_tier/poly_ab_plus_c_bw32_r18_cuda.csv --out CAMERA-READY/h100/sweep_fixed/cases_diag_tier/poly_ab_plus_c_bw32_r18_joined.csv
$ /home/ubuntu/venvs/zkduel-table5/bin/python -u benchmarks/field_sweep/triton_sweep.py --workloads poly_ab_plus_c --rounds 18 --bit-widths 32 --warmups 2 --repeats 10 --seed 1 --timing-mode whole-run --challenge-mode fixed --layout element --point-mode specialized --out CAMERA-READY/h100/sweep_fixed/cases_diag_tier/poly_ab_plus_c_bw32_r18_triton.csv
poly_ab_plus_c           field=p32_2^32_minus_5             rounds=18 first_ms=55.098 median_ms=6.079 checksum=1478324547453
CAMERA-READY/h100/sweep_fixed/cases_diag_tier/poly_ab_plus_c_bw32_r18_triton.csv
$ build/field_sumcheck_cuda_fixed --workloads poly_ab_plus_c --rounds 18 --bit-widths 32 --warmups 2 --repeats 10 --seed 1 --timing-mode whole-run --challenge-mode fixed --layout element --point-mode specialized --block 128 --out CAMERA-READY/h100/sweep_fixed/cases_diag_tier/poly_ab_plus_c_bw32_r18_cuda.csv
poly_ab_plus_c field=p32_2^32_minus_5 rounds=18 first_ms=1.63774 median_ms=1.38266 checksum=1478324547453
poly_ab_plus_c           field=p32_2^32_minus_5             rounds=18 triton_ms=6.079 cuda_ms=1.38266 checksum_match=true speedup=4.396598
CAMERA-READY/h100/sweep_fixed/cases_diag_tier/poly_ab_plus_c_bw32_r18_joined.csv
ok: poly_ab_plus_c_bw32_r18
CAMERA-READY/h100/sweep_fixed/diag_tier.csv
$ /home/ubuntu/venvs/zkduel-table5/bin/python -u benchmarks/field_sweep/compare_triton_cuda.py --workloads poly_ab_plus_c --bit-widths 32 --rounds 20 --warmups 2 --repeats 10 --seed 1 --timing-mode whole-run --challenge-mode fixed --layout element --point-mode specialized --block 128 --python /home/ubuntu/venvs/zkduel-table5/bin/python --triton-script benchmarks/field_sweep/triton_sweep.py --cuda-binary build/field_sumcheck_cuda_fixed --skip-build --triton-out CAMERA-READY/h100/sweep_fixed/cases_diag_tier/poly_ab_plus_c_bw32_r20_triton.csv --cuda-out CAMERA-READY/h100/sweep_fixed/cases_diag_tier/poly_ab_plus_c_bw32_r20_cuda.csv --out CAMERA-READY/h100/sweep_fixed/cases_diag_tier/poly_ab_plus_c_bw32_r20_joined.csv
$ /home/ubuntu/venvs/zkduel-table5/bin/python -u benchmarks/field_sweep/triton_sweep.py --workloads poly_ab_plus_c --rounds 20 --bit-widths 32 --warmups 2 --repeats 10 --seed 1 --timing-mode whole-run --challenge-mode fixed --layout element --point-mode specialized --out CAMERA-READY/h100/sweep_fixed/cases_diag_tier/poly_ab_plus_c_bw32_r20_triton.csv
poly_ab_plus_c           field=p32_2^32_minus_5             rounds=20 first_ms=56.647 median_ms=7.437 checksum=1675142977768
CAMERA-READY/h100/sweep_fixed/cases_diag_tier/poly_ab_plus_c_bw32_r20_triton.csv
$ build/field_sumcheck_cuda_fixed --workloads poly_ab_plus_c --rounds 20 --bit-widths 32 --warmups 2 --repeats 10 --seed 1 --timing-mode whole-run --challenge-mode fixed --layout element --point-mode specialized --block 128 --out CAMERA-READY/h100/sweep_fixed/cases_diag_tier/poly_ab_plus_c_bw32_r20_cuda.csv
poly_ab_plus_c field=p32_2^32_minus_5 rounds=20 first_ms=1.98067 median_ms=1.72715 checksum=1675142977768
poly_ab_plus_c           field=p32_2^32_minus_5             rounds=20 triton_ms=7.437 cuda_ms=1.72715 checksum_match=true speedup=4.305938
CAMERA-READY/h100/sweep_fixed/cases_diag_tier/poly_ab_plus_c_bw32_r20_joined.csv
ok: poly_ab_plus_c_bw32_r20
CAMERA-READY/h100/sweep_fixed/diag_tier.csv
$ /home/ubuntu/venvs/zkduel-table5/bin/python -u benchmarks/field_sweep/compare_triton_cuda.py --workloads poly_ab_plus_c --bit-widths 32 --rounds 22 --warmups 2 --repeats 10 --seed 1 --timing-mode whole-run --challenge-mode fixed --layout element --point-mode specialized --block 128 --python /home/ubuntu/venvs/zkduel-table5/bin/python --triton-script benchmarks/field_sweep/triton_sweep.py --cuda-binary build/field_sumcheck_cuda_fixed --skip-build --triton-out CAMERA-READY/h100/sweep_fixed/cases_diag_tier/poly_ab_plus_c_bw32_r22_triton.csv --cuda-out CAMERA-READY/h100/sweep_fixed/cases_diag_tier/poly_ab_plus_c_bw32_r22_cuda.csv --out CAMERA-READY/h100/sweep_fixed/cases_diag_tier/poly_ab_plus_c_bw32_r22_joined.csv
$ /home/ubuntu/venvs/zkduel-table5/bin/python -u benchmarks/field_sweep/triton_sweep.py --workloads poly_ab_plus_c --rounds 22 --bit-widths 32 --warmups 2 --repeats 10 --seed 1 --timing-mode whole-run --challenge-mode fixed --layout element --point-mode specialized --out CAMERA-READY/h100/sweep_fixed/cases_diag_tier/poly_ab_plus_c_bw32_r22_triton.csv
poly_ab_plus_c           field=p32_2^32_minus_5             rounds=22 first_ms=58.784 median_ms=9.359 checksum=1909510728034
CAMERA-READY/h100/sweep_fixed/cases_diag_tier/poly_ab_plus_c_bw32_r22_triton.csv
$ build/field_sumcheck_cuda_fixed --workloads poly_ab_plus_c --rounds 22 --bit-widths 32 --warmups 2 --repeats 10 --seed 1 --timing-mode whole-run --challenge-mode fixed --layout element --point-mode specialized --block 128 --out CAMERA-READY/h100/sweep_fixed/cases_diag_tier/poly_ab_plus_c_bw32_r22_cuda.csv
poly_ab_plus_c field=p32_2^32_minus_5 rounds=22 first_ms=2.40633 median_ms=2.16458 checksum=1909510728034
poly_ab_plus_c           field=p32_2^32_minus_5             rounds=22 triton_ms=9.359 cuda_ms=2.16458 checksum_match=true speedup=4.323703
CAMERA-READY/h100/sweep_fixed/cases_diag_tier/poly_ab_plus_c_bw32_r22_joined.csv
ok: poly_ab_plus_c_bw32_r22
CAMERA-READY/h100/sweep_fixed/diag_tier.csv
$ /home/ubuntu/venvs/zkduel-table5/bin/python -u benchmarks/field_sweep/compare_triton_cuda.py --workloads poly_ab_plus_c --bit-widths 32 --rounds 24 --warmups 2 --repeats 10 --seed 1 --timing-mode whole-run --challenge-mode fixed --layout element --point-mode specialized --block 128 --python /home/ubuntu/venvs/zkduel-table5/bin/python --triton-script benchmarks/field_sweep/triton_sweep.py --cuda-binary build/field_sumcheck_cuda_fixed --skip-build --triton-out CAMERA-READY/h100/sweep_fixed/cases_diag_tier/poly_ab_plus_c_bw32_r24_triton.csv --cuda-out CAMERA-READY/h100/sweep_fixed/cases_diag_tier/poly_ab_plus_c_bw32_r24_cuda.csv --out CAMERA-READY/h100/sweep_fixed/cases_diag_tier/poly_ab_plus_c_bw32_r24_joined.csv
$ /home/ubuntu/venvs/zkduel-table5/bin/python -u benchmarks/field_sweep/triton_sweep.py --workloads poly_ab_plus_c --rounds 24 --bit-widths 32 --warmups 2 --repeats 10 --seed 1 --timing-mode whole-run --challenge-mode fixed --layout element --point-mode specialized --out CAMERA-READY/h100/sweep_fixed/cases_diag_tier/poly_ab_plus_c_bw32_r24_triton.csv
poly_ab_plus_c           field=p32_2^32_minus_5             rounds=24 first_ms=61.043 median_ms=12.220 checksum=1967398975867
CAMERA-READY/h100/sweep_fixed/cases_diag_tier/poly_ab_plus_c_bw32_r24_triton.csv
$ build/field_sumcheck_cuda_fixed --workloads poly_ab_plus_c --rounds 24 --bit-widths 32 --warmups 2 --repeats 10 --seed 1 --timing-mode whole-run --challenge-mode fixed --layout element --point-mode specialized --block 128 --out CAMERA-READY/h100/sweep_fixed/cases_diag_tier/poly_ab_plus_c_bw32_r24_cuda.csv
poly_ab_plus_c field=p32_2^32_minus_5 rounds=24 first_ms=3.53789 median_ms=3.28953 checksum=1967398975867
poly_ab_plus_c           field=p32_2^32_minus_5             rounds=24 triton_ms=12.220 cuda_ms=3.28953 checksum_match=true speedup=3.714816
CAMERA-READY/h100/sweep_fixed/cases_diag_tier/poly_ab_plus_c_bw32_r24_joined.csv
ok: poly_ab_plus_c_bw32_r24
CAMERA-READY/h100/sweep_fixed/diag_tier.csv
$ /home/ubuntu/venvs/zkduel-table5/bin/python -u benchmarks/field_sweep/compare_triton_cuda.py --workloads poly_ab_plus_c --bit-widths 32 --rounds 26 --warmups 2 --repeats 10 --seed 1 --timing-mode whole-run --challenge-mode fixed --layout element --point-mode specialized --block 128 --python /home/ubuntu/venvs/zkduel-table5/bin/python --triton-script benchmarks/field_sweep/triton_sweep.py --cuda-binary build/field_sumcheck_cuda_fixed --skip-build --triton-out CAMERA-READY/h100/sweep_fixed/cases_diag_tier/poly_ab_plus_c_bw32_r26_triton.csv --cuda-out CAMERA-READY/h100/sweep_fixed/cases_diag_tier/poly_ab_plus_c_bw32_r26_cuda.csv --out CAMERA-READY/h100/sweep_fixed/cases_diag_tier/poly_ab_plus_c_bw32_r26_joined.csv
$ /home/ubuntu/venvs/zkduel-table5/bin/python -u benchmarks/field_sweep/triton_sweep.py --workloads poly_ab_plus_c --rounds 26 --bit-widths 32 --warmups 2 --repeats 10 --seed 1 --timing-mode whole-run --challenge-mode fixed --layout element --point-mode specialized --out CAMERA-READY/h100/sweep_fixed/cases_diag_tier/poly_ab_plus_c_bw32_r26_triton.csv
poly_ab_plus_c           field=p32_2^32_minus_5             rounds=26 first_ms=70.461 median_ms=23.806 checksum=2374012495010
CAMERA-READY/h100/sweep_fixed/cases_diag_tier/poly_ab_plus_c_bw32_r26_triton.csv
$ build/field_sumcheck_cuda_fixed --workloads poly_ab_plus_c --rounds 26 --bit-widths 32 --warmups 2 --repeats 10 --seed 1 --timing-mode whole-run --challenge-mode fixed --layout element --point-mode specialized --block 128 --out CAMERA-READY/h100/sweep_fixed/cases_diag_tier/poly_ab_plus_c_bw32_r26_cuda.csv
poly_ab_plus_c field=p32_2^32_minus_5 rounds=26 first_ms=6.63004 median_ms=6.43215 checksum=2374012495010
poly_ab_plus_c           field=p32_2^32_minus_5             rounds=26 triton_ms=23.806 cuda_ms=6.43215 checksum_match=true speedup=3.701095
CAMERA-READY/h100/sweep_fixed/cases_diag_tier/poly_ab_plus_c_bw32_r26_joined.csv
ok: poly_ab_plus_c_bw32_r26
CAMERA-READY/h100/sweep_fixed/diag_tier.csv
$ /home/ubuntu/venvs/zkduel-table5/bin/python -u benchmarks/field_sweep/compare_triton_cuda.py --workloads poly_ab_plus_c --bit-widths 32 --rounds 28 --warmups 2 --repeats 10 --seed 1 --timing-mode whole-run --challenge-mode fixed --layout element --point-mode specialized --block 128 --python /home/ubuntu/venvs/zkduel-table5/bin/python --triton-script benchmarks/field_sweep/triton_sweep.py --cuda-binary build/field_sumcheck_cuda_fixed --skip-build --triton-out CAMERA-READY/h100/sweep_fixed/cases_diag_tier/poly_ab_plus_c_bw32_r28_triton.csv --cuda-out CAMERA-READY/h100/sweep_fixed/cases_diag_tier/poly_ab_plus_c_bw32_r28_cuda.csv --out CAMERA-READY/h100/sweep_fixed/cases_diag_tier/poly_ab_plus_c_bw32_r28_joined.csv
$ /home/ubuntu/venvs/zkduel-table5/bin/python -u benchmarks/field_sweep/triton_sweep.py --workloads poly_ab_plus_c --rounds 28 --bit-widths 32 --warmups 2 --repeats 10 --seed 1 --timing-mode whole-run --challenge-mode fixed --layout element --point-mode specialized --out CAMERA-READY/h100/sweep_fixed/cases_diag_tier/poly_ab_plus_c_bw32_r28_triton.csv
poly_ab_plus_c           field=p32_2^32_minus_5             rounds=28 first_ms=114.058 median_ms=67.786 checksum=2605048190862
CAMERA-READY/h100/sweep_fixed/cases_diag_tier/poly_ab_plus_c_bw32_r28_triton.csv
$ build/field_sumcheck_cuda_fixed --workloads poly_ab_plus_c --rounds 28 --bit-widths 32 --warmups 2 --repeats 10 --seed 1 --timing-mode whole-run --challenge-mode fixed --layout element --point-mode specialized --block 128 --out CAMERA-READY/h100/sweep_fixed/cases_diag_tier/poly_ab_plus_c_bw32_r28_cuda.csv
poly_ab_plus_c field=p32_2^32_minus_5 rounds=28 first_ms=18.5171 median_ms=18.308 checksum=2605048190862
poly_ab_plus_c           field=p32_2^32_minus_5             rounds=28 triton_ms=67.786 cuda_ms=18.308 checksum_match=true speedup=3.702534
CAMERA-READY/h100/sweep_fixed/cases_diag_tier/poly_ab_plus_c_bw32_r28_joined.csv
ok: poly_ab_plus_c_bw32_r28
CAMERA-READY/h100/sweep_fixed/diag_tier.csv
$ /home/ubuntu/venvs/zkduel-table5/bin/python -u benchmarks/field_sweep/compare_triton_cuda.py --workloads poly_ab_plus_c --bit-widths 64 --rounds 14 --warmups 2 --repeats 10 --seed 1 --timing-mode whole-run --challenge-mode fixed --layout element --point-mode specialized --block 128 --python /home/ubuntu/venvs/zkduel-table5/bin/python --triton-script benchmarks/field_sweep/triton_sweep.py --cuda-binary build/field_sumcheck_cuda_fixed --skip-build --triton-out CAMERA-READY/h100/sweep_fixed/cases_diag_tier/poly_ab_plus_c_bw64_r14_triton.csv --cuda-out CAMERA-READY/h100/sweep_fixed/cases_diag_tier/poly_ab_plus_c_bw64_r14_cuda.csv --out CAMERA-READY/h100/sweep_fixed/cases_diag_tier/poly_ab_plus_c_bw64_r14_joined.csv
$ /home/ubuntu/venvs/zkduel-table5/bin/python -u benchmarks/field_sweep/triton_sweep.py --workloads poly_ab_plus_c --rounds 14 --bit-widths 64 --warmups 2 --repeats 10 --seed 1 --timing-mode whole-run --challenge-mode fixed --layout element --point-mode specialized --out CAMERA-READY/h100/sweep_fixed/cases_diag_tier/poly_ab_plus_c_bw64_r14_triton.csv
poly_ab_plus_c           field=p64_goldilocks               rounds=14 first_ms=343.300 median_ms=6.024 checksum=3233440323334
CAMERA-READY/h100/sweep_fixed/cases_diag_tier/poly_ab_plus_c_bw64_r14_triton.csv
$ build/field_sumcheck_cuda_fixed --workloads poly_ab_plus_c --rounds 14 --bit-widths 64 --warmups 2 --repeats 10 --seed 1 --timing-mode whole-run --challenge-mode fixed --layout element --point-mode specialized --block 128 --out CAMERA-READY/h100/sweep_fixed/cases_diag_tier/poly_ab_plus_c_bw64_r14_cuda.csv
poly_ab_plus_c field=p64_goldilocks rounds=14 first_ms=1.18421 median_ms=1.01308 checksum=3233440323334
poly_ab_plus_c           field=p64_goldilocks               rounds=14 triton_ms=6.024 cuda_ms=1.01308 checksum_match=true speedup=5.946223
CAMERA-READY/h100/sweep_fixed/cases_diag_tier/poly_ab_plus_c_bw64_r14_joined.csv
ok: poly_ab_plus_c_bw64_r14
CAMERA-READY/h100/sweep_fixed/diag_tier.csv
$ /home/ubuntu/venvs/zkduel-table5/bin/python -u benchmarks/field_sweep/compare_triton_cuda.py --workloads poly_ab_plus_c --bit-widths 64 --rounds 16 --warmups 2 --repeats 10 --seed 1 --timing-mode whole-run --challenge-mode fixed --layout element --point-mode specialized --block 128 --python /home/ubuntu/venvs/zkduel-table5/bin/python --triton-script benchmarks/field_sweep/triton_sweep.py --cuda-binary build/field_sumcheck_cuda_fixed --skip-build --triton-out CAMERA-READY/h100/sweep_fixed/cases_diag_tier/poly_ab_plus_c_bw64_r16_triton.csv --cuda-out CAMERA-READY/h100/sweep_fixed/cases_diag_tier/poly_ab_plus_c_bw64_r16_cuda.csv --out CAMERA-READY/h100/sweep_fixed/cases_diag_tier/poly_ab_plus_c_bw64_r16_joined.csv
$ /home/ubuntu/venvs/zkduel-table5/bin/python -u benchmarks/field_sweep/triton_sweep.py --workloads poly_ab_plus_c --rounds 16 --bit-widths 64 --warmups 2 --repeats 10 --seed 1 --timing-mode whole-run --challenge-mode fixed --layout element --point-mode specialized --out CAMERA-READY/h100/sweep_fixed/cases_diag_tier/poly_ab_plus_c_bw64_r16_triton.csv
poly_ab_plus_c           field=p64_goldilocks               rounds=16 first_ms=54.381 median_ms=4.560 checksum=4075150261338
CAMERA-READY/h100/sweep_fixed/cases_diag_tier/poly_ab_plus_c_bw64_r16_triton.csv
$ build/field_sumcheck_cuda_fixed --workloads poly_ab_plus_c --rounds 16 --bit-widths 64 --warmups 2 --repeats 10 --seed 1 --timing-mode whole-run --challenge-mode fixed --layout element --point-mode specialized --block 128 --out CAMERA-READY/h100/sweep_fixed/cases_diag_tier/poly_ab_plus_c_bw64_r16_cuda.csv
poly_ab_plus_c field=p64_goldilocks rounds=16 first_ms=1.43407 median_ms=1.2421 checksum=4075150261338
poly_ab_plus_c           field=p64_goldilocks               rounds=16 triton_ms=4.560 cuda_ms=1.2421 checksum_match=true speedup=3.671202
CAMERA-READY/h100/sweep_fixed/cases_diag_tier/poly_ab_plus_c_bw64_r16_joined.csv
ok: poly_ab_plus_c_bw64_r16
CAMERA-READY/h100/sweep_fixed/diag_tier.csv
$ /home/ubuntu/venvs/zkduel-table5/bin/python -u benchmarks/field_sweep/compare_triton_cuda.py --workloads poly_ab_plus_c --bit-widths 64 --rounds 18 --warmups 2 --repeats 10 --seed 1 --timing-mode whole-run --challenge-mode fixed --layout element --point-mode specialized --block 128 --python /home/ubuntu/venvs/zkduel-table5/bin/python --triton-script benchmarks/field_sweep/triton_sweep.py --cuda-binary build/field_sumcheck_cuda_fixed --skip-build --triton-out CAMERA-READY/h100/sweep_fixed/cases_diag_tier/poly_ab_plus_c_bw64_r18_triton.csv --cuda-out CAMERA-READY/h100/sweep_fixed/cases_diag_tier/poly_ab_plus_c_bw64_r18_cuda.csv --out CAMERA-READY/h100/sweep_fixed/cases_diag_tier/poly_ab_plus_c_bw64_r18_joined.csv
$ /home/ubuntu/venvs/zkduel-table5/bin/python -u benchmarks/field_sweep/triton_sweep.py --workloads poly_ab_plus_c --rounds 18 --bit-widths 64 --warmups 2 --repeats 10 --seed 1 --timing-mode whole-run --challenge-mode fixed --layout element --point-mode specialized --out CAMERA-READY/h100/sweep_fixed/cases_diag_tier/poly_ab_plus_c_bw64_r18_triton.csv
poly_ab_plus_c           field=p64_goldilocks               rounds=18 first_ms=55.658 median_ms=6.014 checksum=4377181026660
CAMERA-READY/h100/sweep_fixed/cases_diag_tier/poly_ab_plus_c_bw64_r18_triton.csv
$ build/field_sumcheck_cuda_fixed --workloads poly_ab_plus_c --rounds 18 --bit-widths 64 --warmups 2 --repeats 10 --seed 1 --timing-mode whole-run --challenge-mode fixed --layout element --point-mode specialized --block 128 --out CAMERA-READY/h100/sweep_fixed/cases_diag_tier/poly_ab_plus_c_bw64_r18_cuda.csv
poly_ab_plus_c field=p64_goldilocks rounds=18 first_ms=1.73247 median_ms=1.52298 checksum=4377181026660
poly_ab_plus_c           field=p64_goldilocks               rounds=18 triton_ms=6.014 cuda_ms=1.52298 checksum_match=true speedup=3.948837
CAMERA-READY/h100/sweep_fixed/cases_diag_tier/poly_ab_plus_c_bw64_r18_joined.csv
ok: poly_ab_plus_c_bw64_r18
CAMERA-READY/h100/sweep_fixed/diag_tier.csv
$ /home/ubuntu/venvs/zkduel-table5/bin/python -u benchmarks/field_sweep/compare_triton_cuda.py --workloads poly_ab_plus_c --bit-widths 64 --rounds 20 --warmups 2 --repeats 10 --seed 1 --timing-mode whole-run --challenge-mode fixed --layout element --point-mode specialized --block 128 --python /home/ubuntu/venvs/zkduel-table5/bin/python --triton-script benchmarks/field_sweep/triton_sweep.py --cuda-binary build/field_sumcheck_cuda_fixed --skip-build --triton-out CAMERA-READY/h100/sweep_fixed/cases_diag_tier/poly_ab_plus_c_bw64_r20_triton.csv --cuda-out CAMERA-READY/h100/sweep_fixed/cases_diag_tier/poly_ab_plus_c_bw64_r20_cuda.csv --out CAMERA-READY/h100/sweep_fixed/cases_diag_tier/poly_ab_plus_c_bw64_r20_joined.csv
$ /home/ubuntu/venvs/zkduel-table5/bin/python -u benchmarks/field_sweep/triton_sweep.py --workloads poly_ab_plus_c --rounds 20 --bit-widths 64 --warmups 2 --repeats 10 --seed 1 --timing-mode whole-run --challenge-mode fixed --layout element --point-mode specialized --out CAMERA-READY/h100/sweep_fixed/cases_diag_tier/poly_ab_plus_c_bw64_r20_triton.csv
poly_ab_plus_c           field=p64_goldilocks               rounds=20 first_ms=57.375 median_ms=7.474 checksum=4625475405746
CAMERA-READY/h100/sweep_fixed/cases_diag_tier/poly_ab_plus_c_bw64_r20_triton.csv
$ build/field_sumcheck_cuda_fixed --workloads poly_ab_plus_c --rounds 20 --bit-widths 64 --warmups 2 --repeats 10 --seed 1 --timing-mode whole-run --challenge-mode fixed --layout element --point-mode specialized --block 128 --out CAMERA-READY/h100/sweep_fixed/cases_diag_tier/poly_ab_plus_c_bw64_r20_cuda.csv
poly_ab_plus_c field=p64_goldilocks rounds=20 first_ms=2.17408 median_ms=1.91469 checksum=4625475405746
poly_ab_plus_c           field=p64_goldilocks               rounds=20 triton_ms=7.474 cuda_ms=1.91469 checksum_match=true speedup=3.903504
CAMERA-READY/h100/sweep_fixed/cases_diag_tier/poly_ab_plus_c_bw64_r20_joined.csv
ok: poly_ab_plus_c_bw64_r20
CAMERA-READY/h100/sweep_fixed/diag_tier.csv
$ /home/ubuntu/venvs/zkduel-table5/bin/python -u benchmarks/field_sweep/compare_triton_cuda.py --workloads poly_ab_plus_c --bit-widths 64 --rounds 22 --warmups 2 --repeats 10 --seed 1 --timing-mode whole-run --challenge-mode fixed --layout element --point-mode specialized --block 128 --python /home/ubuntu/venvs/zkduel-table5/bin/python --triton-script benchmarks/field_sweep/triton_sweep.py --cuda-binary build/field_sumcheck_cuda_fixed --skip-build --triton-out CAMERA-READY/h100/sweep_fixed/cases_diag_tier/poly_ab_plus_c_bw64_r22_triton.csv --cuda-out CAMERA-READY/h100/sweep_fixed/cases_diag_tier/poly_ab_plus_c_bw64_r22_cuda.csv --out CAMERA-READY/h100/sweep_fixed/cases_diag_tier/poly_ab_plus_c_bw64_r22_joined.csv
$ /home/ubuntu/venvs/zkduel-table5/bin/python -u benchmarks/field_sweep/triton_sweep.py --workloads poly_ab_plus_c --rounds 22 --bit-widths 64 --warmups 2 --repeats 10 --seed 1 --timing-mode whole-run --challenge-mode fixed --layout element --point-mode specialized --out CAMERA-READY/h100/sweep_fixed/cases_diag_tier/poly_ab_plus_c_bw64_r22_triton.csv
poly_ab_plus_c           field=p64_goldilocks               rounds=22 first_ms=59.629 median_ms=9.512 checksum=5675843852510
CAMERA-READY/h100/sweep_fixed/cases_diag_tier/poly_ab_plus_c_bw64_r22_triton.csv
$ build/field_sumcheck_cuda_fixed --workloads poly_ab_plus_c --rounds 22 --bit-widths 64 --warmups 2 --repeats 10 --seed 1 --timing-mode whole-run --challenge-mode fixed --layout element --point-mode specialized --block 128 --out CAMERA-READY/h100/sweep_fixed/cases_diag_tier/poly_ab_plus_c_bw64_r22_cuda.csv
poly_ab_plus_c field=p64_goldilocks rounds=22 first_ms=2.77898 median_ms=2.56356 checksum=5675843852510
poly_ab_plus_c           field=p64_goldilocks               rounds=22 triton_ms=9.512 cuda_ms=2.56356 checksum_match=true speedup=3.710465
CAMERA-READY/h100/sweep_fixed/cases_diag_tier/poly_ab_plus_c_bw64_r22_joined.csv
ok: poly_ab_plus_c_bw64_r22
CAMERA-READY/h100/sweep_fixed/diag_tier.csv
$ /home/ubuntu/venvs/zkduel-table5/bin/python -u benchmarks/field_sweep/compare_triton_cuda.py --workloads poly_ab_plus_c --bit-widths 64 --rounds 24 --warmups 2 --repeats 10 --seed 1 --timing-mode whole-run --challenge-mode fixed --layout element --point-mode specialized --block 128 --python /home/ubuntu/venvs/zkduel-table5/bin/python --triton-script benchmarks/field_sweep/triton_sweep.py --cuda-binary build/field_sumcheck_cuda_fixed --skip-build --triton-out CAMERA-READY/h100/sweep_fixed/cases_diag_tier/poly_ab_plus_c_bw64_r24_triton.csv --cuda-out CAMERA-READY/h100/sweep_fixed/cases_diag_tier/poly_ab_plus_c_bw64_r24_cuda.csv --out CAMERA-READY/h100/sweep_fixed/cases_diag_tier/poly_ab_plus_c_bw64_r24_joined.csv
$ /home/ubuntu/venvs/zkduel-table5/bin/python -u benchmarks/field_sweep/triton_sweep.py --workloads poly_ab_plus_c --rounds 24 --bit-widths 64 --warmups 2 --repeats 10 --seed 1 --timing-mode whole-run --challenge-mode fixed --layout element --point-mode specialized --out CAMERA-READY/h100/sweep_fixed/cases_diag_tier/poly_ab_plus_c_bw64_r24_triton.csv
poly_ab_plus_c           field=p64_goldilocks               rounds=24 first_ms=61.768 median_ms=12.419 checksum=5620991297480
CAMERA-READY/h100/sweep_fixed/cases_diag_tier/poly_ab_plus_c_bw64_r24_triton.csv
$ build/field_sumcheck_cuda_fixed --workloads poly_ab_plus_c --rounds 24 --bit-widths 64 --warmups 2 --repeats 10 --seed 1 --timing-mode whole-run --challenge-mode fixed --layout element --point-mode specialized --block 128 --out CAMERA-READY/h100/sweep_fixed/cases_diag_tier/poly_ab_plus_c_bw64_r24_cuda.csv
poly_ab_plus_c field=p64_goldilocks rounds=24 first_ms=4.42958 median_ms=4.26323 checksum=5620991297480
poly_ab_plus_c           field=p64_goldilocks               rounds=24 triton_ms=12.419 cuda_ms=4.26323 checksum_match=true speedup=2.913049
CAMERA-READY/h100/sweep_fixed/cases_diag_tier/poly_ab_plus_c_bw64_r24_joined.csv
ok: poly_ab_plus_c_bw64_r24
CAMERA-READY/h100/sweep_fixed/diag_tier.csv
$ /home/ubuntu/venvs/zkduel-table5/bin/python -u benchmarks/field_sweep/compare_triton_cuda.py --workloads poly_ab_plus_c --bit-widths 64 --rounds 26 --warmups 2 --repeats 10 --seed 1 --timing-mode whole-run --challenge-mode fixed --layout element --point-mode specialized --block 128 --python /home/ubuntu/venvs/zkduel-table5/bin/python --triton-script benchmarks/field_sweep/triton_sweep.py --cuda-binary build/field_sumcheck_cuda_fixed --skip-build --triton-out CAMERA-READY/h100/sweep_fixed/cases_diag_tier/poly_ab_plus_c_bw64_r26_triton.csv --cuda-out CAMERA-READY/h100/sweep_fixed/cases_diag_tier/poly_ab_plus_c_bw64_r26_cuda.csv --out CAMERA-READY/h100/sweep_fixed/cases_diag_tier/poly_ab_plus_c_bw64_r26_joined.csv
$ /home/ubuntu/venvs/zkduel-table5/bin/python -u benchmarks/field_sweep/triton_sweep.py --workloads poly_ab_plus_c --rounds 26 --bit-widths 64 --warmups 2 --repeats 10 --seed 1 --timing-mode whole-run --challenge-mode fixed --layout element --point-mode specialized --out CAMERA-READY/h100/sweep_fixed/cases_diag_tier/poly_ab_plus_c_bw64_r26_triton.csv
poly_ab_plus_c           field=p64_goldilocks               rounds=26 first_ms=71.295 median_ms=23.616 checksum=6383344583473
CAMERA-READY/h100/sweep_fixed/cases_diag_tier/poly_ab_plus_c_bw64_r26_triton.csv
$ build/field_sumcheck_cuda_fixed --workloads poly_ab_plus_c --rounds 26 --bit-widths 64 --warmups 2 --repeats 10 --seed 1 --timing-mode whole-run --challenge-mode fixed --layout element --point-mode specialized --block 128 --out CAMERA-READY/h100/sweep_fixed/cases_diag_tier/poly_ab_plus_c_bw64_r26_cuda.csv
poly_ab_plus_c field=p64_goldilocks rounds=26 first_ms=10.4401 median_ms=10.2792 checksum=6383344583473
poly_ab_plus_c           field=p64_goldilocks               rounds=26 triton_ms=23.616 cuda_ms=10.2792 checksum_match=true speedup=2.297455
CAMERA-READY/h100/sweep_fixed/cases_diag_tier/poly_ab_plus_c_bw64_r26_joined.csv
ok: poly_ab_plus_c_bw64_r26
CAMERA-READY/h100/sweep_fixed/diag_tier.csv
$ /home/ubuntu/venvs/zkduel-table5/bin/python -u benchmarks/field_sweep/compare_triton_cuda.py --workloads poly_ab_plus_c --bit-widths 64 --rounds 28 --warmups 2 --repeats 10 --seed 1 --timing-mode whole-run --challenge-mode fixed --layout element --point-mode specialized --block 128 --python /home/ubuntu/venvs/zkduel-table5/bin/python --triton-script benchmarks/field_sweep/triton_sweep.py --cuda-binary build/field_sumcheck_cuda_fixed --skip-build --triton-out CAMERA-READY/h100/sweep_fixed/cases_diag_tier/poly_ab_plus_c_bw64_r28_triton.csv --cuda-out CAMERA-READY/h100/sweep_fixed/cases_diag_tier/poly_ab_plus_c_bw64_r28_cuda.csv --out CAMERA-READY/h100/sweep_fixed/cases_diag_tier/poly_ab_plus_c_bw64_r28_joined.csv
$ /home/ubuntu/venvs/zkduel-table5/bin/python -u benchmarks/field_sweep/triton_sweep.py --workloads poly_ab_plus_c --rounds 28 --bit-widths 64 --warmups 2 --repeats 10 --seed 1 --timing-mode whole-run --challenge-mode fixed --layout element --point-mode specialized --out CAMERA-READY/h100/sweep_fixed/cases_diag_tier/poly_ab_plus_c_bw64_r28_triton.csv
poly_ab_plus_c           field=p64_goldilocks               rounds=28 first_ms=112.254 median_ms=65.853 checksum=7450162891080
CAMERA-READY/h100/sweep_fixed/cases_diag_tier/poly_ab_plus_c_bw64_r28_triton.csv
$ build/field_sumcheck_cuda_fixed --workloads poly_ab_plus_c --rounds 28 --bit-widths 64 --warmups 2 --repeats 10 --seed 1 --timing-mode whole-run --challenge-mode fixed --layout element --point-mode specialized --block 128 --out CAMERA-READY/h100/sweep_fixed/cases_diag_tier/poly_ab_plus_c_bw64_r28_cuda.csv
poly_ab_plus_c field=p64_goldilocks rounds=28 first_ms=33.1125 median_ms=32.924 checksum=7450162891080
poly_ab_plus_c           field=p64_goldilocks               rounds=28 triton_ms=65.853 cuda_ms=32.924 checksum_match=true speedup=2.000152
CAMERA-READY/h100/sweep_fixed/cases_diag_tier/poly_ab_plus_c_bw64_r28_joined.csv
ok: poly_ab_plus_c_bw64_r28
CAMERA-READY/h100/sweep_fixed/diag_tier.csv
$ /home/ubuntu/venvs/zkduel-table5/bin/python -u benchmarks/field_sweep/compare_triton_cuda.py --workloads poly_ab_plus_c --bit-widths 128 --rounds 14 --warmups 2 --repeats 10 --seed 1 --timing-mode whole-run --challenge-mode fixed --layout element --point-mode specialized --block 128 --python /home/ubuntu/venvs/zkduel-table5/bin/python --triton-script benchmarks/field_sweep/triton_sweep.py --cuda-binary build/field_sumcheck_cuda_fixed --skip-build --triton-out CAMERA-READY/h100/sweep_fixed/cases_diag_tier/poly_ab_plus_c_bw128_r14_triton.csv --cuda-out CAMERA-READY/h100/sweep_fixed/cases_diag_tier/poly_ab_plus_c_bw128_r14_cuda.csv --out CAMERA-READY/h100/sweep_fixed/cases_diag_tier/poly_ab_plus_c_bw128_r14_joined.csv
$ /home/ubuntu/venvs/zkduel-table5/bin/python -u benchmarks/field_sweep/triton_sweep.py --workloads poly_ab_plus_c --rounds 14 --bit-widths 128 --warmups 2 --repeats 10 --seed 1 --timing-mode whole-run --challenge-mode fixed --layout element --point-mode specialized --out CAMERA-READY/h100/sweep_fixed/cases_diag_tier/poly_ab_plus_c_bw128_r14_triton.csv
poly_ab_plus_c           field=p128_mersenne_2^127_minus_1  rounds=14 first_ms=584.092 median_ms=3.627 checksum=3422685445816
CAMERA-READY/h100/sweep_fixed/cases_diag_tier/poly_ab_plus_c_bw128_r14_triton.csv
$ build/field_sumcheck_cuda_fixed --workloads poly_ab_plus_c --rounds 14 --bit-widths 128 --warmups 2 --repeats 10 --seed 1 --timing-mode whole-run --challenge-mode fixed --layout element --point-mode specialized --block 128 --out CAMERA-READY/h100/sweep_fixed/cases_diag_tier/poly_ab_plus_c_bw128_r14_cuda.csv
poly_ab_plus_c field=p128_mersenne_2^127_minus_1 rounds=14 first_ms=1.28801 median_ms=1.06488 checksum=3422685445816
poly_ab_plus_c           field=p128_mersenne_2^127_minus_1  rounds=14 triton_ms=3.627 cuda_ms=1.06488 checksum_match=true speedup=3.406018
CAMERA-READY/h100/sweep_fixed/cases_diag_tier/poly_ab_plus_c_bw128_r14_joined.csv
ok: poly_ab_plus_c_bw128_r14
CAMERA-READY/h100/sweep_fixed/diag_tier.csv
$ /home/ubuntu/venvs/zkduel-table5/bin/python -u benchmarks/field_sweep/compare_triton_cuda.py --workloads poly_ab_plus_c --bit-widths 128 --rounds 16 --warmups 2 --repeats 10 --seed 1 --timing-mode whole-run --challenge-mode fixed --layout element --point-mode specialized --block 128 --python /home/ubuntu/venvs/zkduel-table5/bin/python --triton-script benchmarks/field_sweep/triton_sweep.py --cuda-binary build/field_sumcheck_cuda_fixed --skip-build --triton-out CAMERA-READY/h100/sweep_fixed/cases_diag_tier/poly_ab_plus_c_bw128_r16_triton.csv --cuda-out CAMERA-READY/h100/sweep_fixed/cases_diag_tier/poly_ab_plus_c_bw128_r16_cuda.csv --out CAMERA-READY/h100/sweep_fixed/cases_diag_tier/poly_ab_plus_c_bw128_r16_joined.csv
$ /home/ubuntu/venvs/zkduel-table5/bin/python -u benchmarks/field_sweep/triton_sweep.py --workloads poly_ab_plus_c --rounds 16 --bit-widths 128 --warmups 2 --repeats 10 --seed 1 --timing-mode whole-run --challenge-mode fixed --layout element --point-mode specialized --out CAMERA-READY/h100/sweep_fixed/cases_diag_tier/poly_ab_plus_c_bw128_r16_triton.csv
poly_ab_plus_c           field=p128_mersenne_2^127_minus_1  rounds=16 first_ms=55.836 median_ms=4.637 checksum=4109844176906
CAMERA-READY/h100/sweep_fixed/cases_diag_tier/poly_ab_plus_c_bw128_r16_triton.csv
$ build/field_sumcheck_cuda_fixed --workloads poly_ab_plus_c --rounds 16 --bit-widths 128 --warmups 2 --repeats 10 --seed 1 --timing-mode whole-run --challenge-mode fixed --layout element --point-mode specialized --block 128 --out CAMERA-READY/h100/sweep_fixed/cases_diag_tier/poly_ab_plus_c_bw128_r16_cuda.csv
poly_ab_plus_c field=p128_mersenne_2^127_minus_1 rounds=16 first_ms=1.46442 median_ms=1.24201 checksum=4109844176906
poly_ab_plus_c           field=p128_mersenne_2^127_minus_1  rounds=16 triton_ms=4.637 cuda_ms=1.24201 checksum_match=true speedup=3.733464
CAMERA-READY/h100/sweep_fixed/cases_diag_tier/poly_ab_plus_c_bw128_r16_joined.csv
ok: poly_ab_plus_c_bw128_r16
CAMERA-READY/h100/sweep_fixed/diag_tier.csv
$ /home/ubuntu/venvs/zkduel-table5/bin/python -u benchmarks/field_sweep/compare_triton_cuda.py --workloads poly_ab_plus_c --bit-widths 128 --rounds 18 --warmups 2 --repeats 10 --seed 1 --timing-mode whole-run --challenge-mode fixed --layout element --point-mode specialized --block 128 --python /home/ubuntu/venvs/zkduel-table5/bin/python --triton-script benchmarks/field_sweep/triton_sweep.py --cuda-binary build/field_sumcheck_cuda_fixed --skip-build --triton-out CAMERA-READY/h100/sweep_fixed/cases_diag_tier/poly_ab_plus_c_bw128_r18_triton.csv --cuda-out CAMERA-READY/h100/sweep_fixed/cases_diag_tier/poly_ab_plus_c_bw128_r18_cuda.csv --out CAMERA-READY/h100/sweep_fixed/cases_diag_tier/poly_ab_plus_c_bw128_r18_joined.csv
$ /home/ubuntu/venvs/zkduel-table5/bin/python -u benchmarks/field_sweep/triton_sweep.py --workloads poly_ab_plus_c --rounds 18 --bit-widths 128 --warmups 2 --repeats 10 --seed 1 --timing-mode whole-run --challenge-mode fixed --layout element --point-mode specialized --out CAMERA-READY/h100/sweep_fixed/cases_diag_tier/poly_ab_plus_c_bw128_r18_triton.csv
poly_ab_plus_c           field=p128_mersenne_2^127_minus_1  rounds=18 first_ms=57.367 median_ms=5.833 checksum=4156800438843
CAMERA-READY/h100/sweep_fixed/cases_diag_tier/poly_ab_plus_c_bw128_r18_triton.csv
$ build/field_sumcheck_cuda_fixed --workloads poly_ab_plus_c --rounds 18 --bit-widths 128 --warmups 2 --repeats 10 --seed 1 --timing-mode whole-run --challenge-mode fixed --layout element --point-mode specialized --block 128 --out CAMERA-READY/h100/sweep_fixed/cases_diag_tier/poly_ab_plus_c_bw128_r18_cuda.csv
poly_ab_plus_c field=p128_mersenne_2^127_minus_1 rounds=18 first_ms=1.7512 median_ms=1.5563 checksum=4156800438843
poly_ab_plus_c           field=p128_mersenne_2^127_minus_1  rounds=18 triton_ms=5.833 cuda_ms=1.5563 checksum_match=true speedup=3.747992
CAMERA-READY/h100/sweep_fixed/cases_diag_tier/poly_ab_plus_c_bw128_r18_joined.csv
ok: poly_ab_plus_c_bw128_r18
CAMERA-READY/h100/sweep_fixed/diag_tier.csv
$ /home/ubuntu/venvs/zkduel-table5/bin/python -u benchmarks/field_sweep/compare_triton_cuda.py --workloads poly_ab_plus_c --bit-widths 128 --rounds 20 --warmups 2 --repeats 10 --seed 1 --timing-mode whole-run --challenge-mode fixed --layout element --point-mode specialized --block 128 --python /home/ubuntu/venvs/zkduel-table5/bin/python --triton-script benchmarks/field_sweep/triton_sweep.py --cuda-binary build/field_sumcheck_cuda_fixed --skip-build --triton-out CAMERA-READY/h100/sweep_fixed/cases_diag_tier/poly_ab_plus_c_bw128_r20_triton.csv --cuda-out CAMERA-READY/h100/sweep_fixed/cases_diag_tier/poly_ab_plus_c_bw128_r20_cuda.csv --out CAMERA-READY/h100/sweep_fixed/cases_diag_tier/poly_ab_plus_c_bw128_r20_joined.csv
$ /home/ubuntu/venvs/zkduel-table5/bin/python -u benchmarks/field_sweep/triton_sweep.py --workloads poly_ab_plus_c --rounds 20 --bit-widths 128 --warmups 2 --repeats 10 --seed 1 --timing-mode whole-run --challenge-mode fixed --layout element --point-mode specialized --out CAMERA-READY/h100/sweep_fixed/cases_diag_tier/poly_ab_plus_c_bw128_r20_triton.csv
poly_ab_plus_c           field=p128_mersenne_2^127_minus_1  rounds=20 first_ms=58.364 median_ms=7.551 checksum=4965338524562
CAMERA-READY/h100/sweep_fixed/cases_diag_tier/poly_ab_plus_c_bw128_r20_triton.csv
$ build/field_sumcheck_cuda_fixed --workloads poly_ab_plus_c --rounds 20 --bit-widths 128 --warmups 2 --repeats 10 --seed 1 --timing-mode whole-run --challenge-mode fixed --layout element --point-mode specialized --block 128 --out CAMERA-READY/h100/sweep_fixed/cases_diag_tier/poly_ab_plus_c_bw128_r20_cuda.csv
poly_ab_plus_c field=p128_mersenne_2^127_minus_1 rounds=20 first_ms=2.19137 median_ms=2.00837 checksum=4965338524562
poly_ab_plus_c           field=p128_mersenne_2^127_minus_1  rounds=20 triton_ms=7.551 cuda_ms=2.00837 checksum_match=true speedup=3.759765
CAMERA-READY/h100/sweep_fixed/cases_diag_tier/poly_ab_plus_c_bw128_r20_joined.csv
ok: poly_ab_plus_c_bw128_r20
CAMERA-READY/h100/sweep_fixed/diag_tier.csv
$ /home/ubuntu/venvs/zkduel-table5/bin/python -u benchmarks/field_sweep/compare_triton_cuda.py --workloads poly_ab_plus_c --bit-widths 128 --rounds 22 --warmups 2 --repeats 10 --seed 1 --timing-mode whole-run --challenge-mode fixed --layout element --point-mode specialized --block 128 --python /home/ubuntu/venvs/zkduel-table5/bin/python --triton-script benchmarks/field_sweep/triton_sweep.py --cuda-binary build/field_sumcheck_cuda_fixed --skip-build --triton-out CAMERA-READY/h100/sweep_fixed/cases_diag_tier/poly_ab_plus_c_bw128_r22_triton.csv --cuda-out CAMERA-READY/h100/sweep_fixed/cases_diag_tier/poly_ab_plus_c_bw128_r22_cuda.csv --out CAMERA-READY/h100/sweep_fixed/cases_diag_tier/poly_ab_plus_c_bw128_r22_joined.csv
$ /home/ubuntu/venvs/zkduel-table5/bin/python -u benchmarks/field_sweep/triton_sweep.py --workloads poly_ab_plus_c --rounds 22 --bit-widths 128 --warmups 2 --repeats 10 --seed 1 --timing-mode whole-run --challenge-mode fixed --layout element --point-mode specialized --out CAMERA-READY/h100/sweep_fixed/cases_diag_tier/poly_ab_plus_c_bw128_r22_triton.csv
poly_ab_plus_c           field=p128_mersenne_2^127_minus_1  rounds=22 first_ms=60.496 median_ms=9.356 checksum=6546036567512
CAMERA-READY/h100/sweep_fixed/cases_diag_tier/poly_ab_plus_c_bw128_r22_triton.csv
$ build/field_sumcheck_cuda_fixed --workloads poly_ab_plus_c --rounds 22 --bit-widths 128 --warmups 2 --repeats 10 --seed 1 --timing-mode whole-run --challenge-mode fixed --layout element --point-mode specialized --block 128 --out CAMERA-READY/h100/sweep_fixed/cases_diag_tier/poly_ab_plus_c_bw128_r22_cuda.csv
poly_ab_plus_c field=p128_mersenne_2^127_minus_1 rounds=22 first_ms=3.15451 median_ms=2.93461 checksum=6546036567512
poly_ab_plus_c           field=p128_mersenne_2^127_minus_1  rounds=22 triton_ms=9.356 cuda_ms=2.93461 checksum_match=true speedup=3.188158
CAMERA-READY/h100/sweep_fixed/cases_diag_tier/poly_ab_plus_c_bw128_r22_joined.csv
ok: poly_ab_plus_c_bw128_r22
CAMERA-READY/h100/sweep_fixed/diag_tier.csv
$ /home/ubuntu/venvs/zkduel-table5/bin/python -u benchmarks/field_sweep/compare_triton_cuda.py --workloads poly_ab_plus_c --bit-widths 128 --rounds 24 --warmups 2 --repeats 10 --seed 1 --timing-mode whole-run --challenge-mode fixed --layout element --point-mode specialized --block 128 --python /home/ubuntu/venvs/zkduel-table5/bin/python --triton-script benchmarks/field_sweep/triton_sweep.py --cuda-binary build/field_sumcheck_cuda_fixed --skip-build --triton-out CAMERA-READY/h100/sweep_fixed/cases_diag_tier/poly_ab_plus_c_bw128_r24_triton.csv --cuda-out CAMERA-READY/h100/sweep_fixed/cases_diag_tier/poly_ab_plus_c_bw128_r24_cuda.csv --out CAMERA-READY/h100/sweep_fixed/cases_diag_tier/poly_ab_plus_c_bw128_r24_joined.csv
$ /home/ubuntu/venvs/zkduel-table5/bin/python -u benchmarks/field_sweep/triton_sweep.py --workloads poly_ab_plus_c --rounds 24 --bit-widths 128 --warmups 2 --repeats 10 --seed 1 --timing-mode whole-run --challenge-mode fixed --layout element --point-mode specialized --out CAMERA-READY/h100/sweep_fixed/cases_diag_tier/poly_ab_plus_c_bw128_r24_triton.csv
poly_ab_plus_c           field=p128_mersenne_2^127_minus_1  rounds=24 first_ms=63.661 median_ms=13.793 checksum=8770800088323
CAMERA-READY/h100/sweep_fixed/cases_diag_tier/poly_ab_plus_c_bw128_r24_triton.csv
$ build/field_sumcheck_cuda_fixed --workloads poly_ab_plus_c --rounds 24 --bit-widths 128 --warmups 2 --repeats 10 --seed 1 --timing-mode whole-run --challenge-mode fixed --layout element --point-mode specialized --block 128 --out CAMERA-READY/h100/sweep_fixed/cases_diag_tier/poly_ab_plus_c_bw128_r24_cuda.csv
poly_ab_plus_c field=p128_mersenne_2^127_minus_1 rounds=24 first_ms=6.33547 median_ms=6.11116 checksum=8770800088323
poly_ab_plus_c           field=p128_mersenne_2^127_minus_1  rounds=24 triton_ms=13.793 cuda_ms=6.11116 checksum_match=true speedup=2.257018
CAMERA-READY/h100/sweep_fixed/cases_diag_tier/poly_ab_plus_c_bw128_r24_joined.csv
ok: poly_ab_plus_c_bw128_r24
CAMERA-READY/h100/sweep_fixed/diag_tier.csv
$ /home/ubuntu/venvs/zkduel-table5/bin/python -u benchmarks/field_sweep/compare_triton_cuda.py --workloads poly_ab_plus_c --bit-widths 128 --rounds 26 --warmups 2 --repeats 10 --seed 1 --timing-mode whole-run --challenge-mode fixed --layout element --point-mode specialized --block 128 --python /home/ubuntu/venvs/zkduel-table5/bin/python --triton-script benchmarks/field_sweep/triton_sweep.py --cuda-binary build/field_sumcheck_cuda_fixed --skip-build --triton-out CAMERA-READY/h100/sweep_fixed/cases_diag_tier/poly_ab_plus_c_bw128_r26_triton.csv --cuda-out CAMERA-READY/h100/sweep_fixed/cases_diag_tier/poly_ab_plus_c_bw128_r26_cuda.csv --out CAMERA-READY/h100/sweep_fixed/cases_diag_tier/poly_ab_plus_c_bw128_r26_joined.csv
$ /home/ubuntu/venvs/zkduel-table5/bin/python -u benchmarks/field_sweep/triton_sweep.py --workloads poly_ab_plus_c --rounds 26 --bit-widths 128 --warmups 2 --repeats 10 --seed 1 --timing-mode whole-run --challenge-mode fixed --layout element --point-mode specialized --out CAMERA-READY/h100/sweep_fixed/cases_diag_tier/poly_ab_plus_c_bw128_r26_triton.csv
poly_ab_plus_c           field=p128_mersenne_2^127_minus_1  rounds=26 first_ms=79.811 median_ms=30.320 checksum=11368397744860
CAMERA-READY/h100/sweep_fixed/cases_diag_tier/poly_ab_plus_c_bw128_r26_triton.csv
$ build/field_sumcheck_cuda_fixed --workloads poly_ab_plus_c --rounds 26 --bit-widths 128 --warmups 2 --repeats 10 --seed 1 --timing-mode whole-run --challenge-mode fixed --layout element --point-mode specialized --block 128 --out CAMERA-READY/h100/sweep_fixed/cases_diag_tier/poly_ab_plus_c_bw128_r26_cuda.csv
poly_ab_plus_c field=p128_mersenne_2^127_minus_1 rounds=26 first_ms=18.0076 median_ms=17.7856 checksum=11368397744860
poly_ab_plus_c           field=p128_mersenne_2^127_minus_1  rounds=26 triton_ms=30.320 cuda_ms=17.7856 checksum_match=true speedup=1.704750
CAMERA-READY/h100/sweep_fixed/cases_diag_tier/poly_ab_plus_c_bw128_r26_joined.csv
ok: poly_ab_plus_c_bw128_r26
CAMERA-READY/h100/sweep_fixed/diag_tier.csv
$ /home/ubuntu/venvs/zkduel-table5/bin/python -u benchmarks/field_sweep/compare_triton_cuda.py --workloads poly_ab_plus_c --bit-widths 128 --rounds 28 --warmups 2 --repeats 10 --seed 1 --timing-mode whole-run --challenge-mode fixed --layout element --point-mode specialized --block 128 --python /home/ubuntu/venvs/zkduel-table5/bin/python --triton-script benchmarks/field_sweep/triton_sweep.py --cuda-binary build/field_sumcheck_cuda_fixed --skip-build --triton-out CAMERA-READY/h100/sweep_fixed/cases_diag_tier/poly_ab_plus_c_bw128_r28_triton.csv --cuda-out CAMERA-READY/h100/sweep_fixed/cases_diag_tier/poly_ab_plus_c_bw128_r28_cuda.csv --out CAMERA-READY/h100/sweep_fixed/cases_diag_tier/poly_ab_plus_c_bw128_r28_joined.csv
$ /home/ubuntu/venvs/zkduel-table5/bin/python -u benchmarks/field_sweep/triton_sweep.py --workloads poly_ab_plus_c --rounds 28 --bit-widths 128 --warmups 2 --repeats 10 --seed 1 --timing-mode whole-run --challenge-mode fixed --layout element --point-mode specialized --out CAMERA-READY/h100/sweep_fixed/cases_diag_tier/poly_ab_plus_c_bw128_r28_triton.csv
poly_ab_plus_c           field=p128_mersenne_2^127_minus_1  rounds=28 first_ms=144.615 median_ms=94.607 checksum=14786271303934
CAMERA-READY/h100/sweep_fixed/cases_diag_tier/poly_ab_plus_c_bw128_r28_triton.csv
$ build/field_sumcheck_cuda_fixed --workloads poly_ab_plus_c --rounds 28 --bit-widths 128 --warmups 2 --repeats 10 --seed 1 --timing-mode whole-run --challenge-mode fixed --layout element --point-mode specialized --block 128 --out CAMERA-READY/h100/sweep_fixed/cases_diag_tier/poly_ab_plus_c_bw128_r28_cuda.csv
poly_ab_plus_c field=p128_mersenne_2^127_minus_1 rounds=28 first_ms=63.1689 median_ms=62.9712 checksum=14786271303934
poly_ab_plus_c           field=p128_mersenne_2^127_minus_1  rounds=28 triton_ms=94.607 cuda_ms=62.9712 checksum_match=true speedup=1.502385
CAMERA-READY/h100/sweep_fixed/cases_diag_tier/poly_ab_plus_c_bw128_r28_joined.csv
ok: poly_ab_plus_c_bw128_r28
CAMERA-READY/h100/sweep_fixed/diag_tier.csv
$ /home/ubuntu/venvs/zkduel-table5/bin/python -u benchmarks/field_sweep/compare_triton_cuda.py --workloads poly_ab_plus_c --bit-widths 256 --rounds 14 --warmups 2 --repeats 10 --seed 1 --timing-mode whole-run --challenge-mode fixed --layout element --point-mode specialized --block 128 --python /home/ubuntu/venvs/zkduel-table5/bin/python --triton-script benchmarks/field_sweep/triton_sweep.py --cuda-binary build/field_sumcheck_cuda_fixed --skip-build --triton-out CAMERA-READY/h100/sweep_fixed/cases_diag_tier/poly_ab_plus_c_bw256_r14_triton.csv --cuda-out CAMERA-READY/h100/sweep_fixed/cases_diag_tier/poly_ab_plus_c_bw256_r14_cuda.csv --out CAMERA-READY/h100/sweep_fixed/cases_diag_tier/poly_ab_plus_c_bw256_r14_joined.csv
$ /home/ubuntu/venvs/zkduel-table5/bin/python -u benchmarks/field_sweep/triton_sweep.py --workloads poly_ab_plus_c --rounds 14 --bit-widths 256 --warmups 2 --repeats 10 --seed 1 --timing-mode whole-run --challenge-mode fixed --layout element --point-mode specialized --out CAMERA-READY/h100/sweep_fixed/cases_diag_tier/poly_ab_plus_c_bw256_r14_triton.csv
poly_ab_plus_c           field=p255_bls12_381_scalar        rounds=14 first_ms=57.750 median_ms=3.442 checksum=38809628329862
CAMERA-READY/h100/sweep_fixed/cases_diag_tier/poly_ab_plus_c_bw256_r14_triton.csv
$ build/field_sumcheck_cuda_fixed --workloads poly_ab_plus_c --rounds 14 --bit-widths 256 --warmups 2 --repeats 10 --seed 1 --timing-mode whole-run --challenge-mode fixed --layout element --point-mode specialized --block 128 --out CAMERA-READY/h100/sweep_fixed/cases_diag_tier/poly_ab_plus_c_bw256_r14_cuda.csv
poly_ab_plus_c field=p255_bls12_381_scalar rounds=14 first_ms=1.37641 median_ms=1.13995 checksum=38809628329862
poly_ab_plus_c           field=p255_bls12_381_scalar        rounds=14 triton_ms=3.442 cuda_ms=1.13995 checksum_match=true speedup=3.019431
CAMERA-READY/h100/sweep_fixed/cases_diag_tier/poly_ab_plus_c_bw256_r14_joined.csv
ok: poly_ab_plus_c_bw256_r14
CAMERA-READY/h100/sweep_fixed/diag_tier.csv
$ /home/ubuntu/venvs/zkduel-table5/bin/python -u benchmarks/field_sweep/compare_triton_cuda.py --workloads poly_ab_plus_c --bit-widths 256 --rounds 16 --warmups 2 --repeats 10 --seed 1 --timing-mode whole-run --challenge-mode fixed --layout element --point-mode specialized --block 128 --python /home/ubuntu/venvs/zkduel-table5/bin/python --triton-script benchmarks/field_sweep/triton_sweep.py --cuda-binary build/field_sumcheck_cuda_fixed --skip-build --triton-out CAMERA-READY/h100/sweep_fixed/cases_diag_tier/poly_ab_plus_c_bw256_r16_triton.csv --cuda-out CAMERA-READY/h100/sweep_fixed/cases_diag_tier/poly_ab_plus_c_bw256_r16_cuda.csv --out CAMERA-READY/h100/sweep_fixed/cases_diag_tier/poly_ab_plus_c_bw256_r16_joined.csv
$ /home/ubuntu/venvs/zkduel-table5/bin/python -u benchmarks/field_sweep/triton_sweep.py --workloads poly_ab_plus_c --rounds 16 --bit-widths 256 --warmups 2 --repeats 10 --seed 1 --timing-mode whole-run --challenge-mode fixed --layout element --point-mode specialized --out CAMERA-READY/h100/sweep_fixed/cases_diag_tier/poly_ab_plus_c_bw256_r16_triton.csv
poly_ab_plus_c           field=p255_bls12_381_scalar        rounds=16 first_ms=58.164 median_ms=4.647 checksum=43665314236479
CAMERA-READY/h100/sweep_fixed/cases_diag_tier/poly_ab_plus_c_bw256_r16_triton.csv
$ build/field_sumcheck_cuda_fixed --workloads poly_ab_plus_c --rounds 16 --bit-widths 256 --warmups 2 --repeats 10 --seed 1 --timing-mode whole-run --challenge-mode fixed --layout element --point-mode specialized --block 128 --out CAMERA-READY/h100/sweep_fixed/cases_diag_tier/poly_ab_plus_c_bw256_r16_cuda.csv
poly_ab_plus_c field=p255_bls12_381_scalar rounds=16 first_ms=1.65354 median_ms=1.4073 checksum=43665314236479
poly_ab_plus_c           field=p255_bls12_381_scalar        rounds=16 triton_ms=4.647 cuda_ms=1.4073 checksum_match=true speedup=3.302068
CAMERA-READY/h100/sweep_fixed/cases_diag_tier/poly_ab_plus_c_bw256_r16_joined.csv
ok: poly_ab_plus_c_bw256_r16
CAMERA-READY/h100/sweep_fixed/diag_tier.csv
$ /home/ubuntu/venvs/zkduel-table5/bin/python -u benchmarks/field_sweep/compare_triton_cuda.py --workloads poly_ab_plus_c --bit-widths 256 --rounds 18 --warmups 2 --repeats 10 --seed 1 --timing-mode whole-run --challenge-mode fixed --layout element --point-mode specialized --block 128 --python /home/ubuntu/venvs/zkduel-table5/bin/python --triton-script benchmarks/field_sweep/triton_sweep.py --cuda-binary build/field_sumcheck_cuda_fixed --skip-build --triton-out CAMERA-READY/h100/sweep_fixed/cases_diag_tier/poly_ab_plus_c_bw256_r18_triton.csv --cuda-out CAMERA-READY/h100/sweep_fixed/cases_diag_tier/poly_ab_plus_c_bw256_r18_cuda.csv --out CAMERA-READY/h100/sweep_fixed/cases_diag_tier/poly_ab_plus_c_bw256_r18_joined.csv
$ /home/ubuntu/venvs/zkduel-table5/bin/python -u benchmarks/field_sweep/triton_sweep.py --workloads poly_ab_plus_c --rounds 18 --bit-widths 256 --warmups 2 --repeats 10 --seed 1 --timing-mode whole-run --challenge-mode fixed --layout element --point-mode specialized --out CAMERA-READY/h100/sweep_fixed/cases_diag_tier/poly_ab_plus_c_bw256_r18_triton.csv
poly_ab_plus_c           field=p255_bls12_381_scalar        rounds=18 first_ms=59.674 median_ms=6.203 checksum=47813818380744
CAMERA-READY/h100/sweep_fixed/cases_diag_tier/poly_ab_plus_c_bw256_r18_triton.csv
$ build/field_sumcheck_cuda_fixed --workloads poly_ab_plus_c --rounds 18 --bit-widths 256 --warmups 2 --repeats 10 --seed 1 --timing-mode whole-run --challenge-mode fixed --layout element --point-mode specialized --block 128 --out CAMERA-READY/h100/sweep_fixed/cases_diag_tier/poly_ab_plus_c_bw256_r18_cuda.csv
poly_ab_plus_c field=p255_bls12_381_scalar rounds=18 first_ms=2.05033 median_ms=1.78697 checksum=47813818380744
poly_ab_plus_c           field=p255_bls12_381_scalar        rounds=18 triton_ms=6.203 cuda_ms=1.78697 checksum_match=true speedup=3.471239
CAMERA-READY/h100/sweep_fixed/cases_diag_tier/poly_ab_plus_c_bw256_r18_joined.csv
ok: poly_ab_plus_c_bw256_r18
CAMERA-READY/h100/sweep_fixed/diag_tier.csv
$ /home/ubuntu/venvs/zkduel-table5/bin/python -u benchmarks/field_sweep/compare_triton_cuda.py --workloads poly_ab_plus_c --bit-widths 256 --rounds 20 --warmups 2 --repeats 10 --seed 1 --timing-mode whole-run --challenge-mode fixed --layout element --point-mode specialized --block 128 --python /home/ubuntu/venvs/zkduel-table5/bin/python --triton-script benchmarks/field_sweep/triton_sweep.py --cuda-binary build/field_sumcheck_cuda_fixed --skip-build --triton-out CAMERA-READY/h100/sweep_fixed/cases_diag_tier/poly_ab_plus_c_bw256_r20_triton.csv --cuda-out CAMERA-READY/h100/sweep_fixed/cases_diag_tier/poly_ab_plus_c_bw256_r20_cuda.csv --out CAMERA-READY/h100/sweep_fixed/cases_diag_tier/poly_ab_plus_c_bw256_r20_joined.csv
$ /home/ubuntu/venvs/zkduel-table5/bin/python -u benchmarks/field_sweep/triton_sweep.py --workloads poly_ab_plus_c --rounds 20 --bit-widths 256 --warmups 2 --repeats 10 --seed 1 --timing-mode whole-run --challenge-mode fixed --layout element --point-mode specialized --out CAMERA-READY/h100/sweep_fixed/cases_diag_tier/poly_ab_plus_c_bw256_r20_triton.csv
poly_ab_plus_c           field=p255_bls12_381_scalar        rounds=20 first_ms=69.024 median_ms=7.717 checksum=53295842524535
CAMERA-READY/h100/sweep_fixed/cases_diag_tier/poly_ab_plus_c_bw256_r20_triton.csv
$ build/field_sumcheck_cuda_fixed --workloads poly_ab_plus_c --rounds 20 --bit-widths 256 --warmups 2 --repeats 10 --seed 1 --timing-mode whole-run --challenge-mode fixed --layout element --point-mode specialized --block 128 --out CAMERA-READY/h100/sweep_fixed/cases_diag_tier/poly_ab_plus_c_bw256_r20_cuda.csv
poly_ab_plus_c field=p255_bls12_381_scalar rounds=20 first_ms=2.77252 median_ms=2.56348 checksum=53295842524535
poly_ab_plus_c           field=p255_bls12_381_scalar        rounds=20 triton_ms=7.717 cuda_ms=2.56348 checksum_match=true speedup=3.010361
CAMERA-READY/h100/sweep_fixed/cases_diag_tier/poly_ab_plus_c_bw256_r20_joined.csv
ok: poly_ab_plus_c_bw256_r20
CAMERA-READY/h100/sweep_fixed/diag_tier.csv
$ /home/ubuntu/venvs/zkduel-table5/bin/python -u benchmarks/field_sweep/compare_triton_cuda.py --workloads poly_ab_plus_c --bit-widths 256 --rounds 22 --warmups 2 --repeats 10 --seed 1 --timing-mode whole-run --challenge-mode fixed --layout element --point-mode specialized --block 128 --python /home/ubuntu/venvs/zkduel-table5/bin/python --triton-script benchmarks/field_sweep/triton_sweep.py --cuda-binary build/field_sumcheck_cuda_fixed --skip-build --triton-out CAMERA-READY/h100/sweep_fixed/cases_diag_tier/poly_ab_plus_c_bw256_r22_triton.csv --cuda-out CAMERA-READY/h100/sweep_fixed/cases_diag_tier/poly_ab_plus_c_bw256_r22_cuda.csv --out CAMERA-READY/h100/sweep_fixed/cases_diag_tier/poly_ab_plus_c_bw256_r22_joined.csv
$ /home/ubuntu/venvs/zkduel-table5/bin/python -u benchmarks/field_sweep/triton_sweep.py --workloads poly_ab_plus_c --rounds 22 --bit-widths 256 --warmups 2 --repeats 10 --seed 1 --timing-mode whole-run --challenge-mode fixed --layout element --point-mode specialized --out CAMERA-READY/h100/sweep_fixed/cases_diag_tier/poly_ab_plus_c_bw256_r22_triton.csv
poly_ab_plus_c           field=p255_bls12_381_scalar        rounds=22 first_ms=63.019 median_ms=10.086 checksum=60305110993153
CAMERA-READY/h100/sweep_fixed/cases_diag_tier/poly_ab_plus_c_bw256_r22_triton.csv
$ build/field_sumcheck_cuda_fixed --workloads poly_ab_plus_c --rounds 22 --bit-widths 256 --warmups 2 --repeats 10 --seed 1 --timing-mode whole-run --challenge-mode fixed --layout element --point-mode specialized --block 128 --out CAMERA-READY/h100/sweep_fixed/cases_diag_tier/poly_ab_plus_c_bw256_r22_cuda.csv
poly_ab_plus_c field=p255_bls12_381_scalar rounds=22 first_ms=4.89437 median_ms=4.67084 checksum=60305110993153
poly_ab_plus_c           field=p255_bls12_381_scalar        rounds=22 triton_ms=10.086 cuda_ms=4.67084 checksum_match=true speedup=2.159355
CAMERA-READY/h100/sweep_fixed/cases_diag_tier/poly_ab_plus_c_bw256_r22_joined.csv
ok: poly_ab_plus_c_bw256_r22
CAMERA-READY/h100/sweep_fixed/diag_tier.csv
$ /home/ubuntu/venvs/zkduel-table5/bin/python -u benchmarks/field_sweep/compare_triton_cuda.py --workloads poly_ab_plus_c --bit-widths 256 --rounds 24 --warmups 2 --repeats 10 --seed 1 --timing-mode whole-run --challenge-mode fixed --layout element --point-mode specialized --block 128 --python /home/ubuntu/venvs/zkduel-table5/bin/python --triton-script benchmarks/field_sweep/triton_sweep.py --cuda-binary build/field_sumcheck_cuda_fixed --skip-build --triton-out CAMERA-READY/h100/sweep_fixed/cases_diag_tier/poly_ab_plus_c_bw256_r24_triton.csv --cuda-out CAMERA-READY/h100/sweep_fixed/cases_diag_tier/poly_ab_plus_c_bw256_r24_cuda.csv --out CAMERA-READY/h100/sweep_fixed/cases_diag_tier/poly_ab_plus_c_bw256_r24_joined.csv
$ /home/ubuntu/venvs/zkduel-table5/bin/python -u benchmarks/field_sweep/triton_sweep.py --workloads poly_ab_plus_c --rounds 24 --bit-widths 256 --warmups 2 --repeats 10 --seed 1 --timing-mode whole-run --challenge-mode fixed --layout element --point-mode specialized --out CAMERA-READY/h100/sweep_fixed/cases_diag_tier/poly_ab_plus_c_bw256_r24_triton.csv
poly_ab_plus_c           field=p255_bls12_381_scalar        rounds=24 first_ms=71.452 median_ms=18.607 checksum=66091597346944
CAMERA-READY/h100/sweep_fixed/cases_diag_tier/poly_ab_plus_c_bw256_r24_triton.csv
$ build/field_sumcheck_cuda_fixed --workloads poly_ab_plus_c --rounds 24 --bit-widths 256 --warmups 2 --repeats 10 --seed 1 --timing-mode whole-run --challenge-mode fixed --layout element --point-mode specialized --block 128 --out CAMERA-READY/h100/sweep_fixed/cases_diag_tier/poly_ab_plus_c_bw256_r24_cuda.csv
poly_ab_plus_c field=p255_bls12_381_scalar rounds=24 first_ms=11.8763 median_ms=11.601 checksum=66091597346944
poly_ab_plus_c           field=p255_bls12_381_scalar        rounds=24 triton_ms=18.607 cuda_ms=11.601 checksum_match=true speedup=1.603913
CAMERA-READY/h100/sweep_fixed/cases_diag_tier/poly_ab_plus_c_bw256_r24_joined.csv
ok: poly_ab_plus_c_bw256_r24
CAMERA-READY/h100/sweep_fixed/diag_tier.csv
$ /home/ubuntu/venvs/zkduel-table5/bin/python -u benchmarks/field_sweep/compare_triton_cuda.py --workloads poly_ab_plus_c --bit-widths 256 --rounds 26 --warmups 2 --repeats 10 --seed 1 --timing-mode whole-run --challenge-mode fixed --layout element --point-mode specialized --block 128 --python /home/ubuntu/venvs/zkduel-table5/bin/python --triton-script benchmarks/field_sweep/triton_sweep.py --cuda-binary build/field_sumcheck_cuda_fixed --skip-build --triton-out CAMERA-READY/h100/sweep_fixed/cases_diag_tier/poly_ab_plus_c_bw256_r26_triton.csv --cuda-out CAMERA-READY/h100/sweep_fixed/cases_diag_tier/poly_ab_plus_c_bw256_r26_cuda.csv --out CAMERA-READY/h100/sweep_fixed/cases_diag_tier/poly_ab_plus_c_bw256_r26_joined.csv
$ /home/ubuntu/venvs/zkduel-table5/bin/python -u benchmarks/field_sweep/triton_sweep.py --workloads poly_ab_plus_c --rounds 26 --bit-widths 256 --warmups 2 --repeats 10 --seed 1 --timing-mode whole-run --challenge-mode fixed --layout element --point-mode specialized --out CAMERA-READY/h100/sweep_fixed/cases_diag_tier/poly_ab_plus_c_bw256_r26_triton.csv
poly_ab_plus_c           field=p255_bls12_381_scalar        rounds=26 first_ms=100.478 median_ms=52.540 checksum=70060558294493
CAMERA-READY/h100/sweep_fixed/cases_diag_tier/poly_ab_plus_c_bw256_r26_triton.csv
$ build/field_sumcheck_cuda_fixed --workloads poly_ab_plus_c --rounds 26 --bit-widths 256 --warmups 2 --repeats 10 --seed 1 --timing-mode whole-run --challenge-mode fixed --layout element --point-mode specialized --block 128 --out CAMERA-READY/h100/sweep_fixed/cases_diag_tier/poly_ab_plus_c_bw256_r26_cuda.csv
poly_ab_plus_c field=p255_bls12_381_scalar rounds=26 first_ms=38.3934 median_ms=39.1168 checksum=70060558294493
poly_ab_plus_c           field=p255_bls12_381_scalar        rounds=26 triton_ms=52.540 cuda_ms=39.1168 checksum_match=true speedup=1.343157
CAMERA-READY/h100/sweep_fixed/cases_diag_tier/poly_ab_plus_c_bw256_r26_joined.csv
ok: poly_ab_plus_c_bw256_r26
CAMERA-READY/h100/sweep_fixed/diag_tier.csv
$ /home/ubuntu/venvs/zkduel-table5/bin/python -u benchmarks/field_sweep/compare_triton_cuda.py --workloads poly_ab_plus_c --bit-widths 256 --rounds 28 --warmups 2 --repeats 10 --seed 1 --timing-mode whole-run --challenge-mode fixed --layout element --point-mode specialized --block 128 --python /home/ubuntu/venvs/zkduel-table5/bin/python --triton-script benchmarks/field_sweep/triton_sweep.py --cuda-binary build/field_sumcheck_cuda_fixed --skip-build --triton-out CAMERA-READY/h100/sweep_fixed/cases_diag_tier/poly_ab_plus_c_bw256_r28_triton.csv --cuda-out CAMERA-READY/h100/sweep_fixed/cases_diag_tier/poly_ab_plus_c_bw256_r28_cuda.csv --out CAMERA-READY/h100/sweep_fixed/cases_diag_tier/poly_ab_plus_c_bw256_r28_joined.csv
$ /home/ubuntu/venvs/zkduel-table5/bin/python -u benchmarks/field_sweep/triton_sweep.py --workloads poly_ab_plus_c --rounds 28 --bit-widths 256 --warmups 2 --repeats 10 --seed 1 --timing-mode whole-run --challenge-mode fixed --layout element --point-mode specialized --out CAMERA-READY/h100/sweep_fixed/cases_diag_tier/poly_ab_plus_c_bw256_r28_triton.csv
poly_ab_plus_c           field=p255_bls12_381_scalar        rounds=28 first_ms=236.052 median_ms=198.576 checksum=77663032002946
CAMERA-READY/h100/sweep_fixed/cases_diag_tier/poly_ab_plus_c_bw256_r28_triton.csv
$ build/field_sumcheck_cuda_fixed --workloads poly_ab_plus_c --rounds 28 --bit-widths 256 --warmups 2 --repeats 10 --seed 1 --timing-mode whole-run --challenge-mode fixed --layout element --point-mode specialized --block 128 --out CAMERA-READY/h100/sweep_fixed/cases_diag_tier/poly_ab_plus_c_bw256_r28_cuda.csv
poly_ab_plus_c field=p255_bls12_381_scalar rounds=28 first_ms=149.444 median_ms=156.015 checksum=77663032002946
poly_ab_plus_c           field=p255_bls12_381_scalar        rounds=28 triton_ms=198.576 cuda_ms=156.015 checksum_match=true speedup=1.272801
CAMERA-READY/h100/sweep_fixed/cases_diag_tier/poly_ab_plus_c_bw256_r28_joined.csv
ok: poly_ab_plus_c_bw256_r28
CAMERA-READY/h100/sweep_fixed/diag_tier.csv
$ /home/ubuntu/venvs/zkduel-table5/bin/python -u benchmarks/field_sweep/compare_triton_cuda.py --workloads poly_abc --bit-widths 32 --rounds 14 --warmups 2 --repeats 10 --seed 1 --timing-mode whole-run --challenge-mode fixed --layout element --point-mode specialized --block 128 --python /home/ubuntu/venvs/zkduel-table5/bin/python --triton-script benchmarks/field_sweep/triton_sweep.py --cuda-binary build/field_sumcheck_cuda_fixed --skip-build --triton-out CAMERA-READY/h100/sweep_fixed/cases_diag_tier/poly_abc_bw32_r14_triton.csv --cuda-out CAMERA-READY/h100/sweep_fixed/cases_diag_tier/poly_abc_bw32_r14_cuda.csv --out CAMERA-READY/h100/sweep_fixed/cases_diag_tier/poly_abc_bw32_r14_joined.csv
$ /home/ubuntu/venvs/zkduel-table5/bin/python -u benchmarks/field_sweep/triton_sweep.py --workloads poly_abc --rounds 14 --bit-widths 32 --warmups 2 --repeats 10 --seed 1 --timing-mode whole-run --challenge-mode fixed --layout element --point-mode specialized --out CAMERA-READY/h100/sweep_fixed/cases_diag_tier/poly_abc_bw32_r14_triton.csv
poly_abc                 field=p32_2^32_minus_5             rounds=14 first_ms=32.177 median_ms=2.556 checksum=1629355370006
CAMERA-READY/h100/sweep_fixed/cases_diag_tier/poly_abc_bw32_r14_triton.csv
$ build/field_sumcheck_cuda_fixed --workloads poly_abc --rounds 14 --bit-widths 32 --warmups 2 --repeats 10 --seed 1 --timing-mode whole-run --challenge-mode fixed --layout element --point-mode specialized --block 128 --out CAMERA-READY/h100/sweep_fixed/cases_diag_tier/poly_abc_bw32_r14_cuda.csv
poly_abc field=p32_2^32_minus_5 rounds=14 first_ms=1.46104 median_ms=1.2402 checksum=1629355370006
poly_abc                 field=p32_2^32_minus_5             rounds=14 triton_ms=2.556 cuda_ms=1.2402 checksum_match=true speedup=2.060958
CAMERA-READY/h100/sweep_fixed/cases_diag_tier/poly_abc_bw32_r14_joined.csv
ok: poly_abc_bw32_r14
CAMERA-READY/h100/sweep_fixed/diag_tier.csv
$ /home/ubuntu/venvs/zkduel-table5/bin/python -u benchmarks/field_sweep/compare_triton_cuda.py --workloads poly_abc --bit-widths 32 --rounds 16 --warmups 2 --repeats 10 --seed 1 --timing-mode whole-run --challenge-mode fixed --layout element --point-mode specialized --block 128 --python /home/ubuntu/venvs/zkduel-table5/bin/python --triton-script benchmarks/field_sweep/triton_sweep.py --cuda-binary build/field_sumcheck_cuda_fixed --skip-build --triton-out CAMERA-READY/h100/sweep_fixed/cases_diag_tier/poly_abc_bw32_r16_triton.csv --cuda-out CAMERA-READY/h100/sweep_fixed/cases_diag_tier/poly_abc_bw32_r16_cuda.csv --out CAMERA-READY/h100/sweep_fixed/cases_diag_tier/poly_abc_bw32_r16_joined.csv
$ /home/ubuntu/venvs/zkduel-table5/bin/python -u benchmarks/field_sweep/triton_sweep.py --workloads poly_abc --rounds 16 --bit-widths 32 --warmups 2 --repeats 10 --seed 1 --timing-mode whole-run --challenge-mode fixed --layout element --point-mode specialized --out CAMERA-READY/h100/sweep_fixed/cases_diag_tier/poly_abc_bw32_r16_triton.csv
poly_abc                 field=p32_2^32_minus_5             rounds=16 first_ms=57.831 median_ms=5.876 checksum=1754974873795
CAMERA-READY/h100/sweep_fixed/cases_diag_tier/poly_abc_bw32_r16_triton.csv
$ build/field_sumcheck_cuda_fixed --workloads poly_abc --rounds 16 --bit-widths 32 --warmups 2 --repeats 10 --seed 1 --timing-mode whole-run --challenge-mode fixed --layout element --point-mode specialized --block 128 --out CAMERA-READY/h100/sweep_fixed/cases_diag_tier/poly_abc_bw32_r16_cuda.csv
poly_abc field=p32_2^32_minus_5 rounds=16 first_ms=1.82499 median_ms=1.62669 checksum=1754974873795
poly_abc                 field=p32_2^32_minus_5             rounds=16 triton_ms=5.876 cuda_ms=1.62669 checksum_match=true speedup=3.612243
CAMERA-READY/h100/sweep_fixed/cases_diag_tier/poly_abc_bw32_r16_joined.csv
ok: poly_abc_bw32_r16
CAMERA-READY/h100/sweep_fixed/diag_tier.csv
$ /home/ubuntu/venvs/zkduel-table5/bin/python -u benchmarks/field_sweep/compare_triton_cuda.py --workloads poly_abc --bit-widths 32 --rounds 18 --warmups 2 --repeats 10 --seed 1 --timing-mode whole-run --challenge-mode fixed --layout element --point-mode specialized --block 128 --python /home/ubuntu/venvs/zkduel-table5/bin/python --triton-script benchmarks/field_sweep/triton_sweep.py --cuda-binary build/field_sumcheck_cuda_fixed --skip-build --triton-out CAMERA-READY/h100/sweep_fixed/cases_diag_tier/poly_abc_bw32_r18_triton.csv --cuda-out CAMERA-READY/h100/sweep_fixed/cases_diag_tier/poly_abc_bw32_r18_cuda.csv --out CAMERA-READY/h100/sweep_fixed/cases_diag_tier/poly_abc_bw32_r18_joined.csv
$ /home/ubuntu/venvs/zkduel-table5/bin/python -u benchmarks/field_sweep/triton_sweep.py --workloads poly_abc --rounds 18 --bit-widths 32 --warmups 2 --repeats 10 --seed 1 --timing-mode whole-run --challenge-mode fixed --layout element --point-mode specialized --out CAMERA-READY/h100/sweep_fixed/cases_diag_tier/poly_abc_bw32_r18_triton.csv
poly_abc                 field=p32_2^32_minus_5             rounds=18 first_ms=58.726 median_ms=7.639 checksum=1949118530970
CAMERA-READY/h100/sweep_fixed/cases_diag_tier/poly_abc_bw32_r18_triton.csv
$ build/field_sumcheck_cuda_fixed --workloads poly_abc --rounds 18 --bit-widths 32 --warmups 2 --repeats 10 --seed 1 --timing-mode whole-run --challenge-mode fixed --layout element --point-mode specialized --block 128 --out CAMERA-READY/h100/sweep_fixed/cases_diag_tier/poly_abc_bw32_r18_cuda.csv
poly_abc field=p32_2^32_minus_5 rounds=18 first_ms=2.11751 median_ms=1.85558 checksum=1949118530970
poly_abc                 field=p32_2^32_minus_5             rounds=18 triton_ms=7.639 cuda_ms=1.85558 checksum_match=true speedup=4.116772
CAMERA-READY/h100/sweep_fixed/cases_diag_tier/poly_abc_bw32_r18_joined.csv
ok: poly_abc_bw32_r18
CAMERA-READY/h100/sweep_fixed/diag_tier.csv
$ /home/ubuntu/venvs/zkduel-table5/bin/python -u benchmarks/field_sweep/compare_triton_cuda.py --workloads poly_abc --bit-widths 32 --rounds 20 --warmups 2 --repeats 10 --seed 1 --timing-mode whole-run --challenge-mode fixed --layout element --point-mode specialized --block 128 --python /home/ubuntu/venvs/zkduel-table5/bin/python --triton-script benchmarks/field_sweep/triton_sweep.py --cuda-binary build/field_sumcheck_cuda_fixed --skip-build --triton-out CAMERA-READY/h100/sweep_fixed/cases_diag_tier/poly_abc_bw32_r20_triton.csv --cuda-out CAMERA-READY/h100/sweep_fixed/cases_diag_tier/poly_abc_bw32_r20_cuda.csv --out CAMERA-READY/h100/sweep_fixed/cases_diag_tier/poly_abc_bw32_r20_joined.csv
$ /home/ubuntu/venvs/zkduel-table5/bin/python -u benchmarks/field_sweep/triton_sweep.py --workloads poly_abc --rounds 20 --bit-widths 32 --warmups 2 --repeats 10 --seed 1 --timing-mode whole-run --challenge-mode fixed --layout element --point-mode specialized --out CAMERA-READY/h100/sweep_fixed/cases_diag_tier/poly_abc_bw32_r20_triton.csv
poly_abc                 field=p32_2^32_minus_5             rounds=20 first_ms=60.524 median_ms=9.713 checksum=2409898737428
CAMERA-READY/h100/sweep_fixed/cases_diag_tier/poly_abc_bw32_r20_triton.csv
$ build/field_sumcheck_cuda_fixed --workloads poly_abc --rounds 20 --bit-widths 32 --warmups 2 --repeats 10 --seed 1 --timing-mode whole-run --challenge-mode fixed --layout element --point-mode specialized --block 128 --out CAMERA-READY/h100/sweep_fixed/cases_diag_tier/poly_abc_bw32_r20_cuda.csv
poly_abc field=p32_2^32_minus_5 rounds=20 first_ms=2.53118 median_ms=2.22933 checksum=2409898737428
poly_abc                 field=p32_2^32_minus_5             rounds=20 triton_ms=9.713 cuda_ms=2.22933 checksum_match=true speedup=4.356914
CAMERA-READY/h100/sweep_fixed/cases_diag_tier/poly_abc_bw32_r20_joined.csv
ok: poly_abc_bw32_r20
CAMERA-READY/h100/sweep_fixed/diag_tier.csv
$ /home/ubuntu/venvs/zkduel-table5/bin/python -u benchmarks/field_sweep/compare_triton_cuda.py --workloads poly_abc --bit-widths 32 --rounds 22 --warmups 2 --repeats 10 --seed 1 --timing-mode whole-run --challenge-mode fixed --layout element --point-mode specialized --block 128 --python /home/ubuntu/venvs/zkduel-table5/bin/python --triton-script benchmarks/field_sweep/triton_sweep.py --cuda-binary build/field_sumcheck_cuda_fixed --skip-build --triton-out CAMERA-READY/h100/sweep_fixed/cases_diag_tier/poly_abc_bw32_r22_triton.csv --cuda-out CAMERA-READY/h100/sweep_fixed/cases_diag_tier/poly_abc_bw32_r22_cuda.csv --out CAMERA-READY/h100/sweep_fixed/cases_diag_tier/poly_abc_bw32_r22_joined.csv
$ /home/ubuntu/venvs/zkduel-table5/bin/python -u benchmarks/field_sweep/triton_sweep.py --workloads poly_abc --rounds 22 --bit-widths 32 --warmups 2 --repeats 10 --seed 1 --timing-mode whole-run --challenge-mode fixed --layout element --point-mode specialized --out CAMERA-READY/h100/sweep_fixed/cases_diag_tier/poly_abc_bw32_r22_triton.csv
poly_abc                 field=p32_2^32_minus_5             rounds=22 first_ms=64.403 median_ms=11.968 checksum=2434546975276
CAMERA-READY/h100/sweep_fixed/cases_diag_tier/poly_abc_bw32_r22_triton.csv
$ build/field_sumcheck_cuda_fixed --workloads poly_abc --rounds 22 --bit-widths 32 --warmups 2 --repeats 10 --seed 1 --timing-mode whole-run --challenge-mode fixed --layout element --point-mode specialized --block 128 --out CAMERA-READY/h100/sweep_fixed/cases_diag_tier/poly_abc_bw32_r22_cuda.csv
poly_abc field=p32_2^32_minus_5 rounds=22 first_ms=3.25314 median_ms=2.9971 checksum=2434546975276
poly_abc                 field=p32_2^32_minus_5             rounds=22 triton_ms=11.968 cuda_ms=2.9971 checksum_match=true speedup=3.993193
CAMERA-READY/h100/sweep_fixed/cases_diag_tier/poly_abc_bw32_r22_joined.csv
ok: poly_abc_bw32_r22
CAMERA-READY/h100/sweep_fixed/diag_tier.csv
$ /home/ubuntu/venvs/zkduel-table5/bin/python -u benchmarks/field_sweep/compare_triton_cuda.py --workloads poly_abc --bit-widths 32 --rounds 24 --warmups 2 --repeats 10 --seed 1 --timing-mode whole-run --challenge-mode fixed --layout element --point-mode specialized --block 128 --python /home/ubuntu/venvs/zkduel-table5/bin/python --triton-script benchmarks/field_sweep/triton_sweep.py --cuda-binary build/field_sumcheck_cuda_fixed --skip-build --triton-out CAMERA-READY/h100/sweep_fixed/cases_diag_tier/poly_abc_bw32_r24_triton.csv --cuda-out CAMERA-READY/h100/sweep_fixed/cases_diag_tier/poly_abc_bw32_r24_cuda.csv --out CAMERA-READY/h100/sweep_fixed/cases_diag_tier/poly_abc_bw32_r24_joined.csv
$ /home/ubuntu/venvs/zkduel-table5/bin/python -u benchmarks/field_sweep/triton_sweep.py --workloads poly_abc --rounds 24 --bit-widths 32 --warmups 2 --repeats 10 --seed 1 --timing-mode whole-run --challenge-mode fixed --layout element --point-mode specialized --out CAMERA-READY/h100/sweep_fixed/cases_diag_tier/poly_abc_bw32_r24_triton.csv
poly_abc                 field=p32_2^32_minus_5             rounds=24 first_ms=67.448 median_ms=16.168 checksum=2568378740135
CAMERA-READY/h100/sweep_fixed/cases_diag_tier/poly_abc_bw32_r24_triton.csv
$ build/field_sumcheck_cuda_fixed --workloads poly_abc --rounds 24 --bit-widths 32 --warmups 2 --repeats 10 --seed 1 --timing-mode whole-run --challenge-mode fixed --layout element --point-mode specialized --block 128 --out CAMERA-READY/h100/sweep_fixed/cases_diag_tier/poly_abc_bw32_r24_cuda.csv
poly_abc field=p32_2^32_minus_5 rounds=24 first_ms=4.55548 median_ms=4.29151 checksum=2568378740135
poly_abc                 field=p32_2^32_minus_5             rounds=24 triton_ms=16.168 cuda_ms=4.29151 checksum_match=true speedup=3.767439
CAMERA-READY/h100/sweep_fixed/cases_diag_tier/poly_abc_bw32_r24_joined.csv
ok: poly_abc_bw32_r24
CAMERA-READY/h100/sweep_fixed/diag_tier.csv
$ /home/ubuntu/venvs/zkduel-table5/bin/python -u benchmarks/field_sweep/compare_triton_cuda.py --workloads poly_abc --bit-widths 32 --rounds 26 --warmups 2 --repeats 10 --seed 1 --timing-mode whole-run --challenge-mode fixed --layout element --point-mode specialized --block 128 --python /home/ubuntu/venvs/zkduel-table5/bin/python --triton-script benchmarks/field_sweep/triton_sweep.py --cuda-binary build/field_sumcheck_cuda_fixed --skip-build --triton-out CAMERA-READY/h100/sweep_fixed/cases_diag_tier/poly_abc_bw32_r26_triton.csv --cuda-out CAMERA-READY/h100/sweep_fixed/cases_diag_tier/poly_abc_bw32_r26_cuda.csv --out CAMERA-READY/h100/sweep_fixed/cases_diag_tier/poly_abc_bw32_r26_joined.csv
$ /home/ubuntu/venvs/zkduel-table5/bin/python -u benchmarks/field_sweep/triton_sweep.py --workloads poly_abc --rounds 26 --bit-widths 32 --warmups 2 --repeats 10 --seed 1 --timing-mode whole-run --challenge-mode fixed --layout element --point-mode specialized --out CAMERA-READY/h100/sweep_fixed/cases_diag_tier/poly_abc_bw32_r26_triton.csv
poly_abc                 field=p32_2^32_minus_5             rounds=26 first_ms=81.972 median_ms=31.487 checksum=2776613203949
CAMERA-READY/h100/sweep_fixed/cases_diag_tier/poly_abc_bw32_r26_triton.csv
$ build/field_sumcheck_cuda_fixed --workloads poly_abc --rounds 26 --bit-widths 32 --warmups 2 --repeats 10 --seed 1 --timing-mode whole-run --challenge-mode fixed --layout element --point-mode specialized --block 128 --out CAMERA-READY/h100/sweep_fixed/cases_diag_tier/poly_abc_bw32_r26_cuda.csv
poly_abc field=p32_2^32_minus_5 rounds=26 first_ms=8.34709 median_ms=8.09887 checksum=2776613203949
poly_abc                 field=p32_2^32_minus_5             rounds=26 triton_ms=31.487 cuda_ms=8.09887 checksum_match=true speedup=3.887826
CAMERA-READY/h100/sweep_fixed/cases_diag_tier/poly_abc_bw32_r26_joined.csv
ok: poly_abc_bw32_r26
CAMERA-READY/h100/sweep_fixed/diag_tier.csv
$ /home/ubuntu/venvs/zkduel-table5/bin/python -u benchmarks/field_sweep/compare_triton_cuda.py --workloads poly_abc --bit-widths 32 --rounds 28 --warmups 2 --repeats 10 --seed 1 --timing-mode whole-run --challenge-mode fixed --layout element --point-mode specialized --block 128 --python /home/ubuntu/venvs/zkduel-table5/bin/python --triton-script benchmarks/field_sweep/triton_sweep.py --cuda-binary build/field_sumcheck_cuda_fixed --skip-build --triton-out CAMERA-READY/h100/sweep_fixed/cases_diag_tier/poly_abc_bw32_r28_triton.csv --cuda-out CAMERA-READY/h100/sweep_fixed/cases_diag_tier/poly_abc_bw32_r28_cuda.csv --out CAMERA-READY/h100/sweep_fixed/cases_diag_tier/poly_abc_bw32_r28_joined.csv
$ /home/ubuntu/venvs/zkduel-table5/bin/python -u benchmarks/field_sweep/triton_sweep.py --workloads poly_abc --rounds 28 --bit-widths 32 --warmups 2 --repeats 10 --seed 1 --timing-mode whole-run --challenge-mode fixed --layout element --point-mode specialized --out CAMERA-READY/h100/sweep_fixed/cases_diag_tier/poly_abc_bw32_r28_triton.csv
poly_abc                 field=p32_2^32_minus_5             rounds=28 first_ms=138.952 median_ms=90.310 checksum=3209736468081
CAMERA-READY/h100/sweep_fixed/cases_diag_tier/poly_abc_bw32_r28_triton.csv
$ build/field_sumcheck_cuda_fixed --workloads poly_abc --rounds 28 --bit-widths 32 --warmups 2 --repeats 10 --seed 1 --timing-mode whole-run --challenge-mode fixed --layout element --point-mode specialized --block 128 --out CAMERA-READY/h100/sweep_fixed/cases_diag_tier/poly_abc_bw32_r28_cuda.csv
poly_abc field=p32_2^32_minus_5 rounds=28 first_ms=22.8816 median_ms=22.5801 checksum=3209736468081
poly_abc                 field=p32_2^32_minus_5             rounds=28 triton_ms=90.310 cuda_ms=22.5801 checksum_match=true speedup=3.999539
CAMERA-READY/h100/sweep_fixed/cases_diag_tier/poly_abc_bw32_r28_joined.csv
ok: poly_abc_bw32_r28
CAMERA-READY/h100/sweep_fixed/diag_tier.csv
$ /home/ubuntu/venvs/zkduel-table5/bin/python -u benchmarks/field_sweep/compare_triton_cuda.py --workloads poly_abc --bit-widths 64 --rounds 14 --warmups 2 --repeats 10 --seed 1 --timing-mode whole-run --challenge-mode fixed --layout element --point-mode specialized --block 128 --python /home/ubuntu/venvs/zkduel-table5/bin/python --triton-script benchmarks/field_sweep/triton_sweep.py --cuda-binary build/field_sumcheck_cuda_fixed --skip-build --triton-out CAMERA-READY/h100/sweep_fixed/cases_diag_tier/poly_abc_bw64_r14_triton.csv --cuda-out CAMERA-READY/h100/sweep_fixed/cases_diag_tier/poly_abc_bw64_r14_cuda.csv --out CAMERA-READY/h100/sweep_fixed/cases_diag_tier/poly_abc_bw64_r14_joined.csv
$ /home/ubuntu/venvs/zkduel-table5/bin/python -u benchmarks/field_sweep/triton_sweep.py --workloads poly_abc --rounds 14 --bit-widths 64 --warmups 2 --repeats 10 --seed 1 --timing-mode whole-run --challenge-mode fixed --layout element --point-mode specialized --out CAMERA-READY/h100/sweep_fixed/cases_diag_tier/poly_abc_bw64_r14_triton.csv
poly_abc                 field=p64_goldilocks               rounds=14 first_ms=57.282 median_ms=4.580 checksum=4661844084170
CAMERA-READY/h100/sweep_fixed/cases_diag_tier/poly_abc_bw64_r14_triton.csv
$ build/field_sumcheck_cuda_fixed --workloads poly_abc --rounds 14 --bit-widths 64 --warmups 2 --repeats 10 --seed 1 --timing-mode whole-run --challenge-mode fixed --layout element --point-mode specialized --block 128 --out CAMERA-READY/h100/sweep_fixed/cases_diag_tier/poly_abc_bw64_r14_cuda.csv
poly_abc field=p64_goldilocks rounds=14 first_ms=1.546 median_ms=1.32703 checksum=4661844084170
poly_abc                 field=p64_goldilocks               rounds=14 triton_ms=4.580 cuda_ms=1.32703 checksum_match=true speedup=3.451316
CAMERA-READY/h100/sweep_fixed/cases_diag_tier/poly_abc_bw64_r14_joined.csv
ok: poly_abc_bw64_r14
CAMERA-READY/h100/sweep_fixed/diag_tier.csv
$ /home/ubuntu/venvs/zkduel-table5/bin/python -u benchmarks/field_sweep/compare_triton_cuda.py --workloads poly_abc --bit-widths 64 --rounds 16 --warmups 2 --repeats 10 --seed 1 --timing-mode whole-run --challenge-mode fixed --layout element --point-mode specialized --block 128 --python /home/ubuntu/venvs/zkduel-table5/bin/python --triton-script benchmarks/field_sweep/triton_sweep.py --cuda-binary build/field_sumcheck_cuda_fixed --skip-build --triton-out CAMERA-READY/h100/sweep_fixed/cases_diag_tier/poly_abc_bw64_r16_triton.csv --cuda-out CAMERA-READY/h100/sweep_fixed/cases_diag_tier/poly_abc_bw64_r16_cuda.csv --out CAMERA-READY/h100/sweep_fixed/cases_diag_tier/poly_abc_bw64_r16_joined.csv
$ /home/ubuntu/venvs/zkduel-table5/bin/python -u benchmarks/field_sweep/triton_sweep.py --workloads poly_abc --rounds 16 --bit-widths 64 --warmups 2 --repeats 10 --seed 1 --timing-mode whole-run --challenge-mode fixed --layout element --point-mode specialized --out CAMERA-READY/h100/sweep_fixed/cases_diag_tier/poly_abc_bw64_r16_triton.csv
poly_abc                 field=p64_goldilocks               rounds=16 first_ms=56.941 median_ms=5.970 checksum=5560885321238
CAMERA-READY/h100/sweep_fixed/cases_diag_tier/poly_abc_bw64_r16_triton.csv
$ build/field_sumcheck_cuda_fixed --workloads poly_abc --rounds 16 --bit-widths 64 --warmups 2 --repeats 10 --seed 1 --timing-mode whole-run --challenge-mode fixed --layout element --point-mode specialized --block 128 --out CAMERA-READY/h100/sweep_fixed/cases_diag_tier/poly_abc_bw64_r16_cuda.csv
poly_abc field=p64_goldilocks rounds=16 first_ms=1.84393 median_ms=1.66648 checksum=5560885321238
poly_abc                 field=p64_goldilocks               rounds=16 triton_ms=5.970 cuda_ms=1.66648 checksum_match=true speedup=3.582401
CAMERA-READY/h100/sweep_fixed/cases_diag_tier/poly_abc_bw64_r16_joined.csv
ok: poly_abc_bw64_r16
CAMERA-READY/h100/sweep_fixed/diag_tier.csv
$ /home/ubuntu/venvs/zkduel-table5/bin/python -u benchmarks/field_sweep/compare_triton_cuda.py --workloads poly_abc --bit-widths 64 --rounds 18 --warmups 2 --repeats 10 --seed 1 --timing-mode whole-run --challenge-mode fixed --layout element --point-mode specialized --block 128 --python /home/ubuntu/venvs/zkduel-table5/bin/python --triton-script benchmarks/field_sweep/triton_sweep.py --cuda-binary build/field_sumcheck_cuda_fixed --skip-build --triton-out CAMERA-READY/h100/sweep_fixed/cases_diag_tier/poly_abc_bw64_r18_triton.csv --cuda-out CAMERA-READY/h100/sweep_fixed/cases_diag_tier/poly_abc_bw64_r18_cuda.csv --out CAMERA-READY/h100/sweep_fixed/cases_diag_tier/poly_abc_bw64_r18_joined.csv
$ /home/ubuntu/venvs/zkduel-table5/bin/python -u benchmarks/field_sweep/triton_sweep.py --workloads poly_abc --rounds 18 --bit-widths 64 --warmups 2 --repeats 10 --seed 1 --timing-mode whole-run --challenge-mode fixed --layout element --point-mode specialized --out CAMERA-READY/h100/sweep_fixed/cases_diag_tier/poly_abc_bw64_r18_triton.csv
poly_abc                 field=p64_goldilocks               rounds=18 first_ms=59.340 median_ms=7.669 checksum=5857558900557
CAMERA-READY/h100/sweep_fixed/cases_diag_tier/poly_abc_bw64_r18_triton.csv
$ build/field_sumcheck_cuda_fixed --workloads poly_abc --rounds 18 --bit-widths 64 --warmups 2 --repeats 10 --seed 1 --timing-mode whole-run --challenge-mode fixed --layout element --point-mode specialized --block 128 --out CAMERA-READY/h100/sweep_fixed/cases_diag_tier/poly_abc_bw64_r18_cuda.csv
poly_abc field=p64_goldilocks rounds=18 first_ms=2.25967 median_ms=2.02229 checksum=5857558900557
poly_abc                 field=p64_goldilocks               rounds=18 triton_ms=7.669 cuda_ms=2.02229 checksum_match=true speedup=3.792236
CAMERA-READY/h100/sweep_fixed/cases_diag_tier/poly_abc_bw64_r18_joined.csv
ok: poly_abc_bw64_r18
CAMERA-READY/h100/sweep_fixed/diag_tier.csv
$ /home/ubuntu/venvs/zkduel-table5/bin/python -u benchmarks/field_sweep/compare_triton_cuda.py --workloads poly_abc --bit-widths 64 --rounds 20 --warmups 2 --repeats 10 --seed 1 --timing-mode whole-run --challenge-mode fixed --layout element --point-mode specialized --block 128 --python /home/ubuntu/venvs/zkduel-table5/bin/python --triton-script benchmarks/field_sweep/triton_sweep.py --cuda-binary build/field_sumcheck_cuda_fixed --skip-build --triton-out CAMERA-READY/h100/sweep_fixed/cases_diag_tier/poly_abc_bw64_r20_triton.csv --cuda-out CAMERA-READY/h100/sweep_fixed/cases_diag_tier/poly_abc_bw64_r20_cuda.csv --out CAMERA-READY/h100/sweep_fixed/cases_diag_tier/poly_abc_bw64_r20_joined.csv
$ /home/ubuntu/venvs/zkduel-table5/bin/python -u benchmarks/field_sweep/triton_sweep.py --workloads poly_abc --rounds 20 --bit-widths 64 --warmups 2 --repeats 10 --seed 1 --timing-mode whole-run --challenge-mode fixed --layout element --point-mode specialized --out CAMERA-READY/h100/sweep_fixed/cases_diag_tier/poly_abc_bw64_r20_triton.csv
poly_abc                 field=p64_goldilocks               rounds=20 first_ms=75.186 median_ms=9.759 checksum=6573293117417
CAMERA-READY/h100/sweep_fixed/cases_diag_tier/poly_abc_bw64_r20_triton.csv
$ build/field_sumcheck_cuda_fixed --workloads poly_abc --rounds 20 --bit-widths 64 --warmups 2 --repeats 10 --seed 1 --timing-mode whole-run --challenge-mode fixed --layout element --point-mode specialized --block 128 --out CAMERA-READY/h100/sweep_fixed/cases_diag_tier/poly_abc_bw64_r20_cuda.csv
poly_abc field=p64_goldilocks rounds=20 first_ms=2.83351 median_ms=2.47186 checksum=6573293117417
poly_abc                 field=p64_goldilocks               rounds=20 triton_ms=9.759 cuda_ms=2.47186 checksum_match=true speedup=3.948039
CAMERA-READY/h100/sweep_fixed/cases_diag_tier/poly_abc_bw64_r20_joined.csv
ok: poly_abc_bw64_r20
CAMERA-READY/h100/sweep_fixed/diag_tier.csv
$ /home/ubuntu/venvs/zkduel-table5/bin/python -u benchmarks/field_sweep/compare_triton_cuda.py --workloads poly_abc --bit-widths 64 --rounds 22 --warmups 2 --repeats 10 --seed 1 --timing-mode whole-run --challenge-mode fixed --layout element --point-mode specialized --block 128 --python /home/ubuntu/venvs/zkduel-table5/bin/python --triton-script benchmarks/field_sweep/triton_sweep.py --cuda-binary build/field_sumcheck_cuda_fixed --skip-build --triton-out CAMERA-READY/h100/sweep_fixed/cases_diag_tier/poly_abc_bw64_r22_triton.csv --cuda-out CAMERA-READY/h100/sweep_fixed/cases_diag_tier/poly_abc_bw64_r22_cuda.csv --out CAMERA-READY/h100/sweep_fixed/cases_diag_tier/poly_abc_bw64_r22_joined.csv
$ /home/ubuntu/venvs/zkduel-table5/bin/python -u benchmarks/field_sweep/triton_sweep.py --workloads poly_abc --rounds 22 --bit-widths 64 --warmups 2 --repeats 10 --seed 1 --timing-mode whole-run --challenge-mode fixed --layout element --point-mode specialized --out CAMERA-READY/h100/sweep_fixed/cases_diag_tier/poly_abc_bw64_r22_triton.csv
poly_abc                 field=p64_goldilocks               rounds=22 first_ms=64.744 median_ms=12.287 checksum=7402642486616
CAMERA-READY/h100/sweep_fixed/cases_diag_tier/poly_abc_bw64_r22_triton.csv
$ build/field_sumcheck_cuda_fixed --workloads poly_abc --rounds 22 --bit-widths 64 --warmups 2 --repeats 10 --seed 1 --timing-mode whole-run --challenge-mode fixed --layout element --point-mode specialized --block 128 --out CAMERA-READY/h100/sweep_fixed/cases_diag_tier/poly_abc_bw64_r22_cuda.csv
poly_abc field=p64_goldilocks rounds=22 first_ms=3.4906 median_ms=3.24549 checksum=7402642486616
poly_abc                 field=p64_goldilocks               rounds=22 triton_ms=12.287 cuda_ms=3.24549 checksum_match=true speedup=3.785869
CAMERA-READY/h100/sweep_fixed/cases_diag_tier/poly_abc_bw64_r22_joined.csv
ok: poly_abc_bw64_r22
CAMERA-READY/h100/sweep_fixed/diag_tier.csv
$ /home/ubuntu/venvs/zkduel-table5/bin/python -u benchmarks/field_sweep/compare_triton_cuda.py --workloads poly_abc --bit-widths 64 --rounds 24 --warmups 2 --repeats 10 --seed 1 --timing-mode whole-run --challenge-mode fixed --layout element --point-mode specialized --block 128 --python /home/ubuntu/venvs/zkduel-table5/bin/python --triton-script benchmarks/field_sweep/triton_sweep.py --cuda-binary build/field_sumcheck_cuda_fixed --skip-build --triton-out CAMERA-READY/h100/sweep_fixed/cases_diag_tier/poly_abc_bw64_r24_triton.csv --cuda-out CAMERA-READY/h100/sweep_fixed/cases_diag_tier/poly_abc_bw64_r24_cuda.csv --out CAMERA-READY/h100/sweep_fixed/cases_diag_tier/poly_abc_bw64_r24_joined.csv
$ /home/ubuntu/venvs/zkduel-table5/bin/python -u benchmarks/field_sweep/triton_sweep.py --workloads poly_abc --rounds 24 --bit-widths 64 --warmups 2 --repeats 10 --seed 1 --timing-mode whole-run --challenge-mode fixed --layout element --point-mode specialized --out CAMERA-READY/h100/sweep_fixed/cases_diag_tier/poly_abc_bw64_r24_triton.csv
poly_abc                 field=p64_goldilocks               rounds=24 first_ms=67.050 median_ms=16.322 checksum=8239108398638
CAMERA-READY/h100/sweep_fixed/cases_diag_tier/poly_abc_bw64_r24_triton.csv
$ build/field_sumcheck_cuda_fixed --workloads poly_abc --rounds 24 --bit-widths 64 --warmups 2 --repeats 10 --seed 1 --timing-mode whole-run --challenge-mode fixed --layout element --point-mode specialized --block 128 --out CAMERA-READY/h100/sweep_fixed/cases_diag_tier/poly_abc_bw64_r24_cuda.csv
poly_abc field=p64_goldilocks rounds=24 first_ms=5.62941 median_ms=5.41375 checksum=8239108398638
poly_abc                 field=p64_goldilocks               rounds=24 triton_ms=16.322 cuda_ms=5.41375 checksum_match=true speedup=3.014916
CAMERA-READY/h100/sweep_fixed/cases_diag_tier/poly_abc_bw64_r24_joined.csv
ok: poly_abc_bw64_r24
CAMERA-READY/h100/sweep_fixed/diag_tier.csv
$ /home/ubuntu/venvs/zkduel-table5/bin/python -u benchmarks/field_sweep/compare_triton_cuda.py --workloads poly_abc --bit-widths 64 --rounds 26 --warmups 2 --repeats 10 --seed 1 --timing-mode whole-run --challenge-mode fixed --layout element --point-mode specialized --block 128 --python /home/ubuntu/venvs/zkduel-table5/bin/python --triton-script benchmarks/field_sweep/triton_sweep.py --cuda-binary build/field_sumcheck_cuda_fixed --skip-build --triton-out CAMERA-READY/h100/sweep_fixed/cases_diag_tier/poly_abc_bw64_r26_triton.csv --cuda-out CAMERA-READY/h100/sweep_fixed/cases_diag_tier/poly_abc_bw64_r26_cuda.csv --out CAMERA-READY/h100/sweep_fixed/cases_diag_tier/poly_abc_bw64_r26_joined.csv
$ /home/ubuntu/venvs/zkduel-table5/bin/python -u benchmarks/field_sweep/triton_sweep.py --workloads poly_abc --rounds 26 --bit-widths 64 --warmups 2 --repeats 10 --seed 1 --timing-mode whole-run --challenge-mode fixed --layout element --point-mode specialized --out CAMERA-READY/h100/sweep_fixed/cases_diag_tier/poly_abc_bw64_r26_triton.csv
poly_abc                 field=p64_goldilocks               rounds=26 first_ms=80.550 median_ms=31.082 checksum=8632965039101
CAMERA-READY/h100/sweep_fixed/cases_diag_tier/poly_abc_bw64_r26_triton.csv
$ build/field_sumcheck_cuda_fixed --workloads poly_abc --rounds 26 --bit-widths 64 --warmups 2 --repeats 10 --seed 1 --timing-mode whole-run --challenge-mode fixed --layout element --point-mode specialized --block 128 --out CAMERA-READY/h100/sweep_fixed/cases_diag_tier/poly_abc_bw64_r26_cuda.csv
poly_abc field=p64_goldilocks rounds=26 first_ms=12.9775 median_ms=12.7543 checksum=8632965039101
poly_abc                 field=p64_goldilocks               rounds=26 triton_ms=31.082 cuda_ms=12.7543 checksum_match=true speedup=2.436982
CAMERA-READY/h100/sweep_fixed/cases_diag_tier/poly_abc_bw64_r26_joined.csv
ok: poly_abc_bw64_r26
CAMERA-READY/h100/sweep_fixed/diag_tier.csv
$ /home/ubuntu/venvs/zkduel-table5/bin/python -u benchmarks/field_sweep/compare_triton_cuda.py --workloads poly_abc --bit-widths 64 --rounds 28 --warmups 2 --repeats 10 --seed 1 --timing-mode whole-run --challenge-mode fixed --layout element --point-mode specialized --block 128 --python /home/ubuntu/venvs/zkduel-table5/bin/python --triton-script benchmarks/field_sweep/triton_sweep.py --cuda-binary build/field_sumcheck_cuda_fixed --skip-build --triton-out CAMERA-READY/h100/sweep_fixed/cases_diag_tier/poly_abc_bw64_r28_triton.csv --cuda-out CAMERA-READY/h100/sweep_fixed/cases_diag_tier/poly_abc_bw64_r28_cuda.csv --out CAMERA-READY/h100/sweep_fixed/cases_diag_tier/poly_abc_bw64_r28_joined.csv
$ /home/ubuntu/venvs/zkduel-table5/bin/python -u benchmarks/field_sweep/triton_sweep.py --workloads poly_abc --rounds 28 --bit-widths 64 --warmups 2 --repeats 10 --seed 1 --timing-mode whole-run --challenge-mode fixed --layout element --point-mode specialized --out CAMERA-READY/h100/sweep_fixed/cases_diag_tier/poly_abc_bw64_r28_triton.csv
poly_abc                 field=p64_goldilocks               rounds=28 first_ms=137.381 median_ms=88.686 checksum=9438096950256
CAMERA-READY/h100/sweep_fixed/cases_diag_tier/poly_abc_bw64_r28_triton.csv
$ build/field_sumcheck_cuda_fixed --workloads poly_abc --rounds 28 --bit-widths 64 --warmups 2 --repeats 10 --seed 1 --timing-mode whole-run --challenge-mode fixed --layout element --point-mode specialized --block 128 --out CAMERA-READY/h100/sweep_fixed/cases_diag_tier/poly_abc_bw64_r28_cuda.csv
poly_abc field=p64_goldilocks rounds=28 first_ms=40.7806 median_ms=40.8443 checksum=9438096950256
poly_abc                 field=p64_goldilocks               rounds=28 triton_ms=88.686 cuda_ms=40.8443 checksum_match=true speedup=2.171319
CAMERA-READY/h100/sweep_fixed/cases_diag_tier/poly_abc_bw64_r28_joined.csv
ok: poly_abc_bw64_r28
CAMERA-READY/h100/sweep_fixed/diag_tier.csv
$ /home/ubuntu/venvs/zkduel-table5/bin/python -u benchmarks/field_sweep/compare_triton_cuda.py --workloads poly_abc --bit-widths 128 --rounds 14 --warmups 2 --repeats 10 --seed 1 --timing-mode whole-run --challenge-mode fixed --layout element --point-mode specialized --block 128 --python /home/ubuntu/venvs/zkduel-table5/bin/python --triton-script benchmarks/field_sweep/triton_sweep.py --cuda-binary build/field_sumcheck_cuda_fixed --skip-build --triton-out CAMERA-READY/h100/sweep_fixed/cases_diag_tier/poly_abc_bw128_r14_triton.csv --cuda-out CAMERA-READY/h100/sweep_fixed/cases_diag_tier/poly_abc_bw128_r14_cuda.csv --out CAMERA-READY/h100/sweep_fixed/cases_diag_tier/poly_abc_bw128_r14_joined.csv
$ /home/ubuntu/venvs/zkduel-table5/bin/python -u benchmarks/field_sweep/triton_sweep.py --workloads poly_abc --rounds 14 --bit-widths 128 --warmups 2 --repeats 10 --seed 1 --timing-mode whole-run --challenge-mode fixed --layout element --point-mode specialized --out CAMERA-READY/h100/sweep_fixed/cases_diag_tier/poly_abc_bw128_r14_triton.csv
poly_abc                 field=p128_mersenne_2^127_minus_1  rounds=14 first_ms=32.097 median_ms=2.671 checksum=8588728363072
CAMERA-READY/h100/sweep_fixed/cases_diag_tier/poly_abc_bw128_r14_triton.csv
$ build/field_sumcheck_cuda_fixed --workloads poly_abc --rounds 14 --bit-widths 128 --warmups 2 --repeats 10 --seed 1 --timing-mode whole-run --challenge-mode fixed --layout element --point-mode specialized --block 128 --out CAMERA-READY/h100/sweep_fixed/cases_diag_tier/poly_abc_bw128_r14_cuda.csv
poly_abc field=p128_mersenne_2^127_minus_1 rounds=14 first_ms=1.63821 median_ms=1.38615 checksum=8588728363072
poly_abc                 field=p128_mersenne_2^127_minus_1  rounds=14 triton_ms=2.671 cuda_ms=1.38615 checksum_match=true speedup=1.926920
CAMERA-READY/h100/sweep_fixed/cases_diag_tier/poly_abc_bw128_r14_joined.csv
ok: poly_abc_bw128_r14
CAMERA-READY/h100/sweep_fixed/diag_tier.csv
$ /home/ubuntu/venvs/zkduel-table5/bin/python -u benchmarks/field_sweep/compare_triton_cuda.py --workloads poly_abc --bit-widths 128 --rounds 16 --warmups 2 --repeats 10 --seed 1 --timing-mode whole-run --challenge-mode fixed --layout element --point-mode specialized --block 128 --python /home/ubuntu/venvs/zkduel-table5/bin/python --triton-script benchmarks/field_sweep/triton_sweep.py --cuda-binary build/field_sumcheck_cuda_fixed --skip-build --triton-out CAMERA-READY/h100/sweep_fixed/cases_diag_tier/poly_abc_bw128_r16_triton.csv --cuda-out CAMERA-READY/h100/sweep_fixed/cases_diag_tier/poly_abc_bw128_r16_cuda.csv --out CAMERA-READY/h100/sweep_fixed/cases_diag_tier/poly_abc_bw128_r16_joined.csv
$ /home/ubuntu/venvs/zkduel-table5/bin/python -u benchmarks/field_sweep/triton_sweep.py --workloads poly_abc --rounds 16 --bit-widths 128 --warmups 2 --repeats 10 --seed 1 --timing-mode whole-run --challenge-mode fixed --layout element --point-mode specialized --out CAMERA-READY/h100/sweep_fixed/cases_diag_tier/poly_abc_bw128_r16_triton.csv
poly_abc                 field=p128_mersenne_2^127_minus_1  rounds=16 first_ms=36.675 median_ms=3.445 checksum=11161169057493
CAMERA-READY/h100/sweep_fixed/cases_diag_tier/poly_abc_bw128_r16_triton.csv
$ build/field_sumcheck_cuda_fixed --workloads poly_abc --rounds 16 --bit-widths 128 --warmups 2 --repeats 10 --seed 1 --timing-mode whole-run --challenge-mode fixed --layout element --point-mode specialized --block 128 --out CAMERA-READY/h100/sweep_fixed/cases_diag_tier/poly_abc_bw128_r16_cuda.csv
poly_abc field=p128_mersenne_2^127_minus_1 rounds=16 first_ms=1.97504 median_ms=1.70271 checksum=11161169057493
poly_abc                 field=p128_mersenne_2^127_minus_1  rounds=16 triton_ms=3.445 cuda_ms=1.70271 checksum_match=true speedup=2.023245
CAMERA-READY/h100/sweep_fixed/cases_diag_tier/poly_abc_bw128_r16_joined.csv
ok: poly_abc_bw128_r16
CAMERA-READY/h100/sweep_fixed/diag_tier.csv
$ /home/ubuntu/venvs/zkduel-table5/bin/python -u benchmarks/field_sweep/compare_triton_cuda.py --workloads poly_abc --bit-widths 128 --rounds 18 --warmups 2 --repeats 10 --seed 1 --timing-mode whole-run --challenge-mode fixed --layout element --point-mode specialized --block 128 --python /home/ubuntu/venvs/zkduel-table5/bin/python --triton-script benchmarks/field_sweep/triton_sweep.py --cuda-binary build/field_sumcheck_cuda_fixed --skip-build --triton-out CAMERA-READY/h100/sweep_fixed/cases_diag_tier/poly_abc_bw128_r18_triton.csv --cuda-out CAMERA-READY/h100/sweep_fixed/cases_diag_tier/poly_abc_bw128_r18_cuda.csv --out CAMERA-READY/h100/sweep_fixed/cases_diag_tier/poly_abc_bw128_r18_joined.csv
$ /home/ubuntu/venvs/zkduel-table5/bin/python -u benchmarks/field_sweep/triton_sweep.py --workloads poly_abc --rounds 18 --bit-widths 128 --warmups 2 --repeats 10 --seed 1 --timing-mode whole-run --challenge-mode fixed --layout element --point-mode specialized --out CAMERA-READY/h100/sweep_fixed/cases_diag_tier/poly_abc_bw128_r18_triton.csv
poly_abc                 field=p128_mersenne_2^127_minus_1  rounds=18 first_ms=36.353 median_ms=4.461 checksum=11842256992241
CAMERA-READY/h100/sweep_fixed/cases_diag_tier/poly_abc_bw128_r18_triton.csv
$ build/field_sumcheck_cuda_fixed --workloads poly_abc --rounds 18 --bit-widths 128 --warmups 2 --repeats 10 --seed 1 --timing-mode whole-run --challenge-mode fixed --layout element --point-mode specialized --block 128 --out CAMERA-READY/h100/sweep_fixed/cases_diag_tier/poly_abc_bw128_r18_cuda.csv
poly_abc field=p128_mersenne_2^127_minus_1 rounds=18 first_ms=2.274 median_ms=2.02974 checksum=11842256992241
poly_abc                 field=p128_mersenne_2^127_minus_1  rounds=18 triton_ms=4.461 cuda_ms=2.02974 checksum_match=true speedup=2.197818
CAMERA-READY/h100/sweep_fixed/cases_diag_tier/poly_abc_bw128_r18_joined.csv
ok: poly_abc_bw128_r18
CAMERA-READY/h100/sweep_fixed/diag_tier.csv
$ /home/ubuntu/venvs/zkduel-table5/bin/python -u benchmarks/field_sweep/compare_triton_cuda.py --workloads poly_abc --bit-widths 128 --rounds 20 --warmups 2 --repeats 10 --seed 1 --timing-mode whole-run --challenge-mode fixed --layout element --point-mode specialized --block 128 --python /home/ubuntu/venvs/zkduel-table5/bin/python --triton-script benchmarks/field_sweep/triton_sweep.py --cuda-binary build/field_sumcheck_cuda_fixed --skip-build --triton-out CAMERA-READY/h100/sweep_fixed/cases_diag_tier/poly_abc_bw128_r20_triton.csv --cuda-out CAMERA-READY/h100/sweep_fixed/cases_diag_tier/poly_abc_bw128_r20_cuda.csv --out CAMERA-READY/h100/sweep_fixed/cases_diag_tier/poly_abc_bw128_r20_joined.csv
$ /home/ubuntu/venvs/zkduel-table5/bin/python -u benchmarks/field_sweep/triton_sweep.py --workloads poly_abc --rounds 20 --bit-widths 128 --warmups 2 --repeats 10 --seed 1 --timing-mode whole-run --challenge-mode fixed --layout element --point-mode specialized --out CAMERA-READY/h100/sweep_fixed/cases_diag_tier/poly_abc_bw128_r20_triton.csv
poly_abc                 field=p128_mersenne_2^127_minus_1  rounds=20 first_ms=35.504 median_ms=5.691 checksum=13409686442152
CAMERA-READY/h100/sweep_fixed/cases_diag_tier/poly_abc_bw128_r20_triton.csv
$ build/field_sumcheck_cuda_fixed --workloads poly_abc --rounds 20 --bit-widths 128 --warmups 2 --repeats 10 --seed 1 --timing-mode whole-run --challenge-mode fixed --layout element --point-mode specialized --block 128 --out CAMERA-READY/h100/sweep_fixed/cases_diag_tier/poly_abc_bw128_r20_cuda.csv
poly_abc field=p128_mersenne_2^127_minus_1 rounds=20 first_ms=2.91354 median_ms=2.66528 checksum=13409686442152
poly_abc                 field=p128_mersenne_2^127_minus_1  rounds=20 triton_ms=5.691 cuda_ms=2.66528 checksum_match=true speedup=2.135235
CAMERA-READY/h100/sweep_fixed/cases_diag_tier/poly_abc_bw128_r20_joined.csv
ok: poly_abc_bw128_r20
CAMERA-READY/h100/sweep_fixed/diag_tier.csv
$ /home/ubuntu/venvs/zkduel-table5/bin/python -u benchmarks/field_sweep/compare_triton_cuda.py --workloads poly_abc --bit-widths 128 --rounds 22 --warmups 2 --repeats 10 --seed 1 --timing-mode whole-run --challenge-mode fixed --layout element --point-mode specialized --block 128 --python /home/ubuntu/venvs/zkduel-table5/bin/python --triton-script benchmarks/field_sweep/triton_sweep.py --cuda-binary build/field_sumcheck_cuda_fixed --skip-build --triton-out CAMERA-READY/h100/sweep_fixed/cases_diag_tier/poly_abc_bw128_r22_triton.csv --cuda-out CAMERA-READY/h100/sweep_fixed/cases_diag_tier/poly_abc_bw128_r22_cuda.csv --out CAMERA-READY/h100/sweep_fixed/cases_diag_tier/poly_abc_bw128_r22_joined.csv
$ /home/ubuntu/venvs/zkduel-table5/bin/python -u benchmarks/field_sweep/triton_sweep.py --workloads poly_abc --rounds 22 --bit-widths 128 --warmups 2 --repeats 10 --seed 1 --timing-mode whole-run --challenge-mode fixed --layout element --point-mode specialized --out CAMERA-READY/h100/sweep_fixed/cases_diag_tier/poly_abc_bw128_r22_triton.csv
poly_abc                 field=p128_mersenne_2^127_minus_1  rounds=22 first_ms=65.665 median_ms=11.990 checksum=14704297880896
CAMERA-READY/h100/sweep_fixed/cases_diag_tier/poly_abc_bw128_r22_triton.csv
$ build/field_sumcheck_cuda_fixed --workloads poly_abc --rounds 22 --bit-widths 128 --warmups 2 --repeats 10 --seed 1 --timing-mode whole-run --challenge-mode fixed --layout element --point-mode specialized --block 128 --out CAMERA-READY/h100/sweep_fixed/cases_diag_tier/poly_abc_bw128_r22_cuda.csv
poly_abc field=p128_mersenne_2^127_minus_1 rounds=22 first_ms=4.11945 median_ms=3.89089 checksum=14704297880896
poly_abc                 field=p128_mersenne_2^127_minus_1  rounds=22 triton_ms=11.990 cuda_ms=3.89089 checksum_match=true speedup=3.081557
CAMERA-READY/h100/sweep_fixed/cases_diag_tier/poly_abc_bw128_r22_joined.csv
ok: poly_abc_bw128_r22
CAMERA-READY/h100/sweep_fixed/diag_tier.csv
$ /home/ubuntu/venvs/zkduel-table5/bin/python -u benchmarks/field_sweep/compare_triton_cuda.py --workloads poly_abc --bit-widths 128 --rounds 24 --warmups 2 --repeats 10 --seed 1 --timing-mode whole-run --challenge-mode fixed --layout element --point-mode specialized --block 128 --python /home/ubuntu/venvs/zkduel-table5/bin/python --triton-script benchmarks/field_sweep/triton_sweep.py --cuda-binary build/field_sumcheck_cuda_fixed --skip-build --triton-out CAMERA-READY/h100/sweep_fixed/cases_diag_tier/poly_abc_bw128_r24_triton.csv --cuda-out CAMERA-READY/h100/sweep_fixed/cases_diag_tier/poly_abc_bw128_r24_cuda.csv --out CAMERA-READY/h100/sweep_fixed/cases_diag_tier/poly_abc_bw128_r24_joined.csv
$ /home/ubuntu/venvs/zkduel-table5/bin/python -u benchmarks/field_sweep/triton_sweep.py --workloads poly_abc --rounds 24 --bit-widths 128 --warmups 2 --repeats 10 --seed 1 --timing-mode whole-run --challenge-mode fixed --layout element --point-mode specialized --out CAMERA-READY/h100/sweep_fixed/cases_diag_tier/poly_abc_bw128_r24_triton.csv
poly_abc                 field=p128_mersenne_2^127_minus_1  rounds=24 first_ms=71.699 median_ms=18.583 checksum=20202434946135
CAMERA-READY/h100/sweep_fixed/cases_diag_tier/poly_abc_bw128_r24_triton.csv
$ build/field_sumcheck_cuda_fixed --workloads poly_abc --rounds 24 --bit-widths 128 --warmups 2 --repeats 10 --seed 1 --timing-mode whole-run --challenge-mode fixed --layout element --point-mode specialized --block 128 --out CAMERA-READY/h100/sweep_fixed/cases_diag_tier/poly_abc_bw128_r24_cuda.csv
poly_abc field=p128_mersenne_2^127_minus_1 rounds=24 first_ms=8.11461 median_ms=7.85799 checksum=20202434946135
poly_abc                 field=p128_mersenne_2^127_minus_1  rounds=24 triton_ms=18.583 cuda_ms=7.85799 checksum_match=true speedup=2.364854
CAMERA-READY/h100/sweep_fixed/cases_diag_tier/poly_abc_bw128_r24_joined.csv
ok: poly_abc_bw128_r24
CAMERA-READY/h100/sweep_fixed/diag_tier.csv
$ /home/ubuntu/venvs/zkduel-table5/bin/python -u benchmarks/field_sweep/compare_triton_cuda.py --workloads poly_abc --bit-widths 128 --rounds 26 --warmups 2 --repeats 10 --seed 1 --timing-mode whole-run --challenge-mode fixed --layout element --point-mode specialized --block 128 --python /home/ubuntu/venvs/zkduel-table5/bin/python --triton-script benchmarks/field_sweep/triton_sweep.py --cuda-binary build/field_sumcheck_cuda_fixed --skip-build --triton-out CAMERA-READY/h100/sweep_fixed/cases_diag_tier/poly_abc_bw128_r26_triton.csv --cuda-out CAMERA-READY/h100/sweep_fixed/cases_diag_tier/poly_abc_bw128_r26_cuda.csv --out CAMERA-READY/h100/sweep_fixed/cases_diag_tier/poly_abc_bw128_r26_joined.csv
$ /home/ubuntu/venvs/zkduel-table5/bin/python -u benchmarks/field_sweep/triton_sweep.py --workloads poly_abc --rounds 26 --bit-widths 128 --warmups 2 --repeats 10 --seed 1 --timing-mode whole-run --challenge-mode fixed --layout element --point-mode specialized --out CAMERA-READY/h100/sweep_fixed/cases_diag_tier/poly_abc_bw128_r26_triton.csv
poly_abc                 field=p128_mersenne_2^127_minus_1  rounds=26 first_ms=93.017 median_ms=41.806 checksum=24478972856871
CAMERA-READY/h100/sweep_fixed/cases_diag_tier/poly_abc_bw128_r26_triton.csv
$ build/field_sumcheck_cuda_fixed --workloads poly_abc --rounds 26 --bit-widths 128 --warmups 2 --repeats 10 --seed 1 --timing-mode whole-run --challenge-mode fixed --layout element --point-mode specialized --block 128 --out CAMERA-READY/h100/sweep_fixed/cases_diag_tier/poly_abc_bw128_r26_cuda.csv
poly_abc field=p128_mersenne_2^127_minus_1 rounds=26 first_ms=22.641 median_ms=22.2872 checksum=24478972856871
poly_abc                 field=p128_mersenne_2^127_minus_1  rounds=26 triton_ms=41.806 cuda_ms=22.2872 checksum_match=true speedup=1.875785
CAMERA-READY/h100/sweep_fixed/cases_diag_tier/poly_abc_bw128_r26_joined.csv
ok: poly_abc_bw128_r26
CAMERA-READY/h100/sweep_fixed/diag_tier.csv
$ /home/ubuntu/venvs/zkduel-table5/bin/python -u benchmarks/field_sweep/compare_triton_cuda.py --workloads poly_abc --bit-widths 128 --rounds 28 --warmups 2 --repeats 10 --seed 1 --timing-mode whole-run --challenge-mode fixed --layout element --point-mode specialized --block 128 --python /home/ubuntu/venvs/zkduel-table5/bin/python --triton-script benchmarks/field_sweep/triton_sweep.py --cuda-binary build/field_sumcheck_cuda_fixed --skip-build --triton-out CAMERA-READY/h100/sweep_fixed/cases_diag_tier/poly_abc_bw128_r28_triton.csv --cuda-out CAMERA-READY/h100/sweep_fixed/cases_diag_tier/poly_abc_bw128_r28_cuda.csv --out CAMERA-READY/h100/sweep_fixed/cases_diag_tier/poly_abc_bw128_r28_joined.csv
$ /home/ubuntu/venvs/zkduel-table5/bin/python -u benchmarks/field_sweep/triton_sweep.py --workloads poly_abc --rounds 28 --bit-widths 128 --warmups 2 --repeats 10 --seed 1 --timing-mode whole-run --challenge-mode fixed --layout element --point-mode specialized --out CAMERA-READY/h100/sweep_fixed/cases_diag_tier/poly_abc_bw128_r28_triton.csv
poly_abc                 field=p128_mersenne_2^127_minus_1  rounds=28 first_ms=182.619 median_ms=132.702 checksum=25879008710113
CAMERA-READY/h100/sweep_fixed/cases_diag_tier/poly_abc_bw128_r28_triton.csv
$ build/field_sumcheck_cuda_fixed --workloads poly_abc --rounds 28 --bit-widths 128 --warmups 2 --repeats 10 --seed 1 --timing-mode whole-run --challenge-mode fixed --layout element --point-mode specialized --block 128 --out CAMERA-READY/h100/sweep_fixed/cases_diag_tier/poly_abc_bw128_r28_cuda.csv
poly_abc field=p128_mersenne_2^127_minus_1 rounds=28 first_ms=77.836 median_ms=77.6351 checksum=25879008710113
poly_abc                 field=p128_mersenne_2^127_minus_1  rounds=28 triton_ms=132.702 cuda_ms=77.6351 checksum_match=true speedup=1.709304
CAMERA-READY/h100/sweep_fixed/cases_diag_tier/poly_abc_bw128_r28_joined.csv
ok: poly_abc_bw128_r28
CAMERA-READY/h100/sweep_fixed/diag_tier.csv
$ /home/ubuntu/venvs/zkduel-table5/bin/python -u benchmarks/field_sweep/compare_triton_cuda.py --workloads poly_abc --bit-widths 256 --rounds 14 --warmups 2 --repeats 10 --seed 1 --timing-mode whole-run --challenge-mode fixed --layout element --point-mode specialized --block 128 --python /home/ubuntu/venvs/zkduel-table5/bin/python --triton-script benchmarks/field_sweep/triton_sweep.py --cuda-binary build/field_sumcheck_cuda_fixed --skip-build --triton-out CAMERA-READY/h100/sweep_fixed/cases_diag_tier/poly_abc_bw256_r14_triton.csv --cuda-out CAMERA-READY/h100/sweep_fixed/cases_diag_tier/poly_abc_bw256_r14_cuda.csv --out CAMERA-READY/h100/sweep_fixed/cases_diag_tier/poly_abc_bw256_r14_joined.csv
$ /home/ubuntu/venvs/zkduel-table5/bin/python -u benchmarks/field_sweep/triton_sweep.py --workloads poly_abc --rounds 14 --bit-widths 256 --warmups 2 --repeats 10 --seed 1 --timing-mode whole-run --challenge-mode fixed --layout element --point-mode specialized --out CAMERA-READY/h100/sweep_fixed/cases_diag_tier/poly_abc_bw256_r14_triton.csv
poly_abc                 field=p255_bls12_381_scalar        rounds=14 first_ms=63.608 median_ms=4.663 checksum=50331084663509
CAMERA-READY/h100/sweep_fixed/cases_diag_tier/poly_abc_bw256_r14_triton.csv
$ build/field_sumcheck_cuda_fixed --workloads poly_abc --rounds 14 --bit-widths 256 --warmups 2 --repeats 10 --seed 1 --timing-mode whole-run --challenge-mode fixed --layout element --point-mode specialized --block 128 --out CAMERA-READY/h100/sweep_fixed/cases_diag_tier/poly_abc_bw256_r14_cuda.csv
poly_abc field=p255_bls12_381_scalar rounds=14 first_ms=1.90039 median_ms=1.52208 checksum=50331084663509
poly_abc                 field=p255_bls12_381_scalar        rounds=14 triton_ms=4.663 cuda_ms=1.52208 checksum_match=true speedup=3.063571
CAMERA-READY/h100/sweep_fixed/cases_diag_tier/poly_abc_bw256_r14_joined.csv
ok: poly_abc_bw256_r14
CAMERA-READY/h100/sweep_fixed/diag_tier.csv
$ /home/ubuntu/venvs/zkduel-table5/bin/python -u benchmarks/field_sweep/compare_triton_cuda.py --workloads poly_abc --bit-widths 256 --rounds 16 --warmups 2 --repeats 10 --seed 1 --timing-mode whole-run --challenge-mode fixed --layout element --point-mode specialized --block 128 --python /home/ubuntu/venvs/zkduel-table5/bin/python --triton-script benchmarks/field_sweep/triton_sweep.py --cuda-binary build/field_sumcheck_cuda_fixed --skip-build --triton-out CAMERA-READY/h100/sweep_fixed/cases_diag_tier/poly_abc_bw256_r16_triton.csv --cuda-out CAMERA-READY/h100/sweep_fixed/cases_diag_tier/poly_abc_bw256_r16_cuda.csv --out CAMERA-READY/h100/sweep_fixed/cases_diag_tier/poly_abc_bw256_r16_joined.csv
$ /home/ubuntu/venvs/zkduel-table5/bin/python -u benchmarks/field_sweep/triton_sweep.py --workloads poly_abc --rounds 16 --bit-widths 256 --warmups 2 --repeats 10 --seed 1 --timing-mode whole-run --challenge-mode fixed --layout element --point-mode specialized --out CAMERA-READY/h100/sweep_fixed/cases_diag_tier/poly_abc_bw256_r16_triton.csv
poly_abc                 field=p255_bls12_381_scalar        rounds=16 first_ms=65.000 median_ms=6.117 checksum=55541248108541
CAMERA-READY/h100/sweep_fixed/cases_diag_tier/poly_abc_bw256_r16_triton.csv
$ build/field_sumcheck_cuda_fixed --workloads poly_abc --rounds 16 --bit-widths 256 --warmups 2 --repeats 10 --seed 1 --timing-mode whole-run --challenge-mode fixed --layout element --point-mode specialized --block 128 --out CAMERA-READY/h100/sweep_fixed/cases_diag_tier/poly_abc_bw256_r16_cuda.csv
poly_abc field=p255_bls12_381_scalar rounds=16 first_ms=2.24582 median_ms=1.87564 checksum=55541248108541
poly_abc                 field=p255_bls12_381_scalar        rounds=16 triton_ms=6.117 cuda_ms=1.87564 checksum_match=true speedup=3.261287
CAMERA-READY/h100/sweep_fixed/cases_diag_tier/poly_abc_bw256_r16_joined.csv
ok: poly_abc_bw256_r16
CAMERA-READY/h100/sweep_fixed/diag_tier.csv
$ /home/ubuntu/venvs/zkduel-table5/bin/python -u benchmarks/field_sweep/compare_triton_cuda.py --workloads poly_abc --bit-widths 256 --rounds 18 --warmups 2 --repeats 10 --seed 1 --timing-mode whole-run --challenge-mode fixed --layout element --point-mode specialized --block 128 --python /home/ubuntu/venvs/zkduel-table5/bin/python --triton-script benchmarks/field_sweep/triton_sweep.py --cuda-binary build/field_sumcheck_cuda_fixed --skip-build --triton-out CAMERA-READY/h100/sweep_fixed/cases_diag_tier/poly_abc_bw256_r18_triton.csv --cuda-out CAMERA-READY/h100/sweep_fixed/cases_diag_tier/poly_abc_bw256_r18_cuda.csv --out CAMERA-READY/h100/sweep_fixed/cases_diag_tier/poly_abc_bw256_r18_joined.csv
$ /home/ubuntu/venvs/zkduel-table5/bin/python -u benchmarks/field_sweep/triton_sweep.py --workloads poly_abc --rounds 18 --bit-widths 256 --warmups 2 --repeats 10 --seed 1 --timing-mode whole-run --challenge-mode fixed --layout element --point-mode specialized --out CAMERA-READY/h100/sweep_fixed/cases_diag_tier/poly_abc_bw256_r18_triton.csv
poly_abc                 field=p255_bls12_381_scalar        rounds=18 first_ms=81.153 median_ms=7.888 checksum=63265153129217
CAMERA-READY/h100/sweep_fixed/cases_diag_tier/poly_abc_bw256_r18_triton.csv
$ build/field_sumcheck_cuda_fixed --workloads poly_abc --rounds 18 --bit-widths 256 --warmups 2 --repeats 10 --seed 1 --timing-mode whole-run --challenge-mode fixed --layout element --point-mode specialized --block 128 --out CAMERA-READY/h100/sweep_fixed/cases_diag_tier/poly_abc_bw256_r18_cuda.csv
poly_abc field=p255_bls12_381_scalar rounds=18 first_ms=2.91147 median_ms=2.49184 checksum=63265153129217
poly_abc                 field=p255_bls12_381_scalar        rounds=18 triton_ms=7.888 cuda_ms=2.49184 checksum_match=true speedup=3.165532
CAMERA-READY/h100/sweep_fixed/cases_diag_tier/poly_abc_bw256_r18_joined.csv
ok: poly_abc_bw256_r18
CAMERA-READY/h100/sweep_fixed/diag_tier.csv
$ /home/ubuntu/venvs/zkduel-table5/bin/python -u benchmarks/field_sweep/compare_triton_cuda.py --workloads poly_abc --bit-widths 256 --rounds 20 --warmups 2 --repeats 10 --seed 1 --timing-mode whole-run --challenge-mode fixed --layout element --point-mode specialized --block 128 --python /home/ubuntu/venvs/zkduel-table5/bin/python --triton-script benchmarks/field_sweep/triton_sweep.py --cuda-binary build/field_sumcheck_cuda_fixed --skip-build --triton-out CAMERA-READY/h100/sweep_fixed/cases_diag_tier/poly_abc_bw256_r20_triton.csv --cuda-out CAMERA-READY/h100/sweep_fixed/cases_diag_tier/poly_abc_bw256_r20_cuda.csv --out CAMERA-READY/h100/sweep_fixed/cases_diag_tier/poly_abc_bw256_r20_joined.csv
$ /home/ubuntu/venvs/zkduel-table5/bin/python -u benchmarks/field_sweep/triton_sweep.py --workloads poly_abc --rounds 20 --bit-widths 256 --warmups 2 --repeats 10 --seed 1 --timing-mode whole-run --challenge-mode fixed --layout element --point-mode specialized --out CAMERA-READY/h100/sweep_fixed/cases_diag_tier/poly_abc_bw256_r20_triton.csv
poly_abc                 field=p255_bls12_381_scalar        rounds=20 first_ms=69.321 median_ms=9.871 checksum=71524069559800
CAMERA-READY/h100/sweep_fixed/cases_diag_tier/poly_abc_bw256_r20_triton.csv
$ build/field_sumcheck_cuda_fixed --workloads poly_abc --rounds 20 --bit-widths 256 --warmups 2 --repeats 10 --seed 1 --timing-mode whole-run --challenge-mode fixed --layout element --point-mode specialized --block 128 --out CAMERA-READY/h100/sweep_fixed/cases_diag_tier/poly_abc_bw256_r20_cuda.csv
poly_abc field=p255_bls12_381_scalar rounds=20 first_ms=3.89011 median_ms=3.55115 checksum=71524069559800
poly_abc                 field=p255_bls12_381_scalar        rounds=20 triton_ms=9.871 cuda_ms=3.55115 checksum_match=true speedup=2.779663
CAMERA-READY/h100/sweep_fixed/cases_diag_tier/poly_abc_bw256_r20_joined.csv
ok: poly_abc_bw256_r20
CAMERA-READY/h100/sweep_fixed/diag_tier.csv
$ /home/ubuntu/venvs/zkduel-table5/bin/python -u benchmarks/field_sweep/compare_triton_cuda.py --workloads poly_abc --bit-widths 256 --rounds 22 --warmups 2 --repeats 10 --seed 1 --timing-mode whole-run --challenge-mode fixed --layout element --point-mode specialized --block 128 --python /home/ubuntu/venvs/zkduel-table5/bin/python --triton-script benchmarks/field_sweep/triton_sweep.py --cuda-binary build/field_sumcheck_cuda_fixed --skip-build --triton-out CAMERA-READY/h100/sweep_fixed/cases_diag_tier/poly_abc_bw256_r22_triton.csv --cuda-out CAMERA-READY/h100/sweep_fixed/cases_diag_tier/poly_abc_bw256_r22_cuda.csv --out CAMERA-READY/h100/sweep_fixed/cases_diag_tier/poly_abc_bw256_r22_joined.csv
$ /home/ubuntu/venvs/zkduel-table5/bin/python -u benchmarks/field_sweep/triton_sweep.py --workloads poly_abc --rounds 22 --bit-widths 256 --warmups 2 --repeats 10 --seed 1 --timing-mode whole-run --challenge-mode fixed --layout element --point-mode specialized --out CAMERA-READY/h100/sweep_fixed/cases_diag_tier/poly_abc_bw256_r22_triton.csv
poly_abc                 field=p255_bls12_381_scalar        rounds=22 first_ms=72.067 median_ms=13.659 checksum=77122138109575
CAMERA-READY/h100/sweep_fixed/cases_diag_tier/poly_abc_bw256_r22_triton.csv
$ build/field_sumcheck_cuda_fixed --workloads poly_abc --rounds 22 --bit-widths 256 --warmups 2 --repeats 10 --seed 1 --timing-mode whole-run --challenge-mode fixed --layout element --point-mode specialized --block 128 --out CAMERA-READY/h100/sweep_fixed/cases_diag_tier/poly_abc_bw256_r22_cuda.csv
poly_abc field=p255_bls12_381_scalar rounds=22 first_ms=6.7334 median_ms=6.36661 checksum=77122138109575
poly_abc                 field=p255_bls12_381_scalar        rounds=22 triton_ms=13.659 cuda_ms=6.36661 checksum_match=true speedup=2.145412
CAMERA-READY/h100/sweep_fixed/cases_diag_tier/poly_abc_bw256_r22_joined.csv
ok: poly_abc_bw256_r22
CAMERA-READY/h100/sweep_fixed/diag_tier.csv
$ /home/ubuntu/venvs/zkduel-table5/bin/python -u benchmarks/field_sweep/compare_triton_cuda.py --workloads poly_abc --bit-widths 256 --rounds 24 --warmups 2 --repeats 10 --seed 1 --timing-mode whole-run --challenge-mode fixed --layout element --point-mode specialized --block 128 --python /home/ubuntu/venvs/zkduel-table5/bin/python --triton-script benchmarks/field_sweep/triton_sweep.py --cuda-binary build/field_sumcheck_cuda_fixed --skip-build --triton-out CAMERA-READY/h100/sweep_fixed/cases_diag_tier/poly_abc_bw256_r24_triton.csv --cuda-out CAMERA-READY/h100/sweep_fixed/cases_diag_tier/poly_abc_bw256_r24_cuda.csv --out CAMERA-READY/h100/sweep_fixed/cases_diag_tier/poly_abc_bw256_r24_joined.csv
$ /home/ubuntu/venvs/zkduel-table5/bin/python -u benchmarks/field_sweep/triton_sweep.py --workloads poly_abc --rounds 24 --bit-widths 256 --warmups 2 --repeats 10 --seed 1 --timing-mode whole-run --challenge-mode fixed --layout element --point-mode specialized --out CAMERA-READY/h100/sweep_fixed/cases_diag_tier/poly_abc_bw256_r24_triton.csv
poly_abc                 field=p255_bls12_381_scalar        rounds=24 first_ms=83.491 median_ms=26.469 checksum=82965085710312
CAMERA-READY/h100/sweep_fixed/cases_diag_tier/poly_abc_bw256_r24_triton.csv
$ build/field_sumcheck_cuda_fixed --workloads poly_abc --rounds 24 --bit-widths 256 --warmups 2 --repeats 10 --seed 1 --timing-mode whole-run --challenge-mode fixed --layout element --point-mode specialized --block 128 --out CAMERA-READY/h100/sweep_fixed/cases_diag_tier/poly_abc_bw256_r24_cuda.csv
poly_abc field=p255_bls12_381_scalar rounds=24 first_ms=16.0712 median_ms=15.7401 checksum=82965085710312
poly_abc                 field=p255_bls12_381_scalar        rounds=24 triton_ms=26.469 cuda_ms=15.7401 checksum_match=true speedup=1.681628
CAMERA-READY/h100/sweep_fixed/cases_diag_tier/poly_abc_bw256_r24_joined.csv
ok: poly_abc_bw256_r24
CAMERA-READY/h100/sweep_fixed/diag_tier.csv
$ /home/ubuntu/venvs/zkduel-table5/bin/python -u benchmarks/field_sweep/compare_triton_cuda.py --workloads poly_abc --bit-widths 256 --rounds 26 --warmups 2 --repeats 10 --seed 1 --timing-mode whole-run --challenge-mode fixed --layout element --point-mode specialized --block 128 --python /home/ubuntu/venvs/zkduel-table5/bin/python --triton-script benchmarks/field_sweep/triton_sweep.py --cuda-binary build/field_sumcheck_cuda_fixed --skip-build --triton-out CAMERA-READY/h100/sweep_fixed/cases_diag_tier/poly_abc_bw256_r26_triton.csv --cuda-out CAMERA-READY/h100/sweep_fixed/cases_diag_tier/poly_abc_bw256_r26_cuda.csv --out CAMERA-READY/h100/sweep_fixed/cases_diag_tier/poly_abc_bw256_r26_joined.csv
$ /home/ubuntu/venvs/zkduel-table5/bin/python -u benchmarks/field_sweep/triton_sweep.py --workloads poly_abc --rounds 26 --bit-widths 256 --warmups 2 --repeats 10 --seed 1 --timing-mode whole-run --challenge-mode fixed --layout element --point-mode specialized --out CAMERA-READY/h100/sweep_fixed/cases_diag_tier/poly_abc_bw256_r26_triton.csv
poly_abc                 field=p255_bls12_381_scalar        rounds=26 first_ms=129.754 median_ms=76.753 checksum=90934261598544
CAMERA-READY/h100/sweep_fixed/cases_diag_tier/poly_abc_bw256_r26_triton.csv
$ build/field_sumcheck_cuda_fixed --workloads poly_abc --rounds 26 --bit-widths 256 --warmups 2 --repeats 10 --seed 1 --timing-mode whole-run --challenge-mode fixed --layout element --point-mode specialized --block 128 --out CAMERA-READY/h100/sweep_fixed/cases_diag_tier/poly_abc_bw256_r26_cuda.csv
poly_abc field=p255_bls12_381_scalar rounds=26 first_ms=52.4575 median_ms=54.3425 checksum=90934261598544
poly_abc                 field=p255_bls12_381_scalar        rounds=26 triton_ms=76.753 cuda_ms=54.3425 checksum_match=true speedup=1.412394
CAMERA-READY/h100/sweep_fixed/cases_diag_tier/poly_abc_bw256_r26_joined.csv
ok: poly_abc_bw256_r26
CAMERA-READY/h100/sweep_fixed/diag_tier.csv
$ /home/ubuntu/venvs/zkduel-table5/bin/python -u benchmarks/field_sweep/compare_triton_cuda.py --workloads poly_abc --bit-widths 256 --rounds 28 --warmups 2 --repeats 10 --seed 1 --timing-mode whole-run --challenge-mode fixed --layout element --point-mode specialized --block 128 --python /home/ubuntu/venvs/zkduel-table5/bin/python --triton-script benchmarks/field_sweep/triton_sweep.py --cuda-binary build/field_sumcheck_cuda_fixed --skip-build --triton-out CAMERA-READY/h100/sweep_fixed/cases_diag_tier/poly_abc_bw256_r28_triton.csv --cuda-out CAMERA-READY/h100/sweep_fixed/cases_diag_tier/poly_abc_bw256_r28_cuda.csv --out CAMERA-READY/h100/sweep_fixed/cases_diag_tier/poly_abc_bw256_r28_joined.csv
$ /home/ubuntu/venvs/zkduel-table5/bin/python -u benchmarks/field_sweep/triton_sweep.py --workloads poly_abc --rounds 28 --bit-widths 256 --warmups 2 --repeats 10 --seed 1 --timing-mode whole-run --challenge-mode fixed --layout element --point-mode specialized --out CAMERA-READY/h100/sweep_fixed/cases_diag_tier/poly_abc_bw256_r28_triton.csv
poly_abc                 field=p255_bls12_381_scalar        rounds=28 first_ms=331.622 median_ms=287.919 checksum=98701606787693
CAMERA-READY/h100/sweep_fixed/cases_diag_tier/poly_abc_bw256_r28_triton.csv
$ build/field_sumcheck_cuda_fixed --workloads poly_abc --rounds 28 --bit-widths 256 --warmups 2 --repeats 10 --seed 1 --timing-mode whole-run --challenge-mode fixed --layout element --point-mode specialized --block 128 --out CAMERA-READY/h100/sweep_fixed/cases_diag_tier/poly_abc_bw256_r28_cuda.csv
poly_abc field=p255_bls12_381_scalar rounds=28 first_ms=207.138 median_ms=217.546 checksum=98701606787693
poly_abc                 field=p255_bls12_381_scalar        rounds=28 triton_ms=287.919 cuda_ms=217.546 checksum_match=true speedup=1.323486
CAMERA-READY/h100/sweep_fixed/cases_diag_tier/poly_abc_bw256_r28_joined.csv
ok: poly_abc_bw256_r28
CAMERA-READY/h100/sweep_fixed/diag_tier.csv
$ /home/ubuntu/venvs/zkduel-table5/bin/python -u benchmarks/field_sweep/compare_triton_cuda.py --workloads poly_aabbc --bit-widths 32 --rounds 14 --warmups 2 --repeats 10 --seed 1 --timing-mode whole-run --challenge-mode fixed --layout element --point-mode specialized --block 128 --python /home/ubuntu/venvs/zkduel-table5/bin/python --triton-script benchmarks/field_sweep/triton_sweep.py --cuda-binary build/field_sumcheck_cuda_fixed --skip-build --triton-out CAMERA-READY/h100/sweep_fixed/cases_diag_tier/poly_aabbc_bw32_r14_triton.csv --cuda-out CAMERA-READY/h100/sweep_fixed/cases_diag_tier/poly_aabbc_bw32_r14_cuda.csv --out CAMERA-READY/h100/sweep_fixed/cases_diag_tier/poly_aabbc_bw32_r14_joined.csv
$ /home/ubuntu/venvs/zkduel-table5/bin/python -u benchmarks/field_sweep/triton_sweep.py --workloads poly_aabbc --rounds 14 --bit-widths 32 --warmups 2 --repeats 10 --seed 1 --timing-mode whole-run --challenge-mode fixed --layout element --point-mode specialized --out CAMERA-READY/h100/sweep_fixed/cases_diag_tier/poly_aabbc_bw32_r14_triton.csv
poly_aabbc               field=p32_2^32_minus_5             rounds=14 first_ms=62.979 median_ms=6.365 checksum=2227936603828
CAMERA-READY/h100/sweep_fixed/cases_diag_tier/poly_aabbc_bw32_r14_triton.csv
$ build/field_sumcheck_cuda_fixed --workloads poly_aabbc --rounds 14 --bit-widths 32 --warmups 2 --repeats 10 --seed 1 --timing-mode whole-run --challenge-mode fixed --layout element --point-mode specialized --block 128 --out CAMERA-READY/h100/sweep_fixed/cases_diag_tier/poly_aabbc_bw32_r14_cuda.csv
poly_aabbc field=p32_2^32_minus_5 rounds=14 first_ms=2.1504 median_ms=1.8182 checksum=2227936603828
poly_aabbc               field=p32_2^32_minus_5             rounds=14 triton_ms=6.365 cuda_ms=1.8182 checksum_match=true speedup=3.500715
CAMERA-READY/h100/sweep_fixed/cases_diag_tier/poly_aabbc_bw32_r14_joined.csv
ok: poly_aabbc_bw32_r14
CAMERA-READY/h100/sweep_fixed/diag_tier.csv
$ /home/ubuntu/venvs/zkduel-table5/bin/python -u benchmarks/field_sweep/compare_triton_cuda.py --workloads poly_aabbc --bit-widths 32 --rounds 16 --warmups 2 --repeats 10 --seed 1 --timing-mode whole-run --challenge-mode fixed --layout element --point-mode specialized --block 128 --python /home/ubuntu/venvs/zkduel-table5/bin/python --triton-script benchmarks/field_sweep/triton_sweep.py --cuda-binary build/field_sumcheck_cuda_fixed --skip-build --triton-out CAMERA-READY/h100/sweep_fixed/cases_diag_tier/poly_aabbc_bw32_r16_triton.csv --cuda-out CAMERA-READY/h100/sweep_fixed/cases_diag_tier/poly_aabbc_bw32_r16_cuda.csv --out CAMERA-READY/h100/sweep_fixed/cases_diag_tier/poly_aabbc_bw32_r16_joined.csv
$ /home/ubuntu/venvs/zkduel-table5/bin/python -u benchmarks/field_sweep/triton_sweep.py --workloads poly_aabbc --rounds 16 --bit-widths 32 --warmups 2 --repeats 10 --seed 1 --timing-mode whole-run --challenge-mode fixed --layout element --point-mode specialized --out CAMERA-READY/h100/sweep_fixed/cases_diag_tier/poly_aabbc_bw32_r16_triton.csv
poly_aabbc               field=p32_2^32_minus_5             rounds=16 first_ms=64.772 median_ms=8.606 checksum=2790907015910
CAMERA-READY/h100/sweep_fixed/cases_diag_tier/poly_aabbc_bw32_r16_triton.csv
$ build/field_sumcheck_cuda_fixed --workloads poly_aabbc --rounds 16 --bit-widths 32 --warmups 2 --repeats 10 --seed 1 --timing-mode whole-run --challenge-mode fixed --layout element --point-mode specialized --block 128 --out CAMERA-READY/h100/sweep_fixed/cases_diag_tier/poly_aabbc_bw32_r16_cuda.csv
poly_aabbc field=p32_2^32_minus_5 rounds=16 first_ms=2.62836 median_ms=2.29478 checksum=2790907015910
poly_aabbc               field=p32_2^32_minus_5             rounds=16 triton_ms=8.606 cuda_ms=2.29478 checksum_match=true speedup=3.750251
CAMERA-READY/h100/sweep_fixed/cases_diag_tier/poly_aabbc_bw32_r16_joined.csv
ok: poly_aabbc_bw32_r16
CAMERA-READY/h100/sweep_fixed/diag_tier.csv
$ /home/ubuntu/venvs/zkduel-table5/bin/python -u benchmarks/field_sweep/compare_triton_cuda.py --workloads poly_aabbc --bit-widths 32 --rounds 18 --warmups 2 --repeats 10 --seed 1 --timing-mode whole-run --challenge-mode fixed --layout element --point-mode specialized --block 128 --python /home/ubuntu/venvs/zkduel-table5/bin/python --triton-script benchmarks/field_sweep/triton_sweep.py --cuda-binary build/field_sumcheck_cuda_fixed --skip-build --triton-out CAMERA-READY/h100/sweep_fixed/cases_diag_tier/poly_aabbc_bw32_r18_triton.csv --cuda-out CAMERA-READY/h100/sweep_fixed/cases_diag_tier/poly_aabbc_bw32_r18_cuda.csv --out CAMERA-READY/h100/sweep_fixed/cases_diag_tier/poly_aabbc_bw32_r18_joined.csv
$ /home/ubuntu/venvs/zkduel-table5/bin/python -u benchmarks/field_sweep/triton_sweep.py --workloads poly_aabbc --rounds 18 --bit-widths 32 --warmups 2 --repeats 10 --seed 1 --timing-mode whole-run --challenge-mode fixed --layout element --point-mode specialized --out CAMERA-READY/h100/sweep_fixed/cases_diag_tier/poly_aabbc_bw32_r18_triton.csv
poly_aabbc               field=p32_2^32_minus_5             rounds=18 first_ms=66.220 median_ms=11.257 checksum=3105821973592
CAMERA-READY/h100/sweep_fixed/cases_diag_tier/poly_aabbc_bw32_r18_triton.csv
$ build/field_sumcheck_cuda_fixed --workloads poly_aabbc --rounds 18 --bit-widths 32 --warmups 2 --repeats 10 --seed 1 --timing-mode whole-run --challenge-mode fixed --layout element --point-mode specialized --block 128 --out CAMERA-READY/h100/sweep_fixed/cases_diag_tier/poly_aabbc_bw32_r18_cuda.csv
poly_aabbc field=p32_2^32_minus_5 rounds=18 first_ms=3.1435 median_ms=2.84446 checksum=3105821973592
poly_aabbc               field=p32_2^32_minus_5             rounds=18 triton_ms=11.257 cuda_ms=2.84446 checksum_match=true speedup=3.957517
CAMERA-READY/h100/sweep_fixed/cases_diag_tier/poly_aabbc_bw32_r18_joined.csv
ok: poly_aabbc_bw32_r18
CAMERA-READY/h100/sweep_fixed/diag_tier.csv
$ /home/ubuntu/venvs/zkduel-table5/bin/python -u benchmarks/field_sweep/compare_triton_cuda.py --workloads poly_aabbc --bit-widths 32 --rounds 20 --warmups 2 --repeats 10 --seed 1 --timing-mode whole-run --challenge-mode fixed --layout element --point-mode specialized --block 128 --python /home/ubuntu/venvs/zkduel-table5/bin/python --triton-script benchmarks/field_sweep/triton_sweep.py --cuda-binary build/field_sumcheck_cuda_fixed --skip-build --triton-out CAMERA-READY/h100/sweep_fixed/cases_diag_tier/poly_aabbc_bw32_r20_triton.csv --cuda-out CAMERA-READY/h100/sweep_fixed/cases_diag_tier/poly_aabbc_bw32_r20_cuda.csv --out CAMERA-READY/h100/sweep_fixed/cases_diag_tier/poly_aabbc_bw32_r20_joined.csv
$ /home/ubuntu/venvs/zkduel-table5/bin/python -u benchmarks/field_sweep/triton_sweep.py --workloads poly_aabbc --rounds 20 --bit-widths 32 --warmups 2 --repeats 10 --seed 1 --timing-mode whole-run --challenge-mode fixed --layout element --point-mode specialized --out CAMERA-READY/h100/sweep_fixed/cases_diag_tier/poly_aabbc_bw32_r20_triton.csv
poly_aabbc               field=p32_2^32_minus_5             rounds=20 first_ms=70.282 median_ms=14.366 checksum=3449667756678
CAMERA-READY/h100/sweep_fixed/cases_diag_tier/poly_aabbc_bw32_r20_triton.csv
$ build/field_sumcheck_cuda_fixed --workloads poly_aabbc --rounds 20 --bit-widths 32 --warmups 2 --repeats 10 --seed 1 --timing-mode whole-run --challenge-mode fixed --layout element --point-mode specialized --block 128 --out CAMERA-READY/h100/sweep_fixed/cases_diag_tier/poly_aabbc_bw32_r20_cuda.csv
poly_aabbc field=p32_2^32_minus_5 rounds=20 first_ms=3.77624 median_ms=3.37641 checksum=3449667756678
poly_aabbc               field=p32_2^32_minus_5             rounds=20 triton_ms=14.366 cuda_ms=3.37641 checksum_match=true speedup=4.254815
CAMERA-READY/h100/sweep_fixed/cases_diag_tier/poly_aabbc_bw32_r20_joined.csv
ok: poly_aabbc_bw32_r20
CAMERA-READY/h100/sweep_fixed/diag_tier.csv
$ /home/ubuntu/venvs/zkduel-table5/bin/python -u benchmarks/field_sweep/compare_triton_cuda.py --workloads poly_aabbc --bit-widths 32 --rounds 22 --warmups 2 --repeats 10 --seed 1 --timing-mode whole-run --challenge-mode fixed --layout element --point-mode specialized --block 128 --python /home/ubuntu/venvs/zkduel-table5/bin/python --triton-script benchmarks/field_sweep/triton_sweep.py --cuda-binary build/field_sumcheck_cuda_fixed --skip-build --triton-out CAMERA-READY/h100/sweep_fixed/cases_diag_tier/poly_aabbc_bw32_r22_triton.csv --cuda-out CAMERA-READY/h100/sweep_fixed/cases_diag_tier/poly_aabbc_bw32_r22_cuda.csv --out CAMERA-READY/h100/sweep_fixed/cases_diag_tier/poly_aabbc_bw32_r22_joined.csv
$ /home/ubuntu/venvs/zkduel-table5/bin/python -u benchmarks/field_sweep/triton_sweep.py --workloads poly_aabbc --rounds 22 --bit-widths 32 --warmups 2 --repeats 10 --seed 1 --timing-mode whole-run --challenge-mode fixed --layout element --point-mode specialized --out CAMERA-READY/h100/sweep_fixed/cases_diag_tier/poly_aabbc_bw32_r22_triton.csv
poly_aabbc               field=p32_2^32_minus_5             rounds=22 first_ms=73.085 median_ms=17.415 checksum=3935431045663
CAMERA-READY/h100/sweep_fixed/cases_diag_tier/poly_aabbc_bw32_r22_triton.csv
$ build/field_sumcheck_cuda_fixed --workloads poly_aabbc --rounds 22 --bit-widths 32 --warmups 2 --repeats 10 --seed 1 --timing-mode whole-run --challenge-mode fixed --layout element --point-mode specialized --block 128 --out CAMERA-READY/h100/sweep_fixed/cases_diag_tier/poly_aabbc_bw32_r22_cuda.csv
poly_aabbc field=p32_2^32_minus_5 rounds=22 first_ms=4.66368 median_ms=4.26727 checksum=3935431045663
poly_aabbc               field=p32_2^32_minus_5             rounds=22 triton_ms=17.415 cuda_ms=4.26727 checksum_match=true speedup=4.081064
CAMERA-READY/h100/sweep_fixed/cases_diag_tier/poly_aabbc_bw32_r22_joined.csv
ok: poly_aabbc_bw32_r22
CAMERA-READY/h100/sweep_fixed/diag_tier.csv
$ /home/ubuntu/venvs/zkduel-table5/bin/python -u benchmarks/field_sweep/compare_triton_cuda.py --workloads poly_aabbc --bit-widths 32 --rounds 24 --warmups 2 --repeats 10 --seed 1 --timing-mode whole-run --challenge-mode fixed --layout element --point-mode specialized --block 128 --python /home/ubuntu/venvs/zkduel-table5/bin/python --triton-script benchmarks/field_sweep/triton_sweep.py --cuda-binary build/field_sumcheck_cuda_fixed --skip-build --triton-out CAMERA-READY/h100/sweep_fixed/cases_diag_tier/poly_aabbc_bw32_r24_triton.csv --cuda-out CAMERA-READY/h100/sweep_fixed/cases_diag_tier/poly_aabbc_bw32_r24_cuda.csv --out CAMERA-READY/h100/sweep_fixed/cases_diag_tier/poly_aabbc_bw32_r24_joined.csv
$ /home/ubuntu/venvs/zkduel-table5/bin/python -u benchmarks/field_sweep/triton_sweep.py --workloads poly_aabbc --rounds 24 --bit-widths 32 --warmups 2 --repeats 10 --seed 1 --timing-mode whole-run --challenge-mode fixed --layout element --point-mode specialized --out CAMERA-READY/h100/sweep_fixed/cases_diag_tier/poly_aabbc_bw32_r24_triton.csv
poly_aabbc               field=p32_2^32_minus_5             rounds=24 first_ms=79.357 median_ms=24.384 checksum=3994196051027
CAMERA-READY/h100/sweep_fixed/cases_diag_tier/poly_aabbc_bw32_r24_triton.csv
$ build/field_sumcheck_cuda_fixed --workloads poly_aabbc --rounds 24 --bit-widths 32 --warmups 2 --repeats 10 --seed 1 --timing-mode whole-run --challenge-mode fixed --layout element --point-mode specialized --block 128 --out CAMERA-READY/h100/sweep_fixed/cases_diag_tier/poly_aabbc_bw32_r24_cuda.csv
poly_aabbc field=p32_2^32_minus_5 rounds=24 first_ms=6.44502 median_ms=6.10613 checksum=3994196051027
poly_aabbc               field=p32_2^32_minus_5             rounds=24 triton_ms=24.384 cuda_ms=6.10613 checksum_match=true speedup=3.993364
CAMERA-READY/h100/sweep_fixed/cases_diag_tier/poly_aabbc_bw32_r24_joined.csv
ok: poly_aabbc_bw32_r24
CAMERA-READY/h100/sweep_fixed/diag_tier.csv
$ /home/ubuntu/venvs/zkduel-table5/bin/python -u benchmarks/field_sweep/compare_triton_cuda.py --workloads poly_aabbc --bit-widths 32 --rounds 26 --warmups 2 --repeats 10 --seed 1 --timing-mode whole-run --challenge-mode fixed --layout element --point-mode specialized --block 128 --python /home/ubuntu/venvs/zkduel-table5/bin/python --triton-script benchmarks/field_sweep/triton_sweep.py --cuda-binary build/field_sumcheck_cuda_fixed --skip-build --triton-out CAMERA-READY/h100/sweep_fixed/cases_diag_tier/poly_aabbc_bw32_r26_triton.csv --cuda-out CAMERA-READY/h100/sweep_fixed/cases_diag_tier/poly_aabbc_bw32_r26_cuda.csv --out CAMERA-READY/h100/sweep_fixed/cases_diag_tier/poly_aabbc_bw32_r26_joined.csv
$ /home/ubuntu/venvs/zkduel-table5/bin/python -u benchmarks/field_sweep/triton_sweep.py --workloads poly_aabbc --rounds 26 --bit-widths 32 --warmups 2 --repeats 10 --seed 1 --timing-mode whole-run --challenge-mode fixed --layout element --point-mode specialized --out CAMERA-READY/h100/sweep_fixed/cases_diag_tier/poly_aabbc_bw32_r26_triton.csv
poly_aabbc               field=p32_2^32_minus_5             rounds=26 first_ms=100.475 median_ms=47.229 checksum=4453954324586
CAMERA-READY/h100/sweep_fixed/cases_diag_tier/poly_aabbc_bw32_r26_triton.csv
$ build/field_sumcheck_cuda_fixed --workloads poly_aabbc --rounds 26 --bit-widths 32 --warmups 2 --repeats 10 --seed 1 --timing-mode whole-run --challenge-mode fixed --layout element --point-mode specialized --block 128 --out CAMERA-READY/h100/sweep_fixed/cases_diag_tier/poly_aabbc_bw32_r26_cuda.csv
poly_aabbc field=p32_2^32_minus_5 rounds=26 first_ms=12.0185 median_ms=11.6468 checksum=4453954324586
poly_aabbc               field=p32_2^32_minus_5             rounds=26 triton_ms=47.229 cuda_ms=11.6468 checksum_match=true speedup=4.055105
CAMERA-READY/h100/sweep_fixed/cases_diag_tier/poly_aabbc_bw32_r26_joined.csv
ok: poly_aabbc_bw32_r26
CAMERA-READY/h100/sweep_fixed/diag_tier.csv
$ /home/ubuntu/venvs/zkduel-table5/bin/python -u benchmarks/field_sweep/compare_triton_cuda.py --workloads poly_aabbc --bit-widths 32 --rounds 28 --warmups 2 --repeats 10 --seed 1 --timing-mode whole-run --challenge-mode fixed --layout element --point-mode specialized --block 128 --python /home/ubuntu/venvs/zkduel-table5/bin/python --triton-script benchmarks/field_sweep/triton_sweep.py --cuda-binary build/field_sumcheck_cuda_fixed --skip-build --triton-out CAMERA-READY/h100/sweep_fixed/cases_diag_tier/poly_aabbc_bw32_r28_triton.csv --cuda-out CAMERA-READY/h100/sweep_fixed/cases_diag_tier/poly_aabbc_bw32_r28_cuda.csv --out CAMERA-READY/h100/sweep_fixed/cases_diag_tier/poly_aabbc_bw32_r28_joined.csv
$ /home/ubuntu/venvs/zkduel-table5/bin/python -u benchmarks/field_sweep/triton_sweep.py --workloads poly_aabbc --rounds 28 --bit-widths 32 --warmups 2 --repeats 10 --seed 1 --timing-mode whole-run --challenge-mode fixed --layout element --point-mode specialized --out CAMERA-READY/h100/sweep_fixed/cases_diag_tier/poly_aabbc_bw32_r28_triton.csv
poly_aabbc               field=p32_2^32_minus_5             rounds=28 first_ms=188.191 median_ms=135.999 checksum=4909058126843
CAMERA-READY/h100/sweep_fixed/cases_diag_tier/poly_aabbc_bw32_r28_triton.csv
$ build/field_sumcheck_cuda_fixed --workloads poly_aabbc --rounds 28 --bit-widths 32 --warmups 2 --repeats 10 --seed 1 --timing-mode whole-run --challenge-mode fixed --layout element --point-mode specialized --block 128 --out CAMERA-READY/h100/sweep_fixed/cases_diag_tier/poly_aabbc_bw32_r28_cuda.csv
poly_aabbc field=p32_2^32_minus_5 rounds=28 first_ms=31.9727 median_ms=31.8164 checksum=4909058126843
poly_aabbc               field=p32_2^32_minus_5             rounds=28 triton_ms=135.999 cuda_ms=31.8164 checksum_match=true speedup=4.274494
CAMERA-READY/h100/sweep_fixed/cases_diag_tier/poly_aabbc_bw32_r28_joined.csv
ok: poly_aabbc_bw32_r28
CAMERA-READY/h100/sweep_fixed/diag_tier.csv
$ /home/ubuntu/venvs/zkduel-table5/bin/python -u benchmarks/field_sweep/compare_triton_cuda.py --workloads poly_aabbc --bit-widths 64 --rounds 14 --warmups 2 --repeats 10 --seed 1 --timing-mode whole-run --challenge-mode fixed --layout element --point-mode specialized --block 128 --python /home/ubuntu/venvs/zkduel-table5/bin/python --triton-script benchmarks/field_sweep/triton_sweep.py --cuda-binary build/field_sumcheck_cuda_fixed --skip-build --triton-out CAMERA-READY/h100/sweep_fixed/cases_diag_tier/poly_aabbc_bw64_r14_triton.csv --cuda-out CAMERA-READY/h100/sweep_fixed/cases_diag_tier/poly_aabbc_bw64_r14_cuda.csv --out CAMERA-READY/h100/sweep_fixed/cases_diag_tier/poly_aabbc_bw64_r14_joined.csv
$ /home/ubuntu/venvs/zkduel-table5/bin/python -u benchmarks/field_sweep/triton_sweep.py --workloads poly_aabbc --rounds 14 --bit-widths 64 --warmups 2 --repeats 10 --seed 1 --timing-mode whole-run --challenge-mode fixed --layout element --point-mode specialized --out CAMERA-READY/h100/sweep_fixed/cases_diag_tier/poly_aabbc_bw64_r14_triton.csv
poly_aabbc               field=p64_goldilocks               rounds=14 first_ms=63.017 median_ms=6.703 checksum=6756894429675
CAMERA-READY/h100/sweep_fixed/cases_diag_tier/poly_aabbc_bw64_r14_triton.csv
$ build/field_sumcheck_cuda_fixed --workloads poly_aabbc --rounds 14 --bit-widths 64 --warmups 2 --repeats 10 --seed 1 --timing-mode whole-run --challenge-mode fixed --layout element --point-mode specialized --block 128 --out CAMERA-READY/h100/sweep_fixed/cases_diag_tier/poly_aabbc_bw64_r14_cuda.csv
poly_aabbc field=p64_goldilocks rounds=14 first_ms=2.31186 median_ms=2.03608 checksum=6756894429675
poly_aabbc               field=p64_goldilocks               rounds=14 triton_ms=6.703 cuda_ms=2.03608 checksum_match=true speedup=3.292110
CAMERA-READY/h100/sweep_fixed/cases_diag_tier/poly_aabbc_bw64_r14_joined.csv
ok: poly_aabbc_bw64_r14
CAMERA-READY/h100/sweep_fixed/diag_tier.csv
$ /home/ubuntu/venvs/zkduel-table5/bin/python -u benchmarks/field_sweep/compare_triton_cuda.py --workloads poly_aabbc --bit-widths 64 --rounds 16 --warmups 2 --repeats 10 --seed 1 --timing-mode whole-run --challenge-mode fixed --layout element --point-mode specialized --block 128 --python /home/ubuntu/venvs/zkduel-table5/bin/python --triton-script benchmarks/field_sweep/triton_sweep.py --cuda-binary build/field_sumcheck_cuda_fixed --skip-build --triton-out CAMERA-READY/h100/sweep_fixed/cases_diag_tier/poly_aabbc_bw64_r16_triton.csv --cuda-out CAMERA-READY/h100/sweep_fixed/cases_diag_tier/poly_aabbc_bw64_r16_cuda.csv --out CAMERA-READY/h100/sweep_fixed/cases_diag_tier/poly_aabbc_bw64_r16_joined.csv
$ /home/ubuntu/venvs/zkduel-table5/bin/python -u benchmarks/field_sweep/triton_sweep.py --workloads poly_aabbc --rounds 16 --bit-widths 64 --warmups 2 --repeats 10 --seed 1 --timing-mode whole-run --challenge-mode fixed --layout element --point-mode specialized --out CAMERA-READY/h100/sweep_fixed/cases_diag_tier/poly_aabbc_bw64_r16_triton.csv
poly_aabbc               field=p64_goldilocks               rounds=16 first_ms=65.244 median_ms=8.529 checksum=7688523269219
CAMERA-READY/h100/sweep_fixed/cases_diag_tier/poly_aabbc_bw64_r16_triton.csv
$ build/field_sumcheck_cuda_fixed --workloads poly_aabbc --rounds 16 --bit-widths 64 --warmups 2 --repeats 10 --seed 1 --timing-mode whole-run --challenge-mode fixed --layout element --point-mode specialized --block 128 --out CAMERA-READY/h100/sweep_fixed/cases_diag_tier/poly_aabbc_bw64_r16_cuda.csv
poly_aabbc field=p64_goldilocks rounds=16 first_ms=2.91315 median_ms=2.55397 checksum=7688523269219
poly_aabbc               field=p64_goldilocks               rounds=16 triton_ms=8.529 cuda_ms=2.55397 checksum_match=true speedup=3.339507
CAMERA-READY/h100/sweep_fixed/cases_diag_tier/poly_aabbc_bw64_r16_joined.csv
ok: poly_aabbc_bw64_r16
CAMERA-READY/h100/sweep_fixed/diag_tier.csv
$ /home/ubuntu/venvs/zkduel-table5/bin/python -u benchmarks/field_sweep/compare_triton_cuda.py --workloads poly_aabbc --bit-widths 64 --rounds 18 --warmups 2 --repeats 10 --seed 1 --timing-mode whole-run --challenge-mode fixed --layout element --point-mode specialized --block 128 --python /home/ubuntu/venvs/zkduel-table5/bin/python --triton-script benchmarks/field_sweep/triton_sweep.py --cuda-binary build/field_sumcheck_cuda_fixed --skip-build --triton-out CAMERA-READY/h100/sweep_fixed/cases_diag_tier/poly_aabbc_bw64_r18_triton.csv --cuda-out CAMERA-READY/h100/sweep_fixed/cases_diag_tier/poly_aabbc_bw64_r18_cuda.csv --out CAMERA-READY/h100/sweep_fixed/cases_diag_tier/poly_aabbc_bw64_r18_joined.csv
$ /home/ubuntu/venvs/zkduel-table5/bin/python -u benchmarks/field_sweep/triton_sweep.py --workloads poly_aabbc --rounds 18 --bit-widths 64 --warmups 2 --repeats 10 --seed 1 --timing-mode whole-run --challenge-mode fixed --layout element --point-mode specialized --out CAMERA-READY/h100/sweep_fixed/cases_diag_tier/poly_aabbc_bw64_r18_triton.csv
poly_aabbc               field=p64_goldilocks               rounds=18 first_ms=67.888 median_ms=11.487 checksum=8637875550018
CAMERA-READY/h100/sweep_fixed/cases_diag_tier/poly_aabbc_bw64_r18_triton.csv
$ build/field_sumcheck_cuda_fixed --workloads poly_aabbc --rounds 18 --bit-widths 64 --warmups 2 --repeats 10 --seed 1 --timing-mode whole-run --challenge-mode fixed --layout element --point-mode specialized --block 128 --out CAMERA-READY/h100/sweep_fixed/cases_diag_tier/poly_aabbc_bw64_r18_cuda.csv
poly_aabbc field=p64_goldilocks rounds=18 first_ms=3.3121 median_ms=2.98897 checksum=8637875550018
poly_aabbc               field=p64_goldilocks               rounds=18 triton_ms=11.487 cuda_ms=2.98897 checksum_match=true speedup=3.843130
CAMERA-READY/h100/sweep_fixed/cases_diag_tier/poly_aabbc_bw64_r18_joined.csv
ok: poly_aabbc_bw64_r18
CAMERA-READY/h100/sweep_fixed/diag_tier.csv
$ /home/ubuntu/venvs/zkduel-table5/bin/python -u benchmarks/field_sweep/compare_triton_cuda.py --workloads poly_aabbc --bit-widths 64 --rounds 20 --warmups 2 --repeats 10 --seed 1 --timing-mode whole-run --challenge-mode fixed --layout element --point-mode specialized --block 128 --python /home/ubuntu/venvs/zkduel-table5/bin/python --triton-script benchmarks/field_sweep/triton_sweep.py --cuda-binary build/field_sumcheck_cuda_fixed --skip-build --triton-out CAMERA-READY/h100/sweep_fixed/cases_diag_tier/poly_aabbc_bw64_r20_triton.csv --cuda-out CAMERA-READY/h100/sweep_fixed/cases_diag_tier/poly_aabbc_bw64_r20_cuda.csv --out CAMERA-READY/h100/sweep_fixed/cases_diag_tier/poly_aabbc_bw64_r20_joined.csv
$ /home/ubuntu/venvs/zkduel-table5/bin/python -u benchmarks/field_sweep/triton_sweep.py --workloads poly_aabbc --rounds 20 --bit-widths 64 --warmups 2 --repeats 10 --seed 1 --timing-mode whole-run --challenge-mode fixed --layout element --point-mode specialized --out CAMERA-READY/h100/sweep_fixed/cases_diag_tier/poly_aabbc_bw64_r20_triton.csv
poly_aabbc               field=p64_goldilocks               rounds=20 first_ms=71.606 median_ms=14.479 checksum=9304837132526
CAMERA-READY/h100/sweep_fixed/cases_diag_tier/poly_aabbc_bw64_r20_triton.csv
$ build/field_sumcheck_cuda_fixed --workloads poly_aabbc --rounds 20 --bit-widths 64 --warmups 2 --repeats 10 --seed 1 --timing-mode whole-run --challenge-mode fixed --layout element --point-mode specialized --block 128 --out CAMERA-READY/h100/sweep_fixed/cases_diag_tier/poly_aabbc_bw64_r20_cuda.csv
poly_aabbc field=p64_goldilocks rounds=20 first_ms=3.96724 median_ms=3.67869 checksum=9304837132526
poly_aabbc               field=p64_goldilocks               rounds=20 triton_ms=14.479 cuda_ms=3.67869 checksum_match=true speedup=3.935912
CAMERA-READY/h100/sweep_fixed/cases_diag_tier/poly_aabbc_bw64_r20_joined.csv
ok: poly_aabbc_bw64_r20
CAMERA-READY/h100/sweep_fixed/diag_tier.csv
$ /home/ubuntu/venvs/zkduel-table5/bin/python -u benchmarks/field_sweep/compare_triton_cuda.py --workloads poly_aabbc --bit-widths 64 --rounds 22 --warmups 2 --repeats 10 --seed 1 --timing-mode whole-run --challenge-mode fixed --layout element --point-mode specialized --block 128 --python /home/ubuntu/venvs/zkduel-table5/bin/python --triton-script benchmarks/field_sweep/triton_sweep.py --cuda-binary build/field_sumcheck_cuda_fixed --skip-build --triton-out CAMERA-READY/h100/sweep_fixed/cases_diag_tier/poly_aabbc_bw64_r22_triton.csv --cuda-out CAMERA-READY/h100/sweep_fixed/cases_diag_tier/poly_aabbc_bw64_r22_cuda.csv --out CAMERA-READY/h100/sweep_fixed/cases_diag_tier/poly_aabbc_bw64_r22_joined.csv
$ /home/ubuntu/venvs/zkduel-table5/bin/python -u benchmarks/field_sweep/triton_sweep.py --workloads poly_aabbc --rounds 22 --bit-widths 64 --warmups 2 --repeats 10 --seed 1 --timing-mode whole-run --challenge-mode fixed --layout element --point-mode specialized --out CAMERA-READY/h100/sweep_fixed/cases_diag_tier/poly_aabbc_bw64_r22_triton.csv
poly_aabbc               field=p64_goldilocks               rounds=22 first_ms=74.965 median_ms=18.105 checksum=11001344401671
CAMERA-READY/h100/sweep_fixed/cases_diag_tier/poly_aabbc_bw64_r22_triton.csv
$ build/field_sumcheck_cuda_fixed --workloads poly_aabbc --rounds 22 --bit-widths 64 --warmups 2 --repeats 10 --seed 1 --timing-mode whole-run --challenge-mode fixed --layout element --point-mode specialized --block 128 --out CAMERA-READY/h100/sweep_fixed/cases_diag_tier/poly_aabbc_bw64_r22_cuda.csv
poly_aabbc field=p64_goldilocks rounds=22 first_ms=5.25978 median_ms=5.00475 checksum=11001344401671
poly_aabbc               field=p64_goldilocks               rounds=22 triton_ms=18.105 cuda_ms=5.00475 checksum_match=true speedup=3.617563
CAMERA-READY/h100/sweep_fixed/cases_diag_tier/poly_aabbc_bw64_r22_joined.csv
ok: poly_aabbc_bw64_r22
CAMERA-READY/h100/sweep_fixed/diag_tier.csv
$ /home/ubuntu/venvs/zkduel-table5/bin/python -u benchmarks/field_sweep/compare_triton_cuda.py --workloads poly_aabbc --bit-widths 64 --rounds 24 --warmups 2 --repeats 10 --seed 1 --timing-mode whole-run --challenge-mode fixed --layout element --point-mode specialized --block 128 --python /home/ubuntu/venvs/zkduel-table5/bin/python --triton-script benchmarks/field_sweep/triton_sweep.py --cuda-binary build/field_sumcheck_cuda_fixed --skip-build --triton-out CAMERA-READY/h100/sweep_fixed/cases_diag_tier/poly_aabbc_bw64_r24_triton.csv --cuda-out CAMERA-READY/h100/sweep_fixed/cases_diag_tier/poly_aabbc_bw64_r24_cuda.csv --out CAMERA-READY/h100/sweep_fixed/cases_diag_tier/poly_aabbc_bw64_r24_joined.csv
$ /home/ubuntu/venvs/zkduel-table5/bin/python -u benchmarks/field_sweep/triton_sweep.py --workloads poly_aabbc --rounds 24 --bit-widths 64 --warmups 2 --repeats 10 --seed 1 --timing-mode whole-run --challenge-mode fixed --layout element --point-mode specialized --out CAMERA-READY/h100/sweep_fixed/cases_diag_tier/poly_aabbc_bw64_r24_triton.csv
poly_aabbc               field=p64_goldilocks               rounds=24 first_ms=80.669 median_ms=24.730 checksum=11825851555245
CAMERA-READY/h100/sweep_fixed/cases_diag_tier/poly_aabbc_bw64_r24_triton.csv
$ build/field_sumcheck_cuda_fixed --workloads poly_aabbc --rounds 24 --bit-widths 64 --warmups 2 --repeats 10 --seed 1 --timing-mode whole-run --challenge-mode fixed --layout element --point-mode specialized --block 128 --out CAMERA-READY/h100/sweep_fixed/cases_diag_tier/poly_aabbc_bw64_r24_cuda.csv
poly_aabbc field=p64_goldilocks rounds=24 first_ms=8.5234 median_ms=8.19232 checksum=11825851555245
poly_aabbc               field=p64_goldilocks               rounds=24 triton_ms=24.730 cuda_ms=8.19232 checksum_match=true speedup=3.018681
CAMERA-READY/h100/sweep_fixed/cases_diag_tier/poly_aabbc_bw64_r24_joined.csv
ok: poly_aabbc_bw64_r24
CAMERA-READY/h100/sweep_fixed/diag_tier.csv
$ /home/ubuntu/venvs/zkduel-table5/bin/python -u benchmarks/field_sweep/compare_triton_cuda.py --workloads poly_aabbc --bit-widths 64 --rounds 26 --warmups 2 --repeats 10 --seed 1 --timing-mode whole-run --challenge-mode fixed --layout element --point-mode specialized --block 128 --python /home/ubuntu/venvs/zkduel-table5/bin/python --triton-script benchmarks/field_sweep/triton_sweep.py --cuda-binary build/field_sumcheck_cuda_fixed --skip-build --triton-out CAMERA-READY/h100/sweep_fixed/cases_diag_tier/poly_aabbc_bw64_r26_triton.csv --cuda-out CAMERA-READY/h100/sweep_fixed/cases_diag_tier/poly_aabbc_bw64_r26_cuda.csv --out CAMERA-READY/h100/sweep_fixed/cases_diag_tier/poly_aabbc_bw64_r26_joined.csv
$ /home/ubuntu/venvs/zkduel-table5/bin/python -u benchmarks/field_sweep/triton_sweep.py --workloads poly_aabbc --rounds 26 --bit-widths 64 --warmups 2 --repeats 10 --seed 1 --timing-mode whole-run --challenge-mode fixed --layout element --point-mode specialized --out CAMERA-READY/h100/sweep_fixed/cases_diag_tier/poly_aabbc_bw64_r26_triton.csv
poly_aabbc               field=p64_goldilocks               rounds=26 first_ms=102.501 median_ms=48.782 checksum=13468846009307
CAMERA-READY/h100/sweep_fixed/cases_diag_tier/poly_aabbc_bw64_r26_triton.csv
$ build/field_sumcheck_cuda_fixed --workloads poly_aabbc --rounds 26 --bit-widths 64 --warmups 2 --repeats 10 --seed 1 --timing-mode whole-run --challenge-mode fixed --layout element --point-mode specialized --block 128 --out CAMERA-READY/h100/sweep_fixed/cases_diag_tier/poly_aabbc_bw64_r26_cuda.csv
poly_aabbc field=p64_goldilocks rounds=26 first_ms=19.3499 median_ms=19.0505 checksum=13468846009307
poly_aabbc               field=p64_goldilocks               rounds=26 triton_ms=48.782 cuda_ms=19.0505 checksum_match=true speedup=2.560668
CAMERA-READY/h100/sweep_fixed/cases_diag_tier/poly_aabbc_bw64_r26_joined.csv
ok: poly_aabbc_bw64_r26
CAMERA-READY/h100/sweep_fixed/diag_tier.csv
$ /home/ubuntu/venvs/zkduel-table5/bin/python -u benchmarks/field_sweep/compare_triton_cuda.py --workloads poly_aabbc --bit-widths 64 --rounds 28 --warmups 2 --repeats 10 --seed 1 --timing-mode whole-run --challenge-mode fixed --layout element --point-mode specialized --block 128 --python /home/ubuntu/venvs/zkduel-table5/bin/python --triton-script benchmarks/field_sweep/triton_sweep.py --cuda-binary build/field_sumcheck_cuda_fixed --skip-build --triton-out CAMERA-READY/h100/sweep_fixed/cases_diag_tier/poly_aabbc_bw64_r28_triton.csv --cuda-out CAMERA-READY/h100/sweep_fixed/cases_diag_tier/poly_aabbc_bw64_r28_cuda.csv --out CAMERA-READY/h100/sweep_fixed/cases_diag_tier/poly_aabbc_bw64_r28_joined.csv
$ /home/ubuntu/venvs/zkduel-table5/bin/python -u benchmarks/field_sweep/triton_sweep.py --workloads poly_aabbc --rounds 28 --bit-widths 64 --warmups 2 --repeats 10 --seed 1 --timing-mode whole-run --challenge-mode fixed --layout element --point-mode specialized --out CAMERA-READY/h100/sweep_fixed/cases_diag_tier/poly_aabbc_bw64_r28_triton.csv
poly_aabbc               field=p64_goldilocks               rounds=28 first_ms=196.253 median_ms=143.472 checksum=13890112742974
CAMERA-READY/h100/sweep_fixed/cases_diag_tier/poly_aabbc_bw64_r28_triton.csv
$ build/field_sumcheck_cuda_fixed --workloads poly_aabbc --rounds 28 --bit-widths 64 --warmups 2 --repeats 10 --seed 1 --timing-mode whole-run --challenge-mode fixed --layout element --point-mode specialized --block 128 --out CAMERA-READY/h100/sweep_fixed/cases_diag_tier/poly_aabbc_bw64_r28_cuda.csv
poly_aabbc field=p64_goldilocks rounds=28 first_ms=60.8844 median_ms=61.9133 checksum=13890112742974
poly_aabbc               field=p64_goldilocks               rounds=28 triton_ms=143.472 cuda_ms=61.9133 checksum_match=true speedup=2.317305
CAMERA-READY/h100/sweep_fixed/cases_diag_tier/poly_aabbc_bw64_r28_joined.csv
ok: poly_aabbc_bw64_r28
CAMERA-READY/h100/sweep_fixed/diag_tier.csv
$ /home/ubuntu/venvs/zkduel-table5/bin/python -u benchmarks/field_sweep/compare_triton_cuda.py --workloads poly_aabbc --bit-widths 128 --rounds 14 --warmups 2 --repeats 10 --seed 1 --timing-mode whole-run --challenge-mode fixed --layout element --point-mode specialized --block 128 --python /home/ubuntu/venvs/zkduel-table5/bin/python --triton-script benchmarks/field_sweep/triton_sweep.py --cuda-binary build/field_sumcheck_cuda_fixed --skip-build --triton-out CAMERA-READY/h100/sweep_fixed/cases_diag_tier/poly_aabbc_bw128_r14_triton.csv --cuda-out CAMERA-READY/h100/sweep_fixed/cases_diag_tier/poly_aabbc_bw128_r14_cuda.csv --out CAMERA-READY/h100/sweep_fixed/cases_diag_tier/poly_aabbc_bw128_r14_joined.csv
$ /home/ubuntu/venvs/zkduel-table5/bin/python -u benchmarks/field_sweep/triton_sweep.py --workloads poly_aabbc --rounds 14 --bit-widths 128 --warmups 2 --repeats 10 --seed 1 --timing-mode whole-run --challenge-mode fixed --layout element --point-mode specialized --out CAMERA-READY/h100/sweep_fixed/cases_diag_tier/poly_aabbc_bw128_r14_triton.csv
poly_aabbc               field=p128_mersenne_2^127_minus_1  rounds=14 first_ms=68.021 median_ms=6.677 checksum=19370975490919
CAMERA-READY/h100/sweep_fixed/cases_diag_tier/poly_aabbc_bw128_r14_triton.csv
$ build/field_sumcheck_cuda_fixed --workloads poly_aabbc --rounds 14 --bit-widths 128 --warmups 2 --repeats 10 --seed 1 --timing-mode whole-run --challenge-mode fixed --layout element --point-mode specialized --block 128 --out CAMERA-READY/h100/sweep_fixed/cases_diag_tier/poly_aabbc_bw128_r14_cuda.csv
poly_aabbc field=p128_mersenne_2^127_minus_1 rounds=14 first_ms=3.21766 median_ms=2.65122 checksum=19370975490919
poly_aabbc               field=p128_mersenne_2^127_minus_1  rounds=14 triton_ms=6.677 cuda_ms=2.65122 checksum_match=true speedup=2.518463
CAMERA-READY/h100/sweep_fixed/cases_diag_tier/poly_aabbc_bw128_r14_joined.csv
ok: poly_aabbc_bw128_r14
CAMERA-READY/h100/sweep_fixed/diag_tier.csv
$ /home/ubuntu/venvs/zkduel-table5/bin/python -u benchmarks/field_sweep/compare_triton_cuda.py --workloads poly_aabbc --bit-widths 128 --rounds 16 --warmups 2 --repeats 10 --seed 1 --timing-mode whole-run --challenge-mode fixed --layout element --point-mode specialized --block 128 --python /home/ubuntu/venvs/zkduel-table5/bin/python --triton-script benchmarks/field_sweep/triton_sweep.py --cuda-binary build/field_sumcheck_cuda_fixed --skip-build --triton-out CAMERA-READY/h100/sweep_fixed/cases_diag_tier/poly_aabbc_bw128_r16_triton.csv --cuda-out CAMERA-READY/h100/sweep_fixed/cases_diag_tier/poly_aabbc_bw128_r16_cuda.csv --out CAMERA-READY/h100/sweep_fixed/cases_diag_tier/poly_aabbc_bw128_r16_joined.csv
$ /home/ubuntu/venvs/zkduel-table5/bin/python -u benchmarks/field_sweep/triton_sweep.py --workloads poly_aabbc --rounds 16 --bit-widths 128 --warmups 2 --repeats 10 --seed 1 --timing-mode whole-run --challenge-mode fixed --layout element --point-mode specialized --out CAMERA-READY/h100/sweep_fixed/cases_diag_tier/poly_aabbc_bw128_r16_triton.csv
poly_aabbc               field=p128_mersenne_2^127_minus_1  rounds=16 first_ms=72.236 median_ms=8.784 checksum=21249587578973
CAMERA-READY/h100/sweep_fixed/cases_diag_tier/poly_aabbc_bw128_r16_triton.csv
$ build/field_sumcheck_cuda_fixed --workloads poly_aabbc --rounds 16 --bit-widths 128 --warmups 2 --repeats 10 --seed 1 --timing-mode whole-run --challenge-mode fixed --layout element --point-mode specialized --block 128 --out CAMERA-READY/h100/sweep_fixed/cases_diag_tier/poly_aabbc_bw128_r16_cuda.csv
poly_aabbc field=p128_mersenne_2^127_minus_1 rounds=16 first_ms=3.92638 median_ms=3.36337 checksum=21249587578973
poly_aabbc               field=p128_mersenne_2^127_minus_1  rounds=16 triton_ms=8.784 cuda_ms=3.36337 checksum_match=true speedup=2.611666
CAMERA-READY/h100/sweep_fixed/cases_diag_tier/poly_aabbc_bw128_r16_joined.csv
ok: poly_aabbc_bw128_r16
CAMERA-READY/h100/sweep_fixed/diag_tier.csv
$ /home/ubuntu/venvs/zkduel-table5/bin/python -u benchmarks/field_sweep/compare_triton_cuda.py --workloads poly_aabbc --bit-widths 128 --rounds 18 --warmups 2 --repeats 10 --seed 1 --timing-mode whole-run --challenge-mode fixed --layout element --point-mode specialized --block 128 --python /home/ubuntu/venvs/zkduel-table5/bin/python --triton-script benchmarks/field_sweep/triton_sweep.py --cuda-binary build/field_sumcheck_cuda_fixed --skip-build --triton-out CAMERA-READY/h100/sweep_fixed/cases_diag_tier/poly_aabbc_bw128_r18_triton.csv --cuda-out CAMERA-READY/h100/sweep_fixed/cases_diag_tier/poly_aabbc_bw128_r18_cuda.csv --out CAMERA-READY/h100/sweep_fixed/cases_diag_tier/poly_aabbc_bw128_r18_joined.csv
$ /home/ubuntu/venvs/zkduel-table5/bin/python -u benchmarks/field_sweep/triton_sweep.py --workloads poly_aabbc --rounds 18 --bit-widths 128 --warmups 2 --repeats 10 --seed 1 --timing-mode whole-run --challenge-mode fixed --layout element --point-mode specialized --out CAMERA-READY/h100/sweep_fixed/cases_diag_tier/poly_aabbc_bw128_r18_triton.csv
poly_aabbc               field=p128_mersenne_2^127_minus_1  rounds=18 first_ms=75.017 median_ms=12.073 checksum=23852566747256
CAMERA-READY/h100/sweep_fixed/cases_diag_tier/poly_aabbc_bw128_r18_triton.csv
$ build/field_sumcheck_cuda_fixed --workloads poly_aabbc --rounds 18 --bit-widths 128 --warmups 2 --repeats 10 --seed 1 --timing-mode whole-run --challenge-mode fixed --layout element --point-mode specialized --block 128 --out CAMERA-READY/h100/sweep_fixed/cases_diag_tier/poly_aabbc_bw128_r18_cuda.csv
poly_aabbc field=p128_mersenne_2^127_minus_1 rounds=18 first_ms=4.83899 median_ms=4.19433 checksum=23852566747256
poly_aabbc               field=p128_mersenne_2^127_minus_1  rounds=18 triton_ms=12.073 cuda_ms=4.19433 checksum_match=true speedup=2.878410
CAMERA-READY/h100/sweep_fixed/cases_diag_tier/poly_aabbc_bw128_r18_joined.csv
ok: poly_aabbc_bw128_r18
CAMERA-READY/h100/sweep_fixed/diag_tier.csv
$ /home/ubuntu/venvs/zkduel-table5/bin/python -u benchmarks/field_sweep/compare_triton_cuda.py --workloads poly_aabbc --bit-widths 128 --rounds 20 --warmups 2 --repeats 10 --seed 1 --timing-mode whole-run --challenge-mode fixed --layout element --point-mode specialized --block 128 --python /home/ubuntu/venvs/zkduel-table5/bin/python --triton-script benchmarks/field_sweep/triton_sweep.py --cuda-binary build/field_sumcheck_cuda_fixed --skip-build --triton-out CAMERA-READY/h100/sweep_fixed/cases_diag_tier/poly_aabbc_bw128_r20_triton.csv --cuda-out CAMERA-READY/h100/sweep_fixed/cases_diag_tier/poly_aabbc_bw128_r20_cuda.csv --out CAMERA-READY/h100/sweep_fixed/cases_diag_tier/poly_aabbc_bw128_r20_joined.csv
$ /home/ubuntu/venvs/zkduel-table5/bin/python -u benchmarks/field_sweep/triton_sweep.py --workloads poly_aabbc --rounds 20 --bit-widths 128 --warmups 2 --repeats 10 --seed 1 --timing-mode whole-run --challenge-mode fixed --layout element --point-mode specialized --out CAMERA-READY/h100/sweep_fixed/cases_diag_tier/poly_aabbc_bw128_r20_triton.csv
poly_aabbc               field=p128_mersenne_2^127_minus_1  rounds=20 first_ms=81.816 median_ms=15.797 checksum=25772397248156
CAMERA-READY/h100/sweep_fixed/cases_diag_tier/poly_aabbc_bw128_r20_triton.csv
$ build/field_sumcheck_cuda_fixed --workloads poly_aabbc --rounds 20 --bit-widths 128 --warmups 2 --repeats 10 --seed 1 --timing-mode whole-run --challenge-mode fixed --layout element --point-mode specialized --block 128 --out CAMERA-READY/h100/sweep_fixed/cases_diag_tier/poly_aabbc_bw128_r20_cuda.csv
poly_aabbc field=p128_mersenne_2^127_minus_1 rounds=20 first_ms=5.77975 median_ms=5.16063 checksum=25772397248156
poly_aabbc               field=p128_mersenne_2^127_minus_1  rounds=20 triton_ms=15.797 cuda_ms=5.16063 checksum_match=true speedup=3.061060
CAMERA-READY/h100/sweep_fixed/cases_diag_tier/poly_aabbc_bw128_r20_joined.csv
ok: poly_aabbc_bw128_r20
CAMERA-READY/h100/sweep_fixed/diag_tier.csv
$ /home/ubuntu/venvs/zkduel-table5/bin/python -u benchmarks/field_sweep/compare_triton_cuda.py --workloads poly_aabbc --bit-widths 128 --rounds 22 --warmups 2 --repeats 10 --seed 1 --timing-mode whole-run --challenge-mode fixed --layout element --point-mode specialized --block 128 --python /home/ubuntu/venvs/zkduel-table5/bin/python --triton-script benchmarks/field_sweep/triton_sweep.py --cuda-binary build/field_sumcheck_cuda_fixed --skip-build --triton-out CAMERA-READY/h100/sweep_fixed/cases_diag_tier/poly_aabbc_bw128_r22_triton.csv --cuda-out CAMERA-READY/h100/sweep_fixed/cases_diag_tier/poly_aabbc_bw128_r22_cuda.csv --out CAMERA-READY/h100/sweep_fixed/cases_diag_tier/poly_aabbc_bw128_r22_joined.csv
$ /home/ubuntu/venvs/zkduel-table5/bin/python -u benchmarks/field_sweep/triton_sweep.py --workloads poly_aabbc --rounds 22 --bit-widths 128 --warmups 2 --repeats 10 --seed 1 --timing-mode whole-run --challenge-mode fixed --layout element --point-mode specialized --out CAMERA-READY/h100/sweep_fixed/cases_diag_tier/poly_aabbc_bw128_r22_triton.csv
poly_aabbc               field=p128_mersenne_2^127_minus_1  rounds=22 first_ms=86.908 median_ms=20.265 checksum=30184414484523
CAMERA-READY/h100/sweep_fixed/cases_diag_tier/poly_aabbc_bw128_r22_triton.csv
$ build/field_sumcheck_cuda_fixed --workloads poly_aabbc --rounds 22 --bit-widths 128 --warmups 2 --repeats 10 --seed 1 --timing-mode whole-run --challenge-mode fixed --layout element --point-mode specialized --block 128 --out CAMERA-READY/h100/sweep_fixed/cases_diag_tier/poly_aabbc_bw128_r22_cuda.csv
poly_aabbc field=p128_mersenne_2^127_minus_1 rounds=22 first_ms=6.59134 median_ms=6.28369 checksum=30184414484523
poly_aabbc               field=p128_mersenne_2^127_minus_1  rounds=22 triton_ms=20.265 cuda_ms=6.28369 checksum_match=true speedup=3.225016
CAMERA-READY/h100/sweep_fixed/cases_diag_tier/poly_aabbc_bw128_r22_joined.csv
ok: poly_aabbc_bw128_r22
CAMERA-READY/h100/sweep_fixed/diag_tier.csv
$ /home/ubuntu/venvs/zkduel-table5/bin/python -u benchmarks/field_sweep/compare_triton_cuda.py --workloads poly_aabbc --bit-widths 128 --rounds 24 --warmups 2 --repeats 10 --seed 1 --timing-mode whole-run --challenge-mode fixed --layout element --point-mode specialized --block 128 --python /home/ubuntu/venvs/zkduel-table5/bin/python --triton-script benchmarks/field_sweep/triton_sweep.py --cuda-binary build/field_sumcheck_cuda_fixed --skip-build --triton-out CAMERA-READY/h100/sweep_fixed/cases_diag_tier/poly_aabbc_bw128_r24_triton.csv --cuda-out CAMERA-READY/h100/sweep_fixed/cases_diag_tier/poly_aabbc_bw128_r24_cuda.csv --out CAMERA-READY/h100/sweep_fixed/cases_diag_tier/poly_aabbc_bw128_r24_joined.csv
$ /home/ubuntu/venvs/zkduel-table5/bin/python -u benchmarks/field_sweep/triton_sweep.py --workloads poly_aabbc --rounds 24 --bit-widths 128 --warmups 2 --repeats 10 --seed 1 --timing-mode whole-run --challenge-mode fixed --layout element --point-mode specialized --out CAMERA-READY/h100/sweep_fixed/cases_diag_tier/poly_aabbc_bw128_r24_triton.csv
poly_aabbc               field=p128_mersenne_2^127_minus_1  rounds=24 first_ms=88.255 median_ms=29.430 checksum=30897279110412
CAMERA-READY/h100/sweep_fixed/cases_diag_tier/poly_aabbc_bw128_r24_triton.csv
$ build/field_sumcheck_cuda_fixed --workloads poly_aabbc --rounds 24 --bit-widths 128 --warmups 2 --repeats 10 --seed 1 --timing-mode whole-run --challenge-mode fixed --layout element --point-mode specialized --block 128 --out CAMERA-READY/h100/sweep_fixed/cases_diag_tier/poly_aabbc_bw128_r24_cuda.csv
poly_aabbc field=p128_mersenne_2^127_minus_1 rounds=24 first_ms=12.5599 median_ms=12.2481 checksum=30897279110412
poly_aabbc               field=p128_mersenne_2^127_minus_1  rounds=24 triton_ms=29.430 cuda_ms=12.2481 checksum_match=true speedup=2.402822
CAMERA-READY/h100/sweep_fixed/cases_diag_tier/poly_aabbc_bw128_r24_joined.csv
ok: poly_aabbc_bw128_r24
CAMERA-READY/h100/sweep_fixed/diag_tier.csv
$ /home/ubuntu/venvs/zkduel-table5/bin/python -u benchmarks/field_sweep/compare_triton_cuda.py --workloads poly_aabbc --bit-widths 128 --rounds 26 --warmups 2 --repeats 10 --seed 1 --timing-mode whole-run --challenge-mode fixed --layout element --point-mode specialized --block 128 --python /home/ubuntu/venvs/zkduel-table5/bin/python --triton-script benchmarks/field_sweep/triton_sweep.py --cuda-binary build/field_sumcheck_cuda_fixed --skip-build --triton-out CAMERA-READY/h100/sweep_fixed/cases_diag_tier/poly_aabbc_bw128_r26_triton.csv --cuda-out CAMERA-READY/h100/sweep_fixed/cases_diag_tier/poly_aabbc_bw128_r26_cuda.csv --out CAMERA-READY/h100/sweep_fixed/cases_diag_tier/poly_aabbc_bw128_r26_joined.csv
$ /home/ubuntu/venvs/zkduel-table5/bin/python -u benchmarks/field_sweep/triton_sweep.py --workloads poly_aabbc --rounds 26 --bit-widths 128 --warmups 2 --repeats 10 --seed 1 --timing-mode whole-run --challenge-mode fixed --layout element --point-mode specialized --out CAMERA-READY/h100/sweep_fixed/cases_diag_tier/poly_aabbc_bw128_r26_triton.csv
poly_aabbc               field=p128_mersenne_2^127_minus_1  rounds=26 first_ms=128.198 median_ms=70.782 checksum=35110715455634
CAMERA-READY/h100/sweep_fixed/cases_diag_tier/poly_aabbc_bw128_r26_triton.csv
$ build/field_sumcheck_cuda_fixed --workloads poly_aabbc --rounds 26 --bit-widths 128 --warmups 2 --repeats 10 --seed 1 --timing-mode whole-run --challenge-mode fixed --layout element --point-mode specialized --block 128 --out CAMERA-READY/h100/sweep_fixed/cases_diag_tier/poly_aabbc_bw128_r26_cuda.csv
poly_aabbc field=p128_mersenne_2^127_minus_1 rounds=26 first_ms=34.3191 median_ms=33.8946 checksum=35110715455634
poly_aabbc               field=p128_mersenne_2^127_minus_1  rounds=26 triton_ms=70.782 cuda_ms=33.8946 checksum_match=true speedup=2.088297
CAMERA-READY/h100/sweep_fixed/cases_diag_tier/poly_aabbc_bw128_r26_joined.csv
ok: poly_aabbc_bw128_r26
CAMERA-READY/h100/sweep_fixed/diag_tier.csv
$ /home/ubuntu/venvs/zkduel-table5/bin/python -u benchmarks/field_sweep/compare_triton_cuda.py --workloads poly_aabbc --bit-widths 128 --rounds 28 --warmups 2 --repeats 10 --seed 1 --timing-mode whole-run --challenge-mode fixed --layout element --point-mode specialized --block 128 --python /home/ubuntu/venvs/zkduel-table5/bin/python --triton-script benchmarks/field_sweep/triton_sweep.py --cuda-binary build/field_sumcheck_cuda_fixed --skip-build --triton-out CAMERA-READY/h100/sweep_fixed/cases_diag_tier/poly_aabbc_bw128_r28_triton.csv --cuda-out CAMERA-READY/h100/sweep_fixed/cases_diag_tier/poly_aabbc_bw128_r28_cuda.csv --out CAMERA-READY/h100/sweep_fixed/cases_diag_tier/poly_aabbc_bw128_r28_joined.csv
$ /home/ubuntu/venvs/zkduel-table5/bin/python -u benchmarks/field_sweep/triton_sweep.py --workloads poly_aabbc --rounds 28 --bit-widths 128 --warmups 2 --repeats 10 --seed 1 --timing-mode whole-run --challenge-mode fixed --layout element --point-mode specialized --out CAMERA-READY/h100/sweep_fixed/cases_diag_tier/poly_aabbc_bw128_r28_triton.csv
poly_aabbc               field=p128_mersenne_2^127_minus_1  rounds=28 first_ms=290.074 median_ms=230.216 checksum=37535745395278
CAMERA-READY/h100/sweep_fixed/cases_diag_tier/poly_aabbc_bw128_r28_triton.csv
$ build/field_sumcheck_cuda_fixed --workloads poly_aabbc --rounds 28 --bit-widths 128 --warmups 2 --repeats 10 --seed 1 --timing-mode whole-run --challenge-mode fixed --layout element --point-mode specialized --block 128 --out CAMERA-READY/h100/sweep_fixed/cases_diag_tier/poly_aabbc_bw128_r28_cuda.csv
poly_aabbc field=p128_mersenne_2^127_minus_1 rounds=28 first_ms=119.088 median_ms=121.471 checksum=37535745395278
poly_aabbc               field=p128_mersenne_2^127_minus_1  rounds=28 triton_ms=230.216 cuda_ms=121.471 checksum_match=true speedup=1.895234
CAMERA-READY/h100/sweep_fixed/cases_diag_tier/poly_aabbc_bw128_r28_joined.csv
ok: poly_aabbc_bw128_r28
CAMERA-READY/h100/sweep_fixed/diag_tier.csv
$ /home/ubuntu/venvs/zkduel-table5/bin/python -u benchmarks/field_sweep/compare_triton_cuda.py --workloads poly_aabbc --bit-widths 256 --rounds 14 --warmups 2 --repeats 10 --seed 1 --timing-mode whole-run --challenge-mode fixed --layout element --point-mode specialized --block 128 --python /home/ubuntu/venvs/zkduel-table5/bin/python --triton-script benchmarks/field_sweep/triton_sweep.py --cuda-binary build/field_sumcheck_cuda_fixed --skip-build --triton-out CAMERA-READY/h100/sweep_fixed/cases_diag_tier/poly_aabbc_bw256_r14_triton.csv --cuda-out CAMERA-READY/h100/sweep_fixed/cases_diag_tier/poly_aabbc_bw256_r14_cuda.csv --out CAMERA-READY/h100/sweep_fixed/cases_diag_tier/poly_aabbc_bw256_r14_joined.csv
$ /home/ubuntu/venvs/zkduel-table5/bin/python -u benchmarks/field_sweep/triton_sweep.py --workloads poly_aabbc --rounds 14 --bit-widths 256 --warmups 2 --repeats 10 --seed 1 --timing-mode whole-run --challenge-mode fixed --layout element --point-mode specialized --out CAMERA-READY/h100/sweep_fixed/cases_diag_tier/poly_aabbc_bw256_r14_triton.csv
poly_aabbc               field=p255_bls12_381_scalar        rounds=14 first_ms=46.758 median_ms=4.118 checksum=69014560976751
CAMERA-READY/h100/sweep_fixed/cases_diag_tier/poly_aabbc_bw256_r14_triton.csv
$ build/field_sumcheck_cuda_fixed --workloads poly_aabbc --rounds 14 --bit-widths 256 --warmups 2 --repeats 10 --seed 1 --timing-mode whole-run --challenge-mode fixed --layout element --point-mode specialized --block 128 --out CAMERA-READY/h100/sweep_fixed/cases_diag_tier/poly_aabbc_bw256_r14_cuda.csv
poly_aabbc field=p255_bls12_381_scalar rounds=14 first_ms=3.36352 median_ms=2.4654 checksum=69014560976751
poly_aabbc               field=p255_bls12_381_scalar        rounds=14 triton_ms=4.118 cuda_ms=2.4654 checksum_match=true speedup=1.670317
CAMERA-READY/h100/sweep_fixed/cases_diag_tier/poly_aabbc_bw256_r14_joined.csv
ok: poly_aabbc_bw256_r14
CAMERA-READY/h100/sweep_fixed/diag_tier.csv
$ /home/ubuntu/venvs/zkduel-table5/bin/python -u benchmarks/field_sweep/compare_triton_cuda.py --workloads poly_aabbc --bit-widths 256 --rounds 16 --warmups 2 --repeats 10 --seed 1 --timing-mode whole-run --challenge-mode fixed --layout element --point-mode specialized --block 128 --python /home/ubuntu/venvs/zkduel-table5/bin/python --triton-script benchmarks/field_sweep/triton_sweep.py --cuda-binary build/field_sumcheck_cuda_fixed --skip-build --triton-out CAMERA-READY/h100/sweep_fixed/cases_diag_tier/poly_aabbc_bw256_r16_triton.csv --cuda-out CAMERA-READY/h100/sweep_fixed/cases_diag_tier/poly_aabbc_bw256_r16_cuda.csv --out CAMERA-READY/h100/sweep_fixed/cases_diag_tier/poly_aabbc_bw256_r16_joined.csv
$ /home/ubuntu/venvs/zkduel-table5/bin/python -u benchmarks/field_sweep/triton_sweep.py --workloads poly_aabbc --rounds 16 --bit-widths 256 --warmups 2 --repeats 10 --seed 1 --timing-mode whole-run --challenge-mode fixed --layout element --point-mode specialized --out CAMERA-READY/h100/sweep_fixed/cases_diag_tier/poly_aabbc_bw256_r16_triton.csv
poly_aabbc               field=p255_bls12_381_scalar        rounds=16 first_ms=48.100 median_ms=5.279 checksum=83343137385703
CAMERA-READY/h100/sweep_fixed/cases_diag_tier/poly_aabbc_bw256_r16_triton.csv
$ build/field_sumcheck_cuda_fixed --workloads poly_aabbc --rounds 16 --bit-widths 256 --warmups 2 --repeats 10 --seed 1 --timing-mode whole-run --challenge-mode fixed --layout element --point-mode specialized --block 128 --out CAMERA-READY/h100/sweep_fixed/cases_diag_tier/poly_aabbc_bw256_r16_cuda.csv
poly_aabbc field=p255_bls12_381_scalar rounds=16 first_ms=5.0624 median_ms=3.68977 checksum=83343137385703
poly_aabbc               field=p255_bls12_381_scalar        rounds=16 triton_ms=5.279 cuda_ms=3.68977 checksum_match=true speedup=1.430712
CAMERA-READY/h100/sweep_fixed/cases_diag_tier/poly_aabbc_bw256_r16_joined.csv
ok: poly_aabbc_bw256_r16
CAMERA-READY/h100/sweep_fixed/diag_tier.csv
$ /home/ubuntu/venvs/zkduel-table5/bin/python -u benchmarks/field_sweep/compare_triton_cuda.py --workloads poly_aabbc --bit-widths 256 --rounds 18 --warmups 2 --repeats 10 --seed 1 --timing-mode whole-run --challenge-mode fixed --layout element --point-mode specialized --block 128 --python /home/ubuntu/venvs/zkduel-table5/bin/python --triton-script benchmarks/field_sweep/triton_sweep.py --cuda-binary build/field_sumcheck_cuda_fixed --skip-build --triton-out CAMERA-READY/h100/sweep_fixed/cases_diag_tier/poly_aabbc_bw256_r18_triton.csv --cuda-out CAMERA-READY/h100/sweep_fixed/cases_diag_tier/poly_aabbc_bw256_r18_cuda.csv --out CAMERA-READY/h100/sweep_fixed/cases_diag_tier/poly_aabbc_bw256_r18_joined.csv
$ /home/ubuntu/venvs/zkduel-table5/bin/python -u benchmarks/field_sweep/triton_sweep.py --workloads poly_aabbc --rounds 18 --bit-widths 256 --warmups 2 --repeats 10 --seed 1 --timing-mode whole-run --challenge-mode fixed --layout element --point-mode specialized --out CAMERA-READY/h100/sweep_fixed/cases_diag_tier/poly_aabbc_bw256_r18_triton.csv
poly_aabbc               field=p255_bls12_381_scalar        rounds=18 first_ms=83.974 median_ms=11.925 checksum=95533497043751
CAMERA-READY/h100/sweep_fixed/cases_diag_tier/poly_aabbc_bw256_r18_triton.csv
$ build/field_sumcheck_cuda_fixed --workloads poly_aabbc --rounds 18 --bit-widths 256 --warmups 2 --repeats 10 --seed 1 --timing-mode whole-run --challenge-mode fixed --layout element --point-mode specialized --block 128 --out CAMERA-READY/h100/sweep_fixed/cases_diag_tier/poly_aabbc_bw256_r18_cuda.csv
poly_aabbc field=p255_bls12_381_scalar rounds=18 first_ms=4.91589 median_ms=3.99574 checksum=95533497043751
poly_aabbc               field=p255_bls12_381_scalar        rounds=18 triton_ms=11.925 cuda_ms=3.99574 checksum_match=true speedup=2.984428
CAMERA-READY/h100/sweep_fixed/cases_diag_tier/poly_aabbc_bw256_r18_joined.csv
ok: poly_aabbc_bw256_r18
CAMERA-READY/h100/sweep_fixed/diag_tier.csv
$ /home/ubuntu/venvs/zkduel-table5/bin/python -u benchmarks/field_sweep/compare_triton_cuda.py --workloads poly_aabbc --bit-widths 256 --rounds 20 --warmups 2 --repeats 10 --seed 1 --timing-mode whole-run --challenge-mode fixed --layout element --point-mode specialized --block 128 --python /home/ubuntu/venvs/zkduel-table5/bin/python --triton-script benchmarks/field_sweep/triton_sweep.py --cuda-binary build/field_sumcheck_cuda_fixed --skip-build --triton-out CAMERA-READY/h100/sweep_fixed/cases_diag_tier/poly_aabbc_bw256_r20_triton.csv --cuda-out CAMERA-READY/h100/sweep_fixed/cases_diag_tier/poly_aabbc_bw256_r20_cuda.csv --out CAMERA-READY/h100/sweep_fixed/cases_diag_tier/poly_aabbc_bw256_r20_joined.csv
$ /home/ubuntu/venvs/zkduel-table5/bin/python -u benchmarks/field_sweep/triton_sweep.py --workloads poly_aabbc --rounds 20 --bit-widths 256 --warmups 2 --repeats 10 --seed 1 --timing-mode whole-run --challenge-mode fixed --layout element --point-mode specialized --out CAMERA-READY/h100/sweep_fixed/cases_diag_tier/poly_aabbc_bw256_r20_triton.csv
poly_aabbc               field=p255_bls12_381_scalar        rounds=20 first_ms=99.544 median_ms=16.740 checksum=106108572155261
CAMERA-READY/h100/sweep_fixed/cases_diag_tier/poly_aabbc_bw256_r20_triton.csv
$ build/field_sumcheck_cuda_fixed --workloads poly_aabbc --rounds 20 --bit-widths 256 --warmups 2 --repeats 10 --seed 1 --timing-mode whole-run --challenge-mode fixed --layout element --point-mode specialized --block 128 --out CAMERA-READY/h100/sweep_fixed/cases_diag_tier/poly_aabbc_bw256_r20_cuda.csv
poly_aabbc field=p255_bls12_381_scalar rounds=20 first_ms=7.90448 median_ms=6.53908 checksum=106108572155261
poly_aabbc               field=p255_bls12_381_scalar        rounds=20 triton_ms=16.740 cuda_ms=6.53908 checksum_match=true speedup=2.559993
CAMERA-READY/h100/sweep_fixed/cases_diag_tier/poly_aabbc_bw256_r20_joined.csv
ok: poly_aabbc_bw256_r20
CAMERA-READY/h100/sweep_fixed/diag_tier.csv
$ /home/ubuntu/venvs/zkduel-table5/bin/python -u benchmarks/field_sweep/compare_triton_cuda.py --workloads poly_aabbc --bit-widths 256 --rounds 22 --warmups 2 --repeats 10 --seed 1 --timing-mode whole-run --challenge-mode fixed --layout element --point-mode specialized --block 128 --python /home/ubuntu/venvs/zkduel-table5/bin/python --triton-script benchmarks/field_sweep/triton_sweep.py --cuda-binary build/field_sumcheck_cuda_fixed --skip-build --triton-out CAMERA-READY/h100/sweep_fixed/cases_diag_tier/poly_aabbc_bw256_r22_triton.csv --cuda-out CAMERA-READY/h100/sweep_fixed/cases_diag_tier/poly_aabbc_bw256_r22_cuda.csv --out CAMERA-READY/h100/sweep_fixed/cases_diag_tier/poly_aabbc_bw256_r22_joined.csv
$ /home/ubuntu/venvs/zkduel-table5/bin/python -u benchmarks/field_sweep/triton_sweep.py --workloads poly_aabbc --rounds 22 --bit-widths 256 --warmups 2 --repeats 10 --seed 1 --timing-mode whole-run --challenge-mode fixed --layout element --point-mode specialized --out CAMERA-READY/h100/sweep_fixed/cases_diag_tier/poly_aabbc_bw256_r22_triton.csv
poly_aabbc               field=p255_bls12_381_scalar        rounds=22 first_ms=105.292 median_ms=24.376 checksum=120649741564508
CAMERA-READY/h100/sweep_fixed/cases_diag_tier/poly_aabbc_bw256_r22_triton.csv
$ build/field_sumcheck_cuda_fixed --workloads poly_aabbc --rounds 22 --bit-widths 256 --warmups 2 --repeats 10 --seed 1 --timing-mode whole-run --challenge-mode fixed --layout element --point-mode specialized --block 128 --out CAMERA-READY/h100/sweep_fixed/cases_diag_tier/poly_aabbc_bw256_r22_cuda.csv
poly_aabbc field=p255_bls12_381_scalar rounds=22 first_ms=13.5065 median_ms=12.3145 checksum=120649741564508
poly_aabbc               field=p255_bls12_381_scalar        rounds=22 triton_ms=24.376 cuda_ms=12.3145 checksum_match=true speedup=1.979455
CAMERA-READY/h100/sweep_fixed/cases_diag_tier/poly_aabbc_bw256_r22_joined.csv
ok: poly_aabbc_bw256_r22
CAMERA-READY/h100/sweep_fixed/diag_tier.csv
$ /home/ubuntu/venvs/zkduel-table5/bin/python -u benchmarks/field_sweep/compare_triton_cuda.py --workloads poly_aabbc --bit-widths 256 --rounds 24 --warmups 2 --repeats 10 --seed 1 --timing-mode whole-run --challenge-mode fixed --layout element --point-mode specialized --block 128 --python /home/ubuntu/venvs/zkduel-table5/bin/python --triton-script benchmarks/field_sweep/triton_sweep.py --cuda-binary build/field_sumcheck_cuda_fixed --skip-build --triton-out CAMERA-READY/h100/sweep_fixed/cases_diag_tier/poly_aabbc_bw256_r24_triton.csv --cuda-out CAMERA-READY/h100/sweep_fixed/cases_diag_tier/poly_aabbc_bw256_r24_cuda.csv --out CAMERA-READY/h100/sweep_fixed/cases_diag_tier/poly_aabbc_bw256_r24_joined.csv
$ /home/ubuntu/venvs/zkduel-table5/bin/python -u benchmarks/field_sweep/triton_sweep.py --workloads poly_aabbc --rounds 24 --bit-widths 256 --warmups 2 --repeats 10 --seed 1 --timing-mode whole-run --challenge-mode fixed --layout element --point-mode specialized --out CAMERA-READY/h100/sweep_fixed/cases_diag_tier/poly_aabbc_bw256_r24_triton.csv
poly_aabbc               field=p255_bls12_381_scalar        rounds=24 first_ms=130.503 median_ms=51.705 checksum=128681760390937
CAMERA-READY/h100/sweep_fixed/cases_diag_tier/poly_aabbc_bw256_r24_triton.csv
$ build/field_sumcheck_cuda_fixed --workloads poly_aabbc --rounds 24 --bit-widths 256 --warmups 2 --repeats 10 --seed 1 --timing-mode whole-run --challenge-mode fixed --layout element --point-mode specialized --block 128 --out CAMERA-READY/h100/sweep_fixed/cases_diag_tier/poly_aabbc_bw256_r24_cuda.csv
poly_aabbc field=p255_bls12_381_scalar rounds=24 first_ms=33.0834 median_ms=31.7028 checksum=128681760390937
poly_aabbc               field=p255_bls12_381_scalar        rounds=24 triton_ms=51.705 cuda_ms=31.7028 checksum_match=true speedup=1.630928
CAMERA-READY/h100/sweep_fixed/cases_diag_tier/poly_aabbc_bw256_r24_joined.csv
ok: poly_aabbc_bw256_r24
CAMERA-READY/h100/sweep_fixed/diag_tier.csv
$ /home/ubuntu/venvs/zkduel-table5/bin/python -u benchmarks/field_sweep/compare_triton_cuda.py --workloads poly_aabbc --bit-widths 256 --rounds 26 --warmups 2 --repeats 10 --seed 1 --timing-mode whole-run --challenge-mode fixed --layout element --point-mode specialized --block 128 --python /home/ubuntu/venvs/zkduel-table5/bin/python --triton-script benchmarks/field_sweep/triton_sweep.py --cuda-binary build/field_sumcheck_cuda_fixed --skip-build --triton-out CAMERA-READY/h100/sweep_fixed/cases_diag_tier/poly_aabbc_bw256_r26_triton.csv --cuda-out CAMERA-READY/h100/sweep_fixed/cases_diag_tier/poly_aabbc_bw256_r26_cuda.csv --out CAMERA-READY/h100/sweep_fixed/cases_diag_tier/poly_aabbc_bw256_r26_joined.csv
$ /home/ubuntu/venvs/zkduel-table5/bin/python -u benchmarks/field_sweep/triton_sweep.py --workloads poly_aabbc --rounds 26 --bit-widths 256 --warmups 2 --repeats 10 --seed 1 --timing-mode whole-run --challenge-mode fixed --layout element --point-mode specialized --out CAMERA-READY/h100/sweep_fixed/cases_diag_tier/poly_aabbc_bw256_r26_triton.csv
poly_aabbc               field=p255_bls12_381_scalar        rounds=26 first_ms=224.783 median_ms=157.919 checksum=133769277075954
CAMERA-READY/h100/sweep_fixed/cases_diag_tier/poly_aabbc_bw256_r26_triton.csv
$ build/field_sumcheck_cuda_fixed --workloads poly_aabbc --rounds 26 --bit-widths 256 --warmups 2 --repeats 10 --seed 1 --timing-mode whole-run --challenge-mode fixed --layout element --point-mode specialized --block 128 --out CAMERA-READY/h100/sweep_fixed/cases_diag_tier/poly_aabbc_bw256_r26_cuda.csv
poly_aabbc field=p255_bls12_381_scalar rounds=26 first_ms=111.186 median_ms=113.335 checksum=133769277075954
poly_aabbc               field=p255_bls12_381_scalar        rounds=26 triton_ms=157.919 cuda_ms=113.335 checksum_match=true speedup=1.393382
CAMERA-READY/h100/sweep_fixed/cases_diag_tier/poly_aabbc_bw256_r26_joined.csv
ok: poly_aabbc_bw256_r26
CAMERA-READY/h100/sweep_fixed/diag_tier.csv
$ /home/ubuntu/venvs/zkduel-table5/bin/python -u benchmarks/field_sweep/compare_triton_cuda.py --workloads poly_aabbc --bit-widths 256 --rounds 28 --warmups 2 --repeats 10 --seed 1 --timing-mode whole-run --challenge-mode fixed --layout element --point-mode specialized --block 128 --python /home/ubuntu/venvs/zkduel-table5/bin/python --triton-script benchmarks/field_sweep/triton_sweep.py --cuda-binary build/field_sumcheck_cuda_fixed --skip-build --triton-out CAMERA-READY/h100/sweep_fixed/cases_diag_tier/poly_aabbc_bw256_r28_triton.csv --cuda-out CAMERA-READY/h100/sweep_fixed/cases_diag_tier/poly_aabbc_bw256_r28_cuda.csv --out CAMERA-READY/h100/sweep_fixed/cases_diag_tier/poly_aabbc_bw256_r28_joined.csv
$ /home/ubuntu/venvs/zkduel-table5/bin/python -u benchmarks/field_sweep/triton_sweep.py --workloads poly_aabbc --rounds 28 --bit-widths 256 --warmups 2 --repeats 10 --seed 1 --timing-mode whole-run --challenge-mode fixed --layout element --point-mode specialized --out CAMERA-READY/h100/sweep_fixed/cases_diag_tier/poly_aabbc_bw256_r28_triton.csv
poly_aabbc               field=p255_bls12_381_scalar        rounds=28 first_ms=623.573 median_ms=589.082 checksum=149369116199550
CAMERA-READY/h100/sweep_fixed/cases_diag_tier/poly_aabbc_bw256_r28_triton.csv
$ build/field_sumcheck_cuda_fixed --workloads poly_aabbc --rounds 28 --bit-widths 256 --warmups 2 --repeats 10 --seed 1 --timing-mode whole-run --challenge-mode fixed --layout element --point-mode specialized --block 128 --out CAMERA-READY/h100/sweep_fixed/cases_diag_tier/poly_aabbc_bw256_r28_cuda.csv
poly_aabbc field=p255_bls12_381_scalar rounds=28 first_ms=434.905 median_ms=449.741 checksum=149369116199550
poly_aabbc               field=p255_bls12_381_scalar        rounds=28 triton_ms=589.082 cuda_ms=449.741 checksum_match=true speedup=1.309825
CAMERA-READY/h100/sweep_fixed/cases_diag_tier/poly_aabbc_bw256_r28_joined.csv
ok: poly_aabbc_bw256_r28
CAMERA-READY/h100/sweep_fixed/diag_tier.csv
$ /home/ubuntu/venvs/zkduel-table5/bin/python -u benchmarks/field_sweep/compare_triton_cuda.py --workloads poly_abc_plus_de --bit-widths 32 --rounds 14 --warmups 2 --repeats 10 --seed 1 --timing-mode whole-run --challenge-mode fixed --layout element --point-mode specialized --block 128 --python /home/ubuntu/venvs/zkduel-table5/bin/python --triton-script benchmarks/field_sweep/triton_sweep.py --cuda-binary build/field_sumcheck_cuda_fixed --skip-build --triton-out CAMERA-READY/h100/sweep_fixed/cases_diag_tier/poly_abc_plus_de_bw32_r14_triton.csv --cuda-out CAMERA-READY/h100/sweep_fixed/cases_diag_tier/poly_abc_plus_de_bw32_r14_cuda.csv --out CAMERA-READY/h100/sweep_fixed/cases_diag_tier/poly_abc_plus_de_bw32_r14_joined.csv
$ /home/ubuntu/venvs/zkduel-table5/bin/python -u benchmarks/field_sweep/triton_sweep.py --workloads poly_abc_plus_de --rounds 14 --bit-widths 32 --warmups 2 --repeats 10 --seed 1 --timing-mode whole-run --challenge-mode fixed --layout element --point-mode specialized --out CAMERA-READY/h100/sweep_fixed/cases_diag_tier/poly_abc_plus_de_bw32_r14_triton.csv
poly_abc_plus_de         field=p32_2^32_minus_5             rounds=14 first_ms=55.547 median_ms=4.383 checksum=1909666392322
CAMERA-READY/h100/sweep_fixed/cases_diag_tier/poly_abc_plus_de_bw32_r14_triton.csv
$ build/field_sumcheck_cuda_fixed --workloads poly_abc_plus_de --rounds 14 --bit-widths 32 --warmups 2 --repeats 10 --seed 1 --timing-mode whole-run --challenge-mode fixed --layout element --point-mode specialized --block 128 --out CAMERA-READY/h100/sweep_fixed/cases_diag_tier/poly_abc_plus_de_bw32_r14_cuda.csv
poly_abc_plus_de field=p32_2^32_minus_5 rounds=14 first_ms=1.4712 median_ms=1.2621 checksum=1909666392322
poly_abc_plus_de         field=p32_2^32_minus_5             rounds=14 triton_ms=4.383 cuda_ms=1.2621 checksum_match=true speedup=3.472783
CAMERA-READY/h100/sweep_fixed/cases_diag_tier/poly_abc_plus_de_bw32_r14_joined.csv
ok: poly_abc_plus_de_bw32_r14
CAMERA-READY/h100/sweep_fixed/diag_tier.csv
$ /home/ubuntu/venvs/zkduel-table5/bin/python -u benchmarks/field_sweep/compare_triton_cuda.py --workloads poly_abc_plus_de --bit-widths 32 --rounds 16 --warmups 2 --repeats 10 --seed 1 --timing-mode whole-run --challenge-mode fixed --layout element --point-mode specialized --block 128 --python /home/ubuntu/venvs/zkduel-table5/bin/python --triton-script benchmarks/field_sweep/triton_sweep.py --cuda-binary build/field_sumcheck_cuda_fixed --skip-build --triton-out CAMERA-READY/h100/sweep_fixed/cases_diag_tier/poly_abc_plus_de_bw32_r16_triton.csv --cuda-out CAMERA-READY/h100/sweep_fixed/cases_diag_tier/poly_abc_plus_de_bw32_r16_cuda.csv --out CAMERA-READY/h100/sweep_fixed/cases_diag_tier/poly_abc_plus_de_bw32_r16_joined.csv
$ /home/ubuntu/venvs/zkduel-table5/bin/python -u benchmarks/field_sweep/triton_sweep.py --workloads poly_abc_plus_de --rounds 16 --bit-widths 32 --warmups 2 --repeats 10 --seed 1 --timing-mode whole-run --challenge-mode fixed --layout element --point-mode specialized --out CAMERA-READY/h100/sweep_fixed/cases_diag_tier/poly_abc_plus_de_bw32_r16_triton.csv
poly_abc_plus_de         field=p32_2^32_minus_5             rounds=16 first_ms=57.927 median_ms=5.951 checksum=1717701476400
CAMERA-READY/h100/sweep_fixed/cases_diag_tier/poly_abc_plus_de_bw32_r16_triton.csv
$ build/field_sumcheck_cuda_fixed --workloads poly_abc_plus_de --rounds 16 --bit-widths 32 --warmups 2 --repeats 10 --seed 1 --timing-mode whole-run --challenge-mode fixed --layout element --point-mode specialized --block 128 --out CAMERA-READY/h100/sweep_fixed/cases_diag_tier/poly_abc_plus_de_bw32_r16_cuda.csv
poly_abc_plus_de field=p32_2^32_minus_5 rounds=16 first_ms=1.86583 median_ms=1.63448 checksum=1717701476400
poly_abc_plus_de         field=p32_2^32_minus_5             rounds=16 triton_ms=5.951 cuda_ms=1.63448 checksum_match=true speedup=3.640913
CAMERA-READY/h100/sweep_fixed/cases_diag_tier/poly_abc_plus_de_bw32_r16_joined.csv
ok: poly_abc_plus_de_bw32_r16
CAMERA-READY/h100/sweep_fixed/diag_tier.csv
$ /home/ubuntu/venvs/zkduel-table5/bin/python -u benchmarks/field_sweep/compare_triton_cuda.py --workloads poly_abc_plus_de --bit-widths 32 --rounds 18 --warmups 2 --repeats 10 --seed 1 --timing-mode whole-run --challenge-mode fixed --layout element --point-mode specialized --block 128 --python /home/ubuntu/venvs/zkduel-table5/bin/python --triton-script benchmarks/field_sweep/triton_sweep.py --cuda-binary build/field_sumcheck_cuda_fixed --skip-build --triton-out CAMERA-READY/h100/sweep_fixed/cases_diag_tier/poly_abc_plus_de_bw32_r18_triton.csv --cuda-out CAMERA-READY/h100/sweep_fixed/cases_diag_tier/poly_abc_plus_de_bw32_r18_cuda.csv --out CAMERA-READY/h100/sweep_fixed/cases_diag_tier/poly_abc_plus_de_bw32_r18_joined.csv
$ /home/ubuntu/venvs/zkduel-table5/bin/python -u benchmarks/field_sweep/triton_sweep.py --workloads poly_abc_plus_de --rounds 18 --bit-widths 32 --warmups 2 --repeats 10 --seed 1 --timing-mode whole-run --challenge-mode fixed --layout element --point-mode specialized --out CAMERA-READY/h100/sweep_fixed/cases_diag_tier/poly_abc_plus_de_bw32_r18_triton.csv
poly_abc_plus_de         field=p32_2^32_minus_5             rounds=18 first_ms=59.004 median_ms=7.622 checksum=1776775400517
CAMERA-READY/h100/sweep_fixed/cases_diag_tier/poly_abc_plus_de_bw32_r18_triton.csv
$ build/field_sumcheck_cuda_fixed --workloads poly_abc_plus_de --rounds 18 --bit-widths 32 --warmups 2 --repeats 10 --seed 1 --timing-mode whole-run --challenge-mode fixed --layout element --point-mode specialized --block 128 --out CAMERA-READY/h100/sweep_fixed/cases_diag_tier/poly_abc_plus_de_bw32_r18_cuda.csv
poly_abc_plus_de field=p32_2^32_minus_5 rounds=18 first_ms=2.18049 median_ms=1.90679 checksum=1776775400517
poly_abc_plus_de         field=p32_2^32_minus_5             rounds=18 triton_ms=7.622 cuda_ms=1.90679 checksum_match=true speedup=3.997294
CAMERA-READY/h100/sweep_fixed/cases_diag_tier/poly_abc_plus_de_bw32_r18_joined.csv
ok: poly_abc_plus_de_bw32_r18
CAMERA-READY/h100/sweep_fixed/diag_tier.csv
$ /home/ubuntu/venvs/zkduel-table5/bin/python -u benchmarks/field_sweep/compare_triton_cuda.py --workloads poly_abc_plus_de --bit-widths 32 --rounds 20 --warmups 2 --repeats 10 --seed 1 --timing-mode whole-run --challenge-mode fixed --layout element --point-mode specialized --block 128 --python /home/ubuntu/venvs/zkduel-table5/bin/python --triton-script benchmarks/field_sweep/triton_sweep.py --cuda-binary build/field_sumcheck_cuda_fixed --skip-build --triton-out CAMERA-READY/h100/sweep_fixed/cases_diag_tier/poly_abc_plus_de_bw32_r20_triton.csv --cuda-out CAMERA-READY/h100/sweep_fixed/cases_diag_tier/poly_abc_plus_de_bw32_r20_cuda.csv --out CAMERA-READY/h100/sweep_fixed/cases_diag_tier/poly_abc_plus_de_bw32_r20_joined.csv
$ /home/ubuntu/venvs/zkduel-table5/bin/python -u benchmarks/field_sweep/triton_sweep.py --workloads poly_abc_plus_de --rounds 20 --bit-widths 32 --warmups 2 --repeats 10 --seed 1 --timing-mode whole-run --challenge-mode fixed --layout element --point-mode specialized --out CAMERA-READY/h100/sweep_fixed/cases_diag_tier/poly_abc_plus_de_bw32_r20_triton.csv
poly_abc_plus_de         field=p32_2^32_minus_5             rounds=20 first_ms=60.382 median_ms=9.583 checksum=2406166411701
CAMERA-READY/h100/sweep_fixed/cases_diag_tier/poly_abc_plus_de_bw32_r20_triton.csv
$ build/field_sumcheck_cuda_fixed --workloads poly_abc_plus_de --rounds 20 --bit-widths 32 --warmups 2 --repeats 10 --seed 1 --timing-mode whole-run --challenge-mode fixed --layout element --point-mode specialized --block 128 --out CAMERA-READY/h100/sweep_fixed/cases_diag_tier/poly_abc_plus_de_bw32_r20_cuda.csv
poly_abc_plus_de field=p32_2^32_minus_5 rounds=20 first_ms=2.58794 median_ms=2.29409 checksum=2406166411701
poly_abc_plus_de         field=p32_2^32_minus_5             rounds=20 triton_ms=9.583 cuda_ms=2.29409 checksum_match=true speedup=4.177255
CAMERA-READY/h100/sweep_fixed/cases_diag_tier/poly_abc_plus_de_bw32_r20_joined.csv
ok: poly_abc_plus_de_bw32_r20
CAMERA-READY/h100/sweep_fixed/diag_tier.csv
$ /home/ubuntu/venvs/zkduel-table5/bin/python -u benchmarks/field_sweep/compare_triton_cuda.py --workloads poly_abc_plus_de --bit-widths 32 --rounds 22 --warmups 2 --repeats 10 --seed 1 --timing-mode whole-run --challenge-mode fixed --layout element --point-mode specialized --block 128 --python /home/ubuntu/venvs/zkduel-table5/bin/python --triton-script benchmarks/field_sweep/triton_sweep.py --cuda-binary build/field_sumcheck_cuda_fixed --skip-build --triton-out CAMERA-READY/h100/sweep_fixed/cases_diag_tier/poly_abc_plus_de_bw32_r22_triton.csv --cuda-out CAMERA-READY/h100/sweep_fixed/cases_diag_tier/poly_abc_plus_de_bw32_r22_cuda.csv --out CAMERA-READY/h100/sweep_fixed/cases_diag_tier/poly_abc_plus_de_bw32_r22_joined.csv
$ /home/ubuntu/venvs/zkduel-table5/bin/python -u benchmarks/field_sweep/triton_sweep.py --workloads poly_abc_plus_de --rounds 22 --bit-widths 32 --warmups 2 --repeats 10 --seed 1 --timing-mode whole-run --challenge-mode fixed --layout element --point-mode specialized --out CAMERA-READY/h100/sweep_fixed/cases_diag_tier/poly_abc_plus_de_bw32_r22_triton.csv
poly_abc_plus_de         field=p32_2^32_minus_5             rounds=22 first_ms=63.313 median_ms=11.965 checksum=2457159998475
CAMERA-READY/h100/sweep_fixed/cases_diag_tier/poly_abc_plus_de_bw32_r22_triton.csv
$ build/field_sumcheck_cuda_fixed --workloads poly_abc_plus_de --rounds 22 --bit-widths 32 --warmups 2 --repeats 10 --seed 1 --timing-mode whole-run --challenge-mode fixed --layout element --point-mode specialized --block 128 --out CAMERA-READY/h100/sweep_fixed/cases_diag_tier/poly_abc_plus_de_bw32_r22_cuda.csv
poly_abc_plus_de field=p32_2^32_minus_5 rounds=22 first_ms=3.29061 median_ms=3.06027 checksum=2457159998475
poly_abc_plus_de         field=p32_2^32_minus_5             rounds=22 triton_ms=11.965 cuda_ms=3.06027 checksum_match=true speedup=3.909786
CAMERA-READY/h100/sweep_fixed/cases_diag_tier/poly_abc_plus_de_bw32_r22_joined.csv
ok: poly_abc_plus_de_bw32_r22
CAMERA-READY/h100/sweep_fixed/diag_tier.csv
$ /home/ubuntu/venvs/zkduel-table5/bin/python -u benchmarks/field_sweep/compare_triton_cuda.py --workloads poly_abc_plus_de --bit-widths 32 --rounds 24 --warmups 2 --repeats 10 --seed 1 --timing-mode whole-run --challenge-mode fixed --layout element --point-mode specialized --block 128 --python /home/ubuntu/venvs/zkduel-table5/bin/python --triton-script benchmarks/field_sweep/triton_sweep.py --cuda-binary build/field_sumcheck_cuda_fixed --skip-build --triton-out CAMERA-READY/h100/sweep_fixed/cases_diag_tier/poly_abc_plus_de_bw32_r24_triton.csv --cuda-out CAMERA-READY/h100/sweep_fixed/cases_diag_tier/poly_abc_plus_de_bw32_r24_cuda.csv --out CAMERA-READY/h100/sweep_fixed/cases_diag_tier/poly_abc_plus_de_bw32_r24_joined.csv
$ /home/ubuntu/venvs/zkduel-table5/bin/python -u benchmarks/field_sweep/triton_sweep.py --workloads poly_abc_plus_de --rounds 24 --bit-widths 32 --warmups 2 --repeats 10 --seed 1 --timing-mode whole-run --challenge-mode fixed --layout element --point-mode specialized --out CAMERA-READY/h100/sweep_fixed/cases_diag_tier/poly_abc_plus_de_bw32_r24_triton.csv
poly_abc_plus_de         field=p32_2^32_minus_5             rounds=24 first_ms=66.971 median_ms=16.672 checksum=2836206092356
CAMERA-READY/h100/sweep_fixed/cases_diag_tier/poly_abc_plus_de_bw32_r24_triton.csv
$ build/field_sumcheck_cuda_fixed --workloads poly_abc_plus_de --rounds 24 --bit-widths 32 --warmups 2 --repeats 10 --seed 1 --timing-mode whole-run --challenge-mode fixed --layout element --point-mode specialized --block 128 --out CAMERA-READY/h100/sweep_fixed/cases_diag_tier/poly_abc_plus_de_bw32_r24_cuda.csv
poly_abc_plus_de field=p32_2^32_minus_5 rounds=24 first_ms=5.10529 median_ms=4.91248 checksum=2836206092356
poly_abc_plus_de         field=p32_2^32_minus_5             rounds=24 triton_ms=16.672 cuda_ms=4.91248 checksum_match=true speedup=3.393805
CAMERA-READY/h100/sweep_fixed/cases_diag_tier/poly_abc_plus_de_bw32_r24_joined.csv
ok: poly_abc_plus_de_bw32_r24
CAMERA-READY/h100/sweep_fixed/diag_tier.csv
$ /home/ubuntu/venvs/zkduel-table5/bin/python -u benchmarks/field_sweep/compare_triton_cuda.py --workloads poly_abc_plus_de --bit-widths 32 --rounds 26 --warmups 2 --repeats 10 --seed 1 --timing-mode whole-run --challenge-mode fixed --layout element --point-mode specialized --block 128 --python /home/ubuntu/venvs/zkduel-table5/bin/python --triton-script benchmarks/field_sweep/triton_sweep.py --cuda-binary build/field_sumcheck_cuda_fixed --skip-build --triton-out CAMERA-READY/h100/sweep_fixed/cases_diag_tier/poly_abc_plus_de_bw32_r26_triton.csv --cuda-out CAMERA-READY/h100/sweep_fixed/cases_diag_tier/poly_abc_plus_de_bw32_r26_cuda.csv --out CAMERA-READY/h100/sweep_fixed/cases_diag_tier/poly_abc_plus_de_bw32_r26_joined.csv
$ /home/ubuntu/venvs/zkduel-table5/bin/python -u benchmarks/field_sweep/triton_sweep.py --workloads poly_abc_plus_de --rounds 26 --bit-widths 32 --warmups 2 --repeats 10 --seed 1 --timing-mode whole-run --challenge-mode fixed --layout element --point-mode specialized --out CAMERA-READY/h100/sweep_fixed/cases_diag_tier/poly_abc_plus_de_bw32_r26_triton.csv
poly_abc_plus_de         field=p32_2^32_minus_5             rounds=26 first_ms=82.191 median_ms=33.090 checksum=2825174463930
CAMERA-READY/h100/sweep_fixed/cases_diag_tier/poly_abc_plus_de_bw32_r26_triton.csv
$ build/field_sumcheck_cuda_fixed --workloads poly_abc_plus_de --rounds 26 --bit-widths 32 --warmups 2 --repeats 10 --seed 1 --timing-mode whole-run --challenge-mode fixed --layout element --point-mode specialized --block 128 --out CAMERA-READY/h100/sweep_fixed/cases_diag_tier/poly_abc_plus_de_bw32_r26_cuda.csv
poly_abc_plus_de field=p32_2^32_minus_5 rounds=26 first_ms=11.5572 median_ms=11.2818 checksum=2825174463930
poly_abc_plus_de         field=p32_2^32_minus_5             rounds=26 triton_ms=33.090 cuda_ms=11.2818 checksum_match=true speedup=2.933043
CAMERA-READY/h100/sweep_fixed/cases_diag_tier/poly_abc_plus_de_bw32_r26_joined.csv
ok: poly_abc_plus_de_bw32_r26
CAMERA-READY/h100/sweep_fixed/diag_tier.csv
$ /home/ubuntu/venvs/zkduel-table5/bin/python -u benchmarks/field_sweep/compare_triton_cuda.py --workloads poly_abc_plus_de --bit-widths 32 --rounds 28 --warmups 2 --repeats 10 --seed 1 --timing-mode whole-run --challenge-mode fixed --layout element --point-mode specialized --block 128 --python /home/ubuntu/venvs/zkduel-table5/bin/python --triton-script benchmarks/field_sweep/triton_sweep.py --cuda-binary build/field_sumcheck_cuda_fixed --skip-build --triton-out CAMERA-READY/h100/sweep_fixed/cases_diag_tier/poly_abc_plus_de_bw32_r28_triton.csv --cuda-out CAMERA-READY/h100/sweep_fixed/cases_diag_tier/poly_abc_plus_de_bw32_r28_cuda.csv --out CAMERA-READY/h100/sweep_fixed/cases_diag_tier/poly_abc_plus_de_bw32_r28_joined.csv
$ /home/ubuntu/venvs/zkduel-table5/bin/python -u benchmarks/field_sweep/triton_sweep.py --workloads poly_abc_plus_de --rounds 28 --bit-widths 32 --warmups 2 --repeats 10 --seed 1 --timing-mode whole-run --challenge-mode fixed --layout element --point-mode specialized --out CAMERA-READY/h100/sweep_fixed/cases_diag_tier/poly_abc_plus_de_bw32_r28_triton.csv
poly_abc_plus_de         field=p32_2^32_minus_5             rounds=28 first_ms=144.081 median_ms=96.346 checksum=3298418200311
CAMERA-READY/h100/sweep_fixed/cases_diag_tier/poly_abc_plus_de_bw32_r28_triton.csv
$ build/field_sumcheck_cuda_fixed --workloads poly_abc_plus_de --rounds 28 --bit-widths 32 --warmups 2 --repeats 10 --seed 1 --timing-mode whole-run --challenge-mode fixed --layout element --point-mode specialized --block 128 --out CAMERA-READY/h100/sweep_fixed/cases_diag_tier/poly_abc_plus_de_bw32_r28_cuda.csv
poly_abc_plus_de field=p32_2^32_minus_5 rounds=28 first_ms=35.0525 median_ms=34.896 checksum=3298418200311
poly_abc_plus_de         field=p32_2^32_minus_5             rounds=28 triton_ms=96.346 cuda_ms=34.896 checksum_match=true speedup=2.760947
CAMERA-READY/h100/sweep_fixed/cases_diag_tier/poly_abc_plus_de_bw32_r28_joined.csv
ok: poly_abc_plus_de_bw32_r28
CAMERA-READY/h100/sweep_fixed/diag_tier.csv
$ /home/ubuntu/venvs/zkduel-table5/bin/python -u benchmarks/field_sweep/compare_triton_cuda.py --workloads poly_abc_plus_de --bit-widths 64 --rounds 14 --warmups 2 --repeats 10 --seed 1 --timing-mode whole-run --challenge-mode fixed --layout element --point-mode specialized --block 128 --python /home/ubuntu/venvs/zkduel-table5/bin/python --triton-script benchmarks/field_sweep/triton_sweep.py --cuda-binary build/field_sumcheck_cuda_fixed --skip-build --triton-out CAMERA-READY/h100/sweep_fixed/cases_diag_tier/poly_abc_plus_de_bw64_r14_triton.csv --cuda-out CAMERA-READY/h100/sweep_fixed/cases_diag_tier/poly_abc_plus_de_bw64_r14_cuda.csv --out CAMERA-READY/h100/sweep_fixed/cases_diag_tier/poly_abc_plus_de_bw64_r14_joined.csv
$ /home/ubuntu/venvs/zkduel-table5/bin/python -u benchmarks/field_sweep/triton_sweep.py --workloads poly_abc_plus_de --rounds 14 --bit-widths 64 --warmups 2 --repeats 10 --seed 1 --timing-mode whole-run --challenge-mode fixed --layout element --point-mode specialized --out CAMERA-READY/h100/sweep_fixed/cases_diag_tier/poly_abc_plus_de_bw64_r14_triton.csv
poly_abc_plus_de         field=p64_goldilocks               rounds=14 first_ms=56.518 median_ms=4.457 checksum=4671777531161
CAMERA-READY/h100/sweep_fixed/cases_diag_tier/poly_abc_plus_de_bw64_r14_triton.csv
$ build/field_sumcheck_cuda_fixed --workloads poly_abc_plus_de --rounds 14 --bit-widths 64 --warmups 2 --repeats 10 --seed 1 --timing-mode whole-run --challenge-mode fixed --layout element --point-mode specialized --block 128 --out CAMERA-READY/h100/sweep_fixed/cases_diag_tier/poly_abc_plus_de_bw64_r14_cuda.csv
poly_abc_plus_de field=p64_goldilocks rounds=14 first_ms=1.57174 median_ms=1.35149 checksum=4671777531161
poly_abc_plus_de         field=p64_goldilocks               rounds=14 triton_ms=4.457 cuda_ms=1.35149 checksum_match=true speedup=3.297842
CAMERA-READY/h100/sweep_fixed/cases_diag_tier/poly_abc_plus_de_bw64_r14_joined.csv
ok: poly_abc_plus_de_bw64_r14
CAMERA-READY/h100/sweep_fixed/diag_tier.csv
$ /home/ubuntu/venvs/zkduel-table5/bin/python -u benchmarks/field_sweep/compare_triton_cuda.py --workloads poly_abc_plus_de --bit-widths 64 --rounds 16 --warmups 2 --repeats 10 --seed 1 --timing-mode whole-run --challenge-mode fixed --layout element --point-mode specialized --block 128 --python /home/ubuntu/venvs/zkduel-table5/bin/python --triton-script benchmarks/field_sweep/triton_sweep.py --cuda-binary build/field_sumcheck_cuda_fixed --skip-build --triton-out CAMERA-READY/h100/sweep_fixed/cases_diag_tier/poly_abc_plus_de_bw64_r16_triton.csv --cuda-out CAMERA-READY/h100/sweep_fixed/cases_diag_tier/poly_abc_plus_de_bw64_r16_cuda.csv --out CAMERA-READY/h100/sweep_fixed/cases_diag_tier/poly_abc_plus_de_bw64_r16_joined.csv
$ /home/ubuntu/venvs/zkduel-table5/bin/python -u benchmarks/field_sweep/triton_sweep.py --workloads poly_abc_plus_de --rounds 16 --bit-widths 64 --warmups 2 --repeats 10 --seed 1 --timing-mode whole-run --challenge-mode fixed --layout element --point-mode specialized --out CAMERA-READY/h100/sweep_fixed/cases_diag_tier/poly_abc_plus_de_bw64_r16_triton.csv
poly_abc_plus_de         field=p64_goldilocks               rounds=16 first_ms=57.857 median_ms=5.949 checksum=5380618670141
CAMERA-READY/h100/sweep_fixed/cases_diag_tier/poly_abc_plus_de_bw64_r16_triton.csv
$ build/field_sumcheck_cuda_fixed --workloads poly_abc_plus_de --rounds 16 --bit-widths 64 --warmups 2 --repeats 10 --seed 1 --timing-mode whole-run --challenge-mode fixed --layout element --point-mode specialized --block 128 --out CAMERA-READY/h100/sweep_fixed/cases_diag_tier/poly_abc_plus_de_bw64_r16_cuda.csv
poly_abc_plus_de field=p64_goldilocks rounds=16 first_ms=1.89182 median_ms=1.67863 checksum=5380618670141
poly_abc_plus_de         field=p64_goldilocks               rounds=16 triton_ms=5.949 cuda_ms=1.67863 checksum_match=true speedup=3.543961
CAMERA-READY/h100/sweep_fixed/cases_diag_tier/poly_abc_plus_de_bw64_r16_joined.csv
ok: poly_abc_plus_de_bw64_r16
CAMERA-READY/h100/sweep_fixed/diag_tier.csv
$ /home/ubuntu/venvs/zkduel-table5/bin/python -u benchmarks/field_sweep/compare_triton_cuda.py --workloads poly_abc_plus_de --bit-widths 64 --rounds 18 --warmups 2 --repeats 10 --seed 1 --timing-mode whole-run --challenge-mode fixed --layout element --point-mode specialized --block 128 --python /home/ubuntu/venvs/zkduel-table5/bin/python --triton-script benchmarks/field_sweep/triton_sweep.py --cuda-binary build/field_sumcheck_cuda_fixed --skip-build --triton-out CAMERA-READY/h100/sweep_fixed/cases_diag_tier/poly_abc_plus_de_bw64_r18_triton.csv --cuda-out CAMERA-READY/h100/sweep_fixed/cases_diag_tier/poly_abc_plus_de_bw64_r18_cuda.csv --out CAMERA-READY/h100/sweep_fixed/cases_diag_tier/poly_abc_plus_de_bw64_r18_joined.csv
$ /home/ubuntu/venvs/zkduel-table5/bin/python -u benchmarks/field_sweep/triton_sweep.py --workloads poly_abc_plus_de --rounds 18 --bit-widths 64 --warmups 2 --repeats 10 --seed 1 --timing-mode whole-run --challenge-mode fixed --layout element --point-mode specialized --out CAMERA-READY/h100/sweep_fixed/cases_diag_tier/poly_abc_plus_de_bw64_r18_triton.csv
poly_abc_plus_de         field=p64_goldilocks               rounds=18 first_ms=59.535 median_ms=7.639 checksum=5826044584269
CAMERA-READY/h100/sweep_fixed/cases_diag_tier/poly_abc_plus_de_bw64_r18_triton.csv
$ build/field_sumcheck_cuda_fixed --workloads poly_abc_plus_de --rounds 18 --bit-widths 64 --warmups 2 --repeats 10 --seed 1 --timing-mode whole-run --challenge-mode fixed --layout element --point-mode specialized --block 128 --out CAMERA-READY/h100/sweep_fixed/cases_diag_tier/poly_abc_plus_de_bw64_r18_cuda.csv
poly_abc_plus_de field=p64_goldilocks rounds=18 first_ms=2.25203 median_ms=2.01447 checksum=5826044584269
poly_abc_plus_de         field=p64_goldilocks               rounds=18 triton_ms=7.639 cuda_ms=2.01447 checksum_match=true speedup=3.792064
CAMERA-READY/h100/sweep_fixed/cases_diag_tier/poly_abc_plus_de_bw64_r18_joined.csv
ok: poly_abc_plus_de_bw64_r18
CAMERA-READY/h100/sweep_fixed/diag_tier.csv
$ /home/ubuntu/venvs/zkduel-table5/bin/python -u benchmarks/field_sweep/compare_triton_cuda.py --workloads poly_abc_plus_de --bit-widths 64 --rounds 20 --warmups 2 --repeats 10 --seed 1 --timing-mode whole-run --challenge-mode fixed --layout element --point-mode specialized --block 128 --python /home/ubuntu/venvs/zkduel-table5/bin/python --triton-script benchmarks/field_sweep/triton_sweep.py --cuda-binary build/field_sumcheck_cuda_fixed --skip-build --triton-out CAMERA-READY/h100/sweep_fixed/cases_diag_tier/poly_abc_plus_de_bw64_r20_triton.csv --cuda-out CAMERA-READY/h100/sweep_fixed/cases_diag_tier/poly_abc_plus_de_bw64_r20_cuda.csv --out CAMERA-READY/h100/sweep_fixed/cases_diag_tier/poly_abc_plus_de_bw64_r20_joined.csv
$ /home/ubuntu/venvs/zkduel-table5/bin/python -u benchmarks/field_sweep/triton_sweep.py --workloads poly_abc_plus_de --rounds 20 --bit-widths 64 --warmups 2 --repeats 10 --seed 1 --timing-mode whole-run --challenge-mode fixed --layout element --point-mode specialized --out CAMERA-READY/h100/sweep_fixed/cases_diag_tier/poly_abc_plus_de_bw64_r20_triton.csv
poly_abc_plus_de         field=p64_goldilocks               rounds=20 first_ms=62.195 median_ms=9.679 checksum=6999857184671
CAMERA-READY/h100/sweep_fixed/cases_diag_tier/poly_abc_plus_de_bw64_r20_triton.csv
$ build/field_sumcheck_cuda_fixed --workloads poly_abc_plus_de --rounds 20 --bit-widths 64 --warmups 2 --repeats 10 --seed 1 --timing-mode whole-run --challenge-mode fixed --layout element --point-mode specialized --block 128 --out CAMERA-READY/h100/sweep_fixed/cases_diag_tier/poly_abc_plus_de_bw64_r20_cuda.csv
poly_abc_plus_de field=p64_goldilocks rounds=20 first_ms=2.80896 median_ms=2.56852 checksum=6999857184671
poly_abc_plus_de         field=p64_goldilocks               rounds=20 triton_ms=9.679 cuda_ms=2.56852 checksum_match=true speedup=3.768318
CAMERA-READY/h100/sweep_fixed/cases_diag_tier/poly_abc_plus_de_bw64_r20_joined.csv
ok: poly_abc_plus_de_bw64_r20
CAMERA-READY/h100/sweep_fixed/diag_tier.csv
$ /home/ubuntu/venvs/zkduel-table5/bin/python -u benchmarks/field_sweep/compare_triton_cuda.py --workloads poly_abc_plus_de --bit-widths 64 --rounds 22 --warmups 2 --repeats 10 --seed 1 --timing-mode whole-run --challenge-mode fixed --layout element --point-mode specialized --block 128 --python /home/ubuntu/venvs/zkduel-table5/bin/python --triton-script benchmarks/field_sweep/triton_sweep.py --cuda-binary build/field_sumcheck_cuda_fixed --skip-build --triton-out CAMERA-READY/h100/sweep_fixed/cases_diag_tier/poly_abc_plus_de_bw64_r22_triton.csv --cuda-out CAMERA-READY/h100/sweep_fixed/cases_diag_tier/poly_abc_plus_de_bw64_r22_cuda.csv --out CAMERA-READY/h100/sweep_fixed/cases_diag_tier/poly_abc_plus_de_bw64_r22_joined.csv
$ /home/ubuntu/venvs/zkduel-table5/bin/python -u benchmarks/field_sweep/triton_sweep.py --workloads poly_abc_plus_de --rounds 22 --bit-widths 64 --warmups 2 --repeats 10 --seed 1 --timing-mode whole-run --challenge-mode fixed --layout element --point-mode specialized --out CAMERA-READY/h100/sweep_fixed/cases_diag_tier/poly_abc_plus_de_bw64_r22_triton.csv
poly_abc_plus_de         field=p64_goldilocks               rounds=22 first_ms=64.917 median_ms=11.964 checksum=6898727179448
CAMERA-READY/h100/sweep_fixed/cases_diag_tier/poly_abc_plus_de_bw64_r22_triton.csv
$ build/field_sumcheck_cuda_fixed --workloads poly_abc_plus_de --rounds 22 --bit-widths 64 --warmups 2 --repeats 10 --seed 1 --timing-mode whole-run --challenge-mode fixed --layout element --point-mode specialized --block 128 --out CAMERA-READY/h100/sweep_fixed/cases_diag_tier/poly_abc_plus_de_bw64_r22_cuda.csv
poly_abc_plus_de field=p64_goldilocks rounds=22 first_ms=3.95156 median_ms=3.73496 checksum=6898727179448
poly_abc_plus_de         field=p64_goldilocks               rounds=22 triton_ms=11.964 cuda_ms=3.73496 checksum_match=true speedup=3.203247
CAMERA-READY/h100/sweep_fixed/cases_diag_tier/poly_abc_plus_de_bw64_r22_joined.csv
ok: poly_abc_plus_de_bw64_r22
CAMERA-READY/h100/sweep_fixed/diag_tier.csv
$ /home/ubuntu/venvs/zkduel-table5/bin/python -u benchmarks/field_sweep/compare_triton_cuda.py --workloads poly_abc_plus_de --bit-widths 64 --rounds 24 --warmups 2 --repeats 10 --seed 1 --timing-mode whole-run --challenge-mode fixed --layout element --point-mode specialized --block 128 --python /home/ubuntu/venvs/zkduel-table5/bin/python --triton-script benchmarks/field_sweep/triton_sweep.py --cuda-binary build/field_sumcheck_cuda_fixed --skip-build --triton-out CAMERA-READY/h100/sweep_fixed/cases_diag_tier/poly_abc_plus_de_bw64_r24_triton.csv --cuda-out CAMERA-READY/h100/sweep_fixed/cases_diag_tier/poly_abc_plus_de_bw64_r24_cuda.csv --out CAMERA-READY/h100/sweep_fixed/cases_diag_tier/poly_abc_plus_de_bw64_r24_joined.csv
$ /home/ubuntu/venvs/zkduel-table5/bin/python -u benchmarks/field_sweep/triton_sweep.py --workloads poly_abc_plus_de --rounds 24 --bit-widths 64 --warmups 2 --repeats 10 --seed 1 --timing-mode whole-run --challenge-mode fixed --layout element --point-mode specialized --out CAMERA-READY/h100/sweep_fixed/cases_diag_tier/poly_abc_plus_de_bw64_r24_triton.csv
poly_abc_plus_de         field=p64_goldilocks               rounds=24 first_ms=68.615 median_ms=16.764 checksum=7893268571175
CAMERA-READY/h100/sweep_fixed/cases_diag_tier/poly_abc_plus_de_bw64_r24_triton.csv
$ build/field_sumcheck_cuda_fixed --workloads poly_abc_plus_de --rounds 24 --bit-widths 64 --warmups 2 --repeats 10 --seed 1 --timing-mode whole-run --challenge-mode fixed --layout element --point-mode specialized --block 128 --out CAMERA-READY/h100/sweep_fixed/cases_diag_tier/poly_abc_plus_de_bw64_r24_cuda.csv
poly_abc_plus_de field=p64_goldilocks rounds=24 first_ms=7.29399 median_ms=7.07417 checksum=7893268571175
poly_abc_plus_de         field=p64_goldilocks               rounds=24 triton_ms=16.764 cuda_ms=7.07417 checksum_match=true speedup=2.369748
CAMERA-READY/h100/sweep_fixed/cases_diag_tier/poly_abc_plus_de_bw64_r24_joined.csv
ok: poly_abc_plus_de_bw64_r24
CAMERA-READY/h100/sweep_fixed/diag_tier.csv
$ /home/ubuntu/venvs/zkduel-table5/bin/python -u benchmarks/field_sweep/compare_triton_cuda.py --workloads poly_abc_plus_de --bit-widths 64 --rounds 26 --warmups 2 --repeats 10 --seed 1 --timing-mode whole-run --challenge-mode fixed --layout element --point-mode specialized --block 128 --python /home/ubuntu/venvs/zkduel-table5/bin/python --triton-script benchmarks/field_sweep/triton_sweep.py --cuda-binary build/field_sumcheck_cuda_fixed --skip-build --triton-out CAMERA-READY/h100/sweep_fixed/cases_diag_tier/poly_abc_plus_de_bw64_r26_triton.csv --cuda-out CAMERA-READY/h100/sweep_fixed/cases_diag_tier/poly_abc_plus_de_bw64_r26_cuda.csv --out CAMERA-READY/h100/sweep_fixed/cases_diag_tier/poly_abc_plus_de_bw64_r26_joined.csv
$ /home/ubuntu/venvs/zkduel-table5/bin/python -u benchmarks/field_sweep/triton_sweep.py --workloads poly_abc_plus_de --rounds 26 --bit-widths 64 --warmups 2 --repeats 10 --seed 1 --timing-mode whole-run --challenge-mode fixed --layout element --point-mode specialized --out CAMERA-READY/h100/sweep_fixed/cases_diag_tier/poly_abc_plus_de_bw64_r26_triton.csv
poly_abc_plus_de         field=p64_goldilocks               rounds=26 first_ms=84.553 median_ms=34.757 checksum=8596564865252
CAMERA-READY/h100/sweep_fixed/cases_diag_tier/poly_abc_plus_de_bw64_r26_triton.csv
$ build/field_sumcheck_cuda_fixed --workloads poly_abc_plus_de --rounds 26 --bit-widths 64 --warmups 2 --repeats 10 --seed 1 --timing-mode whole-run --challenge-mode fixed --layout element --point-mode specialized --block 128 --out CAMERA-READY/h100/sweep_fixed/cases_diag_tier/poly_abc_plus_de_bw64_r26_cuda.csv
poly_abc_plus_de field=p64_goldilocks rounds=26 first_ms=19.0942 median_ms=18.8466 checksum=8596564865252
poly_abc_plus_de         field=p64_goldilocks               rounds=26 triton_ms=34.757 cuda_ms=18.8466 checksum_match=true speedup=1.844205
CAMERA-READY/h100/sweep_fixed/cases_diag_tier/poly_abc_plus_de_bw64_r26_joined.csv
ok: poly_abc_plus_de_bw64_r26
CAMERA-READY/h100/sweep_fixed/diag_tier.csv
$ /home/ubuntu/venvs/zkduel-table5/bin/python -u benchmarks/field_sweep/compare_triton_cuda.py --workloads poly_abc_plus_de --bit-widths 64 --rounds 28 --warmups 2 --repeats 10 --seed 1 --timing-mode whole-run --challenge-mode fixed --layout element --point-mode specialized --block 128 --python /home/ubuntu/venvs/zkduel-table5/bin/python --triton-script benchmarks/field_sweep/triton_sweep.py --cuda-binary build/field_sumcheck_cuda_fixed --skip-build --triton-out CAMERA-READY/h100/sweep_fixed/cases_diag_tier/poly_abc_plus_de_bw64_r28_triton.csv --cuda-out CAMERA-READY/h100/sweep_fixed/cases_diag_tier/poly_abc_plus_de_bw64_r28_cuda.csv --out CAMERA-READY/h100/sweep_fixed/cases_diag_tier/poly_abc_plus_de_bw64_r28_joined.csv
$ /home/ubuntu/venvs/zkduel-table5/bin/python -u benchmarks/field_sweep/triton_sweep.py --workloads poly_abc_plus_de --rounds 28 --bit-widths 64 --warmups 2 --repeats 10 --seed 1 --timing-mode whole-run --challenge-mode fixed --layout element --point-mode specialized --out CAMERA-READY/h100/sweep_fixed/cases_diag_tier/poly_abc_plus_de_bw64_r28_triton.csv
poly_abc_plus_de         field=p64_goldilocks               rounds=28 first_ms=153.216 median_ms=106.194 checksum=9083100126425
CAMERA-READY/h100/sweep_fixed/cases_diag_tier/poly_abc_plus_de_bw64_r28_triton.csv
$ build/field_sumcheck_cuda_fixed --workloads poly_abc_plus_de --rounds 28 --bit-widths 64 --warmups 2 --repeats 10 --seed 1 --timing-mode whole-run --challenge-mode fixed --layout element --point-mode specialized --block 128 --out CAMERA-READY/h100/sweep_fixed/cases_diag_tier/poly_abc_plus_de_bw64_r28_cuda.csv
poly_abc_plus_de field=p64_goldilocks rounds=28 first_ms=64.9407 median_ms=64.8095 checksum=9083100126425
poly_abc_plus_de         field=p64_goldilocks               rounds=28 triton_ms=106.194 cuda_ms=64.8095 checksum_match=true speedup=1.638556
CAMERA-READY/h100/sweep_fixed/cases_diag_tier/poly_abc_plus_de_bw64_r28_joined.csv
ok: poly_abc_plus_de_bw64_r28
CAMERA-READY/h100/sweep_fixed/diag_tier.csv
$ /home/ubuntu/venvs/zkduel-table5/bin/python -u benchmarks/field_sweep/compare_triton_cuda.py --workloads poly_abc_plus_de --bit-widths 128 --rounds 14 --warmups 2 --repeats 10 --seed 1 --timing-mode whole-run --challenge-mode fixed --layout element --point-mode specialized --block 128 --python /home/ubuntu/venvs/zkduel-table5/bin/python --triton-script benchmarks/field_sweep/triton_sweep.py --cuda-binary build/field_sumcheck_cuda_fixed --skip-build --triton-out CAMERA-READY/h100/sweep_fixed/cases_diag_tier/poly_abc_plus_de_bw128_r14_triton.csv --cuda-out CAMERA-READY/h100/sweep_fixed/cases_diag_tier/poly_abc_plus_de_bw128_r14_cuda.csv --out CAMERA-READY/h100/sweep_fixed/cases_diag_tier/poly_abc_plus_de_bw128_r14_joined.csv
$ /home/ubuntu/venvs/zkduel-table5/bin/python -u benchmarks/field_sweep/triton_sweep.py --workloads poly_abc_plus_de --rounds 14 --bit-widths 128 --warmups 2 --repeats 10 --seed 1 --timing-mode whole-run --challenge-mode fixed --layout element --point-mode specialized --out CAMERA-READY/h100/sweep_fixed/cases_diag_tier/poly_abc_plus_de_bw128_r14_triton.csv
poly_abc_plus_de         field=p128_mersenne_2^127_minus_1  rounds=14 first_ms=58.758 median_ms=4.499 checksum=8241547388620
CAMERA-READY/h100/sweep_fixed/cases_diag_tier/poly_abc_plus_de_bw128_r14_triton.csv
$ build/field_sumcheck_cuda_fixed --workloads poly_abc_plus_de --rounds 14 --bit-widths 128 --warmups 2 --repeats 10 --seed 1 --timing-mode whole-run --challenge-mode fixed --layout element --point-mode specialized --block 128 --out CAMERA-READY/h100/sweep_fixed/cases_diag_tier/poly_abc_plus_de_bw128_r14_cuda.csv
poly_abc_plus_de field=p128_mersenne_2^127_minus_1 rounds=14 first_ms=1.72142 median_ms=1.40815 checksum=8241547388620
poly_abc_plus_de         field=p128_mersenne_2^127_minus_1  rounds=14 triton_ms=4.499 cuda_ms=1.40815 checksum_match=true speedup=3.194972
CAMERA-READY/h100/sweep_fixed/cases_diag_tier/poly_abc_plus_de_bw128_r14_joined.csv
ok: poly_abc_plus_de_bw128_r14
CAMERA-READY/h100/sweep_fixed/diag_tier.csv
$ /home/ubuntu/venvs/zkduel-table5/bin/python -u benchmarks/field_sweep/compare_triton_cuda.py --workloads poly_abc_plus_de --bit-widths 128 --rounds 16 --warmups 2 --repeats 10 --seed 1 --timing-mode whole-run --challenge-mode fixed --layout element --point-mode specialized --block 128 --python /home/ubuntu/venvs/zkduel-table5/bin/python --triton-script benchmarks/field_sweep/triton_sweep.py --cuda-binary build/field_sumcheck_cuda_fixed --skip-build --triton-out CAMERA-READY/h100/sweep_fixed/cases_diag_tier/poly_abc_plus_de_bw128_r16_triton.csv --cuda-out CAMERA-READY/h100/sweep_fixed/cases_diag_tier/poly_abc_plus_de_bw128_r16_cuda.csv --out CAMERA-READY/h100/sweep_fixed/cases_diag_tier/poly_abc_plus_de_bw128_r16_joined.csv
$ /home/ubuntu/venvs/zkduel-table5/bin/python -u benchmarks/field_sweep/triton_sweep.py --workloads poly_abc_plus_de --rounds 16 --bit-widths 128 --warmups 2 --repeats 10 --seed 1 --timing-mode whole-run --challenge-mode fixed --layout element --point-mode specialized --out CAMERA-READY/h100/sweep_fixed/cases_diag_tier/poly_abc_plus_de_bw128_r16_triton.csv
poly_abc_plus_de         field=p128_mersenne_2^127_minus_1  rounds=16 first_ms=88.810 median_ms=5.951 checksum=11196736679791
CAMERA-READY/h100/sweep_fixed/cases_diag_tier/poly_abc_plus_de_bw128_r16_triton.csv
$ build/field_sumcheck_cuda_fixed --workloads poly_abc_plus_de --rounds 16 --bit-widths 128 --warmups 2 --repeats 10 --seed 1 --timing-mode whole-run --challenge-mode fixed --layout element --point-mode specialized --block 128 --out CAMERA-READY/h100/sweep_fixed/cases_diag_tier/poly_abc_plus_de_bw128_r16_cuda.csv
poly_abc_plus_de field=p128_mersenne_2^127_minus_1 rounds=16 first_ms=1.97282 median_ms=1.71276 checksum=11196736679791
poly_abc_plus_de         field=p128_mersenne_2^127_minus_1  rounds=16 triton_ms=5.951 cuda_ms=1.71276 checksum_match=true speedup=3.474509
CAMERA-READY/h100/sweep_fixed/cases_diag_tier/poly_abc_plus_de_bw128_r16_joined.csv
ok: poly_abc_plus_de_bw128_r16
CAMERA-READY/h100/sweep_fixed/diag_tier.csv
$ /home/ubuntu/venvs/zkduel-table5/bin/python -u benchmarks/field_sweep/compare_triton_cuda.py --workloads poly_abc_plus_de --bit-widths 128 --rounds 18 --warmups 2 --repeats 10 --seed 1 --timing-mode whole-run --challenge-mode fixed --layout element --point-mode specialized --block 128 --python /home/ubuntu/venvs/zkduel-table5/bin/python --triton-script benchmarks/field_sweep/triton_sweep.py --cuda-binary build/field_sumcheck_cuda_fixed --skip-build --triton-out CAMERA-READY/h100/sweep_fixed/cases_diag_tier/poly_abc_plus_de_bw128_r18_triton.csv --cuda-out CAMERA-READY/h100/sweep_fixed/cases_diag_tier/poly_abc_plus_de_bw128_r18_cuda.csv --out CAMERA-READY/h100/sweep_fixed/cases_diag_tier/poly_abc_plus_de_bw128_r18_joined.csv
$ /home/ubuntu/venvs/zkduel-table5/bin/python -u benchmarks/field_sweep/triton_sweep.py --workloads poly_abc_plus_de --rounds 18 --bit-widths 128 --warmups 2 --repeats 10 --seed 1 --timing-mode whole-run --challenge-mode fixed --layout element --point-mode specialized --out CAMERA-READY/h100/sweep_fixed/cases_diag_tier/poly_abc_plus_de_bw128_r18_triton.csv
poly_abc_plus_de         field=p128_mersenne_2^127_minus_1  rounds=18 first_ms=63.344 median_ms=7.647 checksum=12063457090516
CAMERA-READY/h100/sweep_fixed/cases_diag_tier/poly_abc_plus_de_bw128_r18_triton.csv
$ build/field_sumcheck_cuda_fixed --workloads poly_abc_plus_de --rounds 18 --bit-widths 128 --warmups 2 --repeats 10 --seed 1 --timing-mode whole-run --challenge-mode fixed --layout element --point-mode specialized --block 128 --out CAMERA-READY/h100/sweep_fixed/cases_diag_tier/poly_abc_plus_de_bw128_r18_cuda.csv
poly_abc_plus_de field=p128_mersenne_2^127_minus_1 rounds=18 first_ms=2.41864 median_ms=2.07762 checksum=12063457090516
poly_abc_plus_de         field=p128_mersenne_2^127_minus_1  rounds=18 triton_ms=7.647 cuda_ms=2.07762 checksum_match=true speedup=3.680654
CAMERA-READY/h100/sweep_fixed/cases_diag_tier/poly_abc_plus_de_bw128_r18_joined.csv
ok: poly_abc_plus_de_bw128_r18
CAMERA-READY/h100/sweep_fixed/diag_tier.csv
$ /home/ubuntu/venvs/zkduel-table5/bin/python -u benchmarks/field_sweep/compare_triton_cuda.py --workloads poly_abc_plus_de --bit-widths 128 --rounds 20 --warmups 2 --repeats 10 --seed 1 --timing-mode whole-run --challenge-mode fixed --layout element --point-mode specialized --block 128 --python /home/ubuntu/venvs/zkduel-table5/bin/python --triton-script benchmarks/field_sweep/triton_sweep.py --cuda-binary build/field_sumcheck_cuda_fixed --skip-build --triton-out CAMERA-READY/h100/sweep_fixed/cases_diag_tier/poly_abc_plus_de_bw128_r20_triton.csv --cuda-out CAMERA-READY/h100/sweep_fixed/cases_diag_tier/poly_abc_plus_de_bw128_r20_cuda.csv --out CAMERA-READY/h100/sweep_fixed/cases_diag_tier/poly_abc_plus_de_bw128_r20_joined.csv
$ /home/ubuntu/venvs/zkduel-table5/bin/python -u benchmarks/field_sweep/triton_sweep.py --workloads poly_abc_plus_de --rounds 20 --bit-widths 128 --warmups 2 --repeats 10 --seed 1 --timing-mode whole-run --challenge-mode fixed --layout element --point-mode specialized --out CAMERA-READY/h100/sweep_fixed/cases_diag_tier/poly_abc_plus_de_bw128_r20_triton.csv
poly_abc_plus_de         field=p128_mersenne_2^127_minus_1  rounds=20 first_ms=65.308 median_ms=10.111 checksum=13398992231612
CAMERA-READY/h100/sweep_fixed/cases_diag_tier/poly_abc_plus_de_bw128_r20_triton.csv
$ build/field_sumcheck_cuda_fixed --workloads poly_abc_plus_de --rounds 20 --bit-widths 128 --warmups 2 --repeats 10 --seed 1 --timing-mode whole-run --challenge-mode fixed --layout element --point-mode specialized --block 128 --out CAMERA-READY/h100/sweep_fixed/cases_diag_tier/poly_abc_plus_de_bw128_r20_cuda.csv
poly_abc_plus_de field=p128_mersenne_2^127_minus_1 rounds=20 first_ms=3.11934 median_ms=2.82867 checksum=13398992231612
poly_abc_plus_de         field=p128_mersenne_2^127_minus_1  rounds=20 triton_ms=10.111 cuda_ms=2.82867 checksum_match=true speedup=3.574471
CAMERA-READY/h100/sweep_fixed/cases_diag_tier/poly_abc_plus_de_bw128_r20_joined.csv
ok: poly_abc_plus_de_bw128_r20
CAMERA-READY/h100/sweep_fixed/diag_tier.csv
$ /home/ubuntu/venvs/zkduel-table5/bin/python -u benchmarks/field_sweep/compare_triton_cuda.py --workloads poly_abc_plus_de --bit-widths 128 --rounds 22 --warmups 2 --repeats 10 --seed 1 --timing-mode whole-run --challenge-mode fixed --layout element --point-mode specialized --block 128 --python /home/ubuntu/venvs/zkduel-table5/bin/python --triton-script benchmarks/field_sweep/triton_sweep.py --cuda-binary build/field_sumcheck_cuda_fixed --skip-build --triton-out CAMERA-READY/h100/sweep_fixed/cases_diag_tier/poly_abc_plus_de_bw128_r22_triton.csv --cuda-out CAMERA-READY/h100/sweep_fixed/cases_diag_tier/poly_abc_plus_de_bw128_r22_cuda.csv --out CAMERA-READY/h100/sweep_fixed/cases_diag_tier/poly_abc_plus_de_bw128_r22_joined.csv
$ /home/ubuntu/venvs/zkduel-table5/bin/python -u benchmarks/field_sweep/triton_sweep.py --workloads poly_abc_plus_de --rounds 22 --bit-widths 128 --warmups 2 --repeats 10 --seed 1 --timing-mode whole-run --challenge-mode fixed --layout element --point-mode specialized --out CAMERA-READY/h100/sweep_fixed/cases_diag_tier/poly_abc_plus_de_bw128_r22_triton.csv
poly_abc_plus_de         field=p128_mersenne_2^127_minus_1  rounds=22 first_ms=67.640 median_ms=12.490 checksum=16039590827494
CAMERA-READY/h100/sweep_fixed/cases_diag_tier/poly_abc_plus_de_bw128_r22_triton.csv
$ build/field_sumcheck_cuda_fixed --workloads poly_abc_plus_de --rounds 22 --bit-widths 128 --warmups 2 --repeats 10 --seed 1 --timing-mode whole-run --challenge-mode fixed --layout element --point-mode specialized --block 128 --out CAMERA-READY/h100/sweep_fixed/cases_diag_tier/poly_abc_plus_de_bw128_r22_cuda.csv
poly_abc_plus_de field=p128_mersenne_2^127_minus_1 rounds=22 first_ms=4.9851 median_ms=4.72356 checksum=16039590827494
poly_abc_plus_de         field=p128_mersenne_2^127_minus_1  rounds=22 triton_ms=12.490 cuda_ms=4.72356 checksum_match=true speedup=2.644192
CAMERA-READY/h100/sweep_fixed/cases_diag_tier/poly_abc_plus_de_bw128_r22_joined.csv
ok: poly_abc_plus_de_bw128_r22
CAMERA-READY/h100/sweep_fixed/diag_tier.csv
$ /home/ubuntu/venvs/zkduel-table5/bin/python -u benchmarks/field_sweep/compare_triton_cuda.py --workloads poly_abc_plus_de --bit-widths 128 --rounds 24 --warmups 2 --repeats 10 --seed 1 --timing-mode whole-run --challenge-mode fixed --layout element --point-mode specialized --block 128 --python /home/ubuntu/venvs/zkduel-table5/bin/python --triton-script benchmarks/field_sweep/triton_sweep.py --cuda-binary build/field_sumcheck_cuda_fixed --skip-build --triton-out CAMERA-READY/h100/sweep_fixed/cases_diag_tier/poly_abc_plus_de_bw128_r24_triton.csv --cuda-out CAMERA-READY/h100/sweep_fixed/cases_diag_tier/poly_abc_plus_de_bw128_r24_cuda.csv --out CAMERA-READY/h100/sweep_fixed/cases_diag_tier/poly_abc_plus_de_bw128_r24_joined.csv
$ /home/ubuntu/venvs/zkduel-table5/bin/python -u benchmarks/field_sweep/triton_sweep.py --workloads poly_abc_plus_de --rounds 24 --bit-widths 128 --warmups 2 --repeats 10 --seed 1 --timing-mode whole-run --challenge-mode fixed --layout element --point-mode specialized --out CAMERA-READY/h100/sweep_fixed/cases_diag_tier/poly_abc_plus_de_bw128_r24_triton.csv
poly_abc_plus_de         field=p128_mersenne_2^127_minus_1  rounds=24 first_ms=73.827 median_ms=20.555 checksum=20922760990092
CAMERA-READY/h100/sweep_fixed/cases_diag_tier/poly_abc_plus_de_bw128_r24_triton.csv
$ build/field_sumcheck_cuda_fixed --workloads poly_abc_plus_de --rounds 24 --bit-widths 128 --warmups 2 --repeats 10 --seed 1 --timing-mode whole-run --challenge-mode fixed --layout element --point-mode specialized --block 128 --out CAMERA-READY/h100/sweep_fixed/cases_diag_tier/poly_abc_plus_de_bw128_r24_cuda.csv
poly_abc_plus_de field=p128_mersenne_2^127_minus_1 rounds=24 first_ms=11.1853 median_ms=10.9202 checksum=20922760990092
poly_abc_plus_de         field=p128_mersenne_2^127_minus_1  rounds=24 triton_ms=20.555 cuda_ms=10.9202 checksum_match=true speedup=1.882292
CAMERA-READY/h100/sweep_fixed/cases_diag_tier/poly_abc_plus_de_bw128_r24_joined.csv
ok: poly_abc_plus_de_bw128_r24
CAMERA-READY/h100/sweep_fixed/diag_tier.csv
$ /home/ubuntu/venvs/zkduel-table5/bin/python -u benchmarks/field_sweep/compare_triton_cuda.py --workloads poly_abc_plus_de --bit-widths 128 --rounds 26 --warmups 2 --repeats 10 --seed 1 --timing-mode whole-run --challenge-mode fixed --layout element --point-mode specialized --block 128 --python /home/ubuntu/venvs/zkduel-table5/bin/python --triton-script benchmarks/field_sweep/triton_sweep.py --cuda-binary build/field_sumcheck_cuda_fixed --skip-build --triton-out CAMERA-READY/h100/sweep_fixed/cases_diag_tier/poly_abc_plus_de_bw128_r26_triton.csv --cuda-out CAMERA-READY/h100/sweep_fixed/cases_diag_tier/poly_abc_plus_de_bw128_r26_cuda.csv --out CAMERA-READY/h100/sweep_fixed/cases_diag_tier/poly_abc_plus_de_bw128_r26_joined.csv
$ /home/ubuntu/venvs/zkduel-table5/bin/python -u benchmarks/field_sweep/triton_sweep.py --workloads poly_abc_plus_de --rounds 26 --bit-widths 128 --warmups 2 --repeats 10 --seed 1 --timing-mode whole-run --challenge-mode fixed --layout element --point-mode specialized --out CAMERA-READY/h100/sweep_fixed/cases_diag_tier/poly_abc_plus_de_bw128_r26_triton.csv
poly_abc_plus_de         field=p128_mersenne_2^127_minus_1  rounds=26 first_ms=102.759 median_ms=51.434 checksum=24134829883996
CAMERA-READY/h100/sweep_fixed/cases_diag_tier/poly_abc_plus_de_bw128_r26_triton.csv
$ build/field_sumcheck_cuda_fixed --workloads poly_abc_plus_de --rounds 26 --bit-widths 128 --warmups 2 --repeats 10 --seed 1 --timing-mode whole-run --challenge-mode fixed --layout element --point-mode specialized --block 128 --out CAMERA-READY/h100/sweep_fixed/cases_diag_tier/poly_abc_plus_de_bw128_r26_cuda.csv
poly_abc_plus_de field=p128_mersenne_2^127_minus_1 rounds=26 first_ms=34.4777 median_ms=34.174 checksum=24134829883996
poly_abc_plus_de         field=p128_mersenne_2^127_minus_1  rounds=26 triton_ms=51.434 cuda_ms=34.174 checksum_match=true speedup=1.505062
CAMERA-READY/h100/sweep_fixed/cases_diag_tier/poly_abc_plus_de_bw128_r26_joined.csv
ok: poly_abc_plus_de_bw128_r26
CAMERA-READY/h100/sweep_fixed/diag_tier.csv
$ /home/ubuntu/venvs/zkduel-table5/bin/python -u benchmarks/field_sweep/compare_triton_cuda.py --workloads poly_abc_plus_de --bit-widths 128 --rounds 28 --warmups 2 --repeats 10 --seed 1 --timing-mode whole-run --challenge-mode fixed --layout element --point-mode specialized --block 128 --python /home/ubuntu/venvs/zkduel-table5/bin/python --triton-script benchmarks/field_sweep/triton_sweep.py --cuda-binary build/field_sumcheck_cuda_fixed --skip-build --triton-out CAMERA-READY/h100/sweep_fixed/cases_diag_tier/poly_abc_plus_de_bw128_r28_triton.csv --cuda-out CAMERA-READY/h100/sweep_fixed/cases_diag_tier/poly_abc_plus_de_bw128_r28_cuda.csv --out CAMERA-READY/h100/sweep_fixed/cases_diag_tier/poly_abc_plus_de_bw128_r28_joined.csv
$ /home/ubuntu/venvs/zkduel-table5/bin/python -u benchmarks/field_sweep/triton_sweep.py --workloads poly_abc_plus_de --rounds 28 --bit-widths 128 --warmups 2 --repeats 10 --seed 1 --timing-mode whole-run --challenge-mode fixed --layout element --point-mode specialized --out CAMERA-READY/h100/sweep_fixed/cases_diag_tier/poly_abc_plus_de_bw128_r28_triton.csv
poly_abc_plus_de         field=p128_mersenne_2^127_minus_1  rounds=28 first_ms=222.234 median_ms=173.774 checksum=26469774709131
CAMERA-READY/h100/sweep_fixed/cases_diag_tier/poly_abc_plus_de_bw128_r28_triton.csv
$ build/field_sumcheck_cuda_fixed --workloads poly_abc_plus_de --rounds 28 --bit-widths 128 --warmups 2 --repeats 10 --seed 1 --timing-mode whole-run --challenge-mode fixed --layout element --point-mode specialized --block 128 --out CAMERA-READY/h100/sweep_fixed/cases_diag_tier/poly_abc_plus_de_bw128_r28_cuda.csv
poly_abc_plus_de field=p128_mersenne_2^127_minus_1 rounds=28 first_ms=126.006 median_ms=125.84 checksum=26469774709131
poly_abc_plus_de         field=p128_mersenne_2^127_minus_1  rounds=28 triton_ms=173.774 cuda_ms=125.84 checksum_match=true speedup=1.380912
CAMERA-READY/h100/sweep_fixed/cases_diag_tier/poly_abc_plus_de_bw128_r28_joined.csv
ok: poly_abc_plus_de_bw128_r28
CAMERA-READY/h100/sweep_fixed/diag_tier.csv
$ /home/ubuntu/venvs/zkduel-table5/bin/python -u benchmarks/field_sweep/compare_triton_cuda.py --workloads poly_abc_plus_de --bit-widths 256 --rounds 14 --warmups 2 --repeats 10 --seed 1 --timing-mode whole-run --challenge-mode fixed --layout element --point-mode specialized --block 128 --python /home/ubuntu/venvs/zkduel-table5/bin/python --triton-script benchmarks/field_sweep/triton_sweep.py --cuda-binary build/field_sumcheck_cuda_fixed --skip-build --triton-out CAMERA-READY/h100/sweep_fixed/cases_diag_tier/poly_abc_plus_de_bw256_r14_triton.csv --cuda-out CAMERA-READY/h100/sweep_fixed/cases_diag_tier/poly_abc_plus_de_bw256_r14_cuda.csv --out CAMERA-READY/h100/sweep_fixed/cases_diag_tier/poly_abc_plus_de_bw256_r14_joined.csv
$ /home/ubuntu/venvs/zkduel-table5/bin/python -u benchmarks/field_sweep/triton_sweep.py --workloads poly_abc_plus_de --rounds 14 --bit-widths 256 --warmups 2 --repeats 10 --seed 1 --timing-mode whole-run --challenge-mode fixed --layout element --point-mode specialized --out CAMERA-READY/h100/sweep_fixed/cases_diag_tier/poly_abc_plus_de_bw256_r14_triton.csv
poly_abc_plus_de         field=p255_bls12_381_scalar        rounds=14 first_ms=66.165 median_ms=4.473 checksum=48966331548017
CAMERA-READY/h100/sweep_fixed/cases_diag_tier/poly_abc_plus_de_bw256_r14_triton.csv
$ build/field_sumcheck_cuda_fixed --workloads poly_abc_plus_de --rounds 14 --bit-widths 256 --warmups 2 --repeats 10 --seed 1 --timing-mode whole-run --challenge-mode fixed --layout element --point-mode specialized --block 128 --out CAMERA-READY/h100/sweep_fixed/cases_diag_tier/poly_abc_plus_de_bw256_r14_cuda.csv
poly_abc_plus_de field=p255_bls12_381_scalar rounds=14 first_ms=2.16711 median_ms=1.66786 checksum=48966331548017
poly_abc_plus_de         field=p255_bls12_381_scalar        rounds=14 triton_ms=4.473 cuda_ms=1.66786 checksum_match=true speedup=2.681880
CAMERA-READY/h100/sweep_fixed/cases_diag_tier/poly_abc_plus_de_bw256_r14_joined.csv
ok: poly_abc_plus_de_bw256_r14
CAMERA-READY/h100/sweep_fixed/diag_tier.csv
$ /home/ubuntu/venvs/zkduel-table5/bin/python -u benchmarks/field_sweep/compare_triton_cuda.py --workloads poly_abc_plus_de --bit-widths 256 --rounds 16 --warmups 2 --repeats 10 --seed 1 --timing-mode whole-run --challenge-mode fixed --layout element --point-mode specialized --block 128 --python /home/ubuntu/venvs/zkduel-table5/bin/python --triton-script benchmarks/field_sweep/triton_sweep.py --cuda-binary build/field_sumcheck_cuda_fixed --skip-build --triton-out CAMERA-READY/h100/sweep_fixed/cases_diag_tier/poly_abc_plus_de_bw256_r16_triton.csv --cuda-out CAMERA-READY/h100/sweep_fixed/cases_diag_tier/poly_abc_plus_de_bw256_r16_cuda.csv --out CAMERA-READY/h100/sweep_fixed/cases_diag_tier/poly_abc_plus_de_bw256_r16_joined.csv
$ /home/ubuntu/venvs/zkduel-table5/bin/python -u benchmarks/field_sweep/triton_sweep.py --workloads poly_abc_plus_de --rounds 16 --bit-widths 256 --warmups 2 --repeats 10 --seed 1 --timing-mode whole-run --challenge-mode fixed --layout element --point-mode specialized --out CAMERA-READY/h100/sweep_fixed/cases_diag_tier/poly_abc_plus_de_bw256_r16_triton.csv
poly_abc_plus_de         field=p255_bls12_381_scalar        rounds=16 first_ms=68.120 median_ms=6.072 checksum=55633042926721
CAMERA-READY/h100/sweep_fixed/cases_diag_tier/poly_abc_plus_de_bw256_r16_triton.csv
$ build/field_sumcheck_cuda_fixed --workloads poly_abc_plus_de --rounds 16 --bit-widths 256 --warmups 2 --repeats 10 --seed 1 --timing-mode whole-run --challenge-mode fixed --layout element --point-mode specialized --block 128 --out CAMERA-READY/h100/sweep_fixed/cases_diag_tier/poly_abc_plus_de_bw256_r16_cuda.csv
poly_abc_plus_de field=p255_bls12_381_scalar rounds=16 first_ms=2.59486 median_ms=2.10217 checksum=55633042926721
poly_abc_plus_de         field=p255_bls12_381_scalar        rounds=16 triton_ms=6.072 cuda_ms=2.10217 checksum_match=true speedup=2.888444
CAMERA-READY/h100/sweep_fixed/cases_diag_tier/poly_abc_plus_de_bw256_r16_joined.csv
ok: poly_abc_plus_de_bw256_r16
CAMERA-READY/h100/sweep_fixed/diag_tier.csv
$ /home/ubuntu/venvs/zkduel-table5/bin/python -u benchmarks/field_sweep/compare_triton_cuda.py --workloads poly_abc_plus_de --bit-widths 256 --rounds 18 --warmups 2 --repeats 10 --seed 1 --timing-mode whole-run --challenge-mode fixed --layout element --point-mode specialized --block 128 --python /home/ubuntu/venvs/zkduel-table5/bin/python --triton-script benchmarks/field_sweep/triton_sweep.py --cuda-binary build/field_sumcheck_cuda_fixed --skip-build --triton-out CAMERA-READY/h100/sweep_fixed/cases_diag_tier/poly_abc_plus_de_bw256_r18_triton.csv --cuda-out CAMERA-READY/h100/sweep_fixed/cases_diag_tier/poly_abc_plus_de_bw256_r18_cuda.csv --out CAMERA-READY/h100/sweep_fixed/cases_diag_tier/poly_abc_plus_de_bw256_r18_joined.csv
$ /home/ubuntu/venvs/zkduel-table5/bin/python -u benchmarks/field_sweep/triton_sweep.py --workloads poly_abc_plus_de --rounds 18 --bit-widths 256 --warmups 2 --repeats 10 --seed 1 --timing-mode whole-run --challenge-mode fixed --layout element --point-mode specialized --out CAMERA-READY/h100/sweep_fixed/cases_diag_tier/poly_abc_plus_de_bw256_r18_triton.csv
poly_abc_plus_de         field=p255_bls12_381_scalar        rounds=18 first_ms=70.515 median_ms=7.843 checksum=64060266775414
CAMERA-READY/h100/sweep_fixed/cases_diag_tier/poly_abc_plus_de_bw256_r18_triton.csv
$ build/field_sumcheck_cuda_fixed --workloads poly_abc_plus_de --rounds 18 --bit-widths 256 --warmups 2 --repeats 10 --seed 1 --timing-mode whole-run --challenge-mode fixed --layout element --point-mode specialized --block 128 --out CAMERA-READY/h100/sweep_fixed/cases_diag_tier/poly_abc_plus_de_bw256_r18_cuda.csv
poly_abc_plus_de field=p255_bls12_381_scalar rounds=18 first_ms=3.21356 median_ms=2.75059 checksum=64060266775414
poly_abc_plus_de         field=p255_bls12_381_scalar        rounds=18 triton_ms=7.843 cuda_ms=2.75059 checksum_match=true speedup=2.851388
CAMERA-READY/h100/sweep_fixed/cases_diag_tier/poly_abc_plus_de_bw256_r18_joined.csv
ok: poly_abc_plus_de_bw256_r18
CAMERA-READY/h100/sweep_fixed/diag_tier.csv
$ /home/ubuntu/venvs/zkduel-table5/bin/python -u benchmarks/field_sweep/compare_triton_cuda.py --workloads poly_abc_plus_de --bit-widths 256 --rounds 20 --warmups 2 --repeats 10 --seed 1 --timing-mode whole-run --challenge-mode fixed --layout element --point-mode specialized --block 128 --python /home/ubuntu/venvs/zkduel-table5/bin/python --triton-script benchmarks/field_sweep/triton_sweep.py --cuda-binary build/field_sumcheck_cuda_fixed --skip-build --triton-out CAMERA-READY/h100/sweep_fixed/cases_diag_tier/poly_abc_plus_de_bw256_r20_triton.csv --cuda-out CAMERA-READY/h100/sweep_fixed/cases_diag_tier/poly_abc_plus_de_bw256_r20_cuda.csv --out CAMERA-READY/h100/sweep_fixed/cases_diag_tier/poly_abc_plus_de_bw256_r20_joined.csv
$ /home/ubuntu/venvs/zkduel-table5/bin/python -u benchmarks/field_sweep/triton_sweep.py --workloads poly_abc_plus_de --rounds 20 --bit-widths 256 --warmups 2 --repeats 10 --seed 1 --timing-mode whole-run --challenge-mode fixed --layout element --point-mode specialized --out CAMERA-READY/h100/sweep_fixed/cases_diag_tier/poly_abc_plus_de_bw256_r20_triton.csv
poly_abc_plus_de         field=p255_bls12_381_scalar        rounds=20 first_ms=72.034 median_ms=10.149 checksum=69355359090394
CAMERA-READY/h100/sweep_fixed/cases_diag_tier/poly_abc_plus_de_bw256_r20_triton.csv
$ build/field_sumcheck_cuda_fixed --workloads poly_abc_plus_de --rounds 20 --bit-widths 256 --warmups 2 --repeats 10 --seed 1 --timing-mode whole-run --challenge-mode fixed --layout element --point-mode specialized --block 128 --out CAMERA-READY/h100/sweep_fixed/cases_diag_tier/poly_abc_plus_de_bw256_r20_cuda.csv
poly_abc_plus_de field=p255_bls12_381_scalar rounds=20 first_ms=4.70322 median_ms=4.24098 checksum=69355359090394
poly_abc_plus_de         field=p255_bls12_381_scalar        rounds=20 triton_ms=10.149 cuda_ms=4.24098 checksum_match=true speedup=2.393079
CAMERA-READY/h100/sweep_fixed/cases_diag_tier/poly_abc_plus_de_bw256_r20_joined.csv
ok: poly_abc_plus_de_bw256_r20
CAMERA-READY/h100/sweep_fixed/diag_tier.csv
$ /home/ubuntu/venvs/zkduel-table5/bin/python -u benchmarks/field_sweep/compare_triton_cuda.py --workloads poly_abc_plus_de --bit-widths 256 --rounds 22 --warmups 2 --repeats 10 --seed 1 --timing-mode whole-run --challenge-mode fixed --layout element --point-mode specialized --block 128 --python /home/ubuntu/venvs/zkduel-table5/bin/python --triton-script benchmarks/field_sweep/triton_sweep.py --cuda-binary build/field_sumcheck_cuda_fixed --skip-build --triton-out CAMERA-READY/h100/sweep_fixed/cases_diag_tier/poly_abc_plus_de_bw256_r22_triton.csv --cuda-out CAMERA-READY/h100/sweep_fixed/cases_diag_tier/poly_abc_plus_de_bw256_r22_cuda.csv --out CAMERA-READY/h100/sweep_fixed/cases_diag_tier/poly_abc_plus_de_bw256_r22_joined.csv
$ /home/ubuntu/venvs/zkduel-table5/bin/python -u benchmarks/field_sweep/triton_sweep.py --workloads poly_abc_plus_de --rounds 22 --bit-widths 256 --warmups 2 --repeats 10 --seed 1 --timing-mode whole-run --challenge-mode fixed --layout element --point-mode specialized --out CAMERA-READY/h100/sweep_fixed/cases_diag_tier/poly_abc_plus_de_bw256_r22_triton.csv
poly_abc_plus_de         field=p255_bls12_381_scalar        rounds=22 first_ms=76.363 median_ms=15.253 checksum=77011178638745
CAMERA-READY/h100/sweep_fixed/cases_diag_tier/poly_abc_plus_de_bw256_r22_triton.csv
$ build/field_sumcheck_cuda_fixed --workloads poly_abc_plus_de --rounds 22 --bit-widths 256 --warmups 2 --repeats 10 --seed 1 --timing-mode whole-run --challenge-mode fixed --layout element --point-mode specialized --block 128 --out CAMERA-READY/h100/sweep_fixed/cases_diag_tier/poly_abc_plus_de_bw256_r22_cuda.csv
poly_abc_plus_de field=p255_bls12_381_scalar rounds=22 first_ms=9.67388 median_ms=9.10992 checksum=77011178638745
poly_abc_plus_de         field=p255_bls12_381_scalar        rounds=22 triton_ms=15.253 cuda_ms=9.10992 checksum_match=true speedup=1.674329
CAMERA-READY/h100/sweep_fixed/cases_diag_tier/poly_abc_plus_de_bw256_r22_joined.csv
ok: poly_abc_plus_de_bw256_r22
CAMERA-READY/h100/sweep_fixed/diag_tier.csv
$ /home/ubuntu/venvs/zkduel-table5/bin/python -u benchmarks/field_sweep/compare_triton_cuda.py --workloads poly_abc_plus_de --bit-widths 256 --rounds 24 --warmups 2 --repeats 10 --seed 1 --timing-mode whole-run --challenge-mode fixed --layout element --point-mode specialized --block 128 --python /home/ubuntu/venvs/zkduel-table5/bin/python --triton-script benchmarks/field_sweep/triton_sweep.py --cuda-binary build/field_sumcheck_cuda_fixed --skip-build --triton-out CAMERA-READY/h100/sweep_fixed/cases_diag_tier/poly_abc_plus_de_bw256_r24_triton.csv --cuda-out CAMERA-READY/h100/sweep_fixed/cases_diag_tier/poly_abc_plus_de_bw256_r24_cuda.csv --out CAMERA-READY/h100/sweep_fixed/cases_diag_tier/poly_abc_plus_de_bw256_r24_joined.csv
$ /home/ubuntu/venvs/zkduel-table5/bin/python -u benchmarks/field_sweep/triton_sweep.py --workloads poly_abc_plus_de --rounds 24 --bit-widths 256 --warmups 2 --repeats 10 --seed 1 --timing-mode whole-run --challenge-mode fixed --layout element --point-mode specialized --out CAMERA-READY/h100/sweep_fixed/cases_diag_tier/poly_abc_plus_de_bw256_r24_triton.csv
poly_abc_plus_de         field=p255_bls12_381_scalar        rounds=24 first_ms=94.073 median_ms=34.399 checksum=83615499668948
CAMERA-READY/h100/sweep_fixed/cases_diag_tier/poly_abc_plus_de_bw256_r24_triton.csv
$ build/field_sumcheck_cuda_fixed --workloads poly_abc_plus_de --rounds 24 --bit-widths 256 --warmups 2 --repeats 10 --seed 1 --timing-mode whole-run --challenge-mode fixed --layout element --point-mode specialized --block 128 --out CAMERA-READY/h100/sweep_fixed/cases_diag_tier/poly_abc_plus_de_bw256_r24_cuda.csv
poly_abc_plus_de field=p255_bls12_381_scalar rounds=24 first_ms=25.1169 median_ms=24.8569 checksum=83615499668948
poly_abc_plus_de         field=p255_bls12_381_scalar        rounds=24 triton_ms=34.399 cuda_ms=24.8569 checksum_match=true speedup=1.383881
CAMERA-READY/h100/sweep_fixed/cases_diag_tier/poly_abc_plus_de_bw256_r24_joined.csv
ok: poly_abc_plus_de_bw256_r24
CAMERA-READY/h100/sweep_fixed/diag_tier.csv
$ /home/ubuntu/venvs/zkduel-table5/bin/python -u benchmarks/field_sweep/compare_triton_cuda.py --workloads poly_abc_plus_de --bit-widths 256 --rounds 26 --warmups 2 --repeats 10 --seed 1 --timing-mode whole-run --challenge-mode fixed --layout element --point-mode specialized --block 128 --python /home/ubuntu/venvs/zkduel-table5/bin/python --triton-script benchmarks/field_sweep/triton_sweep.py --cuda-binary build/field_sumcheck_cuda_fixed --skip-build --triton-out CAMERA-READY/h100/sweep_fixed/cases_diag_tier/poly_abc_plus_de_bw256_r26_triton.csv --cuda-out CAMERA-READY/h100/sweep_fixed/cases_diag_tier/poly_abc_plus_de_bw256_r26_cuda.csv --out CAMERA-READY/h100/sweep_fixed/cases_diag_tier/poly_abc_plus_de_bw256_r26_joined.csv
$ /home/ubuntu/venvs/zkduel-table5/bin/python -u benchmarks/field_sweep/triton_sweep.py --workloads poly_abc_plus_de --rounds 26 --bit-widths 256 --warmups 2 --repeats 10 --seed 1 --timing-mode whole-run --challenge-mode fixed --layout element --point-mode specialized --out CAMERA-READY/h100/sweep_fixed/cases_diag_tier/poly_abc_plus_de_bw256_r26_triton.csv
poly_abc_plus_de         field=p255_bls12_381_scalar        rounds=26 first_ms=166.660 median_ms=113.737 checksum=91820371186531
CAMERA-READY/h100/sweep_fixed/cases_diag_tier/poly_abc_plus_de_bw256_r26_triton.csv
$ build/field_sumcheck_cuda_fixed --workloads poly_abc_plus_de --rounds 26 --bit-widths 256 --warmups 2 --repeats 10 --seed 1 --timing-mode whole-run --challenge-mode fixed --layout element --point-mode specialized --block 128 --out CAMERA-READY/h100/sweep_fixed/cases_diag_tier/poly_abc_plus_de_bw256_r26_cuda.csv
poly_abc_plus_de field=p255_bls12_381_scalar rounds=26 first_ms=88.2043 median_ms=91.3608 checksum=91820371186531
poly_abc_plus_de         field=p255_bls12_381_scalar        rounds=26 triton_ms=113.737 cuda_ms=91.3608 checksum_match=true speedup=1.244921
CAMERA-READY/h100/sweep_fixed/cases_diag_tier/poly_abc_plus_de_bw256_r26_joined.csv
ok: poly_abc_plus_de_bw256_r26
CAMERA-READY/h100/sweep_fixed/diag_tier.csv
$ /home/ubuntu/venvs/zkduel-table5/bin/python -u benchmarks/field_sweep/compare_triton_cuda.py --workloads poly_abc_plus_de --bit-widths 256 --rounds 28 --warmups 2 --repeats 10 --seed 1 --timing-mode whole-run --challenge-mode fixed --layout element --point-mode specialized --block 128 --python /home/ubuntu/venvs/zkduel-table5/bin/python --triton-script benchmarks/field_sweep/triton_sweep.py --cuda-binary build/field_sumcheck_cuda_fixed --skip-build --triton-out CAMERA-READY/h100/sweep_fixed/cases_diag_tier/poly_abc_plus_de_bw256_r28_triton.csv --cuda-out CAMERA-READY/h100/sweep_fixed/cases_diag_tier/poly_abc_plus_de_bw256_r28_cuda.csv --out CAMERA-READY/h100/sweep_fixed/cases_diag_tier/poly_abc_plus_de_bw256_r28_joined.csv
$ /home/ubuntu/venvs/zkduel-table5/bin/python -u benchmarks/field_sweep/triton_sweep.py --workloads poly_abc_plus_de --rounds 28 --bit-widths 256 --warmups 2 --repeats 10 --seed 1 --timing-mode whole-run --challenge-mode fixed --layout element --point-mode specialized --out CAMERA-READY/h100/sweep_fixed/cases_diag_tier/poly_abc_plus_de_bw256_r28_triton.csv
Traceback (most recent call last):
  File "/home/ubuntu/sumcheck-triton/benchmarks/field_sweep/triton_sweep.py", line 918, in <module>
    raise SystemExit(main())
                     ^^^^^^
  File "/home/ubuntu/sumcheck-triton/benchmarks/field_sweep/triton_sweep.py", line 892, in main
    row = _time_one(
          ^^^^^^^^^^
  File "/home/ubuntu/sumcheck-triton/benchmarks/field_sweep/triton_sweep.py", line 645, in _time_one
    scratch_a = torch.empty_like(tables)
                ^^^^^^^^^^^^^^^^^^^^^^^^
torch.OutOfMemoryError: CUDA out of memory. Tried to allocate 40.00 GiB. GPU 0 has a total capacity of 79.19 GiB of which 38.66 GiB is free. Including non-PyTorch memory, this process has 40.52 GiB memory in use. Of the allocated memory 40.00 GiB is allocated by PyTorch, and 0 bytes is reserved by PyTorch but unallocated. If reserved but unallocated memory is large try setting PYTORCH_CUDA_ALLOC_CONF=expandable_segments:True to avoid fragmentation.  See documentation for Memory Management  (https://docs.pytorch.org/docs/stable/notes/cuda.html#optimizing-memory-usage-with-pytorch-cuda-alloc-conf)
Traceback (most recent call last):
  File "/home/ubuntu/sumcheck-triton/benchmarks/field_sweep/compare_triton_cuda.py", line 252, in <module>
    raise SystemExit(main())
                     ^^^^^^
  File "/home/ubuntu/sumcheck-triton/benchmarks/field_sweep/compare_triton_cuda.py", line 78, in main
    run(
  File "/home/ubuntu/sumcheck-triton/benchmarks/field_sweep/compare_triton_cuda.py", line 22, in run
    subprocess.run(cmd, check=True)
  File "/home/ubuntu/.local/share/uv/python/cpython-3.12.14-linux-x86_64-gnu/lib/python3.12/subprocess.py", line 571, in run
    raise CalledProcessError(retcode, process.args,
subprocess.CalledProcessError: Command '['/home/ubuntu/venvs/zkduel-table5/bin/python', '-u', 'benchmarks/field_sweep/triton_sweep.py', '--workloads', 'poly_abc_plus_de', '--rounds', '28', '--bit-widths', '256', '--warmups', '2', '--repeats', '10', '--seed', '1', '--timing-mode', 'whole-run', '--challenge-mode', 'fixed', '--layout', 'element', '--point-mode', 'specialized', '--out', 'CAMERA-READY/h100/sweep_fixed/cases_diag_tier/poly_abc_plus_de_bw256_r28_triton.csv']' returned non-zero exit status 1.
skipped: poly_abc_plus_de_bw256_r28 returncode=1
CAMERA-READY/h100/sweep_fixed/diag_tier.csv
$ /home/ubuntu/venvs/zkduel-table5/bin/python -u benchmarks/field_sweep/compare_triton_cuda.py --workloads poly_abcg_plus_deg --bit-widths 32 --rounds 14 --warmups 2 --repeats 10 --seed 1 --timing-mode whole-run --challenge-mode fixed --layout element --point-mode specialized --block 128 --python /home/ubuntu/venvs/zkduel-table5/bin/python --triton-script benchmarks/field_sweep/triton_sweep.py --cuda-binary build/field_sumcheck_cuda_fixed --skip-build --triton-out CAMERA-READY/h100/sweep_fixed/cases_diag_tier/poly_abcg_plus_deg_bw32_r14_triton.csv --cuda-out CAMERA-READY/h100/sweep_fixed/cases_diag_tier/poly_abcg_plus_deg_bw32_r14_cuda.csv --out CAMERA-READY/h100/sweep_fixed/cases_diag_tier/poly_abcg_plus_deg_bw32_r14_joined.csv
$ /home/ubuntu/venvs/zkduel-table5/bin/python -u benchmarks/field_sweep/triton_sweep.py --workloads poly_abcg_plus_deg --rounds 14 --bit-widths 32 --warmups 2 --repeats 10 --seed 1 --timing-mode whole-run --challenge-mode fixed --layout element --point-mode specialized --out CAMERA-READY/h100/sweep_fixed/cases_diag_tier/poly_abcg_plus_deg_bw32_r14_triton.csv
poly_abcg_plus_deg       field=p32_2^32_minus_5             rounds=14 first_ms=273.660 median_ms=7.085 checksum=1979735584268
CAMERA-READY/h100/sweep_fixed/cases_diag_tier/poly_abcg_plus_deg_bw32_r14_triton.csv
$ build/field_sumcheck_cuda_fixed --workloads poly_abcg_plus_deg --rounds 14 --bit-widths 32 --warmups 2 --repeats 10 --seed 1 --timing-mode whole-run --challenge-mode fixed --layout element --point-mode specialized --block 128 --out CAMERA-READY/h100/sweep_fixed/cases_diag_tier/poly_abcg_plus_deg_bw32_r14_cuda.csv
poly_abcg_plus_deg field=p32_2^32_minus_5 rounds=14 first_ms=1.77723 median_ms=1.56969 checksum=1979735584268
poly_abcg_plus_deg       field=p32_2^32_minus_5             rounds=14 triton_ms=7.085 cuda_ms=1.56969 checksum_match=true speedup=4.513630
CAMERA-READY/h100/sweep_fixed/cases_diag_tier/poly_abcg_plus_deg_bw32_r14_joined.csv
ok: poly_abcg_plus_deg_bw32_r14
CAMERA-READY/h100/sweep_fixed/diag_tier.csv
$ /home/ubuntu/venvs/zkduel-table5/bin/python -u benchmarks/field_sweep/compare_triton_cuda.py --workloads poly_abcg_plus_deg --bit-widths 32 --rounds 16 --warmups 2 --repeats 10 --seed 1 --timing-mode whole-run --challenge-mode fixed --layout element --point-mode specialized --block 128 --python /home/ubuntu/venvs/zkduel-table5/bin/python --triton-script benchmarks/field_sweep/triton_sweep.py --cuda-binary build/field_sumcheck_cuda_fixed --skip-build --triton-out CAMERA-READY/h100/sweep_fixed/cases_diag_tier/poly_abcg_plus_deg_bw32_r16_triton.csv --cuda-out CAMERA-READY/h100/sweep_fixed/cases_diag_tier/poly_abcg_plus_deg_bw32_r16_cuda.csv --out CAMERA-READY/h100/sweep_fixed/cases_diag_tier/poly_abcg_plus_deg_bw32_r16_joined.csv
$ /home/ubuntu/venvs/zkduel-table5/bin/python -u benchmarks/field_sweep/triton_sweep.py --workloads poly_abcg_plus_deg --rounds 16 --bit-widths 32 --warmups 2 --repeats 10 --seed 1 --timing-mode whole-run --challenge-mode fixed --layout element --point-mode specialized --out CAMERA-READY/h100/sweep_fixed/cases_diag_tier/poly_abcg_plus_deg_bw32_r16_triton.csv
poly_abcg_plus_deg       field=p32_2^32_minus_5             rounds=16 first_ms=61.154 median_ms=7.285 checksum=2125879295033
CAMERA-READY/h100/sweep_fixed/cases_diag_tier/poly_abcg_plus_deg_bw32_r16_triton.csv
$ build/field_sumcheck_cuda_fixed --workloads poly_abcg_plus_deg --rounds 16 --bit-widths 32 --warmups 2 --repeats 10 --seed 1 --timing-mode whole-run --challenge-mode fixed --layout element --point-mode specialized --block 128 --out CAMERA-READY/h100/sweep_fixed/cases_diag_tier/poly_abcg_plus_deg_bw32_r16_cuda.csv
poly_abcg_plus_deg field=p32_2^32_minus_5 rounds=16 first_ms=2.20505 median_ms=1.95927 checksum=2125879295033
poly_abcg_plus_deg       field=p32_2^32_minus_5             rounds=16 triton_ms=7.285 cuda_ms=1.95927 checksum_match=true speedup=3.718222
CAMERA-READY/h100/sweep_fixed/cases_diag_tier/poly_abcg_plus_deg_bw32_r16_joined.csv
ok: poly_abcg_plus_deg_bw32_r16
CAMERA-READY/h100/sweep_fixed/diag_tier.csv
$ /home/ubuntu/venvs/zkduel-table5/bin/python -u benchmarks/field_sweep/compare_triton_cuda.py --workloads poly_abcg_plus_deg --bit-widths 32 --rounds 18 --warmups 2 --repeats 10 --seed 1 --timing-mode whole-run --challenge-mode fixed --layout element --point-mode specialized --block 128 --python /home/ubuntu/venvs/zkduel-table5/bin/python --triton-script benchmarks/field_sweep/triton_sweep.py --cuda-binary build/field_sumcheck_cuda_fixed --skip-build --triton-out CAMERA-READY/h100/sweep_fixed/cases_diag_tier/poly_abcg_plus_deg_bw32_r18_triton.csv --cuda-out CAMERA-READY/h100/sweep_fixed/cases_diag_tier/poly_abcg_plus_deg_bw32_r18_cuda.csv --out CAMERA-READY/h100/sweep_fixed/cases_diag_tier/poly_abcg_plus_deg_bw32_r18_joined.csv
$ /home/ubuntu/venvs/zkduel-table5/bin/python -u benchmarks/field_sweep/triton_sweep.py --workloads poly_abcg_plus_deg --rounds 18 --bit-widths 32 --warmups 2 --repeats 10 --seed 1 --timing-mode whole-run --challenge-mode fixed --layout element --point-mode specialized --out CAMERA-READY/h100/sweep_fixed/cases_diag_tier/poly_abcg_plus_deg_bw32_r18_triton.csv
poly_abcg_plus_deg       field=p32_2^32_minus_5             rounds=18 first_ms=63.559 median_ms=9.429 checksum=2572488402926
CAMERA-READY/h100/sweep_fixed/cases_diag_tier/poly_abcg_plus_deg_bw32_r18_triton.csv
$ build/field_sumcheck_cuda_fixed --workloads poly_abcg_plus_deg --rounds 18 --bit-widths 32 --warmups 2 --repeats 10 --seed 1 --timing-mode whole-run --challenge-mode fixed --layout element --point-mode specialized --block 128 --out CAMERA-READY/h100/sweep_fixed/cases_diag_tier/poly_abcg_plus_deg_bw32_r18_cuda.csv
poly_abcg_plus_deg field=p32_2^32_minus_5 rounds=18 first_ms=2.65355 median_ms=2.361 checksum=2572488402926
poly_abcg_plus_deg       field=p32_2^32_minus_5             rounds=18 triton_ms=9.429 cuda_ms=2.361 checksum_match=true speedup=3.993647
CAMERA-READY/h100/sweep_fixed/cases_diag_tier/poly_abcg_plus_deg_bw32_r18_joined.csv
ok: poly_abcg_plus_deg_bw32_r18
CAMERA-READY/h100/sweep_fixed/diag_tier.csv
$ /home/ubuntu/venvs/zkduel-table5/bin/python -u benchmarks/field_sweep/compare_triton_cuda.py --workloads poly_abcg_plus_deg --bit-widths 32 --rounds 20 --warmups 2 --repeats 10 --seed 1 --timing-mode whole-run --challenge-mode fixed --layout element --point-mode specialized --block 128 --python /home/ubuntu/venvs/zkduel-table5/bin/python --triton-script benchmarks/field_sweep/triton_sweep.py --cuda-binary build/field_sumcheck_cuda_fixed --skip-build --triton-out CAMERA-READY/h100/sweep_fixed/cases_diag_tier/poly_abcg_plus_deg_bw32_r20_triton.csv --cuda-out CAMERA-READY/h100/sweep_fixed/cases_diag_tier/poly_abcg_plus_deg_bw32_r20_cuda.csv --out CAMERA-READY/h100/sweep_fixed/cases_diag_tier/poly_abcg_plus_deg_bw32_r20_joined.csv
$ /home/ubuntu/venvs/zkduel-table5/bin/python -u benchmarks/field_sweep/triton_sweep.py --workloads poly_abcg_plus_deg --rounds 20 --bit-widths 32 --warmups 2 --repeats 10 --seed 1 --timing-mode whole-run --challenge-mode fixed --layout element --point-mode specialized --out CAMERA-READY/h100/sweep_fixed/cases_diag_tier/poly_abcg_plus_deg_bw32_r20_triton.csv
poly_abcg_plus_deg       field=p32_2^32_minus_5             rounds=20 first_ms=65.996 median_ms=12.045 checksum=2590572927384
CAMERA-READY/h100/sweep_fixed/cases_diag_tier/poly_abcg_plus_deg_bw32_r20_triton.csv
$ build/field_sumcheck_cuda_fixed --workloads poly_abcg_plus_deg --rounds 20 --bit-widths 32 --warmups 2 --repeats 10 --seed 1 --timing-mode whole-run --challenge-mode fixed --layout element --point-mode specialized --block 128 --out CAMERA-READY/h100/sweep_fixed/cases_diag_tier/poly_abcg_plus_deg_bw32_r20_cuda.csv
poly_abcg_plus_deg field=p32_2^32_minus_5 rounds=20 first_ms=3.21812 median_ms=2.92091 checksum=2590572927384
poly_abcg_plus_deg       field=p32_2^32_minus_5             rounds=20 triton_ms=12.045 cuda_ms=2.92091 checksum_match=true speedup=4.123715
CAMERA-READY/h100/sweep_fixed/cases_diag_tier/poly_abcg_plus_deg_bw32_r20_joined.csv
ok: poly_abcg_plus_deg_bw32_r20
CAMERA-READY/h100/sweep_fixed/diag_tier.csv
$ /home/ubuntu/venvs/zkduel-table5/bin/python -u benchmarks/field_sweep/compare_triton_cuda.py --workloads poly_abcg_plus_deg --bit-widths 32 --rounds 22 --warmups 2 --repeats 10 --seed 1 --timing-mode whole-run --challenge-mode fixed --layout element --point-mode specialized --block 128 --python /home/ubuntu/venvs/zkduel-table5/bin/python --triton-script benchmarks/field_sweep/triton_sweep.py --cuda-binary build/field_sumcheck_cuda_fixed --skip-build --triton-out CAMERA-READY/h100/sweep_fixed/cases_diag_tier/poly_abcg_plus_deg_bw32_r22_triton.csv --cuda-out CAMERA-READY/h100/sweep_fixed/cases_diag_tier/poly_abcg_plus_deg_bw32_r22_cuda.csv --out CAMERA-READY/h100/sweep_fixed/cases_diag_tier/poly_abcg_plus_deg_bw32_r22_joined.csv
$ /home/ubuntu/venvs/zkduel-table5/bin/python -u benchmarks/field_sweep/triton_sweep.py --workloads poly_abcg_plus_deg --rounds 22 --bit-widths 32 --warmups 2 --repeats 10 --seed 1 --timing-mode whole-run --challenge-mode fixed --layout element --point-mode specialized --out CAMERA-READY/h100/sweep_fixed/cases_diag_tier/poly_abcg_plus_deg_bw32_r22_triton.csv
poly_abcg_plus_deg       field=p32_2^32_minus_5             rounds=22 first_ms=69.082 median_ms=14.943 checksum=3255965710179
CAMERA-READY/h100/sweep_fixed/cases_diag_tier/poly_abcg_plus_deg_bw32_r22_triton.csv
$ build/field_sumcheck_cuda_fixed --workloads poly_abcg_plus_deg --rounds 22 --bit-widths 32 --warmups 2 --repeats 10 --seed 1 --timing-mode whole-run --challenge-mode fixed --layout element --point-mode specialized --block 128 --out CAMERA-READY/h100/sweep_fixed/cases_diag_tier/poly_abcg_plus_deg_bw32_r22_cuda.csv
poly_abcg_plus_deg field=p32_2^32_minus_5 rounds=22 first_ms=4.14936 median_ms=3.86847 checksum=3255965710179
poly_abcg_plus_deg       field=p32_2^32_minus_5             rounds=22 triton_ms=14.943 cuda_ms=3.86847 checksum_match=true speedup=3.862767
CAMERA-READY/h100/sweep_fixed/cases_diag_tier/poly_abcg_plus_deg_bw32_r22_joined.csv
ok: poly_abcg_plus_deg_bw32_r22
CAMERA-READY/h100/sweep_fixed/diag_tier.csv
$ /home/ubuntu/venvs/zkduel-table5/bin/python -u benchmarks/field_sweep/compare_triton_cuda.py --workloads poly_abcg_plus_deg --bit-widths 32 --rounds 24 --warmups 2 --repeats 10 --seed 1 --timing-mode whole-run --challenge-mode fixed --layout element --point-mode specialized --block 128 --python /home/ubuntu/venvs/zkduel-table5/bin/python --triton-script benchmarks/field_sweep/triton_sweep.py --cuda-binary build/field_sumcheck_cuda_fixed --skip-build --triton-out CAMERA-READY/h100/sweep_fixed/cases_diag_tier/poly_abcg_plus_deg_bw32_r24_triton.csv --cuda-out CAMERA-READY/h100/sweep_fixed/cases_diag_tier/poly_abcg_plus_deg_bw32_r24_cuda.csv --out CAMERA-READY/h100/sweep_fixed/cases_diag_tier/poly_abcg_plus_deg_bw32_r24_joined.csv
$ /home/ubuntu/venvs/zkduel-table5/bin/python -u benchmarks/field_sweep/triton_sweep.py --workloads poly_abcg_plus_deg --rounds 24 --bit-widths 32 --warmups 2 --repeats 10 --seed 1 --timing-mode whole-run --challenge-mode fixed --layout element --point-mode specialized --out CAMERA-READY/h100/sweep_fixed/cases_diag_tier/poly_abcg_plus_deg_bw32_r24_triton.csv
poly_abcg_plus_deg       field=p32_2^32_minus_5             rounds=24 first_ms=73.294 median_ms=20.687 checksum=3490534930779
CAMERA-READY/h100/sweep_fixed/cases_diag_tier/poly_abcg_plus_deg_bw32_r24_triton.csv
$ build/field_sumcheck_cuda_fixed --workloads poly_abcg_plus_deg --rounds 24 --bit-widths 32 --warmups 2 --repeats 10 --seed 1 --timing-mode whole-run --challenge-mode fixed --layout element --point-mode specialized --block 128 --out CAMERA-READY/h100/sweep_fixed/cases_diag_tier/poly_abcg_plus_deg_bw32_r24_cuda.csv
poly_abcg_plus_deg field=p32_2^32_minus_5 rounds=24 first_ms=6.74336 median_ms=6.49616 checksum=3490534930779
poly_abcg_plus_deg       field=p32_2^32_minus_5             rounds=24 triton_ms=20.687 cuda_ms=6.49616 checksum_match=true speedup=3.184497
CAMERA-READY/h100/sweep_fixed/cases_diag_tier/poly_abcg_plus_deg_bw32_r24_joined.csv
ok: poly_abcg_plus_deg_bw32_r24
CAMERA-READY/h100/sweep_fixed/diag_tier.csv
$ /home/ubuntu/venvs/zkduel-table5/bin/python -u benchmarks/field_sweep/compare_triton_cuda.py --workloads poly_abcg_plus_deg --bit-widths 32 --rounds 26 --warmups 2 --repeats 10 --seed 1 --timing-mode whole-run --challenge-mode fixed --layout element --point-mode specialized --block 128 --python /home/ubuntu/venvs/zkduel-table5/bin/python --triton-script benchmarks/field_sweep/triton_sweep.py --cuda-binary build/field_sumcheck_cuda_fixed --skip-build --triton-out CAMERA-READY/h100/sweep_fixed/cases_diag_tier/poly_abcg_plus_deg_bw32_r26_triton.csv --cuda-out CAMERA-READY/h100/sweep_fixed/cases_diag_tier/poly_abcg_plus_deg_bw32_r26_cuda.csv --out CAMERA-READY/h100/sweep_fixed/cases_diag_tier/poly_abcg_plus_deg_bw32_r26_joined.csv
$ /home/ubuntu/venvs/zkduel-table5/bin/python -u benchmarks/field_sweep/triton_sweep.py --workloads poly_abcg_plus_deg --rounds 26 --bit-widths 32 --warmups 2 --repeats 10 --seed 1 --timing-mode whole-run --challenge-mode fixed --layout element --point-mode specialized --out CAMERA-READY/h100/sweep_fixed/cases_diag_tier/poly_abcg_plus_deg_bw32_r26_triton.csv
poly_abcg_plus_deg       field=p32_2^32_minus_5             rounds=26 first_ms=94.517 median_ms=42.589 checksum=3597004641945
CAMERA-READY/h100/sweep_fixed/cases_diag_tier/poly_abcg_plus_deg_bw32_r26_triton.csv
$ build/field_sumcheck_cuda_fixed --workloads poly_abcg_plus_deg --rounds 26 --bit-widths 32 --warmups 2 --repeats 10 --seed 1 --timing-mode whole-run --challenge-mode fixed --layout element --point-mode specialized --block 128 --out CAMERA-READY/h100/sweep_fixed/cases_diag_tier/poly_abcg_plus_deg_bw32_r26_cuda.csv
poly_abcg_plus_deg field=p32_2^32_minus_5 rounds=26 first_ms=15.5491 median_ms=15.2705 checksum=3597004641945
poly_abcg_plus_deg       field=p32_2^32_minus_5             rounds=26 triton_ms=42.589 cuda_ms=15.2705 checksum_match=true speedup=2.788972
CAMERA-READY/h100/sweep_fixed/cases_diag_tier/poly_abcg_plus_deg_bw32_r26_joined.csv
ok: poly_abcg_plus_deg_bw32_r26
CAMERA-READY/h100/sweep_fixed/diag_tier.csv
$ /home/ubuntu/venvs/zkduel-table5/bin/python -u benchmarks/field_sweep/compare_triton_cuda.py --workloads poly_abcg_plus_deg --bit-widths 32 --rounds 28 --warmups 2 --repeats 10 --seed 1 --timing-mode whole-run --challenge-mode fixed --layout element --point-mode specialized --block 128 --python /home/ubuntu/venvs/zkduel-table5/bin/python --triton-script benchmarks/field_sweep/triton_sweep.py --cuda-binary build/field_sumcheck_cuda_fixed --skip-build --triton-out CAMERA-READY/h100/sweep_fixed/cases_diag_tier/poly_abcg_plus_deg_bw32_r28_triton.csv --cuda-out CAMERA-READY/h100/sweep_fixed/cases_diag_tier/poly_abcg_plus_deg_bw32_r28_cuda.csv --out CAMERA-READY/h100/sweep_fixed/cases_diag_tier/poly_abcg_plus_deg_bw32_r28_joined.csv
$ /home/ubuntu/venvs/zkduel-table5/bin/python -u benchmarks/field_sweep/triton_sweep.py --workloads poly_abcg_plus_deg --rounds 28 --bit-widths 32 --warmups 2 --repeats 10 --seed 1 --timing-mode whole-run --challenge-mode fixed --layout element --point-mode specialized --out CAMERA-READY/h100/sweep_fixed/cases_diag_tier/poly_abcg_plus_deg_bw32_r28_triton.csv
poly_abcg_plus_deg       field=p32_2^32_minus_5             rounds=28 first_ms=176.416 median_ms=125.477 checksum=4213872756990
CAMERA-READY/h100/sweep_fixed/cases_diag_tier/poly_abcg_plus_deg_bw32_r28_triton.csv
$ build/field_sumcheck_cuda_fixed --workloads poly_abcg_plus_deg --rounds 28 --bit-widths 32 --warmups 2 --repeats 10 --seed 1 --timing-mode whole-run --challenge-mode fixed --layout element --point-mode specialized --block 128 --out CAMERA-READY/h100/sweep_fixed/cases_diag_tier/poly_abcg_plus_deg_bw32_r28_cuda.csv
poly_abcg_plus_deg field=p32_2^32_minus_5 rounds=28 first_ms=48.9564 median_ms=48.6856 checksum=4213872756990
poly_abcg_plus_deg       field=p32_2^32_minus_5             rounds=28 triton_ms=125.477 cuda_ms=48.6856 checksum_match=true speedup=2.577292
CAMERA-READY/h100/sweep_fixed/cases_diag_tier/poly_abcg_plus_deg_bw32_r28_joined.csv
ok: poly_abcg_plus_deg_bw32_r28
CAMERA-READY/h100/sweep_fixed/diag_tier.csv
$ /home/ubuntu/venvs/zkduel-table5/bin/python -u benchmarks/field_sweep/compare_triton_cuda.py --workloads poly_abcg_plus_deg --bit-widths 64 --rounds 14 --warmups 2 --repeats 10 --seed 1 --timing-mode whole-run --challenge-mode fixed --layout element --point-mode specialized --block 128 --python /home/ubuntu/venvs/zkduel-table5/bin/python --triton-script benchmarks/field_sweep/triton_sweep.py --cuda-binary build/field_sumcheck_cuda_fixed --skip-build --triton-out CAMERA-READY/h100/sweep_fixed/cases_diag_tier/poly_abcg_plus_deg_bw64_r14_triton.csv --cuda-out CAMERA-READY/h100/sweep_fixed/cases_diag_tier/poly_abcg_plus_deg_bw64_r14_cuda.csv --out CAMERA-READY/h100/sweep_fixed/cases_diag_tier/poly_abcg_plus_deg_bw64_r14_joined.csv
$ /home/ubuntu/venvs/zkduel-table5/bin/python -u benchmarks/field_sweep/triton_sweep.py --workloads poly_abcg_plus_deg --rounds 14 --bit-widths 64 --warmups 2 --repeats 10 --seed 1 --timing-mode whole-run --challenge-mode fixed --layout element --point-mode specialized --out CAMERA-READY/h100/sweep_fixed/cases_diag_tier/poly_abcg_plus_deg_bw64_r14_triton.csv
poly_abcg_plus_deg       field=p64_goldilocks               rounds=14 first_ms=303.682 median_ms=7.408 checksum=5980689741299
CAMERA-READY/h100/sweep_fixed/cases_diag_tier/poly_abcg_plus_deg_bw64_r14_triton.csv
$ build/field_sumcheck_cuda_fixed --workloads poly_abcg_plus_deg --rounds 14 --bit-widths 64 --warmups 2 --repeats 10 --seed 1 --timing-mode whole-run --challenge-mode fixed --layout element --point-mode specialized --block 128 --out CAMERA-READY/h100/sweep_fixed/cases_diag_tier/poly_abcg_plus_deg_bw64_r14_cuda.csv
poly_abcg_plus_deg field=p64_goldilocks rounds=14 first_ms=1.98456 median_ms=1.72734 checksum=5980689741299
poly_abcg_plus_deg       field=p64_goldilocks               rounds=14 triton_ms=7.408 cuda_ms=1.72734 checksum_match=true speedup=4.288675
CAMERA-READY/h100/sweep_fixed/cases_diag_tier/poly_abcg_plus_deg_bw64_r14_joined.csv
ok: poly_abcg_plus_deg_bw64_r14
CAMERA-READY/h100/sweep_fixed/diag_tier.csv
$ /home/ubuntu/venvs/zkduel-table5/bin/python -u benchmarks/field_sweep/compare_triton_cuda.py --workloads poly_abcg_plus_deg --bit-widths 64 --rounds 16 --warmups 2 --repeats 10 --seed 1 --timing-mode whole-run --challenge-mode fixed --layout element --point-mode specialized --block 128 --python /home/ubuntu/venvs/zkduel-table5/bin/python --triton-script benchmarks/field_sweep/triton_sweep.py --cuda-binary build/field_sumcheck_cuda_fixed --skip-build --triton-out CAMERA-READY/h100/sweep_fixed/cases_diag_tier/poly_abcg_plus_deg_bw64_r16_triton.csv --cuda-out CAMERA-READY/h100/sweep_fixed/cases_diag_tier/poly_abcg_plus_deg_bw64_r16_cuda.csv --out CAMERA-READY/h100/sweep_fixed/cases_diag_tier/poly_abcg_plus_deg_bw64_r16_joined.csv
$ /home/ubuntu/venvs/zkduel-table5/bin/python -u benchmarks/field_sweep/triton_sweep.py --workloads poly_abcg_plus_deg --rounds 16 --bit-widths 64 --warmups 2 --repeats 10 --seed 1 --timing-mode whole-run --challenge-mode fixed --layout element --point-mode specialized --out CAMERA-READY/h100/sweep_fixed/cases_diag_tier/poly_abcg_plus_deg_bw64_r16_triton.csv
poly_abcg_plus_deg       field=p64_goldilocks               rounds=16 first_ms=62.210 median_ms=7.580 checksum=6801517634275
CAMERA-READY/h100/sweep_fixed/cases_diag_tier/poly_abcg_plus_deg_bw64_r16_triton.csv
$ build/field_sumcheck_cuda_fixed --workloads poly_abcg_plus_deg --rounds 16 --bit-widths 64 --warmups 2 --repeats 10 --seed 1 --timing-mode whole-run --challenge-mode fixed --layout element --point-mode specialized --block 128 --out CAMERA-READY/h100/sweep_fixed/cases_diag_tier/poly_abcg_plus_deg_bw64_r16_cuda.csv
poly_abcg_plus_deg field=p64_goldilocks rounds=16 first_ms=2.34284 median_ms=2.09271 checksum=6801517634275
poly_abcg_plus_deg       field=p64_goldilocks               rounds=16 triton_ms=7.580 cuda_ms=2.09271 checksum_match=true speedup=3.622098
CAMERA-READY/h100/sweep_fixed/cases_diag_tier/poly_abcg_plus_deg_bw64_r16_joined.csv
ok: poly_abcg_plus_deg_bw64_r16
CAMERA-READY/h100/sweep_fixed/diag_tier.csv
$ /home/ubuntu/venvs/zkduel-table5/bin/python -u benchmarks/field_sweep/compare_triton_cuda.py --workloads poly_abcg_plus_deg --bit-widths 64 --rounds 18 --warmups 2 --repeats 10 --seed 1 --timing-mode whole-run --challenge-mode fixed --layout element --point-mode specialized --block 128 --python /home/ubuntu/venvs/zkduel-table5/bin/python --triton-script benchmarks/field_sweep/triton_sweep.py --cuda-binary build/field_sumcheck_cuda_fixed --skip-build --triton-out CAMERA-READY/h100/sweep_fixed/cases_diag_tier/poly_abcg_plus_deg_bw64_r18_triton.csv --cuda-out CAMERA-READY/h100/sweep_fixed/cases_diag_tier/poly_abcg_plus_deg_bw64_r18_cuda.csv --out CAMERA-READY/h100/sweep_fixed/cases_diag_tier/poly_abcg_plus_deg_bw64_r18_joined.csv
$ /home/ubuntu/venvs/zkduel-table5/bin/python -u benchmarks/field_sweep/triton_sweep.py --workloads poly_abcg_plus_deg --rounds 18 --bit-widths 64 --warmups 2 --repeats 10 --seed 1 --timing-mode whole-run --challenge-mode fixed --layout element --point-mode specialized --out CAMERA-READY/h100/sweep_fixed/cases_diag_tier/poly_abcg_plus_deg_bw64_r18_triton.csv
poly_abcg_plus_deg       field=p64_goldilocks               rounds=18 first_ms=64.785 median_ms=9.535 checksum=7293146701126
CAMERA-READY/h100/sweep_fixed/cases_diag_tier/poly_abcg_plus_deg_bw64_r18_triton.csv
$ build/field_sumcheck_cuda_fixed --workloads poly_abcg_plus_deg --rounds 18 --bit-widths 64 --warmups 2 --repeats 10 --seed 1 --timing-mode whole-run --challenge-mode fixed --layout element --point-mode specialized --block 128 --out CAMERA-READY/h100/sweep_fixed/cases_diag_tier/poly_abcg_plus_deg_bw64_r18_cuda.csv
poly_abcg_plus_deg field=p64_goldilocks rounds=18 first_ms=2.85964 median_ms=2.52502 checksum=7293146701126
poly_abcg_plus_deg       field=p64_goldilocks               rounds=18 triton_ms=9.535 cuda_ms=2.52502 checksum_match=true speedup=3.776208
CAMERA-READY/h100/sweep_fixed/cases_diag_tier/poly_abcg_plus_deg_bw64_r18_joined.csv
ok: poly_abcg_plus_deg_bw64_r18
CAMERA-READY/h100/sweep_fixed/diag_tier.csv
$ /home/ubuntu/venvs/zkduel-table5/bin/python -u benchmarks/field_sweep/compare_triton_cuda.py --workloads poly_abcg_plus_deg --bit-widths 64 --rounds 20 --warmups 2 --repeats 10 --seed 1 --timing-mode whole-run --challenge-mode fixed --layout element --point-mode specialized --block 128 --python /home/ubuntu/venvs/zkduel-table5/bin/python --triton-script benchmarks/field_sweep/triton_sweep.py --cuda-binary build/field_sumcheck_cuda_fixed --skip-build --triton-out CAMERA-READY/h100/sweep_fixed/cases_diag_tier/poly_abcg_plus_deg_bw64_r20_triton.csv --cuda-out CAMERA-READY/h100/sweep_fixed/cases_diag_tier/poly_abcg_plus_deg_bw64_r20_cuda.csv --out CAMERA-READY/h100/sweep_fixed/cases_diag_tier/poly_abcg_plus_deg_bw64_r20_joined.csv
$ /home/ubuntu/venvs/zkduel-table5/bin/python -u benchmarks/field_sweep/triton_sweep.py --workloads poly_abcg_plus_deg --rounds 20 --bit-widths 64 --warmups 2 --repeats 10 --seed 1 --timing-mode whole-run --challenge-mode fixed --layout element --point-mode specialized --out CAMERA-READY/h100/sweep_fixed/cases_diag_tier/poly_abcg_plus_deg_bw64_r20_triton.csv
poly_abcg_plus_deg       field=p64_goldilocks               rounds=20 first_ms=68.606 median_ms=11.909 checksum=7955119514745
CAMERA-READY/h100/sweep_fixed/cases_diag_tier/poly_abcg_plus_deg_bw64_r20_triton.csv
$ build/field_sumcheck_cuda_fixed --workloads poly_abcg_plus_deg --rounds 20 --bit-widths 64 --warmups 2 --repeats 10 --seed 1 --timing-mode whole-run --challenge-mode fixed --layout element --point-mode specialized --block 128 --out CAMERA-READY/h100/sweep_fixed/cases_diag_tier/poly_abcg_plus_deg_bw64_r20_cuda.csv
poly_abcg_plus_deg field=p64_goldilocks rounds=20 first_ms=3.47604 median_ms=3.23208 checksum=7955119514745
poly_abcg_plus_deg       field=p64_goldilocks               rounds=20 triton_ms=11.909 cuda_ms=3.23208 checksum_match=true speedup=3.684624
CAMERA-READY/h100/sweep_fixed/cases_diag_tier/poly_abcg_plus_deg_bw64_r20_joined.csv
ok: poly_abcg_plus_deg_bw64_r20
CAMERA-READY/h100/sweep_fixed/diag_tier.csv
$ /home/ubuntu/venvs/zkduel-table5/bin/python -u benchmarks/field_sweep/compare_triton_cuda.py --workloads poly_abcg_plus_deg --bit-widths 64 --rounds 22 --warmups 2 --repeats 10 --seed 1 --timing-mode whole-run --challenge-mode fixed --layout element --point-mode specialized --block 128 --python /home/ubuntu/venvs/zkduel-table5/bin/python --triton-script benchmarks/field_sweep/triton_sweep.py --cuda-binary build/field_sumcheck_cuda_fixed --skip-build --triton-out CAMERA-READY/h100/sweep_fixed/cases_diag_tier/poly_abcg_plus_deg_bw64_r22_triton.csv --cuda-out CAMERA-READY/h100/sweep_fixed/cases_diag_tier/poly_abcg_plus_deg_bw64_r22_cuda.csv --out CAMERA-READY/h100/sweep_fixed/cases_diag_tier/poly_abcg_plus_deg_bw64_r22_joined.csv
$ /home/ubuntu/venvs/zkduel-table5/bin/python -u benchmarks/field_sweep/triton_sweep.py --workloads poly_abcg_plus_deg --rounds 22 --bit-widths 64 --warmups 2 --repeats 10 --seed 1 --timing-mode whole-run --challenge-mode fixed --layout element --point-mode specialized --out CAMERA-READY/h100/sweep_fixed/cases_diag_tier/poly_abcg_plus_deg_bw64_r22_triton.csv
poly_abcg_plus_deg       field=p64_goldilocks               rounds=22 first_ms=70.085 median_ms=14.864 checksum=9638674309615
CAMERA-READY/h100/sweep_fixed/cases_diag_tier/poly_abcg_plus_deg_bw64_r22_triton.csv
$ build/field_sumcheck_cuda_fixed --workloads poly_abcg_plus_deg --rounds 22 --bit-widths 64 --warmups 2 --repeats 10 --seed 1 --timing-mode whole-run --challenge-mode fixed --layout element --point-mode specialized --block 128 --out CAMERA-READY/h100/sweep_fixed/cases_diag_tier/poly_abcg_plus_deg_bw64_r22_cuda.csv
poly_abcg_plus_deg field=p64_goldilocks rounds=22 first_ms=5.12281 median_ms=4.9053 checksum=9638674309615
poly_abcg_plus_deg       field=p64_goldilocks               rounds=22 triton_ms=14.864 cuda_ms=4.9053 checksum_match=true speedup=3.030192
CAMERA-READY/h100/sweep_fixed/cases_diag_tier/poly_abcg_plus_deg_bw64_r22_joined.csv
ok: poly_abcg_plus_deg_bw64_r22
CAMERA-READY/h100/sweep_fixed/diag_tier.csv
$ /home/ubuntu/venvs/zkduel-table5/bin/python -u benchmarks/field_sweep/compare_triton_cuda.py --workloads poly_abcg_plus_deg --bit-widths 64 --rounds 24 --warmups 2 --repeats 10 --seed 1 --timing-mode whole-run --challenge-mode fixed --layout element --point-mode specialized --block 128 --python /home/ubuntu/venvs/zkduel-table5/bin/python --triton-script benchmarks/field_sweep/triton_sweep.py --cuda-binary build/field_sumcheck_cuda_fixed --skip-build --triton-out CAMERA-READY/h100/sweep_fixed/cases_diag_tier/poly_abcg_plus_deg_bw64_r24_triton.csv --cuda-out CAMERA-READY/h100/sweep_fixed/cases_diag_tier/poly_abcg_plus_deg_bw64_r24_cuda.csv --out CAMERA-READY/h100/sweep_fixed/cases_diag_tier/poly_abcg_plus_deg_bw64_r24_joined.csv
$ /home/ubuntu/venvs/zkduel-table5/bin/python -u benchmarks/field_sweep/triton_sweep.py --workloads poly_abcg_plus_deg --rounds 24 --bit-widths 64 --warmups 2 --repeats 10 --seed 1 --timing-mode whole-run --challenge-mode fixed --layout element --point-mode specialized --out CAMERA-READY/h100/sweep_fixed/cases_diag_tier/poly_abcg_plus_deg_bw64_r24_triton.csv
poly_abcg_plus_deg       field=p64_goldilocks               rounds=24 first_ms=76.618 median_ms=22.068 checksum=9702232967908
CAMERA-READY/h100/sweep_fixed/cases_diag_tier/poly_abcg_plus_deg_bw64_r24_triton.csv
$ build/field_sumcheck_cuda_fixed --workloads poly_abcg_plus_deg --rounds 24 --bit-widths 64 --warmups 2 --repeats 10 --seed 1 --timing-mode whole-run --challenge-mode fixed --layout element --point-mode specialized --block 128 --out CAMERA-READY/h100/sweep_fixed/cases_diag_tier/poly_abcg_plus_deg_bw64_r24_cuda.csv
poly_abcg_plus_deg field=p64_goldilocks rounds=24 first_ms=9.8893 median_ms=9.62336 checksum=9702232967908
poly_abcg_plus_deg       field=p64_goldilocks               rounds=24 triton_ms=22.068 cuda_ms=9.62336 checksum_match=true speedup=2.293170
CAMERA-READY/h100/sweep_fixed/cases_diag_tier/poly_abcg_plus_deg_bw64_r24_joined.csv
ok: poly_abcg_plus_deg_bw64_r24
CAMERA-READY/h100/sweep_fixed/diag_tier.csv
$ /home/ubuntu/venvs/zkduel-table5/bin/python -u benchmarks/field_sweep/compare_triton_cuda.py --workloads poly_abcg_plus_deg --bit-widths 64 --rounds 26 --warmups 2 --repeats 10 --seed 1 --timing-mode whole-run --challenge-mode fixed --layout element --point-mode specialized --block 128 --python /home/ubuntu/venvs/zkduel-table5/bin/python --triton-script benchmarks/field_sweep/triton_sweep.py --cuda-binary build/field_sumcheck_cuda_fixed --skip-build --triton-out CAMERA-READY/h100/sweep_fixed/cases_diag_tier/poly_abcg_plus_deg_bw64_r26_triton.csv --cuda-out CAMERA-READY/h100/sweep_fixed/cases_diag_tier/poly_abcg_plus_deg_bw64_r26_cuda.csv --out CAMERA-READY/h100/sweep_fixed/cases_diag_tier/poly_abcg_plus_deg_bw64_r26_joined.csv
$ /home/ubuntu/venvs/zkduel-table5/bin/python -u benchmarks/field_sweep/triton_sweep.py --workloads poly_abcg_plus_deg --rounds 26 --bit-widths 64 --warmups 2 --repeats 10 --seed 1 --timing-mode whole-run --challenge-mode fixed --layout element --point-mode specialized --out CAMERA-READY/h100/sweep_fixed/cases_diag_tier/poly_abcg_plus_deg_bw64_r26_triton.csv
poly_abcg_plus_deg       field=p64_goldilocks               rounds=26 first_ms=99.743 median_ms=47.650 checksum=11190513543521
CAMERA-READY/h100/sweep_fixed/cases_diag_tier/poly_abcg_plus_deg_bw64_r26_triton.csv
$ build/field_sumcheck_cuda_fixed --workloads poly_abcg_plus_deg --rounds 26 --bit-widths 64 --warmups 2 --repeats 10 --seed 1 --timing-mode whole-run --challenge-mode fixed --layout element --point-mode specialized --block 128 --out CAMERA-READY/h100/sweep_fixed/cases_diag_tier/poly_abcg_plus_deg_bw64_r26_cuda.csv
poly_abcg_plus_deg field=p64_goldilocks rounds=26 first_ms=26.5068 median_ms=26.3589 checksum=11190513543521
poly_abcg_plus_deg       field=p64_goldilocks               rounds=26 triton_ms=47.650 cuda_ms=26.3589 checksum_match=true speedup=1.807739
CAMERA-READY/h100/sweep_fixed/cases_diag_tier/poly_abcg_plus_deg_bw64_r26_joined.csv
ok: poly_abcg_plus_deg_bw64_r26
CAMERA-READY/h100/sweep_fixed/diag_tier.csv
$ /home/ubuntu/venvs/zkduel-table5/bin/python -u benchmarks/field_sweep/compare_triton_cuda.py --workloads poly_abcg_plus_deg --bit-widths 64 --rounds 28 --warmups 2 --repeats 10 --seed 1 --timing-mode whole-run --challenge-mode fixed --layout element --point-mode specialized --block 128 --python /home/ubuntu/venvs/zkduel-table5/bin/python --triton-script benchmarks/field_sweep/triton_sweep.py --cuda-binary build/field_sumcheck_cuda_fixed --skip-build --triton-out CAMERA-READY/h100/sweep_fixed/cases_diag_tier/poly_abcg_plus_deg_bw64_r28_triton.csv --cuda-out CAMERA-READY/h100/sweep_fixed/cases_diag_tier/poly_abcg_plus_deg_bw64_r28_cuda.csv --out CAMERA-READY/h100/sweep_fixed/cases_diag_tier/poly_abcg_plus_deg_bw64_r28_joined.csv
$ /home/ubuntu/venvs/zkduel-table5/bin/python -u benchmarks/field_sweep/triton_sweep.py --workloads poly_abcg_plus_deg --rounds 28 --bit-widths 64 --warmups 2 --repeats 10 --seed 1 --timing-mode whole-run --challenge-mode fixed --layout element --point-mode specialized --out CAMERA-READY/h100/sweep_fixed/cases_diag_tier/poly_abcg_plus_deg_bw64_r28_triton.csv
poly_abcg_plus_deg       field=p64_goldilocks               rounds=28 first_ms=197.614 median_ms=150.361 checksum=11411667201688
CAMERA-READY/h100/sweep_fixed/cases_diag_tier/poly_abcg_plus_deg_bw64_r28_triton.csv
$ build/field_sumcheck_cuda_fixed --workloads poly_abcg_plus_deg --rounds 28 --bit-widths 64 --warmups 2 --repeats 10 --seed 1 --timing-mode whole-run --challenge-mode fixed --layout element --point-mode specialized --block 128 --out CAMERA-READY/h100/sweep_fixed/cases_diag_tier/poly_abcg_plus_deg_bw64_r28_cuda.csv
poly_abcg_plus_deg field=p64_goldilocks rounds=28 first_ms=93.0802 median_ms=94.3912 checksum=11411667201688
poly_abcg_plus_deg       field=p64_goldilocks               rounds=28 triton_ms=150.361 cuda_ms=94.3912 checksum_match=true speedup=1.592956
CAMERA-READY/h100/sweep_fixed/cases_diag_tier/poly_abcg_plus_deg_bw64_r28_joined.csv
ok: poly_abcg_plus_deg_bw64_r28
CAMERA-READY/h100/sweep_fixed/diag_tier.csv
$ /home/ubuntu/venvs/zkduel-table5/bin/python -u benchmarks/field_sweep/compare_triton_cuda.py --workloads poly_abcg_plus_deg --bit-widths 128 --rounds 14 --warmups 2 --repeats 10 --seed 1 --timing-mode whole-run --challenge-mode fixed --layout element --point-mode specialized --block 128 --python /home/ubuntu/venvs/zkduel-table5/bin/python --triton-script benchmarks/field_sweep/triton_sweep.py --cuda-binary build/field_sumcheck_cuda_fixed --skip-build --triton-out CAMERA-READY/h100/sweep_fixed/cases_diag_tier/poly_abcg_plus_deg_bw128_r14_triton.csv --cuda-out CAMERA-READY/h100/sweep_fixed/cases_diag_tier/poly_abcg_plus_deg_bw128_r14_cuda.csv --out CAMERA-READY/h100/sweep_fixed/cases_diag_tier/poly_abcg_plus_deg_bw128_r14_joined.csv
$ /home/ubuntu/venvs/zkduel-table5/bin/python -u benchmarks/field_sweep/triton_sweep.py --workloads poly_abcg_plus_deg --rounds 14 --bit-widths 128 --warmups 2 --repeats 10 --seed 1 --timing-mode whole-run --challenge-mode fixed --layout element --point-mode specialized --out CAMERA-READY/h100/sweep_fixed/cases_diag_tier/poly_abcg_plus_deg_bw128_r14_triton.csv
poly_abcg_plus_deg       field=p128_mersenne_2^127_minus_1  rounds=14 first_ms=590.791 median_ms=5.475 checksum=15844379958719
CAMERA-READY/h100/sweep_fixed/cases_diag_tier/poly_abcg_plus_deg_bw128_r14_triton.csv
$ build/field_sumcheck_cuda_fixed --workloads poly_abcg_plus_deg --rounds 14 --bit-widths 128 --warmups 2 --repeats 10 --seed 1 --timing-mode whole-run --challenge-mode fixed --layout element --point-mode specialized --block 128 --out CAMERA-READY/h100/sweep_fixed/cases_diag_tier/poly_abcg_plus_deg_bw128_r14_cuda.csv
poly_abcg_plus_deg field=p128_mersenne_2^127_minus_1 rounds=14 first_ms=2.25575 median_ms=1.83021 checksum=15844379958719
poly_abcg_plus_deg       field=p128_mersenne_2^127_minus_1  rounds=14 triton_ms=5.475 cuda_ms=1.83021 checksum_match=true speedup=2.991460
CAMERA-READY/h100/sweep_fixed/cases_diag_tier/poly_abcg_plus_deg_bw128_r14_joined.csv
ok: poly_abcg_plus_deg_bw128_r14
CAMERA-READY/h100/sweep_fixed/diag_tier.csv
$ /home/ubuntu/venvs/zkduel-table5/bin/python -u benchmarks/field_sweep/compare_triton_cuda.py --workloads poly_abcg_plus_deg --bit-widths 128 --rounds 16 --warmups 2 --repeats 10 --seed 1 --timing-mode whole-run --challenge-mode fixed --layout element --point-mode specialized --block 128 --python /home/ubuntu/venvs/zkduel-table5/bin/python --triton-script benchmarks/field_sweep/triton_sweep.py --cuda-binary build/field_sumcheck_cuda_fixed --skip-build --triton-out CAMERA-READY/h100/sweep_fixed/cases_diag_tier/poly_abcg_plus_deg_bw128_r16_triton.csv --cuda-out CAMERA-READY/h100/sweep_fixed/cases_diag_tier/poly_abcg_plus_deg_bw128_r16_cuda.csv --out CAMERA-READY/h100/sweep_fixed/cases_diag_tier/poly_abcg_plus_deg_bw128_r16_joined.csv
$ /home/ubuntu/venvs/zkduel-table5/bin/python -u benchmarks/field_sweep/triton_sweep.py --workloads poly_abcg_plus_deg --rounds 16 --bit-widths 128 --warmups 2 --repeats 10 --seed 1 --timing-mode whole-run --challenge-mode fixed --layout element --point-mode specialized --out CAMERA-READY/h100/sweep_fixed/cases_diag_tier/poly_abcg_plus_deg_bw128_r16_triton.csv
poly_abcg_plus_deg       field=p128_mersenne_2^127_minus_1  rounds=16 first_ms=66.055 median_ms=7.280 checksum=18104604009375
CAMERA-READY/h100/sweep_fixed/cases_diag_tier/poly_abcg_plus_deg_bw128_r16_triton.csv
$ build/field_sumcheck_cuda_fixed --workloads poly_abcg_plus_deg --rounds 16 --bit-widths 128 --warmups 2 --repeats 10 --seed 1 --timing-mode whole-run --challenge-mode fixed --layout element --point-mode specialized --block 128 --out CAMERA-READY/h100/sweep_fixed/cases_diag_tier/poly_abcg_plus_deg_bw128_r16_cuda.csv
poly_abcg_plus_deg field=p128_mersenne_2^127_minus_1 rounds=16 first_ms=2.64341 median_ms=2.2809 checksum=18104604009375
poly_abcg_plus_deg       field=p128_mersenne_2^127_minus_1  rounds=16 triton_ms=7.280 cuda_ms=2.2809 checksum_match=true speedup=3.191723
CAMERA-READY/h100/sweep_fixed/cases_diag_tier/poly_abcg_plus_deg_bw128_r16_joined.csv
ok: poly_abcg_plus_deg_bw128_r16
CAMERA-READY/h100/sweep_fixed/diag_tier.csv
$ /home/ubuntu/venvs/zkduel-table5/bin/python -u benchmarks/field_sweep/compare_triton_cuda.py --workloads poly_abcg_plus_deg --bit-widths 128 --rounds 18 --warmups 2 --repeats 10 --seed 1 --timing-mode whole-run --challenge-mode fixed --layout element --point-mode specialized --block 128 --python /home/ubuntu/venvs/zkduel-table5/bin/python --triton-script benchmarks/field_sweep/triton_sweep.py --cuda-binary build/field_sumcheck_cuda_fixed --skip-build --triton-out CAMERA-READY/h100/sweep_fixed/cases_diag_tier/poly_abcg_plus_deg_bw128_r18_triton.csv --cuda-out CAMERA-READY/h100/sweep_fixed/cases_diag_tier/poly_abcg_plus_deg_bw128_r18_cuda.csv --out CAMERA-READY/h100/sweep_fixed/cases_diag_tier/poly_abcg_plus_deg_bw128_r18_joined.csv
$ /home/ubuntu/venvs/zkduel-table5/bin/python -u benchmarks/field_sweep/triton_sweep.py --workloads poly_abcg_plus_deg --rounds 18 --bit-widths 128 --warmups 2 --repeats 10 --seed 1 --timing-mode whole-run --challenge-mode fixed --layout element --point-mode specialized --out CAMERA-READY/h100/sweep_fixed/cases_diag_tier/poly_abcg_plus_deg_bw128_r18_triton.csv
poly_abcg_plus_deg       field=p128_mersenne_2^127_minus_1  rounds=18 first_ms=68.320 median_ms=9.576 checksum=19461377415064
CAMERA-READY/h100/sweep_fixed/cases_diag_tier/poly_abcg_plus_deg_bw128_r18_triton.csv
$ build/field_sumcheck_cuda_fixed --workloads poly_abcg_plus_deg --rounds 18 --bit-widths 128 --warmups 2 --repeats 10 --seed 1 --timing-mode whole-run --challenge-mode fixed --layout element --point-mode specialized --block 128 --out CAMERA-READY/h100/sweep_fixed/cases_diag_tier/poly_abcg_plus_deg_bw128_r18_cuda.csv
poly_abcg_plus_deg field=p128_mersenne_2^127_minus_1 rounds=18 first_ms=3.21012 median_ms=2.85261 checksum=19461377415064
poly_abcg_plus_deg       field=p128_mersenne_2^127_minus_1  rounds=18 triton_ms=9.576 cuda_ms=2.85261 checksum_match=true speedup=3.356926
CAMERA-READY/h100/sweep_fixed/cases_diag_tier/poly_abcg_plus_deg_bw128_r18_joined.csv
ok: poly_abcg_plus_deg_bw128_r18
CAMERA-READY/h100/sweep_fixed/diag_tier.csv
$ /home/ubuntu/venvs/zkduel-table5/bin/python -u benchmarks/field_sweep/compare_triton_cuda.py --workloads poly_abcg_plus_deg --bit-widths 128 --rounds 20 --warmups 2 --repeats 10 --seed 1 --timing-mode whole-run --challenge-mode fixed --layout element --point-mode specialized --block 128 --python /home/ubuntu/venvs/zkduel-table5/bin/python --triton-script benchmarks/field_sweep/triton_sweep.py --cuda-binary build/field_sumcheck_cuda_fixed --skip-build --triton-out CAMERA-READY/h100/sweep_fixed/cases_diag_tier/poly_abcg_plus_deg_bw128_r20_triton.csv --cuda-out CAMERA-READY/h100/sweep_fixed/cases_diag_tier/poly_abcg_plus_deg_bw128_r20_cuda.csv --out CAMERA-READY/h100/sweep_fixed/cases_diag_tier/poly_abcg_plus_deg_bw128_r20_joined.csv
$ /home/ubuntu/venvs/zkduel-table5/bin/python -u benchmarks/field_sweep/triton_sweep.py --workloads poly_abcg_plus_deg --rounds 20 --bit-widths 128 --warmups 2 --repeats 10 --seed 1 --timing-mode whole-run --challenge-mode fixed --layout element --point-mode specialized --out CAMERA-READY/h100/sweep_fixed/cases_diag_tier/poly_abcg_plus_deg_bw128_r20_triton.csv
poly_abcg_plus_deg       field=p128_mersenne_2^127_minus_1  rounds=20 first_ms=70.959 median_ms=12.380 checksum=22109765432638
CAMERA-READY/h100/sweep_fixed/cases_diag_tier/poly_abcg_plus_deg_bw128_r20_triton.csv
$ build/field_sumcheck_cuda_fixed --workloads poly_abcg_plus_deg --rounds 20 --bit-widths 128 --warmups 2 --repeats 10 --seed 1 --timing-mode whole-run --challenge-mode fixed --layout element --point-mode specialized --block 128 --out CAMERA-READY/h100/sweep_fixed/cases_diag_tier/poly_abcg_plus_deg_bw128_r20_cuda.csv
poly_abcg_plus_deg field=p128_mersenne_2^127_minus_1 rounds=20 first_ms=4.03419 median_ms=3.71049 checksum=22109765432638
poly_abcg_plus_deg       field=p128_mersenne_2^127_minus_1  rounds=20 triton_ms=12.380 cuda_ms=3.71049 checksum_match=true speedup=3.336487
CAMERA-READY/h100/sweep_fixed/cases_diag_tier/poly_abcg_plus_deg_bw128_r20_joined.csv
ok: poly_abcg_plus_deg_bw128_r20
CAMERA-READY/h100/sweep_fixed/diag_tier.csv
$ /home/ubuntu/venvs/zkduel-table5/bin/python -u benchmarks/field_sweep/compare_triton_cuda.py --workloads poly_abcg_plus_deg --bit-widths 128 --rounds 22 --warmups 2 --repeats 10 --seed 1 --timing-mode whole-run --challenge-mode fixed --layout element --point-mode specialized --block 128 --python /home/ubuntu/venvs/zkduel-table5/bin/python --triton-script benchmarks/field_sweep/triton_sweep.py --cuda-binary build/field_sumcheck_cuda_fixed --skip-build --triton-out CAMERA-READY/h100/sweep_fixed/cases_diag_tier/poly_abcg_plus_deg_bw128_r22_triton.csv --cuda-out CAMERA-READY/h100/sweep_fixed/cases_diag_tier/poly_abcg_plus_deg_bw128_r22_cuda.csv --out CAMERA-READY/h100/sweep_fixed/cases_diag_tier/poly_abcg_plus_deg_bw128_r22_joined.csv
$ /home/ubuntu/venvs/zkduel-table5/bin/python -u benchmarks/field_sweep/triton_sweep.py --workloads poly_abcg_plus_deg --rounds 22 --bit-widths 128 --warmups 2 --repeats 10 --seed 1 --timing-mode whole-run --challenge-mode fixed --layout element --point-mode specialized --out CAMERA-READY/h100/sweep_fixed/cases_diag_tier/poly_abcg_plus_deg_bw128_r22_triton.csv
poly_abcg_plus_deg       field=p128_mersenne_2^127_minus_1  rounds=22 first_ms=74.430 median_ms=15.754 checksum=25717289176059
CAMERA-READY/h100/sweep_fixed/cases_diag_tier/poly_abcg_plus_deg_bw128_r22_triton.csv
$ build/field_sumcheck_cuda_fixed --workloads poly_abcg_plus_deg --rounds 22 --bit-widths 128 --warmups 2 --repeats 10 --seed 1 --timing-mode whole-run --challenge-mode fixed --layout element --point-mode specialized --block 128 --out CAMERA-READY/h100/sweep_fixed/cases_diag_tier/poly_abcg_plus_deg_bw128_r22_cuda.csv
poly_abcg_plus_deg field=p128_mersenne_2^127_minus_1 rounds=22 first_ms=6.65192 median_ms=6.40636 checksum=25717289176059
poly_abcg_plus_deg       field=p128_mersenne_2^127_minus_1  rounds=22 triton_ms=15.754 cuda_ms=6.40636 checksum_match=true speedup=2.459119
CAMERA-READY/h100/sweep_fixed/cases_diag_tier/poly_abcg_plus_deg_bw128_r22_joined.csv
ok: poly_abcg_plus_deg_bw128_r22
CAMERA-READY/h100/sweep_fixed/diag_tier.csv
$ /home/ubuntu/venvs/zkduel-table5/bin/python -u benchmarks/field_sweep/compare_triton_cuda.py --workloads poly_abcg_plus_deg --bit-widths 128 --rounds 24 --warmups 2 --repeats 10 --seed 1 --timing-mode whole-run --challenge-mode fixed --layout element --point-mode specialized --block 128 --python /home/ubuntu/venvs/zkduel-table5/bin/python --triton-script benchmarks/field_sweep/triton_sweep.py --cuda-binary build/field_sumcheck_cuda_fixed --skip-build --triton-out CAMERA-READY/h100/sweep_fixed/cases_diag_tier/poly_abcg_plus_deg_bw128_r24_triton.csv --cuda-out CAMERA-READY/h100/sweep_fixed/cases_diag_tier/poly_abcg_plus_deg_bw128_r24_cuda.csv --out CAMERA-READY/h100/sweep_fixed/cases_diag_tier/poly_abcg_plus_deg_bw128_r24_joined.csv
$ /home/ubuntu/venvs/zkduel-table5/bin/python -u benchmarks/field_sweep/triton_sweep.py --workloads poly_abcg_plus_deg --rounds 24 --bit-widths 128 --warmups 2 --repeats 10 --seed 1 --timing-mode whole-run --challenge-mode fixed --layout element --point-mode specialized --out CAMERA-READY/h100/sweep_fixed/cases_diag_tier/poly_abcg_plus_deg_bw128_r24_triton.csv
poly_abcg_plus_deg       field=p128_mersenne_2^127_minus_1  rounds=24 first_ms=86.962 median_ms=28.649 checksum=25575608459154
CAMERA-READY/h100/sweep_fixed/cases_diag_tier/poly_abcg_plus_deg_bw128_r24_triton.csv
$ build/field_sumcheck_cuda_fixed --workloads poly_abcg_plus_deg --rounds 24 --bit-widths 128 --warmups 2 --repeats 10 --seed 1 --timing-mode whole-run --challenge-mode fixed --layout element --point-mode specialized --block 128 --out CAMERA-READY/h100/sweep_fixed/cases_diag_tier/poly_abcg_plus_deg_bw128_r24_cuda.csv
poly_abcg_plus_deg field=p128_mersenne_2^127_minus_1 rounds=24 first_ms=15.9711 median_ms=15.6218 checksum=25575608459154
poly_abcg_plus_deg       field=p128_mersenne_2^127_minus_1  rounds=24 triton_ms=28.649 cuda_ms=15.6218 checksum_match=true speedup=1.833912
CAMERA-READY/h100/sweep_fixed/cases_diag_tier/poly_abcg_plus_deg_bw128_r24_joined.csv
ok: poly_abcg_plus_deg_bw128_r24
CAMERA-READY/h100/sweep_fixed/diag_tier.csv
$ /home/ubuntu/venvs/zkduel-table5/bin/python -u benchmarks/field_sweep/compare_triton_cuda.py --workloads poly_abcg_plus_deg --bit-widths 128 --rounds 26 --warmups 2 --repeats 10 --seed 1 --timing-mode whole-run --challenge-mode fixed --layout element --point-mode specialized --block 128 --python /home/ubuntu/venvs/zkduel-table5/bin/python --triton-script benchmarks/field_sweep/triton_sweep.py --cuda-binary build/field_sumcheck_cuda_fixed --skip-build --triton-out CAMERA-READY/h100/sweep_fixed/cases_diag_tier/poly_abcg_plus_deg_bw128_r26_triton.csv --cuda-out CAMERA-READY/h100/sweep_fixed/cases_diag_tier/poly_abcg_plus_deg_bw128_r26_cuda.csv --out CAMERA-READY/h100/sweep_fixed/cases_diag_tier/poly_abcg_plus_deg_bw128_r26_joined.csv
$ /home/ubuntu/venvs/zkduel-table5/bin/python -u benchmarks/field_sweep/triton_sweep.py --workloads poly_abcg_plus_deg --rounds 26 --bit-widths 128 --warmups 2 --repeats 10 --seed 1 --timing-mode whole-run --challenge-mode fixed --layout element --point-mode specialized --out CAMERA-READY/h100/sweep_fixed/cases_diag_tier/poly_abcg_plus_deg_bw128_r26_triton.csv
poly_abcg_plus_deg       field=p128_mersenne_2^127_minus_1  rounds=26 first_ms=132.193 median_ms=75.496 checksum=28999249830473
CAMERA-READY/h100/sweep_fixed/cases_diag_tier/poly_abcg_plus_deg_bw128_r26_triton.csv
$ build/field_sumcheck_cuda_fixed --workloads poly_abcg_plus_deg --rounds 26 --bit-widths 128 --warmups 2 --repeats 10 --seed 1 --timing-mode whole-run --challenge-mode fixed --layout element --point-mode specialized --block 128 --out CAMERA-READY/h100/sweep_fixed/cases_diag_tier/poly_abcg_plus_deg_bw128_r26_cuda.csv
poly_abcg_plus_deg field=p128_mersenne_2^127_minus_1 rounds=26 first_ms=49.2811 median_ms=48.8735 checksum=28999249830473
poly_abcg_plus_deg       field=p128_mersenne_2^127_minus_1  rounds=26 triton_ms=75.496 cuda_ms=48.8735 checksum_match=true speedup=1.544723
CAMERA-READY/h100/sweep_fixed/cases_diag_tier/poly_abcg_plus_deg_bw128_r26_joined.csv
ok: poly_abcg_plus_deg_bw128_r26
CAMERA-READY/h100/sweep_fixed/diag_tier.csv
$ /home/ubuntu/venvs/zkduel-table5/bin/python -u benchmarks/field_sweep/compare_triton_cuda.py --workloads poly_abcg_plus_deg --bit-widths 128 --rounds 28 --warmups 2 --repeats 10 --seed 1 --timing-mode whole-run --challenge-mode fixed --layout element --point-mode specialized --block 128 --python /home/ubuntu/venvs/zkduel-table5/bin/python --triton-script benchmarks/field_sweep/triton_sweep.py --cuda-binary build/field_sumcheck_cuda_fixed --skip-build --triton-out CAMERA-READY/h100/sweep_fixed/cases_diag_tier/poly_abcg_plus_deg_bw128_r28_triton.csv --cuda-out CAMERA-READY/h100/sweep_fixed/cases_diag_tier/poly_abcg_plus_deg_bw128_r28_cuda.csv --out CAMERA-READY/h100/sweep_fixed/cases_diag_tier/poly_abcg_plus_deg_bw128_r28_joined.csv
$ /home/ubuntu/venvs/zkduel-table5/bin/python -u benchmarks/field_sweep/triton_sweep.py --workloads poly_abcg_plus_deg --rounds 28 --bit-widths 128 --warmups 2 --repeats 10 --seed 1 --timing-mode whole-run --challenge-mode fixed --layout element --point-mode specialized --out CAMERA-READY/h100/sweep_fixed/cases_diag_tier/poly_abcg_plus_deg_bw128_r28_triton.csv
poly_abcg_plus_deg       field=p128_mersenne_2^127_minus_1  rounds=28 first_ms=316.673 median_ms=262.120 checksum=32059214445882
CAMERA-READY/h100/sweep_fixed/cases_diag_tier/poly_abcg_plus_deg_bw128_r28_triton.csv
$ build/field_sumcheck_cuda_fixed --workloads poly_abcg_plus_deg --rounds 28 --bit-widths 128 --warmups 2 --repeats 10 --seed 1 --timing-mode whole-run --challenge-mode fixed --layout element --point-mode specialized --block 128 --out CAMERA-READY/h100/sweep_fixed/cases_diag_tier/poly_abcg_plus_deg_bw128_r28_cuda.csv
poly_abcg_plus_deg field=p128_mersenne_2^127_minus_1 rounds=28 first_ms=181.16 median_ms=183.934 checksum=32059214445882
poly_abcg_plus_deg       field=p128_mersenne_2^127_minus_1  rounds=28 triton_ms=262.120 cuda_ms=183.934 checksum_match=true speedup=1.425076
CAMERA-READY/h100/sweep_fixed/cases_diag_tier/poly_abcg_plus_deg_bw128_r28_joined.csv
ok: poly_abcg_plus_deg_bw128_r28
CAMERA-READY/h100/sweep_fixed/diag_tier.csv
$ /home/ubuntu/venvs/zkduel-table5/bin/python -u benchmarks/field_sweep/compare_triton_cuda.py --workloads poly_abcg_plus_deg --bit-widths 256 --rounds 14 --warmups 2 --repeats 10 --seed 1 --timing-mode whole-run --challenge-mode fixed --layout element --point-mode specialized --block 128 --python /home/ubuntu/venvs/zkduel-table5/bin/python --triton-script benchmarks/field_sweep/triton_sweep.py --cuda-binary build/field_sumcheck_cuda_fixed --skip-build --triton-out CAMERA-READY/h100/sweep_fixed/cases_diag_tier/poly_abcg_plus_deg_bw256_r14_triton.csv --cuda-out CAMERA-READY/h100/sweep_fixed/cases_diag_tier/poly_abcg_plus_deg_bw256_r14_cuda.csv --out CAMERA-READY/h100/sweep_fixed/cases_diag_tier/poly_abcg_plus_deg_bw256_r14_joined.csv
$ /home/ubuntu/venvs/zkduel-table5/bin/python -u benchmarks/field_sweep/triton_sweep.py --workloads poly_abcg_plus_deg --rounds 14 --bit-widths 256 --warmups 2 --repeats 10 --seed 1 --timing-mode whole-run --challenge-mode fixed --layout element --point-mode specialized --out CAMERA-READY/h100/sweep_fixed/cases_diag_tier/poly_abcg_plus_deg_bw256_r14_triton.csv
poly_abcg_plus_deg       field=p255_bls12_381_scalar        rounds=14 first_ms=2148.548 median_ms=7.530 checksum=62501546030027
CAMERA-READY/h100/sweep_fixed/cases_diag_tier/poly_abcg_plus_deg_bw256_r14_triton.csv
$ build/field_sumcheck_cuda_fixed --workloads poly_abcg_plus_deg --rounds 14 --bit-widths 256 --warmups 2 --repeats 10 --seed 1 --timing-mode whole-run --challenge-mode fixed --layout element --point-mode specialized --block 128 --out CAMERA-READY/h100/sweep_fixed/cases_diag_tier/poly_abcg_plus_deg_bw256_r14_cuda.csv
poly_abcg_plus_deg field=p255_bls12_381_scalar rounds=14 first_ms=3.40412 median_ms=2.32092 checksum=62501546030027
poly_abcg_plus_deg       field=p255_bls12_381_scalar        rounds=14 triton_ms=7.530 cuda_ms=2.32092 checksum_match=true speedup=3.244403
CAMERA-READY/h100/sweep_fixed/cases_diag_tier/poly_abcg_plus_deg_bw256_r14_joined.csv
ok: poly_abcg_plus_deg_bw256_r14
CAMERA-READY/h100/sweep_fixed/diag_tier.csv
$ /home/ubuntu/venvs/zkduel-table5/bin/python -u benchmarks/field_sweep/compare_triton_cuda.py --workloads poly_abcg_plus_deg --bit-widths 256 --rounds 16 --warmups 2 --repeats 10 --seed 1 --timing-mode whole-run --challenge-mode fixed --layout element --point-mode specialized --block 128 --python /home/ubuntu/venvs/zkduel-table5/bin/python --triton-script benchmarks/field_sweep/triton_sweep.py --cuda-binary build/field_sumcheck_cuda_fixed --skip-build --triton-out CAMERA-READY/h100/sweep_fixed/cases_diag_tier/poly_abcg_plus_deg_bw256_r16_triton.csv --cuda-out CAMERA-READY/h100/sweep_fixed/cases_diag_tier/poly_abcg_plus_deg_bw256_r16_cuda.csv --out CAMERA-READY/h100/sweep_fixed/cases_diag_tier/poly_abcg_plus_deg_bw256_r16_joined.csv
$ /home/ubuntu/venvs/zkduel-table5/bin/python -u benchmarks/field_sweep/triton_sweep.py --workloads poly_abcg_plus_deg --rounds 16 --bit-widths 256 --warmups 2 --repeats 10 --seed 1 --timing-mode whole-run --challenge-mode fixed --layout element --point-mode specialized --out CAMERA-READY/h100/sweep_fixed/cases_diag_tier/poly_abcg_plus_deg_bw256_r16_triton.csv
poly_abcg_plus_deg       field=p255_bls12_381_scalar        rounds=16 first_ms=78.812 median_ms=7.732 checksum=72781531959799
CAMERA-READY/h100/sweep_fixed/cases_diag_tier/poly_abcg_plus_deg_bw256_r16_triton.csv
$ build/field_sumcheck_cuda_fixed --workloads poly_abcg_plus_deg --rounds 16 --bit-widths 256 --warmups 2 --repeats 10 --seed 1 --timing-mode whole-run --challenge-mode fixed --layout element --point-mode specialized --block 128 --out CAMERA-READY/h100/sweep_fixed/cases_diag_tier/poly_abcg_plus_deg_bw256_r16_cuda.csv
poly_abcg_plus_deg field=p255_bls12_381_scalar rounds=16 first_ms=3.87114 median_ms=2.91852 checksum=72781531959799
poly_abcg_plus_deg       field=p255_bls12_381_scalar        rounds=16 triton_ms=7.732 cuda_ms=2.91852 checksum_match=true speedup=2.649288
CAMERA-READY/h100/sweep_fixed/cases_diag_tier/poly_abcg_plus_deg_bw256_r16_joined.csv
ok: poly_abcg_plus_deg_bw256_r16
CAMERA-READY/h100/sweep_fixed/diag_tier.csv
$ /home/ubuntu/venvs/zkduel-table5/bin/python -u benchmarks/field_sweep/compare_triton_cuda.py --workloads poly_abcg_plus_deg --bit-widths 256 --rounds 18 --warmups 2 --repeats 10 --seed 1 --timing-mode whole-run --challenge-mode fixed --layout element --point-mode specialized --block 128 --python /home/ubuntu/venvs/zkduel-table5/bin/python --triton-script benchmarks/field_sweep/triton_sweep.py --cuda-binary build/field_sumcheck_cuda_fixed --skip-build --triton-out CAMERA-READY/h100/sweep_fixed/cases_diag_tier/poly_abcg_plus_deg_bw256_r18_triton.csv --cuda-out CAMERA-READY/h100/sweep_fixed/cases_diag_tier/poly_abcg_plus_deg_bw256_r18_cuda.csv --out CAMERA-READY/h100/sweep_fixed/cases_diag_tier/poly_abcg_plus_deg_bw256_r18_joined.csv
$ /home/ubuntu/venvs/zkduel-table5/bin/python -u benchmarks/field_sweep/triton_sweep.py --workloads poly_abcg_plus_deg --rounds 18 --bit-widths 256 --warmups 2 --repeats 10 --seed 1 --timing-mode whole-run --challenge-mode fixed --layout element --point-mode specialized --out CAMERA-READY/h100/sweep_fixed/cases_diag_tier/poly_abcg_plus_deg_bw256_r18_triton.csv
poly_abcg_plus_deg       field=p255_bls12_381_scalar        rounds=18 first_ms=80.785 median_ms=9.770 checksum=77191651681430
CAMERA-READY/h100/sweep_fixed/cases_diag_tier/poly_abcg_plus_deg_bw256_r18_triton.csv
$ build/field_sumcheck_cuda_fixed --workloads poly_abcg_plus_deg --rounds 18 --bit-widths 256 --warmups 2 --repeats 10 --seed 1 --timing-mode whole-run --challenge-mode fixed --layout element --point-mode specialized --block 128 --out CAMERA-READY/h100/sweep_fixed/cases_diag_tier/poly_abcg_plus_deg_bw256_r18_cuda.csv
poly_abcg_plus_deg field=p255_bls12_381_scalar rounds=18 first_ms=4.87688 median_ms=3.975 checksum=77191651681430
poly_abcg_plus_deg       field=p255_bls12_381_scalar        rounds=18 triton_ms=9.770 cuda_ms=3.975 checksum_match=true speedup=2.457862
CAMERA-READY/h100/sweep_fixed/cases_diag_tier/poly_abcg_plus_deg_bw256_r18_joined.csv
ok: poly_abcg_plus_deg_bw256_r18
CAMERA-READY/h100/sweep_fixed/diag_tier.csv
$ /home/ubuntu/venvs/zkduel-table5/bin/python -u benchmarks/field_sweep/compare_triton_cuda.py --workloads poly_abcg_plus_deg --bit-widths 256 --rounds 20 --warmups 2 --repeats 10 --seed 1 --timing-mode whole-run --challenge-mode fixed --layout element --point-mode specialized --block 128 --python /home/ubuntu/venvs/zkduel-table5/bin/python --triton-script benchmarks/field_sweep/triton_sweep.py --cuda-binary build/field_sumcheck_cuda_fixed --skip-build --triton-out CAMERA-READY/h100/sweep_fixed/cases_diag_tier/poly_abcg_plus_deg_bw256_r20_triton.csv --cuda-out CAMERA-READY/h100/sweep_fixed/cases_diag_tier/poly_abcg_plus_deg_bw256_r20_cuda.csv --out CAMERA-READY/h100/sweep_fixed/cases_diag_tier/poly_abcg_plus_deg_bw256_r20_joined.csv
$ /home/ubuntu/venvs/zkduel-table5/bin/python -u benchmarks/field_sweep/triton_sweep.py --workloads poly_abcg_plus_deg --rounds 20 --bit-widths 256 --warmups 2 --repeats 10 --seed 1 --timing-mode whole-run --challenge-mode fixed --layout element --point-mode specialized --out CAMERA-READY/h100/sweep_fixed/cases_diag_tier/poly_abcg_plus_deg_bw256_r20_triton.csv
poly_abcg_plus_deg       field=p255_bls12_381_scalar        rounds=20 first_ms=82.926 median_ms=12.980 checksum=89392746512329
CAMERA-READY/h100/sweep_fixed/cases_diag_tier/poly_abcg_plus_deg_bw256_r20_triton.csv
$ build/field_sumcheck_cuda_fixed --workloads poly_abcg_plus_deg --rounds 20 --bit-widths 256 --warmups 2 --repeats 10 --seed 1 --timing-mode whole-run --challenge-mode fixed --layout element --point-mode specialized --block 128 --out CAMERA-READY/h100/sweep_fixed/cases_diag_tier/poly_abcg_plus_deg_bw256_r20_cuda.csv
poly_abcg_plus_deg field=p255_bls12_381_scalar rounds=20 first_ms=7.32272 median_ms=6.35888 checksum=89392746512329
poly_abcg_plus_deg       field=p255_bls12_381_scalar        rounds=20 triton_ms=12.980 cuda_ms=6.35888 checksum_match=true speedup=2.041240
CAMERA-READY/h100/sweep_fixed/cases_diag_tier/poly_abcg_plus_deg_bw256_r20_joined.csv
ok: poly_abcg_plus_deg_bw256_r20
CAMERA-READY/h100/sweep_fixed/diag_tier.csv
$ /home/ubuntu/venvs/zkduel-table5/bin/python -u benchmarks/field_sweep/compare_triton_cuda.py --workloads poly_abcg_plus_deg --bit-widths 256 --rounds 22 --warmups 2 --repeats 10 --seed 1 --timing-mode whole-run --challenge-mode fixed --layout element --point-mode specialized --block 128 --python /home/ubuntu/venvs/zkduel-table5/bin/python --triton-script benchmarks/field_sweep/triton_sweep.py --cuda-binary build/field_sumcheck_cuda_fixed --skip-build --triton-out CAMERA-READY/h100/sweep_fixed/cases_diag_tier/poly_abcg_plus_deg_bw256_r22_triton.csv --cuda-out CAMERA-READY/h100/sweep_fixed/cases_diag_tier/poly_abcg_plus_deg_bw256_r22_cuda.csv --out CAMERA-READY/h100/sweep_fixed/cases_diag_tier/poly_abcg_plus_deg_bw256_r22_joined.csv
$ /home/ubuntu/venvs/zkduel-table5/bin/python -u benchmarks/field_sweep/triton_sweep.py --workloads poly_abcg_plus_deg --rounds 22 --bit-widths 256 --warmups 2 --repeats 10 --seed 1 --timing-mode whole-run --challenge-mode fixed --layout element --point-mode specialized --out CAMERA-READY/h100/sweep_fixed/cases_diag_tier/poly_abcg_plus_deg_bw256_r22_triton.csv
poly_abcg_plus_deg       field=p255_bls12_381_scalar        rounds=22 first_ms=91.762 median_ms=22.002 checksum=96600331452742
CAMERA-READY/h100/sweep_fixed/cases_diag_tier/poly_abcg_plus_deg_bw256_r22_triton.csv
$ build/field_sumcheck_cuda_fixed --workloads poly_abcg_plus_deg --rounds 22 --bit-widths 256 --warmups 2 --repeats 10 --seed 1 --timing-mode whole-run --challenge-mode fixed --layout element --point-mode specialized --block 128 --out CAMERA-READY/h100/sweep_fixed/cases_diag_tier/poly_abcg_plus_deg_bw256_r22_cuda.csv
poly_abcg_plus_deg field=p255_bls12_381_scalar rounds=22 first_ms=14.7121 median_ms=13.7016 checksum=96600331452742
poly_abcg_plus_deg       field=p255_bls12_381_scalar        rounds=22 triton_ms=22.002 cuda_ms=13.7016 checksum_match=true speedup=1.605798
CAMERA-READY/h100/sweep_fixed/cases_diag_tier/poly_abcg_plus_deg_bw256_r22_joined.csv
ok: poly_abcg_plus_deg_bw256_r22
CAMERA-READY/h100/sweep_fixed/diag_tier.csv
$ /home/ubuntu/venvs/zkduel-table5/bin/python -u benchmarks/field_sweep/compare_triton_cuda.py --workloads poly_abcg_plus_deg --bit-widths 256 --rounds 24 --warmups 2 --repeats 10 --seed 1 --timing-mode whole-run --challenge-mode fixed --layout element --point-mode specialized --block 128 --python /home/ubuntu/venvs/zkduel-table5/bin/python --triton-script benchmarks/field_sweep/triton_sweep.py --cuda-binary build/field_sumcheck_cuda_fixed --skip-build --triton-out CAMERA-READY/h100/sweep_fixed/cases_diag_tier/poly_abcg_plus_deg_bw256_r24_triton.csv --cuda-out CAMERA-READY/h100/sweep_fixed/cases_diag_tier/poly_abcg_plus_deg_bw256_r24_cuda.csv --out CAMERA-READY/h100/sweep_fixed/cases_diag_tier/poly_abcg_plus_deg_bw256_r24_joined.csv
$ /home/ubuntu/venvs/zkduel-table5/bin/python -u benchmarks/field_sweep/triton_sweep.py --workloads poly_abcg_plus_deg --rounds 24 --bit-widths 256 --warmups 2 --repeats 10 --seed 1 --timing-mode whole-run --challenge-mode fixed --layout element --point-mode specialized --out CAMERA-READY/h100/sweep_fixed/cases_diag_tier/poly_abcg_plus_deg_bw256_r24_triton.csv
poly_abcg_plus_deg       field=p255_bls12_381_scalar        rounds=24 first_ms=122.551 median_ms=54.896 checksum=103752952180696
CAMERA-READY/h100/sweep_fixed/cases_diag_tier/poly_abcg_plus_deg_bw256_r24_triton.csv
$ build/field_sumcheck_cuda_fixed --workloads poly_abcg_plus_deg --rounds 24 --bit-widths 256 --warmups 2 --repeats 10 --seed 1 --timing-mode whole-run --challenge-mode fixed --layout element --point-mode specialized --block 128 --out CAMERA-READY/h100/sweep_fixed/cases_diag_tier/poly_abcg_plus_deg_bw256_r24_cuda.csv
poly_abcg_plus_deg field=p255_bls12_381_scalar rounds=24 first_ms=41.8148 median_ms=41.0202 checksum=103752952180696
poly_abcg_plus_deg       field=p255_bls12_381_scalar        rounds=24 triton_ms=54.896 cuda_ms=41.0202 checksum_match=true speedup=1.338267
CAMERA-READY/h100/sweep_fixed/cases_diag_tier/poly_abcg_plus_deg_bw256_r24_joined.csv
ok: poly_abcg_plus_deg_bw256_r24
CAMERA-READY/h100/sweep_fixed/diag_tier.csv
$ /home/ubuntu/venvs/zkduel-table5/bin/python -u benchmarks/field_sweep/compare_triton_cuda.py --workloads poly_abcg_plus_deg --bit-widths 256 --rounds 26 --warmups 2 --repeats 10 --seed 1 --timing-mode whole-run --challenge-mode fixed --layout element --point-mode specialized --block 128 --python /home/ubuntu/venvs/zkduel-table5/bin/python --triton-script benchmarks/field_sweep/triton_sweep.py --cuda-binary build/field_sumcheck_cuda_fixed --skip-build --triton-out CAMERA-READY/h100/sweep_fixed/cases_diag_tier/poly_abcg_plus_deg_bw256_r26_triton.csv --cuda-out CAMERA-READY/h100/sweep_fixed/cases_diag_tier/poly_abcg_plus_deg_bw256_r26_cuda.csv --out CAMERA-READY/h100/sweep_fixed/cases_diag_tier/poly_abcg_plus_deg_bw256_r26_joined.csv
$ /home/ubuntu/venvs/zkduel-table5/bin/python -u benchmarks/field_sweep/triton_sweep.py --workloads poly_abcg_plus_deg --rounds 26 --bit-widths 256 --warmups 2 --repeats 10 --seed 1 --timing-mode whole-run --challenge-mode fixed --layout element --point-mode specialized --out CAMERA-READY/h100/sweep_fixed/cases_diag_tier/poly_abcg_plus_deg_bw256_r26_triton.csv
poly_abcg_plus_deg       field=p255_bls12_381_scalar        rounds=26 first_ms=252.296 median_ms=188.021 checksum=112415656567175
CAMERA-READY/h100/sweep_fixed/cases_diag_tier/poly_abcg_plus_deg_bw256_r26_triton.csv
$ build/field_sumcheck_cuda_fixed --workloads poly_abcg_plus_deg --rounds 26 --bit-widths 256 --warmups 2 --repeats 10 --seed 1 --timing-mode whole-run --challenge-mode fixed --layout element --point-mode specialized --block 128 --out CAMERA-READY/h100/sweep_fixed/cases_diag_tier/poly_abcg_plus_deg_bw256_r26_cuda.csv
poly_abcg_plus_deg field=p255_bls12_381_scalar rounds=26 first_ms=152.445 median_ms=155.426 checksum=112415656567175
poly_abcg_plus_deg       field=p255_bls12_381_scalar        rounds=26 triton_ms=188.021 cuda_ms=155.426 checksum_match=true speedup=1.209714
CAMERA-READY/h100/sweep_fixed/cases_diag_tier/poly_abcg_plus_deg_bw256_r26_joined.csv
ok: poly_abcg_plus_deg_bw256_r26
CAMERA-READY/h100/sweep_fixed/diag_tier.csv
$ /home/ubuntu/venvs/zkduel-table5/bin/python -u benchmarks/field_sweep/compare_triton_cuda.py --workloads poly_abcg_plus_deg --bit-widths 256 --rounds 28 --warmups 2 --repeats 10 --seed 1 --timing-mode whole-run --challenge-mode fixed --layout element --point-mode specialized --block 128 --python /home/ubuntu/venvs/zkduel-table5/bin/python --triton-script benchmarks/field_sweep/triton_sweep.py --cuda-binary build/field_sumcheck_cuda_fixed --skip-build --triton-out CAMERA-READY/h100/sweep_fixed/cases_diag_tier/poly_abcg_plus_deg_bw256_r28_triton.csv --cuda-out CAMERA-READY/h100/sweep_fixed/cases_diag_tier/poly_abcg_plus_deg_bw256_r28_cuda.csv --out CAMERA-READY/h100/sweep_fixed/cases_diag_tier/poly_abcg_plus_deg_bw256_r28_joined.csv
$ /home/ubuntu/venvs/zkduel-table5/bin/python -u benchmarks/field_sweep/triton_sweep.py --workloads poly_abcg_plus_deg --rounds 28 --bit-widths 256 --warmups 2 --repeats 10 --seed 1 --timing-mode whole-run --challenge-mode fixed --layout element --point-mode specialized --out CAMERA-READY/h100/sweep_fixed/cases_diag_tier/poly_abcg_plus_deg_bw256_r28_triton.csv
Traceback (most recent call last):
  File "/home/ubuntu/sumcheck-triton/benchmarks/field_sweep/triton_sweep.py", line 918, in <module>
    raise SystemExit(main())
                     ^^^^^^
  File "/home/ubuntu/sumcheck-triton/benchmarks/field_sweep/triton_sweep.py", line 892, in main
    row = _time_one(
          ^^^^^^^^^^
  File "/home/ubuntu/sumcheck-triton/benchmarks/field_sweep/triton_sweep.py", line 645, in _time_one
    scratch_a = torch.empty_like(tables)
                ^^^^^^^^^^^^^^^^^^^^^^^^
torch.OutOfMemoryError: CUDA out of memory. Tried to allocate 48.00 GiB. GPU 0 has a total capacity of 79.19 GiB of which 30.66 GiB is free. Including non-PyTorch memory, this process has 48.52 GiB memory in use. Of the allocated memory 48.00 GiB is allocated by PyTorch, and 0 bytes is reserved by PyTorch but unallocated. If reserved but unallocated memory is large try setting PYTORCH_CUDA_ALLOC_CONF=expandable_segments:True to avoid fragmentation.  See documentation for Memory Management  (https://docs.pytorch.org/docs/stable/notes/cuda.html#optimizing-memory-usage-with-pytorch-cuda-alloc-conf)
Traceback (most recent call last):
  File "/home/ubuntu/sumcheck-triton/benchmarks/field_sweep/compare_triton_cuda.py", line 252, in <module>
    raise SystemExit(main())
                     ^^^^^^
  File "/home/ubuntu/sumcheck-triton/benchmarks/field_sweep/compare_triton_cuda.py", line 78, in main
    run(
  File "/home/ubuntu/sumcheck-triton/benchmarks/field_sweep/compare_triton_cuda.py", line 22, in run
    subprocess.run(cmd, check=True)
  File "/home/ubuntu/.local/share/uv/python/cpython-3.12.14-linux-x86_64-gnu/lib/python3.12/subprocess.py", line 571, in run
    raise CalledProcessError(retcode, process.args,
subprocess.CalledProcessError: Command '['/home/ubuntu/venvs/zkduel-table5/bin/python', '-u', 'benchmarks/field_sweep/triton_sweep.py', '--workloads', 'poly_abcg_plus_deg', '--rounds', '28', '--bit-widths', '256', '--warmups', '2', '--repeats', '10', '--seed', '1', '--timing-mode', 'whole-run', '--challenge-mode', 'fixed', '--layout', 'element', '--point-mode', 'specialized', '--out', 'CAMERA-READY/h100/sweep_fixed/cases_diag_tier/poly_abcg_plus_deg_bw256_r28_triton.csv']' returned non-zero exit status 1.
skipped: poly_abcg_plus_deg_bw256_r28 returncode=1
CAMERA-READY/h100/sweep_fixed/diag_tier.csv
