#Date        Time         gpu    pwr  gtemp  mtemp     sm    mem    enc    dec    jpg    ofa   mclk   pclk     fb   bar1   ccpm  rxpci  txpci 
#YYYYMMDD    HH:MM:SS     Idx      W      C      C      %      %      %      %      %      %    MHz    MHz     MB     MB     MB   MB/s   MB/s 
 20260925    00:31:07       0     50     38     52      0      0      0      0      0      0   1593    345      0      1      0      0      0 
 20260925    00:31:17       0     83     39     53      0      0      0      0      0      0   1593   1755      0      1      0      0      0 
 20260925    00:31:27       0     83     39     53      0      0      0      0      0      0   1593   1755      0      1      0      0      0 
 20260925    00:31:37       0     90     39     53      0      0      0      0      0      0   1593   1755      0      1      0      0      0 
 20260925    00:31:47       0     85     40     54      0      0      0      0      0      0   1593   1755  12757      4      0      0      3 
 20260925    00:31:57       0     84     40     54      0      0      0      0      0      0   1593   1755    467      4      0      0      0 
 20260925    00:32:08       0     84     40     53      0      0      0      0      0      0   1593   1755    557      4      0      0      0 
 20260925    00:32:18       0     84     40     53      0      0      0      0      0      0   1593   1755   1997      4      0      0      0 
 20260925    00:32:28       0    324     47     61     90     57      0      0      0      0   1593   1755  34333      4      0     23     11 
 20260925    00:32:38       0     69     41     54      0      0      0      0      0      0   1593   1755    561      4      0      0      0 
 20260925    00:32:48       0     85     41     54     20      3      0      0      0      0   1593   1755    773      4      0      0      0 
 20260925    00:32:58       0    113     42     56      2      0      0      0      0      0   1593   1755   4191      4      0      0      0 
 20260925    00:33:08       0     83     42     57     26     26      0      0      0      0   1593   1755  58909      4      0      0      0 
 20260925    00:33:18       0     85     44     56      0      0      0      0      0      0   1593   1755    467      4      0      0      0 
 20260925    00:33:28       0     85     43     55      0      0      0      0      0      0   1593   1755    557      4      0      0      0 
 20260925    00:33:38       0     84     42     55      0      0      0      0      0      0   1593   1755   1997      4      0      0      0 
 20260925    00:33:48       0    342     49     61     95     52      0      0      0      0   1593   1740  27423      4      0     19      7 
 20260925    00:33:58       0     85     44     57      0      0      0      0      0      0   1593   1755    459      4      0     32      4 
 20260925    00:34:08       0     86     43     56      0      0      0      0      0      0   1593   1755      0      1      0      0      0 
 20260925    00:34:18       0     76     42     55      0      0      0      0      0      0   1593    510      0      1      0      0      4 
 20260925    00:34:28       0     85     43     55      0      0      0      0      0      0   1593   1755      0      1      0      0      0 
 20260925    00:34:38       0     85     43     56      0      0      0      0      0      0   1593   1755      0      1      0      0      0 
 20260925    00:34:48       0     87     43     56      0      0      0      0      0      0   1593   1755      0      1      0      0      0 
 20260925    00:34:58       0     86     42     56      0      0      0      0      0      0   1593   1755      0      1      0      0      0 
 20260925    00:35:08       0    139     43     57      1      0      0      0      0      0   1593   1755      0      1      0      0      0 
 20260925    00:35:18       0     84     43     57      0      0      0      0      0      0   1593   1755    543      4      0      4      0 
 20260925    00:35:29       0     85     43     55      0      0      0      0      0      0   1593   1755      2      2      0     20     25 
 20260925    00:35:39       0     90     42     56      0      0      0      0      0      0   1593   1755   1229      4      0      0      0 
 20260925    00:35:49       0    172     43     56      0      0      0      0      0      0   1593   1755      0      1      0     21    176 
 20260925    00:35:59       0    194     45     58    100      6      0      0      0      0   1593   1755      0      1      0      0      3 
 20260925    00:36:09       0     87     44     56      3      0      0      0      0      0   1593   1755    557      4      0      0      3 
 20260925    00:36:19       0     74     44     57      0      0      0      0      0      0   1593   1755   7261      4      0      0      0 
 20260925    00:36:29       0    196     46     59      0      0      0      0      0      0   1593   1755      0      1      0      0      0 
 20260925    00:36:39       0     66     44     57      3      0      0      0      0      0   1593   1755    543      4      0      0      3 
 20260925    00:36:49       0     79     44     57      0      0      0      0      0      0   1593   1755    601      4      0      0      8 
 20260925    00:36:59       0     91     44     56      0      0      0      0      0      0   1593   1755   1181      4      0      0      0 
 20260925    00:37:09       0     83     43     55      0      0      0      0      0      0   1593   1755  10781      4      0      0      5 
 20260925    00:37:19       0     62     43     55      2      0      0      0      0      0   1593   1755    543      4      0      0      0 
 20260925    00:37:29       0     68     42     55      0      0      0      0      0      0   1593   1755    597      4      0      0      0 
 20260925    00:37:39       0     75     42     56      0      0      0      0      0      0   1593   1755   1885      4      0      0      0 
 20260925    00:37:49       0     81     42     56      0      0      0      0      0      0   1593   1755  22045      4      0      0      0 
 20260925    00:37:59       0     62     42     56      3      0      0      0      0      0   1593   1755    561      4      0      0      0 
 20260925    00:38:09       0     76     42     56      0      0      0      0      0      0   1593   1755    677      4      0      0      0 
 20260925    00:38:19       0     86     43     56     13      6      0      0      0      0   1593   1755   2655      4      0     84     17 
#Date        Time         gpu    pwr  gtemp  mtemp     sm    mem    enc    dec    jpg    ofa   mclk   pclk     fb   bar1   ccpm  rxpci  txpci 
#YYYYMMDD    HH:MM:SS     Idx      W      C      C      %      %      %      %      %      %    MHz    MHz     MB     MB     MB   MB/s   MB/s 
 20260925    00:38:29       0     97     42     55     28     21      0      0      0      0   1593   1755  34333      4      0     45     11 
 20260925    00:38:39       0     76     42     56      0      0      0      0      0      0   1593    375      0      1      0      0      0 
 20260925    00:38:49       0     85     42     56      3      1      0      0      0      0   1593   1755    773      4      0      0      0 
 20260925    00:39:00       0     71     42     55      0      0      0      0      0      0   1593   1755   4189      4      0      6      9 
 20260925    00:39:10       0     86     43     55      0      0      0      0      0      0   1593   1755      0      1      0      0      0 
 20260925    00:39:20       0     86     44     56      9      0      0      0      0      0   1593   1755    459      4      0     73      0 
 20260925    00:39:30       0     86     44     56      0      0      0      0      0      0   1593   1755    593      4      0      0      0 
 20260925    00:39:40       0    106     43     57      0      0      0      0      0      0   1593   1755   1629      4      0      0      0 
 20260925    00:39:50       0     85     43     55      0      0      0      0      0      0   1593   1755  17949      4      0     14      5 
 20260925    00:40:00       0     86     44     57      0      0      0      0      0      0   1593   1755      0      1      0      0      0 
 20260925    00:40:10       0     64     42     55      0      0      0      0      0      0   1593    360      1      1      0     23     27 
 20260925    00:40:20       0     63     42     56      0      0      0      0      0      0   1593    450      1      1      0     29     15 
 20260925    00:40:30       0     86     43     55      0      0      0      0      0      0   1593   1755      0      1      0      0      0 
 20260925    00:40:40       0     85     44     56      0      0      0      0      0      0   1593   1755    463      4      0      0      0 
 20260925    00:40:50       0     85     43     55      0      0      0      0      0      0   1593   1755    459      4      0      0      3 
 20260925    00:41:00       0     91     43     56     24      8      0      0      0      0   1593   1755    459      4      0     79      0 
 20260925    00:41:10       0    108     43     56      3      0      0      0      0      0   1593   1755   9685      4      0      0      0 
 20260925    00:41:20       0    346     51     64     99     85      0      0      0      0   1593   1725  37357      4      0     39     17 
 20260925    00:41:30       0     85     45     56      0      0      0      0      0      0   1593   1755    461      4      0      0      0 
 20260925    00:41:40       0     91     44     57     56      8      0      0      0      0   1593   1755    461      4      0      8     72 
 20260925    00:41:51       0     87     44     56      0      0      0      0      0      0   1593   1755   5073      4      0      0      0 
 20260925    00:42:01       0    102     46     59      0      0      0      0      0      0   1593   1755      0      1      0      0      3 
 20260925    00:42:11       0    294     51     63      0      0      0      0      0      0   1593   1740  74335      4      0     12     37 
 20260925    00:42:21       0     91     52     63      0      0      0      0      0      0   1593   1755    541      4      0      6      0 
 20260925    00:42:31       0     77     50     61      0      0      0      0      0      0   1593   1755    561      4      0      0      0 
 20260925    00:42:41       0     81     48     60      0      0      0      0      0      0   1593   1755    813      4      0     80     18 
 20260925    00:42:51       0     82     47     59      0      0      0      0      0      0   1593   1755   4895      4      0      0      0 
 20260925    00:43:01       0    213     49     61      1      0      0      0      0      0   1593   1755      0      1      0      0      3 
 20260925    00:43:11       0     88     47     59      0      0      0      0      0      0   1593   1755      0      1      0      0      0 
 20260925    00:43:21       0     88     46     59      0      0      0      0      0      0   1593   1755      0      1      0      0      0 
 20260925    00:43:31       0     88     45     57      0      0      0      0      0      0   1593   1755      0      1      0      0      0 
 20260925    00:43:41       0    187     47     59      0      0      0      0      0      0   1593   1755      1      1      0     26     21 
 20260925    00:43:51       0     79     46     59      0      0      0      0      0      0   1593   1755    563      4      0     77     13 
 20260925    00:44:01       0     87     45     57      2      0      0      0      0      0   1593   1755    727      4      0      0      0 
 20260925    00:44:11       0    134     47     59     63     23      0      0      0      0   1593   1755   3425      4      0      0      0 
 20260925    00:44:21       0     87     45     57      0      0      0      0      0      0   1593   1755      0      1      0      0      0 
 20260925    00:44:31       0     89     48     60      0      0      0      0      0      0   1593   1755      0      1      0      0      0 
 20260925    00:44:41       0     88     47     59      0      0      0      0      0      0   1593   1755      0      1      0      0      3 
 20260925    00:44:51       0     89     46     58      0      0      0      0      0      0   1593   1755      0      1      0      0      0 
 20260925    00:45:01       0    140     51     61     95     31      0      0      0      0   1593   1755   5075      4      0     74      7 
 20260925    00:45:12       0    275     50     62    100      6      0      0      0      0   1593   1755    461      4      0      2     81 
 20260925    00:45:22       0    324     57     65    100     26      0      0      0      0   1593   1740  74335      4      0     11      8 
 20260925    00:45:32       0    337     61     69    100     38      0      0      0      0   1593   1740  74255      4      0     13      5 
 20260925    00:45:42       0     70     54     64      0      0      0      0      0      0   1593   1755    543      4      0      0      3 
#Date        Time         gpu    pwr  gtemp  mtemp     sm    mem    enc    dec    jpg    ofa   mclk   pclk     fb   bar1   ccpm  rxpci  txpci 
#YYYYMMDD    HH:MM:SS     Idx      W      C      C      %      %      %      %      %      %    MHz    MHz     MB     MB     MB   MB/s   MB/s 
 20260925    00:45:52       0     77     52     63      0      0      0      0      0      0   1593   1755    593      4      0      0      0 
 20260925    00:46:02       0     73     50     62      2      2      0      0      0      0   1593   1755   1629      4      0      0      3 
 20260925    00:46:12       0     79     49     61      0      0      0      0      0      0   1593    405      0      1      0      0      0 
 20260925    00:46:22       0     90     49     60      0      0      0      0      0      0   1593   1755      0      1      0      0      0 
 20260925    00:46:32       0     89     48     60      0      0      0      0      0      0   1593   1755    653      4      0     38      3 
 20260925    00:46:42       0    116     47     60      0      0      0      0      0      0   1593   1755   2269      4      0      0      0 
 20260925    00:46:52       0    244     53     63     94     35      0      0      0      0   1593   1755  28189      4      0     22      8 
 20260925    00:47:02       0     63     47     60      0      0      0      0      0      0   1593    375      1      1      0     21     27 
 20260925    00:47:12       0     61     46     59      0      0      0      0      0      0   1593    405      1      1      0     78     16 
 20260925    00:47:22       0     88     46     58      0      0      0      0      0      0   1593   1755   3423      4      0      0      0 
 20260925    00:47:32       0     88     46     59      0      0      0      0      0      0   1593   1755      0      1      0      0      0 
 20260925    00:47:42       0     93     49     61      0      0      0      0      0      0   1593   1755      0      1      0      0      3 
 20260925    00:47:52       0     87     47     60      0      0      0      0      0      0   1593    645      0      1      0      0      0 
 20260925    00:48:03       0     88     46     58      0      0      0      0      0      0   1593   1755      0      1      0      0      0 
 20260925    00:48:13       0    164     52     62     97     31      0      0      0      0   1593   1755   5075      4      0     57      8 
 20260925    00:48:23       0    249     49     62      1      0      0      0      0      0   1593   1755      0      1      0      0      3 
 20260925    00:48:33       0    331     58     66    100     31      0      0      0      0   1593   1740  74335      4      0     11      5 
 20260925    00:48:43       0    342     61     70    100     29      0      0      0      0   1593   1710  74255      4      0      9      7 
 20260925    00:48:53       0     94     55     64      4      0      0      0      0      0   1593   1755    561      4      0      0      0 
 20260925    00:49:03       0     70     52     63      0      0      0      0      0      0   1593   1755    653      4      0      0      0 
 20260925    00:49:13       0     78     51     62      0      0      0      0      0      0   1593   1755   2205      4      0      0      0 
 20260925    00:49:23       0     76     49     61      0      0      0      0      0      0   1593   1755     21      4      0     36     24 
 20260925    00:49:33       0     89     50     62      0      0      0      0      0      0   1593   1755      0      1      0      0      0 
 20260925    00:49:43       0     72     48     61      0      0      0      0      0      0   1593    435      0      1      0      0      0 
 20260925    00:49:53       0     72     47     60      0      0      0      0      0      0   1593    720      0      1      0      0      0 
 20260925    00:50:03       0    225     49     60      0      0      0      0      0      0   1593   1755      0      1      0      0      0 
 20260925    00:50:13       0    232     51     62    100      6      0      0      0      0   1593   1755      0      1      0      0      0 
 20260925    00:50:23       0     90     49     61      0      0      0      0      0      0   1593   1755      0      1      0      0      0 
 20260925    00:50:33       0     94     48     59      0      0      0      0      0      0   1593   1755      0      1      0      0      3 
 20260925    00:50:43       0    137     52     61     96     35      0      0      0      0   1593   1755   5073      4      0     30     14 
 20260925    00:50:53       0     90     49     59      0      0      0      0      0      0   1593   1755      0      1      0      0      0 
 20260925    00:51:03       0     96     52     63      0      0      0      0      0      0   1593   1755  74221      4      0      0      0 
 20260925    00:51:13       0     91     53     64      0      0      0      0      0      0   1593   1755    563      4      0     50      9 
 20260925    00:51:23       0     88     52     62      1      0      0      0      0      0   1593   1755    707      4      0     62     10 
 20260925    00:51:34       0     81     50     61      0      0      0      0      0      0   1593   1755   2989      4      0      0      0 
 20260925    00:51:44       0    166     55     63    100     20      0      0      0      0   1593   1755   9683      4      0      8      4 
 20260925    00:51:54       0    256     56     64     98     11      0      0      0      0   1593   1755  39711      4      0      5      2 
 20260925    00:52:04       0    220     55     65    100      6      0      0      0      0   1593   1755      0      1      0      0      0 
 20260925    00:52:14       0     92     53     63      0      0      0      0      0      0   1593   1755      1      2      0     30      0 
 20260925    00:52:24       0     91     51     61      0      0      0      0      0      0   1593   1755      0      1      0      0      0 
 20260925    00:52:34       0    102     50     62      0      0      0      0      0      0   1593   1755      0      1      0      0      0 
 20260925    00:52:44       0    201     50     61      0      0      0      0      0      0   1593   1755      1      1      0     27     13 
 20260925    00:52:54       0     90     49     61      0      0      0      0      0      0   1593   1755      0      1      0      0      0 
 20260925    00:53:04       0     74     48     59      0      0      0      0      0      0   1593   1755   1357      4      0      0      3 
#Date        Time         gpu    pwr  gtemp  mtemp     sm    mem    enc    dec    jpg    ofa   mclk   pclk     fb   bar1   ccpm  rxpci  txpci 
#YYYYMMDD    HH:MM:SS     Idx      W      C      C      %      %      %      %      %      %    MHz    MHz     MB     MB     MB   MB/s   MB/s 
 20260925    00:53:14       0     84     47     59      0      0      0      0      0      0   1593   1755  13597      4      0      0      0 
 20260925    00:53:24       0    253     53     68     99    100      0      0      0      0   1593   1515  43485      4      0     59     17 
 20260925    00:53:34       0     89     48     60      0      0      0      0      0      0   1593   1755      0      1      0      0    157 
 20260925    00:53:44       0     72     47     58      0      0      0      0      0      0   1593   1755   2029      4      0      0      3 
 20260925    00:53:54       0     82     47     58      9      7      0      0      0      0   1593   1755  24349      4      0      0      0 
 20260925    00:54:04       0     89     47     59      0      0      0      0      0      0   1593   1755    561      4      0      0      0 
 20260925    00:54:14       0     79     46     58      0      0      0      0      0      0   1593   1755    729      4      0      0      0 
 20260925    00:54:24       0     74     45     58      0      0      0      0      0      0   1593   1755   3373      4      0      0      0 
 20260925    00:54:34       0     89     46     59      0      0      0      0      0      0   1593   1755      0      1      0      0      3 
 20260925    00:54:44       0    192     49     62      0      0      0      0      0      0   1593   1755      0      1      0      0      0 
 20260925    00:54:54       0     69     47     60      3      0      0      0      0      0   1593   1755    561      4      0      0      3 
 20260925    00:55:05       0     88     46     59      0      0      0      0      0      0   1593   1755    653      4      0     15     71 
 20260925    00:55:15       0    109     46     58      0      0      0      0      0      0   1593   1755   2205      4      0      0      0 
 20260925    00:55:25       0    261     52     63     95     38      0      0      0      0   1593   1755  27165      4      0     89     11 
 20260925    00:55:35       0     88     46     59      0      0      0      0      0      0   1593   1755    459      4      0      0      0 
 20260925    00:55:45       0     91     45     57      0      0      0      0      0      0   1593   1755   1261      4      0      2      0 
 20260925    00:55:55       0    196     50     62     78     46      0      0      0      0   1593   1755  12061      4      0     31     18 
 20260925    00:56:05       0    371     52     67     98     86      0      0      0      0   1593   1410  37341      4      0     72     11 
 20260925    00:56:15       0     88     46     59      0      0      0      0      0      0   1593   1755      0      1      0      0      3 
 20260925    00:56:25       0     90     46     57      0      0      0      0      0      0   1593   1755      0      1      0      0      0 
 20260925    00:56:35       0    142     46     59      0      0      0      0      0      0   1593   1755      0      1      0      0      0 
 20260925    00:56:45       0    102     46     58      0      0      0      0      0      0   1593   1755  74301      4      0      0      0 
 20260925    00:56:55       0    346     56     68     98     76      0      0      0      0   1593   1665  74221      4      0     22     12 
 20260925    00:57:05       0     91     49     60      0      0      0      0      0      0   1593   1755      0      1      0      0      0 
 20260925    00:57:15       0    101     48     59      0      0      0      0      0      0   1593   1755      0      1      0      0      0 
 20260925    00:57:25       0    100     48     59      1      0      0      0      0      0   1593   1755   9681      4      0      0      3 
 20260925    00:57:35       0     91     49     60      0      0      0      0      0      0   1593   1755  37341      4      0      0      0 
 20260925    00:57:45       0     89     50     61      0      0      0      0      0      0   1593   1755    541      4      0      0      0 
 20260925    00:57:55       0     87     48     60      0      0      0      0      0      0   1593   1755    561      4      0      0      0 
 20260925    00:58:05       0     93     48     60     14      2      0      0      0      0   1593   1755    957      4      0      0      3 
 20260925    00:58:15       0     95     49     59     42     15      0      0      0      0   1593   1755   7199      4      0     84      8 
 20260925    00:58:26       0    328     53     68     96     91      0      0      0      0   1593   1575    459      4      0      0      0 
 20260925    00:58:36       0     89     47     59      0      0      0      0      0      0   1593   1755      0      1      0      0      3 
 20260925    00:58:46       0     88     46     58      0      0      0      0      0      0   1593   1755      0      1      0      0      3 
 20260925    00:58:56       0    125     46     58      0      0      0      0      0      0   1593   1755      0      1      0      0      0 
 20260925    00:59:06       0    318     53     64     87     45      0      0      0      0   1593   1740  46621      4      0     69      9 
 20260925    00:59:16       0     89     48     60      2      0      0      0      0      0   1593   1755    465      4      0      0      0 
 20260925    00:59:26       0     88     47     59      0      0      0      0      0      0   1593   1755    533      4      0      0      0 
 20260925    00:59:36       0     88     46     59      0      0      0      0      0      0   1593   1755   1613      4      0      0      3 
 20260925    00:59:46       0    159     51     61     90     38      0      0      0      0   1593   1755  21279      4      0     49      7 
 20260925    00:59:56       0    325     55     64     95     42      0      0      0      0   1593   1755  74303      4      0     16     13 
 20260925    01:00:06       0    339     59     66    100     47      0      0      0      0   1593   1755  74223      4      0     18     13 
 20260925    01:00:16       0     91     52     63      0      0      0      0      0      0   1593   1755    579      4      0      8     41 
 20260925    01:00:26       0    102     52     62     67      8      0      0      0      0   1593   1755   1159      4      0      0      0 
#Date        Time         gpu    pwr  gtemp  mtemp     sm    mem    enc    dec    jpg    ofa   mclk   pclk     fb   bar1   ccpm  rxpci  txpci 
#YYYYMMDD    HH:MM:SS     Idx      W      C      C      %      %      %      %      %      %    MHz    MHz     MB     MB     MB   MB/s   MB/s 
 20260925    01:00:36       0     81     48     60      0      0      0      0      0      0   1593    345     21      4      0     35     16 
 20260925    01:00:46       0    281     55     63    100     26      0      0      0      0   1593   1755  39711      4      0      7      6 
 20260925    01:00:56       0    287     58     66     98     25      0      0      0      0   1593   1755  37343      4      0      9      4 
 20260925    01:01:06       0     91     52     62      0      0      0      0      0      0   1593   1755    541      4      0      0      0 
 20260925    01:01:16       0     91     51     61      0      0      0      0      0      0   1593   1755      1      1      0     18     30 
 20260925    01:01:26       0     98     49     60      0      0      0      0      0      0   1593   1755      0      1      0     60     13 
 20260925    01:01:36       0    189     52     62     68     20      0      0      0      0   1593   1755   6431      4      0     27     14 
 20260925    01:01:47       0    323     55     69     96     89      0      0      0      0   1593   1425    459      4      0     30      7 
 20260925    01:01:57       0     88     48     61      0      0      0      0      0      0   1593   1755      0      1      0      0      3 
 20260925    01:02:07       0     89     47     59      0      0      0      0      0      0   1593   1755      0      1      0      0      0 
 20260925    01:02:17       0    116     47     59      0      0      0      0      0      0   1593   1755      0      1      0      0      0 
 20260925    01:02:27       0    336     54     64     84     39      0      0      0      0   1593   1755  40477      4      0     18      7 
 20260925    01:02:37       0     89     50     61      0      0      0      0      0      0   1593   1755    465      4      0      0      0 
 20260925    01:02:47       0     90     48     59      0      0      0      0      0      0   1593   1755      0      1      0      0      3 
 20260925    01:02:57       0     89     47     60      0      0      0      0      0      0   1593   1755      0      1      0      0      0 
 20260925    01:03:07       0    287     52     62     99     39      0      0      0      0   1593   1755  18207      4      0     27     18 
 20260925    01:03:17       0    310     56     65    100     33      0      0      0      0   1593   1755  71199      4      0     14      7 
 20260925    01:03:27       0    306     59     66    100     37      0      0      0      0   1593   1755  61935      4      0     12      6 
 20260925    01:03:37       0     92     54     64      0      0      0      0      0      0   1593   1755    473      4      0      0      0 
 20260925    01:03:47       0     92     52     62      3      0      0      0      0      0   1593   1755    581      4      0      0      3 
 20260925    01:03:57       0    170     53     62     82     16      0      0      0      0   1593   1755   2607      4      0      0      0 
 20260925    01:04:07       0    264     55     64     98     12      0      0      0      0   1593   1755   8149      4      0      9      4 
 20260925    01:04:17       0    303     58     65     98     23      0      0      0      0   1593   1740  33567      4      0     12      4 
 20260925    01:04:27       0    283     61     67    100     15      0      0      0      0   1593   1755  31201      4      0      4      3 
 20260925    01:04:37       0     93     54     63      0      0      0      0      0      0   1593   1755      0      1      0      0      0 
 20260925    01:04:47       0     82     51     63      0      0      0      0      0      0   1593   1755    587      4      0      2      0 
 20260925    01:04:57       0     83     50     62      5      1      0      0      0      0   1593   1755   2397      4      0      0      3 
 20260925    01:05:08       0     79     49     60      0      0      0      0      0      0   1593    345      0      1      0      0      0 
 20260925    01:05:18       0     89     51     62      0      0      0      0      0      0   1593   1755    463      4      0      0      0 
 20260925    01:05:28       0     89     49     61      0      0      0      0      0      0   1593   1755    503      4      0      0      3 
 20260925    01:05:38       0     88     48     60      0      0      0      0      0      0   1593   1755   1133      4      0      0      3 
 20260925    01:05:48       0    304     54     65     84     45      0      0      0      0   1593   1755  13599      4      0     33     18 
 20260925    01:05:58       0    163     51     63    100      6      0      0      0      0   1593   1755  43485      4      0      0      0 
 20260925    01:06:08       0     92     51     62      0      0      0      0      0      0   1593   1755      0      1      0      0      3 
 20260925    01:06:18       0     90     49     61      0      0      0      0      0      0   1593   1755      0      1      0      0      0 
 20260925    01:06:28       0    113     48     60      0      0      0      0      0      0   1593   1755      0      1      0      0      3 
 20260925    01:06:38       0    295     54     64     88     36      0      0      0      0   1593   1755  24351      4      0     20      7 
 20260925    01:06:48       0     91     50     61      0      0      0      0      0      0   1593   1755      0      1      0      0      0 
 20260925    01:06:58       0     89     48     60      0      0      0      0      0      0   1593   1755      0      1      0      0      3 
 20260925    01:07:08       0     97     47     60      0      0      0      0      0      0   1593   1755      0      1      0      0      0 
 20260925    01:07:18       0    255     52     62     96     19      0      0      0      0   1593   1755  11871      4      0     10      3 
 20260925    01:07:28       0    266     55     64    100     19      0      0      0      0   1593   1755  45855      4      0     17      5 
 20260925    01:07:38       0    282     58     65    100     28      0      0      0      0   1593   1740  43489      4      0      4      3 
 20260925    01:07:48       0    128     56     68    100    100      0      0      0      0   1593   1755  57883      4      0      0      0 
#Date        Time         gpu    pwr  gtemp  mtemp     sm    mem    enc    dec    jpg    ofa   mclk   pclk     fb   bar1   ccpm  rxpci  txpci 
#YYYYMMDD    HH:MM:SS     Idx      W      C      C      %      %      %      %      %      %    MHz    MHz     MB     MB     MB   MB/s   MB/s 
 20260925    01:07:58       0     65     52     63      4      0      0      0      0      0   1593   1755    581      4      0      0      0 
 20260925    01:08:08       0     66     50     61      2      1      0      0      0      0   1593   1755   1005      4      0      0      3 
 20260925    01:08:18       0     92     49     60      0      0      0      0      0      0   1593   1755   7967      4      0     22      6 
 20260925    01:08:28       0    353     53     67     93     40      0      0      0      0   1593   1545    459      4      0      1      0 
 20260925    01:08:38       0     89     49     61      1      0      0      0      0      0   1593   1755      0      1      0      0      0 
 20260925    01:08:49       0     91     48     60      0      0      0      0      0      0   1593   1755      0      1      0      0      3 
 20260925    01:08:59       0     89     48     59      0      0      0      0      0      0   1593   1755      0      1      0      0      3 
 20260925    01:09:09       0    348     55     66     86     48      0      0      0      0   1593   1740  52767      4      0     23      9 
 20260925    01:09:19       0     90     51     63      0      0      0      0      0      0   1593   1755    563      4      0      0      0 
 20260925    01:09:29       0     91     50     61      0      0      0      0      0      0   1593   1755      0      1      0      0      0 
 20260925    01:09:39       0     90     49     61      0      0      0      0      0      0   1593   1755      0      1      0      0      0 
 20260925    01:09:49       0    309     55     63     95     45      0      0      0      0   1593   1755  24351      4      0     77      2 
 20260925    01:09:59       0     90     50     61      0      0      0      0      0      0   1593   1755    473      4      0      0      0 
 20260925    01:10:09       0     90     48     59      0      0      0      0      0      0   1593   1755      0      1      0      0      0 
 20260925    01:10:19       0     90     48     59      0      0      0      0      0      0   1593   1755      0      1      0      0      0 
 20260925    01:10:29       0     85     49     61      0      0      0      0      0      0   1593    345     20      4      0     60     37 
 20260925    01:10:39       0    131     52     63    100      6      0      0      0      0   1593   1755  43485      4      0      0      0 
 20260925    01:10:49       0    278     60     67    100     17      0      0      0      0   1593   1665  43489      4      0      8      7 
 20260925    01:10:59       0     93     53     64      0      0      0      0      0      0   1593   1755      0      1      0      0      0 
 20260925    01:11:09       0     92     51     62      0      0      0      0      0      0   1593   1755      0      1      0      0      0 
 20260925    01:11:19       0     91     50     61      0      0      0      0      0      0   1593   1755      0      1      0      0      0 
 20260925    01:11:29       0    120     51     63     91     89      0      0      0      0   1593   1695   6607      4      0    144     28 
 20260925    01:11:39       0     92     51     63      0      0      0      0      0      0   1593   1755      0      1      0      0      3 
 20260925    01:11:49       0     85     48     61      0      0      0      0      0      0   1593    510      0      1      0      0      1 
 20260925    01:11:59       0     88     48     60      0      0      0      0      0      0   1593   1755   1455      4      0     76     18 
 20260925    01:12:10       0     68     47     60      0      0      0      0      0      0   1593   1755   6171      4      0     38      6 
 20260925    01:12:20       0    347     55     67    100     59      0      0      0      0   1593   1650  58911      4      0     22      9 
 20260925    01:12:30       0     90     52     62      0      0      0      0      0      0   1593   1755      1      1      0     22     25 
 20260925    01:12:40       0     91     50     61      0      0      0      0      0      0   1593   1755      0      1      0    102      3 
 20260925    01:12:50       0    114     49     61      0      0      0      0      0      0   1593   1755      0      1      0      0      3 
 20260925    01:13:00       0    303     55     64     87     43      0      0      0      0   1593   1755  27423      4      0     23      6 
 20260925    01:13:10       0     94     50     62      0      0      0      0      0      0   1593   1755      0      1      0      0      0 
 20260925    01:13:20       0     90     49     60      0      0      0      0      0      0   1593   1755      0      1      0      0      3 
 20260925    01:13:30       0     96     48     59      0      0      0      0      0      0   1593   1755      0      1      0      0      0 
 20260925    01:13:40       0    240     52     63     99     24      0      0      0      0   1593   1755  13407      4      0     10      3 
 20260925    01:13:50       0    217     54     62    100     28      0      0      0      0   1593   1755  51999      4      0     42      8 
 20260925    01:14:00       0    104     54     62      7      5      0      0      0      0   1593   1755  49631      4      0      6      3 
 20260925    01:14:10       0    258     59     67    100     17      0      0      0      0   1593   1740  49633      4      0      6      6 
 20260925    01:14:20       0     91     53     64      0      0      0      0      0      0   1593   1755    459      4      0      0      3 
 20260925    01:14:30       0     92     51     63      0      0      0      0      0      0   1593   1755    601      4      0      0      3 
 20260925    01:14:40       0    108     50     61      0      0      0      0      0      0   1593   1755      1      1      0     20     30 
 20260925    01:14:50       0    158     53     63     82     33      0      0      0      0   1593   1755  24093      4      0     26     14 
 20260925    01:15:00       0     89     49     61      0      0      0      0      0      0   1593    420      0      1      0      0      0 
 20260925    01:15:10       0     89     48     60      0      0      0      0      0      0   1593   1755      1      1      0     22     26 
#Date        Time         gpu    pwr  gtemp  mtemp     sm    mem    enc    dec    jpg    ofa   mclk   pclk     fb   bar1   ccpm  rxpci  txpci 
#YYYYMMDD    HH:MM:SS     Idx      W      C      C      %      %      %      %      %      %    MHz    MHz     MB     MB     MB   MB/s   MB/s 
 20260925    01:15:21       0     87     46     58      0      0      0      0      0      0   1593    570      0      1      0      0      0 
 20260925    01:15:31       0     89     47     59      0      0      0      0      0      0   1593   1755      0      1      0      0      3 
 20260925    01:15:41       0     88     48     60      0      0      0      0      0      0   1593   1755    465      4      0     82     31 
 20260925    01:15:51       0     88     47     59      0      0      0      0      0      0   1593   1755      0      1      0      0      0 
 20260925    01:16:01       0     88     46     59      0      0      0      0      0      0   1593   1755      0      1      0      0      0 
 20260925    01:16:11       0    180     52     64     97     91      0      0      0      0   1593   1755  15829      4      0     86     17 
 20260925    01:16:21       0    357     54     67    100     96      0      0      0      0   1593   1560  61933      4      0     23     11 
 20260925    01:16:31       0     87     48     60      0      0      0      0      0      0   1593   1755    573      4      0      0      0 
 20260925    01:16:41       0     96     47     59      0      0      0      0      0      0   1593   1755   1063      4      0     12     73 
 20260925    01:16:51       0    136     50     61     85     33      0      0      0      0   1593   1755   8799      4      0     53     10 
 20260925    01:17:01       0     91     48     59      0      0      0      0      0      0   1593   1755  31197      4      0      0      0 
 20260925    01:17:11       0     88     48     60      0      0      0      0      0      0   1593   1755    461      4      0      0      0 
 20260925    01:17:21       0     87     47     59      0      0      0      0      0      0   1593   1755    459      4      0     32      7 
 20260925    01:17:31       0     89     46     59     10      2      0      0      0      0   1593   1755    459      4      0      0      0 
 20260925    01:17:41       0    128     46     59      0      0      0      0      0      0   1593   1755      0      1      0      0      0 
 20260925    01:17:51       0     86     46     59      1      0      0      0      0      0   1593   1755    541      4      0      0      3 
 20260925    01:18:01       0     74     45     57      0      0      0      0      0      0   1593   1755    571      4      0      0      3 
 20260925    01:18:11       0     79     44     58      0      0      0      0      0      0   1593   1755   1165      4      0      0      0 
 20260925    01:18:21       0     71     43     57      0      0      0      0      0      0   1593   1755     21      4      0     35     28 
 20260925    01:18:31       0     92     48     60      2      2      0      0      0      0   1593   1575  31197      4      0     33     13 
 20260925    01:18:42       0     85     45     58      0      0      0      0      0      0   1593   1755    561      4      0      0      0 
 20260925    01:18:52       0     89     45     57      2      1      0      0      0      0   1593   1755     39      4      0     84      0 
 20260925    01:19:02       0    140     44     58      0      0      0      0      0      0   1593   1755      1      1      0     49     13 
 20260925    01:19:12       0     78     45     57     34     36      0      0      0      0   1593   1755  71197      4      0     22     10 
 20260925    01:19:22       0     91     48     60      0      0      0      0      0      0   1593   1755      0      1      0      0      0 
 20260925    01:19:32       0     86     46     59      0      0      0      0      0      0   1593    555      0      1      0      0      0 
 20260925    01:19:42       0     89     46     57      0      0      0      0      0      0   1593    900      0      1      0      0      0 
 20260925    01:19:52       0    235     47     58      0      0      0      0      0      0   1593   1755      0      1      0      0      0 
 20260925    01:20:02       0    140     49     61      0      0      0      0      0      0   1593   1755      0      1      0      0      0 
 20260925    01:20:12       0     66     47     59      0      0      0      0      0      0   1593   1755    561      4      0      0      0 
 20260925    01:20:22       0     75     46     59      0      0      0      0      0      0   1593   1755    601      4      0      0      0 
 20260925    01:20:32       0     78     45     57      0      0      0      0      0      0   1593   1755   2013      4      0      0      0 
 20260925    01:20:42       0     86     45     58      0      0      0      0      0      0   1593   1755  24093      4      0      0      0 
 20260925    01:20:52       0     87     46     57      0      0      0      0      0      0   1593   1755      0      1      0      0      0 
 20260925    01:21:02       0     88     45     57      0      0      0      0      0      0   1593   1755      0      1      0      0      0 
 20260925    01:21:12       0     87     44     56      0      0      0      0      0      0   1593   1755      0      1      0      0      3 
 20260925    01:21:22       0    172     45     58      0      0      0      0      0      0   1593   1755      0      1      0      0      0 
 20260925    01:21:32       0     86     46     59      0      0      0      0      0      0   1593   1755    561      4      0      0      0 
 20260925    01:21:42       0     85     45     58      0      0      0      0      0      0   1593   1755    601      4      0      0      0 
 20260925    01:21:52       0     93     44     58      1      1      0      0      0      0   1593   1755   1645      4      0     85     15 
 20260925    01:22:03       0     81     44     57      0      0      0      0      0      0   1593   1755  18205      4      0      0      0 
 20260925    01:22:13       0    346     53     63     95     66      0      0      0      0   1593   1740  71197      4      0     23      9 
 20260925    01:22:23       0     89     47     59      0      0      0      0      0      0   1593   1755      0      1      0     83     24 
 20260925    01:22:33       0     89     47     59     13      3      0      0      0      0   1593   1755    461      4      0     10      3 
#Date        Time         gpu    pwr  gtemp  mtemp     sm    mem    enc    dec    jpg    ofa   mclk   pclk     fb   bar1   ccpm  rxpci  txpci 
#YYYYMMDD    HH:MM:SS     Idx      W      C      C      %      %      %      %      %      %    MHz    MHz     MB     MB     MB   MB/s   MB/s 
 20260925    01:22:43       0    100     48     58      0      0      0      0      0      0   1593   1755   8147      4      0     21     15 
 20260925    01:22:53       0    343     55     66    100     50      0      0      0      0   1593   1740  31199      4      0     25     19 
 20260925    01:23:03       0     88     47     60      0      0      0      0      0      0   1593   1755      0      1      0      0      3 
 20260925    01:23:13       0     87     46     59      0      0      0      0      0      0   1593   1755      0      1      0      0      0 
 20260925    01:23:23       0     88     46     57      0      0      0      0      0      0   1593   1755      0      1      0      0      0 
 20260925    01:23:33       0     87     45     58      0      0      0      0      0      0   1593   1755      0      1      0      0      3 
 20260925    01:23:43       0     86     46     58      0      0      0      0      0      0   1593   1755    461      4      0      0      0 
 20260925    01:23:53       0     85     45     58      3      0      0      0      0      0   1593   1755    459      4      0      0      3 
 20260925    01:24:03       0     90     44     57      0      0      0      0      0      0   1593   1755      0      1      0      0      0 
 20260925    01:24:13       0     87     44     57      0      0      0      0      0      0   1593   1755   8145      4      0      0      0 
 20260925    01:24:23       0     87     46     58      0      0      0      0      0      0   1593   1755      0      1      0      0      0 
 20260925    01:24:33       0     86     45     57      0      0      0      0      0      0   1593   1755    459      4      0     32      0 
 20260925    01:24:43       0     87     45     57      0      0      0      0      0      0   1593   1755   4959      4      0      0      0 
 20260925    01:24:53       0     88     45     57      0      0      0      0      0      0   1593   1755      0      1      0      0      0 
 20260925    01:25:03       0    283     49     63    100      6      0      0      0      0   1593   1740      0      1      0      0      0 
 20260925    01:25:14       0     88     47     59      0      0      0      0      0      0   1593   1755      0      1      0      0      0 
 20260925    01:25:24       0     96     46     59      1      0      0      0      0      0   1593   1755      0      1      0      0      0 
 20260925    01:25:34       0     95     46     59      0      0      0      0      0      0   1593   1755   8145      4      0      0      0 
 20260925    01:25:44       0    345     55     66    100     50      0      0      0      0   1593   1740  31199      4      0     58     18 
 20260925    01:25:54       0     70     47     60      0      0      0      0      0      0   1593    360      0      1      0      0      0 
 20260925    01:26:04       0     68     46     59      0      0      0      0      0      0   1593    405     20      4      0     60     37 
 20260925    01:26:14       0     65     45     57      0      0      0      0      0      0   1593    930     20      4      0     42     38 
 20260925    01:26:24       0     87     45     58      0      0      0      0      0      0   1593   1755      0      1      0      0      3 
 20260925    01:26:34       0     86     46      0      0      0      0      0      0      0   1593   1755      0      1      0     15    178 
 20260925    01:26:44       0     88     45     57      0      0      0      0      0      0   1593   1755    509      4      0      0      0 
 20260925    01:26:54       0     92     45     56      2      0      0      0      0      0   1593   1755   1229      4      0      0      0 
 20260925    01:27:04       0    265     47     61      0      0      0      0      0      0   1593   1755  15133      4      0      0      0 
 20260925    01:27:14       0    292     52     68     98    100      0      0      0      0   1593   1650  49629      4      0     27     13 
 20260925    01:27:24       0     87     46     59      0      0      0      0      0      0   1593   1755      0      1      0      0      0 
 20260925    01:27:34       0    107     46     58      6      1      0      0      0      0   1593   1755     21      4      0     89    360 
 20260925    01:27:44       0    148     47     58    100      6      0      0      0      0   1593   1755   8653      4      0     37      0 
 20260925    01:27:54       0     82     46     59      0      0      0      0      0      0   1593    585      0      1      0      0      0 
 20260925    01:28:04       0    102     45     57      0      0      0      0      0      0   1593   1755      1      1      0     44     13 
 20260925    01:28:14       0     79     45     57      0      0      0      0      0      0   1593   1755  13405      4      0      5      3 
 20260925    01:28:25       0    265     51     62    100     27      0      0      0      0   1593   1755  51999      4      0      6      6 
 20260925    01:28:35       0    177     50     61    100      6      0      0      0      0   1593   1755      0      1      0      0      0 
 20260925    01:28:45       0     88     48     59      0      0      0      0      0      0   1593   1755      0      1      0      0      0 
 20260925    01:28:55       0     73     46     59      0      0      0      0      0      0   1593    465      0      1      0      0      0 
 20260925    01:29:05       0     72     45     58      0      0      0      0      0      0   1593    585      0      1      0      0     15 
 20260925    01:29:15       0    296     53     69     97    100      0      0      0      0   1593   1575  25045      4      0     48     15 
 20260925    01:29:25       0     89     47     59      0      0      0      0      0      0   1593   1755      0      1      0      0      0 
 20260925    01:29:35       0     88     46     58      0      0      0      0      0      0   1593   1755      0      1      0      0      0 
 20260925    01:29:45       0     87     45     57      0      0      0      0      0      0   1593   1755      0      1      0      0      0 
 20260925    01:29:55       0    346     52     66    100     75      0      0      0      0   1593   1530  58909      4      0     23     13 
#Date        Time         gpu    pwr  gtemp  mtemp     sm    mem    enc    dec    jpg    ofa   mclk   pclk     fb   bar1   ccpm  rxpci  txpci 
#YYYYMMDD    HH:MM:SS     Idx      W      C      C      %      %      %      %      %      %    MHz    MHz     MB     MB     MB   MB/s   MB/s 
 20260925    01:30:05       0     89     47     59      0      0      0      0      0      0   1593   1755      0      1      0      0      0 
 20260925    01:30:15       0     64     45     59      0      0      0      0      0      0   1593    435      1      1      0     22     27 
 20260925    01:30:25       0     75     45     57      0      0      0      0      0      0   1593    345      1      1      0     23     31 
 20260925    01:30:35       0    189     52     63     98     89      0      0      0      0   1593   1755  25045      4      0     87     10 
 20260925    01:30:45       0     86     46     57      2      0      0      0      0      0   1593   1755      1      1      0     26     27 
 20260925    01:30:55       0    102     45     57      0      0      0      0      0      0   1593   1755     23      4      0    138    350 
 20260925    01:31:05       0    145     48     60     81     26      0      0      0      0   1593   1755  13407      4      0     10      8 
 20260925    01:31:15       0    264     51     62     99     31      0      0      0      0   1593   1755  51999      4      0     10      5 
 20260925    01:31:25       0     92     50     62      0      0      0      0      0      0   1593   1755      0      1      0      0      0 
 20260925    01:31:36       0     89     48     60      2      0      0      0      0      0   1593   1755      1      2      0     23     48 
 20260925    01:31:46       0     89     47     60      0      0      0      0      0      0   1593   1755    569      4      0      0      0 
 20260925    01:31:56       0    104     46     58      0      0      0      0      0      0   1593   1755   2189      4      0      0      0 
 20260925    01:32:06       0    170     52     63     88     56      0      0      0      0   1593   1755  36381      4      0     23     10 
 20260925    01:32:16       0     75     46     59      0      0      0      0      0      0   1593   1755     20      4      0     36     41 
 20260925    01:32:26       0     64     46     57      3      1      0      0      0      0   1593   1755    797      4      0      0      0 
 20260925    01:32:36       0     68     45     58      9     10      0      0      0      0   1593   1755   4573      4      0      0      0 
 20260925    01:32:46       0     89     46     58      0      0      0      0      0      0   1593   1755      0      1      0      0      3 
 20260925    01:32:56       0     91     48     59      0      0      0      0      0      0   1593   1755      1      1      0     67     22 
 20260925    01:33:06       0     87     47     58      0      0      0      0      0      0   1593   1755    569      4      0    156     42 
 20260925    01:33:16       0     89     46     58      2      0      0      0      0      0   1593   1755   8031      4      0      0      0 
 20260925    01:33:26       0    187     48     59      0      0      0      0      0      0   1593   1755      0      1      0      0      0 
 20260925    01:33:36       0     88     46     58      0      0      0      0      0      0   1593   1755      0      1      0      0      0 
 20260925    01:33:46       0     88     46     58      0      0      0      0      0      0   1593   1755      0      1      0      0      0 
 20260925    01:33:56       0    104     46     58      0      0      0      0      0      0   1593   1755  14291      4      0     11     10 
 20260925    01:34:06       0    122     49     61    100      6      0      0      0      0   1593   1755  55773      4      0      0      0 
 20260925    01:34:16       0     91     49     60      0      0      0      0      0      0   1593   1755      0      1      0      0      0 
 20260925    01:34:26       0     59     47     59      0      0      0      0      0      0   1593    345     20      4      0     62     41 
 20260925    01:34:37       0     89     46     58      0      0      0      0      0      0   1593   1755      0      1      0      0      3 
 20260925    01:34:47       0     87     46     58      0      0      0      0      0      0   1593   1755      0      1      0      0      0 
 20260925    01:34:57       0     84     46     59      0      0      0      0      0      0   1593   1755      0      1      0      0      3 
 20260925    01:35:07       0     84     45     58      0      0      0      0      0      0   1593    495      0      1      0      0      0 
 20260925    01:35:17       0     82     44     58      0      0      0      0      0      0   1593    585      1      1      0    100     17 
 20260925    01:35:27       0     86     44     57      0      0      0      0      0      0   1593   1755      0      1      0      0      0 
 20260925    01:35:37       0    346     52     65     88     73      0      0      0      0   1593   1680  77341      4      0     32     11 
 20260925    01:35:47       0     88     48     60     12      0      0      0      0      0   1593   1755    563      4      0      0      0 
 20260925    01:35:57       0     88     47     59     22      2      0      0      0      0   1593   1755    695      4      0      0      0 
 20260925    01:36:07       0    113     48     61     55     28      0      0      0      0   1593   1755   2799      4      0      0      0 
 20260925    01:36:17       0     96     46     60     57     64      0      0      0      0   1593   1755  36637      4      0      0      0 
 20260925    01:36:27       0     91     48     60      0      0      0      0      0      0   1593   1755      0      1      0      0      0 
 20260925    01:36:37       0     88     46     59      0      0      0      0      0      0   1593   1755      0      1      0      0      0 
 20260925    01:36:47       0     87     46     58      0      0      0      0      0      0   1593   1755      0      1      0      0      0 
 20260925    01:36:57       0    151     47     59      0      0      0      0      0      0   1593   1755      1      1      0     19     22 
 20260925    01:37:07       0    261     53     65    100     39      0      0      0      0   1593   1755  70431      4      0      8      6 
 20260925    01:37:17       0    259     55     67    100     40      0      0      0      0   1593   1755  68063      4      0      9      4 
#Date        Time         gpu    pwr  gtemp  mtemp     sm    mem    enc    dec    jpg    ofa   mclk   pclk     fb   bar1   ccpm  rxpci  txpci 
#YYYYMMDD    HH:MM:SS     Idx      W      C      C      %      %      %      %      %      %    MHz    MHz     MB     MB     MB   MB/s   MB/s 
 20260925    01:37:27       0     90     50     61      0      0      0      0      0      0   1593   1755    563      4      0      2     83 
 20260925    01:37:38       0     90     49     60      0      0      0      0      0      0   1593   1755    629      4      0     79     10 
 20260925    01:37:48       0    110     48     59      5      1      0      0      0      0   1593   1755     39      4      0    140      3 
 20260925    01:37:58       0     91     47     59      0      0      0      0      0      0   1593   1755  19487      4      0      0      0 
 20260925    01:38:08       0     87     48     59      0      0      0      0      0      0   1593   1755      0      1      0      0      0 
 20260925    01:38:18       0     87     47     58      0      0      0      0      0      0   1593    630      1      1      0     14     24 
 20260925    01:38:28       0     85     45     59      0      0      0      0      0      0   1593    765      4      2      0     18     23 
 20260925    01:38:38       0    164     51     63     94     59      0      0      0      0   1593   1755   8911      4      0     33     21 
 20260925    01:38:48       0    343     54     66     98     64      0      0      0      0   1593   1665  34259      4      0     17      9 
 20260925    01:38:58       0     82     48     60      0      0      0      0      0      0   1593   1755    563      4      0     22      0 
 20260925    01:39:08       0     87     47     59      2      1      0      0      0      0   1593   1755   1637      4      0      0      0 
 20260925    01:39:18       0    144     47     60      0      0      0      0      0      0   1593   1755      0      1      0      0      0 
 20260925    01:39:28       0    175     50     60     98     24      0      0      0      0   1593   1755  17361      4      0      7      3 
 20260925    01:39:38       0    209     52     61    100     32      0      0      0      0   1593   1755  70431      4      0      8      4 
 20260925    01:39:48       0    151     52     63    100     40      0      0      0      0   1593   1755  68055      4      0      5      3 
 20260925    01:39:58       0    182     53     62    100     26      0      0      0      0   1593   1755  68055      4      0     25     13 
 20260925    01:40:08       0     89     50     60      0      0      0      0      0      0   1593   1755    583      4      0      0      3 
 20260925    01:40:18       0     88     48     60      0      0      0      0      0      0   1593   1755    583      4      0      0      0 
 20260925    01:40:28       0     87     47     60      0      0      0      0      0      0   1593   1755    583      4      0      0      0 
 20260925    01:40:39       0     86     46     58      0      0      0      0      0      0   1593   1755    583      4      0      0      0 
 20260925    01:40:49       0     86     46     57      0      0      0      0      0      0   1593   1755    583      4      0      0      0 
 20260925    01:40:59       0     85     45     57      0      0      0      0      0      0   1593   1755    583      4      0      0      3 
 20260925    01:41:09       0     85     44     57      0      0      0      0      0      0   1593   1755    583      4      0      0      0 
 20260925    01:41:19       0     84     44     56      0      0      0      0      0      0   1593   1755    583      4      0      0      0 
 20260925    01:41:29       0     84     43     56      0      0      0      0      0      0   1593   1755    583      4      0      0      0 
 20260925    01:41:39       0     84     43     56      0      0      0      0      0      0   1593   1755    583      4      0      0      0 
 20260925    01:41:49       0     84     43     55      0      0      0      0      0      0   1593   1755    583      4      0      0      3 
 20260925    01:41:59       0     84     42     55      0      0      0      0      0      0   1593   1755    583      4      0      0      3 
 20260925    01:42:09       0     83     42     55      0      0      0      0      0      0   1593   1755    583      4      0      0      0 
 20260925    01:42:19       0     83     42     56      0      0      0      0      0      0   1593   1755    583      4      0      0      0 
 20260925    01:42:29       0     83     42     55      0      0      0      0      0      0   1593   1755    583      4      0      0      0 
 20260925    01:42:39       0     83     42     54      0      0      0      0      0      0   1593   1755    583      4      0      0      0 
 20260925    01:42:49       0     83     41     54      0      0      0      0      0      0   1593   1755    583      4      0      0      3 
 20260925    01:42:59       0     83     41     54      0      0      0      0      0      0   1593   1755    583      4      0      0      0 
 20260925    01:43:09       0     83     41     54      0      0      0      0      0      0   1593   1755    583      4      0      0      0 
 20260925    01:43:19       0     83     41     54      0      0      0      0      0      0   1593   1755    583      4      0      0      3 
 20260925    01:43:29       0     83     41     55      0      0      0      0      0      0   1593   1755    583      4      0      0      0 
 20260925    01:43:39       0     83     41     54      0      0      0      0      0      0   1593   1755    583      4      0      0      0 
 20260925    01:43:49       0     83     41     54      0      0      0      0      0      0   1593   1755    583      4      0      0      0 
 20260925    01:43:59       0     83     41     54      0      0      0      0      0      0   1593   1755    583      4      0      0      0 
 20260925    01:44:09       0     83     41     54      0      0      0      0      0      0   1593   1755    583      4      0      0      0 
 20260925    01:44:20       0     83     41     55      0      0      0      0      0      0   1593   1755    583      4      0      0      0 
 20260925    01:44:30       0     83     40     53      0      0      0      0      0      0   1593   1755    583      4      0     17      2 
 20260925    01:44:40       0     83     40     53      0      0      0      0      0      0   1593   1755    583      4      0      0      0 
#Date        Time         gpu    pwr  gtemp  mtemp     sm    mem    enc    dec    jpg    ofa   mclk   pclk     fb   bar1   ccpm  rxpci  txpci 
#YYYYMMDD    HH:MM:SS     Idx      W      C      C      %      %      %      %      %      %    MHz    MHz     MB     MB     MB   MB/s   MB/s 
 20260925    01:44:50       0     83     40     54      0      0      0      0      0      0   1593   1755    583      4      0      0      3 
 20260925    01:45:00       0     82     40     53      0      0      0      0      0      0   1593   1755    583      4      0      0      0 
 20260925    01:45:10       0     82     40     53      0      0      0      0      0      0   1593   1755    583      4      0      0      0 
 20260925    01:45:20       0     82     40     53      0      0      0      0      0      0   1593   1755    583      4      0      0      3 
 20260925    01:45:30       0     82     40     53      0      0      0      0      0      0   1593   1755    583      4      0      0      0 
 20260925    01:45:40       0     82     40     53      0      0      0      0      0      0   1593   1755    583      4      0      0      0 
 20260925    01:45:50       0     82     40     53      0      0      0      0      0      0   1593   1755    583      4      0      0      3 
 20260925    01:46:00       0     82     40     53      0      0      0      0      0      0   1593   1755    583      4      0      0      0 
 20260925    01:46:10       0     82     40     54      0      0      0      0      0      0   1593   1755    583      4      0      0      0 
 20260925    01:46:20       0     82     40     53      0      0      0      0      0      0   1593   1755    583      4      0      0      0 
 20260925    01:46:30       0     82     40     53      0      0      0      0      0      0   1593   1755    583      4      0      0      0 
 20260925    01:46:40       0     82     40     53      0      0      0      0      0      0   1593   1755    583      4      0      0      0 
 20260925    01:46:50       0     82     40     53      0      0      0      0      0      0   1593   1755    583      4      0      0      0 
 20260925    01:47:00       0     82     40     53      0      0      0      0      0      0   1593   1755    583      4      0      0      0 
 20260925    01:47:10       0     82     40     53      0      0      0      0      0      0   1593   1755    583      4      0      0      0 
 20260925    01:47:20       0     82     40     53      0      0      0      0      0      0   1593   1755    583      4      0      0      0 
 20260925    01:47:30       0     82     40     53      0      0      0      0      0      0   1593   1755    583      4      0      0      0 
 20260925    01:47:40       0     82     40     53      0      0      0      0      0      0   1593   1755    583      4      0      0      0 
 20260925    01:47:51       0     82     40     53      0      0      0      0      0      0   1593   1755    583      4      0      0      0 
 20260925    01:48:01       0     82     40     53      0      0      0      0      0      0   1593   1755    583      4      0      0      0 
 20260925    01:48:11       0     82     40     53      0      0      0      0      0      0   1593   1755    583      4      0      0      3 
 20260925    01:48:21       0     82     40     53      0      0      0      0      0      0   1593   1755    583      4      0      0      0 
 20260925    01:48:31       0     82     40     53      0      0      0      0      0      0   1593   1755    583      4      0      0      3 
 20260925    01:48:41       0     82     40     53      0      0      0      0      0      0   1593   1755    583      4      0      0      0 
 20260925    01:48:51       0     82     40     53      0      0      0      0      0      0   1593   1755    583      4      0      0      0 
 20260925    01:49:01       0     82     40     53      0      0      0      0      0      0   1593   1755    583      4      0      0      0 
 20260925    01:49:11       0     82     40     54      0      0      0      0      0      0   1593   1755    583      4      0      0      3 
 20260925    01:49:21       0     82     40     53      0      0      0      0      0      0   1593   1755    583      4      0      0      0 
 20260925    01:49:31       0     82     40     53      0      0      0      0      0      0   1593   1755    583      4      0      0      0 
 20260925    01:49:41       0     82     40     53      0      0      0      0      0      0   1593   1755    583      4      0      0      0 
 20260925    01:49:51       0     82     40     53      0      0      0      0      0      0   1593   1755    583      4      0      0      0 
 20260925    01:50:01       0     82     40     53      0      0      0      0      0      0   1593   1755    583      4      0      0      0 
 20260925    01:50:11       0     82     40     53      0      0      0      0      0      0   1593   1755    583      4      0      0      0 
 20260925    01:50:21       0     82     40     53      0      0      0      0      0      0   1593   1755    583      4      0      0      3 
 20260925    01:50:31       0     82     40     53      0      0      0      0      0      0   1593   1755    583      4      0      0      0 
 20260925    01:50:41       0     82     40     53      0      0      0      0      0      0   1593   1755    583      4      0      0      0 
 20260925    01:50:51       0     82     40     53      0      0      0      0      0      0   1593   1755    583      4      0      0      0 
 20260925    01:51:01       0     82     40     53      0      0      0      0      0      0   1593   1755    583      4      0      0      0 
 20260925    01:51:11       0     82     40     53      0      0      0      0      0      0   1593   1755    583      4      0      0      0 
 20260925    01:51:22       0     82     40     53      0      0      0      0      0      0   1593   1755    583      4      0      0      0 
 20260925    01:51:32       0     82     40     53      0      0      0      0      0      0   1593   1755    583      4      0      0      3 
 20260925    01:51:42       0     82     40     53      0      0      0      0      0      0   1593   1755    583      4      0      0      0 
 20260925    01:51:52       0     82     40     53      0      0      0      0      0      0   1593   1755    583      4      0      0      0 
 20260925    01:52:02       0     82     40     53      0      0      0      0      0      0   1593   1755    583      4      0      0      3 
#Date        Time         gpu    pwr  gtemp  mtemp     sm    mem    enc    dec    jpg    ofa   mclk   pclk     fb   bar1   ccpm  rxpci  txpci 
#YYYYMMDD    HH:MM:SS     Idx      W      C      C      %      %      %      %      %      %    MHz    MHz     MB     MB     MB   MB/s   MB/s 
 20260925    01:52:12       0     82     40     54      0      0      0      0      0      0   1593   1755    583      4      0      0      0 
 20260925    01:52:22       0     82     40     54      0      0      0      0      0      0   1593   1755    583      4      0      0      0 
 20260925    01:52:32       0     82     40     54      0      0      0      0      0      0   1593   1755    583      4      0      0      0 
 20260925    01:52:42       0     82     40     54      0      0      0      0      0      0   1593   1755    583      4      0      0      3 
 20260925    01:52:52       0     82     40     54      0      0      0      0      0      0   1593   1755    583      4      0      0      0 
 20260925    01:53:02       0     82     40     54      0      0      0      0      0      0   1593   1755    583      4      0      0      0 
 20260925    01:53:12       0     82     40     54      0      0      0      0      0      0   1593   1755    583      4      0      0      0 
 20260925    01:53:22       0     82     40     54      0      0      0      0      0      0   1593   1755    583      4      0      0      0 
 20260925    01:53:32       0     82     40     54      0      0      0      0      0      0   1593   1755    583      4      0      0      0 
 20260925    01:53:42       0     82     40     54      0      0      0      0      0      0   1593   1755    583      4      0      0      0 
 20260925    01:53:52       0     82     40     54      0      0      0      0      0      0   1593   1755    583      4      0      0      0 
 20260925    01:54:02       0     82     40     54      0      0      0      0      0      0   1593   1755    583      4      0      0      0 
 20260925    01:54:12       0     82     40     54      0      0      0      0      0      0   1593   1755    583      4      0      0      3 
 20260925    01:54:22       0     82     40     54      0      0      0      0      0      0   1593   1755    583      4      0      0      0 
 20260925    01:54:32       0     82     40     54      0      0      0      0      0      0   1593   1755    583      4      0      0      0 
 20260925    01:54:42       0     82     40     54      0      0      0      0      0      0   1593   1755    583      4      0      0      0 
 20260925    01:54:52       0     82     40     54      0      0      0      0      0      0   1593   1755    583      4      0      0      0 
 20260925    01:55:03       0     82     40     54      0      0      0      0      0      0   1593   1755    583      4      0      0      0 
 20260925    01:55:13       0     82     40     54      0      0      0      0      0      0   1593   1755    583      4      0      0      0 
 20260925    01:55:23       0     82     40     54      0      0      0      0      0      0   1593   1755    583      4      0      0      3 
 20260925    01:55:33       0     82     40     54      0      0      0      0      0      0   1593   1755    583      4      0      0      0 
 20260925    01:55:43       0     82     40     54      0      0      0      0      0      0   1593   1755    583      4      0      0      0 
 20260925    01:55:53       0     82     40     54      0      0      0      0      0      0   1593   1755    583      4      0      0      0 
 20260925    01:56:03       0     82     40     54      0      0      0      0      0      0   1593   1755    583      4      0      0      3 
 20260925    01:56:13       0     82     40     53      0      0      0      0      0      0   1593   1755    583      4      0      0      0 
 20260925    01:56:23       0     82     40     53      0      0      0      0      0      0   1593   1755    583      4      0      0      0 
 20260925    01:56:33       0     82     40     53      0      0      0      0      0      0   1593   1755    583      4      0      0      0 
 20260925    01:56:43       0     82     40     53      0      0      0      0      0      0   1593   1755    583      4      0      0      0 
 20260925    01:56:53       0     82     40     53      0      0      0      0      0      0   1593   1755    583      4      0      0      0 
 20260925    01:57:03       0     82     40     53      0      0      0      0      0      0   1593   1755    583      4      0      0      3 
 20260925    01:57:13       0     82     40     53      0      0      0      0      0      0   1593   1755    583      4      0      0      0 
 20260925    01:57:23       0     82     40     53      0      0      0      0      0      0   1593   1755    583      4      0      0      0 
 20260925    01:57:33       0     82     40     53      0      0      0      0      0      0   1593   1755    583      4      0      0      0 
 20260925    01:57:43       0     82     40     53      0      0      0      0      0      0   1593   1755    583      4      0      0      0 
 20260925    01:57:53       0     82     40     53      0      0      0      0      0      0   1593   1755    583      4      0      0      0 
 20260925    01:58:03       0     82     40     53      0      0      0      0      0      0   1593   1755    583      4      0      0      0 
 20260925    01:58:13       0     82     40     53      0      0      0      0      0      0   1593   1755    583      4      0      0      0 
 20260925    01:58:24       0     82     40     53      0      0      0      0      0      0   1593   1755    583      4      0      0      0 
 20260925    01:58:34       0     82     40     53      0      0      0      0      0      0   1593   1755    583      4      0      0      0 
 20260925    01:58:44       0     82     40     53      0      0      0      0      0      0   1593   1755    583      4      0      0      0 
 20260925    01:58:54       0     82     40     53      0      0      0      0      0      0   1593   1755    583      4      0      0      0 
 20260925    01:59:04       0     82     40     53      0      0      0      0      0      0   1593   1755    583      4      0      0      0 
 20260925    01:59:14       0     82     40     53      0      0      0      0      0      0   1593   1755    583      4      0      0      0 
 20260925    01:59:24       0     82     40     53      0      0      0      0      0      0   1593   1755    583      4      0      0      0 
#Date        Time         gpu    pwr  gtemp  mtemp     sm    mem    enc    dec    jpg    ofa   mclk   pclk     fb   bar1   ccpm  rxpci  txpci 
#YYYYMMDD    HH:MM:SS     Idx      W      C      C      %      %      %      %      %      %    MHz    MHz     MB     MB     MB   MB/s   MB/s 
 20260925    01:59:34       0     82     40     53      0      0      0      0      0      0   1593   1755    583      4      0      0      0 
 20260925    01:59:44       0     82     40     53      0      0      0      0      0      0   1593   1755    583      4      0      0      0 
 20260925    01:59:54       0     82     40     53      0      0      0      0      0      0   1593   1755    583      4      0      0      0 
 20260925    02:00:04       0     82     40     53      0      0      0      0      0      0   1593   1755    583      4      0      0      0 
 20260925    02:00:14       0     82     40     53      0      0      0      0      0      0   1593   1755    583      4      0      0      0 
 20260925    02:00:24       0     82     40     53      0      0      0      0      0      0   1593   1755    583      4      0      0      0 
 20260925    02:00:34       0     82     40     53      0      0      0      0      0      0   1593   1755    583      4      0      0      0 
 20260925    02:00:44       0     82     40     53      0      0      0      0      0      0   1593   1755    583      4      0      0      0 
 20260925    02:00:54       0     82     40     53      0      0      0      0      0      0   1593   1755    583      4      0      0      0 
 20260925    02:01:04       0     82     40     53      0      0      0      0      0      0   1593   1755    583      4      0      0      0 
 20260925    02:01:14       0     82     40     53      0      0      0      0      0      0   1593   1755    583      4      0      0      0 
 20260925    02:01:24       0     82     40     53      0      0      0      0      0      0   1593   1755    583      4      0      0      0 
 20260925    02:01:34       0     82     40     53      0      0      0      0      0      0   1593   1755    583      4      0      0      1 
 20260925    02:01:44       0     82     40     53      0      0      0      0      0      0   1593   1755    583      4      0      0      3 
 20260925    02:01:54       0     82     40     53      0      0      0      0      0      0   1593   1755    583      4      0      0      0 
 20260925    02:02:05       0     82     40     53      0      0      0      0      0      0   1593   1755    583      4      0      0      3 
 20260925    02:02:15       0     82     40     53      0      0      0      0      0      0   1593   1755    583      4      0      0      0 
 20260925    02:02:25       0     82     40     53      0      0      0      0      0      0   1593   1755    583      4      0      0      0 
 20260925    02:02:35       0     82     40     53      0      0      0      0      0      0   1593   1755    583      4      0      0      3 
 20260925    02:02:45       0     82     40     53      0      0      0      0      0      0   1593   1755    583      4      0      0      0 
 20260925    02:02:55       0     82     40     53      0      0      0      0      0      0   1593   1755    583      4      0      0      0 
 20260925    02:03:05       0     82     40     53      0      0      0      0      0      0   1593   1755    583      4      0      0      0 
 20260925    02:03:15       0     82     40     53      0      0      0      0      0      0   1593   1755    583      4      0      0      0 
 20260925    02:03:25       0     82     40     53      0      0      0      0      0      0   1593   1755    583      4      0      0      3 
 20260925    02:03:35       0     82     40     53      0      0      0      0      0      0   1593   1755    583      4      0      0      0 
 20260925    02:03:45       0     82     40     53      0      0      0      0      0      0   1593   1755    583      4      0      0      3 
 20260925    02:03:55       0     82     40     53      0      0      0      0      0      0   1593   1755    583      4      0      0      0 
 20260925    02:04:05       0     82     40     53      0      0      0      0      0      0   1593   1755    583      4      0      0      3 
 20260925    02:04:15       0     82     40     53      0      0      0      0      0      0   1593   1755    583      4      0      0      0 
 20260925    02:04:25       0     82     40     53      0      0      0      0      0      0   1593   1755    583      4      0      0      0 
 20260925    02:04:35       0     82     40     53      0      0      0      0      0      0   1593   1755    583      4      0      0      0 
 20260925    02:04:45       0     82     40     53      0      0      0      0      0      0   1593   1755    583      4      0      0      0 
 20260925    02:04:55       0     82     40     53      0      0      0      0      0      0   1593   1755    583      4      0      0      0 
 20260925    02:05:05       0     82     40     53      0      0      0      0      0      0   1593   1755    583      4      0      0      0 
 20260925    02:05:15       0     82     40     54      0      0      0      0      0      0   1593   1755    583      4      0      0      0 
 20260925    02:05:26       0     82     40     53      0      0      0      0      0      0   1593   1755    583      4      0      0      0 
 20260925    02:05:36       0     82     40     53      0      0      0      0      0      0   1593   1755    583      4      0      0      3 
 20260925    02:05:46       0     82     40     53      0      0      0      0      0      0   1593   1755    583      4      0      0      0 
 20260925    02:05:56       0     82     40     54      0      0      0      0      0      0   1593   1755    583      4      0      0      0 
 20260925    02:06:06       0     82     40     53      0      0      0      0      0      0   1593   1755    583      4      0      0      0 
 20260925    02:06:16       0     82     40     53      0      0      0      0      0      0   1593   1755    583      4      0      0      0 
 20260925    02:06:26       0     82     40     53      0      0      0      0      0      0   1593   1755    583      4      0      0      0 
 20260925    02:06:36       0     82     40     53      0      0      0      0      0      0   1593   1755    583      4      0      0      0 
 20260925    02:06:46       0     82     40     53      0      0      0      0      0      0   1593   1755    583      4      0      0      0 
#Date        Time         gpu    pwr  gtemp  mtemp     sm    mem    enc    dec    jpg    ofa   mclk   pclk     fb   bar1   ccpm  rxpci  txpci 
#YYYYMMDD    HH:MM:SS     Idx      W      C      C      %      %      %      %      %      %    MHz    MHz     MB     MB     MB   MB/s   MB/s 
 20260925    02:06:56       0     82     40     53      0      0      0      0      0      0   1593   1755    583      4      0      0      0 
 20260925    02:07:06       0     82     40     54      0      0      0      0      0      0   1593   1755    583      4      0      0      0 
 20260925    02:07:16       0     82     40     53      0      0      0      0      0      0   1593   1755    583      4      0      0      0 
 20260925    02:07:26       0     82     40     53      0      0      0      0      0      0   1593   1755    583      4      0      0      0 
 20260925    02:07:36       0     82     40     53      0      0      0      0      0      0   1593   1755    583      4      0      0      0 
 20260925    02:07:46       0     82     40     54      0      0      0      0      0      0   1593   1755    583      4      0      0      3 
 20260925    02:07:56       0     82     40     53      0      0      0      0      0      0   1593   1755    583      4      0      0      3 
 20260925    02:08:06       0     82     40     53      0      0      0      0      0      0   1593   1755    583      4      0      0      0 
 20260925    02:08:16       0     82     40     53      0      0      0      0      0      0   1593   1755    583      4      0      0      0 
 20260925    02:08:26       0     82     40     53      0      0      0      0      0      0   1593   1755    583      4      0      0      0 
 20260925    02:08:36       0     82     40     53      0      0      0      0      0      0   1593   1755    583      4      0      0      0 
 20260925    02:08:46       0     82     40     53      0      0      0      0      0      0   1593   1755    583      4      0      0      0 
 20260925    02:08:57       0     82     40     53      0      0      0      0      0      0   1593   1755    583      4      0      0      0 
 20260925    02:09:07       0     82     40     53      0      0      0      0      0      0   1593   1755    583      4      0      0      0 
 20260925    02:09:17       0     82     40     53      0      0      0      0      0      0   1593   1755    583      4      0      0      3 
 20260925    02:09:27       0     82     40     53      0      0      0      0      0      0   1593   1755    583      4      0      0      3 
 20260925    02:09:37       0     82     40     53      0      0      0      0      0      0   1593   1755    583      4      0      0      0 
 20260925    02:09:47       0     82     40     53      0      0      0      0      0      0   1593   1755    583      4      0      0      0 
 20260925    02:09:57       0     82     40     53      0      0      0      0      0      0   1593   1755    583      4      0      0      0 
 20260925    02:10:07       0     84     40     53      2      0      0      0      0      0   1593   1755    679      4      0      0      3 
 20260925    02:10:17       0     82     40     53      0      0      0      0      0      0   1593   1755    679      4      0      0      0 
 20260925    02:10:27       0     82     40     53      0      0      0      0      0      0   1593   1755    679      4      0      0      3 
 20260925    02:10:37       0     82     40     53      0      0      0      0      0      0   1593   1755    679      4      0      0      0 
 20260925    02:10:47       0     82     40     53      0      0      0      0      0      0   1593   1755    679      4      0      0      0 
 20260925    02:10:57       0     82     40     53      0      0      0      0      0      0   1593   1755    679      4      0      0      0 
 20260925    02:11:07       0     82     40     53      0      0      0      0      0      0   1593   1755    679      4      0      0      0 
 20260925    02:11:17       0     82     40     54      0      0      0      0      0      0   1593   1755    679      4      0      0      3 
 20260925    02:11:27       0     82     40     54      0      0      0      0      0      0   1593   1755    679      4      0      0      0 
 20260925    02:11:37       0     82     40     54      0      0      0      0      0      0   1593   1755    679      4      0      0      0 
 20260925    02:11:47       0     82     40     54      0      0      0      0      0      0   1593   1755    679      4      0      0      0 
 20260925    02:11:57       0     82     40     54      0      0      0      0      0      0   1593   1755    679      4      0      0      3 
 20260925    02:12:07       0     82     40     54      0      0      0      0      0      0   1593   1755    679      4      0      0      0 
 20260925    02:12:17       0     82     40     54      0      0      0      0      0      0   1593   1755    679      4      0      0      0 
 20260925    02:12:28       0     82     40     54      0      0      0      0      0      0   1593   1755    679      4      0      0      3 
 20260925    02:12:38       0     82     40     54      0      0      0      0      0      0   1593   1755    679      4      0      0      0 
 20260925    02:12:48       0     82     40     54      0      0      0      0      0      0   1593   1755    679      4      0      0      3 
 20260925    02:12:58       0     82     40     54      0      0      0      0      0      0   1593   1755    679      4      0      0      0 
 20260925    02:13:08       0     82     40     54      0      0      0      0      0      0   1593   1755    679      4      0      0      0 
 20260925    02:13:18       0     82     40     54      0      0      0      0      0      0   1593   1755    679      4      0      0      3 
 20260925    02:13:28       0     82     40     54      0      0      0      0      0      0   1593   1755    679      4      0      0      0 
 20260925    02:13:38       0     82     40     54      0      0      0      0      0      0   1593   1755    679      4      0      0      0 
 20260925    02:13:48       0     82     40     54      0      0      0      0      0      0   1593   1755    679      4      0      0      0 
 20260925    02:13:58       0     82     40     54      0      0      0      0      0      0   1593   1755    679      4      0      0      3 
 20260925    02:14:08       0     82     40     54      0      0      0      0      0      0   1593   1755    679      4      0      0      0 
#Date        Time         gpu    pwr  gtemp  mtemp     sm    mem    enc    dec    jpg    ofa   mclk   pclk     fb   bar1   ccpm  rxpci  txpci 
#YYYYMMDD    HH:MM:SS     Idx      W      C      C      %      %      %      %      %      %    MHz    MHz     MB     MB     MB   MB/s   MB/s 
 20260925    02:14:18       0     82     40     54      0      0      0      0      0      0   1593   1755    679      4      0      0      0 
 20260925    02:14:28       0     82     40     54      0      0      0      0      0      0   1593   1755    679      4      0      0      3 
 20260925    02:14:38       0     82     40     54      0      0      0      0      0      0   1593   1755    679      4      0      0      0 
 20260925    02:14:48       0     82     40     54      0      0      0      0      0      0   1593   1755    679      4      0      0      0 
 20260925    02:14:58       0     82     40     54      0      0      0      0      0      0   1593   1755    679      4      0      0      0 
 20260925    02:15:08       0     82     40     54      0      0      0      0      0      0   1593   1755    679      4      0      0      0 
 20260925    02:15:18       0     82     40     53      0      0      0      0      0      0   1593   1755    679      4      0      0      0 
 20260925    02:15:28       0     82     40     53      0      0      0      0      0      0   1593   1755    679      4      0      0      0 
 20260925    02:15:38       0     82     40     53      0      0      0      0      0      0   1593   1755    679      4      0      0      0 
 20260925    02:15:48       0     82     40     53      0      0      0      0      0      0   1593   1755    679      4      0      0      3 
 20260925    02:15:58       0     82     40     53      0      0      0      0      0      0   1593   1755    679      4      0      0      0 
 20260925    02:16:09       0     82     40     53      0      0      0      0      0      0   1593   1755    679      4      0      0      0 
 20260925    02:16:19       0     82     40     53      0      0      0      0      0      0   1593   1755    679      4      0      0      0 
 20260925    02:16:29       0     82     40     53      0      0      0      0      0      0   1593   1755    679      4      0      0      0 
 20260925    02:16:39       0     82     40     53      0      0      0      0      0      0   1593   1755    679      4      0      0      0 
 20260925    02:16:49       0     82     40     53      0      0      0      0      0      0   1593   1755    679      4      0      0      0 
 20260925    02:16:59       0     82     40     53      0      0      0      0      0      0   1593   1755    679      4      0      0      0 
 20260925    02:17:09       0     82     40     53      0      0      0      0      0      0   1593   1755    679      4      0      0      0 
 20260925    02:17:19       0     82     40     53      0      0      0      0      0      0   1593   1755    679      4      0      0      0 
 20260925    02:17:29       0     82     40     53      0      0      0      0      0      0   1593   1755    679      4      0      0      0 
 20260925    02:17:39       0     82     40     54      0      0      0      0      0      0   1593   1755    679      4      0      0      3 
 20260925    02:17:49       0     82     40     54      0      0      0      0      0      0   1593   1755    679      4      0      0      0 
 20260925    02:17:59       0     82     40     54      0      0      0      0      0      0   1593   1755    679      4      0      0      0 
 20260925    02:18:09       0     82     40     54      0      0      0      0      0      0   1593   1755    679      4      0      0      0 
 20260925    02:18:19       0     82     40     54      0      0      0      0      0      0   1593   1755    679      4      0      0      0 
 20260925    02:18:29       0     82     40     54      0      0      0      0      0      0   1593   1755    679      4      0      0      0 
 20260925    02:18:39       0     82     40     54      0      0      0      0      0      0   1593   1755    679      4      0      0      3 
 20260925    02:18:49       0     82     40     54      0      0      0      0      0      0   1593   1755    679      4      0      0      0 
 20260925    02:18:59       0     82     40     54      0      0      0      0      0      0   1593   1755    679      4      0      1      0 
 20260925    02:19:09       0     82     40     54      0      0      0      0      0      0   1593   1755    679      4      0      0      0 
 20260925    02:19:19       0     82     40     54      0      0      0      0      0      0   1593   1755    679      4      0      0      0 
 20260925    02:19:29       0     82     40     54      0      0      0      0      0      0   1593   1755    679      4      0      0      0 
 20260925    02:19:40       0     82     40     53      0      0      0      0      0      0   1593   1755    679      4      0      0      3 
 20260925    02:19:50       0     82     40     53      0      0      0      0      0      0   1593   1755    679      4      0      0      0 
 20260925    02:20:00       0     82     40     53      0      0      0      0      0      0   1593   1755    679      4      0      3     58 
 20260925    02:20:10       0     82     40     53      0      0      0      0      0      0   1593   1755    679      4      0      0      0 
 20260925    02:20:20       0     82     40     55      0      0      0      0      0      0   1593   1755    679      4      0      0      0 
 20260925    02:20:30       0     82     40     53      0      0      0      0      0      0   1593   1755    679      4      0      0      0 
 20260925    02:20:40       0     82     40     53      0      0      0      0      0      0   1593   1755    679      4      0      0      0 
 20260925    02:20:50       0     82     40     53      0      0      0      0      0      0   1593   1755    679      4      0      0      0 
 20260925    02:21:00       0     82     40     53      0      0      0      0      0      0   1593   1755    679      4      0      0      3 
 20260925    02:21:10       0     82     40     53      0      0      0      0      0      0   1593   1755    679      4      0      0      0 
 20260925    02:21:20       0     82     40     53      0      0      0      0      0      0   1593   1755    679      4      0      0      0 
 20260925    02:21:30       0     82     40     53      0      0      0      0      0      0   1593   1755    679      4      0      0      0 
#Date        Time         gpu    pwr  gtemp  mtemp     sm    mem    enc    dec    jpg    ofa   mclk   pclk     fb   bar1   ccpm  rxpci  txpci 
#YYYYMMDD    HH:MM:SS     Idx      W      C      C      %      %      %      %      %      %    MHz    MHz     MB     MB     MB   MB/s   MB/s 
 20260925    02:21:40       0     82     40     53      0      0      0      0      0      0   1593   1755    679      4      0      0      3 
 20260925    02:21:50       0     82     40     53      0      0      0      0      0      0   1593   1755    679      4      0      0      0 
 20260925    02:22:00       0     82     40     53      0      0      0      0      0      0   1593   1755    679      4      0      0      0 
 20260925    02:22:10       0     82     40     53      0      0      0      0      0      0   1593   1755    679      4      0      0      0 
 20260925    02:22:20       0     82     40     53      0      0      0      0      0      0   1593   1755    679      4      0      0      3 
 20260925    02:22:30       0     82     40     53      0      0      0      0      0      0   1593   1755    679      4      0      0      0 
 20260925    02:22:40       0     82     40     53      0      0      0      0      0      0   1593   1755    679      4      0      0      3 
 20260925    02:22:50       0     82     40     53      0      0      0      0      0      0   1593   1755    679      4      0      0      0 
 20260925    02:23:00       0     82     40     53      0      0      0      0      0      0   1593   1755    679      4      0      0      0 
 20260925    02:23:11       0     82     40     53      0      0      0      0      0      0   1593   1755    679      4      0      0      0 
 20260925    02:23:21       0     82     40     53      0      0      0      0      0      0   1593   1755    679      4      0      0      0 
 20260925    02:23:31       0     82     40     54      0      0      0      0      0      0   1593   1755    679      4      0      0      0 
 20260925    02:23:41       0     82     40     54      0      0      0      0      0      0   1593   1755    679      4      0      0      0 
 20260925    02:23:51       0     82     40     54      0      0      0      0      0      0   1593   1755    679      4      0      0      0 
 20260925    02:24:01       0     82     40     54      0      0      0      0      0      0   1593   1755    679      4      0      0      0 
 20260925    02:24:11       0     82     40     54      0      0      0      0      0      0   1593   1755    679      4      0      0      0 
 20260925    02:24:21       0     82     40     54      0      0      0      0      0      0   1593   1755    679      4      0      0      3 
 20260925    02:24:31       0     82     40     54      0      0      0      0      0      0   1593   1755    679      4      0      0      0 
 20260925    02:24:41       0     82     40     54      0      0      0      0      0      0   1593   1755    679      4      0      0      0 
 20260925    02:24:51       0     82     40     54      0      0      0      0      0      0   1593   1755    679      4      0      0      0 
 20260925    02:25:01       0     82     40     54      0      0      0      0      0      0   1593   1755    679      4      0      0      0 
 20260925    02:25:11       0     82     40     53      0      0      0      0      0      0   1593   1755    679      4      0      0      0 
 20260925    02:25:21       0     82     40     53      0      0      0      0      0      0   1593   1755    679      4      0      0      0 
 20260925    02:25:31       0     82     40     53      0      0      0      0      0      0   1593   1755    679      4      0      0      0 
 20260925    02:25:41       0     82     40     54      0      0      0      0      0      0   1593   1755    679      4      0      1      3 
 20260925    02:25:51       0     82     40     53      0      0      0      0      0      0   1593   1755    679      4      0      0      0 
 20260925    02:26:01       0     82     40     53      0      0      0      0      0      0   1593   1755    679      4      0      0      3 
 20260925    02:26:11       0     82     40     53      0      0      0      0      0      0   1593   1755    679      4      0      0      0 
 20260925    02:26:21       0     82     40     53      0      0      0      0      0      0   1593   1755    679      4      0      0      3 
 20260925    02:26:31       0     82     40     53      0      0      0      0      0      0   1593   1755    679      4      0      0      3 
 20260925    02:26:41       0     82     40     53      0      0      0      0      0      0   1593   1755    679      4      0      0      0 
 20260925    02:26:52       0     82     40     53      0      0      0      0      0      0   1593   1755    679      4      0      0      0 
 20260925    02:27:02       0     82     40     53      0      0      0      0      0      0   1593   1755    679      4      0      0      0 
 20260925    02:27:12       0     82     40     54      0      0      0      0      0      0   1593   1755    679      4      0      0      0 
 20260925    02:27:22       0     82     40     53      0      0      0      0      0      0   1593   1755    679      4      0      0      3 
 20260925    02:27:32       0     82     40     53      0      0      0      0      0      0   1593   1755    679      4      0      0      0 
 20260925    02:27:42       0     82     40     53      0      0      0      0      0      0   1593   1755    679      4      0      0      0 
 20260925    02:27:52       0     82     40     54      0      0      0      0      0      0   1593   1755    679      4      0      0      0 
 20260925    02:28:02       0     82     40     53      0      0      0      0      0      0   1593   1755    679      4      0      0      3 
 20260925    02:28:12       0     82     40     53      0      0      0      0      0      0   1593   1755    679      4      0      0      3 
 20260925    02:28:22       0     82     40     53      0      0      0      0      0      0   1593   1755    679      4      0      0      0 
 20260925    02:28:32       0     82     40     53      0      0      0      0      0      0   1593   1755    679      4      0      0      0 
 20260925    02:28:42       0     82     40     53      0      0      0      0      0      0   1593   1755    679      4      0      0      0 
 20260925    02:28:52       0     82     40     53      0      0      0      0      0      0   1593   1755    679      4      0      0      0 
#Date        Time         gpu    pwr  gtemp  mtemp     sm    mem    enc    dec    jpg    ofa   mclk   pclk     fb   bar1   ccpm  rxpci  txpci 
#YYYYMMDD    HH:MM:SS     Idx      W      C      C      %      %      %      %      %      %    MHz    MHz     MB     MB     MB   MB/s   MB/s 
 20260925    02:29:02       0     82     40     53      0      0      0      0      0      0   1593   1755    679      4      0      0      0 
 20260925    02:29:12       0     82     40     53      0      0      0      0      0      0   1593   1755    679      4      0      0      0 
 20260925    02:29:22       0     82     40     53      0      0      0      0      0      0   1593   1755    679      4      0      0      0 
 20260925    02:29:32       0     82     40     53      0      0      0      0      0      0   1593   1755    679      4      0      0      0 
 20260925    02:29:42       0     82     40     53      0      0      0      0      0      0   1593   1755    679      4      0      0      0 
 20260925    02:29:52       0     82     40     53      0      0      0      0      0      0   1593   1755    679      4      0      0      3 
 20260925    02:30:02       0     82     40     54      0      0      0      0      0      0   1593   1755    679      4      0      0      0 
 20260925    02:30:12       0     82     40     53      0      0      0      0      0      0   1593   1755    679      4      0      0      0 
 20260925    02:30:23       0     82     40     52      0      0      0      0      0      0   1593   1755    679      4      0      0      0 
 20260925    02:30:33       0     82     40     54      0      0      0      0      0      0   1593   1755    679      4      0      0      0 
 20260925    02:30:43       0     82     40     54      0      0      0      0      0      0   1593   1755    679      4      0      0      0 
 20260925    02:30:53       0     82     40     54      0      0      0      0      0      0   1593   1755    679      4      0      0      0 
 20260925    02:31:03       0     82     40     54      0      0      0      0      0      0   1593   1755    679      4      0      0      0 
 20260925    02:31:13       0     82     40     54      0      0      0      0      0      0   1593   1755    679      4      0      0      0 
 20260925    02:31:23       0     82     40     54      0      0      0      0      0      0   1593   1755    679      4      0      0      0 
 20260925    02:31:33       0     82     40     54      0      0      0      0      0      0   1593   1755    679      4      0      0      0 
 20260925    02:31:43       0     82     40     54      0      0      0      0      0      0   1593   1755    679      4      0      0      0 
 20260925    02:31:53       0     82     40     54      0      0      0      0      0      0   1593   1755    679      4      0      0      3 
 20260925    02:32:03       0     82     40     54      0      0      0      0      0      0   1593   1755    679      4      0      0      0 
 20260925    02:32:13       0     82     40     54      0      0      0      0      0      0   1593   1755    679      4      0      0      0 
 20260925    02:32:23       0     82     40     54      0      0      0      0      0      0   1593   1755    679      4      0      0      0 
 20260925    02:32:33       0     82     40     54      0      0      0      0      0      0   1593   1755    679      4      0      0      0 
 20260925    02:32:43       0     82     40     54      0      0      0      0      0      0   1593   1755    679      4      0      0      0 
 20260925    02:32:53       0     82     40     54      0      0      0      0      0      0   1593   1755    679      4      0      0      3 
 20260925    02:33:03       0     82     40     53      0      0      0      0      0      0   1593   1755    679      4      0      0      0 
 20260925    02:33:13       0     82     40     53      0      0      0      0      0      0   1593   1755    679      4      0      0      0 
 20260925    02:33:23       0     82     40     53      0      0      0      0      0      0   1593   1755    679      4      0      0      0 
 20260925    02:33:33       0     82     40     53      0      0      0      0      0      0   1593   1755    679      4      0      0      3 
 20260925    02:33:43       0     82     40     53      0      0      0      0      0      0   1593   1755    679      4      0      0      0 
 20260925    02:33:54       0     82     40     53      0      0      0      0      0      0   1593   1755    679      4      0      0      0 
 20260925    02:34:04       0     82     40     54      0      0      0      0      0      0   1593   1755    679      4      0      0      0 
 20260925    02:34:14       0     82     40     54      0      0      0      0      0      0   1593   1755    679      4      0      0      3 
 20260925    02:34:24       0     82     40     54      0      0      0      0      0      0   1593   1755    679      4      0      0      0 
 20260925    02:34:34       0     82     40     54      0      0      0      0      0      0   1593   1755    679      4      0      0      3 
 20260925    02:34:44       0     82     40     54      0      0      0      0      0      0   1593   1755    679      4      0      0      3 
 20260925    02:34:54       0     82     40     54      0      0      0      0      0      0   1593   1755    679      4      0      0      0 
 20260925    02:35:04       0     82     40     54      0      0      0      0      0      0   1593   1755    679      4      0      0      3 
 20260925    02:35:14       0     82     40     54      0      0      0      0      0      0   1593   1755    679      4      0      0      0 
 20260925    02:35:24       0     82     40     54      0      0      0      0      0      0   1593   1755    679      4      0      3      0 
 20260925    02:35:34       0     82     40     54      0      0      0      0      0      0   1593   1755    679      4      0      0      0 
 20260925    02:35:44       0     82     40     54      0      0      0      0      0      0   1593   1755    679      4      0      0      0 
 20260925    02:35:54       0     82     40     54      0      0      0      0      0      0   1593   1755    679      4      0      0      3 
 20260925    02:36:04       0     82     40     53      0      0      0      0      0      0   1593   1755    679      4      0      0      0 
 20260925    02:36:14       0     82     40     53      0      0      0      0      0      0   1593   1755    679      4      0      0      0 
#Date        Time         gpu    pwr  gtemp  mtemp     sm    mem    enc    dec    jpg    ofa   mclk   pclk     fb   bar1   ccpm  rxpci  txpci 
#YYYYMMDD    HH:MM:SS     Idx      W      C      C      %      %      %      %      %      %    MHz    MHz     MB     MB     MB   MB/s   MB/s 
 20260925    02:36:24       0     82     40     53      0      0      0      0      0      0   1593   1755    679      4      0      0      0 
 20260925    02:36:34       0     82     40     53      0      0      0      0      0      0   1593   1755    679      4      0      0      3 
 20260925    02:36:44       0     82     40     53      0      0      0      0      0      0   1593   1755    679      4      0      0      0 
 20260925    02:36:54       0     82     40     53      0      0      0      0      0      0   1593   1755    679      4      0      0      0 
 20260925    02:37:05       0     82     40     53      0      0      0      0      0      0   1593   1755    679      4      0      0      0 
 20260925    02:37:15       0     82     40     54      0      0      0      0      0      0   1593   1755    679      4      0      0      0 
 20260925    02:37:25       0     82     40     54      0      0      0      0      0      0   1593   1755    679      4      0      0      3 
 20260925    02:37:35       0     82     40     54      0      0      0      0      0      0   1593   1755    679      4      0      0      3 
 20260925    02:37:45       0     82     40     54      0      0      0      0      0      0   1593   1755    679      4      0      0      0 
 20260925    02:37:55       0     82     40     54      0      0      0      0      0      0   1593   1755    679      4      0      0      0 
 20260925    02:38:05       0     82     40     54      0      0      0      0      0      0   1593   1755    679      4      0      0      0 
 20260925    02:38:15       0     82     40     54      0      0      0      0      0      0   1593   1755    679      4      0      0      0 
 20260925    02:38:25       0     82     40     54      0      0      0      0      0      0   1593   1755    679      4      0      0      0 
 20260925    02:38:35       0     82     40     54      0      0      0      0      0      0   1593   1755    679      4      0      0      0 
 20260925    02:38:45       0     82     40     54      0      0      0      0      0      0   1593   1755    679      4      0      0      3 
 20260925    02:38:55       0     82     40     54      0      0      0      0      0      0   1593   1755    679      4      0      0      3 
 20260925    02:39:05       0     82     40     54      0      0      0      0      0      0   1593   1755    679      4      0      0      0 
 20260925    02:39:15       0     82     40     54      0      0      0      0      0      0   1593   1755    679      4      0      0      0 
 20260925    02:39:25       0     82     40     54      0      0      0      0      0      0   1593   1755    679      4      0      0      0 
 20260925    02:39:35       0     82     40     53      0      0      0      0      0      0   1593   1755    679      4      0      0      0 
 20260925    02:39:45       0     82     40     53      0      0      0      0      0      0   1593   1755    679      4      0      0      0 
 20260925    02:39:55       0     82     40     53      0      0      0      0      0      0   1593   1755    679      4      0      0      3 
 20260925    02:40:05       0     83     40     53      0      0      0      0      0      0   1593   1755      0      1      0      0      0 
 20260925    02:40:15       0     82     40     54      0      0      0      0      0      0   1593   1755   1095      4      0      0      0 
 20260925    02:40:25       0     82     40     53      0      0      0      0      0      0   1593   1755   1095      4      0      0      0 
 20260925    02:40:36       0     82     40     53      0      0      0      0      0      0   1593   1755   1095      4      0      0      3 
 20260925    02:40:46       0     82     40     53      0      0      0      0      0      0   1593   1755   1095      4      0      0      0 
 20260925    02:40:56       0     82     40     53      0      0      0      0      0      0   1593   1755   1095      4      0      0      0 
 20260925    02:41:06       0     82     40     54      0      0      0      0      0      0   1593   1755   1095      4      0      0      0 
 20260925    02:41:16       0     82     40     53      0      0      0      0      0      0   1593   1755   1095      4      0      0      0 
 20260925    02:41:26       0     82     40     53      0      0      0      0      0      0   1593   1755   1095      4      0      0      0 
 20260925    02:41:36       0     82     40     53      0      0      0      0      0      0   1593   1755   1095      4      0      0      0 
 20260925    02:41:46       0     82     40     54      0      0      0      0      0      0   1593   1755   1095      4      0      0      0 
 20260925    02:41:56       0     82     40     54      0      0      0      0      0      0   1593   1755   1095      4      0      0      0 
 20260925    02:42:06       0     82     40     54      0      0      0      0      0      0   1593   1755   1095      4      0      0      3 
 20260925    02:42:16       0     82     40     54      0      0      0      0      0      0   1593   1755   1095      4      0      0      0 
 20260925    02:42:26       0     82     40     54      0      0      0      0      0      0   1593   1755   1095      4      0      0      0 
 20260925    02:42:36       0     82     40     54      0      0      0      0      0      0   1593   1755   1095      4      0      0      0 
 20260925    02:42:46       0     82     40     54      0      0      0      0      0      0   1593   1755   1095      4      0      0      3 
 20260925    02:42:56       0     82     40     54      0      0      0      0      0      0   1593   1755   1095      4      0      0      0 
 20260925    02:43:06       0     82     40     54      0      0      0      0      0      0   1593   1755   1095      4      0      0      0 
 20260925    02:43:16       0     82     40     54      0      0      0      0      0      0   1593   1755   1095      4      0      0      0 
 20260925    02:43:26       0     82     40     54      0      0      0      0      0      0   1593   1755   1095      4      0      0      3 
 20260925    02:43:36       0     82     40     54      0      0      0      0      0      0   1593   1755   1095      4      0      0      0 
#Date        Time         gpu    pwr  gtemp  mtemp     sm    mem    enc    dec    jpg    ofa   mclk   pclk     fb   bar1   ccpm  rxpci  txpci 
#YYYYMMDD    HH:MM:SS     Idx      W      C      C      %      %      %      %      %      %    MHz    MHz     MB     MB     MB   MB/s   MB/s 
 20260925    02:43:46       0     82     40     54      0      0      0      0      0      0   1593   1755   1095      4      0      0      0 
 20260925    02:43:57       0     82     40     54      0      0      0      0      0      0   1593   1755   1095      4      0      0      0 
 20260925    02:44:07       0     82     40     54      0      0      0      0      0      0   1593   1755   1095      4      0      0      0 
 20260925    02:44:17       0     82     40     54      0      0      0      0      0      0   1593   1755   1095      4      0      0      0 
 20260925    02:44:27       0     82     40     54      0      0      0      0      0      0   1593   1755   1095      4      0      0      0 
 20260925    02:44:37       0     82     40     54      0      0      0      0      0      0   1593   1755   1095      4      0      0      0 
 20260925    02:44:47       0     82     40     54      0      0      0      0      0      0   1593   1755   1095      4      0      0      0 
 20260925    02:44:57       0     82     40     54      0      0      0      0      0      0   1593   1755   1095      4      0      0      0 
 20260925    02:45:07       0     82     40     54      0      0      0      0      0      0   1593   1755   1095      4      0      0      0 
 20260925    02:45:17       0     82     40     54      0      0      0      0      0      0   1593   1755   1095      4      0      0      0 
 20260925    02:45:27       0     82     40     54      0      0      0      0      0      0   1593   1755   1095      4      0      0      0 
 20260925    02:45:37       0     82     40     54      0      0      0      0      0      0   1593   1755   1095      4      0      0      0 
 20260925    02:45:47       0     82     40     54      0      0      0      0      0      0   1593   1755   1095      4      0      0      0 
 20260925    02:45:57       0     82     40     54      0      0      0      0      0      0   1593   1755   1095      4      0      0      0 
 20260925    02:46:07       0     82     40     54      0      0      0      0      0      0   1593   1755   1095      4      0      0      0 
 20260925    02:46:17       0     82     40     54      0      0      0      0      0      0   1593   1755   1095      4      0      0      3 
 20260925    02:46:27       0     82     40     54      0      0      0      0      0      0   1593   1755   1095      4      0      0      0 
 20260925    02:46:37       0     82     40     53      0      0      0      0      0      0   1593   1755   1095      4      0      0      0 
 20260925    02:46:47       0     82     40     53      0      0      0      0      0      0   1593   1755   1095      4      0      0      0 
 20260925    02:46:57       0     82     40     53      0      0      0      0      0      0   1593   1755   1095      4      0      0      0 
 20260925    02:47:07       0     82     40     53      0      0      0      0      0      0   1593   1755   1095      4      0      0      0 
 20260925    02:47:17       0     82     40     53      0      0      0      0      0      0   1593   1755   1095      4      0      0      0 
 20260925    02:47:27       0     82     40     53      0      0      0      0      0      0   1593   1755   1095      4      0      0      0 
 20260925    02:47:38       0     82     40     53      0      0      0      0      0      0   1593   1755   1095      4      0      0      3 
 20260925    02:47:48       0     82     40     53      0      0      0      0      0      0   1593   1755   1095      4      0      0      0 
 20260925    02:47:58       0     82     40     54      0      0      0      0      0      0   1593   1755   1095      4      0      0      0 
 20260925    02:48:08       0     82     40     53      0      0      0      0      0      0   1593   1755   1095      4      0      0      0 
 20260925    02:48:18       0     82     40     54      0      0      0      0      0      0   1593   1755   1095      4      0      0      0 
 20260925    02:48:28       0     82     40     54      0      0      0      0      0      0   1593   1755   1095      4      0      0      0 
 20260925    02:48:38       0     82     40     53      0      0      0      0      0      0   1593   1755   1095      4      0      0      0 
 20260925    02:48:48       0     82     40     53      0      0      0      0      0      0   1593   1755   1095      4      0      0      3 
 20260925    02:48:58       0     82     40     53      0      0      0      0      0      0   1593   1755   1095      4      0      0      0 
 20260925    02:49:08       0     82     40     53      0      0      0      0      0      0   1593   1755   1095      4      0      0      0 
 20260925    02:49:18       0     82     40     53      0      0      0      0      0      0   1593   1755   1095      4      0      0      0 
 20260925    02:49:28       0     82     40     54      0      0      0      0      0      0   1593   1755   1095      4      0      0      0 
 20260925    02:49:38       0     82     40     54      0      0      0      0      0      0   1593   1755   1095      4      0      0      0 
 20260925    02:49:48       0     82     40     53      0      0      0      0      0      0   1593   1755   1095      4      0      0      0 
 20260925    02:49:58       0     82     40     53      0      0      0      0      0      0   1593   1755   1095      4      0      0      3 
 20260925    02:50:08       0     82     40     53      0      0      0      0      0      0   1593   1755   1095      4      0      0      0 
 20260925    02:50:18       0     82     40     53      0      0      0      0      0      0   1593   1755   1095      4      0      0      0 
 20260925    02:50:28       0     82     40     53      0      0      0      0      0      0   1593   1755   1095      4      0      0      0 
 20260925    02:50:38       0     82     40     53      0      0      0      0      0      0   1593   1755   1095      4      0      0      0 
 20260925    02:50:48       0     82     40     53      0      0      0      0      0      0   1593   1755   1095      4      0      0      3 
 20260925    02:50:58       0     82     40     53      0      0      0      0      0      0   1593   1755   1095      4      0      0      0 
#Date        Time         gpu    pwr  gtemp  mtemp     sm    mem    enc    dec    jpg    ofa   mclk   pclk     fb   bar1   ccpm  rxpci  txpci 
#YYYYMMDD    HH:MM:SS     Idx      W      C      C      %      %      %      %      %      %    MHz    MHz     MB     MB     MB   MB/s   MB/s 
 20260925    02:51:09       0     82     40     54      0      0      0      0      0      0   1593   1755   1095      4      0      0      0 
 20260925    02:51:19       0     82     40     54      0      0      0      0      0      0   1593   1755   1095      4      0      0      0 
 20260925    02:51:29       0     82     40     54      0      0      0      0      0      0   1593   1755   1095      4      0      0      0 
 20260925    02:51:39       0     82     40     54      0      0      0      0      0      0   1593   1755   1095      4      0      0      0 
 20260925    02:51:49       0     82     40     54      0      0      0      0      0      0   1593   1755   1095      4      0      0      0 
 20260925    02:51:59       0     82     40     54      0      0      0      0      0      0   1593   1755   1095      4      0      0      3 
 20260925    02:52:09       0     82     40     54      0      0      0      0      0      0   1593   1755   1095      4      0      0      0 
 20260925    02:52:19       0     82     40     54      0      0      0      0      0      0   1593   1755   1095      4      0      0      0 
 20260925    02:52:29       0     82     40     54      0      0      0      0      0      0   1593   1755   1095      4      0      0      0 
 20260925    02:52:39       0     82     40     54      0      0      0      0      0      0   1593   1755   1095      4      0      0      0 
 20260925    02:52:49       0     82     40     54      0      0      0      0      0      0   1593   1755   1095      4      0      0      0 
 20260925    02:52:59       0     82     40     54      0      0      0      0      0      0   1593   1755   1095      4      0      0      0 
 20260925    02:53:09       0     82     40     54      0      0      0      0      0      0   1593   1755   1095      4      0      0      0 
 20260925    02:53:19       0     82     40     54      0      0      0      0      0      0   1593   1755   1095      4      0      0      0 
 20260925    02:53:29       0     82     40     54      0      0      0      0      0      0   1593   1755   1095      4      0      0      0 
 20260925    02:53:39       0     82     40     54      0      0      0      0      0      0   1593   1755   1095      4      0      0      0 
 20260925    02:53:49       0     82     40     54      0      0      0      0      0      0   1593   1755   1095      4      0      0      0 
 20260925    02:53:59       0     82     40     54      0      0      0      0      0      0   1593   1755   1095      4      0      0      0 
 20260925    02:54:09       0     82     40     54      0      0      0      0      0      0   1593   1755   1095      4      0      0      0 
 20260925    02:54:19       0     82     40     54      0      0      0      0      0      0   1593   1755   1095      4      0      0      3 
 20260925    02:54:29       0     82     40     54      0      0      0      0      0      0   1593   1755   1095      4      0      0      3 
 20260925    02:54:40       0     82     40     54      0      0      0      0      0      0   1593   1755   1095      4      0      0      0 
 20260925    02:54:50       0     82     40     54      0      0      0      0      0      0   1593   1755   1095      4      0      0      0 
 20260925    02:55:00       0     82     40     54      0      0      0      0      0      0   1593   1755   1095      4      0     44      1 
 20260925    02:55:10       0     82     40     54      0      0      0      0      0      0   1593   1755   1095      4      0      0      3 
 20260925    02:55:20       0     82     40     54      0      0      0      0      0      0   1593   1755   1095      4      0      0      0 
 20260925    02:55:30       0     82     40     54      0      0      0      0      0      0   1593   1755   1095      4      0      0      0 
 20260925    02:55:40       0     82     40     54      0      0      0      0      0      0   1593   1755   1095      4      0      0      0 
 20260925    02:55:50       0     82     40     54      0      0      0      0      0      0   1593   1755   1095      4      0      0      0 
 20260925    02:56:00       0     82     40     54      0      0      0      0      0      0   1593   1755   1095      4      0      0      0 
 20260925    02:56:10       0     82     40     54      0      0      0      0      0      0   1593   1755   1095      4      0      0      0 
 20260925    02:56:20       0     82     40     54      0      0      0      0      0      0   1593   1755   1095      4      0      0      0 
 20260925    02:56:30       0     82     40     54      0      0      0      0      0      0   1593   1755   1095      4      0      0      0 
 20260925    02:56:40       0     82     40     54      0      0      0      0      0      0   1593   1755   1095      4      0      0      0 
 20260925    02:56:50       0     82     40     54      0      0      0      0      0      0   1593   1755   1095      4      0      0      0 
 20260925    02:57:00       0     82     40     54      0      0      0      0      0      0   1593   1755   1095      4      0      0      0 
 20260925    02:57:10       0     82     40     54      0      0      0      0      0      0   1593   1755   1095      4      0      0      0 
 20260925    02:57:20       0     82     40     54      0      0      0      0      0      0   1593   1755   1095      4      0      0      0 
 20260925    02:57:30       0     82     40     54      0      0      0      0      0      0   1593   1755   1095      4      0      0      0 
 20260925    02:57:40       0     82     40     54      0      0      0      0      0      0   1593   1755   1095      4      0      0      0 
 20260925    02:57:50       0     82     40     54      0      0      0      0      0      0   1593   1755   1095      4      0      0      0 
 20260925    02:58:00       0     82     40     54      0      0      0      0      0      0   1593   1755   1095      4      0      0      0 
 20260925    02:58:11       0     82     40     54      0      0      0      0      0      0   1593   1755   1095      4      0     15    139 
 20260925    02:58:21       0     82     40     54      0      0      0      0      0      0   1593   1755   1095      4      0      0      0 
#Date        Time         gpu    pwr  gtemp  mtemp     sm    mem    enc    dec    jpg    ofa   mclk   pclk     fb   bar1   ccpm  rxpci  txpci 
#YYYYMMDD    HH:MM:SS     Idx      W      C      C      %      %      %      %      %      %    MHz    MHz     MB     MB     MB   MB/s   MB/s 
 20260925    02:58:31       0     82     40     54      0      0      0      0      0      0   1593   1755   1095      4      0      0      0 
 20260925    02:58:41       0     82     40     54      0      0      0      0      0      0   1593   1755   1095      4      0      0      0 
 20260925    02:58:51       0     82     40     54      0      0      0      0      0      0   1593   1755   1095      4      0      0      0 
 20260925    02:59:01       0     82     40     54      0      0      0      0      0      0   1593   1755   1095      4      0      0      0 
 20260925    02:59:11       0     82     40     54      0      0      0      0      0      0   1593   1755   1095      4      0      0      3 
 20260925    02:59:21       0     82     40     54      0      0      0      0      0      0   1593   1755   1095      4      0      0      0 
 20260925    02:59:31       0     82     40     54      0      0      0      0      0      0   1593   1755   1095      4      0      0      0 
 20260925    02:59:41       0     82     40     54      0      0      0      0      0      0   1593   1755   1095      4      0      0      0 
 20260925    02:59:51       0     82     40     54      0      0      0      0      0      0   1593   1755   1095      4      0      0      0 
 20260925    03:00:01       0     82     40     54      0      0      0      0      0      0   1593   1755   1095      4      0      0      0 
 20260925    03:00:11       0     82     40     54      0      0      0      0      0      0   1593   1755   1095      4      0      0      0 
 20260925    03:00:21       0     82     40     54      0      0      0      0      0      0   1593   1755   1095      4      0      0      0 
 20260925    03:00:31       0     82     40     54      0      0      0      0      0      0   1593   1755   1095      4      0      0      0 
 20260925    03:00:41       0     82     40     54      0      0      0      0      0      0   1593   1755   1095      4      0      0      0 
 20260925    03:00:51       0     82     40     54      0      0      0      0      0      0   1593   1755   1095      4      0      0      0 
 20260925    03:01:01       0     82     40     54      0      0      0      0      0      0   1593   1755   1095      4      0      0      0 
 20260925    03:01:12       0     82     40     54      0      0      0      0      0      0   1593   1755   1095      4      0      0      0 
 20260925    03:01:22       0     82     40     53      0      0      0      0      0      0   1593   1755   1095      4      0      0      0 
 20260925    03:01:32       0     82     40     53      0      0      0      0      0      0   1593   1755   1095      4      0      0      0 
 20260925    03:01:42       0     82     40     53      0      0      0      0      0      0   1593   1755   1095      4      0      0      0 
 20260925    03:01:52       0     82     40     53      0      0      0      0      0      0   1593   1755   1095      4      0      0      3 
 20260925    03:02:02       0     82     40     53      0      0      0      0      0      0   1593   1755   1095      4      0      0      0 
 20260925    03:02:12       0     82     40     53      0      0      0      0      0      0   1593   1755   1095      4      0      0      0 
 20260925    03:02:22       0     82     40     53      0      0      0      0      0      0   1593   1755   1095      4      0      0      3 
 20260925    03:02:32       0     82     40     53      0      0      0      0      0      0   1593   1755   1095      4      0      0      3 
 20260925    03:02:42       0     82     40     53      0      0      0      0      0      0   1593   1755   1095      4      0      0      0 
 20260925    03:02:52       0     82     40     53      0      0      0      0      0      0   1593   1755   1095      4      0      0      0 
 20260925    03:03:02       0     82     40     53      0      0      0      0      0      0   1593   1755   1095      4      0      0      3 
 20260925    03:03:12       0     82     40     53      0      0      0      0      0      0   1593   1755   1095      4      0      0      0 
 20260925    03:03:22       0     82     40     53      0      0      0      0      0      0   1593   1755   1095      4      0      0      0 
 20260925    03:03:32       0     82     40     53      0      0      0      0      0      0   1593   1755   1095      4      0      0      3 
 20260925    03:03:42       0     82     40     53      0      0      0      0      0      0   1593   1755   1095      4      0      0      0 
 20260925    03:03:52       0     82     40     53      0      0      0      0      0      0   1593   1755   1095      4      0      0      0 
 20260925    03:04:02       0     82     40     53      0      0      0      0      0      0   1593   1755   1095      4      0      0      3 
 20260925    03:04:12       0     82     40     53      0      0      0      0      0      0   1593   1755   1095      4      0      0      0 
 20260925    03:04:22       0     82     40     53      0      0      0      0      0      0   1593   1755   1095      4      0      0      3 
 20260925    03:04:33       0     82     40     53      0      0      0      0      0      0   1593   1755   1095      4      0      0      0 
 20260925    03:04:43       0     82     40     53      0      0      0      0      0      0   1593   1755   1095      4      0      0      0 
 20260925    03:04:53       0     82     40     54      0      0      0      0      0      0   1593   1755   1095      4      0      0      0 
 20260925    03:05:03       0     82     40     53      0      0      0      0      0      0   1593   1755   1095      4      0      0      0 
 20260925    03:05:13       0     82     40     53      0      0      0      0      0      0   1593   1755   1095      4      0      0      0 
 20260925    03:05:23       0     82     40     53      0      0      0      0      0      0   1593   1755   1095      4      0      0      0 
 20260925    03:05:33       0     82     40     53      0      0      0      0      0      0   1593   1755   1095      4      0      0      0 
 20260925    03:05:43       0     82     40     53      0      0      0      0      0      0   1593   1755   1095      4      0      0      0 
#Date        Time         gpu    pwr  gtemp  mtemp     sm    mem    enc    dec    jpg    ofa   mclk   pclk     fb   bar1   ccpm  rxpci  txpci 
#YYYYMMDD    HH:MM:SS     Idx      W      C      C      %      %      %      %      %      %    MHz    MHz     MB     MB     MB   MB/s   MB/s 
 20260925    03:05:53       0     82     40     53      0      0      0      0      0      0   1593   1755   1095      4      0      0      3 
 20260925    03:06:03       0     82     40     53      0      0      0      0      0      0   1593   1755   1095      4      0      0      0 
 20260925    03:06:13       0     82     40     53      0      0      0      0      0      0   1593   1755   1095      4      0      0      0 
 20260925    03:06:23       0     82     40     53      0      0      0      0      0      0   1593   1755   1095      4      0      0      0 
 20260925    03:06:33       0     82     40     53      0      0      0      0      0      0   1593   1755   1095      4      0      0      0 
 20260925    03:06:43       0     82     40     53      0      0      0      0      0      0   1593   1755   1095      4      0      0      0 
 20260925    03:06:53       0     82     40     53      0      0      0      0      0      0   1593   1755   1095      4      0      0      0 
 20260925    03:07:03       0     82     40     53      0      0      0      0      0      0   1593   1755   1095      4      0      0      0 
 20260925    03:07:13       0     82     40     53      0      0      0      0      0      0   1593   1755   1095      4      0      0      0 
 20260925    03:07:23       0     82     40     53      0      0      0      0      0      0   1593   1755   1095      4      0      0      0 
 20260925    03:07:33       0     82     40     53      0      0      0      0      0      0   1593   1755   1095      4      0      0      0 
 20260925    03:07:43       0     82     40     53      0      0      0      0      0      0   1593   1755   1095      4      0      0      3 
 20260925    03:07:53       0     82     40     53      0      0      0      0      0      0   1593   1755   1095      4      0      0      0 
 20260925    03:08:04       0     82     40     54      0      0      0      0      0      0   1593   1755   1095      4      0      0      3 
 20260925    03:08:14       0     82     40     53      0      0      0      0      0      0   1593   1755   1095      4      0      0      0 
 20260925    03:08:24       0     82     40     53      0      0      0      0      0      0   1593   1755   1095      4      0      0      0 
 20260925    03:08:34       0     82     40     53      0      0      0      0      0      0   1593   1755   1095      4      0      0      3 
 20260925    03:08:44       0     82     40     53      0      0      0      0      0      0   1593   1755   1095      4      0      0      0 
 20260925    03:08:54       0     82     40     53      0      0      0      0      0      0   1593   1755   1095      4      0      0      0 
 20260925    03:09:04       0     82     40     53      0      0      0      0      0      0   1593   1755   1095      4      0      0      3 
 20260925    03:09:14       0     82     40     53      0      0      0      0      0      0   1593   1755   1095      4      0      0      0 
 20260925    03:09:24       0     82     40     53      0      0      0      0      0      0   1593   1755   1095      4      0      0      3 
 20260925    03:09:34       0     82     40     53      0      0      0      0      0      0   1593   1755   1095      4      0      0      0 
 20260925    03:09:44       0     82     40     53      0      0      0      0      0      0   1593   1755   1095      4      0      0      0 
 20260925    03:09:54       0     82     40     53      0      0      0      0      0      0   1593   1755   1095      4      0      0      0 
 20260925    03:10:04       0     82     40     53      0      0      0      0      0      0   1593   1755   1095      4      0      0      0 
 20260925    03:10:14       0     82     40     53      0      0      0      0      0      0   1593   1755   2699      4      0      0      0 
 20260925    03:10:24       0     82     40     53      0      0      0      0      0      0   1593   1755   2699      4      0      0      0 
 20260925    03:10:34       0     82     40     53      0      0      0      0      0      0   1593   1755   2699      4      0      0      3 
 20260925    03:10:44       0     82     40     53      0      0      0      0      0      0   1593   1755   2699      4      0      0      0 
 20260925    03:10:54       0     82     40     54      0      0      0      0      0      0   1593   1755   2699      4      0      0      0 
 20260925    03:11:04       0     82     40     53      0      0      0      0      0      0   1593   1755   2699      4      0      0      0 
 20260925    03:11:14       0     82     40     53      0      0      0      0      0      0   1593   1755   2699      4      0      0      0 
 20260925    03:11:24       0     82     40     53      0      0      0      0      0      0   1593   1755   2699      4      0      0      3 
 20260925    03:11:35       0     82     40     53      0      0      0      0      0      0   1593   1755   2699      4      0      0      0 
 20260925    03:11:45       0     82     40     53      0      0      0      0      0      0   1593   1755   2699      4      0      0      3 
 20260925    03:11:55       0     82     40     53      0      0      0      0      0      0   1593   1755   2699      4      0      0      0 
 20260925    03:12:05       0     82     40     53      0      0      0      0      0      0   1593   1755   2699      4      0      0      0 
 20260925    03:12:15       0     82     40     53      0      0      0      0      0      0   1593   1755   2699      4      0      0      0 
 20260925    03:12:25       0     82     40     53      0      0      0      0      0      0   1593   1755   2699      4      0      4      0 
 20260925    03:12:35       0     82     40     54      0      0      0      0      0      0   1593   1755   2699      4      0      0      0 
 20260925    03:12:45       0     82     40     53      0      0      0      0      0      0   1593   1755   2699      4      0      0      0 
 20260925    03:12:55       0     82     40     53      0      0      0      0      0      0   1593   1755   2699      4      0      0      0 
 20260925    03:13:05       0     82     40     53      0      0      0      0      0      0   1593   1755   2699      4      0      0      0 
#Date        Time         gpu    pwr  gtemp  mtemp     sm    mem    enc    dec    jpg    ofa   mclk   pclk     fb   bar1   ccpm  rxpci  txpci 
#YYYYMMDD    HH:MM:SS     Idx      W      C      C      %      %      %      %      %      %    MHz    MHz     MB     MB     MB   MB/s   MB/s 
 20260925    03:13:15       0     82     40     53      0      0      0      0      0      0   1593   1755   2699      4      0      0      0 
 20260925    03:13:25       0     82     40     53      0      0      0      0      0      0   1593   1755   2699      4      0      0      3 
 20260925    03:13:35       0     82     40     53      0      0      0      0      0      0   1593   1755   2699      4      0      0      0 
 20260925    03:13:45       0     82     40     53      0      0      0      0      0      0   1593   1755   2699      4      0      0      0 
 20260925    03:13:55       0     82     40     53      0      0      0      0      0      0   1593   1755   2699      4      0      0      3 
 20260925    03:14:05       0     82     40     53      0      0      0      0      0      0   1593   1755   2699      4      0      0      0 
 20260925    03:14:15       0     82     40     53      0      0      0      0      0      0   1593   1755   2699      4      0      0      0 
 20260925    03:14:25       0     82     40     53      0      0      0      0      0      0   1593   1755   2699      4      0      0      0 
 20260925    03:14:35       0     82     40     53      0      0      0      0      0      0   1593   1755   2699      4      0      0      3 
 20260925    03:14:45       0     82     40     53      0      0      0      0      0      0   1593   1755   2699      4      0      0      0 
 20260925    03:14:55       0     82     40     53      0      0      0      0      0      0   1593   1755   2699      4      0      0      3 
 20260925    03:15:06       0     82     40     53      0      0      0      0      0      0   1593   1755   2699      4      0      1      0 
 20260925    03:15:16       0     82     40     53      0      0      0      0      0      0   1593   1755   2699      4      0      0      0 
 20260925    03:15:26       0     82     40     53      0      0      0      0      0      0   1593   1755   2699      4      0      0      0 
 20260925    03:15:36       0     82     40     53      0      0      0      0      0      0   1593   1755   2699      4      0      0      0 
 20260925    03:15:46       0     82     40     55      0      0      0      0      0      0   1593   1755   2699      4      0      0      0 
 20260925    03:15:56       0     82     40     54      0      0      0      0      0      0   1593   1755   2699      4      0      0      3 
 20260925    03:16:06       0     82     40     53      0      0      0      0      0      0   1593   1755   2699      4      0      0      0 
 20260925    03:16:16       0     82     40     53      0      0      0      0      0      0   1593   1755   2699      4      0      1      0 
 20260925    03:16:26       0     82     40     53      0      0      0      0      0      0   1593   1755   2699      4      0      0      0 
 20260925    03:16:36       0     82     40     54      0      0      0      0      0      0   1593   1755   2699      4      0      0      0 
 20260925    03:16:46       0     82     40     53      0      0      0      0      0      0   1593   1755   2699      4      0      0      0 
 20260925    03:16:56       0     82     40     53      0      0      0      0      0      0   1593   1755   2699      4      0      0      0 
 20260925    03:17:06       0     82     40     54      0      0      0      0      0      0   1593   1755   2699      4      0      0      0 
 20260925    03:17:16       0     82     40     53      0      0      0      0      0      0   1593   1755   2699      4      0      0      0 
 20260925    03:17:26       0     82     40     53      0      0      0      0      0      0   1593   1755   2699      4      0      0      0 
 20260925    03:17:36       0     82     40     53      0      0      0      0      0      0   1593   1755   2699      4      0      0      0 
 20260925    03:17:46       0     82     40     54      0      0      0      0      0      0   1593   1755   2699      4      0      0      4 
 20260925    03:17:56       0     82     40     54      0      0      0      0      0      0   1593   1755   2699      4      0      3      0 
 20260925    03:18:06       0     82     40     54      0      0      0      0      0      0   1593   1755   2699      4      0      0      0 
 20260925    03:18:16       0     82     40     54      0      0      0      0      0      0   1593   1755   2699      4      0      0      0 
 20260925    03:18:27       0     82     40     54      0      0      0      0      0      0   1593   1755   2699      4      0      0      0 
 20260925    03:18:37       0     82     40     54      0      0      0      0      0      0   1593   1755   2699      4      0      0      0 
 20260925    03:18:47       0     82     40     54      0      0      0      0      0      0   1593   1755   2699      4      0      0      3 
 20260925    03:18:57       0     82     40     53      0      0      0      0      0      0   1593   1755   2699      4      0      0      0 
 20260925    03:19:07       0     82     40     53      0      0      0      0      0      0   1593   1755   2699      4      0      0      0 
 20260925    03:19:17       0     82     40     53      0      0      0      0      0      0   1593   1755   2699      4      0      0      0 
 20260925    03:19:27       0     82     40     53      0      0      0      0      0      0   1593   1755   2699      4      0      0      0 
 20260925    03:19:37       0     82     40     53      0      0      0      0      0      0   1593   1755   2699      4      0      0      3 
 20260925    03:19:47       0     82     40     53      0      0      0      0      0      0   1593   1755   2699      4      0      0      0 
 20260925    03:19:57       0     82     40     53      0      0      0      0      0      0   1593   1755   2699      4      0      0      0 
 20260925    03:20:07       0     82     40     53      0      0      0      0      0      0   1593   1755   2699      4      0      0      0 
 20260925    03:20:17       0     82     40     53      0      0      0      0      0      0   1593   1755   2699      4      0      0      0 
 20260925    03:20:27       0     82     40     53      0      0      0      0      0      0   1593   1755   2699      4      0      0      0 
#Date        Time         gpu    pwr  gtemp  mtemp     sm    mem    enc    dec    jpg    ofa   mclk   pclk     fb   bar1   ccpm  rxpci  txpci 
#YYYYMMDD    HH:MM:SS     Idx      W      C      C      %      %      %      %      %      %    MHz    MHz     MB     MB     MB   MB/s   MB/s 
 20260925    03:20:37       0     82     40     53      0      0      0      0      0      0   1593   1755   2699      4      0      0      0 
 20260925    03:20:47       0     82     40     53      0      0      0      0      0      0   1593   1755   2699      4      0      0      0 
 20260925    03:20:57       0     82     40     53      0      0      0      0      0      0   1593   1755   2699      4      0      0      0 
 20260925    03:21:07       0     82     40     54      0      0      0      0      0      0   1593   1755   2699      4      0      0      0 
 20260925    03:21:17       0     82     40     54      0      0      0      0      0      0   1593   1755   2699      4      0      0      3 
 20260925    03:21:27       0     82     40     54      0      0      0      0      0      0   1593   1755   2699      4      0      0      4 
 20260925    03:21:37       0     82     40     54      0      0      0      0      0      0   1593   1755   2699      4      0      0      0 
 20260925    03:21:47       0     82     40     54      0      0      0      0      0      0   1593   1755   2699      4      0      0      0 
 20260925    03:21:58       0     82     40     54      0      0      0      0      0      0   1593   1755   2699      4      0      0      0 
 20260925    03:22:08       0     82     40     54      0      0      0      0      0      0   1593   1755   2699      4      0      0      0 
 20260925    03:22:18       0     82     40     54      0      0      0      0      0      0   1593   1755   2699      4      0      0      0 
 20260925    03:22:28       0     82     40     54      0      0      0      0      0      0   1593   1755   2699      4      0      0      0 
 20260925    03:22:38       0     82     40     54      0      0      0      0      0      0   1593   1755   2699      4      0      0      3 
 20260925    03:22:48       0     82     40     54      0      0      0      0      0      0   1593   1755   2699      4      0      0      3 
 20260925    03:22:58       0     82     40     54      0      0      0      0      0      0   1593   1755   2699      4      0      0      0 
 20260925    03:23:08       0     82     40     54      0      0      0      0      0      0   1593   1755   2699      4      0      0      0 
 20260925    03:23:18       0     82     40     54      0      0      0      0      0      0   1593   1755   2699      4      0      0      0 
 20260925    03:23:28       0     82     40     54      0      0      0      0      0      0   1593   1755   2699      4      0      0      0 
 20260925    03:23:38       0     82     40     54      0      0      0      0      0      0   1593   1755   2699      4      0      0      0 
 20260925    03:23:48       0     82     40     54      0      0      0      0      0      0   1593   1755   2699      4      0      0      0 
 20260925    03:23:58       0     82     40     54      0      0      0      0      0      0   1593   1755   2699      4      0      0      0 
 20260925    03:24:08       0     82     40     54      0      0      0      0      0      0   1593   1755   2699      4      0      0      0 
 20260925    03:24:18       0     82     40     54      0      0      0      0      0      0   1593   1755   2699      4      0      0      0 
 20260925    03:24:28       0     82     40     54      0      0      0      0      0      0   1593   1755   2699      4      0      0      0 
 20260925    03:24:38       0     82     40     54      0      0      0      0      0      0   1593   1755   2699      4      0      0      0 
 20260925    03:24:48       0     82     40     54      0      0      0      0      0      0   1593   1755   2699      4      0      0      0 
 20260925    03:24:58       0     82     40     54      0      0      0      0      0      0   1593   1755   2699      4      0      0      3 
 20260925    03:25:08       0     82     40     54      0      0      0      0      0      0   1593   1755   2699      4      0      0      3 
 20260925    03:25:18       0     82     40     54      0      0      0      0      0      0   1593   1755   2699      4      0      0      3 
 20260925    03:25:29       0     82     40     54      0      0      0      0      0      0   1593   1755   2699      4      0      0      0 
 20260925    03:25:39       0     82     40     54      0      0      0      0      0      0   1593   1755   2699      4      0      0      0 
 20260925    03:25:49       0     82     40     54      0      0      0      0      0      0   1593   1755   2699      4      0      0      3 
 20260925    03:25:59       0     82     40     54      0      0      0      0      0      0   1593   1755   2699      4      0      0      0 
 20260925    03:26:09       0     82     40     54      0      0      0      0      0      0   1593   1755   2699      4      0      0      0 
 20260925    03:26:19       0     82     40     54      0      0      0      0      0      0   1593   1755   2699      4      0      0      0 
 20260925    03:26:29       0     82     40     53      0      0      0      0      0      0   1593   1755   2699      4      0      0      3 
 20260925    03:26:39       0     82     40     53      0      0      0      0      0      0   1593   1755   2699      4      0      0      0 
 20260925    03:26:49       0     82     40     53      0      0      0      0      0      0   1593   1755   2699      4      0      0      0 
 20260925    03:26:59       0     82     40     53      0      0      0      0      0      0   1593   1755   2699      4      0      0      0 
 20260925    03:27:09       0     82     40     53      0      0      0      0      0      0   1593   1755   2699      4      0      0      0 
 20260925    03:27:19       0     82     40     53      0      0      0      0      0      0   1593   1755   2699      4      0      0      0 
 20260925    03:27:29       0     82     40     53      0      0      0      0      0      0   1593   1755   2699      4      0      0      0 
 20260925    03:27:39       0     82     40     53      0      0      0      0      0      0   1593   1755   2699      4      0      0      0 
 20260925    03:27:49       0     82     40     53      0      0      0      0      0      0   1593   1755   2699      4      0      0      0 
#Date        Time         gpu    pwr  gtemp  mtemp     sm    mem    enc    dec    jpg    ofa   mclk   pclk     fb   bar1   ccpm  rxpci  txpci 
#YYYYMMDD    HH:MM:SS     Idx      W      C      C      %      %      %      %      %      %    MHz    MHz     MB     MB     MB   MB/s   MB/s 
 20260925    03:27:59       0     82     40     53      0      0      0      0      0      0   1593   1755   2699      4      0      0      0 
 20260925    03:28:09       0     82     40     53      0      0      0      0      0      0   1593   1755   2699      4      0      0      3 
 20260925    03:28:19       0     82     40     53      0      0      0      0      0      0   1593   1755   2699      4      0      0      0 
 20260925    03:28:29       0     82     40     53      0      0      0      0      0      0   1593   1755   2699      4      0      0      0 
 20260925    03:28:39       0     82     40     53      0      0      0      0      0      0   1593   1755   2699      4      0      0      0 
 20260925    03:28:49       0     82     40     53      0      0      0      0      0      0   1593   1755   2699      4      0      0      3 
 20260925    03:29:00       0     82     40     53      0      0      0      0      0      0   1593   1755   2699      4      0      3      0 
 20260925    03:29:10       0     82     40     54      0      0      0      0      0      0   1593   1755   2699      4      0      0      0 
 20260925    03:29:20       0     82     40     54      0      0      0      0      0      0   1593   1755   2699      4      0      0      0 
 20260925    03:29:30       0     82     40     54      0      0      0      0      0      0   1593   1755   2699      4      0      0      0 
 20260925    03:29:40       0     82     40     54      0      0      0      0      0      0   1593   1755   2699      4      0      0      3 
 20260925    03:29:50       0     82     40     54      0      0      0      0      0      0   1593   1755   2699      4      0      0      0 
 20260925    03:30:00       0     82     40     54      0      0      0      0      0      0   1593   1755   2699      4      0      0      3 
 20260925    03:30:10       0     82     40     54      0      0      0      0      0      0   1593   1755   2699      4      0      0      3 
 20260925    03:30:20       0     82     40     54      0      0      0      0      0      0   1593   1755   2699      4      0      0      0 
 20260925    03:30:30       0     82     40     54      0      0      0      0      0      0   1593   1755   2699      4      0      0      0 
 20260925    03:30:40       0     82     40     54      0      0      0      0      0      0   1593   1755   2699      4      0      0      0 
 20260925    03:30:50       0     82     40     54      0      0      0      0      0      0   1593   1755   2699      4      0      0      0 
 20260925    03:31:00       0     82     40     54      0      0      0      0      0      0   1593   1755   2699      4      0      0      0 
 20260925    03:31:10       0     82     40     54      0      0      0      0      0      0   1593   1755   2699      4      0      0      0 
 20260925    03:31:20       0     82     40     54      0      0      0      0      0      0   1593   1755   2699      4      0      0      3 
 20260925    03:31:30       0     82     40     54      0      0      0      0      0      0   1593   1755   2699      4      0      0      0 
 20260925    03:31:40       0     82     40     54      0      0      0      0      0      0   1593   1755   2699      4      0      0      0 
 20260925    03:31:50       0     82     40     54      0      0      0      0      0      0   1593   1755   2699      4      0      0      0 
 20260925    03:32:00       0     82     40     54      0      0      0      0      0      0   1593   1755   2699      4      0      0      0 
 20260925    03:32:10       0     82     40     54      0      0      0      0      0      0   1593   1755   2699      4      0     92      6 
 20260925    03:32:21       0     82     40     54      0      0      0      0      0      0   1593   1755   2699      4      0      0      0 
 20260925    03:32:31       0     82     40     54      0      0      0      0      0      0   1593   1755   2699      4      0      0      0 
 20260925    03:32:41       0     82     40     54      0      0      0      0      0      0   1593   1755   2699      4      0      0      0 
 20260925    03:32:51       0     82     40     54      0      0      0      0      0      0   1593   1755   2699      4      0      0      0 
 20260925    03:33:01       0     82     40     54      0      0      0      0      0      0   1593   1755   2699      4      0      0      0 
 20260925    03:33:11       0     82     40     54      0      0      0      0      0      0   1593   1755   2699      4      0      0      0 
 20260925    03:33:21       0     82     40     54      0      0      0      0      0      0   1593   1755   2699      4      0      0      0 
 20260925    03:33:31       0     82     40     54      0      0      0      0      0      0   1593   1755   2699      4      0      0      0 
 20260925    03:33:41       0     82     40     54      0      0      0      0      0      0   1593   1755   2699      4      0      0      3 
 20260925    03:33:51       0     82     40     54      0      0      0      0      0      0   1593   1755   2699      4      0      0      0 
 20260925    03:34:01       0     82     40     54      0      0      0      0      0      0   1593   1755   2699      4      0      0      0 
 20260925    03:34:11       0     82     40     54      0      0      0      0      0      0   1593   1755   2699      4      0      0      0 
 20260925    03:34:21       0     82     40     54      0      0      0      0      0      0   1593   1755   2699      4      0      0      0 
 20260925    03:34:31       0     82     40     54      0      0      0      0      0      0   1593   1755   2699      4      0      0      0 
 20260925    03:34:41       0     82     40     54      0      0      0      0      0      0   1593   1755   2699      4      0      0      3 
 20260925    03:34:51       0     82     40     54      0      0      0      0      0      0   1593   1755   2699      4      0      0      3 
 20260925    03:35:01       0     82     40     54      0      0      0      0      0      0   1593   1755   2699      4      0      0      0 
 20260925    03:35:11       0     82     40     54      0      0      0      0      0      0   1593   1755   2699      4      0      0      0 
#Date        Time         gpu    pwr  gtemp  mtemp     sm    mem    enc    dec    jpg    ofa   mclk   pclk     fb   bar1   ccpm  rxpci  txpci 
#YYYYMMDD    HH:MM:SS     Idx      W      C      C      %      %      %      %      %      %    MHz    MHz     MB     MB     MB   MB/s   MB/s 
 20260925    03:35:21       0     82     40     54      0      0      0      0      0      0   1593   1755   2699      4      0      0      0 
 20260925    03:35:31       0     82     40     54      0      0      0      0      0      0   1593   1755   2699      4      0      0      0 
 20260925    03:35:41       0     82     40     54      0      0      0      0      0      0   1593   1755   2699      4      0      0      0 
 20260925    03:35:52       0     82     40     54      0      0      0      0      0      0   1593   1755   2699      4      0      0      0 
 20260925    03:36:02       0     82     40     54      0      0      0      0      0      0   1593   1755   2699      4      0      0      0 
 20260925    03:36:12       0     82     40     54      0      0      0      0      0      0   1593   1755   2699      4      0      0      0 
 20260925    03:36:22       0     82     40     54      0      0      0      0      0      0   1593   1755   2699      4      0      0      0 
 20260925    03:36:32       0     82     40     54      0      0      0      0      0      0   1593   1755   2699      4      0      0      0 
 20260925    03:36:42       0     82     40     54      0      0      0      0      0      0   1593   1755   2699      4      0      0      0 
 20260925    03:36:52       0     82     40     54      0      0      0      0      0      0   1593   1755   2699      4      0      0      0 
 20260925    03:37:02       0     82     40     54      0      0      0      0      0      0   1593   1755   2699      4      0      0      0 
 20260925    03:37:12       0     82     40     54      0      0      0      0      0      0   1593   1755   2699      4      0      0      0 
 20260925    03:37:22       0     82     40     54      0      0      0      0      0      0   1593   1755   2699      4      0      0      3 
 20260925    03:37:32       0     82     40     54      0      0      0      0      0      0   1593   1755   2699      4      0      0      0 
 20260925    03:37:42       0     82     40     54      0      0      0      0      0      0   1593   1755   2699      4      0      0      0 
 20260925    03:37:52       0     82     40     54      0      0      0      0      0      0   1593   1755   2699      4      0      0      0 
 20260925    03:38:02       0     82     40     54      0      0      0      0      0      0   1593   1755   2699      4      0      0      3 
 20260925    03:38:12       0     82     40     54      0      0      0      0      0      0   1593   1755   2699      4      0      0      0 
 20260925    03:38:22       0     82     40     54      0      0      0      0      0      0   1593   1755   2699      4      0      0      0 
 20260925    03:38:32       0     82     40     54      0      0      0      0      0      0   1593   1755   2699      4      0      0      3 
 20260925    03:38:42       0     82     40     54      0      0      0      0      0      0   1593   1755   2699      4      0      0      3 
 20260925    03:38:52       0     82     40     54      0      0      0      0      0      0   1593   1755   2699      4      0      0      0 
 20260925    03:39:02       0     82     40     54      0      0      0      0      0      0   1593   1755   2699      4      0      0      3 
 20260925    03:39:12       0     82     40     54      0      0      0      0      0      0   1593   1755   2699      4      0      0      0 
 20260925    03:39:23       0     82     40     54      0      0      0      0      0      0   1593   1755   2699      4      0      0      0 
 20260925    03:39:33       0     82     40     54      0      0      0      0      0      0   1593   1755   2699      4      0      0      0 
 20260925    03:39:43       0     82     40     54      0      0      0      0      0      0   1593   1755   2699      4      0      0      0 
 20260925    03:39:53       0     82     40     54      0      0      0      0      0      0   1593   1755   2699      4      0      0      0 
 20260925    03:40:03       0     82     40     54      0      0      0      0      0      0   1593   1755   2699      4      0      0      0 
 20260925    03:40:13       0     82     40     54      0      0      0      0      0      0   1593   1755   9139      4      0      0      0 
 20260925    03:40:23       0     82     40     54      0      0      0      0      0      0   1593   1755   9139      4      0      0      0 
 20260925    03:40:33       0     82     40     54      0      0      0      0      0      0   1593   1755   9139      4      0      0      3 
 20260925    03:40:43       0     82     40     54      0      0      0      0      0      0   1593   1755   9139      4      0      0      0 
 20260925    03:40:53       0     82     40     53      0      0      0      0      0      0   1593   1755   9139      4      0      0      0 
 20260925    03:41:03       0     82     40     53      0      0      0      0      0      0   1593   1755   9139      4      0      0      0 
 20260925    03:41:13       0     82     40     53      0      0      0      0      0      0   1593   1755   9139      4      0      0      0 
 20260925    03:41:23       0     82     40     53      0      0      0      0      0      0   1593   1755   9139      4      0      0      0 
 20260925    03:41:33       0     82     40     53      0      0      0      0      0      0   1593   1755   9139      4      0      0      0 
 20260925    03:41:43       0     82     40     53      0      0      0      0      0      0   1593   1755   9139      4      0      0      3 
 20260925    03:41:53       0     82     40     53      0      0      0      0      0      0   1593   1755   9139      4      0      1      0 
 20260925    03:42:03       0     82     40     53      0      0      0      0      0      0   1593   1755   9139      4      0      0      0 
 20260925    03:42:13       0     82     40     53      0      0      0      0      0      0   1593   1755   9139      4      0      0      0 
 20260925    03:42:23       0     82     40     53      0      0      0      0      0      0   1593   1755   9139      4      0      0      0 
 20260925    03:42:33       0     82     40     53      0      0      0      0      0      0   1593   1755   9139      4      0      0      0 
#Date        Time         gpu    pwr  gtemp  mtemp     sm    mem    enc    dec    jpg    ofa   mclk   pclk     fb   bar1   ccpm  rxpci  txpci 
#YYYYMMDD    HH:MM:SS     Idx      W      C      C      %      %      %      %      %      %    MHz    MHz     MB     MB     MB   MB/s   MB/s 
 20260925    03:42:43       0     82     40     53      0      0      0      0      0      0   1593   1755   9139      4      0      0      0 
 20260925    03:42:54       0     82     40     53      0      0      0      0      0      0   1593   1755   9139      4      0      0      3 
 20260925    03:43:04       0     82     40     53      0      0      0      0      0      0   1593   1755   9139      4      0      0      0 
 20260925    03:43:14       0     82     40     53      0      0      0      0      0      0   1593   1755   9139      4      0      0      0 
 20260925    03:43:24       0     82     40     53      0      0      0      0      0      0   1593   1755   9139      4      0      0      3 
 20260925    03:43:34       0     82     40     53      0      0      0      0      0      0   1593   1755   9139      4      0      0      0 
 20260925    03:43:44       0     82     40     53      0      0      0      0      0      0   1593   1755   9139      4      0      0      0 
 20260925    03:43:54       0     82     40     53      0      0      0      0      0      0   1593   1755   9139      4      0      0      0 
 20260925    03:44:04       0     82     40     53      0      0      0      0      0      0   1593   1755   9139      4      0      0      0 
 20260925    03:44:14       0     82     40     53      0      0      0      0      0      0   1593   1755   9139      4      0      0      0 
 20260925    03:44:24       0     82     40     54      0      0      0      0      0      0   1593   1755   9139      4      0      0      0 
 20260925    03:44:34       0     82     40     53      0      0      0      0      0      0   1593   1755   9139      4      0      0      3 
 20260925    03:44:44       0     82     40     53      0      0      0      0      0      0   1593   1755   9139      4      0      0      0 
 20260925    03:44:54       0     82     40     53      0      0      0      0      0      0   1593   1755   9139      4      0      0      0 
 20260925    03:45:04       0     82     40     53      0      0      0      0      0      0   1593   1755   9139      4      0      0      0 
 20260925    03:45:14       0     82     40     53      0      0      0      0      0      0   1593   1755   9139      4      0      0      0 
 20260925    03:45:24       0     82     40     53      0      0      0      0      0      0   1593   1755   9139      4      0      0      0 
 20260925    03:45:34       0     82     40     53      0      0      0      0      0      0   1593   1755   9139      4      0      0      0 
 20260925    03:45:44       0     82     40     53      0      0      0      0      0      0   1593   1755   9139      4      0      0      0 
 20260925    03:45:54       0     82     40     53      0      0      0      0      0      0   1593   1755   9139      4      0      0      0 
 20260925    03:46:04       0     82     40     53      0      0      0      0      0      0   1593   1755   9139      4      0      0      0 
 20260925    03:46:14       0     82     40     54      0      0      0      0      0      0   1593   1755   9139      4      0      0      0 
 20260925    03:46:24       0     82     40     54      0      0      0      0      0      0   1593   1755   9139      4      0      0      3 
 20260925    03:46:35       0     82     40     54      0      0      0      0      0      0   1593   1755   9139      4      0      0      0 
 20260925    03:46:45       0     82     40     54      0      0      0      0      0      0   1593   1755   9139      4      0      0      0 
 20260925    03:46:55       0     82     40     54      0      0      0      0      0      0   1593   1755   9139      4      0      0      3 
 20260925    03:47:05       0     82     40     54      0      0      0      0      0      0   1593   1755   9139      4      0      0      0 
 20260925    03:47:15       0     82     40     54      0      0      0      0      0      0   1593   1755   9139      4      0      0      0 
 20260925    03:47:25       0     82     40     54      0      0      0      0      0      0   1593   1755   9139      4      0      0      3 
 20260925    03:47:35       0     82     40     54      0      0      0      0      0      0   1593   1755   9139      4      0      0      0 
 20260925    03:47:45       0     82     40     54      0      0      0      0      0      0   1593   1755   9139      4      0      0      0 
 20260925    03:47:55       0     82     40     54      0      0      0      0      0      0   1593   1755   9139      4      0      0      0 
 20260925    03:48:05       0     82     40     54      0      0      0      0      0      0   1593   1755   9139      4      0      0      0 
 20260925    03:48:15       0     82     40     54      0      0      0      0      0      0   1593   1755   9139      4      0      0      0 
 20260925    03:48:25       0     82     40     54      0      0      0      0      0      0   1593   1755   9139      4      0      0      0 
 20260925    03:48:35       0     82     40     54      0      0      0      0      0      0   1593   1755   9139      4      0      0      0 
 20260925    03:48:45       0     82     40     54      0      0      0      0      0      0   1593   1755   9139      4      0      0      0 
 20260925    03:48:55       0     82     40     54      0      0      0      0      0      0   1593   1755   9139      4      0      0      3 
 20260925    03:49:05       0     82     40     54      0      0      0      0      0      0   1593   1755   9139      4      0      0      0 
 20260925    03:49:15       0     82     40     54      0      0      0      0      0      0   1593   1755   9139      4      0      0      0 
 20260925    03:49:25       0     82     40     54      0      0      0      0      0      0   1593   1755   9139      4      0      0      3 
 20260925    03:49:35       0     82     40     54      0      0      0      0      0      0   1593   1755   9139      4      0      0      0 
 20260925    03:49:45       0     82     40     54      0      0      0      0      0      0   1593   1755   9139      4      0      0      0 
 20260925    03:49:55       0     82     40     54      0      0      0      0      0      0   1593   1755   9139      4      0      0      0 
#Date        Time         gpu    pwr  gtemp  mtemp     sm    mem    enc    dec    jpg    ofa   mclk   pclk     fb   bar1   ccpm  rxpci  txpci 
#YYYYMMDD    HH:MM:SS     Idx      W      C      C      %      %      %      %      %      %    MHz    MHz     MB     MB     MB   MB/s   MB/s 
 20260925    03:50:06       0     82     40     54      0      0      0      0      0      0   1593   1755   9139      4      0      0      0 
 20260925    03:50:16       0     82     40     54      0      0      0      0      0      0   1593   1755   9139      4      0      0      0 
 20260925    03:50:26       0     82     40     54      0      0      0      0      0      0   1593   1755   9139      4      0      0      3 
 20260925    03:50:36       0     82     40     54      0      0      0      0      0      0   1593   1755   9139      4      0      0      0 
 20260925    03:50:46       0     82     40     54      0      0      0      0      0      0   1593   1755   9139      4      0      0      0 
 20260925    03:50:56       0     82     40     54      0      0      0      0      0      0   1593   1755   9139      4      0      0      0 
 20260925    03:51:06       0     82     40     54      0      0      0      0      0      0   1593   1755   9139      4      0      0      0 
 20260925    03:51:16       0     82     40     54      0      0      0      0      0      0   1593   1755   9139      4      0      0      0 
 20260925    03:51:26       0     82     40     54      0      0      0      0      0      0   1593   1755   9139      4      0      0      0 
 20260925    03:51:36       0     82     40     54      0      0      0      0      0      0   1593   1755   9139      4      0      0      3 
 20260925    03:51:46       0     82     40     54      0      0      0      0      0      0   1593   1755   9139      4      0      0      0 
 20260925    03:51:56       0     82     40     54      0      0      0      0      0      0   1593   1755   9139      4      0      0      0 
 20260925    03:52:06       0     82     40     54      0      0      0      0      0      0   1593   1755   9139      4      0      0      3 
 20260925    03:52:16       0     82     40     54      0      0      0      0      0      0   1593   1755   9139      4      0      0      0 
 20260925    03:52:26       0     82     40     53      0      0      0      0      0      0   1593   1755   9139      4      0      0      0 
 20260925    03:52:36       0     82     40     53      0      0      0      0      0      0   1593   1755   9139      4      0      0      0 
 20260925    03:52:46       0     82     40     53      0      0      0      0      0      0   1593   1755   9139      4      0      0      0 
 20260925    03:52:56       0     82     40     53      0      0      0      0      0      0   1593   1755   9139      4      0      0      0 
 20260925    03:53:06       0     82     40     53      0      0      0      0      0      0   1593   1755   9139      4      0      0      0 
 20260925    03:53:16       0     82     40     53      0      0      0      0      0      0   1593   1755   9139      4      0      0      3 
 20260925    03:53:26       0     82     40     54      0      0      0      0      0      0   1593   1755   9139      4      0      0      0 
 20260925    03:53:36       0     82     40     53      0      0      0      0      0      0   1593   1755   9139      4      0      0      3 
 20260925    03:53:47       0     82     40     53      0      0      0      0      0      0   1593   1755   9139      4      0      0      0 
 20260925    03:53:57       0     82     40     53      0      0      0      0      0      0   1593   1755   9139      4      0      0      0 
 20260925    03:54:07       0     82     40     53      0      0      0      0      0      0   1593   1755   9139      4      0      0      0 
 20260925    03:54:17       0     82     40     53      0      0      0      0      0      0   1593   1755   9139      4      0      0      0 
 20260925    03:54:27       0     82     40     53      0      0      0      0      0      0   1593   1755   9139      4      0      0      0 
 20260925    03:54:37       0     83     40     53      0      0      0      0      0      0   1593   1755   9139      4      0      0      0 
 20260925    03:54:47       0     83     40     54      0      0      0      0      0      0   1593   1755   9139      4      0      0      0 
 20260925    03:54:57       0     83     40     53      0      0      0      0      0      0   1593   1755   9139      4      0      0      0 
 20260925    03:55:07       0     83     40     54      0      0      0      0      0      0   1593   1755   9139      4      0      0      3 
 20260925    03:55:17       0     83     40     55      0      0      0      0      0      0   1593   1755   9139      4      0      0      0 
 20260925    03:55:27       0     83     41     54      0      0      0      0      0      0   1593   1755   9139      4      0      0      0 
 20260925    03:55:37       0     83     41     54      0      0      0      0      0      0   1593   1755   9139      4      0      0      0 
 20260925    03:55:47       0     83     41     54      0      0      0      0      0      0   1593   1755   9139      4      0      0      3 
 20260925    03:55:57       0     83     41     55      0      0      0      0      0      0   1593   1755   9139      4      0      0      0 
 20260925    03:56:07       0     83     41     55      0      0      0      0      0      0   1593   1755   9139      4      0      0      3 
 20260925    03:56:17       0     83     41     54      0      0      0      0      0      0   1593   1755   9139      4      0      0      0 
 20260925    03:56:27       0     83     41     54      0      0      0      0      0      0   1593   1755   9139      4      0      0      0 
 20260925    03:56:37       0     83     41     55      0      0      0      0      0      0   1593   1755   9139      4      0      0      3 
 20260925    03:56:47       0     83     41     55      0      0      0      0      0      0   1593   1755   9139      4      0      0      0 
 20260925    03:56:57       0     83     41     55      0      0      0      0      0      0   1593   1755   9139      4      0      0      3 
 20260925    03:57:07       0     83     41     55      0      0      0      0      0      0   1593   1755   9139      4      0      0      3 
 20260925    03:57:18       0     83     41     54      0      0      0      0      0      0   1593   1755   9139      4      0      0      0 
#Date        Time         gpu    pwr  gtemp  mtemp     sm    mem    enc    dec    jpg    ofa   mclk   pclk     fb   bar1   ccpm  rxpci  txpci 
#YYYYMMDD    HH:MM:SS     Idx      W      C      C      %      %      %      %      %      %    MHz    MHz     MB     MB     MB   MB/s   MB/s 
 20260925    03:57:28       0     83     41     55      0      0      0      0      0      0   1593   1755   9139      4      0      0      0 
 20260925    03:57:38       0     83     41     54      0      0      0      0      0      0   1593   1755   9139      4      0      0      3 
 20260925    03:57:48       0     83     41     55      0      0      0      0      0      0   1593   1755   9139      4      0      0      0 
 20260925    03:57:58       0     83     41     54      0      0      0      0      0      0   1593   1755   9139      4      0      0      0 
 20260925    03:58:08       0     83     41     55      0      0      0      0      0      0   1593   1755   9139      4      0      0      0 
 20260925    03:58:18       0     83     41     55      0      0      0      0      0      0   1593   1755   9139      4      0      0      0 
 20260925    03:58:28       0     83     41     55      0      0      0      0      0      0   1593   1755   9139      4      0      0      0 
 20260925    03:58:38       0     83     41     54      0      0      0      0      0      0   1593   1755   9139      4      0      0      0 
 20260925    03:58:48       0     83     41     54      0      0      0      0      0      0   1593   1755   9139      4      0      0      0 
 20260925    03:58:58       0     83     41     54      0      0      0      0      0      0   1593   1755   9139      4      0      0      0 
 20260925    03:59:08       0     83     41     54      0      0      0      0      0      0   1593   1755   9139      4      0      0      3 
 20260925    03:59:18       0     83     41     54      0      0      0      0      0      0   1593   1755   9139      4      0      0      0 
 20260925    03:59:28       0     83     41     54      0      0      0      0      0      0   1593   1755   9139      4      0      0      0 
 20260925    03:59:38       0     83     41     55      0      0      0      0      0      0   1593   1755   9139      4      0      0      0 
 20260925    03:59:48       0     83     41     55      0      0      0      0      0      0   1593   1755   9139      4      0      0      3 
 20260925    03:59:58       0     83     41     54      0      0      0      0      0      0   1593   1755   9139      4      0      0      0 
 20260925    04:00:08       0     83     41     54      0      0      0      0      0      0   1593   1755   9139      4      0      0      0 
 20260925    04:00:18       0     83     41     54      0      0      0      0      0      0   1593   1755   9139      4      0      0      5 
 20260925    04:00:28       0     83     41     53      0      0      0      0      0      0   1593   1755   9139      4      0      0      0 
 20260925    04:00:38       0     83     41     55      0      0      0      0      0      0   1593   1755   9139      4      0      0      0 
 20260925    04:00:48       0     83     41     54      0      0      0      0      0      0   1593   1755   9139      4      0      0      3 
 20260925    04:00:59       0     83     41     54      0      0      0      0      0      0   1593   1755   9139      4      0      0      0 
 20260925    04:01:09       0     83     41     53      0      0      0      0      0      0   1593   1755   9139      4      0      0      0 
 20260925    04:01:19       0     83     41     55      0      0      0      0      0      0   1593   1755   9139      4      0      0      0 
 20260925    04:01:29       0     83     41     55      0      0      0      0      0      0   1593   1755   9139      4      0      0      0 
 20260925    04:01:39       0     83     41     54      0      0      0      0      0      0   1593   1755   9139      4      0      0      0 
 20260925    04:01:49       0     83     41     54      0      0      0      0      0      0   1593   1755   9139      4      0      0      3 
 20260925    04:01:59       0     83     41     55      0      0      0      0      0      0   1593   1755   9139      4      0      0      0 
 20260925    04:02:09       0     83     41     55      0      0      0      0      0      0   1593   1755   9139      4      0      0      0 
 20260925    04:02:19       0     83     41     54      0      0      0      0      0      0   1593   1755   9139      4      0      0      0 
 20260925    04:02:29       0     83     41     54      0      0      0      0      0      0   1593   1755   9139      4      0      0      0 
 20260925    04:02:39       0     83     41     55      0      0      0      0      0      0   1593   1755   9139      4      0      0      3 
 20260925    04:02:49       0     83     41     55      0      0      0      0      0      0   1593   1755   9139      4      0      0      0 
 20260925    04:02:59       0     83     41     55      0      0      0      0      0      0   1593   1755   9139      4      0      0      0 
 20260925    04:03:09       0     83     41     54      0      0      0      0      0      0   1593   1755   9139      4      0      0      0 
 20260925    04:03:19       0     83     41     54      0      0      0      0      0      0   1593   1755   9139      4      0      0      0 
 20260925    04:03:29       0     83     41     54      0      0      0      0      0      0   1593   1755   9139      4      0      0      0 
 20260925    04:03:39       0     83     41     55      0      0      0      0      0      0   1593   1755   9139      4      0      0      0 
 20260925    04:03:49       0     83     41     54      0      0      0      0      0      0   1593   1755   9139      4      0      0      0 
 20260925    04:03:59       0     83     41     54      0      0      0      0      0      0   1593   1755   9139      4      0      0      3 
 20260925    04:04:09       0     83     41     55      0      0      0      0      0      0   1593   1755   9139      4      0      0      0 
 20260925    04:04:20       0     83     41     55      0      0      0      0      0      0   1593   1755   9139      4      0      0      0 
 20260925    04:04:30       0     83     41     54      0      0      0      0      0      0   1593   1755   9139      4      0      0     18 
 20260925    04:04:40       0     83     41     54      0      0      0      0      0      0   1593   1755   9139      4      0      0      3 
#Date        Time         gpu    pwr  gtemp  mtemp     sm    mem    enc    dec    jpg    ofa   mclk   pclk     fb   bar1   ccpm  rxpci  txpci 
#YYYYMMDD    HH:MM:SS     Idx      W      C      C      %      %      %      %      %      %    MHz    MHz     MB     MB     MB   MB/s   MB/s 
 20260925    04:04:50       0     83     41     55      0      0      0      0      0      0   1593   1755   9139      4      0      0      0 
 20260925    04:05:00       0     83     41     54      0      0      0      0      0      0   1593   1755   9139      4      0      0      0 
 20260925    04:05:10       0     83     41     54      0      0      0      0      0      0   1593   1755   9139      4      0      0      0 
 20260925    04:05:20       0     83     41     55      0      0      0      0      0      0   1593   1755   9139      4      0      0      3 
 20260925    04:05:30       0     83     41     54      0      0      0      0      0      0   1593   1755   9139      4      0      0      0 
 20260925    04:05:40       0     83     41     55      0      0      0      0      0      0   1593   1755   9139      4      0      0      0 
 20260925    04:05:50       0     83     41     54      0      0      0      0      0      0   1593   1755   9139      4      0      0      0 
 20260925    04:06:00       0     83     41     55      0      0      0      0      0      0   1593   1755   9139      4      0      0      0 
 20260925    04:06:10       0     83     41     54      0      0      0      0      0      0   1593   1755   9139      4      0      0      0 
 20260925    04:06:20       0     83     41     54      0      0      0      0      0      0   1593   1755   9139      4      0      0      3 
 20260925    04:06:30       0     83     41     55      0      0      0      0      0      0   1593   1755   9139      4      0      0      0 
 20260925    04:06:40       0     83     41     55      0      0      0      0      0      0   1593   1755   9139      4      0      0      0 
 20260925    04:06:50       0     83     41     55      0      0      0      0      0      0   1593   1755   9139      4      0      0      0 
 20260925    04:07:00       0     83     41     55      0      0      0      0      0      0   1593   1755   9139      4      0      0      0 
 20260925    04:07:10       0     83     41     54      0      0      0      0      0      0   1593   1755   9139      4      0      0      0 
 20260925    04:07:20       0     83     41     54      0      0      0      0      0      0   1593   1755   9139      4      0      0      0 
 20260925    04:07:30       0     83     41     54      0      0      0      0      0      0   1593   1755   9139      4      0      0      0 
 20260925    04:07:40       0     83     41     54      0      0      0      0      0      0   1593   1755   9139      4      0      0      0 
 20260925    04:07:51       0     83     41     55      0      0      0      0      0      0   1593   1755   9139      4      0      0      0 
 20260925    04:08:01       0     83     41     55      0      0      0      0      0      0   1593   1755   9139      4      0      0      0 
 20260925    04:08:11       0     83     41     55      0      0      0      0      0      0   1593   1755   9139      4      0      0      0 
 20260925    04:08:21       0     83     41     54      0      0      0      0      0      0   1593   1755   9139      4      0      0      0 
 20260925    04:08:31       0     83     41     54      0      0      0      0      0      0   1593   1755   9139      4      0      0      0 
 20260925    04:08:41       0     83     41     54      0      0      0      0      0      0   1593   1755   9139      4      0      0      0 
 20260925    04:08:51       0     83     41     54      0      0      0      0      0      0   1593   1755   9139      4      0      0      0 
 20260925    04:09:01       0     83     41     54      0      0      0      0      0      0   1593   1755   9139      4      0      0      0 
 20260925    04:09:11       0     83     41     55      0      0      0      0      0      0   1593   1755   9139      4      0      0      0 
 20260925    04:09:21       0     83     41     53      0      0      0      0      0      0   1593   1755   9139      4      0      0      0 
 20260925    04:09:31       0     83     41     55      0      0      0      0      0      0   1593   1755   9139      4      0      0      0 
 20260925    04:09:41       0     83     41     55      0      0      0      0      0      0   1593   1755   9139      4      0      0      3 
 20260925    04:09:51       0     83     41     55      0      0      0      0      0      0   1593   1755   9139      4      0      0      0 
 20260925    04:10:01       0     83     41     55      0      0      0      0      0      0   1593   1755   9139      4      0      0      0 
 20260925    04:10:11       0     83     41     54      0      0      0      0      0      0   1593   1755  34915      4      0      0      0 
 20260925    04:10:21       0     83     41     54      0      0      0      0      0      0   1593   1755  34915      4      0      0      0 
 20260925    04:10:31       0     83     41     54      0      0      0      0      0      0   1593   1755  34915      4      0      0      3 
 20260925    04:10:41       0     83     41     55      0      0      0      0      0      0   1593   1755  34915      4      0      0      0 
 20260925    04:10:51       0     83     41     54      0      0      0      0      0      0   1593   1755  34915      4      0      0      0 
 20260925    04:11:01       0     83     41     54      0      0      0      0      0      0   1593   1755  34915      4      0      0      0 
 20260925    04:11:11       0     83     41     54      0      0      0      0      0      0   1593   1755  34915      4      0      0      3 
 20260925    04:11:21       0     83     41     54      0      0      0      0      0      0   1593   1755  34915      4      0      0      0 
 20260925    04:11:32       0     83     41     54      0      0      0      0      0      0   1593   1755  34915      4      0      0      0 
 20260925    04:11:42       0     83     41     55      0      0      0      0      0      0   1593   1755  34915      4      0      0      0 
 20260925    04:11:52       0     83     41     55      0      0      0      0      0      0   1593   1755  34915      4      0      0      0 
 20260925    04:12:02       0     83     41     55      0      0      0      0      0      0   1593   1755  34915      4      0      0      0 
#Date        Time         gpu    pwr  gtemp  mtemp     sm    mem    enc    dec    jpg    ofa   mclk   pclk     fb   bar1   ccpm  rxpci  txpci 
#YYYYMMDD    HH:MM:SS     Idx      W      C      C      %      %      %      %      %      %    MHz    MHz     MB     MB     MB   MB/s   MB/s 
 20260925    04:12:12       0     83     41     54      0      0      0      0      0      0   1593   1755  34915      4      0      0      0 
 20260925    04:12:22       0     83     41     54      0      0      0      0      0      0   1593   1755  34915      4      0      0      0 
 20260925    04:12:32       0     83     41     55      0      0      0      0      0      0   1593   1755  34915      4      0      0      0 
 20260925    04:12:42       0     83     41     54      0      0      0      0      0      0   1593   1755  34915      4      0      0      0 
 20260925    04:12:52       0     83     41     54      0      0      0      0      0      0   1593   1755  34915      4      0      0      0 
 20260925    04:13:02       0     83     41     55      0      0      0      0      0      0   1593   1755  34915      4      0      0      3 
 20260925    04:13:12       0     83     41     55      0      0      0      0      0      0   1593   1755  34915      4      0      0      3 
 20260925    04:13:22       0     83     41     54      0      0      0      0      0      0   1593   1755  34915      4      0      0      3 
 20260925    04:13:32       0     83     41     54      0      0      0      0      0      0   1593   1755  34915      4      0      0      3 
 20260925    04:13:42       0     83     41     55      0      0      0      0      0      0   1593   1755  34915      4      0      0      0 
 20260925    04:13:52       0     83     41     54      0      0      0      0      0      0   1593   1755  34915      4      0      0      0 
 20260925    04:14:02       0     83     41     54      0      0      0      0      0      0   1593   1755  34915      4      0      0      0 
 20260925    04:14:12       0     83     41     54      0      0      0      0      0      0   1593   1755  34915      4      0      0      0 
 20260925    04:14:22       0     83     41     54      0      0      0      0      0      0   1593   1755  34915      4      0      0      0 
 20260925    04:14:32       0     83     41     54      0      0      0      0      0      0   1593   1755  34915      4      0      2      3 
 20260925    04:14:42       0     83     41     55      0      0      0      0      0      0   1593   1755  34915      4      0      0      3 
 20260925    04:14:52       0     83     41     55      0      0      0      0      0      0   1593   1755  34915      4      0      0      0 
 20260925    04:15:02       0     83     41     54      0      0      0      0      0      0   1593   1755  34915      4      0      0      0 
 20260925    04:15:13       0     83     41     54      0      0      0      0      0      0   1593   1755  34915      4      0      0      0 
 20260925    04:15:23       0     83     41     55      0      0      0      0      0      0   1593   1755  34915      4      0      0      0 
 20260925    04:15:33       0     83     41     55      0      0      0      0      0      0   1593   1755  34915      4      0      0      0 
 20260925    04:15:43       0     83     41     55      0      0      0      0      0      0   1593   1755  34915      4      0      0      3 
 20260925    04:15:53       0     83     41     54      0      0      0      0      0      0   1593   1755  34915      4      0      0      0 
 20260925    04:16:03       0     83     41     54      0      0      0      0      0      0   1593   1755  34915      4      0      0      3 
 20260925    04:16:13       0     83     41     54      0      0      0      0      0      0   1593   1755  34915      4      0      0      0 
 20260925    04:16:23       0     83     41     55      0      0      0      0      0      0   1593   1755  34915      4      0      0      0 
 20260925    04:16:33       0     83     41     53      0      0      0      0      0      0   1593   1755  34915      4      0      0      3 
 20260925    04:16:43       0     83     41     54      0      0      0      0      0      0   1593   1755  34915      4      0      0      3 
 20260925    04:16:53       0     83     41     54      0      0      0      0      0      0   1593   1755  34915      4      0      0      0 
 20260925    04:17:03       0     83     41     55      0      0      0      0      0      0   1593   1755  34915      4      0      0      0 
 20260925    04:17:13       0     83     41     55      0      0      0      0      0      0   1593   1755  34915      4      0      0      3 
 20260925    04:17:23       0     83     41     54      0      0      0      0      0      0   1593   1755  34915      4      0      0      0 
 20260925    04:17:33       0     83     41     55      0      0      0      0      0      0   1593   1755  34915      4      0      0      0 
 20260925    04:17:43       0     83     41     53      0      0      0      0      0      0   1593   1755  34915      4      0      0      3 
 20260925    04:17:53       0     83     41     54      0      0      0      0      0      0   1593   1755  34915      4      0      0      0 
 20260925    04:18:03       0     83     41     54      0      0      0      0      0      0   1593   1755  34915      4      0      0      0 
 20260925    04:18:13       0     83     41     55      0      0      0      0      0      0   1593   1755  34915      4      0      0      3 
 20260925    04:18:23       0     83     41     55      0      0      0      0      0      0   1593   1755  34915      4      0      0      0 
 20260925    04:18:33       0     83     41     55      0      0      0      0      0      0   1593   1755  34915      4      0      0      0 
 20260925    04:18:44       0     83     41     55      0      0      0      0      0      0   1593   1755  34915      4      0      0      0 
 20260925    04:18:54       0     83     41     55      0      0      0      0      0      0   1593   1755  34915      4      0      0      3 
 20260925    04:19:04       0     83     41     55      0      0      0      0      0      0   1593   1755  34915      4      0      0      0 
 20260925    04:19:14       0     83     41     54      0      0      0      0      0      0   1593   1755  34915      4      0      0      0 
 20260925    04:19:24       0     83     41     55      0      0      0      0      0      0   1593   1755  34915      4      0      0      3 
#Date        Time         gpu    pwr  gtemp  mtemp     sm    mem    enc    dec    jpg    ofa   mclk   pclk     fb   bar1   ccpm  rxpci  txpci 
#YYYYMMDD    HH:MM:SS     Idx      W      C      C      %      %      %      %      %      %    MHz    MHz     MB     MB     MB   MB/s   MB/s 
 20260925    04:19:34       0     83     41     55      0      0      0      0      0      0   1593   1755  34915      4      0      0      0 
 20260925    04:19:44       0     83     41     54      0      0      0      0      0      0   1593   1755  34915      4      0      0      0 
 20260925    04:19:54       0     83     41     55      0      0      0      0      0      0   1593   1755  34915      4      0      0      0 
 20260925    04:20:04       0     83     41     54      0      0      0      0      0      0   1593   1755  34915      4      0      0      0 
 20260925    04:20:14       0     83     41     55      0      0      0      0      0      0   1593   1755  34915      4      0      0      3 
 20260925    04:20:24       0     83     41     55      0      0      0      0      0      0   1593   1755  34915      4      0      0      3 
 20260925    04:20:34       0     83     41     55      0      0      0      0      0      0   1593   1755  34915      4      0      0      0 
 20260925    04:20:44       0     83     41     55      0      0      0      0      0      0   1593   1755  34915      4      0      0      0 
 20260925    04:20:54       0     83     41     55      0      0      0      0      0      0   1593   1755  34915      4      0      0      3 
 20260925    04:21:04       0     83     41     54      0      0      0      0      0      0   1593   1755  34915      4      0      0      0 
 20260925    04:21:14       0     83     41     54      0      0      0      0      0      0   1593   1755  34915      4      0      0      0 
 20260925    04:21:24       0     83     41     54      0      0      0      0      0      0   1593   1755  34915      4      0      0      3 
 20260925    04:21:34       0     83     41     54      0      0      0      0      0      0   1593   1755  34915      4      0      0      0 
 20260925    04:21:44       0     83     41     54      0      0      0      0      0      0   1593   1755  34915      4      0      0      0 
 20260925    04:21:54       0     83     41     54      0      0      0      0      0      0   1593   1755  34915      4      0      0      0 
 20260925    04:22:04       0     83     41     54      0      0      0      0      0      0   1593   1755  34915      4      0      0      0 
 20260925    04:22:15       0     83     41     55      0      0      0      0      0      0   1593   1755  34915      4      0      0      0 
 20260925    04:22:25       0     83     41     54      0      0      0      0      0      0   1593   1755  34915      4      0      0      0 
 20260925    04:22:35       0     83     41     55      0      0      0      0      0      0   1593   1755  34915      4      0      0      3 
 20260925    04:22:45       0     83     41     55      0      0      0      0      0      0   1593   1755  34915      4      0      1      0 
 20260925    04:22:55       0     83     41     54      0      0      0      0      0      0   1593   1755  34915      4      0      0      0 
 20260925    04:23:05       0     83     41     54      0      0      0      0      0      0   1593   1755  34915      4      0      0      0 
 20260925    04:23:15       0     83     41     54      0      0      0      0      0      0   1593   1755  34915      4      0      0      0 
 20260925    04:23:25       0     83     41     54      0      0      0      0      0      0   1593   1755  34915      4      0      0      0 
 20260925    04:23:35       0     83     41     55      0      0      0      0      0      0   1593   1755  34915      4      0      0      0 
 20260925    04:23:45       0     83     41     54      0      0      0      0      0      0   1593   1755  34915      4      0      0      0 
 20260925    04:23:55       0     83     41     55      0      0      0      0      0      0   1593   1755  34915      4      0      0      0 
 20260925    04:24:05       0     83     41     54      0      0      0      0      0      0   1593   1755  34915      4      0      0      0 
 20260925    04:24:15       0     83     41     55      0      0      0      0      0      0   1593   1755  34915      4      0      0      0 
 20260925    04:24:25       0     83     41     54      0      0      0      0      0      0   1593   1755  34915      4      0      0      0 
 20260925    04:24:35       0     83     41     55      0      0      0      0      0      0   1593   1755  34915      4      0      0      0 
 20260925    04:24:45       0     83     41     53      0      0      0      0      0      0   1593   1755  34915      4      0      0      0 
 20260925    04:24:55       0     83     41     55      0      0      0      0      0      0   1593   1755  34915      4      0      0      0 
 20260925    04:25:05       0     83     41     55      0      0      0      0      0      0   1593   1755  34915      4      0      0      0 
 20260925    04:25:15       0     83     41     55      0      0      0      0      0      0   1593   1755  34915      4      0      0      3 
 20260925    04:25:25       0     83     41     54      0      0      0      0      0      0   1593   1755  34915      4      0      0      0 
 20260925    04:25:35       0     83     41     54      0      0      0      0      0      0   1593   1755  34915      4      0      0      3 
 20260925    04:25:46       0     83     41     54      0      0      0      0      0      0   1593   1755  34915      4      0      1      0 
 20260925    04:25:56       0     83     41     54      0      0      0      0      0      0   1593   1755  34915      4      0      0      0 
 20260925    04:26:06       0     83     41     54      0      0      0      0      0      0   1593   1755  34915      4      0      0      0 
 20260925    04:26:16       0     83     41     54      0      0      0      0      0      0   1593   1755  34915      4      0      0      0 
 20260925    04:26:26       0     83     41     55      0      0      0      0      0      0   1593   1755  34915      4      0      0      3 
 20260925    04:26:36       0     83     41     55      0      0      0      0      0      0   1593   1755  34915      4      0      0      0 
 20260925    04:26:46       0     83     41     53      0      0      0      0      0      0   1593   1755  34915      4      0      0      0 
#Date        Time         gpu    pwr  gtemp  mtemp     sm    mem    enc    dec    jpg    ofa   mclk   pclk     fb   bar1   ccpm  rxpci  txpci 
#YYYYMMDD    HH:MM:SS     Idx      W      C      C      %      %      %      %      %      %    MHz    MHz     MB     MB     MB   MB/s   MB/s 
 20260925    04:26:56       0     83     41     54      0      0      0      0      0      0   1593   1755  34915      4      0      0      3 
 20260925    04:27:06       0     83     41     54      0      0      0      0      0      0   1593   1755  34915      4      0      0      0 
 20260925    04:27:16       0     83     41     54      0      0      0      0      0      0   1593   1755  34915      4      0      0      0 
 20260925    04:27:26       0     83     41     55      0      0      0      0      0      0   1593   1755  34915      4      0      0      0 
 20260925    04:27:36       0     83     41     55      0      0      0      0      0      0   1593   1755  34915      4      0      0      0 
 20260925    04:27:46       0     83     41     55      0      0      0      0      0      0   1593   1755  34915      4      0      0      3 
 20260925    04:27:56       0     83     41     54      0      0      0      0      0      0   1593   1755  34915      4      0      0      0 
 20260925    04:28:06       0     83     41     55      0      0      0      0      0      0   1593   1755  34915      4      0      0      0 
 20260925    04:28:16       0     83     41     54      0      0      0      0      0      0   1593   1755  34915      4      0      0      0 
 20260925    04:28:26       0     83     41     54      0      0      0      0      0      0   1593   1755  34915      4      0      0      3 
 20260925    04:28:36       0     83     41     55      0      0      0      0      0      0   1593   1755  34915      4      0      0      0 
 20260925    04:28:46       0     83     41     55      0      0      0      0      0      0   1593   1755  34915      4      0      0      3 
 20260925    04:28:56       0     83     41     54      0      0      0      0      0      0   1593   1755  34915      4      0      0      0 
 20260925    04:29:07       0     83     41     55      0      0      0      0      0      0   1593   1755  34915      4      0      0      0 
 20260925    04:29:17       0     83     41     54      0      0      0      0      0      0   1593   1755  34915      4      0      0      0 
 20260925    04:29:27       0     83     41     55      0      0      0      0      0      0   1593   1755  34915      4      0      0      3 
 20260925    04:29:37       0     83     41     54      0      0      0      0      0      0   1593   1755  34915      4      0      0      0 
 20260925    04:29:47       0     83     41     54      0      0      0      0      0      0   1593   1755  34915      4      0      0      0 
 20260925    04:29:57       0     83     41     55      0      0      0      0      0      0   1593   1755  34915      4      0      0      0 
 20260925    04:30:07       0     83     41     53      0      0      0      0      0      0   1593   1755  34915      4      0      0      0 
 20260925    04:30:17       0     83     41     55      0      0      0      0      0      0   1593   1755  34915      4      0      0      0 
 20260925    04:30:27       0     83     41     55      0      0      0      0      0      0   1593   1755  34915      4      0      0      0 
 20260925    04:30:37       0     83     41     54      0      0      0      0      0      0   1593   1755  34915      4      0      0      3 
 20260925    04:30:47       0     83     41     55      0      0      0      0      0      0   1593   1755  34915      4      0      0      0 
 20260925    04:30:57       0     83     41     54      0      0      0      0      0      0   1593   1755  34915      4      0      0      3 
 20260925    04:31:07       0     83     41     55      0      0      0      0      0      0   1593   1755  34915      4      0      0      0 
 20260925    04:31:17       0     83     41     54      0      0      0      0      0      0   1593   1755  34915      4      0      0      0 
 20260925    04:31:27       0     83     41     55      0      0      0      0      0      0   1593   1755  34915      4      0      0      0 
 20260925    04:31:37       0     83     41     54      0      0      0      0      0      0   1593   1755  34915      4      0      0      0 
 20260925    04:31:47       0     83     41     54      0      0      0      0      0      0   1593   1755  34915      4      0      0      0 
 20260925    04:31:57       0     83     41     54      0      0      0      0      0      0   1593   1755  34915      4      0      0      0 
 20260925    04:32:07       0     83     41     55      0      0      0      0      0      0   1593   1755  34915      4      0      0      0 
 20260925    04:32:17       0     83     41     53      0      0      0      0      0      0   1593   1755  34915      4      0      0      0 
 20260925    04:32:27       0     83     41     54      0      0      0      0      0      0   1593   1755  34915      4      0      0      0 
 20260925    04:32:38       0     83     41     54      0      0      0      0      0      0   1593   1755  34915      4      0      0      0 
 20260925    04:32:48       0     83     41     55      0      0      0      0      0      0   1593   1755  34915      4      0      0      3 
 20260925    04:32:58       0     83     41     54      0      0      0      0      0      0   1593   1755  34915      4      0      0      0 
 20260925    04:33:08       0     83     41     54      0      0      0      0      0      0   1593   1755  34915      4      0      0      0 
 20260925    04:33:18       0     83     41     53      0      0      0      0      0      0   1593   1755  34915      4      0      0      0 
 20260925    04:33:28       0     83     41     55      0      0      0      0      0      0   1593   1755  34915      4      0      0      0 
 20260925    04:33:38       0     83     41     54      0      0      0      0      0      0   1593   1755  34915      4      0      0      0 
 20260925    04:33:48       0     83     41     54      0      0      0      0      0      0   1593   1755  34915      4      0      0      0 
 20260925    04:33:58       0     83     41     54      0      0      0      0      0      0   1593   1755  34915      4      0      0      0 
 20260925    04:34:08       0     83     41     54      0      0      0      0      0      0   1593   1755  34915      4      0      0      3 
#Date        Time         gpu    pwr  gtemp  mtemp     sm    mem    enc    dec    jpg    ofa   mclk   pclk     fb   bar1   ccpm  rxpci  txpci 
#YYYYMMDD    HH:MM:SS     Idx      W      C      C      %      %      %      %      %      %    MHz    MHz     MB     MB     MB   MB/s   MB/s 
 20260925    04:34:18       0     83     41     55      0      0      0      0      0      0   1593   1755  34915      4      0      0      0 
 20260925    04:34:28       0     83     41     55      0      0      0      0      0      0   1593   1755  34915      4      0      0      0 
 20260925    04:34:38       0     83     41     55      0      0      0      0      0      0   1593   1755  34915      4      0      0      0 
 20260925    04:34:48       0     83     41     54      0      0      0      0      0      0   1593   1755  34915      4      0      0      3 
 20260925    04:34:58       0     83     41     54      0      0      0      0      0      0   1593   1755  34915      4      0      0      0 
 20260925    04:35:08       0     83     41     55      0      0      0      0      0      0   1593   1755  34915      4      0      0      0 
 20260925    04:35:18       0     83     41     54      0      0      0      0      0      0   1593   1755  34915      4      0      0      4 
 20260925    04:35:28       0     83     41     53      0      0      0      0      0      0   1593   1755  34915      4      0      0      0 
 20260925    04:35:38       0     83     41     54      0      0      0      0      0      0   1593   1755  34915      4      0      0      0 
 20260925    04:35:48       0     83     41     55      0      0      0      0      0      0   1593   1755  34915      4      0      0      0 
 20260925    04:35:58       0     83     41     55      0      0      0      0      0      0   1593   1755  34915      4      0      0      0 
 20260925    04:36:08       0     83     41     54      0      0      0      0      0      0   1593   1755  34915      4      0      0      0 
 20260925    04:36:19       0     83     41     54      0      0      0      0      0      0   1593   1755  34915      4      0      0      0 
 20260925    04:36:29       0     83     41     54      0      0      0      0      0      0   1593   1755  34915      4      0      0      0 
 20260925    04:36:39       0     83     41     55      0      0      0      0      0      0   1593   1755  34915      4      0      0      0 
 20260925    04:36:49       0     83     41     54      0      0      0      0      0      0   1593   1755  34915      4      0      0      0 
 20260925    04:36:59       0     83     41     54      0      0      0      0      0      0   1593   1755  34915      4      0      0      0 
 20260925    04:37:09       0     83     41     55      0      0      0      0      0      0   1593   1755  34915      4      0      0      0 
 20260925    04:37:19       0     83     41     54      0      0      0      0      0      0   1593   1755  34915      4      0      0      0 
 20260925    04:37:29       0     83     41     54      0      0      0      0      0      0   1593   1755  34915      4      0      0      3 
 20260925    04:37:39       0     83     41     55      0      0      0      0      0      0   1593   1755  34915      4      0      0      0 
 20260925    04:37:49       0     83     41     54      0      0      0      0      0      0   1593   1755  34915      4      0      0      0 
 20260925    04:37:59       0     83     41     55      0      0      0      0      0      0   1593   1755  34915      4      0      0      0 
 20260925    04:38:09       0     83     41     54      0      0      0      0      0      0   1593   1755  34915      4      0      0      0 
 20260925    04:38:19       0     83     41     55      0      0      0      0      0      0   1593   1755  34915      4      0      0      0 
 20260925    04:38:29       0     83     41     54      0      0      0      0      0      0   1593   1755  34915      4      0      0      0 
 20260925    04:38:39       0     83     41     54      0      0      0      0      0      0   1593   1755  34915      4      0      0      0 
 20260925    04:38:49       0     83     41     55      0      0      0      0      0      0   1593   1755  34915      4      0      0      0 
 20260925    04:38:59       0     83     41     54      0      0      0      0      0      0   1593   1755  34915      4      0      0      0 
 20260925    04:39:09       0     83     41     54      0      0      0      0      0      0   1593   1755  34915      4      0      0      0 
 20260925    04:39:19       0     83     41     54      0      0      0      0      0      0   1593   1755  34915      4      0      0      0 
 20260925    04:39:30       0     83     41     54      0      0      0      0      0      0   1593   1755  34915      4      0      2      2 
 20260925    04:39:40       0     83     41     55      0      0      0      0      0      0   1593   1755  34915      4      0      0      0 
 20260925    04:39:50       0     83     41     55      0      0      0      0      0      0   1593   1755  34915      4      0      0      3 
 20260925    04:40:00       0     83     41     54      0      0      0      0      0      0   1593   1755  34915      4      0      6      0 
 20260925    04:40:10       0     85     41     55      0      0      0      0      0      0   1593   1755      0      1      0      0      0 
 20260925    04:40:20       0     84     41     55     14      0      0      0      0      0   1593   1755    593      4      0      0      0 
 20260925    04:40:30       0     93     42     56      8      3      0      0      0      0   1593   1755   1389      4      0     92     16 
 20260925    04:40:40       0     78     41     54      0      0      0      0      0      0   1593   1755  14111      4      0      0      0 
 20260925    04:40:50       0     83     42     56      2      0      0      0      0      0   1593   1755    561      4      0      0      0 
 20260925    04:41:00       0     84     42     56      0      0      0      0      0      0   1593   1755    651      4      0      0      0 
 20260925    04:41:10       0     71     42     54      0      0      0      0      0      0   1593   1755   2125      4      0      0      0 
 20260925    04:41:20       0     82     42     55      0      0      0      0      0      0   1593    360      0      1      0      0      0 
 20260925    04:41:30       0     89     44     57    100      6      0      0      0      0   1593   1755      0      1      0      0      3 
#Date        Time         gpu    pwr  gtemp  mtemp     sm    mem    enc    dec    jpg    ofa   mclk   pclk     fb   bar1   ccpm  rxpci  txpci 
#YYYYMMDD    HH:MM:SS     Idx      W      C      C      %      %      %      %      %      %    MHz    MHz     MB     MB     MB   MB/s   MB/s 
 20260925    04:41:40       0     87     44     56      0      0      0      0      0      0   1593   1755      0      1      0      0      0 
 20260925    04:41:50       0     95     43     56      0      0      0      0      0      0   1593   1755      0      1      0      0      0 
 20260925    04:42:00       0    162     44     56      0      0      0      0      0      0   1593   1755      1      1      0     19     28 
 20260925    04:42:10       0    129     46     58    100      6      0      0      0      0   1593   1755     21      4      0     55    362 
 20260925    04:42:20       0     89     47     59      0      0      0      0      0      0   1593   1755    485      4      0      0      0 
 20260925    04:42:30       0     95     46     59     86      8      0      0      0      0   1593   1755    461      4      0      6     18 
 20260925    04:42:40       0    187     49     58     92     19      0      0      0      0   1593   1755   6447      4      0     17      7 
 20260925    04:42:51       0    204     50     63     96     23      0      0      0      0   1593   1755  24159      4      0      6      2 
 20260925    04:43:01       0    101     48     61     74     84      0      0      0      0   1593   1755  61979      4      0      0      0 
 20260925    04:43:11       0     59     46     59      0      0      0      0      0      0   1593   1755    561      4      0      0      0 
 20260925    04:43:21       0     72     46     57      0      0      0      0      0      0   1593   1755    725      4      0      0      0 
 20260925    04:43:31       0     71     45     58      0      0      0      0      0      0   1593   1755   3357      4      0      0      0 
 20260925    04:43:41       0     80     45     58      0      0      0      0      0      0   1593   1755     21      4      0     62    365 
 20260925    04:43:51       0     84     44     57      0      0      0      0      0      0   1593   1755    561      4      0      0      3 
 20260925    04:44:01       0     87     44     57      2      1      0      0      0      0   1593   1755      1      1      0     26     16 
 20260925    04:44:11       0    120     44     56     15      4      0      0      0      0   1593   1755     20      4      0     60     41 
 20260925    04:44:21       0    119     44     58      0      0      0      0      0      0   1593   1755  74289      4      0      0      3 
 20260925    04:44:31       0     86     44     57      0      0      0      0      0      0   1593   1755    497      4      0      0      0 
 20260925    04:44:41       0     86     43     57      0      0      0      0      0      0   1593   1755   1037      4      0    222     26 
 20260925    04:44:51       0     86     43     56      0      0      0      0      0      0   1593   1755   9679      4      0      0      0 
 20260925    04:45:01       0     76     44     57      4      0      0      0      0      0   1593   1755  53787      4      0      6      2 
 20260925    04:45:11       0     86     44     57      3      0      0      0      0      0   1593   1755    533      4      0      0      0 
 20260925    04:45:21       0     88     43     56      0      0      0      0      0      0   1593   1755   1613      4      0      0      0 
 20260925    04:45:31       0    227     44     58      0      0      0      0      0      0   1593   1755  19551      4      0      0      0 
 20260925    04:45:41       0    193     51     65     99     87      0      0      0      0   1593   1665  74205      4      0     24     10 
